step,epoch,rd_mode,cmr_penalty,cmr_scale,cmr_tolerance,train_loss,cross_sdc_i,cross_sdc_c,weighted_cross_sdc,cmr,weighted_cmr,cmr_active_a_from_v,cmr_active_v_from_a,mean_deficit_a_from_v,mean_deficit_v_from_a,val_acc
0,0,adaptive_crosssdc_cmr,hinge,1.0,0.1,1.9660414192411635,0.0,0.0,0.0,0.0,0.0,0.0,0.0,0.0,0.0,0.4259999990463257
0,1,adaptive_crosssdc_cmr,hinge,1.0,0.1,1.381504284010993,0.0,0.0,0.0,0.0,0.0,0.0,0.0,0.0,0.0,0.671999990940094
0,2,adaptive_crosssdc_cmr,hinge,1.0,0.1,1.0328180657492743,0.0,0.0,0.0,0.0,0.0,0.0,0.0,0.0,0.0,0.7200000286102295
0,3,adaptive_crosssdc_cmr,hinge,1.0,0.1,0.7964769535594516,0.0,0.0,0.0,0.0,0.0,0.0,0.0,0.0,0.0,0.75
0,4,adaptive_crosssdc_cmr,hinge,1.0,0.1,0.6122967269685533,0.0,0.0,0.0,0.0,0.0,0.0,0.0,0.0,0.0,0.7900000214576721
0,5,adaptive_crosssdc_cmr,hinge,1.0,0.1,0.5095763438277774,0.0,0.0,0.0,0.0,0.0,0.0,0.0,0.0,0.0,0.8299999833106995
0,6,adaptive_crosssdc_cmr,hinge,1.0,0.1,0.41448172595765853,0.0,0.0,0.0,0.0,0.0,0.0,0.0,0.0,0.0,0.8539999723434448
0,7,adaptive_crosssdc_cmr,hinge,1.0,0.1,0.33913979596561855,0.0,0.0,0.0,0.0,0.0,0.0,0.0,0.0,0.0,0.8600000143051147
0,8,adaptive_crosssdc_cmr,hinge,1.0,0.1,0.2740258557928933,0.0,0.0,0.0,0.0,0.0,0.0,0.0,0.0,0.0,0.8659999966621399
0,9,adaptive_crosssdc_cmr,hinge,1.0,0.1,0.23893303010198805,0.0,0.0,0.0,0.0,0.0,0.0,0.0,0.0,0.0,0.8539999723434448
0,10,adaptive_crosssdc_cmr,hinge,1.0,0.1,0.21090334157148996,0.0,0.0,0.0,0.0,0.0,0.0,0.0,0.0,0.0,0.8539999723434448
0,11,adaptive_crosssdc_cmr,hinge,1.0,0.1,0.16663122508260939,0.0,0.0,0.0,0.0,0.0,0.0,0.0,0.0,0.0,0.8820000290870667
0,12,adaptive_crosssdc_cmr,hinge,1.0,0.1,0.13830851515134177,0.0,0.0,0.0,0.0,0.0,0.0,0.0,0.0,0.0,0.8880000114440918
0,13,adaptive_crosssdc_cmr,hinge,1.0,0.1,0.11668041845162709,0.0,0.0,0.0,0.0,0.0,0.0,0.0,0.0,0.0,0.8640000224113464
0,14,adaptive_crosssdc_cmr,hinge,1.0,0.1,0.1041956568757693,0.0,0.0,0.0,0.0,0.0,0.0,0.0,0.0,0.0,0.8740000128746033
0,15,adaptive_crosssdc_cmr,hinge,1.0,0.1,0.08751876238319609,0.0,0.0,0.0,0.0,0.0,0.0,0.0,0.0,0.0,0.8820000290870667
0,16,adaptive_crosssdc_cmr,hinge,1.0,0.1,0.07491758134629992,0.0,0.0,0.0,0.0,0.0,0.0,0.0,0.0,0.0,0.8799999952316284
0,17,adaptive_crosssdc_cmr,hinge,1.0,0.1,0.0648044931391875,0.0,0.0,0.0,0.0,0.0,0.0,0.0,0.0,0.0,0.8859999775886536
0,18,adaptive_crosssdc_cmr,hinge,1.0,0.1,0.0568386639157931,0.0,0.0,0.0,0.0,0.0,0.0,0.0,0.0,0.0,0.8799999952316284
0,19,adaptive_crosssdc_cmr,hinge,1.0,0.1,0.050067475686470665,0.0,0.0,0.0,0.0,0.0,0.0,0.0,0.0,0.0,0.8740000128746033
0,20,adaptive_crosssdc_cmr,hinge,1.0,0.1,0.044419148315986,0.0,0.0,0.0,0.0,0.0,0.0,0.0,0.0,0.0,0.8820000290870667
0,21,adaptive_crosssdc_cmr,hinge,1.0,0.1,0.041448393629656896,0.0,0.0,0.0,0.0,0.0,0.0,0.0,0.0,0.0,0.8899999856948853
0,22,adaptive_crosssdc_cmr,hinge,1.0,0.1,0.03742002530230416,0.0,0.0,0.0,0.0,0.0,0.0,0.0,0.0,0.0,0.878000020980835
0,23,adaptive_crosssdc_cmr,hinge,1.0,0.1,0.03341964508096377,0.0,0.0,0.0,0.0,0.0,0.0,0.0,0.0,0.0,0.8740000128746033
0,24,adaptive_crosssdc_cmr,hinge,1.0,0.1,0.03255739601122008,0.0,0.0,0.0,0.0,0.0,0.0,0.0,0.0,0.0,0.8880000114440918
0,25,adaptive_crosssdc_cmr,hinge,1.0,0.1,0.02857422311272886,0.0,0.0,0.0,0.0,0.0,0.0,0.0,0.0,0.0,0.8840000033378601
0,26,adaptive_crosssdc_cmr,hinge,1.0,0.1,0.02534613779021634,0.0,0.0,0.0,0.0,0.0,0.0,0.0,0.0,0.0,0.8799999952316284
0,27,adaptive_crosssdc_cmr,hinge,1.0,0.1,0.024951083378659353,0.0,0.0,0.0,0.0,0.0,0.0,0.0,0.0,0.0,0.8820000290870667
0,28,adaptive_crosssdc_cmr,hinge,1.0,0.1,0.02378919203248289,0.0,0.0,0.0,0.0,0.0,0.0,0.0,0.0,0.0,0.8759999871253967
0,29,adaptive_crosssdc_cmr,hinge,1.0,0.1,0.021907931193709373,0.0,0.0,0.0,0.0,0.0,0.0,0.0,0.0,0.0,0.8840000033378601
0,30,adaptive_crosssdc_cmr,hinge,1.0,0.1,0.022134251064724393,0.0,0.0,0.0,0.0,0.0,0.0,0.0,0.0,0.0,0.878000020980835
0,31,adaptive_crosssdc_cmr,hinge,1.0,0.1,0.020608893699116178,0.0,0.0,0.0,0.0,0.0,0.0,0.0,0.0,0.0,0.8859999775886536
0,32,adaptive_crosssdc_cmr,hinge,1.0,0.1,0.01886455062776804,0.0,0.0,0.0,0.0,0.0,0.0,0.0,0.0,0.0,0.878000020980835
0,33,adaptive_crosssdc_cmr,hinge,1.0,0.1,0.018441934552457597,0.0,0.0,0.0,0.0,0.0,0.0,0.0,0.0,0.0,0.8799999952316284
0,34,adaptive_crosssdc_cmr,hinge,1.0,0.1,0.01766148954629898,0.0,0.0,0.0,0.0,0.0,0.0,0.0,0.0,0.0,0.8740000128746033
0,35,adaptive_crosssdc_cmr,hinge,1.0,0.1,0.017114226499365434,0.0,0.0,0.0,0.0,0.0,0.0,0.0,0.0,0.0,0.8859999775886536
0,36,adaptive_crosssdc_cmr,hinge,1.0,0.1,0.01671413363267978,0.0,0.0,0.0,0.0,0.0,0.0,0.0,0.0,0.0,0.8840000033378601
0,37,adaptive_crosssdc_cmr,hinge,1.0,0.1,0.015898769824869104,0.0,0.0,0.0,0.0,0.0,0.0,0.0,0.0,0.0,0.878000020980835
0,38,adaptive_crosssdc_cmr,hinge,1.0,0.1,0.014710267591807578,0.0,0.0,0.0,0.0,0.0,0.0,0.0,0.0,0.0,0.8840000033378601
0,39,adaptive_crosssdc_cmr,hinge,1.0,0.1,0.013968145992192958,0.0,0.0,0.0,0.0,0.0,0.0,0.0,0.0,0.0,0.8799999952316284
0,40,adaptive_crosssdc_cmr,hinge,1.0,0.1,0.01361737141592635,0.0,0.0,0.0,0.0,0.0,0.0,0.0,0.0,0.0,0.8820000290870667
0,41,adaptive_crosssdc_cmr,hinge,1.0,0.1,0.014201866773267588,0.0,0.0,0.0,0.0,0.0,0.0,0.0,0.0,0.0,0.8799999952316284
0,42,adaptive_crosssdc_cmr,hinge,1.0,0.1,0.014142073380450407,0.0,0.0,0.0,0.0,0.0,0.0,0.0,0.0,0.0,0.8759999871253967
0,43,adaptive_crosssdc_cmr,hinge,1.0,0.1,0.013244454748928547,0.0,0.0,0.0,0.0,0.0,0.0,0.0,0.0,0.0,0.8820000290870667
0,44,adaptive_crosssdc_cmr,hinge,1.0,0.1,0.012174021452665329,0.0,0.0,0.0,0.0,0.0,0.0,0.0,0.0,0.0,0.8759999871253967
0,45,adaptive_crosssdc_cmr,hinge,1.0,0.1,0.011884584091603756,0.0,0.0,0.0,0.0,0.0,0.0,0.0,0.0,0.0,0.8840000033378601
0,46,adaptive_crosssdc_cmr,hinge,1.0,0.1,0.01176626980304718,0.0,0.0,0.0,0.0,0.0,0.0,0.0,0.0,0.0,0.8840000033378601
0,47,adaptive_crosssdc_cmr,hinge,1.0,0.1,0.011613366194069386,0.0,0.0,0.0,0.0,0.0,0.0,0.0,0.0,0.0,0.8840000033378601
0,48,adaptive_crosssdc_cmr,hinge,1.0,0.1,0.011255734496646456,0.0,0.0,0.0,0.0,0.0,0.0,0.0,0.0,0.0,0.8799999952316284
0,49,adaptive_crosssdc_cmr,hinge,1.0,0.1,0.011313579562637541,0.0,0.0,0.0,0.0,0.0,0.0,0.0,0.0,0.0,0.8740000128746033
0,50,adaptive_crosssdc_cmr,hinge,1.0,0.1,0.010681605173481835,0.0,0.0,0.0,0.0,0.0,0.0,0.0,0.0,0.0,0.8840000033378601
0,51,adaptive_crosssdc_cmr,hinge,1.0,0.1,0.010444139440854391,0.0,0.0,0.0,0.0,0.0,0.0,0.0,0.0,0.0,0.8799999952316284
0,52,adaptive_crosssdc_cmr,hinge,1.0,0.1,0.010399085779984793,0.0,0.0,0.0,0.0,0.0,0.0,0.0,0.0,0.0,0.8799999952316284
0,53,adaptive_crosssdc_cmr,hinge,1.0,0.1,0.010363202231625715,0.0,0.0,0.0,0.0,0.0,0.0,0.0,0.0,0.0,0.8759999871253967
0,54,adaptive_crosssdc_cmr,hinge,1.0,0.1,0.01022955858045154,0.0,0.0,0.0,0.0,0.0,0.0,0.0,0.0,0.0,0.878000020980835
0,55,adaptive_crosssdc_cmr,hinge,1.0,0.1,0.010205589545269808,0.0,0.0,0.0,0.0,0.0,0.0,0.0,0.0,0.0,0.8820000290870667
0,56,adaptive_crosssdc_cmr,hinge,1.0,0.1,0.009716953564849164,0.0,0.0,0.0,0.0,0.0,0.0,0.0,0.0,0.0,0.8840000033378601
0,57,adaptive_crosssdc_cmr,hinge,1.0,0.1,0.00986557857443889,0.0,0.0,0.0,0.0,0.0,0.0,0.0,0.0,0.0,0.8820000290870667
0,58,adaptive_crosssdc_cmr,hinge,1.0,0.1,0.009297252943118414,0.0,0.0,0.0,0.0,0.0,0.0,0.0,0.0,0.0,0.878000020980835
0,59,adaptive_crosssdc_cmr,hinge,1.0,0.1,0.009500943176034424,0.0,0.0,0.0,0.0,0.0,0.0,0.0,0.0,0.0,0.8820000290870667
0,60,adaptive_crosssdc_cmr,hinge,1.0,0.1,0.009233164911468824,0.0,0.0,0.0,0.0,0.0,0.0,0.0,0.0,0.0,0.8820000290870667
0,61,adaptive_crosssdc_cmr,hinge,1.0,0.1,0.008955999639713101,0.0,0.0,0.0,0.0,0.0,0.0,0.0,0.0,0.0,0.8759999871253967
0,62,adaptive_crosssdc_cmr,hinge,1.0,0.1,0.00918874361862739,0.0,0.0,0.0,0.0,0.0,0.0,0.0,0.0,0.0,0.871999979019165
0,63,adaptive_crosssdc_cmr,hinge,1.0,0.1,0.008887563625143634,0.0,0.0,0.0,0.0,0.0,0.0,0.0,0.0,0.0,0.8759999871253967
0,64,adaptive_crosssdc_cmr,hinge,1.0,0.1,0.008522621976832548,0.0,0.0,0.0,0.0,0.0,0.0,0.0,0.0,0.0,0.878000020980835
0,65,adaptive_crosssdc_cmr,hinge,1.0,0.1,0.008530561553521289,0.0,0.0,0.0,0.0,0.0,0.0,0.0,0.0,0.0,0.8700000047683716
0,66,adaptive_crosssdc_cmr,hinge,1.0,0.1,0.00820702464423246,0.0,0.0,0.0,0.0,0.0,0.0,0.0,0.0,0.0,0.878000020980835
0,67,adaptive_crosssdc_cmr,hinge,1.0,0.1,0.007995809790574841,0.0,0.0,0.0,0.0,0.0,0.0,0.0,0.0,0.0,0.8759999871253967
0,68,adaptive_crosssdc_cmr,hinge,1.0,0.1,0.007982414319283433,0.0,0.0,0.0,0.0,0.0,0.0,0.0,0.0,0.0,0.8740000128746033
0,69,adaptive_crosssdc_cmr,hinge,1.0,0.1,0.007828065142449405,0.0,0.0,0.0,0.0,0.0,0.0,0.0,0.0,0.0,0.871999979019165
0,70,adaptive_crosssdc_cmr,hinge,1.0,0.1,0.008305155827353397,0.0,0.0,0.0,0.0,0.0,0.0,0.0,0.0,0.0,0.8740000128746033
0,71,adaptive_crosssdc_cmr,hinge,1.0,0.1,0.008016183817138275,0.0,0.0,0.0,0.0,0.0,0.0,0.0,0.0,0.0,0.8759999871253967
0,72,adaptive_crosssdc_cmr,hinge,1.0,0.1,0.007668628616051542,0.0,0.0,0.0,0.0,0.0,0.0,0.0,0.0,0.0,0.8700000047683716
0,73,adaptive_crosssdc_cmr,hinge,1.0,0.1,0.0075475372270577485,0.0,0.0,0.0,0.0,0.0,0.0,0.0,0.0,0.0,0.8799999952316284
0,74,adaptive_crosssdc_cmr,hinge,1.0,0.1,0.007749774545017216,0.0,0.0,0.0,0.0,0.0,0.0,0.0,0.0,0.0,0.878000020980835
0,75,adaptive_crosssdc_cmr,hinge,1.0,0.1,0.007483093688885371,0.0,0.0,0.0,0.0,0.0,0.0,0.0,0.0,0.0,0.8679999709129333
0,76,adaptive_crosssdc_cmr,hinge,1.0,0.1,0.00768206584163838,0.0,0.0,0.0,0.0,0.0,0.0,0.0,0.0,0.0,0.8659999966621399
0,77,adaptive_crosssdc_cmr,hinge,1.0,0.1,0.0075504193599853255,0.0,0.0,0.0,0.0,0.0,0.0,0.0,0.0,0.0,0.8759999871253967
0,78,adaptive_crosssdc_cmr,hinge,1.0,0.1,0.0073358711993528735,0.0,0.0,0.0,0.0,0.0,0.0,0.0,0.0,0.0,0.8640000224113464
0,79,adaptive_crosssdc_cmr,hinge,1.0,0.1,0.007515861342350642,0.0,0.0,0.0,0.0,0.0,0.0,0.0,0.0,0.0,0.871999979019165
0,80,adaptive_crosssdc_cmr,hinge,1.0,0.1,0.007109629300733407,0.0,0.0,0.0,0.0,0.0,0.0,0.0,0.0,0.0,0.8679999709129333
0,81,adaptive_crosssdc_cmr,hinge,1.0,0.1,0.006773454344107045,0.0,0.0,0.0,0.0,0.0,0.0,0.0,0.0,0.0,0.8740000128746033
0,82,adaptive_crosssdc_cmr,hinge,1.0,0.1,0.0066901942611568505,0.0,0.0,0.0,0.0,0.0,0.0,0.0,0.0,0.0,0.8700000047683716
0,83,adaptive_crosssdc_cmr,hinge,1.0,0.1,0.006457661485506428,0.0,0.0,0.0,0.0,0.0,0.0,0.0,0.0,0.0,0.8679999709129333
0,84,adaptive_crosssdc_cmr,hinge,1.0,0.1,0.0062172191424502265,0.0,0.0,0.0,0.0,0.0,0.0,0.0,0.0,0.0,0.871999979019165
0,85,adaptive_crosssdc_cmr,hinge,1.0,0.1,0.006225938184393777,0.0,0.0,0.0,0.0,0.0,0.0,0.0,0.0,0.0,0.8659999966621399
0,86,adaptive_crosssdc_cmr,hinge,1.0,0.1,0.006536643434729841,0.0,0.0,0.0,0.0,0.0,0.0,0.0,0.0,0.0,0.8679999709129333
0,87,adaptive_crosssdc_cmr,hinge,1.0,0.1,0.0061517903167340494,0.0,0.0,0.0,0.0,0.0,0.0,0.0,0.0,0.0,0.8679999709129333
0,88,adaptive_crosssdc_cmr,hinge,1.0,0.1,0.006197576618029011,0.0,0.0,0.0,0.0,0.0,0.0,0.0,0.0,0.0,0.8679999709129333
0,89,adaptive_crosssdc_cmr,hinge,1.0,0.1,0.006304165503631036,0.0,0.0,0.0,0.0,0.0,0.0,0.0,0.0,0.0,0.8700000047683716
0,90,adaptive_crosssdc_cmr,hinge,1.0,0.1,0.006304659208075868,0.0,0.0,0.0,0.0,0.0,0.0,0.0,0.0,0.0,0.8759999871253967
0,91,adaptive_crosssdc_cmr,hinge,1.0,0.1,0.006210882527132829,0.0,0.0,0.0,0.0,0.0,0.0,0.0,0.0,0.0,0.8600000143051147
0,92,adaptive_crosssdc_cmr,hinge,1.0,0.1,0.006096812275548776,0.0,0.0,0.0,0.0,0.0,0.0,0.0,0.0,0.0,0.8679999709129333
0,93,adaptive_crosssdc_cmr,hinge,1.0,0.1,0.006119209703885847,0.0,0.0,0.0,0.0,0.0,0.0,0.0,0.0,0.0,0.8640000224113464
0,94,adaptive_crosssdc_cmr,hinge,1.0,0.1,0.006065266724261973,0.0,0.0,0.0,0.0,0.0,0.0,0.0,0.0,0.0,0.8700000047683716
0,95,adaptive_crosssdc_cmr,hinge,1.0,0.1,0.006082819723006751,0.0,0.0,0.0,0.0,0.0,0.0,0.0,0.0,0.0,0.8679999709129333
0,96,adaptive_crosssdc_cmr,hinge,1.0,0.1,0.006508488828937213,0.0,0.0,0.0,0.0,0.0,0.0,0.0,0.0,0.0,0.8700000047683716
0,97,adaptive_crosssdc_cmr,hinge,1.0,0.1,0.006233970738119549,0.0,0.0,0.0,0.0,0.0,0.0,0.0,0.0,0.0,0.8700000047683716
0,98,adaptive_crosssdc_cmr,hinge,1.0,0.1,0.005730622241066562,0.0,0.0,0.0,0.0,0.0,0.0,0.0,0.0,0.0,0.871999979019165
0,99,adaptive_crosssdc_cmr,hinge,1.0,0.1,0.005935512845300966,0.0,0.0,0.0,0.0,0.0,0.0,0.0,0.0,0.0,0.8619999885559082
0,100,adaptive_crosssdc_cmr,hinge,1.0,0.1,0.0060925098239547676,0.0,0.0,0.0,0.0,0.0,0.0,0.0,0.0,0.0,0.8579999804496765
0,101,adaptive_crosssdc_cmr,hinge,1.0,0.1,0.0063751804021497565,0.0,0.0,0.0,0.0,0.0,0.0,0.0,0.0,0.0,0.8640000224113464
0,102,adaptive_crosssdc_cmr,hinge,1.0,0.1,0.0056207336278425325,0.0,0.0,0.0,0.0,0.0,0.0,0.0,0.0,0.0,0.8659999966621399
0,103,adaptive_crosssdc_cmr,hinge,1.0,0.1,0.0051107049609224004,0.0,0.0,0.0,0.0,0.0,0.0,0.0,0.0,0.0,0.8619999885559082
0,104,adaptive_crosssdc_cmr,hinge,1.0,0.1,0.005110419200112422,0.0,0.0,0.0,0.0,0.0,0.0,0.0,0.0,0.0,0.8619999885559082
0,105,adaptive_crosssdc_cmr,hinge,1.0,0.1,0.005370681484540303,0.0,0.0,0.0,0.0,0.0,0.0,0.0,0.0,0.0,0.8600000143051147
0,106,adaptive_crosssdc_cmr,hinge,1.0,0.1,0.0053615848947730325,0.0,0.0,0.0,0.0,0.0,0.0,0.0,0.0,0.0,0.8600000143051147
0,107,adaptive_crosssdc_cmr,hinge,1.0,0.1,0.0054015288025968606,0.0,0.0,0.0,0.0,0.0,0.0,0.0,0.0,0.0,0.8799999952316284
0,108,adaptive_crosssdc_cmr,hinge,1.0,0.1,0.005388731550839212,0.0,0.0,0.0,0.0,0.0,0.0,0.0,0.0,0.0,0.8619999885559082
0,109,adaptive_crosssdc_cmr,hinge,1.0,0.1,0.005389228514913056,0.0,0.0,0.0,0.0,0.0,0.0,0.0,0.0,0.0,0.8640000224113464
0,110,adaptive_crosssdc_cmr,hinge,1.0,0.1,0.005206879952715503,0.0,0.0,0.0,0.0,0.0,0.0,0.0,0.0,0.0,0.8659999966621399
0,111,adaptive_crosssdc_cmr,hinge,1.0,0.1,0.004998428747057915,0.0,0.0,0.0,0.0,0.0,0.0,0.0,0.0,0.0,0.8619999885559082
0,112,adaptive_crosssdc_cmr,hinge,1.0,0.1,0.005018439402596818,0.0,0.0,0.0,0.0,0.0,0.0,0.0,0.0,0.0,0.8640000224113464
0,113,adaptive_crosssdc_cmr,hinge,1.0,0.1,0.005051882782330115,0.0,0.0,0.0,0.0,0.0,0.0,0.0,0.0,0.0,0.8619999885559082
0,114,adaptive_crosssdc_cmr,hinge,1.0,0.1,0.004821033320493168,0.0,0.0,0.0,0.0,0.0,0.0,0.0,0.0,0.0,0.8700000047683716
0,115,adaptive_crosssdc_cmr,hinge,1.0,0.1,0.0050348517381482655,0.0,0.0,0.0,0.0,0.0,0.0,0.0,0.0,0.0,0.8640000224113464
0,116,adaptive_crosssdc_cmr,hinge,1.0,0.1,0.005085543160223299,0.0,0.0,0.0,0.0,0.0,0.0,0.0,0.0,0.0,0.8600000143051147
0,117,adaptive_crosssdc_cmr,hinge,1.0,0.1,0.005069287079903815,0.0,0.0,0.0,0.0,0.0,0.0,0.0,0.0,0.0,0.8579999804496765
0,118,adaptive_crosssdc_cmr,hinge,1.0,0.1,0.004968730525838004,0.0,0.0,0.0,0.0,0.0,0.0,0.0,0.0,0.0,0.8640000224113464
0,119,adaptive_crosssdc_cmr,hinge,1.0,0.1,0.005097374889171786,0.0,0.0,0.0,0.0,0.0,0.0,0.0,0.0,0.0,0.8700000047683716
0,120,adaptive_crosssdc_cmr,hinge,1.0,0.1,0.0046030850563612245,0.0,0.0,0.0,0.0,0.0,0.0,0.0,0.0,0.0,0.8600000143051147
0,121,adaptive_crosssdc_cmr,hinge,1.0,0.1,0.004525163883550299,0.0,0.0,0.0,0.0,0.0,0.0,0.0,0.0,0.0,0.871999979019165
0,122,adaptive_crosssdc_cmr,hinge,1.0,0.1,0.004564723413851526,0.0,0.0,0.0,0.0,0.0,0.0,0.0,0.0,0.0,0.8619999885559082
0,123,adaptive_crosssdc_cmr,hinge,1.0,0.1,0.004551277444180515,0.0,0.0,0.0,0.0,0.0,0.0,0.0,0.0,0.0,0.8579999804496765
0,124,adaptive_crosssdc_cmr,hinge,1.0,0.1,0.004393761770592796,0.0,0.0,0.0,0.0,0.0,0.0,0.0,0.0,0.0,0.8600000143051147
0,125,adaptive_crosssdc_cmr,hinge,1.0,0.1,0.004636144317272637,0.0,0.0,0.0,0.0,0.0,0.0,0.0,0.0,0.0,0.8600000143051147
0,126,adaptive_crosssdc_cmr,hinge,1.0,0.1,0.004655613977875974,0.0,0.0,0.0,0.0,0.0,0.0,0.0,0.0,0.0,0.8679999709129333
0,127,adaptive_crosssdc_cmr,hinge,1.0,0.1,0.004429438875781165,0.0,0.0,0.0,0.0,0.0,0.0,0.0,0.0,0.0,0.8679999709129333
0,128,adaptive_crosssdc_cmr,hinge,1.0,0.1,0.004379847190446324,0.0,0.0,0.0,0.0,0.0,0.0,0.0,0.0,0.0,0.8619999885559082
0,129,adaptive_crosssdc_cmr,hinge,1.0,0.1,0.00423776348017984,0.0,0.0,0.0,0.0,0.0,0.0,0.0,0.0,0.0,0.8640000224113464
0,130,adaptive_crosssdc_cmr,hinge,1.0,0.1,0.004298668380619751,0.0,0.0,0.0,0.0,0.0,0.0,0.0,0.0,0.0,0.8640000224113464
0,131,adaptive_crosssdc_cmr,hinge,1.0,0.1,0.004356329639752706,0.0,0.0,0.0,0.0,0.0,0.0,0.0,0.0,0.0,0.8579999804496765
0,132,adaptive_crosssdc_cmr,hinge,1.0,0.1,0.0044083566560099525,0.0,0.0,0.0,0.0,0.0,0.0,0.0,0.0,0.0,0.8679999709129333
0,133,adaptive_crosssdc_cmr,hinge,1.0,0.1,0.004346152172527379,0.0,0.0,0.0,0.0,0.0,0.0,0.0,0.0,0.0,0.8640000224113464
0,134,adaptive_crosssdc_cmr,hinge,1.0,0.1,0.004237176772827904,0.0,0.0,0.0,0.0,0.0,0.0,0.0,0.0,0.0,0.8640000224113464
0,135,adaptive_crosssdc_cmr,hinge,1.0,0.1,0.004204239359953337,0.0,0.0,0.0,0.0,0.0,0.0,0.0,0.0,0.0,0.8679999709129333
0,136,adaptive_crosssdc_cmr,hinge,1.0,0.1,0.004287536307755444,0.0,0.0,0.0,0.0,0.0,0.0,0.0,0.0,0.0,0.8640000224113464
0,137,adaptive_crosssdc_cmr,hinge,1.0,0.1,0.004390589194372296,0.0,0.0,0.0,0.0,0.0,0.0,0.0,0.0,0.0,0.8659999966621399
0,138,adaptive_crosssdc_cmr,hinge,1.0,0.1,0.004215235149280893,0.0,0.0,0.0,0.0,0.0,0.0,0.0,0.0,0.0,0.8640000224113464
0,139,adaptive_crosssdc_cmr,hinge,1.0,0.1,0.004073860408324335,0.0,0.0,0.0,0.0,0.0,0.0,0.0,0.0,0.0,0.8619999885559082
0,140,adaptive_crosssdc_cmr,hinge,1.0,0.1,0.004120456080676781,0.0,0.0,0.0,0.0,0.0,0.0,0.0,0.0,0.0,0.8579999804496765
0,141,adaptive_crosssdc_cmr,hinge,1.0,0.1,0.0043864805354840225,0.0,0.0,0.0,0.0,0.0,0.0,0.0,0.0,0.0,0.8560000061988831
0,142,adaptive_crosssdc_cmr,hinge,1.0,0.1,0.004123158571827743,0.0,0.0,0.0,0.0,0.0,0.0,0.0,0.0,0.0,0.8700000047683716
0,143,adaptive_crosssdc_cmr,hinge,1.0,0.1,0.003954057918033666,0.0,0.0,0.0,0.0,0.0,0.0,0.0,0.0,0.0,0.8679999709129333
0,144,adaptive_crosssdc_cmr,hinge,1.0,0.1,0.003869889174691505,0.0,0.0,0.0,0.0,0.0,0.0,0.0,0.0,0.0,0.8619999885559082
0,145,adaptive_crosssdc_cmr,hinge,1.0,0.1,0.004127463506948616,0.0,0.0,0.0,0.0,0.0,0.0,0.0,0.0,0.0,0.8600000143051147
0,146,adaptive_crosssdc_cmr,hinge,1.0,0.1,0.003940007856322659,0.0,0.0,0.0,0.0,0.0,0.0,0.0,0.0,0.0,0.8579999804496765
0,147,adaptive_crosssdc_cmr,hinge,1.0,0.1,0.003932338000999557,0.0,0.0,0.0,0.0,0.0,0.0,0.0,0.0,0.0,0.8700000047683716
0,148,adaptive_crosssdc_cmr,hinge,1.0,0.1,0.003819434800081783,0.0,0.0,0.0,0.0,0.0,0.0,0.0,0.0,0.0,0.8679999709129333
0,149,adaptive_crosssdc_cmr,hinge,1.0,0.1,0.0038368497561249468,0.0,0.0,0.0,0.0,0.0,0.0,0.0,0.0,0.0,0.8679999709129333
0,150,adaptive_crosssdc_cmr,hinge,1.0,0.1,0.003934349580150511,0.0,0.0,0.0,0.0,0.0,0.0,0.0,0.0,0.0,0.8619999885559082
0,151,adaptive_crosssdc_cmr,hinge,1.0,0.1,0.004056701850559976,0.0,0.0,0.0,0.0,0.0,0.0,0.0,0.0,0.0,0.8560000061988831
0,152,adaptive_crosssdc_cmr,hinge,1.0,0.1,0.003923701872635219,0.0,0.0,0.0,0.0,0.0,0.0,0.0,0.0,0.0,0.8560000061988831
0,153,adaptive_crosssdc_cmr,hinge,1.0,0.1,0.004238399185447229,0.0,0.0,0.0,0.0,0.0,0.0,0.0,0.0,0.0,0.8659999966621399
0,154,adaptive_crosssdc_cmr,hinge,1.0,0.1,0.0036732630235039527,0.0,0.0,0.0,0.0,0.0,0.0,0.0,0.0,0.0,0.8659999966621399
0,155,adaptive_crosssdc_cmr,hinge,1.0,0.1,0.0035228150793247754,0.0,0.0,0.0,0.0,0.0,0.0,0.0,0.0,0.0,0.8619999885559082
0,156,adaptive_crosssdc_cmr,hinge,1.0,0.1,0.003587629154531492,0.0,0.0,0.0,0.0,0.0,0.0,0.0,0.0,0.0,0.8560000061988831
0,157,adaptive_crosssdc_cmr,hinge,1.0,0.1,0.0036334804414461055,0.0,0.0,0.0,0.0,0.0,0.0,0.0,0.0,0.0,0.8539999723434448
0,158,adaptive_crosssdc_cmr,hinge,1.0,0.1,0.003654980437002248,0.0,0.0,0.0,0.0,0.0,0.0,0.0,0.0,0.0,0.8619999885559082
0,159,adaptive_crosssdc_cmr,hinge,1.0,0.1,0.004201692063361406,0.0,0.0,0.0,0.0,0.0,0.0,0.0,0.0,0.0,0.8600000143051147
0,160,adaptive_crosssdc_cmr,hinge,1.0,0.1,0.0038400644488218757,0.0,0.0,0.0,0.0,0.0,0.0,0.0,0.0,0.0,0.8640000224113464
0,161,adaptive_crosssdc_cmr,hinge,1.0,0.1,0.003623531691523062,0.0,0.0,0.0,0.0,0.0,0.0,0.0,0.0,0.0,0.8619999885559082
0,162,adaptive_crosssdc_cmr,hinge,1.0,0.1,0.003758492957179745,0.0,0.0,0.0,0.0,0.0,0.0,0.0,0.0,0.0,0.8539999723434448
0,163,adaptive_crosssdc_cmr,hinge,1.0,0.1,0.003691906678593821,0.0,0.0,0.0,0.0,0.0,0.0,0.0,0.0,0.0,0.8600000143051147
0,164,adaptive_crosssdc_cmr,hinge,1.0,0.1,0.00347133819013834,0.0,0.0,0.0,0.0,0.0,0.0,0.0,0.0,0.0,0.8579999804496765
0,165,adaptive_crosssdc_cmr,hinge,1.0,0.1,0.003723211017333799,0.0,0.0,0.0,0.0,0.0,0.0,0.0,0.0,0.0,0.8700000047683716
0,166,adaptive_crosssdc_cmr,hinge,1.0,0.1,0.00345068931993511,0.0,0.0,0.0,0.0,0.0,0.0,0.0,0.0,0.0,0.8659999966621399
0,167,adaptive_crosssdc_cmr,hinge,1.0,0.1,0.0033448037639674214,0.0,0.0,0.0,0.0,0.0,0.0,0.0,0.0,0.0,0.8679999709129333
0,168,adaptive_crosssdc_cmr,hinge,1.0,0.1,0.0033814997360524205,0.0,0.0,0.0,0.0,0.0,0.0,0.0,0.0,0.0,0.8659999966621399
0,169,adaptive_crosssdc_cmr,hinge,1.0,0.1,0.00332597009320226,0.0,0.0,0.0,0.0,0.0,0.0,0.0,0.0,0.0,0.8560000061988831
0,170,adaptive_crosssdc_cmr,hinge,1.0,0.1,0.0034046697223352063,0.0,0.0,0.0,0.0,0.0,0.0,0.0,0.0,0.0,0.8560000061988831
0,171,adaptive_crosssdc_cmr,hinge,1.0,0.1,0.0035022204586615167,0.0,0.0,0.0,0.0,0.0,0.0,0.0,0.0,0.0,0.8659999966621399
0,172,adaptive_crosssdc_cmr,hinge,1.0,0.1,0.003557782025179929,0.0,0.0,0.0,0.0,0.0,0.0,0.0,0.0,0.0,0.8560000061988831
0,173,adaptive_crosssdc_cmr,hinge,1.0,0.1,0.0035509028885927466,0.0,0.0,0.0,0.0,0.0,0.0,0.0,0.0,0.0,0.8619999885559082
0,174,adaptive_crosssdc_cmr,hinge,1.0,0.1,0.003601053859003716,0.0,0.0,0.0,0.0,0.0,0.0,0.0,0.0,0.0,0.8619999885559082
0,175,adaptive_crosssdc_cmr,hinge,1.0,0.1,0.0034807544822494187,0.0,0.0,0.0,0.0,0.0,0.0,0.0,0.0,0.0,0.8519999980926514
0,176,adaptive_crosssdc_cmr,hinge,1.0,0.1,0.0038622607632229724,0.0,0.0,0.0,0.0,0.0,0.0,0.0,0.0,0.0,0.8640000224113464
0,177,adaptive_crosssdc_cmr,hinge,1.0,0.1,0.003455222946488195,0.0,0.0,0.0,0.0,0.0,0.0,0.0,0.0,0.0,0.8519999980926514
0,178,adaptive_crosssdc_cmr,hinge,1.0,0.1,0.0038269262036515605,0.0,0.0,0.0,0.0,0.0,0.0,0.0,0.0,0.0,0.8500000238418579
0,179,adaptive_crosssdc_cmr,hinge,1.0,0.1,0.003681604853934712,0.0,0.0,0.0,0.0,0.0,0.0,0.0,0.0,0.0,0.8539999723434448
0,180,adaptive_crosssdc_cmr,hinge,1.0,0.1,0.004126483884950479,0.0,0.0,0.0,0.0,0.0,0.0,0.0,0.0,0.0,0.8659999966621399
0,181,adaptive_crosssdc_cmr,hinge,1.0,0.1,0.003632560915624102,0.0,0.0,0.0,0.0,0.0,0.0,0.0,0.0,0.0,0.8619999885559082
0,182,adaptive_crosssdc_cmr,hinge,1.0,0.1,0.003107004669598407,0.0,0.0,0.0,0.0,0.0,0.0,0.0,0.0,0.0,0.8640000224113464
0,183,adaptive_crosssdc_cmr,hinge,1.0,0.1,0.002924135472211573,0.0,0.0,0.0,0.0,0.0,0.0,0.0,0.0,0.0,0.8700000047683716
0,184,adaptive_crosssdc_cmr,hinge,1.0,0.1,0.0028665653792106444,0.0,0.0,0.0,0.0,0.0,0.0,0.0,0.0,0.0,0.8600000143051147
0,185,adaptive_crosssdc_cmr,hinge,1.0,0.1,0.0028858106686837142,0.0,0.0,0.0,0.0,0.0,0.0,0.0,0.0,0.0,0.8659999966621399
0,186,adaptive_crosssdc_cmr,hinge,1.0,0.1,0.0027828666433278057,0.0,0.0,0.0,0.0,0.0,0.0,0.0,0.0,0.0,0.8619999885559082
0,187,adaptive_crosssdc_cmr,hinge,1.0,0.1,0.0028939240922530494,0.0,0.0,0.0,0.0,0.0,0.0,0.0,0.0,0.0,0.8519999980926514
0,188,adaptive_crosssdc_cmr,hinge,1.0,0.1,0.003030274813580844,0.0,0.0,0.0,0.0,0.0,0.0,0.0,0.0,0.0,0.8679999709129333
0,189,adaptive_crosssdc_cmr,hinge,1.0,0.1,0.0029836217872798443,0.0,0.0,0.0,0.0,0.0,0.0,0.0,0.0,0.0,0.8619999885559082
0,190,adaptive_crosssdc_cmr,hinge,1.0,0.1,0.003026049221969313,0.0,0.0,0.0,0.0,0.0,0.0,0.0,0.0,0.0,0.8619999885559082
0,191,adaptive_crosssdc_cmr,hinge,1.0,0.1,0.0032373784472131068,0.0,0.0,0.0,0.0,0.0,0.0,0.0,0.0,0.0,0.8479999899864197
0,192,adaptive_crosssdc_cmr,hinge,1.0,0.1,0.003567229645947615,0.0,0.0,0.0,0.0,0.0,0.0,0.0,0.0,0.0,0.8500000238418579
0,193,adaptive_crosssdc_cmr,hinge,1.0,0.1,0.003355019881079594,0.0,0.0,0.0,0.0,0.0,0.0,0.0,0.0,0.0,0.8539999723434448
0,194,adaptive_crosssdc_cmr,hinge,1.0,0.1,0.0031378273593468797,0.0,0.0,0.0,0.0,0.0,0.0,0.0,0.0,0.0,0.8600000143051147
0,195,adaptive_crosssdc_cmr,hinge,1.0,0.1,0.002888267601115836,0.0,0.0,0.0,0.0,0.0,0.0,0.0,0.0,0.0,0.8579999804496765
0,196,adaptive_crosssdc_cmr,hinge,1.0,0.1,0.012615245922158161,0.0,0.0,0.0,0.0,0.0,0.0,0.0,0.0,0.0,0.7680000066757202
0,197,adaptive_crosssdc_cmr,hinge,1.0,0.1,0.6771192302306493,0.0,0.0,0.0,0.0,0.0,0.0,0.0,0.0,0.0,0.6800000071525574
0,198,adaptive_crosssdc_cmr,hinge,1.0,0.1,0.3219829425215721,0.0,0.0,0.0,0.0,0.0,0.0,0.0,0.0,0.0,0.734000027179718
0,199,adaptive_crosssdc_cmr,hinge,1.0,0.1,0.15684590116143227,0.0,0.0,0.0,0.0,0.0,0.0,0.0,0.0,0.0,0.7919999957084656
1,0,adaptive_crosssdc_cmr,hinge,1.0,0.1,2.440054999457465,4.487459288703071,4.417924986945258,0.44874592887030706,0.008660839327300588,0.0008660839327300588,0.21961805555555555,0.005208333333333333,0.050519425008032054,0.008554855361580849,0.4519999921321869
1,1,adaptive_crosssdc_cmr,hinge,1.0,0.1,1.8822369310590956,4.420398394266765,4.366552193959554,0.44203983942667646,0.012584906226644913,0.0012584906226644913,0.3090277777777778,0.041666666666666664,0.06631819076008266,0.021126402128073905,0.5070000290870667
1,2,adaptive_crosssdc_cmr,hinge,1.0,0.1,1.7003782855139837,4.383250872294108,4.336657206217448,0.4383250872294109,0.010642412429054579,0.001064241242905458,0.2890625,0.078125,0.061423194077279836,0.03026557444698281,0.5550000071525574
1,3,adaptive_crosssdc_cmr,hinge,1.0,0.1,1.6048287285698786,4.377084520128038,4.333057085673015,0.43770845201280384,0.007082860658152236,0.0007082860658152236,0.2204861111111111,0.09375,0.048402940233548485,0.030849278594056766,0.5609999895095825
1,4,adaptive_crosssdc_cmr,hinge,1.0,0.1,1.527444150712755,4.328579637739393,4.2883669005499945,0.43285796377393937,0.0046270677509407205,0.00046270677509407205,0.12760416666666666,0.09375,0.036459825932979584,0.030388090759515762,0.5809999704360962
1,5,adaptive_crosssdc_cmr,hinge,1.0,0.1,1.4769144588046603,4.309270169999865,4.292817168765598,0.4309270169999865,0.005233374372538593,0.0005233374372538593,0.0920138888888889,0.09114583333333333,0.030122340760297246,0.02984222686953015,0.5879999995231628
1,6,adaptive_crosssdc_cmr,hinge,1.0,0.1,1.4231663942337036,4.271194510989719,4.255374007754856,0.427119451098972,0.0040826941064248485,0.00040826941064248486,0.046875,0.0954861111111111,0.021246081218123436,0.027349035152130656,0.5989999771118164
1,7,adaptive_crosssdc_cmr,hinge,1.0,0.1,1.387768546740214,4.221428606245253,4.219468911488851,0.4221428606245253,0.0032338041217169827,0.0003233804121716983,0.028645833333333332,0.078125,0.017291230460007984,0.022847706865933206,0.6039999723434448
1,8,adaptive_crosssdc_cmr,hinge,1.0,0.1,1.3538653320736356,4.214146243201362,4.22053411271837,0.4214146243201362,0.0029553937363541788,0.0002955393736354179,0.03819444444444445,0.049479166666666664,0.012878403688470522,0.017395226284861565,0.6140000224113464
1,9,adaptive_crosssdc_cmr,hinge,1.0,0.1,1.3360568814807467,4.2019763522677955,4.221894105275472,0.42019763522677955,0.003933187470667892,0.0003933187470667892,0.0390625,0.059895833333333336,0.013393845409154892,0.01773436326119635,0.6190000176429749
1,10,adaptive_crosssdc_cmr,hinge,1.0,0.1,1.3067749871148004,4.154745313856337,4.173988024393718,0.41547453138563367,0.0025959604148132107,0.0002595960414813211,0.030381944444444444,0.04079861111111111,0.011049636950095495,0.014161065220832825,0.6209999918937683
1,11,adaptive_crosssdc_cmr,hinge,1.0,0.1,1.2865860064824421,4.142051537831624,4.174289385477702,0.4142051537831624,0.0029427687792728343,0.00029427687792728344,0.035590277777777776,0.0390625,0.010411955209241973,0.013465719297528267,0.6290000081062317
1,12,adaptive_crosssdc_cmr,hinge,1.0,0.1,1.2599583599302504,4.096879111395942,4.151958889431423,0.4096879111395942,0.0024301568304912913,0.00024301568304912916,0.029513888888888888,0.035590277777777776,0.009569626094566451,0.012485993198222585,0.6370000243186951
1,13,adaptive_crosssdc_cmr,hinge,1.0,0.1,1.2447862095303006,4.077324761284722,4.149443361494276,0.40773247612847224,0.0020382857053644126,0.00020382857053644128,0.026041666666666668,0.027777777777777776,0.008662831038236618,0.009613189432356093,0.6460000276565552
1,14,adaptive_crosssdc_cmr,hinge,1.0,0.1,1.2225103908114963,4.063261879814996,4.132104502783881,0.4063261879814996,0.002131074421211249,0.00021310744212112493,0.027777777777777776,0.035590277777777776,0.007801738464170032,0.009136899063984552,0.640999972820282
1,15,adaptive_crosssdc_cmr,hinge,1.0,0.1,1.2031686968273587,4.053153620825873,4.143973774380154,0.40531536208258734,0.001892146732037266,0.00018921467320372662,0.029513888888888888,0.027777777777777776,0.007862536857525507,0.008153871115711,0.6439999938011169
1,16,adaptive_crosssdc_cmr,hinge,1.0,0.1,1.1916091971927218,4.052803728315565,4.135147306654188,0.40528037283155655,0.001687905589480781,0.0001687905589480781,0.019097222222222224,0.026041666666666668,0.006708061736490991,0.007004346491561996,0.6539999842643738
1,17,adaptive_crosssdc_cmr,hinge,1.0,0.1,1.182082732518514,4.011441628138225,4.114819685618083,0.4011441628138225,0.0010995305508711478,0.00010995305508711478,0.017361111111111112,0.025173611111111112,0.006316275439328617,0.006271316359440486,0.6579999923706055
1,18,adaptive_crosssdc_cmr,hinge,1.0,0.1,1.1601179043451946,3.9949183464050293,4.090870592329237,0.399491834640503,0.001319751706129561,0.0001319751706129561,0.014756944444444444,0.022569444444444444,0.006247468292713165,0.006955580992831124,0.6579999923706055
1,19,adaptive_crosssdc_cmr,hinge,1.0,0.1,1.1424083709716797,3.9412958092159696,4.0494776301913795,0.394129580921597,0.0007764613453926156,7.764613453926158e-05,0.011284722222222222,0.014756944444444444,0.004711630029810799,0.004508606261677212,0.6600000262260437
1,20,adaptive_crosssdc_cmr,hinge,1.0,0.1,1.1403650442759197,3.964208311504788,4.056169086032444,0.3964208311504788,0.0012166577313716214,0.00012166577313716214,0.018229166666666668,0.0234375,0.005499923394785987,0.005296585253543324,0.6639999747276306
1,21,adaptive_crosssdc_cmr,hinge,1.0,0.1,1.1278961102167766,3.9603533479902477,4.070335812038845,0.3960353347990248,0.0007065569936660015,7.065569936660015e-05,0.014756944444444444,0.021701388888888888,0.004906224086880684,0.004559942210714023,0.6679999828338623
1,22,adaptive_crosssdc_cmr,hinge,1.0,0.1,1.1159021589491103,3.909759044647217,4.039745118882921,0.3909759044647217,0.0005936380184721202,5.936380184721202e-05,0.006076388888888889,0.021701388888888888,0.0035585897664229074,0.004814225766393874,0.6759999990463257
1,23,adaptive_crosssdc_cmr,hinge,1.0,0.1,1.0985973013771906,3.8891591231028237,4.05067761739095,0.3889159123102824,0.0006202151578488863,6.202151578488863e-05,0.009548611111111112,0.019097222222222224,0.004512643234597312,0.004091851827171113,0.6740000247955322
1,24,adaptive_crosssdc_cmr,hinge,1.0,0.1,1.0877607133653429,3.8762749565972223,4.035706599553426,0.38762749565972227,0.0006551811384269968,6.551811384269968e-05,0.012152777777777778,0.016493055555555556,0.0045814986030260725,0.003466827380988333,0.6790000200271606
1,25,adaptive_crosssdc_cmr,hinge,1.0,0.1,1.0751944780349731,3.8566618230607776,4.014348533418444,0.3856661823060778,0.00025584898604494,2.5584898604494e-05,0.003472222222222222,0.010416666666666666,0.0030644680890772077,0.0026954797406991324,0.6690000295639038
1,26,adaptive_crosssdc_cmr,hinge,1.0,0.1,1.070523076587253,3.831736750072903,4.011906067530314,0.3831736750072903,0.0004340606476742121,4.3406064767421214e-05,0.005208333333333333,0.016493055555555556,0.003507620551519924,0.0033624478512340123,0.675000011920929
1,27,adaptive_crosssdc_cmr,hinge,1.0,0.1,1.0584421422746446,3.8335666921403675,4.0181884765625,0.38335666921403677,0.00039768628509288345,3.9768628509288345e-05,0.006076388888888889,0.019097222222222224,0.002552536212735706,0.0037014823820855883,0.6899999976158142
1,28,adaptive_crosssdc_cmr,hinge,1.0,0.1,1.045536173714532,3.8043123616112604,4.003365225262112,0.38043123616112606,0.0004412914309391959,4.412914309391959e-05,0.010416666666666666,0.015625,0.0035615917295217514,0.003677005155218972,0.6869999766349792
1,29,adaptive_crosssdc_cmr,hinge,1.0,0.1,1.024358656671312,3.725179115931193,3.9542764822642007,0.3725179115931193,0.0001971421433053264,1.9714214330532642e-05,0.0026041666666666665,0.012152777777777778,0.0020398487233453328,0.0025906310313277775,0.6949999928474426
1,30,adaptive_crosssdc_cmr,hinge,1.0,0.1,1.0277159081565008,3.7666021982828775,3.983644723892212,0.3766602198282878,0.00016932077556298787,1.693207755629879e-05,0.003472222222222222,0.010416666666666666,0.0017634456356366475,0.0027318153944280413,0.6940000057220459
1,31,adaptive_crosssdc_cmr,hinge,1.0,0.1,1.0182673533757527,3.718393087387085,3.950275871488783,0.3718393087387085,0.00031270807165937085,3.1270807165937086e-05,0.0026041666666666665,0.012152777777777778,0.001907135049502055,0.0029492448601457807,0.7020000219345093
1,32,adaptive_crosssdc_cmr,hinge,1.0,0.1,1.0082584222157795,3.7261469893985324,3.9683393902248807,0.3726146989398533,0.000224222147759671,2.2422214775967102e-05,0.001736111111111111,0.013020833333333334,0.0017149576710330115,0.0023680271373854745,0.6819999814033508
1,33,adaptive_crosssdc_cmr,hinge,1.0,0.1,0.9979442490471734,3.6956973340776234,3.9712539513905845,0.36956973340776234,0.0001901084049475483,1.901084049475483e-05,0.0078125,0.006944444444444444,0.0024168029841449526,0.0019602725903193154,0.6959999799728394
1,34,adaptive_crosssdc_cmr,hinge,1.0,0.1,0.9948603709538778,3.677290572060479,3.962745189666748,0.3677290572060479,0.0001532282411871064,1.532282411871064e-05,0.004340277777777778,0.0078125,0.0019064508378505707,0.0020255843798319497,0.6909999847412109
1,35,adaptive_crosssdc_cmr,hinge,1.0,0.1,0.9808618691232469,3.649816248151991,3.941234588623047,0.36498162481519913,0.0003289075264345027,3.289075264345027e-05,0.005208333333333333,0.012152777777777778,0.001899760216474533,0.0023549840682082707,0.7020000219345093
1,36,adaptive_crosssdc_cmr,hinge,1.0,0.1,0.9700771040386624,3.6313422785864935,3.933457692464193,0.36313422785864935,0.00033021621574233804,3.30216215742338e-05,0.004340277777777778,0.012152777777777778,0.0017360724094841215,0.0023967809975147247,0.699999988079071
1,37,adaptive_crosssdc_cmr,hinge,1.0,0.1,0.9694911903805203,3.643041213353475,3.9565567440456815,0.3643041213353475,0.0002550268784236525,2.550268784236525e-05,0.003472222222222222,0.011284722222222222,0.0015143503745396931,0.002507574028438992,0.699999988079071
1,38,adaptive_crosssdc_cmr,hinge,1.0,0.1,0.9628604981634352,3.6334131293826633,3.9241112073262534,0.3633413129382663,0.00018423279349614555,1.8423279349614556e-05,0.004340277777777778,0.0078125,0.0022758816679318747,0.0016610581013891432,0.7099999785423279
1,39,adaptive_crosssdc_cmr,hinge,1.0,0.1,0.9520066380500793,3.6033745606740317,3.9025194380018444,0.3603374560674032,0.0001293792710283823,1.293792710283823e-05,0.006944444444444444,0.005208333333333333,0.002267364826467302,0.0013119209971692827,0.6899999976158142
1,40,adaptive_crosssdc_cmr,hinge,1.0,0.1,0.9422588878207736,3.5781470934549966,3.9340611033969455,0.3578147093454997,0.00013573352589446586,1.3573352589446586e-05,0.004340277777777778,0.009548611111111112,0.001807541482978397,0.0021616721318827737,0.7009999752044678
1,41,adaptive_crosssdc_cmr,hinge,1.0,0.1,0.9474207957585653,3.587585343254937,3.9315863450368247,0.35875853432549376,0.00032495121558895335,3.2495121558895335e-05,0.009548611111111112,0.011284722222222222,0.0021263201617532307,0.002891862557993995,0.7059999704360962
1,42,adaptive_crosssdc_cmr,hinge,1.0,0.1,0.9394427802827623,3.5678628550635443,3.919191916783651,0.35678628550635444,0.00023517829686170444,2.3517829686170447e-05,0.006944444444444444,0.010416666666666666,0.0017069184945689307,0.0023049857053491804,0.7110000252723694
1,43,adaptive_crosssdc_cmr,hinge,1.0,0.1,0.9329679608345032,3.5640673637390137,3.9022404617733426,0.3564067363739014,0.00013156949226969219,1.3156949226969219e-05,0.003472222222222222,0.004340277777777778,0.0012825700557894176,0.001697445081339942,0.7039999961853027
1,44,adaptive_crosssdc_cmr,hinge,1.0,0.1,0.9115073084831238,3.4936367670694985,3.8549413945939808,0.3493636767069499,0.0002655422366741631,2.655422366741631e-05,0.0008680555555555555,0.010416666666666666,0.0013609147734112209,0.0022429327170054116,0.7039999961853027
1,45,adaptive_crosssdc_cmr,hinge,1.0,0.1,0.9170378777715895,3.5379438400268555,3.881475819481744,0.3537943840026856,0.0003195898122309397,3.195898122309397e-05,0.004340277777777778,0.009548611111111112,0.0016000916560490925,0.0022754015194045175,0.7089999914169312
1,46,adaptive_crosssdc_cmr,hinge,1.0,0.1,0.9072065353393555,3.5238053798675537,3.898922469880846,0.3523805379867554,0.00031057312783862773,3.105731278386277e-05,0.0008680555555555555,0.015625,0.0010826426247755687,0.0029569901525974274,0.7059999704360962
1,47,adaptive_crosssdc_cmr,hinge,1.0,0.1,0.8955262104670206,3.480293459362454,3.862816651662191,0.3480293459362454,0.00019814707937055372,1.9814707937055373e-05,0.0,0.013888888888888888,0.0010425369772646162,0.002646993017858929,0.7179999947547913
1,48,adaptive_crosssdc_cmr,hinge,1.0,0.1,0.8930574655532837,3.4933229287465415,3.8926733334859214,0.34933229287465417,0.0001610049241409999,1.6100492414099992e-05,0.0008680555555555555,0.008680555555555556,0.0006354736785093943,0.002060186117887497,0.7059999704360962
1,49,adaptive_crosssdc_cmr,hinge,1.0,0.1,0.884838514857822,3.492927074432373,3.891440126630995,0.3492927074432373,0.00021506724846808033,2.1506724846808034e-05,0.0026041666666666665,0.010416666666666666,0.001803062649236785,0.002196364104747772,0.7120000123977661
1,50,adaptive_crosssdc_cmr,hinge,1.0,0.1,0.871001680692037,3.4243155320485434,3.85296278529697,0.34243155320485436,0.0001829656296952938,1.829656296952938e-05,0.0008680555555555555,0.009548611111111112,0.0010409164759847852,0.002190288156270981,0.7059999704360962
1,51,adaptive_crosssdc_cmr,hinge,1.0,0.1,0.868872066338857,3.4267418914371066,3.8841766781277127,0.3426741891437107,0.0001922153944380827,1.922153944380827e-05,0.004340277777777778,0.012152777777777778,0.0016119095186392467,0.001981098618772295,0.7129999995231628
1,52,adaptive_crosssdc_cmr,hinge,1.0,0.1,0.8693217900064256,3.435442050298055,3.8464343547821045,0.34354420502980554,0.00024102239452380067,2.4102239452380068e-05,0.0,0.012152777777777778,0.0009512239032321506,0.0023783068690035078,0.7049999833106995
1,53,adaptive_crosssdc_cmr,hinge,1.0,0.1,0.8574524588055081,3.3970050546858044,3.8273216088612876,0.33970050546858044,8.742294772269411e-05,8.742294772269411e-06,0.0,0.008680555555555556,0.0008551089300049676,0.0018634738193617926,0.7110000252723694
1,54,adaptive_crosssdc_cmr,hinge,1.0,0.1,0.855371011628045,3.394283798005846,3.8539934953053794,0.3394283798005846,0.00010159420546390013,1.0159420546390013e-05,0.001736111111111111,0.008680555555555556,0.0009848781757884556,0.0021275393664836884,0.7149999737739563
1,55,adaptive_crosssdc_cmr,hinge,1.0,0.1,0.8556688096788194,3.3991372055477567,3.8470636208852134,0.3399137205547757,5.855369818164036e-05,5.855369818164036e-06,0.001736111111111111,0.004340277777777778,0.0011219336754745906,0.0015378764106167688,0.722000002861023
1,56,adaptive_crosssdc_cmr,hinge,1.0,0.1,0.853124823835161,3.380931165483263,3.8574918111165366,0.3380931165483263,0.00023721281953233606,2.3721281953233607e-05,0.0026041666666666665,0.010416666666666666,0.0011253183086713154,0.0025829014678796134,0.7139999866485596
1,57,adaptive_crosssdc_cmr,hinge,1.0,0.1,0.8415212962362502,3.364443778991699,3.8380026287502713,0.3364443778991699,0.0002451249913267222,2.451249913267222e-05,0.005208333333333333,0.013020833333333334,0.0016840447982152302,0.0024603005084726545,0.7110000252723694
1,58,adaptive_crosssdc_cmr,hinge,1.0,0.1,0.8443427549468147,3.3616618580288358,3.8618769380781384,0.3361661858028836,0.000147298277523886,1.47298277523886e-05,0.005208333333333333,0.006076388888888889,0.0015835629569159613,0.0015934213168091243,0.7139999866485596
1,59,adaptive_crosssdc_cmr,hinge,1.0,0.1,0.8361951178974576,3.365146133634779,3.852525922987196,0.33651461336347793,0.00024965330440964963,2.4965330440964964e-05,0.006944444444444444,0.006944444444444444,0.0014953391833437814,0.0015953518450260162,0.7269999980926514
1,60,adaptive_crosssdc_cmr,hinge,1.0,0.1,0.8284274604585435,3.344597021738688,3.835856172773573,0.33445970217386883,0.00026993176207825955,2.6993176207825956e-05,0.0008680555555555555,0.013020833333333334,0.000998129861222373,0.0024415490527947745,0.7250000238418579
1,61,adaptive_crosssdc_cmr,hinge,1.0,0.1,0.826357192463345,3.3424740632375083,3.855899042553372,0.33424740632375083,0.00021014757900654027,2.101475790065403e-05,0.0078125,0.006944444444444444,0.0014598210238748128,0.0016774721443653107,0.7160000205039978
1,62,adaptive_crosssdc_cmr,hinge,1.0,0.1,0.816310187180837,3.289814737108019,3.8093283706241183,0.3289814737108019,0.00020452489035152312,2.0452489035152312e-05,0.006076388888888889,0.003472222222222222,0.0011816434562206268,0.0013827408353487651,0.718999981880188
1,63,adaptive_crosssdc_cmr,hinge,1.0,0.1,0.8075356417232089,3.2854133976830378,3.8065127531687417,0.3285413397683038,0.00032062742684502155,3.206274268450215e-05,0.005208333333333333,0.011284722222222222,0.0011957496818568972,0.0024336795839998457,0.7200000286102295
1,64,adaptive_crosssdc_cmr,hinge,1.0,0.1,0.8103339340951707,3.3021517594655356,3.8301072120666504,0.3302151759465536,0.00020291339003759075,2.0291339003759078e-05,0.005208333333333333,0.005208333333333333,0.0013671006179518169,0.0015160755978690253,0.7310000061988831
1,65,adaptive_crosssdc_cmr,hinge,1.0,0.1,0.8098451627625359,3.3000249597761364,3.82963228225708,0.33000249597761366,0.0002865312328342245,2.865312328342245e-05,0.006076388888888889,0.0078125,0.0015597893959946102,0.0021473964055379233,0.7160000205039978
1,66,adaptive_crosssdc_cmr,hinge,1.0,0.1,0.8071048988236321,3.2739477687411838,3.822388913896349,0.3273947768741184,0.00045787780416301556,4.5787780416301556e-05,0.0078125,0.013888888888888888,0.0018358507917986976,0.002613685197300381,0.7059999704360962
1,67,adaptive_crosssdc_cmr,hinge,1.0,0.1,0.8108991848097907,3.283877372741699,3.8330770333607993,0.3283877372741699,0.0002933091066855316,2.9330910668553162e-05,0.0026041666666666665,0.009548611111111112,0.0011117106510533227,0.002520312037732866,0.7110000252723694
1,68,adaptive_crosssdc_cmr,hinge,1.0,0.1,0.8053917619917128,3.259996149275038,3.800369554095798,0.3259996149275038,0.00024362723878665647,2.436272387866565e-05,0.0078125,0.005208333333333333,0.0015151964293585883,0.0016694308982955085,0.7250000238418579
1,69,adaptive_crosssdc_cmr,hinge,1.0,0.1,0.7940840986039903,3.244336658053928,3.81292102071974,0.3244336658053928,0.0002599973134541263,2.5999731345412632e-05,0.003472222222222222,0.010416666666666666,0.001141399352086915,0.002264696690771315,0.7160000205039978
1,70,adaptive_crosssdc_cmr,hinge,1.0,0.1,0.7813483211729262,3.2334616449144153,3.7859472963545056,0.32334616449144155,0.00023236446577357128,2.323644657735713e-05,0.003472222222222222,0.009548611111111112,0.0011303795294629203,0.0017682169046666888,0.7179999947547913
1,71,adaptive_crosssdc_cmr,hinge,1.0,0.1,0.7768137521213956,3.237223810619778,3.830305231942071,0.3237223810619778,0.0002473447390608878,2.473447390608878e-05,0.006944444444444444,0.0078125,0.0016722639815674888,0.002005681809451845,0.7269999980926514
1,72,adaptive_crosssdc_cmr,hinge,1.0,0.1,0.7735517223676046,3.221985419591268,3.793679608239068,0.32219854195912684,0.00016694230139869938,1.669423013986994e-05,0.0026041666666666665,0.0078125,0.0009665298793050977,0.0022381034990151725,0.7250000238418579
1,73,adaptive_crosssdc_cmr,hinge,1.0,0.1,0.7758393221431308,3.22800350189209,3.8312778737809925,0.322800350189209,0.000315505870579121,3.1550587057912104e-05,0.006944444444444444,0.013020833333333334,0.0014406146688593759,0.0024373059471448264,0.7110000252723694
1,74,adaptive_crosssdc_cmr,hinge,1.0,0.1,0.773129059208764,3.214096943537394,3.8045779863993325,0.32140969435373945,0.00017879086994475478,1.787908699447548e-05,0.006944444444444444,0.009548611111111112,0.0015259943902492523,0.0021765741209189096,0.7179999947547913
1,75,adaptive_crosssdc_cmr,hinge,1.0,0.1,0.7699098851945665,3.224126550886366,3.827088091108534,0.3224126550886366,0.0003724601912027639,3.724601912027639e-05,0.005208333333333333,0.013020833333333334,0.0015217610117461947,0.002698625127474467,0.734000027179718
1,76,adaptive_crosssdc_cmr,hinge,1.0,0.1,0.7655647065904405,3.1902926762898765,3.805002795325385,0.31902926762898765,0.0002836695510066218,2.836695510066218e-05,0.001736111111111111,0.011284722222222222,0.0005958914342853758,0.002202806373437246,0.7310000061988831
1,77,adaptive_crosssdc_cmr,hinge,1.0,0.1,0.7595694594913058,3.189845985836453,3.8026059203677707,0.3189845985836453,0.00036217262681424874,3.621726268142487e-05,0.005208333333333333,0.006944444444444444,0.0012411965678135555,0.002544321119785309,0.7319999933242798
1,78,adaptive_crosssdc_cmr,hinge,1.0,0.1,0.7620572315322028,3.207483424080743,3.814504040612115,0.3207483424080743,0.0003475580645802741,3.4755806458027415e-05,0.004340277777777778,0.0078125,0.001515665195054478,0.002042267057630751,0.7139999866485596
1,79,adaptive_crosssdc_cmr,hinge,1.0,0.1,0.7585960096783109,3.187242613898383,3.811332596672906,0.31872426138983834,0.0003482754798116932,3.482754798116932e-05,0.003472222222222222,0.009548611111111112,0.0007477030158042908,0.002276452879110972,0.7350000143051147
1,80,adaptive_crosssdc_cmr,hinge,1.0,0.1,0.7576293614175584,3.1582973533206515,3.7936456733279758,0.31582973533206515,0.0002742609065333252,2.7426090653332522e-05,0.003472222222222222,0.013888888888888888,0.0010514306939310497,0.0026141603787740073,0.7260000109672546
1,81,adaptive_crosssdc_cmr,hinge,1.0,0.1,0.7584535876909891,3.176646179623074,3.8022771411471896,0.31766461796230744,0.000290637590094573,2.9063759009457298e-05,0.005208333333333333,0.008680555555555556,0.0016318683822949727,0.001642153494887882,0.7200000286102295
1,82,adaptive_crosssdc_cmr,hinge,1.0,0.1,0.745458549923367,3.141201284196642,3.777722888522678,0.3141201284196642,0.00029175903829228546,2.9175903829228546e-05,0.005208333333333333,0.0078125,0.0015383530408143997,0.00183270706070794,0.7350000143051147
1,83,adaptive_crosssdc_cmr,hinge,1.0,0.1,0.7428541051016914,3.146836201349894,3.800027847290039,0.3146836201349894,0.00020444674494986734,2.0444674494986735e-05,0.005208333333333333,0.005208333333333333,0.0013475018656916088,0.0015930326448546515,0.7360000014305115
1,84,adaptive_crosssdc_cmr,hinge,1.0,0.1,0.7408059702979194,3.1557958126068115,3.788177596198188,0.3155795812606812,0.00012443403223490654,1.2443403223490655e-05,0.0026041666666666665,0.0078125,0.0010937154293060303,0.0014486747483412425,0.7369999885559082
1,85,adaptive_crosssdc_cmr,hinge,1.0,0.1,0.7409624126222398,3.1423530313703747,3.7967160012986927,0.3142353031370375,0.0006091639451268646,6.091639451268646e-05,0.0078125,0.011284722222222222,0.0017474136418766445,0.002675964186588923,0.7419999837875366
1,86,adaptive_crosssdc_cmr,hinge,1.0,0.1,0.7296101914511787,3.121369997660319,3.7895199987623425,0.31213699976603193,0.00030083308067534946,3.0083308067534946e-05,0.003472222222222222,0.011284722222222222,0.001064530470305019,0.0025554539428816903,0.7269999980926514
1,87,adaptive_crosssdc_cmr,hinge,1.0,0.1,0.7292594909667969,3.131680488586426,3.782461828655667,0.3131680488586426,0.00018107915264704074,1.8107915264704075e-05,0.0008680555555555555,0.009548611111111112,0.0005048538247744242,0.002249795529577467,0.7429999709129333
1,88,adaptive_crosssdc_cmr,hinge,1.0,0.1,0.7243549227714539,3.1070064968532987,3.7787543402777777,0.3107006496853299,0.0003460637195126361,3.4606371951263606e-05,0.0078125,0.008680555555555556,0.0019213342004352147,0.0021073155932956273,0.7229999899864197
1,89,adaptive_crosssdc_cmr,hinge,1.0,0.1,0.7265911565886604,3.1158635086483426,3.763476769129435,0.31158635086483427,0.00017713020174091475,1.7713020174091477e-05,0.003472222222222222,0.006944444444444444,0.0010735396709707049,0.0017367849747339885,0.7360000014305115
1,90,adaptive_crosssdc_cmr,hinge,1.0,0.1,0.718866401248508,3.112285031212701,3.76495721605089,0.3112285031212701,0.00033947747174857394,3.39477471748574e-05,0.005208333333333333,0.010416666666666666,0.0009592459019687441,0.002322479254669613,0.7390000224113464
1,91,adaptive_crosssdc_cmr,hinge,1.0,0.1,0.7201157742076449,3.103209972381592,3.7680324713389077,0.3103209972381592,0.00026025720580946654,2.6025720580946656e-05,0.0026041666666666665,0.009548611111111112,0.0009621992293331358,0.0021963276796870762,0.718999981880188
1,92,adaptive_crosssdc_cmr,hinge,1.0,0.1,0.7233915792571174,3.110054784350925,3.779088338216146,0.3110054784350925,0.0002907691143466056,2.9076911434660564e-05,0.006944444444444444,0.013020833333333334,0.0014010707123412027,0.002198881573147244,0.7229999899864197
1,93,adaptive_crosssdc_cmr,hinge,1.0,0.1,0.7298199468188815,3.11741132206387,3.8093965583377414,0.311741132206387,0.0005232812901441422,5.232812901441423e-05,0.006076388888888889,0.011284722222222222,0.001819655920068423,0.0025509409606456757,0.7009999752044678
1,94,adaptive_crosssdc_cmr,hinge,1.0,0.1,0.7335698074764676,3.110430637995402,3.7775235176086426,0.3110430637995402,0.0004795589528738573,4.795589528738573e-05,0.006944444444444444,0.009548611111111112,0.0016238532132572597,0.002132159968217214,0.7129999995231628
1,95,adaptive_crosssdc_cmr,hinge,1.0,0.1,0.730272458659278,3.1128225326538086,3.799382633633084,0.3112822532653809,0.00038567754402012925,3.856775440201293e-05,0.005208333333333333,0.009548611111111112,0.0012716444002257453,0.0024907514452934265,0.7519999742507935
1,96,adaptive_crosssdc_cmr,hinge,1.0,0.1,0.7255487243334452,3.111723396513197,3.7941311995188394,0.31117233965131974,0.00024626996552494046,2.4626996552494047e-05,0.003472222222222222,0.006944444444444444,0.00118826971285873,0.001844534029563268,0.7250000238418579
1,97,adaptive_crosssdc_cmr,hinge,1.0,0.1,0.7165325019094679,3.1011058489481607,3.793515205383301,0.3101105848948161,0.0004173083026317828,4.173083026317828e-05,0.005208333333333333,0.011284722222222222,0.0011978658537069957,0.0027075124283631644,0.722000002861023
1,98,adaptive_crosssdc_cmr,hinge,1.0,0.1,0.7069506512747871,3.0748355388641357,3.760249058405558,0.3074835538864136,0.0003250812634279201,3.250812634279201e-05,0.005208333333333333,0.008680555555555556,0.0013851848327451283,0.00233226145307223,0.7310000061988831
1,99,adaptive_crosssdc_cmr,hinge,1.0,0.1,0.7134760220845541,3.094425492816501,3.787774165471395,0.30944254928165016,0.0002315777851941271,2.315777851941271e-05,0.003472222222222222,0.008680555555555556,0.0012386987606684368,0.001901719719171524,0.7480000257492065
1,100,adaptive_crosssdc_cmr,hinge,1.0,0.1,0.7232194211747911,3.1090743276807995,3.8081765174865723,0.31090743276807997,0.00044585777141037397,4.45857771410374e-05,0.006076388888888889,0.0078125,0.0014313420073853598,0.0020851207276185355,0.7400000095367432
1,101,adaptive_crosssdc_cmr,hinge,1.0,0.1,0.7056534753905402,3.0740189022488065,3.79767378171285,0.3074018902248807,0.0002789899457032637,2.789899457032637e-05,0.005208333333333333,0.0078125,0.0011898910419808493,0.002281615717543496,0.7310000061988831
1,102,adaptive_crosssdc_cmr,hinge,1.0,0.1,0.7004874679777358,3.047099855211046,3.7748758527967663,0.3047099855211046,0.0002038598274036,2.038598274036e-05,0.0008680555555555555,0.0078125,0.0008110397805770239,0.00280473960770501,0.7379999756813049
1,103,adaptive_crosssdc_cmr,hinge,1.0,0.1,0.7023742132716708,3.0627030531565347,3.786682234870063,0.30627030531565347,0.00041450277543238673,4.1450277543238674e-05,0.006076388888888889,0.013888888888888888,0.001517659260167016,0.0031173469291792977,0.7200000286102295
1,104,adaptive_crosssdc_cmr,hinge,1.0,0.1,0.7014358772171868,3.0535880194769964,3.781708452436659,0.30535880194769965,0.0002477046109561343,2.4770461095613427e-05,0.003472222222222222,0.010416666666666666,0.0010955561366346148,0.0022820975217554304,0.7379999756813049
1,105,adaptive_crosssdc_cmr,hinge,1.0,0.1,0.6917208764288161,3.056018352508545,3.7623627715640597,0.3056018352508545,0.0003341236103248472,3.341236103248472e-05,0.004340277777777778,0.013020833333333334,0.0010950319055053922,0.002478056483798557,0.7440000176429749
1,106,adaptive_crosssdc_cmr,hinge,1.0,0.1,0.6855661140547858,3.027791155709161,3.7657077577379017,0.3027791155709161,0.000315343039498354,3.15343039498354e-05,0.006076388888888889,0.010416666666666666,0.0017022848543193606,0.0022003758284780714,0.7480000257492065
1,107,adaptive_crosssdc_cmr,hinge,1.0,0.1,0.6832840906249152,3.0423788759443493,3.790241347418891,0.30423788759443493,0.0004629016394675192,4.629016394675192e-05,0.0078125,0.009548611111111112,0.0018647114435831706,0.002157979127433565,0.7369999885559082
1,108,adaptive_crosssdc_cmr,hinge,1.0,0.1,0.6761959195137024,3.020571788152059,3.7447378635406494,0.30205717881520594,0.0002903331333072856,2.9033313330728562e-05,0.005208333333333333,0.006944444444444444,0.0011761697630087535,0.0014057374662823146,0.7400000095367432
1,109,adaptive_crosssdc_cmr,hinge,1.0,0.1,0.6737702157762315,3.0155100292629666,3.756985690858629,0.30155100292629666,0.000265321309497166,2.6532130949716602e-05,0.003472222222222222,0.006944444444444444,0.0009549514700969061,0.001956546886099709,0.734000027179718
1,110,adaptive_crosssdc_cmr,hinge,1.0,0.1,0.6715271605385674,2.9831822713216147,3.761587805218167,0.2983182271321615,0.00021308800619913705,2.1308800619913705e-05,0.0026041666666666665,0.0078125,0.0008647236973047256,0.0023981332778930664,0.7350000143051147
1,111,adaptive_crosssdc_cmr,hinge,1.0,0.1,0.6760243839687772,3.017505062950982,3.7649158106909857,0.30175050629509825,0.00023279978841451844,2.3279978841451844e-05,0.004340277777777778,0.010416666666666666,0.0011182352900505066,0.0024267538554138606,0.7459999918937683
1,112,adaptive_crosssdc_cmr,hinge,1.0,0.1,0.6716829140981039,3.0111510223812528,3.7709101835886636,0.3011151022381253,0.00014848992693967174,1.4848992693967175e-05,0.001736111111111111,0.006076388888888889,0.000864220369193289,0.0019242486192120446,0.7400000095367432
1,113,adaptive_crosssdc_cmr,hinge,1.0,0.1,0.6780915525224473,3.00556747118632,3.8046738306681314,0.300556747118632,0.0004682055393156285,4.682055393156285e-05,0.0078125,0.013020833333333334,0.001716639432642195,0.0030129055182139077,0.7450000047683716
1,114,adaptive_crosssdc_cmr,hinge,1.0,0.1,0.6680130097601149,2.9957877000172934,3.7583115895589194,0.29957877000172933,0.00019189519884498118,1.9189519884498118e-05,0.003472222222222222,0.009548611111111112,0.0010016798559162351,0.0021176847318808236,0.7419999837875366
1,115,adaptive_crosssdc_cmr,hinge,1.0,0.1,0.6751929190423753,3.004266712400648,3.777586195203993,0.30042667124006484,0.00032733693175638717,3.273369317563872e-05,0.005208333333333333,0.008680555555555556,0.0011055924826198155,0.002207974592844645,0.746999979019165
1,116,adaptive_crosssdc_cmr,hinge,1.0,0.1,0.6705362465646532,3.001543018552992,3.7611007160610623,0.30015430185529923,0.0003155614303977927,3.1556143039779275e-05,0.004340277777777778,0.006076388888888889,0.0013019171439939076,0.002180988589922587,0.7480000257492065
1,117,adaptive_crosssdc_cmr,hinge,1.0,0.1,0.6678246458371481,2.9810634983910456,3.747618224885729,0.29810634983910456,0.0004137455640981595,4.1374556409815954e-05,0.004340277777777778,0.005208333333333333,0.0010650151719649632,0.0013855199019114177,0.7450000047683716
1,118,adaptive_crosssdc_cmr,hinge,1.0,0.1,0.6652872429953681,2.98847852812873,3.753029982248942,0.298847852812873,0.00042403366064213007,4.240336606421301e-05,0.008680555555555556,0.008680555555555556,0.0016961356418000327,0.002451989385816786,0.7429999709129333
1,119,adaptive_crosssdc_cmr,hinge,1.0,0.1,0.673408654001024,2.984112713072035,3.7581046422322593,0.2984112713072035,0.000136017343215321,1.36017343215321e-05,0.0,0.006944444444444444,0.000635461053914494,0.00206625544362598,0.746999979019165
1,120,adaptive_crosssdc_cmr,hinge,1.0,0.1,0.6740829944610596,2.992177142037286,3.7893421385023327,0.2992177142037286,0.0004084452739334665,4.0844527393346656e-05,0.006076388888888889,0.0078125,0.0018436647951602936,0.0025013701783286203,0.7459999918937683
1,121,adaptive_crosssdc_cmr,hinge,1.0,0.1,0.6641948421796163,2.960552374521891,3.765908029344347,0.29605523745218915,0.00038930866058864113,3.893086605886412e-05,0.009548611111111112,0.004340277777777778,0.0023110397160053253,0.0017645594974358876,0.7409999966621399
1,122,adaptive_crosssdc_cmr,hinge,1.0,0.1,0.6643747025065951,2.9716623624165854,3.7762488524119058,0.29716623624165855,0.00038968662071662646,3.896866207166265e-05,0.006944444444444444,0.009548611111111112,0.0014484907603926128,0.0026084163950549234,0.734000027179718
1,123,adaptive_crosssdc_cmr,hinge,1.0,0.1,0.682821253935496,2.9816046290927463,3.7984569602542453,0.2981604629092746,0.00039704745111319225,3.970474511131923e-05,0.008680555555555556,0.008680555555555556,0.0019222431712680394,0.0024771152271164786,0.7350000143051147
1,124,adaptive_crosssdc_cmr,hinge,1.0,0.1,0.6774015890227424,2.9940257337358265,3.7834121121300592,0.29940257337358267,0.00027805090697559837,2.7805090697559837e-05,0.006944444444444444,0.0078125,0.0018363015519248114,0.0017469521198007795,0.7440000176429749
1,125,adaptive_crosssdc_cmr,hinge,1.0,0.1,0.6599791977140639,2.9605048762427435,3.743526485231188,0.2960504876242744,0.00019576424407811524,1.9576424407811524e-05,0.004340277777777778,0.006944444444444444,0.0014296051942639882,0.002102073695924547,0.7419999837875366
1,126,adaptive_crosssdc_cmr,hinge,1.0,0.1,0.6565026707119412,2.967385450998942,3.7781898975372314,0.2967385450998942,0.00042418001329578046,4.241800132957805e-05,0.0078125,0.008680555555555556,0.002145373365945286,0.0024514388706949023,0.7459999918937683
1,127,adaptive_crosssdc_cmr,hinge,1.0,0.1,0.6559492150942484,2.95485790570577,3.7505445215437145,0.295485790570577,0.00040684396582138207,4.068439658213821e-05,0.006076388888888889,0.012152777777777778,0.001794700821240743,0.0021867292622725167,0.7390000224113464
1,128,adaptive_crosssdc_cmr,hinge,1.0,0.1,0.6488164928224351,2.9507394896613226,3.775284661187066,0.29507394896613226,0.0004674357737207578,4.6743577372075785e-05,0.006944444444444444,0.012152777777777778,0.0019526496115658018,0.002756914330853356,0.7369999885559082
1,129,adaptive_crosssdc_cmr,hinge,1.0,0.1,0.656756169266171,2.9419324133131237,3.762760427263048,0.29419324133131236,0.0003611378019235821,3.611378019235821e-05,0.006944444444444444,0.009548611111111112,0.0018645798166592915,0.0021276109748416478,0.7360000014305115
1,130,adaptive_crosssdc_cmr,hinge,1.0,0.1,0.6544761922624376,2.9263990190294056,3.7518974939982095,0.2926399019029406,0.00045897817967165285,4.5897817967165285e-05,0.009548611111111112,0.008680555555555556,0.002313013912902938,0.0019933097064495087,0.7559999823570251
1,131,adaptive_crosssdc_cmr,hinge,1.0,0.1,0.6523780292934842,2.9505907694498696,3.760210884941949,0.29505907694498695,0.0003606393195999165,3.606393195999165e-05,0.006944444444444444,0.006076388888888889,0.0021114728103081384,0.001388956689172321,0.7379999756813049
1,132,adaptive_crosssdc_cmr,hinge,1.0,0.1,0.6567515598403083,2.9516719977060952,3.7640017668406167,0.2951671997706095,0.000259117191389022,2.59117191389022e-05,0.005208333333333333,0.005208333333333333,0.0015736129134893417,0.0017552206085787879,0.7480000257492065
1,133,adaptive_crosssdc_cmr,hinge,1.0,0.1,0.645852718088362,2.934573385450575,3.75978594356113,0.2934573385450575,0.00017137359201216087,1.7137359201216086e-05,0.0026041666666666665,0.010416666666666666,0.000958578454123603,0.0023752757244639927,0.7459999918937683
1,134,adaptive_crosssdc_cmr,hinge,1.0,0.1,0.6447757482528687,2.9365255567762585,3.7676760620541043,0.2936525556776259,0.00023329434770857915,2.3329434770857916e-05,0.0078125,0.004340277777777778,0.001757957869105869,0.001432241251071294,0.7360000014305115
1,135,adaptive_crosssdc_cmr,hinge,1.0,0.1,0.6445852451854281,2.915976153479682,3.7588524288601346,0.2915976153479682,0.0005596104828226897,5.596104828226897e-05,0.005208333333333333,0.012152777777777778,0.0015700221475627688,0.0033367983996868134,0.7409999966621399
1,136,adaptive_crosssdc_cmr,hinge,1.0,0.1,0.6455059581332736,2.9318348036872015,3.7614149252573648,0.29318348036872016,0.00022473435900691483,2.2473435900691485e-05,0.0026041666666666665,0.0078125,0.0010489761415455076,0.0020691541333993277,0.746999979019165
1,137,adaptive_crosssdc_cmr,hinge,1.0,0.1,0.6406978103849623,2.91225356525845,3.748380184173584,0.291225356525845,0.0003845253037676836,3.8452530376768366e-05,0.005208333333333333,0.010416666666666666,0.0013709653996758992,0.0023877041207419503,0.753000020980835
1,138,adaptive_crosssdc_cmr,hinge,1.0,0.1,0.6346334152751498,2.901142676671346,3.755129999584622,0.2901142676671346,0.0003177275904009649,3.177275904009649e-05,0.005208333333333333,0.006076388888888889,0.0014600950396723216,0.002462395363383823,0.7459999918937683
1,139,adaptive_crosssdc_cmr,hinge,1.0,0.1,0.6415106852849325,2.8881022930145264,3.751499440934923,0.28881022930145267,0.00040211657566639286,4.021165756663929e-05,0.0026041666666666665,0.010416666666666666,0.001088850200176239,0.0025531318452623156,0.753000020980835
1,140,adaptive_crosssdc_cmr,hinge,1.0,0.1,0.6422400010956658,2.9248572985331216,3.7769572734832764,0.29248572985331217,0.0005056506108505548,5.056506108505548e-05,0.0078125,0.011284722222222222,0.001992629427048895,0.002920817169878218,0.7329999804496765
1,141,adaptive_crosssdc_cmr,hinge,1.0,0.1,0.643284281094869,2.9255538251664905,3.722751008139716,0.2925553825166491,0.0002649530628736506,2.649530628736506e-05,0.004340277777777778,0.0078125,0.0014757162166966333,0.002343328462706672,0.746999979019165
1,142,adaptive_crosssdc_cmr,hinge,1.0,0.1,0.6347982883453369,2.894249439239502,3.769793881310357,0.2894249439239502,0.000367301234897847,3.6730123489784705e-05,0.004340277777777778,0.008680555555555556,0.001601753756403923,0.002183582219812605,0.7419999837875366
1,143,adaptive_crosssdc_cmr,hinge,1.0,0.1,0.6374964846505059,2.9072428014543323,3.760727538002862,0.2907242801454332,0.0004997169113873193,4.997169113873194e-05,0.0078125,0.0078125,0.0019102378023995294,0.0025051567289564344,0.7480000257492065
1,144,adaptive_crosssdc_cmr,hinge,1.0,0.1,0.6424042781194051,2.897949695587158,3.776506159040663,0.2897949695587158,0.0005412158595087627,5.412158595087627e-05,0.006944444444444444,0.0078125,0.0021364372223615646,0.0025727012091212803,0.7519999742507935
1,145,adaptive_crosssdc_cmr,hinge,1.0,0.1,0.6367851032151116,2.878043625089857,3.7410448922051325,0.2878043625089857,0.0005043877172283828,5.043877172283828e-05,0.009548611111111112,0.0078125,0.0018156926251120037,0.0026661335594124263,0.7459999918937683
1,146,adaptive_crosssdc_cmr,hinge,1.0,0.1,0.6356912189059787,2.8804883427090116,3.735052055782742,0.28804883427090117,0.0005406737974327472,5.4067379743274724e-05,0.006944444444444444,0.0078125,0.0016704764631059435,0.0023704469203948975,0.7480000257492065
1,147,adaptive_crosssdc_cmr,hinge,1.0,0.1,0.6372331645753648,2.8996101750267878,3.7607605987124972,0.2899610175026788,0.00042249200891496404,4.2249200891496406e-05,0.006944444444444444,0.009548611111111112,0.0017257951613929537,0.00292307800716824,0.7440000176429749
1,148,adaptive_crosssdc_cmr,hinge,1.0,0.1,0.6280321545071073,2.8683549298180475,3.746825483110216,0.2868354929818048,0.0004554359588332267,4.554359588332267e-05,0.005208333333333333,0.013020833333333334,0.0014378128366337882,0.0031499353547890982,0.7409999966621399
1,149,adaptive_crosssdc_cmr,hinge,1.0,0.1,0.6302799317571852,2.873691611819797,3.7291333940294056,0.2873691611819797,9.698985053950714e-05,9.698985053950715e-06,0.001736111111111111,0.005208333333333333,0.0007544290274381638,0.0018526862064997356,0.7400000095367432
1,150,adaptive_crosssdc_cmr,hinge,1.0,0.1,0.6303555634286668,2.8778604666392007,3.7665593094295926,0.2877860466639201,0.000518785394281925,5.187853942819251e-05,0.006944444444444444,0.010416666666666666,0.0016953516751527786,0.002323274811108907,0.7519999742507935
1,151,adaptive_crosssdc_cmr,hinge,1.0,0.1,0.6298482484287686,2.8681692017449274,3.7507644494374595,0.28681692017449273,0.0002996850220774326,2.996850220774326e-05,0.006944444444444444,0.0078125,0.0015937034040689468,0.001794396589199702,0.7480000257492065
1,152,adaptive_crosssdc_cmr,hinge,1.0,0.1,0.6323394974072775,2.865737411710951,3.761856608920627,0.2865737411710951,0.0003926845795881996,3.9268457958819966e-05,0.0078125,0.0078125,0.0018140897154808044,0.002323177539640003,0.7509999871253967
1,153,adaptive_crosssdc_cmr,hinge,1.0,0.1,0.622827238506741,2.881349351671007,3.757865561379327,0.2881349351671007,0.00044939450971368287,4.493945097136829e-05,0.004340277777777778,0.011284722222222222,0.0016587802933322059,0.0031273915535873836,0.7570000290870667
1,154,adaptive_crosssdc_cmr,hinge,1.0,0.1,0.6259182095527649,2.867861853705512,3.759532239702013,0.2867861853705512,0.0006737512804748905,6.737512804748905e-05,0.008680555555555556,0.013020833333333334,0.00218755379319191,0.003173484570450253,0.7549999952316284
1,155,adaptive_crosssdc_cmr,hinge,1.0,0.1,0.6275283363130357,2.850559261110094,3.763418542014228,0.28505592611100944,0.00048653481402046356,4.8653481402046356e-05,0.004340277777777778,0.012152777777777778,0.0015372013052304585,0.002643677509493298,0.7540000081062317
1,156,adaptive_crosssdc_cmr,hinge,1.0,0.1,0.6326636672019958,2.8552230728997126,3.764477809270223,0.28552230728997124,0.000655306781279958,6.55306781279958e-05,0.011284722222222222,0.011284722222222222,0.002331728529598978,0.0031314512921704184,0.7490000128746033
1,157,adaptive_crosssdc_cmr,hinge,1.0,0.1,0.6397713489002652,2.895946820576986,3.758129119873047,0.2895946820576986,0.0002469624919790982,2.469624919790982e-05,0.005208333333333333,0.003472222222222222,0.0012772132953008015,0.0016721056567298041,0.7390000224113464
1,158,adaptive_crosssdc_cmr,hinge,1.0,0.1,0.6285894446902804,2.859962224960327,3.7665079964531794,0.28599622249603274,0.00022024919275685938,2.202491927568594e-05,0.005208333333333333,0.006076388888888889,0.0014114373673995335,0.001510889579852422,0.753000020980835
1,159,adaptive_crosssdc_cmr,hinge,1.0,0.1,0.6316756672329373,2.877090719011095,3.769372728135851,0.2877090719011095,0.0006128377766193202,6.128377766193202e-05,0.006944444444444444,0.013888888888888888,0.0021744200752841104,0.003393209228912989,0.7409999966621399
1,160,adaptive_crosssdc_cmr,hinge,1.0,0.1,0.6316163473659091,2.878035386403402,3.7546777460310192,0.2878035386403402,0.00038441481430911354,3.844148143091136e-05,0.005208333333333333,0.008680555555555556,0.001862803887989786,0.002850781712267134,0.7490000128746033
1,161,adaptive_crosssdc_cmr,hinge,1.0,0.1,0.6344543033175998,2.8592291143205433,3.7683449586232505,0.28592291143205434,0.0005550984141235757,5.550984141235757e-05,0.009548611111111112,0.0078125,0.002259370974368519,0.002287528995010588,0.7429999709129333
1,162,adaptive_crosssdc_cmr,hinge,1.0,0.1,0.6322656340069241,2.8633229467603893,3.7635311815473766,0.28633229467603893,0.0005040706277617977,5.0407062776179776e-05,0.004340277777777778,0.008680555555555556,0.0018784281694226796,0.0026472897993193734,0.7590000033378601
1,163,adaptive_crosssdc_cmr,hinge,1.0,0.1,0.6299872398376465,2.8556706640455456,3.7645784748925104,0.2855670664045546,0.00044426067971572693,4.44260679715727e-05,0.006076388888888889,0.011284722222222222,0.0020308742920557656,0.0029261882106463113,0.746999979019165
1,164,adaptive_crosssdc_cmr,hinge,1.0,0.1,0.6348608864678277,2.851972394519382,3.7683662838406033,0.2851972394519382,0.0006207704007263399,6.2077040072634e-05,0.010416666666666666,0.010416666666666666,0.002572886645793915,0.0027545326285892064,0.75
1,165,adaptive_crosssdc_cmr,hinge,1.0,0.1,0.6372197535302904,2.853247430589464,3.7556862036387124,0.28532474305894645,0.00034546048037656065,3.4546048037656065e-05,0.0078125,0.008680555555555556,0.0017155222594738007,0.002375622590382894,0.7519999742507935
1,166,adaptive_crosssdc_cmr,hinge,1.0,0.1,0.6293948822551303,2.847667243745592,3.7778179380628796,0.28476672437455924,0.0005309150017435766,5.3091500174357665e-05,0.006944444444444444,0.005208333333333333,0.0022186158845822015,0.0019056304461426204,0.7519999742507935
1,167,adaptive_crosssdc_cmr,hinge,1.0,0.1,0.6157334314452277,2.8273984326256647,3.739520231882731,0.28273984326256646,0.0003242336016329419,3.242336016329419e-05,0.004340277777777778,0.006944444444444444,0.001481674818529023,0.0020598595341046653,0.746999979019165
1,168,adaptive_crosssdc_cmr,hinge,1.0,0.1,0.6141072246763442,2.836823728349474,3.753751754760742,0.2836823728349474,0.0004389429222000116,4.3894292220001164e-05,0.008680555555555556,0.008680555555555556,0.0024517644196748734,0.0021656929618782466,0.7490000128746033
1,169,adaptive_crosssdc_cmr,hinge,1.0,0.1,0.6102211210462782,2.8276304403940835,3.7155023680792914,0.2827630440394084,0.00017291934879419082,1.7291934879419082e-05,0.003472222222222222,0.0026041666666666665,0.0015161904609865611,0.0014404203328821394,0.7490000128746033
1,170,adaptive_crosssdc_cmr,hinge,1.0,0.1,0.6114429434140524,2.8064792686038547,3.7632408936818442,0.2806479268603855,0.0007836695553527938,7.836695553527939e-05,0.011284722222222222,0.010416666666666666,0.002601490459508366,0.003194643805424372,0.7509999871253967
1,171,adaptive_crosssdc_cmr,hinge,1.0,0.1,0.6159582866562737,2.8167614936828613,3.750257624520196,0.28167614936828617,0.0005181825933201859,5.181825933201859e-05,0.005208333333333333,0.011284722222222222,0.0017084721475839615,0.003015165941582786,0.7599999904632568
1,172,adaptive_crosssdc_cmr,hinge,1.0,0.1,0.6200937827428182,2.825258043077257,3.73437942398919,0.2825258043077257,0.00045799475386350724,4.579947538635073e-05,0.0078125,0.006944444444444444,0.001989022104276551,0.0022844643228583867,0.7429999709129333
1,173,adaptive_crosssdc_cmr,hinge,1.0,0.1,0.6108242803149753,2.8091975847880044,3.767462041642931,0.28091975847880046,0.0005375817854655907,5.375817854655907e-05,0.0078125,0.008680555555555556,0.0022714119404554367,0.0024082495106591117,0.7570000290870667
1,174,adaptive_crosssdc_cmr,hinge,1.0,0.1,0.6175902154710557,2.806535323460897,3.749867253833347,0.2806535323460897,0.0005929610977343853,5.929610977343853e-05,0.008680555555555556,0.009548611111111112,0.002088176500466135,0.0023890394303533766,0.7400000095367432
1,175,adaptive_crosssdc_cmr,hinge,1.0,0.1,0.6183059414227804,2.824562496609158,3.766811794704861,0.2824562496609158,0.00059017551312637,5.9017551312637e-05,0.008680555555555556,0.009548611111111112,0.0017911425481239955,0.002986702240175671,0.7519999742507935
1,176,adaptive_crosssdc_cmr,hinge,1.0,0.1,0.6169001857439677,2.828757153617011,3.7423969639672174,0.28287571536170114,0.00048508810707264475,4.850881070726448e-05,0.008680555555555556,0.009548611111111112,0.002060532776845826,0.002504770126607683,0.7490000128746033
1,177,adaptive_crosssdc_cmr,hinge,1.0,0.1,0.6569717725118002,2.836857795715332,3.7612306276957193,0.28368577957153324,0.0007222542998432699,7.222542998432699e-05,0.0078125,0.012152777777777778,0.0023747094803386265,0.0030754825307263266,0.7409999966621399
1,178,adaptive_crosssdc_cmr,hinge,1.0,0.1,0.6408731076452467,2.8389814959632025,3.7533713711632624,0.28389814959632026,0.000702518034409473,7.025180344094729e-05,0.011284722222222222,0.008680555555555556,0.0027791946712467405,0.0024655258489979636,0.7630000114440918
1,179,adaptive_crosssdc_cmr,hinge,1.0,0.1,0.6318325466579862,2.827680084440443,3.7524759504530163,0.2827680084440443,0.000570911175196266,5.7091117519626605e-05,0.006944444444444444,0.009548611111111112,0.0017916332516405317,0.0028644841578271654,0.7549999952316284
1,180,adaptive_crosssdc_cmr,hinge,1.0,0.1,0.6292721231778463,2.8401508861117892,3.7743366029527454,0.2840150886111789,0.000340069906896032,3.40069906896032e-05,0.0078125,0.006076388888888889,0.0021088700741529465,0.00210979539487097,0.7730000019073486
1,181,adaptive_crosssdc_cmr,hinge,1.0,0.1,0.6250231597158644,2.839200841055976,3.7761853535970054,0.2839200841055976,0.0007060343121136409,7.06034312113641e-05,0.0078125,0.013020833333333334,0.0017752901961406071,0.0035465024411678314,0.7570000290870667
1,182,adaptive_crosssdc_cmr,hinge,1.0,0.1,0.6126495268609788,2.814196242226495,3.75958244005839,0.2814196242226495,0.0003710097573477671,3.7100975734776715e-05,0.0026041666666666665,0.010416666666666666,0.0012690861605935628,0.002973100791374842,0.753000020980835
1,183,adaptive_crosssdc_cmr,hinge,1.0,0.1,0.6177641550699869,2.824212074279785,3.7608337137434216,0.28242120742797855,0.0006349750959392016,6.349750959392017e-05,0.010416666666666666,0.0078125,0.002741042731536759,0.0025716502633359698,0.7390000224113464
1,184,adaptive_crosssdc_cmr,hinge,1.0,0.1,0.6063772572411431,2.7903758419884577,3.753589285744561,0.2790375841988458,0.0005372485643925352,5.372485643925353e-05,0.005208333333333333,0.009548611111111112,0.0013734004977676603,0.0031717134018739066,0.7540000081062317
1,185,adaptive_crosssdc_cmr,hinge,1.0,0.1,0.6089626616901822,2.78344464302063,3.7459510962168374,0.278344464302063,0.0005182831656485279,5.1828316564852795e-05,0.009548611111111112,0.0078125,0.0022222366597917345,0.001921719147099389,0.7590000033378601
1,186,adaptive_crosssdc_cmr,hinge,1.0,0.1,0.6089729203118218,2.766669591267904,3.7634187009599476,0.2766669591267904,0.0005363198102309576,5.363198102309576e-05,0.0078125,0.012152777777777778,0.0017015385544962352,0.0036971254481209647,0.7490000128746033
1,187,adaptive_crosssdc_cmr,hinge,1.0,0.1,0.6071134408315023,2.7702162000868054,3.7504513528611927,0.2770216200086805,0.0004487698594554483,4.4876985945544834e-05,0.0078125,0.013020833333333334,0.002053078677919176,0.0036003324720594618,0.7609999775886536
1,188,adaptive_crosssdc_cmr,hinge,1.0,0.1,0.6082076496548123,2.7776412963867188,3.776399400499132,0.27776412963867186,0.0006556741637824518,6.556741637824517e-05,0.008680555555555556,0.012152777777777778,0.0022518407139513227,0.003573959486352073,0.75
1,189,adaptive_crosssdc_cmr,hinge,1.0,0.1,0.6122984952396817,2.7724631097581653,3.747002946005927,0.27724631097581653,0.0008246565266745165,8.246565266745165e-05,0.011284722222222222,0.011284722222222222,0.0027331865082184472,0.002811042384968864,0.7450000047683716
1,190,adaptive_crosssdc_cmr,hinge,1.0,0.1,0.608079281118181,2.7768541442023382,3.755712535646227,0.2776854144202338,0.00023409816397664449,2.340981639766445e-05,0.003472222222222222,0.008680555555555556,0.0011235220978657405,0.0023779115743107265,0.7649999856948853
1,191,adaptive_crosssdc_cmr,hinge,1.0,0.1,0.6166600055164762,2.7906494140625,3.766113175286187,0.27906494140625,0.0006670406698200774,6.670406698200774e-05,0.006944444444444444,0.013888888888888888,0.0022676042798492643,0.003289802206887139,0.7559999823570251
1,192,adaptive_crosssdc_cmr,hinge,1.0,0.1,0.6225217448340522,2.803684287601047,3.7099042468600802,0.2803684287601047,0.000460190237693799,4.6019023769379905e-05,0.009548611111111112,0.006944444444444444,0.002239908609125349,0.002364519155687756,0.7590000033378601
1,193,adaptive_crosssdc_cmr,hinge,1.0,0.1,0.6175503730773926,2.802874300214979,3.7668954266442194,0.2802874300214979,0.00046467191390951886,4.646719139095189e-05,0.006076388888888889,0.009548611111111112,0.0016025023327933417,0.0030577650500668418,0.7580000162124634
1,194,adaptive_crosssdc_cmr,hinge,1.0,0.1,0.6068913473023309,2.7803340752919516,3.7672751744588218,0.2780334075291952,0.0008146533752248312,8.146533752248313e-05,0.010416666666666666,0.015625,0.0025541745126247406,0.0035414501196808284,0.7509999871253967
1,195,adaptive_crosssdc_cmr,hinge,1.0,0.1,0.5993983546892802,2.7588084273868136,3.7348035706414118,0.27588084273868135,3.8702123169463855e-05,3.870212316946386e-06,0.0,0.003472222222222222,0.0008855890482664108,0.0016558149622546302,0.7580000162124634
1,196,adaptive_crosssdc_cmr,hinge,1.0,0.1,0.598628944820828,2.7739007472991943,3.756860521104601,0.27739007472991944,0.0006972814242342591,6.972814242342591e-05,0.013020833333333334,0.011284722222222222,0.002452056027121014,0.0030457087688975865,0.7599999904632568
1,197,adaptive_crosssdc_cmr,hinge,1.0,0.1,0.5964724487728543,2.7603326638539634,3.7621714803907604,0.2760332663853963,0.0005800915265960308,5.8009152659603085e-05,0.0078125,0.012152777777777778,0.002296458515856001,0.0028845204247368705,0.7450000047683716
1,198,adaptive_crosssdc_cmr,hinge,1.0,0.1,0.6005423466364542,2.777398294872708,3.7423783938090005,0.2777398294872708,0.0003613150216147511,3.613150216147511e-05,0.0078125,0.010416666666666666,0.001908975342909495,0.002709086156553692,0.7570000290870667
1,199,adaptive_crosssdc_cmr,hinge,1.0,0.1,0.5988656878471375,2.7685243818495007,3.7365261713663735,0.2768524381849501,0.0004516319087189105,4.516319087189105e-05,0.010416666666666666,0.012152777777777778,0.002309329186876615,0.002421415928337309,0.7590000033378601
2,0,adaptive_crosssdc_cmr,hinge,1.0,0.1,2.4276875919765897,0.903408858511183,3.062617858250936,0.09034088585111831,0.38131433063083225,0.038131433063083225,0.828125,0.4895833333333333,0.7233316765891181,0.17468375133143532,0.5173333287239075
2,1,adaptive_crosssdc_cmr,hinge,1.0,0.1,1.6322160561879475,0.8200802206993103,3.0351778401268854,0.08200802206993103,0.2721187753809823,0.027211877538098228,0.9279513888888888,0.3472222222222222,0.5836488008499146,0.09443216191397773,0.5506666898727417
2,2,adaptive_crosssdc_cmr,hinge,1.0,0.1,1.315626687473721,0.7221386167738173,3.029937399758233,0.07221386167738174,0.18483002152707842,0.01848300215270784,0.8611111111111112,0.3315972222222222,0.4199960033098857,0.08001283887359831,0.5720000267028809
2,3,adaptive_crosssdc_cmr,hinge,1.0,0.1,1.1451784239874945,0.6685141854816012,3.054365290535821,0.06685141854816012,0.1391803663637903,0.013918036636379031,0.7907986111111112,0.3914930555555556,0.3204190929730733,0.09330779231256908,0.5746666789054871
2,4,adaptive_crosssdc_cmr,hinge,1.0,0.1,1.0294786029391818,0.6393871042463515,3.0706534650590687,0.06393871042463516,0.10677693784236908,0.010677693784236908,0.75,0.3741319444444444,0.2577968074215783,0.08963499714930852,0.5853333473205566
2,5,adaptive_crosssdc_cmr,hinge,1.0,0.1,0.9470076759656271,0.6203466587596469,3.083793110317654,0.06203466587596469,0.09451499498552746,0.009451499498552746,0.6875,0.3715277777777778,0.23050877783033583,0.08926104919777976,0.596666693687439
2,6,adaptive_crosssdc_cmr,hinge,1.0,0.1,0.8794022798538208,0.5853768719567193,3.0808249844445124,0.05853768719567193,0.07575972461038166,0.007575972461038166,0.6762152777777778,0.3151041666666667,0.2006818801164627,0.07699125839604272,0.6033333539962769
2,7,adaptive_crosssdc_cmr,hinge,1.0,0.1,0.8378152913517423,0.5983547104729546,3.120939254760742,0.05983547104729547,0.06487880647182465,0.006487880647182465,0.6137152777777778,0.3532986111111111,0.1710363576809565,0.08473706576559278,0.6159999966621399
2,8,adaptive_crosssdc_cmr,hinge,1.0,0.1,0.7891918023427328,0.5667412214808993,3.0954326258765326,0.05667412214808994,0.05678636787666215,0.005678636787666215,0.6041666666666666,0.2986111111111111,0.15969497627682155,0.07614215877321032,0.6299999952316284
2,9,adaptive_crosssdc_cmr,hinge,1.0,0.1,0.7573196689287821,0.5577089256710477,3.12847638130188,0.05577089256710477,0.04753864142629835,0.004753864142629835,0.5538194444444444,0.2673611111111111,0.14104692306783465,0.06919023104839855,0.6386666893959045
2,10,adaptive_crosssdc_cmr,hinge,1.0,0.1,0.7286911871698167,0.5450238585472107,3.1626867718166776,0.05450238585472107,0.04329256837566694,0.004329256837566694,0.5208333333333334,0.2569444444444444,0.13318676418728298,0.06604938209056854,0.6399999856948853
2,11,adaptive_crosssdc_cmr,hinge,1.0,0.1,0.6947056783570184,0.5248435305224525,3.16001738442315,0.05248435305224525,0.04041631602578693,0.004041631602578693,0.5034722222222222,0.2456597222222222,0.12823503133323458,0.0632244207792812,0.6513333320617676
2,12,adaptive_crosssdc_cmr,hinge,1.0,0.1,0.6681861016485426,0.5373533897929721,3.131860097249349,0.05373533897929721,0.03679379282726182,0.0036793792827261823,0.4635416666666667,0.2578125,0.1188784506585863,0.06557601483331786,0.653333306312561
2,13,adaptive_crosssdc_cmr,hinge,1.0,0.1,0.6538777550061544,0.5209315419197083,3.1874064869350858,0.05209315419197083,0.030357534272803202,0.0030357534272803205,0.4774305555555556,0.1736111111111111,0.11592981219291687,0.04840093354384104,0.656000018119812
2,14,adaptive_crosssdc_cmr,hinge,1.0,0.1,0.6376024087270101,0.49993950459692216,3.209739022784763,0.04999395045969222,0.03183627894355191,0.0031836278943551915,0.4227430555555556,0.24479166666666666,0.10727852251794603,0.06101733653081788,0.6653333306312561
2,15,adaptive_crosssdc_cmr,hinge,1.0,0.1,0.6239300303988986,0.5170519087049696,3.2183580663469105,0.051705190870496964,0.030106426320142217,0.0030106426320142218,0.4236111111111111,0.2092013888888889,0.10746717039081785,0.052251157661279045,0.6766666769981384
2,16,adaptive_crosssdc_cmr,hinge,1.0,0.1,0.6031015912691752,0.4908823569615682,3.2040643427107067,0.04908823569615682,0.02494330931868818,0.002494330931868818,0.3828125,0.20052083333333334,0.09530536664856805,0.05047562138901816,0.6766666769981384
2,17,adaptive_crosssdc_cmr,hinge,1.0,0.1,0.5852667159504361,0.46352936493025887,3.225308232837253,0.04635293649302589,0.02575910919242435,0.002575910919242435,0.3845486111111111,0.1857638888888889,0.09693529705206554,0.04918026510212156,0.6833333373069763
2,18,adaptive_crosssdc_cmr,hinge,1.0,0.1,0.5779143042034574,0.48453421394030255,3.2082649866739907,0.048453421394030256,0.02189461886882782,0.0021894618868827822,0.3550347222222222,0.18229166666666666,0.08878006289402644,0.04648258744014634,0.6853333115577698
2,19,adaptive_crosssdc_cmr,hinge,1.0,0.1,0.5613845189412435,0.4677129222287072,3.2413668632507324,0.04677129222287072,0.01997111861904462,0.001997111861904462,0.3350694444444444,0.1736111111111111,0.08207235899236467,0.045776320000489555,0.6899999976158142
2,20,adaptive_crosssdc_cmr,hinge,1.0,0.1,0.5512375500467088,0.4614933530489604,3.2083035575018988,0.04614933530489604,0.018562655688987836,0.0018562655688987837,0.3168402777777778,0.1701388888888889,0.08088691449827617,0.04403972335987621,0.6880000233650208
2,21,adaptive_crosssdc_cmr,hinge,1.0,0.1,0.5470464626948038,0.460476322306527,3.2103268835279675,0.0460476322306527,0.016371032119625144,0.0016371032119625144,0.2907986111111111,0.15538194444444445,0.07407649068368806,0.04142087408237987,0.6973333358764648
2,22,adaptive_crosssdc_cmr,hinge,1.0,0.1,0.5355547534094917,0.44893620742691887,3.2704386711120605,0.04489362074269189,0.018421151778764196,0.0018421151778764196,0.3220486111111111,0.15104166666666666,0.07832913845777512,0.04324465120832125,0.6940000057220459
2,23,adaptive_crosssdc_cmr,hinge,1.0,0.1,0.5218265453974406,0.4395639896392822,3.2461857000986734,0.04395639896392822,0.016133058298793104,0.0016133058298793104,0.2951388888888889,0.1328125,0.07347865319914287,0.03974277153611183,0.7006666660308838
2,24,adaptive_crosssdc_cmr,hinge,1.0,0.1,0.5117027130391862,0.4634156856271956,3.239575015174018,0.046341568562719565,0.01661834338059028,0.0016618343380590279,0.2942708333333333,0.1267361111111111,0.07495822136600812,0.04010995560222202,0.6993333101272583
2,25,adaptive_crosssdc_cmr,hinge,1.0,0.1,0.5023368729485406,0.4467257493072086,3.2567975521087646,0.04467257493072086,0.0115129921792282,0.00115129921792282,0.23958333333333334,0.14583333333333334,0.05946470217572318,0.04037331375810835,0.70333331823349
2,26,adaptive_crosssdc_cmr,hinge,1.0,0.1,0.5044353074497647,0.45094459586673313,3.2576334476470947,0.04509445958667332,0.013615815072423883,0.0013615815072423884,0.2803819444444444,0.12413194444444445,0.06819120877318913,0.03839375078678131,0.7073333263397217
2,27,adaptive_crosssdc_cmr,hinge,1.0,0.1,0.48535126116540694,0.42032741838031346,3.263462702433268,0.04203274183803135,0.012579594635301165,0.0012579594635301165,0.2326388888888889,0.1267361111111111,0.06047331997089916,0.037676986306905746,0.7066666483879089
2,28,adaptive_crosssdc_cmr,hinge,1.0,0.1,0.4833281073305342,0.41533849636713666,3.3053090307447643,0.041533849636713666,0.011628541371060742,0.0011628541371060742,0.2204861111111111,0.13020833333333334,0.05943520905243026,0.03636240834991137,0.7099999785423279
2,29,adaptive_crosssdc_cmr,hinge,1.0,0.1,0.47227245569229126,0.42165354556507534,3.2710235118865967,0.04216535455650754,0.012903769914474752,0.0012903769914474753,0.2699652777777778,0.10590277777777778,0.06548198105560409,0.03323771100905207,0.7126666903495789
2,30,adaptive_crosssdc_cmr,hinge,1.0,0.1,0.4658314784367879,0.43145570821232265,3.274384472105238,0.04314557082123227,0.010440963630874952,0.0010440963630874952,0.2144097222222222,0.11371527777777778,0.05510062393214968,0.03576272519098388,0.7106666564941406
2,31,adaptive_crosssdc_cmr,hinge,1.0,0.1,0.4588349560896556,0.41306888726022506,3.292237334781223,0.041306888726022506,0.009327117974559465,0.0009327117974559466,0.2126736111111111,0.07725694444444445,0.053754212541712657,0.03021736939748128,0.7146666646003723
2,32,adaptive_crosssdc_cmr,hinge,1.0,0.1,0.45428241623772514,0.4271395636929406,3.256012943055895,0.042713956369294065,0.008213701295769878,0.0008213701295769878,0.1892361111111111,0.109375,0.04966865852475166,0.036730851150221296,0.7166666388511658
2,33,adaptive_crosssdc_cmr,hinge,1.0,0.1,0.4467615650759803,0.3915850983725654,3.3253842459784613,0.03915850983725654,0.008696969650271866,0.0008696969650271867,0.18229166666666666,0.11024305555555555,0.04894235647386975,0.03556319491730796,0.7173333168029785
2,34,adaptive_crosssdc_cmr,hinge,1.0,0.1,0.44001681605974835,0.39417505595419144,3.3028476503160267,0.03941750559541915,0.008699820894334052,0.0008699820894334052,0.1970486111111111,0.08680555555555555,0.05067376419901848,0.03185958705014653,0.7206666469573975
2,35,adaptive_crosssdc_cmr,hinge,1.0,0.1,0.4387373427549998,0.4003840618663364,3.35888573858473,0.040038406186633645,0.009195617089668909,0.000919561708966891,0.20052083333333334,0.10503472222222222,0.05248432937595579,0.03321762051847246,0.7273333072662354
2,36,adaptive_crosssdc_cmr,hinge,1.0,0.1,0.4342869619528453,0.4089597860972087,3.322167158126831,0.04089597860972087,0.006407875257233779,0.0006407875257233779,0.1762152777777778,0.06684027777777778,0.04513251077797678,0.02812460230456458,0.7193333506584167
2,37,adaptive_crosssdc_cmr,hinge,1.0,0.1,0.4275449083911048,0.3887018726931678,3.3353597852918835,0.038870187269316785,0.00812453373024861,0.000812453373024861,0.1918402777777778,0.1032986111111111,0.04731094009346432,0.03451690450310707,0.7213333249092102
2,38,adaptive_crosssdc_cmr,hinge,1.0,0.1,0.4242346187432607,0.38697025510999894,3.3747117784288196,0.0386970255109999,0.0068605887289676405,0.0006860588728967641,0.15885416666666666,0.09461805555555555,0.04285964783695009,0.03241068290339576,0.7213333249092102
2,39,adaptive_crosssdc_cmr,hinge,1.0,0.1,0.41986817452642655,0.4043622778521644,3.270764562818739,0.04043622778521644,0.007636727609982093,0.0007636727609982093,0.1762152777777778,0.08333333333333333,0.04710766010814243,0.030446428805589676,0.7206666469573975
2,40,adaptive_crosssdc_cmr,hinge,1.0,0.1,0.4123154448138343,0.38258522086673313,3.3415363364749484,0.03825852208667332,0.006072127984629737,0.0006072127984629738,0.1640625,0.09114583333333333,0.04256464996271663,0.033254784842332206,0.7226666808128357
2,41,adaptive_crosssdc_cmr,hinge,1.0,0.1,0.4100724028216468,0.40003373556666905,3.3320736620161266,0.04000337355666691,0.006781435933791929,0.000678143593379193,0.16145833333333334,0.0876736111111111,0.04221968766715792,0.029930988119708166,0.731333315372467
2,42,adaptive_crosssdc_cmr,hinge,1.0,0.1,0.40276025070084465,0.3912963767846425,3.343585146798028,0.03912963767846425,0.006370453914213512,0.0006370453914213512,0.16493055555555555,0.0703125,0.04306403630309635,0.028392759048276477,0.7286666631698608
2,43,adaptive_crosssdc_cmr,hinge,1.0,0.1,0.3975884086555905,0.3901710311571757,3.314797692828708,0.03901710311571757,0.005252927283032073,0.0005252927283032073,0.1423611111111111,0.0954861111111111,0.03943153926067882,0.031487306786908045,0.7286666631698608
2,44,adaptive_crosssdc_cmr,hinge,1.0,0.1,0.39557163251770866,0.36864687005678815,3.3739749325646295,0.03686468700567882,0.005375720793381333,0.0005375720793381333,0.1467013888888889,0.07378472222222222,0.040235384884807796,0.029274769127368927,0.7300000190734863
2,45,adaptive_crosssdc_cmr,hinge,1.0,0.1,0.3913605279392666,0.35286666618453133,3.390050596661038,0.03528666661845314,0.004928845110245877,0.0004928845110245877,0.1328125,0.08680555555555555,0.03746996199091276,0.030452697227398556,0.7279999852180481
2,46,adaptive_crosssdc_cmr,hinge,1.0,0.1,0.394916832447052,0.37886497378349304,3.368321312798394,0.03788649737834931,0.00455275188303656,0.0004552751883036561,0.140625,0.08159722222222222,0.038333779407872096,0.028088736865255568,0.7286666631698608
2,47,adaptive_crosssdc_cmr,hinge,1.0,0.1,0.3891815443833669,0.370026922888226,3.4122298293643527,0.0370026922888226,0.003782100018320812,0.0003782100018320812,0.12152777777777778,0.0703125,0.03351304721501139,0.02905630071957906,0.731333315372467
2,48,adaptive_crosssdc_cmr,hinge,1.0,0.1,0.38213952713542515,0.375439316034317,3.398331986533271,0.0375439316034317,0.003369392555517455,0.00033693925555174553,0.1267361111111111,0.07291666666666667,0.03617050498723984,0.028859009345372517,0.734666645526886
2,49,adaptive_crosssdc_cmr,hinge,1.0,0.1,0.37721992201275295,0.35478243231773376,3.3833959102630615,0.03547824323177338,0.003836675314232707,0.0003836675314232707,0.1232638888888889,0.06336805555555555,0.035424374871783786,0.0279022426240974,0.7286666631698608
2,50,adaptive_crosssdc_cmr,hinge,1.0,0.1,0.3755529522895813,0.3640669716729058,3.3768422073788114,0.03640669716729058,0.003746260086902314,0.0003746260086902314,0.12065972222222222,0.06076388888888889,0.03349414591987928,0.02837070988284217,0.734000027179718
2,51,adaptive_crosssdc_cmr,hinge,1.0,0.1,0.37238720721668667,0.35533326533105636,3.366700437333849,0.03553332653310564,0.0040315322629693486,0.00040315322629693487,0.1171875,0.06944444444444445,0.03412011224362585,0.026552413900693256,0.731333315372467
2,52,adaptive_crosssdc_cmr,hinge,1.0,0.1,0.3696877227889167,0.36665666103363037,3.339522785610623,0.03666566610336304,0.0027010287675592634,0.00027010287675592636,0.09895833333333333,0.06163194444444445,0.03075304917163319,0.025929387658834457,0.7326666712760925
2,53,adaptive_crosssdc_cmr,hinge,1.0,0.1,0.3678405847814348,0.34983640246921116,3.3886102305518255,0.03498364024692112,0.0032412888766783807,0.0003241288876678381,0.1076388888888889,0.06944444444444445,0.031538750562402934,0.02629327318734593,0.7279999852180481
2,54,adaptive_crosssdc_cmr,hinge,1.0,0.1,0.3647639685206943,0.3587981098228031,3.381750954522027,0.03587981098228031,0.003328642626810405,0.00033286426268104054,0.1015625,0.058159722222222224,0.030309225122133892,0.026327237486839294,0.7366666793823242
2,55,adaptive_crosssdc_cmr,hinge,1.0,0.1,0.3634699218802982,0.34637095199690926,3.374466154310438,0.03463709519969093,0.0034997003773848214,0.00034997003773848216,0.11805555555555555,0.05642361111111111,0.033985637542274266,0.024689310126834445,0.734666645526886
2,56,adaptive_crosssdc_cmr,hinge,1.0,0.1,0.366934875647227,0.34812460674179924,3.367397599750095,0.034812460674179924,0.005711464470045434,0.0005711464470045434,0.1501736111111111,0.078125,0.03861606948905521,0.02777846571471956,0.734666645526886
2,57,adaptive_crosssdc_cmr,hinge,1.0,0.1,0.37230492300457424,0.34926273425420123,3.406465424431695,0.034926273425420123,0.004641258778671424,0.0004641258778671424,0.1345486111111111,0.07465277777777778,0.03482179964582125,0.025790308084752824,0.7386666536331177
2,58,adaptive_crosssdc_cmr,hinge,1.0,0.1,0.37051891618304783,0.35978031820721096,3.355953958299425,0.035978031820721096,0.005693307767311732,0.0005693307767311732,0.1440972222222222,0.08159722222222222,0.036099125113752156,0.027268101771672566,0.737333357334137
2,59,adaptive_crosssdc_cmr,hinge,1.0,0.1,0.3655236032274034,0.33872293101416695,3.4076377815670438,0.0338722931014167,0.0040741306729614735,0.00040741306729614736,0.11284722222222222,0.0685763888888889,0.03145734055174722,0.024224571469757292,0.7379999756813049
2,60,adaptive_crosssdc_cmr,hinge,1.0,0.1,0.36815811859236824,0.34138963288731045,3.4469561841752796,0.03413896328873105,0.004788690220771564,0.00047886902207715644,0.1293402777777778,0.058159722222222224,0.03316333103511068,0.02320976224210527,0.7360000014305115
2,61,adaptive_crosssdc_cmr,hinge,1.0,0.1,0.35860896441671586,0.32665671904881793,3.425390879313151,0.032665671904881795,0.0038085367996245623,0.00038085367996245625,0.11458333333333333,0.07291666666666667,0.030079268746905856,0.023789731164773304,0.7379999756813049
2,62,adaptive_crosssdc_cmr,hinge,1.0,0.1,0.35671455330318874,0.33617544505331254,3.4263696670532227,0.033617544505331255,0.003172790010770162,0.00031727900107701625,0.09809027777777778,0.059027777777777776,0.026813049076331988,0.021194470011525683,0.7393333315849304
2,63,adaptive_crosssdc_cmr,hinge,1.0,0.1,0.3538724117808872,0.3465329044395023,3.4144936667548285,0.034653290443950234,0.002471167335493697,0.0002471167335493697,0.0954861111111111,0.051215277777777776,0.027742650566829577,0.0231028004652924,0.7333333492279053
2,64,adaptive_crosssdc_cmr,hinge,1.0,0.1,0.3521118462085724,0.3309147126144833,3.4777736928727894,0.03309147126144833,0.002700549809055196,0.0002700549809055196,0.09375,0.05381944444444445,0.028542852236164942,0.0223269731634193,0.7386666536331177
2,65,adaptive_crosssdc_cmr,hinge,1.0,0.1,0.3437221315171983,0.33658811781141496,3.400347948074341,0.033658811781141496,0.0029977935935474103,0.0002997793593547411,0.10416666666666667,0.059027777777777776,0.030499019970496494,0.02427752398782306,0.737333357334137
2,66,adaptive_crosssdc_cmr,hinge,1.0,0.1,0.34859469201829696,0.3373887671364678,3.421761406792535,0.03373887671364678,0.0022741138495297897,0.00022741138495297898,0.078125,0.052083333333333336,0.025505544824732676,0.02268598021732436,0.7400000095367432
2,67,adaptive_crosssdc_cmr,hinge,1.0,0.1,0.34379614061779445,0.3368694649802314,3.4459282292260065,0.03368694649802314,0.002918482085482942,0.0002918482085482942,0.1015625,0.049479166666666664,0.02884482095638911,0.02189517393708229,0.7400000095367432
2,68,adaptive_crosssdc_cmr,hinge,1.0,0.1,0.3360711965296004,0.32744036118189496,3.4277436203426785,0.0327440361181895,0.0016826019725865787,0.00016826019725865789,0.0720486111111111,0.04774305555555555,0.023356762611203723,0.023342683911323547,0.7413333058357239
2,69,adaptive_crosssdc_cmr,hinge,1.0,0.1,0.33900853329234654,0.3292396267255147,3.4373588826921253,0.032923962672551474,0.0030245747443081606,0.0003024574744308161,0.09722222222222222,0.04513888888888889,0.028118412527773116,0.024327727655569713,0.7379999756813049
2,70,adaptive_crosssdc_cmr,hinge,1.0,0.1,0.3387560314602322,0.3400040070215861,3.427550686730279,0.034000400702158616,0.0023191955664919484,0.00023191955664919486,0.09375,0.05555555555555555,0.02807456420527564,0.023045971161789365,0.7419999837875366
2,71,adaptive_crosssdc_cmr,hinge,1.0,0.1,0.33866408798429704,0.3313564757506053,3.4306359555986194,0.03313564757506053,0.0023268365637502736,0.00023268365637502738,0.08159722222222222,0.06770833333333333,0.025194639133082494,0.026473489072587755,0.7433333396911621
2,72,adaptive_crosssdc_cmr,hinge,1.0,0.1,0.3436179823345608,0.3398682475090027,3.403785546620687,0.03398682475090027,0.002149996490010785,0.0002149996490010785,0.08680555555555555,0.042534722222222224,0.025825497176912095,0.020454184462626774,0.7413333058357239
2,73,adaptive_crosssdc_cmr,hinge,1.0,0.1,0.3359036280049218,0.3105240199300978,3.4490597248077393,0.031052401993009782,0.0025514919931689897,0.00025514919931689896,0.0920138888888889,0.050347222222222224,0.026813761227660708,0.022591239048375025,0.7440000176429749
2,74,adaptive_crosssdc_cmr,hinge,1.0,0.1,0.3461885419156816,0.32969576120376587,3.4288174046410456,0.03296957612037659,0.006978013397504886,0.0006978013397504887,0.15885416666666666,0.06597222222222222,0.0393624065650834,0.023960426449775696,0.7406666874885559
2,75,adaptive_crosssdc_cmr,hinge,1.0,0.1,0.343099617295795,0.32332929306560093,3.4160632292429605,0.03233292930656009,0.003546259986857573,0.0003546259986857573,0.11197916666666667,0.051215277777777776,0.028052878462606005,0.018815983914666705,0.7426666617393494
2,76,adaptive_crosssdc_cmr,hinge,1.0,0.1,0.3407190243403117,0.3309585087829166,3.41440478960673,0.033095850878291665,0.004548739176243544,0.0004548739176243544,0.1345486111111111,0.05555555555555555,0.03353745034999318,0.021619793855481677,0.7426666617393494
2,77,adaptive_crosssdc_cmr,hinge,1.0,0.1,0.3381675746705797,0.32913436492284137,3.3872934447394476,0.03291343649228414,0.00319210569270783,0.000319210569270783,0.09722222222222222,0.057291666666666664,0.025546252106626827,0.020907241851091385,0.7419999837875366
2,78,adaptive_crosssdc_cmr,hinge,1.0,0.1,0.3362332185109456,0.3096645043955909,3.4582930405934653,0.03096645043955909,0.0035468251444399357,0.0003546825144439936,0.11805555555555555,0.05642361111111111,0.028734766360786226,0.02063129014439053,0.746666669845581
2,79,adaptive_crosssdc_cmr,hinge,1.0,0.1,0.33554643392562866,0.314197666115231,3.4484200477600098,0.0314197666115231,0.004673804725623793,0.0004673804725623793,0.11805555555555555,0.059895833333333336,0.030536518328719668,0.022063674198256597,0.7473333477973938
2,80,adaptive_crosssdc_cmr,hinge,1.0,0.1,0.3272322416305542,0.32800159189436173,3.4061068958706326,0.03280015918943618,0.0020629946892667147,0.00020629946892667148,0.06684027777777778,0.046875,0.022385557492574055,0.021483067009184096,0.7413333058357239
2,81,adaptive_crosssdc_cmr,hinge,1.0,0.1,0.32335782382223344,0.3131247295273675,3.459821965959337,0.03131247295273675,0.001921311512382494,0.00019213115123824942,0.07118055555555555,0.058159722222222224,0.023353839086161718,0.02158777912457784,0.7440000176429749
2,82,adaptive_crosssdc_cmr,hinge,1.0,0.1,0.316615535153283,0.30252054664823746,3.45111091931661,0.03025205466482375,0.001516856324289822,0.0001516856324289822,0.0642361111111111,0.030381944444444444,0.020978243814574346,0.016541065441237554,0.7446666955947876
2,83,adaptive_crosssdc_cmr,hinge,1.0,0.1,0.31440135174327427,0.3033846749199761,3.465880552927653,0.030338467491997614,0.0017824411754392916,0.00017824411754392916,0.06944444444444445,0.0390625,0.02039561089542177,0.020116965803835127,0.7446666955947876
2,84,adaptive_crosssdc_cmr,hinge,1.0,0.1,0.3199889063835144,0.31828930974006653,3.4707349406348333,0.03182893097400665,0.0015427919699706966,0.00015427919699706968,0.058159722222222224,0.04079861111111111,0.02120715876420339,0.019588915838135615,0.7446666955947876
2,85,adaptive_crosssdc_cmr,hinge,1.0,0.1,0.31899106833669877,0.30595821473333573,3.5142079724205866,0.030595821473333576,0.002053623928481506,0.00020536239284815063,0.078125,0.050347222222222224,0.0226222173207336,0.020189587854676776,0.7419999837875366
2,86,adaptive_crosssdc_cmr,hinge,1.0,0.1,0.3229051861498091,0.3218911223941379,3.4418973128000894,0.03218911223941379,0.0018517672239492338,0.0001851767223949234,0.06944444444444445,0.044270833333333336,0.02194640909632047,0.019657190889120102,0.7513333559036255
2,87,adaptive_crosssdc_cmr,hinge,1.0,0.1,0.32304632663726807,0.325928916533788,3.4798289669884577,0.0325928916533788,0.0017854283537922634,0.00017854283537922636,0.06510416666666667,0.04600694444444445,0.020873812751637563,0.019676057000954945,0.746666669845581
2,88,adaptive_crosssdc_cmr,hinge,1.0,0.1,0.3182495998011695,0.32002734475665623,3.416735357708401,0.03200273447566562,0.0015971079184156326,0.00015971079184156327,0.06770833333333333,0.04079861111111111,0.020564359923203785,0.01871771241227786,0.7446666955947876
2,89,adaptive_crosssdc_cmr,hinge,1.0,0.1,0.312242070833842,0.3051417138841417,3.4552974700927734,0.03051417138841417,0.0016576152734665407,0.00016576152734665408,0.06076388888888889,0.041666666666666664,0.021888071050246555,0.019221700727939606,0.7433333396911621
2,90,adaptive_crosssdc_cmr,hinge,1.0,0.1,0.31188303232192993,0.30598512954182094,3.493099821938409,0.030598512954182096,0.0015542999867142902,0.00015542999867142903,0.06510416666666667,0.03732638888888889,0.02166028320789337,0.018838378704256482,0.7453333139419556
2,91,adaptive_crosssdc_cmr,hinge,1.0,0.1,0.30777863330311245,0.30500398410691154,3.448337581422594,0.030500398410691156,0.0014540124361196326,0.00014540124361196326,0.0642361111111111,0.041666666666666664,0.020907429771290884,0.02008972441156705,0.7493333220481873
2,92,adaptive_crosssdc_cmr,hinge,1.0,0.1,0.30807893474896747,0.3095207479265001,3.4593399630652533,0.03095207479265001,0.001120829489082098,0.00011208294890820981,0.05642361111111111,0.043402777777777776,0.020005697591437235,0.01893484468261401,0.7480000257492065
2,93,adaptive_crosssdc_cmr,hinge,1.0,0.1,0.3160030047098796,0.3080140981409285,3.4734752972920737,0.03080140981409285,0.0020923852894662153,0.00020923852894662155,0.0798611111111111,0.035590277777777776,0.023480405410130818,0.0191262269185649,0.7459999918937683
2,94,adaptive_crosssdc_cmr,hinge,1.0,0.1,0.30974149372842574,0.28984326124191284,3.4805354277292886,0.028984326124191287,0.002955375303928223,0.00029553753039282234,0.0920138888888889,0.03819444444444445,0.02562315182553397,0.019019173251258,0.7480000257492065
2,95,adaptive_crosssdc_cmr,hinge,1.0,0.1,0.30671457449595135,0.2981790403525035,3.451348384221395,0.02981790403525035,0.0025205344427376986,0.00025205344427376987,0.0920138888888889,0.05295138888888889,0.025322635968526203,0.018782491485277813,0.7540000081062317
2,96,adaptive_crosssdc_cmr,hinge,1.0,0.1,0.31488242745399475,0.3032553626431359,3.5021505620744495,0.030325536264313592,0.0019481999980699685,0.00019481999980699687,0.06163194444444445,0.04079861111111111,0.020574150813950434,0.01678837090730667,0.7480000257492065
2,97,adaptive_crosssdc_cmr,hinge,1.0,0.1,0.3232296374109056,0.3076096408896976,3.4758448865678577,0.030760964088969764,0.003778993501327932,0.0003778993501327932,0.1015625,0.044270833333333336,0.028149347752332687,0.01675607015689214,0.7473333477973938
2,98,adaptive_crosssdc_cmr,hinge,1.0,0.1,0.3232602808210585,0.30544453528192306,3.4701639811197915,0.03054445352819231,0.0039008420685099233,0.00039008420685099235,0.109375,0.035590277777777776,0.028261301418145496,0.016115477515591517,0.7433333396911621
2,99,adaptive_crosssdc_cmr,hinge,1.0,0.1,0.32054297460450065,0.3144313361909654,3.4860806465148926,0.03144313361909654,0.0031241729674446913,0.00031241729674446917,0.09809027777777778,0.043402777777777776,0.02559743697444598,0.017775127043326695,0.7459999918937683
2,100,adaptive_crosssdc_cmr,hinge,1.0,0.1,0.31455830732981366,0.30878201458189225,3.434088124169244,0.030878201458189227,0.0022620021546673444,0.00022620021546673446,0.0859375,0.04079861111111111,0.022274136129352782,0.016343899485137727,0.7493333220481873
2,101,adaptive_crosssdc_cmr,hinge,1.0,0.1,0.3071150581041972,0.28896203968260026,3.4952493243747287,0.028896203968260026,0.002027792480981184,0.00020277924809811843,0.06597222222222222,0.03732638888888889,0.020099395679103002,0.015395275834533904,0.7486666440963745
2,102,adaptive_crosssdc_cmr,hinge,1.0,0.1,0.3030656675497691,0.29504643546210396,3.471503390206231,0.029504643546210397,0.0018597017398052332,0.00018597017398052333,0.06076388888888889,0.044270833333333336,0.019005153742101457,0.01786891081266933,0.7493333220481873
2,103,adaptive_crosssdc_cmr,hinge,1.0,0.1,0.30663585662841797,0.2906276716126336,3.52972674369812,0.02906276716126336,0.0019072609591401285,0.00019072609591401285,0.06336805555555555,0.04774305555555555,0.01979725228415595,0.02114807027909491,0.753333330154419
2,104,adaptive_crosssdc_cmr,hinge,1.0,0.1,0.3009711040390862,0.2936239308781094,3.4632387426164417,0.02936239308781094,0.0014260149522063632,0.00014260149522063632,0.052083333333333336,0.028645833333333332,0.020228760316967964,0.014215641137626436,0.7453333139419556
2,105,adaptive_crosssdc_cmr,hinge,1.0,0.1,0.3029871384302775,0.2843889958328671,3.504374345143636,0.02843889958328671,0.0017117778382574518,0.0001711777838257452,0.06597222222222222,0.036458333333333336,0.021121800359752443,0.017247673124074936,0.7513333559036255
2,106,adaptive_crosssdc_cmr,hinge,1.0,0.1,0.30077367027600604,0.29473327265845406,3.493629296620687,0.02947332726584541,0.001491529433729334,0.00014915294337293343,0.058159722222222224,0.03993055555555555,0.019169019328223333,0.017268408917718463,0.7506666779518127
2,107,adaptive_crosssdc_cmr,hinge,1.0,0.1,0.30005185140503776,0.2911418543921577,3.5101340611775718,0.02911418543921577,0.0015518180508580473,0.00015518180508580475,0.06076388888888889,0.0234375,0.01997096050116751,0.015814841621451907,0.7480000257492065
2,108,adaptive_crosssdc_cmr,hinge,1.0,0.1,0.29998572998576695,0.3070904016494751,3.4684591823154025,0.03070904016494751,0.0012244087152390017,0.00012244087152390017,0.051215277777777776,0.030381944444444444,0.017661011053456202,0.01654591949449645,0.75
2,109,adaptive_crosssdc_cmr,hinge,1.0,0.1,0.29731159408887226,0.283185299899843,3.498790423075358,0.028318529989984298,0.0012140734276423852,0.00012140734276423853,0.05381944444444445,0.033854166666666664,0.018264854947725933,0.017674393124050565,0.7519999742507935
2,110,adaptive_crosssdc_cmr,hinge,1.0,0.1,0.30157756474283004,0.2861420445972019,3.535635577307807,0.02861420445972019,0.0015171658208904166,0.00015171658208904166,0.05642361111111111,0.03732638888888889,0.018484616859091654,0.017838132464223437,0.753333330154419
2,111,adaptive_crosssdc_cmr,hinge,1.0,0.1,0.30225123630629647,0.290392130613327,3.5019085672166614,0.029039213061332704,0.0014243270496889534,0.00014243270496889536,0.05642361111111111,0.034722222222222224,0.018869508057832718,0.016760437438885372,0.7480000257492065
2,112,adaptive_crosssdc_cmr,hinge,1.0,0.1,0.3011643886566162,0.294444782866372,3.471042182710436,0.0294444782866372,0.001744770263839099,0.00017447702638390993,0.051215277777777776,0.033854166666666664,0.020379981646935146,0.01610337280564838,0.7486666440963745
2,113,adaptive_crosssdc_cmr,hinge,1.0,0.1,0.29975783162646824,0.2981555693679386,3.4832110934787326,0.029815556936793858,0.0015604586482772396,0.00015604586482772398,0.07378472222222222,0.025173611111111112,0.020318809896707535,0.01571317927704917,0.75
2,114,adaptive_crosssdc_cmr,hinge,1.0,0.1,0.30587270855903625,0.2973117132981618,3.466199027167426,0.029731171329816182,0.003295099517951409,0.00032950995179514093,0.09722222222222222,0.05555555555555555,0.025719907134771347,0.018569108926587634,0.75
2,115,adaptive_crosssdc_cmr,hinge,1.0,0.1,0.3029581175910102,0.2908199727535248,3.5084129174550376,0.02908199727535248,0.002080440695863217,0.00020804406958632173,0.06770833333333333,0.042534722222222224,0.019265122297737334,0.015660182055499818,0.75
2,116,adaptive_crosssdc_cmr,hinge,1.0,0.1,0.2987803883022732,0.293635583586163,3.442191812727186,0.0293635583586163,0.001755306859397226,0.0001755306859397226,0.06336805555555555,0.024305555555555556,0.019957395891348522,0.014700195027722253,0.7519999742507935
2,117,adaptive_crosssdc_cmr,hinge,1.0,0.1,0.2998323109414842,0.2878503700097402,3.509154611163669,0.02878503700097402,0.002520534727308485,0.0002520534727308485,0.06510416666666667,0.0390625,0.02040111604664061,0.017747310714589223,0.7513333559036255
2,118,adaptive_crosssdc_cmr,hinge,1.0,0.1,0.2961040437221527,0.2897815936141544,3.457043170928955,0.028978159361415443,0.002325425357816534,0.00023254253578165342,0.0859375,0.0390625,0.023060408731301624,0.015529998060729768,0.7526666522026062
2,119,adaptive_crosssdc_cmr,hinge,1.0,0.1,0.29627667864163715,0.27817853291829425,3.497067266040378,0.027817853291829425,0.001776388914246733,0.00017763889142467332,0.0642361111111111,0.029513888888888888,0.020278416574001312,0.014679984500010809,0.7493333220481873
2,120,adaptive_crosssdc_cmr,hinge,1.0,0.1,0.30061544312371147,0.2828327715396881,3.46676066186693,0.028283277153968812,0.001651164985054897,0.0001651164985054897,0.057291666666666664,0.04774305555555555,0.018038028644190893,0.016011012097199757,0.7519999742507935
2,121,adaptive_crosssdc_cmr,hinge,1.0,0.1,0.29687579141722786,0.3026706013414595,3.469029876920912,0.030267060134145953,0.0016878194227400753,0.00016878194227400753,0.05295138888888889,0.036458333333333336,0.018030521770318348,0.014783206913206313,0.7526666522026062
2,122,adaptive_crosssdc_cmr,hinge,1.0,0.1,0.30072660247484845,0.28721026910675895,3.52544461356269,0.028721026910675896,0.001778437338847046,0.00017784373388470462,0.06163194444444445,0.03732638888888889,0.019426359484593075,0.014488577428791258,0.7540000081062317
2,123,adaptive_crosssdc_cmr,hinge,1.0,0.1,0.2990397910277049,0.2815964288181729,3.4759473535749645,0.028159642881817288,0.0015378464401389162,0.00015378464401389163,0.057291666666666664,0.029513888888888888,0.018332548025581572,0.014247597091727786,0.7513333559036255
2,124,adaptive_crosssdc_cmr,hinge,1.0,0.1,0.30031577083799577,0.2865777181254493,3.5365391042497425,0.028657771812544933,0.0021584879723377526,0.00021584879723377526,0.0703125,0.03125,0.02105711152156194,0.013811817185746299,0.7519999742507935
2,125,adaptive_crosssdc_cmr,hinge,1.0,0.1,0.29715097612804836,0.2879192696677314,3.4814604388342962,0.028791926966773143,0.0017556629221265514,0.00017556629221265516,0.05555555555555555,0.03732638888888889,0.017059851851728227,0.014754684021075567,0.7519999742507935
2,126,adaptive_crosssdc_cmr,hinge,1.0,0.1,0.2927824987305535,0.27832044164339703,3.5180078877343073,0.027832044164339705,0.0014922479296930963,0.00014922479296930965,0.058159722222222224,0.030381944444444444,0.018166532533036336,0.014840825978252623,0.7506666779518127
2,127,adaptive_crosssdc_cmr,hinge,1.0,0.1,0.295761055416531,0.28066330485873753,3.52996465894911,0.028066330485873755,0.0016782431501067346,0.00016782431501067348,0.058159722222222224,0.034722222222222224,0.01758481686313947,0.016229776458607778,0.7513333559036255
2,128,adaptive_crosssdc_cmr,hinge,1.0,0.1,0.2924533519479964,0.28188830614089966,3.49818311797248,0.028188830614089968,0.0019383911858312786,0.00019383911858312787,0.06770833333333333,0.03993055555555555,0.020494062453508377,0.017307382076978683,0.7486666440963745
2,129,adaptive_crosssdc_cmr,hinge,1.0,0.1,0.2974333663781484,0.27266206675105625,3.5489518112606473,0.027266206675105625,0.0017730924494874973,0.00017730924494874974,0.06597222222222222,0.03298611111111111,0.0191157679590914,0.013017970240778394,0.7553333044052124
2,130,adaptive_crosssdc_cmr,hinge,1.0,0.1,0.3008016149202983,0.2954261865880754,3.4922407468159995,0.029542618658807543,0.0018876797338533732,0.00018876797338533734,0.06510416666666667,0.030381944444444444,0.019549222456084356,0.012450092368655734,0.7540000081062317
2,131,adaptive_crosssdc_cmr,hinge,1.0,0.1,0.3281143075890011,0.29087863365809125,3.532281902101305,0.029087863365809125,0.005041774465805954,0.0005041774465805955,0.11979166666666667,0.04513888888888889,0.02916083112359047,0.01760136667225096,0.753333330154419
2,132,adaptive_crosssdc_cmr,hinge,1.0,0.1,0.3272736701700423,0.27538377046585083,3.5093970033857556,0.027538377046585086,0.007243721577752795,0.0007243721577752795,0.1293402777777778,0.05642361111111111,0.03496925450033612,0.018023211922910478,0.7573333382606506
2,133,adaptive_crosssdc_cmr,hinge,1.0,0.1,0.3081234031253391,0.2951640586058299,3.4949080679151745,0.02951640586058299,0.004957058027179705,0.0004957058027179705,0.11371527777777778,0.042534722222222224,0.029278569544355076,0.013491185588969124,0.7493333220481873
2,134,adaptive_crosssdc_cmr,hinge,1.0,0.1,0.30816279848416644,0.28724439938863117,3.485624816682604,0.028724439938863117,0.00252536838201599,0.00025253683820159904,0.06510416666666667,0.036458333333333336,0.019900073607762653,0.01340488675567839,0.7546666860580444
2,135,adaptive_crosssdc_cmr,hinge,1.0,0.1,0.2989956968360477,0.29680633876058793,3.5130682521396213,0.029680633876058793,0.0019554837684457502,0.00019554837684457503,0.058159722222222224,0.03993055555555555,0.018100773087806173,0.0134985637333658,0.7546666860580444
2,136,adaptive_crosssdc_cmr,hinge,1.0,0.1,0.2916588286558787,0.28149430950482685,3.4922971460554333,0.028149430950482685,0.0019630803532587984,0.00019630803532587985,0.06336805555555555,0.026909722222222224,0.017791139168871775,0.013210068974230025,0.7519999742507935
2,137,adaptive_crosssdc_cmr,hinge,1.0,0.1,0.28629278805520797,0.2677257822619544,3.5448748800489636,0.026772578226195443,0.0010791452126189445,0.00010791452126189446,0.044270833333333336,0.030381944444444444,0.014096474481953515,0.013543404224846099,0.7540000081062317
2,138,adaptive_crosssdc_cmr,hinge,1.0,0.1,0.28138140506214565,0.27546872695287067,3.523175981309679,0.027546872695287068,0.001040621996960706,0.00010406219969607061,0.042534722222222224,0.027777777777777776,0.014016031391090818,0.011460146556297937,0.753333330154419
2,139,adaptive_crosssdc_cmr,hinge,1.0,0.1,0.2780563036600749,0.2651793592505985,3.5320678287082248,0.02651793592505985,0.0006498738835539876,6.498738835539876e-05,0.03211805555555555,0.017361111111111112,0.01337686636381679,0.011572985185517205,0.7506666779518127
2,140,adaptive_crosssdc_cmr,hinge,1.0,0.1,0.2816995018058353,0.27013634973102146,3.545048819647895,0.02701363497310215,0.0006771381401146451,6.771381401146451e-05,0.03211805555555555,0.016493055555555556,0.01333937214480506,0.012733880430459976,0.7553333044052124
2,141,adaptive_crosssdc_cmr,hinge,1.0,0.1,0.28138841523064506,0.26962850160068935,3.5272298653920493,0.026962850160068937,0.000788531304957966,7.885313049579661e-05,0.024305555555555556,0.03125,0.012521960255172517,0.01440746419959598,0.753333330154419
2,142,adaptive_crosssdc_cmr,hinge,1.0,0.1,0.2809993127981822,0.2690364453527663,3.497747368282742,0.02690364453527663,0.0009229183746760504,9.229183746760504e-05,0.03993055555555555,0.030381944444444444,0.01445734997590383,0.01482762230767144,0.7459999918937683
2,143,adaptive_crosssdc_cmr,hinge,1.0,0.1,0.2902223865191142,0.2706536451975505,3.5303465790218778,0.02706536451975505,0.0018925826233397755,0.00018925826233397755,0.06684027777777778,0.03298611111111111,0.017662331461906433,0.015203158888551924,0.7526666522026062
2,144,adaptive_crosssdc_cmr,hinge,1.0,0.1,0.29423359367582536,0.2810776929060618,3.543977631462945,0.028107769290606183,0.0011913562355200863,0.00011913562355200863,0.043402777777777776,0.03125,0.014770635300212435,0.014035303973489337,0.7559999823570251
2,145,adaptive_crosssdc_cmr,hinge,1.0,0.1,0.2910198171933492,0.28376396497090656,3.5148944589826794,0.02837639649709066,0.0013892869982454511,0.00013892869982454512,0.05295138888888889,0.0390625,0.015698351793819003,0.014184261361757914,0.7540000081062317
2,146,adaptive_crosssdc_cmr,hinge,1.0,0.1,0.2859160270955827,0.26188616620169747,3.521338277392917,0.026188616620169747,0.0012413936654209262,0.00012413936654209263,0.04600694444444445,0.026041666666666668,0.01538801607158449,0.01322291667262713,0.7526666522026062
2,147,adaptive_crosssdc_cmr,hinge,1.0,0.1,0.28268588913811576,0.2718147602346208,3.551114903555976,0.027181476023462083,0.0011288226309665737,0.00011288226309665738,0.041666666666666664,0.03298611111111111,0.014214713540342119,0.01296078496509128,0.753333330154419
2,148,adaptive_crosssdc_cmr,hinge,1.0,0.1,0.28148577610651654,0.2775641646650102,3.4880966080559626,0.027756416466501024,0.0007559952371391571,7.559952371391572e-05,0.03993055555555555,0.026041666666666668,0.014154645717806287,0.012392504347695244,0.753333330154419
2,149,adaptive_crosssdc_cmr,hinge,1.0,0.1,0.2869740128517151,0.2731312612692515,3.5325335131751165,0.027313126126925154,0.0015255813874925177,0.0001525581387492518,0.04513888888888889,0.026909722222222224,0.01551911152071423,0.013085670355293486,0.7519999742507935
2,150,adaptive_crosssdc_cmr,hinge,1.0,0.1,0.29005492395824856,0.2609769188695484,3.5814192824893527,0.02609769188695484,0.0022737363275761404,0.00022737363275761405,0.05295138888888889,0.03819444444444445,0.017959001163641613,0.014922017438544167,0.7559999823570251
2,151,adaptive_crosssdc_cmr,hinge,1.0,0.1,0.2933426996072133,0.26053762270344627,3.545605924394396,0.02605376227034463,0.002724954871357315,0.00027249548713573153,0.08680555555555555,0.03211805555555555,0.02335743337041802,0.013601964132653343,0.7513333559036255
2,152,adaptive_crosssdc_cmr,hinge,1.0,0.1,0.3007895317342546,0.2823427418867747,3.516477108001709,0.028234274188677473,0.004300964608167608,0.00043009646081676087,0.08072916666666667,0.05381944444444445,0.024081510802110035,0.01520233808292283,0.7473333477973938
2,153,adaptive_crosssdc_cmr,hinge,1.0,0.1,0.31213972634739345,0.27391599118709564,3.5314203368292914,0.027391599118709566,0.004027662067932801,0.00040276620679328013,0.11024305555555555,0.025173611111111112,0.026638291362259123,0.009607187575764127,0.7480000257492065
2,154,adaptive_crosssdc_cmr,hinge,1.0,0.1,0.3091464042663574,0.27448852525817025,3.533274041281806,0.027448852525817025,0.005491881708924969,0.0005491881708924969,0.09809027777777778,0.042534722222222224,0.02818587360282739,0.013849442617760764,0.7566666603088379
2,155,adaptive_crosssdc_cmr,hinge,1.0,0.1,0.30106819338268703,0.2692021263970269,3.499236716164483,0.026920212639702693,0.002841314643673185,0.0002841314643673185,0.07378472222222222,0.0390625,0.01996662716070811,0.012251074115435282,0.7513333559036255
2,156,adaptive_crosssdc_cmr,hinge,1.0,0.1,0.2934466666645474,0.2838074366251628,3.523294793234931,0.028380743662516278,0.002463331853505224,0.0002463331853505224,0.0625,0.03211805555555555,0.017468528408143256,0.013235728359884687,0.75
2,157,adaptive_crosssdc_cmr,hinge,1.0,0.1,0.28727144996325177,0.2612607744004991,3.534859153959486,0.02612607744004991,0.0015355547204510206,0.00015355547204510208,0.041666666666666664,0.03125,0.01413994323876169,0.01230256880323092,0.7513333559036255
2,158,adaptive_crosssdc_cmr,hinge,1.0,0.1,0.28380053904321456,0.2581501834922367,3.569587654537625,0.02581501834922367,0.0010270738825460689,0.0001027073882546069,0.049479166666666664,0.026909722222222224,0.015262792507807413,0.011375118460920122,0.753333330154419
2,159,adaptive_crosssdc_cmr,hinge,1.0,0.1,0.2831946545177036,0.26529455019368064,3.554367012447781,0.026529455019368067,0.0011605617603183621,0.00011605617603183622,0.042534722222222224,0.021701388888888888,0.014097210019826889,0.01070589241054323,0.75
2,160,adaptive_crosssdc_cmr,hinge,1.0,0.1,0.2826721403333876,0.2654430998696221,3.518696414099799,0.026544309986962212,0.001475028305624922,0.00014750283056249222,0.04861111111111111,0.033854166666666664,0.01489932214220365,0.013879406783315871,0.7480000257492065
2,161,adaptive_crosssdc_cmr,hinge,1.0,0.1,0.2808709210819668,0.2568563057316674,3.532284392250909,0.02568563057316674,0.0007319516815995383,7.319516815995384e-05,0.033854166666666664,0.021701388888888888,0.012172640197806887,0.010249233080281151,0.7559999823570251
2,162,adaptive_crosssdc_cmr,hinge,1.0,0.1,0.28258009751637775,0.26520003543959725,3.550618357128567,0.026520003543959725,0.0010640409026463102,0.00010640409026463102,0.042534722222222224,0.03125,0.014054456104834875,0.013541330479913287,0.7513333559036255
2,163,adaptive_crosssdc_cmr,hinge,1.0,0.1,0.2794838017887539,0.2653028236495124,3.557402345869276,0.02653028236495124,0.0006693446298918894,6.693446298918895e-05,0.021701388888888888,0.024305555555555556,0.011529737462600073,0.01185931513706843,0.753333330154419
2,164,adaptive_crosssdc_cmr,hinge,1.0,0.1,0.27334555983543396,0.24604418377081552,3.5723275343577066,0.024604418377081553,0.0007987224800874376,7.987224800874376e-05,0.042534722222222224,0.019097222222222224,0.013903539627790451,0.01180731960468822,0.7493333220481873
2,165,adaptive_crosssdc_cmr,hinge,1.0,0.1,0.2755885256661309,0.2546595252222485,3.5988648732503257,0.02546595252222485,0.00102058256096724,0.000102058256096724,0.046875,0.025173611111111112,0.014025049904982248,0.011428695999913745,0.753333330154419
2,166,adaptive_crosssdc_cmr,hinge,1.0,0.1,0.2798430025577545,0.2638562073310216,3.566276603274875,0.02638562073310216,0.0010857053502048883,0.00010857053502048884,0.03993055555555555,0.027777777777777776,0.014720376167032454,0.01242165681388643,0.7526666522026062
2,167,adaptive_crosssdc_cmr,hinge,1.0,0.1,0.27443628509839374,0.24523383213414085,3.5850297609965005,0.024523383213414088,0.0008389442270223905,8.389442270223905e-05,0.0390625,0.024305555555555556,0.012774656216303507,0.01331070934732755,0.753333330154419
2,168,adaptive_crosssdc_cmr,hinge,1.0,0.1,0.28411714567078483,0.2816850244998932,3.560938411288791,0.02816850244998932,0.0008009722013311046,8.009722013311047e-05,0.03732638888888889,0.024305555555555556,0.01463784732752376,0.011336932165755166,0.7506666779518127
2,169,adaptive_crosssdc_cmr,hinge,1.0,0.1,0.2781868411435021,0.2620059649149577,3.5413218339284263,0.02620059649149577,0.0012134071827555697,0.00012134071827555698,0.04079861111111111,0.020833333333333332,0.014980128655831019,0.01058387921916114,0.7540000081062317
2,170,adaptive_crosssdc_cmr,hinge,1.0,0.1,0.2855151328775618,0.2707655727863312,3.539076328277588,0.027076557278633118,0.0018589195032190117,0.00018589195032190118,0.052083333333333336,0.04600694444444445,0.01612021215260029,0.014550567087199952,0.7513333559036255
2,171,adaptive_crosssdc_cmr,hinge,1.0,0.1,0.2899749047226376,0.2636255903376473,3.503389146592882,0.026362559033764735,0.002525484018001912,0.0002525484018001912,0.0685763888888889,0.030381944444444444,0.018793646660115983,0.01193991924325625,0.7526666522026062
2,172,adaptive_crosssdc_cmr,hinge,1.0,0.1,0.2916171948115031,0.25977471139695907,3.5740763346354165,0.02597747113969591,0.002588397797404064,0.0002588397797404064,0.05555555555555555,0.03211805555555555,0.017740721503893535,0.010202122231324514,0.7540000081062317
2,173,adaptive_crosssdc_cmr,hinge,1.0,0.1,0.2912057273917728,0.2672854827509986,3.590444564819336,0.026728548275099864,0.002135667911109825,0.00021356679111098252,0.06336805555555555,0.024305555555555556,0.018763453803128667,0.011721989760796228,0.7526666522026062
2,174,adaptive_crosssdc_cmr,hinge,1.0,0.1,0.28324782517221236,0.26449358959992725,3.507598294152154,0.026449358959992727,0.0016064061265852717,0.0001606406126585272,0.057291666666666664,0.028645833333333332,0.015040973822275797,0.011273781458536783,0.75
2,175,adaptive_crosssdc_cmr,hinge,1.0,0.1,0.2795927557680342,0.2564673440323936,3.548022985458374,0.02564673440323936,0.001614815665460709,0.0001614815665460709,0.05642361111111111,0.03298611111111111,0.017136634637912113,0.011652850856383642,0.75
2,176,adaptive_crosssdc_cmr,hinge,1.0,0.1,0.28894154561890495,0.26238865819242263,3.529062032699585,0.026238865819242264,0.002972096224160244,0.0002972096224160244,0.07378472222222222,0.021701388888888888,0.021412793960836198,0.010551887667841382,0.7486666440963745
2,177,adaptive_crosssdc_cmr,hinge,1.0,0.1,0.3443864087263743,0.28349021408292985,3.515233622656928,0.028349021408292985,0.011774067456523577,0.0011774067456523578,0.1640625,0.051215277777777776,0.04583497511015998,0.014978392256630791,0.7553333044052124
2,178,adaptive_crosssdc_cmr,hinge,1.0,0.1,0.30872609549098545,0.28457848893271553,3.427808470196194,0.028457848893271555,0.007951004766962595,0.0007951004766962596,0.1293402777777778,0.04861111111111111,0.03327223865522279,0.016093648556205962,0.753333330154419
2,179,adaptive_crosssdc_cmr,hinge,1.0,0.1,0.31512736943033004,0.287888056702084,3.520456552505493,0.028788805670208403,0.004549927647329039,0.00045499276473290394,0.10590277777777778,0.046875,0.025737026499377355,0.014021550615628561,0.7513333559036255
2,180,adaptive_crosssdc_cmr,hinge,1.0,0.1,0.3046831422381931,0.279691176282035,3.5261363453335233,0.0279691176282035,0.0032255060117070875,0.00032255060117070876,0.0763888888888889,0.03993055555555555,0.020026060442129772,0.013318813509411283,0.7506666779518127
2,181,adaptive_crosssdc_cmr,hinge,1.0,0.1,0.2874204284614987,0.259832458363639,3.541867838965522,0.0259832458363639,0.002065521823371657,0.00020655218233716572,0.052083333333333336,0.036458333333333336,0.015604716622167163,0.012330350362592273,0.7506666779518127
2,182,adaptive_crosssdc_cmr,hinge,1.0,0.1,0.27391590343581307,0.25513368513849044,3.5351324611239963,0.025513368513849045,0.0009144543372612032,9.144543372612033e-05,0.03732638888888889,0.017361111111111112,0.013171741118033728,0.00902085585726632,0.7519999742507935
2,183,adaptive_crosssdc_cmr,hinge,1.0,0.1,0.2733260426256392,0.2680843306912316,3.5427912606133356,0.02680843306912316,0.0005842243586408182,5.842243586408182e-05,0.03125,0.018229166666666668,0.01104468521144655,0.010136141545242734,0.7546666860580444
2,184,adaptive_crosssdc_cmr,hinge,1.0,0.1,0.26961219641897416,0.2608543303277757,3.5671620633867054,0.026085433032777574,0.0005964752910788067,5.964752910788068e-05,0.015625,0.024305555555555556,0.009840298857953813,0.012335134049256643,0.7566666603088379
2,185,adaptive_crosssdc_cmr,hinge,1.0,0.1,0.26410001185205245,0.2555173734823863,3.6022518475850425,0.02555173734823863,0.0004176641066603932,4.176641066603932e-05,0.013888888888888888,0.017361111111111112,0.008875291794538498,0.009662232879135344,0.7546666860580444
2,186,adaptive_crosssdc_cmr,hinge,1.0,0.1,0.2696121699280209,0.26200785239537555,3.5517491234673395,0.026200785239537557,0.0003301099026834385,3.301099026834385e-05,0.019965277777777776,0.021701388888888888,0.010377997325526344,0.012157509310377968,0.7553333044052124
2,187,adaptive_crosssdc_cmr,hinge,1.0,0.1,0.26305030783017475,0.25658497711022693,3.5597664250267878,0.025658497711022694,0.0003204137339909923,3.204137339909923e-05,0.014756944444444444,0.016493055555555556,0.009182194454802407,0.010335593587822385,0.7566666603088379
2,188,adaptive_crosssdc_cmr,hinge,1.0,0.1,0.2596118317710029,0.2435071650478575,3.562299966812134,0.02435071650478575,0.0002673029197871478,2.673029197871478e-05,0.019097222222222224,0.013888888888888888,0.01033043074938986,0.009421642869710922,0.7526666522026062
2,189,adaptive_crosssdc_cmr,hinge,1.0,0.1,0.2621448404259152,0.24964597490098742,3.6034326288435192,0.024964597490098744,0.0003157562443650224,3.157562443650224e-05,0.019097222222222224,0.019965277777777776,0.00865039974451065,0.011869160251484977,0.7513333559036255
2,190,adaptive_crosssdc_cmr,hinge,1.0,0.1,0.2644036246670617,0.2557562440633774,3.589308023452759,0.02557562440633774,0.00043433318043955497,4.34333180439555e-05,0.022569444444444444,0.018229166666666668,0.0119843404326174,0.011529016411966748,0.7540000081062317
2,191,adaptive_crosssdc_cmr,hinge,1.0,0.1,0.26472997334268356,0.2495702008406321,3.588755395677355,0.02495702008406321,0.0005775415726626912,5.775415726626913e-05,0.03125,0.020833333333333332,0.01118224279748069,0.010679385728306241,0.7493333220481873
2,192,adaptive_crosssdc_cmr,hinge,1.0,0.1,0.26015612483024597,0.23910773628287846,3.592242956161499,0.02391077362828785,0.0005015013468639356,5.015013468639356e-05,0.026041666666666668,0.0234375,0.012038501600424448,0.012107967088619867,0.7540000081062317
2,193,adaptive_crosssdc_cmr,hinge,1.0,0.1,0.26222315430641174,0.23879706197314793,3.559522337383694,0.023879706197314794,0.0005812399879990456,5.8123998799904565e-05,0.025173611111111112,0.020833333333333332,0.011276577495866351,0.011494379904535081,0.7480000257492065
2,194,adaptive_crosssdc_cmr,hinge,1.0,0.1,0.2749469180901845,0.2602943976720174,3.5628233750661216,0.02602943976720174,0.0007046485277694754,7.046485277694754e-05,0.034722222222222224,0.021701388888888888,0.011986030058728324,0.010416441079643037,0.753333330154419
2,195,adaptive_crosssdc_cmr,hinge,1.0,0.1,0.2685198287169139,0.2409760057926178,3.6064038541581898,0.02409760057926178,0.0007855652333495931,7.855652333495932e-05,0.034722222222222224,0.022569444444444444,0.013776041981246736,0.0111727693842517,0.7546666860580444
2,196,adaptive_crosssdc_cmr,hinge,1.0,0.1,0.2651069892777337,0.25419580439726513,3.536382542716132,0.025419580439726516,0.000774815387558192,7.748153875581921e-05,0.027777777777777776,0.029513888888888888,0.011900241590208478,0.012216750946309831,0.7546666860580444
2,197,adaptive_crosssdc_cmr,hinge,1.0,0.1,0.2641419271628062,0.2574797256125344,3.5334783924950495,0.02574797256125344,0.0006636445986158731,6.636445986158732e-05,0.028645833333333332,0.019097222222222224,0.012042168113920424,0.010460644960403442,0.7526666522026062
2,198,adaptive_crosssdc_cmr,hinge,1.0,0.1,0.27408281962076825,0.2564282996786965,3.5623595449659557,0.02564282996786965,0.0009345384945239251,9.345384945239251e-05,0.03819444444444445,0.0234375,0.013898339122533798,0.011943984776735306,0.7599999904632568
2,199,adaptive_crosssdc_cmr,hinge,1.0,0.1,0.27909308671951294,0.251056088341607,3.5817294120788574,0.0251056088341607,0.0017718445419126914,0.00017718445419126917,0.05642361111111111,0.026041666666666668,0.017108738629354373,0.010769578731722303,0.7486666440963745
3,0,adaptive_crosssdc_cmr,hinge,1.0,0.1,2.604870173666212,0.5932948638995489,2.9310957060919867,0.05932948638995489,0.504476461145613,0.0504476461145613,0.8428819444444444,0.5815972222222222,0.8617504371537102,0.27697569794125027,0.5640000104904175
3,1,adaptive_crosssdc_cmr,hinge,1.0,0.1,1.7549662325117323,0.6042002240816752,2.886279741923014,0.06042002240816752,0.4345899158053928,0.043458991580539286,0.9713541666666666,0.4244791666666667,0.8759374949667189,0.1315010107225842,0.5805000066757202
3,2,adaptive_crosssdc_cmr,hinge,1.0,0.1,1.3601521650950115,0.4453312787744734,2.92610944641961,0.04453312787744734,0.2708800981442134,0.02708800981442134,0.9314236111111112,0.3767361111111111,0.5685518748230405,0.1046817691789733,0.5839999914169312
3,3,adaptive_crosssdc_cmr,hinge,1.0,0.1,1.1368208328882854,0.40159672167566085,2.9119475152757435,0.040159672167566086,0.1922928426000807,0.01922928426000807,0.8697916666666666,0.3993055555555556,0.4162590371237861,0.1027704965737131,0.5849999785423279
3,4,adaptive_crosssdc_cmr,hinge,1.0,0.1,0.9730722440613641,0.3490106496546004,2.9282054371303983,0.03490106496546004,0.1737012912829717,0.017370129128297173,0.8428819444444444,0.4036458333333333,0.37541188134087455,0.10700545377201504,0.590499997138977
3,5,adaptive_crosssdc_cmr,hinge,1.0,0.1,0.8727541036076016,0.3401305377483368,2.936378320058187,0.03401305377483368,0.15829460322856903,0.015829460322856904,0.7873263888888888,0.3862847222222222,0.3461008469263713,0.09988546205891503,0.593500018119812
3,6,adaptive_crosssdc_cmr,hinge,1.0,0.1,0.786413656340705,0.30847258037990993,2.9889575905270047,0.030847258037990995,0.1301124468445778,0.01301124468445778,0.7430555555555556,0.3567708333333333,0.29286295506689286,0.09795215808682972,0.6004999876022339
3,7,adaptive_crosssdc_cmr,hinge,1.0,0.1,0.7349600924385918,0.3095768292744954,2.978655709160699,0.030957682927449545,0.12294798344373703,0.012294798344373704,0.7048611111111112,0.3880208333333333,0.27759035925070447,0.09955948839584987,0.6085000038146973
3,8,adaptive_crosssdc_cmr,hinge,1.0,0.1,0.6797074013286166,0.3004281454616123,2.9614356888665094,0.03004281454616123,0.10926814625660579,0.010926814625660579,0.7144097222222222,0.3350694444444444,0.259460738963551,0.08614223533206516,0.6159999966621399
3,9,adaptive_crosssdc_cmr,hinge,1.0,0.1,0.6502249108420478,0.292382366127438,3.0225462913513184,0.0292382366127438,0.09483613239394294,0.009483613239394294,0.6796875,0.34375,0.23021148807472652,0.08930959635310703,0.6244999766349792
3,10,adaptive_crosssdc_cmr,hinge,1.0,0.1,0.6151105893982781,0.29304282863934833,2.9831619527604847,0.029304282863934834,0.08950354986720616,0.008950354986720616,0.6796875,0.2838541666666667,0.22802022099494934,0.07415654096338484,0.6340000033378601
3,11,adaptive_crosssdc_cmr,hinge,1.0,0.1,0.5856924520598518,0.2874385250939263,3.0402546193864612,0.028743852509392633,0.08065206474728054,0.008065206474728054,0.6493055555555556,0.2604166666666667,0.21451380683316124,0.0691136552227868,0.637499988079071
3,12,adaptive_crosssdc_cmr,hinge,1.0,0.1,0.5578568577766418,0.27152440283033585,3.0053084426456027,0.027152440283033586,0.07033904103769197,0.007033904103769197,0.5833333333333334,0.2456597222222222,0.18954381181134117,0.0669580027461052,0.6414999961853027
3,13,adaptive_crosssdc_cmr,hinge,1.0,0.1,0.5366755260361565,0.2760491437382168,2.9954461521572537,0.027604914373821683,0.06877636247211033,0.006877636247211033,0.5833333333333334,0.2612847222222222,0.18372290167543623,0.07232194186912642,0.6455000042915344
3,14,adaptive_crosssdc_cmr,hinge,1.0,0.1,0.5174906949202219,0.2513677130142848,3.062921815448337,0.02513677130142848,0.05958042211002774,0.0059580422110027745,0.5486111111111112,0.21875,0.17069275511635673,0.06422040859858195,0.6514999866485596
3,15,adaptive_crosssdc_cmr,hinge,1.0,0.1,0.5020511349042257,0.25402915808889603,3.054669565624661,0.025402915808889606,0.05824829886356989,0.00582482988635699,0.5598958333333334,0.2300347222222222,0.1678789754708608,0.0642465212278896,0.6539999842643738
3,16,adaptive_crosssdc_cmr,hinge,1.0,0.1,0.49266763197051155,0.26117245521810317,3.077988174226549,0.026117245521810318,0.05030935381849607,0.005030935381849608,0.4973958333333333,0.2326388888888889,0.15036459267139435,0.06319908094074991,0.6644999980926514
3,17,adaptive_crosssdc_cmr,hinge,1.0,0.1,0.47218892640537685,0.25004860096507603,3.0859205192989774,0.025004860096507604,0.04871172416541311,0.004871172416541312,0.5199652777777778,0.1623263888888889,0.15458019574483237,0.050830956962373525,0.6644999980926514
3,18,adaptive_crosssdc_cmr,hinge,1.0,0.1,0.4631238712204827,0.24540842903984916,3.077111111746894,0.02454084290398492,0.04242725670337677,0.004242725670337677,0.4678819444444444,0.1753472222222222,0.13912823796272278,0.052472461428907186,0.6650000214576721
3,19,adaptive_crosssdc_cmr,hinge,1.0,0.1,0.44928205675548977,0.2347033073504766,3.133007950252957,0.02347033073504766,0.04001016542315483,0.004001016542315483,0.453125,0.15364583333333334,0.13237085358964074,0.0497189714676804,0.671500027179718
3,20,adaptive_crosssdc_cmr,hinge,1.0,0.1,0.4405575427744124,0.23868601851993138,3.0808776219685874,0.02386860185199314,0.03928076600035032,0.003928076600035032,0.4609375,0.171875,0.13030997829304802,0.05007569491863251,0.6800000071525574
3,21,adaptive_crosssdc_cmr,hinge,1.0,0.1,0.43309014704492355,0.24480747679869333,3.06937132941352,0.024480747679869335,0.036496387587653265,0.003649638758765327,0.4253472222222222,0.12586805555555555,0.12536927726533678,0.04400343116786745,0.6809999942779541
3,22,adaptive_crosssdc_cmr,hinge,1.0,0.1,0.41983264684677124,0.2253902124034034,3.0902104112837048,0.02253902124034034,0.029460221529006958,0.002946022152900696,0.4105902777777778,0.12152777777777778,0.1129821456140942,0.04284849845700794,0.6819999814033508
3,23,adaptive_crosssdc_cmr,hinge,1.0,0.1,0.4122032622496287,0.21665404902564156,3.1564431720309787,0.021665404902564158,0.032515670690271586,0.003251567069027159,0.4001736111111111,0.1484375,0.11297036210695903,0.050560651967922844,0.6809999942779541
3,24,adaptive_crosssdc_cmr,hinge,1.0,0.1,0.4073880943987105,0.22370825707912445,3.1159776316748724,0.022370825707912448,0.026900773247083027,0.0026900773247083027,0.3802083333333333,0.11284722222222222,0.10469627049234179,0.04005126696493891,0.6865000128746033
3,25,adaptive_crosssdc_cmr,hinge,1.0,0.1,0.4061075184080336,0.23041940232117972,3.1563333140479193,0.023041940232117974,0.026634971093800332,0.0026634971093800336,0.3793402777777778,0.1267361111111111,0.10095778769916958,0.04456079461508327,0.6830000281333923
3,26,adaptive_crosssdc_cmr,hinge,1.0,0.1,0.39961385395791793,0.2226457181904051,3.1309989558325872,0.022264571819040513,0.023536061661110982,0.0023536061661110982,0.3498263888888889,0.10590277777777778,0.09547828717364205,0.03836269262764189,0.6919999718666077
3,27,adaptive_crosssdc_cmr,hinge,1.0,0.1,0.39363014035754734,0.2196342878871494,3.1219042936960855,0.02196342878871494,0.023104309828744993,0.0023104309828744993,0.3628472222222222,0.10416666666666667,0.09438248972098033,0.03842768776747915,0.6940000057220459
3,28,adaptive_crosssdc_cmr,hinge,1.0,0.1,0.38697614934709335,0.22699382073349422,3.1450624995761447,0.022699382073349424,0.019894799424542323,0.0019894799424542324,0.3151041666666667,0.0998263888888889,0.08388743177056313,0.039023211846748986,0.6875
3,29,adaptive_crosssdc_cmr,hinge,1.0,0.1,0.380686428811815,0.2161806838379966,3.126622279485067,0.021618068383799663,0.02067026723590162,0.002067026723590162,0.3246527777777778,0.0998263888888889,0.08640743874841267,0.03480418192015754,0.6919999718666077
3,30,adaptive_crosssdc_cmr,hinge,1.0,0.1,0.3750876585642497,0.21167655123604667,3.1692563692728677,0.02116765512360467,0.019007752132084634,0.0019007752132084634,0.2864583333333333,0.125,0.07966205229361852,0.03763666749000549,0.6949999928474426
3,31,adaptive_crosssdc_cmr,hinge,1.0,0.1,0.3688521550761329,0.2184100564983156,3.1933479044172497,0.02184100564983156,0.017490035543839138,0.0017490035543839138,0.2899305555555556,0.09288194444444445,0.07821959008773167,0.03515222006373935,0.6875
3,32,adaptive_crosssdc_cmr,hinge,1.0,0.1,0.36716849605242413,0.20655238959524366,3.220376041200426,0.02065523895952437,0.016337879622975986,0.0016337879622975986,0.2916666666666667,0.0876736111111111,0.0757142487499449,0.03468683155046569,0.7020000219345093
3,33,adaptive_crosssdc_cmr,hinge,1.0,0.1,0.36569660902023315,0.19948254525661469,3.1796697510613336,0.01994825452566147,0.016088139162295394,0.0016088139162295395,0.2821180555555556,0.0842013888888889,0.07579843286010954,0.031996274573935404,0.6984999775886536
3,34,adaptive_crosssdc_cmr,hinge,1.0,0.1,0.36131224367353654,0.2174480458100637,3.156923876868354,0.02174480458100637,0.016044349513120122,0.0016044349513120123,0.2751736111111111,0.08854166666666667,0.0742814830607838,0.03258410427305433,0.6965000033378601
3,35,adaptive_crosssdc_cmr,hinge,1.0,0.1,0.3540960086716546,0.19939124087492624,3.1641632980770535,0.019939124087492627,0.013096633677681288,0.0013096633677681289,0.2456597222222222,0.07899305555555555,0.06588743213150236,0.02952261972758505,0.6974999904632568
3,36,adaptive_crosssdc_cmr,hinge,1.0,0.1,0.3554949892891778,0.21636576619413164,3.192437171936035,0.021636576619413164,0.012859975401726034,0.0012859975401726034,0.2526041666666667,0.0859375,0.06547625818186337,0.03150571137666702,0.6980000138282776
3,37,adaptive_crosssdc_cmr,hinge,1.0,0.1,0.34596867031521267,0.19931464393933615,3.2001800537109375,0.019931464393933618,0.01202068803831935,0.001202068803831935,0.2586805555555556,0.0720486111111111,0.0638363075753053,0.02873208497961362,0.7045000195503235
3,38,adaptive_crosssdc_cmr,hinge,1.0,0.1,0.34322065446111893,0.20522274242507088,3.186650355656942,0.02052227424250709,0.01130426007633408,0.001130426007633408,0.2326388888888889,0.08159722222222222,0.06211695447564125,0.03150744239489237,0.7009999752044678
3,39,adaptive_crosssdc_cmr,hinge,1.0,0.1,0.34427810377544826,0.20535877512560952,3.1814694139692516,0.020535877512560953,0.009570379327568743,0.0009570379327568743,0.2092013888888889,0.0685763888888889,0.05547825122872988,0.02700844779610634,0.7085000276565552
3,40,adaptive_crosssdc_cmr,hinge,1.0,0.1,0.33460940255059135,0.19280899067719778,3.203494283888075,0.01928089906771978,0.010311108806894885,0.0010311108806894886,0.2152777777777778,0.08246527777777778,0.05762004521158007,0.029608026146888733,0.7045000195503235
3,41,adaptive_crosssdc_cmr,hinge,1.0,0.1,0.33464664220809937,0.1981118619441986,3.174071576860216,0.019811186194419864,0.010595274468262991,0.001059527446826299,0.2152777777777778,0.07899305555555555,0.06011000151435534,0.029325649970107608,0.7089999914169312
3,42,adaptive_crosssdc_cmr,hinge,1.0,0.1,0.3326333198282454,0.20183414220809937,3.171646515528361,0.020183414220809937,0.008842139297889339,0.0008842139297889339,0.2074652777777778,0.06076388888888889,0.053849633783102036,0.02504898442162408,0.7020000219345093
3,43,adaptive_crosssdc_cmr,hinge,1.0,0.1,0.3408523400624593,0.19452569716506535,3.20855704943339,0.019452569716506538,0.009934515847514072,0.0009934515847514072,0.2361111111111111,0.0703125,0.05829989165067673,0.02813093860944112,0.7055000066757202
3,44,adaptive_crosssdc_cmr,hinge,1.0,0.1,0.3377574682235718,0.19848055475287968,3.2270653512742786,0.01984805547528797,0.008826229773047898,0.0008826229773047898,0.1970486111111111,0.06944444444444445,0.05062444176938799,0.027045908487505384,0.7099999785423279
3,45,adaptive_crosssdc_cmr,hinge,1.0,0.1,0.33432549569341874,0.21374949316183725,3.181634611553616,0.021374949316183726,0.008712084549996588,0.0008712084549996589,0.2013888888888889,0.0720486111111111,0.053399441556798086,0.026890933099720214,0.7105000019073486
3,46,adaptive_crosssdc_cmr,hinge,1.0,0.1,0.3215658730930752,0.1931560519668791,3.220140298207601,0.019315605196687912,0.007320011862450176,0.0007320011862450176,0.1762152777777778,0.058159722222222224,0.047877874639299184,0.024651897243327565,0.7139999866485596
3,47,adaptive_crosssdc_cmr,hinge,1.0,0.1,0.3232453001870049,0.19910572303666008,3.212458266152276,0.01991057230366601,0.00710811647069123,0.0007108116470691231,0.1675347222222222,0.0546875,0.045362328075700335,0.023516409926944308,0.7059999704360962
3,48,adaptive_crosssdc_cmr,hinge,1.0,0.1,0.3177829517258538,0.19572953714264762,3.19494981235928,0.019572953714264762,0.00694595742970705,0.000694595742970705,0.16319444444444445,0.0642361111111111,0.04581493015090624,0.02592772224711047,0.7114999890327454
3,49,adaptive_crosssdc_cmr,hinge,1.0,0.1,0.3131516973177592,0.18162717587418026,3.252296288808187,0.018162717587418026,0.006337970158913069,0.000633797015891307,0.1762152777777778,0.03993055555555555,0.04757613812883695,0.02278624681962861,0.7124999761581421
3,50,adaptive_crosssdc_cmr,hinge,1.0,0.1,0.3111027975877126,0.1845968481567171,3.2674550215403237,0.01845968481567171,0.005442167244230707,0.0005442167244230707,0.16666666666666666,0.06163194444444445,0.0429670587182045,0.02510549955897861,0.7120000123977661
3,51,adaptive_crosssdc_cmr,hinge,1.0,0.1,0.3061641785833571,0.1829432083500756,3.215004179212782,0.018294320835007562,0.005561862451334794,0.0005561862451334795,0.14930555555555555,0.05295138888888889,0.04255006793472502,0.023057906991905637,0.7120000123977661
3,52,adaptive_crosssdc_cmr,hinge,1.0,0.1,0.30425695578257245,0.18062462906042734,3.241211732228597,0.018062462906042735,0.004652093475063642,0.0004652093475063642,0.1484375,0.04861111111111111,0.043567921966314316,0.023434958938095305,0.7200000286102295
3,53,adaptive_crosssdc_cmr,hinge,1.0,0.1,0.2980932692686717,0.19016790555583107,3.214255942238702,0.01901679055558311,0.00482698002209266,0.000482698002209266,0.1449652777777778,0.04513888888888889,0.04050434546338187,0.02308634337451723,0.7174999713897705
3,54,adaptive_crosssdc_cmr,hinge,1.0,0.1,0.29800305101606583,0.179792626036538,3.2408749527401395,0.0179792626036538,0.003631740446305937,0.0003631740446305937,0.12152777777777778,0.04600694444444445,0.03618881147768763,0.02313078112072415,0.7239999771118164
3,55,adaptive_crosssdc_cmr,hinge,1.0,0.1,0.2972922424475352,0.17830178307162392,3.2160529560512967,0.01783017830716239,0.004275846579629514,0.00042758465796295143,0.1293402777777778,0.050347222222222224,0.0377970484809743,0.023326257864634197,0.7164999842643738
3,56,adaptive_crosssdc_cmr,hinge,1.0,0.1,0.30039116077952915,0.18318496147791544,3.220951557159424,0.018318496147791543,0.005021815175294048,0.0005021815175294048,0.1484375,0.05381944444444445,0.042333264731698565,0.02230836699406306,0.715499997138977
3,57,adaptive_crosssdc_cmr,hinge,1.0,0.1,0.3011524975299835,0.1875012152724796,3.2107992702060275,0.018750121527247962,0.0040800395848539965,0.00040800395848539965,0.13541666666666666,0.06163194444444445,0.03766014902955956,0.02525300532579422,0.7229999899864197
3,58,adaptive_crosssdc_cmr,hinge,1.0,0.1,0.29453439513842267,0.17742049859629738,3.282230430179172,0.017742049859629738,0.0041239217906776406,0.00041239217906776407,0.140625,0.03819444444444445,0.037846811736623444,0.020857346554597218,0.7204999923706055
3,59,adaptive_crosssdc_cmr,hinge,1.0,0.1,0.2931404709815979,0.17324480911095938,3.271376053492228,0.017324480911095938,0.004108086357721024,0.0004108086357721024,0.125,0.06163194444444445,0.03836308875017696,0.025043333156241313,0.7229999899864197
3,60,adaptive_crosssdc_cmr,hinge,1.0,0.1,0.2946411470572154,0.17833408382203844,3.2594682375590005,0.017833408382203843,0.003717490665925046,0.0003717490665925046,0.1267361111111111,0.03993055555555555,0.0366517955230342,0.019784183137946658,0.7174999713897705
3,61,adaptive_crosssdc_cmr,hinge,1.0,0.1,0.29695550931824577,0.17031074232525295,3.2800751527150473,0.017031074232525294,0.004447222144032518,0.00044472221440325187,0.14322916666666666,0.04861111111111111,0.038940648858745895,0.021593869146373536,0.7210000157356262
3,62,adaptive_crosssdc_cmr,hinge,1.0,0.1,0.29498711890644497,0.18315447866916656,3.2123345269097223,0.01831544786691666,0.0033447023015469313,0.00033447023015469317,0.1154513888888889,0.042534722222222224,0.03514942692385779,0.020306899315781064,0.7145000100135803
3,63,adaptive_crosssdc_cmr,hinge,1.0,0.1,0.29512585202852887,0.17785541216532388,3.2541496753692627,0.017785541216532388,0.0031945150630134675,0.00031945150630134677,0.11979166666666667,0.035590277777777776,0.03484265464875433,0.019515856272644468,0.7294999957084656
3,64,adaptive_crosssdc_cmr,hinge,1.0,0.1,0.2954165008332994,0.18469921913411882,3.2596081097920737,0.018469921913411885,0.0029297661191473403,0.0002929766119147341,0.1189236111111111,0.041666666666666664,0.03374930678142442,0.018994876907931432,0.7204999923706055
3,65,adaptive_crosssdc_cmr,hinge,1.0,0.1,0.2926522327793969,0.1823520776298311,3.205066548453437,0.01823520776298311,0.0036433911494289837,0.0003643391149428984,0.1232638888888889,0.052083333333333336,0.0340157983203729,0.021299487600723904,0.7285000085830688
3,66,adaptive_crosssdc_cmr,hinge,1.0,0.1,0.29395347833633423,0.17468948000007206,3.2964723904927573,0.017468948000007208,0.0036216481692261165,0.0003621648169226117,0.11371527777777778,0.044270833333333336,0.034476382864846125,0.020454679512315325,0.7204999923706055
3,67,adaptive_crosssdc_cmr,hinge,1.0,0.1,0.2899053129884932,0.16881678832901847,3.2649065123664007,0.01688167883290185,0.002954791364673939,0.00029547913646739394,0.10416666666666667,0.03993055555555555,0.03183926745421357,0.020087610516283248,0.722000002861023
3,68,adaptive_crosssdc_cmr,hinge,1.0,0.1,0.2862521509329478,0.17010415262646145,3.258788055843777,0.017010415262646145,0.0030954176197863286,0.0003095417619786329,0.11284722222222222,0.03819444444444445,0.03253400118814574,0.018438046591149435,0.7195000052452087
3,69,adaptive_crosssdc_cmr,hinge,1.0,0.1,0.2914549542797936,0.17766232954131234,3.286016994052463,0.017766232954131236,0.003204701364868217,0.00032047013648682174,0.1111111111111111,0.03993055555555555,0.032516219549708895,0.019773400492138334,0.7245000004768372
3,70,adaptive_crosssdc_cmr,hinge,1.0,0.1,0.2885821627246009,0.17293581200970543,3.2716534402635364,0.017293581200970545,0.0027159367584519917,0.0002715936758451992,0.10069444444444445,0.036458333333333336,0.0311304558482435,0.01856007095840242,0.7204999923706055
3,71,adaptive_crosssdc_cmr,hinge,1.0,0.1,0.279941631688012,0.1695168117682139,3.263039853837755,0.01695168117682139,0.002743282859834532,0.0002743282859834532,0.0954861111111111,0.046875,0.028667316668563418,0.020986190686623257,0.7269999980926514
3,72,adaptive_crosssdc_cmr,hinge,1.0,0.1,0.28379059500164455,0.18290863765610588,3.2853385872311063,0.01829086376561059,0.0025526476739388374,0.00025526476739388374,0.09895833333333333,0.030381944444444444,0.03078258244527711,0.019007633129755657,0.7195000052452087
3,73,adaptive_crosssdc_cmr,hinge,1.0,0.1,0.2838900221718682,0.17142439716392094,3.2940598593817816,0.017142439716392094,0.0026716343644592497,0.000267163436445925,0.09895833333333333,0.03211805555555555,0.030633463420801692,0.019156633151902094,0.7250000238418579
3,74,adaptive_crosssdc_cmr,hinge,1.0,0.1,0.2814558380179935,0.17024153470993042,3.2464898427327475,0.017024153470993043,0.0029155645493624937,0.00029155645493624937,0.0954861111111111,0.044270833333333336,0.028712126115957897,0.02074827729827828,0.7225000262260437
3,75,adaptive_crosssdc_cmr,hinge,1.0,0.1,0.27806538343429565,0.17444400986035666,3.2472151120503745,0.017444400986035665,0.002845524008282357,0.0002845524008282357,0.0998263888888889,0.03819444444444445,0.029077883602844343,0.016947259091668658,0.7300000190734863
3,76,adaptive_crosssdc_cmr,hinge,1.0,0.1,0.27931256426705253,0.17325100302696228,3.2338844670189753,0.01732510030269623,0.002241426690792044,0.00022414266907920443,0.09375,0.027777777777777776,0.02930907698141204,0.01756185417373975,0.7214999794960022
3,77,adaptive_crosssdc_cmr,hinge,1.0,0.1,0.27274807625346714,0.1638165447447035,3.2602443165249295,0.01638165447447035,0.002021907783475601,0.0002021907783475601,0.08072916666666667,0.043402777777777776,0.025842770727144346,0.017880981581078634,0.7275000214576721
3,78,adaptive_crosssdc_cmr,hinge,1.0,0.1,0.27410683366987443,0.16627251936329734,3.2604302565256753,0.016627251936329735,0.0028834272460598084,0.0002883427246059809,0.09635416666666667,0.04079861111111111,0.03078222419652674,0.018574267625808716,0.7229999899864197
3,79,adaptive_crosssdc_cmr,hinge,1.0,0.1,0.2731650471687317,0.1719674203130934,3.2924262947506375,0.01719674203130934,0.0016806816953855257,0.00016806816953855258,0.07291666666666667,0.028645833333333332,0.02540990234249168,0.01708070644074016,0.7285000085830688
3,80,adaptive_crosssdc_cmr,hinge,1.0,0.1,0.2724196281698015,0.16356297002898323,3.2499809530046253,0.016356297002898323,0.0022364595723855826,0.00022364595723855827,0.09461805555555555,0.034722222222222224,0.03010397425128354,0.01816384866833687,0.7245000004768372
3,81,adaptive_crosssdc_cmr,hinge,1.0,0.1,0.2705768081876967,0.16094068520598942,3.255163960986667,0.016094068520598942,0.0019136736195327507,0.0001913673619532751,0.07465277777777778,0.027777777777777776,0.025709358561370108,0.016258140405019123,0.7264999747276306
3,82,adaptive_crosssdc_cmr,hinge,1.0,0.1,0.28149039546648663,0.17272808485560948,3.251949045393202,0.01727280848556095,0.00328980656599419,0.000328980656599419,0.10590277777777778,0.029513888888888888,0.030268397596147325,0.015046980232000351,0.7254999876022339
3,83,adaptive_crosssdc_cmr,hinge,1.0,0.1,0.298304902182685,0.18081212706036037,3.2719279395209417,0.018081212706036038,0.0059945091553446316,0.0005994509155344632,0.140625,0.052083333333333336,0.0372294286886851,0.02122043487098482,0.7275000214576721
3,84,adaptive_crosssdc_cmr,hinge,1.0,0.1,0.28656885359022355,0.1738772706853019,3.282090187072754,0.01738772706853019,0.003511929703462455,0.00035119297034624553,0.10677083333333333,0.046875,0.030113775076137647,0.017599525137080088,0.7260000109672546
3,85,adaptive_crosssdc_cmr,hinge,1.0,0.1,0.2876360383298662,0.17310277124245962,3.318696631325616,0.017310277124245963,0.002802836501763927,0.0002802836501763927,0.08333333333333333,0.04861111111111111,0.027535388039218053,0.01824244711962011,0.7289999723434448
3,86,adaptive_crosssdc_cmr,hinge,1.0,0.1,0.27400078376134235,0.17159204350577462,3.2230960528055825,0.017159204350577464,0.002891791518777609,0.0002891791518777609,0.0954861111111111,0.033854166666666664,0.02817675719658534,0.017119761556386948,0.7279999852180481
3,87,adaptive_crosssdc_cmr,hinge,1.0,0.1,0.27902430958218044,0.17376147707303366,3.253002060784234,0.017376147707303367,0.002696325388064401,0.0002696325388064401,0.09461805555555555,0.029513888888888888,0.02727398110760583,0.015551454491085477,0.7275000214576721
3,88,adaptive_crosssdc_cmr,hinge,1.0,0.1,0.2737077607048882,0.16779834859901005,3.2898370689815946,0.016779834859901005,0.002273462667492115,0.0002273462667492115,0.08680555555555555,0.033854166666666664,0.025983698666095734,0.015580455876059003,0.7304999828338623
3,89,adaptive_crosssdc_cmr,hinge,1.0,0.1,0.2782632377412584,0.1626838594675064,3.293130742179023,0.016268385946750643,0.002529276832420793,0.0002529276832420793,0.07899305555555555,0.03732638888888889,0.02725174402197202,0.01630608985821406,0.7195000052452087
3,90,adaptive_crosssdc_cmr,hinge,1.0,0.1,0.28577696283658344,0.16481642921765646,3.2742141087849936,0.016481642921765648,0.003443591464828286,0.0003443591464828286,0.1111111111111111,0.03819444444444445,0.031128929720984563,0.016361561086442735,0.7275000214576721
3,91,adaptive_crosssdc_cmr,hinge,1.0,0.1,0.28420514199468827,0.16947495606210497,3.2765265305836997,0.0169474956062105,0.0030157270634339917,0.0003015727063433992,0.09027777777777778,0.03993055555555555,0.027607944069637194,0.016086593684222963,0.7285000085830688
3,92,adaptive_crosssdc_cmr,hinge,1.0,0.1,0.275686028930876,0.16453034347958034,3.262938896814982,0.016453034347958036,0.002283735039074802,0.0002283735039074802,0.07725694444444445,0.04513888888888889,0.024683733367257647,0.017611016415887408,0.7260000109672546
3,93,adaptive_crosssdc_cmr,hinge,1.0,0.1,0.2703937457667457,0.15881782273451486,3.3202802340189614,0.015881782273451488,0.0019092823818532957,0.00019092823818532957,0.078125,0.0390625,0.024320720591478877,0.01549220374888844,0.7294999957084656
3,94,adaptive_crosssdc_cmr,hinge,1.0,0.1,0.2669452793068356,0.1689377658896976,3.241777022679647,0.01689377658896976,0.0012043949763109493,0.00012043949763109493,0.05295138888888889,0.025173611111111112,0.020055731758475304,0.014971491777234607,0.7264999747276306
3,95,adaptive_crosssdc_cmr,hinge,1.0,0.1,0.271261990070343,0.16437343094083998,3.314238336351183,0.016437343094083998,0.0013628717861138284,0.00013628717861138284,0.057291666666666664,0.03125,0.021148221774233714,0.015240987555848228,0.7294999957084656
3,96,adaptive_crosssdc_cmr,hinge,1.0,0.1,0.27372844020525616,0.17075887984699673,3.2381790479024253,0.017075887984699674,0.0022553144436743525,0.00022553144436743527,0.07378472222222222,0.036458333333333336,0.026023224824004702,0.014276504930522706,0.7304999828338623
3,97,adaptive_crosssdc_cmr,hinge,1.0,0.1,0.2694871524969737,0.1597987545861138,3.2864892747667103,0.015979875458611383,0.001866291949732436,0.0001866291949732436,0.0703125,0.036458333333333336,0.02292064328988393,0.015819355017609067,0.7214999794960022
3,98,adaptive_crosssdc_cmr,hinge,1.0,0.1,0.27258529596858555,0.1669482025835249,3.2743781407674155,0.01669482025835249,0.0028009097247074046,0.0002800909724707405,0.0763888888888889,0.03993055555555555,0.024822640129261546,0.015851382580068376,0.7279999852180481
3,99,adaptive_crosssdc_cmr,hinge,1.0,0.1,0.2702966067526076,0.15784537461068895,3.3107553588019476,0.015784537461068896,0.0021795889285082617,0.00021795889285082618,0.08940972222222222,0.025173611111111112,0.026833797701530986,0.01313556358218193,0.7235000133514404
3,100,adaptive_crosssdc_cmr,hinge,1.0,0.1,0.26904957162009346,0.16877590285407174,3.251155720816718,0.016877590285407175,0.0017208066096322404,0.00017208066096322406,0.06770833333333333,0.021701388888888888,0.023545477332340345,0.01461855529083146,0.7304999828338623
3,101,adaptive_crosssdc_cmr,hinge,1.0,0.1,0.2692783640490638,0.16392869585090214,3.2690975930955677,0.016392869585090213,0.0023638199005896845,0.00023638199005896846,0.0798611111111111,0.029513888888888888,0.02419931607113944,0.01303516493903266,0.7260000109672546
3,102,adaptive_crosssdc_cmr,hinge,1.0,0.1,0.26692984832657707,0.16272413399484423,3.302513705359565,0.016272413399484424,0.0018904568148880368,0.0001890456814888037,0.07291666666666667,0.034722222222222224,0.02332194211582343,0.015326157212257385,0.734499990940094
3,103,adaptive_crosssdc_cmr,hinge,1.0,0.1,0.26728613840209114,0.16499392522705925,3.271863725450304,0.016499392522705925,0.0021517717201883593,0.00021517717201883593,0.09375,0.027777777777777776,0.026647562575009134,0.01506455490986506,0.7300000190734863
3,104,adaptive_crosssdc_cmr,hinge,1.0,0.1,0.26388638880517745,0.15985893540912205,3.2841525872548423,0.015985893540912205,0.0019295757325987022,0.00019295757325987024,0.0685763888888889,0.035590277777777776,0.02307123194138209,0.016643240220016904,0.7315000295639038
3,105,adaptive_crosssdc_cmr,hinge,1.0,0.1,0.26079625222418046,0.15583619475364685,3.2699915568033853,0.015583619475364685,0.0016909111032469405,0.00016909111032469405,0.059895833333333336,0.019097222222222224,0.02158630494442251,0.012706194900804095,0.7294999957084656
3,106,adaptive_crosssdc_cmr,hinge,1.0,0.1,0.258906086285909,0.16197769178284538,3.2864551809098987,0.016197769178284537,0.0012054834353168392,0.00012054834353168393,0.044270833333333336,0.03211805555555555,0.02027301097081767,0.014842869920863045,0.7300000190734863
3,107,adaptive_crosssdc_cmr,hinge,1.0,0.1,0.2557433032327228,0.15761734710799324,3.258494191699558,0.015761734710799325,0.001120740728866723,0.0001120740728866723,0.05381944444444445,0.024305555555555556,0.02032513419787089,0.011774592101573944,0.7319999933242798
3,108,adaptive_crosssdc_cmr,hinge,1.0,0.1,0.2592533826828003,0.15979398455884722,3.2984521124098034,0.01597939845588472,0.0010265017950182988,0.00010265017950182988,0.052083333333333336,0.022569444444444444,0.018675097367829747,0.01431811683707767,0.734000027179718
3,109,adaptive_crosssdc_cmr,hinge,1.0,0.1,0.26333661211861503,0.15206101536750793,3.318524228201972,0.015206101536750794,0.0014416039921343327,0.00014416039921343328,0.046875,0.03819444444444445,0.019249738090568118,0.016961382495032415,0.7250000238418579
3,110,adaptive_crosssdc_cmr,hinge,1.0,0.1,0.2605099545584785,0.16413834856616127,3.262355830934313,0.016413834856616127,0.0014428399816905665,0.00014428399816905665,0.06336805555555555,0.020833333333333332,0.021950719878077507,0.012013879087236192,0.7304999828338623
3,111,adaptive_crosssdc_cmr,hinge,1.0,0.1,0.2582154936260647,0.16515538261996376,3.2894956270853677,0.016515538261996376,0.001118740933533344,0.0001118740933533344,0.044270833333333336,0.029513888888888888,0.018107819681366284,0.014920923031038709,0.7285000085830688
3,112,adaptive_crosssdc_cmr,hinge,1.0,0.1,0.254728474550777,0.15663070148891872,3.2736513084835477,0.015663070148891872,0.0010108073086788256,0.00010108073086788257,0.042534722222222224,0.029513888888888888,0.01938219430545966,0.015344943851232529,0.7250000238418579
3,113,adaptive_crosssdc_cmr,hinge,1.0,0.1,0.25488653779029846,0.15747294326623282,3.284836212793986,0.015747294326623282,0.0010791614347706651,0.00010791614347706652,0.04774305555555555,0.020833333333333332,0.019108845127953425,0.013321984145376418,0.7310000061988831
3,114,adaptive_crosssdc_cmr,hinge,1.0,0.1,0.25545437302854324,0.15881435241964129,3.293929444419013,0.01588143524196413,0.0013429032082462476,0.00013429032082462478,0.0625,0.03211805555555555,0.02220818048550023,0.014668623606363932,0.7285000085830688
3,115,adaptive_crosssdc_cmr,hinge,1.0,0.1,0.25334564016924965,0.14894259803824955,3.3159647782643638,0.014894259803824956,0.0012220096121179974,0.00012220096121179973,0.049479166666666664,0.024305555555555556,0.0184367172833946,0.014252920117643144,0.7350000143051147
3,116,adaptive_crosssdc_cmr,hinge,1.0,0.1,0.25037865671846604,0.15651620593335894,3.293971618016561,0.015651620593335896,0.0006949023340388925,6.949023340388926e-05,0.0390625,0.021701388888888888,0.018418525242143206,0.012748761723438898,0.7325000166893005
3,117,adaptive_crosssdc_cmr,hinge,1.0,0.1,0.24909320804807875,0.15439276231659782,3.337268908818563,0.015439276231659783,0.0010019370618263362,0.00010019370618263363,0.044270833333333336,0.019965277777777776,0.01821112756927808,0.01230457259549035,0.7275000214576721
3,118,adaptive_crosssdc_cmr,hinge,1.0,0.1,0.25189681516753304,0.15557449559370676,3.3044518894619412,0.015557449559370676,0.001007294899965119,0.00010072948999651192,0.051215277777777776,0.019965277777777776,0.021757134339875646,0.013670432070891062,0.7304999828338623
3,119,adaptive_crosssdc_cmr,hinge,1.0,0.1,0.24769338965415955,0.15386312868860033,3.326136906941732,0.015386312868860033,0.0008433096469768012,8.433096469768012e-05,0.043402777777777776,0.028645833333333332,0.01797020932038625,0.013575970298714109,0.7315000295639038
3,120,adaptive_crosssdc_cmr,hinge,1.0,0.1,0.24324970112906563,0.15309308303727043,3.281037833955553,0.015309308303727044,0.0007786677581154638,7.786677581154638e-05,0.043402777777777776,0.026041666666666668,0.01833531902068191,0.013577820940150155,0.7335000038146973
3,121,adaptive_crosssdc_cmr,hinge,1.0,0.1,0.24490280780527326,0.1461295617951287,3.30170120133294,0.014612956179512871,0.0005456784836294699,5.456784836294699e-05,0.033854166666666664,0.016493055555555556,0.018683145650559,0.0122898920542664,0.7300000190734863
3,122,adaptive_crosssdc_cmr,hinge,1.0,0.1,0.25250547793176437,0.15657822456624773,3.286291864183214,0.015657822456624775,0.0022517729149613944,0.00022517729149613944,0.0720486111111111,0.027777777777777776,0.023927985380093258,0.013462838613324694,0.7310000061988831
3,123,adaptive_crosssdc_cmr,hinge,1.0,0.1,0.2714128726058536,0.16167495648066202,3.2666986253526478,0.016167495648066202,0.003521899770324429,0.00035218997703244295,0.10243055555555555,0.028645833333333332,0.02869528614812427,0.01498552163441976,0.7354999780654907
3,124,adaptive_crosssdc_cmr,hinge,1.0,0.1,0.2690664960278405,0.16038754085699716,3.3040944735209146,0.016038754085699717,0.0030341140098041957,0.0003034114009804196,0.0859375,0.044270833333333336,0.026119074473778408,0.01551354221171803,0.7289999723434448
3,125,adaptive_crosssdc_cmr,hinge,1.0,0.1,0.26067186892032623,0.15156827039188808,3.319757249620226,0.01515682703918881,0.0022455050622940892,0.00022455050622940893,0.07725694444444445,0.03125,0.022146252915263176,0.012644990036884943,0.7289999723434448
3,126,adaptive_crosssdc_cmr,hinge,1.0,0.1,0.25766149825519985,0.15955376625061035,3.2699082957373724,0.015955376625061034,0.0013043612254680032,0.0001304361225468003,0.0546875,0.03125,0.019781037958131895,0.014677015029721789,0.7335000038146973
3,127,adaptive_crosssdc_cmr,hinge,1.0,0.1,0.252264142036438,0.15447135104073417,3.2730479770236545,0.015447135104073417,0.0013152484639754726,0.00013152484639754726,0.052083333333333336,0.019097222222222224,0.020297608855697844,0.010205512245496115,0.7260000109672546
3,128,adaptive_crosssdc_cmr,hinge,1.0,0.1,0.25137310061189866,0.14999486837122175,3.3228118154737682,0.014999486837122177,0.0010284287240614907,0.00010284287240614907,0.050347222222222224,0.027777777777777776,0.01863597830136617,0.013728348331318961,0.737500011920929
3,129,adaptive_crosssdc_cmr,hinge,1.0,0.1,0.25369543996122146,0.15571068061722648,3.3489425447252064,0.015571068061722648,0.0010305893980936769,0.0001030589398093677,0.046875,0.014756944444444444,0.01818890455696318,0.008280472622977363,0.7239999771118164
3,130,adaptive_crosssdc_cmr,hinge,1.0,0.1,0.25468188027540845,0.1461330387327406,3.283766031265259,0.014613303873274062,0.0013958023175493712,0.00013958023175493712,0.05642361111111111,0.021701388888888888,0.019367086390654247,0.012371751583284803,0.7294999957084656
3,131,adaptive_crosssdc_cmr,hinge,1.0,0.1,0.25430602497524685,0.15422149995962778,3.3012470139397516,0.015422149995962779,0.0013517420544909935,0.00013517420544909936,0.05381944444444445,0.028645833333333332,0.018639583554532792,0.013539776619937684,0.7269999980926514
3,132,adaptive_crosssdc_cmr,hinge,1.0,0.1,0.2561187777254317,0.1568473925193151,3.3046483993530273,0.01568473925193151,0.0016488536817228629,0.0001648853681722863,0.0625,0.027777777777777776,0.021593340776032872,0.013428949647479586,0.7304999828338623
3,133,adaptive_crosssdc_cmr,hinge,1.0,0.1,0.26191631621784633,0.1536779138776991,3.304814577102661,0.015367791387769912,0.0017018685951673735,0.00017018685951673737,0.06163194444444445,0.026909722222222224,0.01941569708287716,0.012135592185788684,0.7264999747276306
3,134,adaptive_crosssdc_cmr,hinge,1.0,0.1,0.2609493550327089,0.1570413890812132,3.279899968041314,0.01570413890812132,0.0021466596647062236,0.00021466596647062237,0.07465277777777778,0.03125,0.022710518083638616,0.013194375154044893,0.7300000190734863
3,135,adaptive_crosssdc_cmr,hinge,1.0,0.1,0.255986072950893,0.15300065610143873,3.3095070521036782,0.015300065610143875,0.000830298994616088,8.30298994616088e-05,0.046875,0.017361111111111112,0.017231874581840303,0.01196224946114752,0.7269999980926514
3,136,adaptive_crosssdc_cmr,hinge,1.0,0.1,0.25125115116437274,0.1452620310915841,3.3251345687442355,0.01452620310915841,0.001410865577377586,0.0001410865577377586,0.051215277777777776,0.03211805555555555,0.019933432340621948,0.013187185343768861,0.7335000038146973
3,137,adaptive_crosssdc_cmr,hinge,1.0,0.1,0.25162744522094727,0.14632703363895416,3.29764986038208,0.014632703363895418,0.0013614440168668,0.00013614440168668,0.05642361111111111,0.03125,0.018684488617711596,0.01298173599772983,0.734000027179718
3,138,adaptive_crosssdc_cmr,hinge,1.0,0.1,0.25449137886365253,0.15422384606467354,3.353586620754666,0.015422384606467355,0.0013763450131389415,0.00013763450131389416,0.05642361111111111,0.0234375,0.018466196747289762,0.011650035364760293,0.7329999804496765
3,139,adaptive_crosssdc_cmr,hinge,1.0,0.1,0.25326865911483765,0.15940041508939531,3.294628037346734,0.01594004150893953,0.0014130853168252441,0.0001413085316825244,0.049479166666666664,0.027777777777777776,0.019706950419478945,0.011253101337287161,0.7329999804496765
3,140,adaptive_crosssdc_cmr,hinge,1.0,0.1,0.25732195046212936,0.1534195923142963,3.3147327370113797,0.015341959231429631,0.0014142811479460862,0.00014142811479460864,0.05642361111111111,0.035590277777777776,0.019386457072363958,0.013892529325352775,0.7350000143051147
3,141,adaptive_crosssdc_cmr,hinge,1.0,0.1,0.2507176664140489,0.1554674224721061,3.263658126195272,0.01554674224721061,0.000767249044858747,7.672490448587471e-05,0.0390625,0.020833333333333332,0.016946877249413066,0.010033483306566874,0.737500011920929
3,142,adaptive_crosssdc_cmr,hinge,1.0,0.1,0.2497894846730762,0.15443487962086996,3.3009932041168213,0.015443487962086997,0.0008564648386608395,8.564648386608396e-05,0.044270833333333336,0.019965277777777776,0.016976290485925145,0.011096670395798154,0.7390000224113464
3,143,adaptive_crosssdc_cmr,hinge,1.0,0.1,0.2537967943482929,0.14753429922792646,3.330413738886515,0.014753429922792646,0.0012887205165396961,0.00012887205165396963,0.06163194444444445,0.013020833333333334,0.01921448152926233,0.00968586363726192,0.7325000166893005
3,144,adaptive_crosssdc_cmr,hinge,1.0,0.1,0.25185302396615344,0.1536321755912569,3.335726579030355,0.015363217559125689,0.0012117437064363104,0.00012117437064363105,0.04774305555555555,0.029513888888888888,0.016643558939297993,0.012653411676486334,0.7365000247955322
3,145,adaptive_crosssdc_cmr,hinge,1.0,0.1,0.24956893093056148,0.1533838411172231,3.3147607114579944,0.015338384111722312,0.0013958647970058438,0.00013958647970058438,0.05381944444444445,0.017361111111111112,0.0181726250383589,0.012143296086125903,0.7325000166893005
3,146,adaptive_crosssdc_cmr,hinge,1.0,0.1,0.252683291832606,0.15052901208400726,3.3248735533820257,0.015052901208400728,0.001496605536279579,0.0001496605536279579,0.06076388888888889,0.024305555555555556,0.019760636198851798,0.011176657345559862,0.7329999804496765
3,147,adaptive_crosssdc_cmr,hinge,1.0,0.1,0.24976960983541277,0.15300148063235813,3.26422111193339,0.015300148063235814,0.0010379241591888582,0.00010379241591888582,0.05381944444444445,0.019965277777777776,0.01727679164873229,0.011231541840566529,0.7335000038146973
3,148,adaptive_crosssdc_cmr,hinge,1.0,0.1,0.25007112820943195,0.14791590637630886,3.3202251858181424,0.014791590637630886,0.0013676208958107357,0.00013676208958107356,0.049479166666666664,0.03298611111111111,0.019076247596078448,0.012894836978779899,0.7329999804496765
3,149,adaptive_crosssdc_cmr,hinge,1.0,0.1,0.25092948310905033,0.15522780186600155,3.2926360766092935,0.015522780186600155,0.0008496710539071097,8.496710539071097e-05,0.036458333333333336,0.019965277777777776,0.0167356857823001,0.01025566914015346,0.7350000143051147
3,150,adaptive_crosssdc_cmr,hinge,1.0,0.1,0.24925659928056929,0.15363447699281904,3.3014982806311712,0.015363447699281906,0.0010494272703201407,0.00010494272703201409,0.04774305555555555,0.026041666666666668,0.016847800463438034,0.010089256697230868,0.7369999885559082
3,151,adaptive_crosssdc_cmr,hinge,1.0,0.1,0.24569368859132132,0.14862070812119377,3.318730592727661,0.014862070812119377,0.0007688029468732162,7.688029468732162e-05,0.03993055555555555,0.021701388888888888,0.017141209501359198,0.012800611555576324,0.7310000061988831
3,152,adaptive_crosssdc_cmr,hinge,1.0,0.1,0.2536504301759932,0.14653339816464317,3.3474664423200817,0.014653339816464318,0.002300997816039146,0.0002300997816039146,0.078125,0.025173611111111112,0.023447953992419772,0.011859767552879121,0.7279999852180481
3,153,adaptive_crosssdc_cmr,hinge,1.0,0.1,0.25816000170177883,0.15856903129153782,3.27414878209432,0.015856903129153783,0.0017355603114184407,0.00017355603114184407,0.05295138888888889,0.027777777777777776,0.017917668653859034,0.011645111358828016,0.7335000038146973
3,154,adaptive_crosssdc_cmr,hinge,1.0,0.1,0.26193054848247105,0.15734685129589504,3.3138914108276367,0.015734685129589504,0.002327966283903354,0.00023279662839033538,0.07118055555555555,0.043402777777777776,0.020634774532583024,0.014846819142500559,0.7310000061988831
3,155,adaptive_crosssdc_cmr,hinge,1.0,0.1,0.2558109876182344,0.15393577847215864,3.2956678337521024,0.015393577847215865,0.0020607798877689573,0.00020607798877689574,0.057291666666666664,0.028645833333333332,0.01924856524500582,0.012262384510702558,0.7325000166893005
3,156,adaptive_crosssdc_cmr,hinge,1.0,0.1,0.2558911575211419,0.1548585527473026,3.2536849445766873,0.01548585527473026,0.0013313329060717176,0.00013313329060717178,0.050347222222222224,0.017361111111111112,0.01938402321603563,0.01033594666255845,0.7384999990463257
3,157,adaptive_crosssdc_cmr,hinge,1.0,0.1,0.25108229451709324,0.14694211549229091,3.3141797913445368,0.014694211549229091,0.0012339599650456673,0.00012339599650456674,0.05381944444444445,0.021701388888888888,0.017366793834500842,0.010615062796407275,0.7300000190734863
3,158,adaptive_crosssdc_cmr,hinge,1.0,0.1,0.24662602444489798,0.15102153023084006,3.2889434231652155,0.015102153023084007,0.0011955088298741935,0.00011955088298741935,0.04079861111111111,0.025173611111111112,0.01670394941336579,0.011443904290596644,0.7379999756813049
3,159,adaptive_crosssdc_cmr,hinge,1.0,0.1,0.24555750522348616,0.15351466006702846,3.2693494955698648,0.015351466006702848,0.0010284259430288027,0.00010284259430288028,0.03993055555555555,0.024305555555555556,0.015678887979851827,0.00975192255443997,0.7354999780654907
3,160,adaptive_crosssdc_cmr,hinge,1.0,0.1,0.24268242551220787,0.15237910548845926,3.319888114929199,0.015237910548845927,0.0008207909866339631,8.207909866339631e-05,0.034722222222222224,0.018229166666666668,0.015019131410453055,0.010574324263466729,0.7335000038146973
3,161,adaptive_crosssdc_cmr,hinge,1.0,0.1,0.23858211272292668,0.14159217807981703,3.338127692540487,0.014159217807981704,0.0007060648699229609,7.060648699229609e-05,0.029513888888888888,0.012152777777777778,0.01443174212343163,0.00912046225534545,0.7325000166893005
3,162,adaptive_crosssdc_cmr,hinge,1.0,0.1,0.23960531254609427,0.1486141069067849,3.3093741734822593,0.01486141069067849,0.0010180817819976558,0.00010180817819976558,0.0390625,0.026909722222222224,0.015860776520437665,0.011635876778099272,0.7354999780654907
3,163,adaptive_crosssdc_cmr,hinge,1.0,0.1,0.23642824590206146,0.1469632022910648,3.3109886911180286,0.014696320229106481,0.0005888448003032762,5.888448003032762e-05,0.03732638888888889,0.019965277777777776,0.015505290279785791,0.01052362761563725,0.737500011920929
3,164,adaptive_crosssdc_cmr,hinge,1.0,0.1,0.23698117666774327,0.14780900875727335,3.3299338817596436,0.014780900875727336,0.00023237471497042052,2.3237471497042054e-05,0.010416666666666666,0.009548611111111112,0.012511513920293914,0.00885762357049518,0.7409999966621399
3,165,adaptive_crosssdc_cmr,hinge,1.0,0.1,0.2342571649286482,0.1498366031381819,3.325412538316515,0.01498366031381819,0.0005662218690203088,5.662218690203089e-05,0.03732638888888889,0.019965277777777776,0.016000568452808592,0.010609274937046899,0.734499990940094
3,166,adaptive_crosssdc_cmr,hinge,1.0,0.1,0.23276849256621468,0.14097359942065346,3.301509963141547,0.014097359942065346,0.0005316135478400005,5.316135478400005e-05,0.022569444444444444,0.0078125,0.01434297114610672,0.009577894790305031,0.7369999885559082
3,167,adaptive_crosssdc_cmr,hinge,1.0,0.1,0.23466979960600534,0.14886901279290518,3.317471636666192,0.014886901279290519,0.0007385122622104569,7.385122622104569e-05,0.03125,0.019965277777777776,0.015574636144770516,0.012147254827949736,0.734000027179718
3,168,adaptive_crosssdc_cmr,hinge,1.0,0.1,0.23907006283601126,0.1583810349305471,3.3163091606563992,0.01583810349305471,0.0005433956474816012,5.4339564748160125e-05,0.026909722222222224,0.017361111111111112,0.013796824961900711,0.012112415499157377,0.7360000014305115
3,169,adaptive_crosssdc_cmr,hinge,1.0,0.1,0.23523647255367702,0.14520479242006937,3.3199372026655407,0.014520479242006938,0.0009100227083157127,9.100227083157127e-05,0.03732638888888889,0.020833333333333332,0.016927510913875368,0.012612613952822156,0.7365000247955322
3,170,adaptive_crosssdc_cmr,hinge,1.0,0.1,0.23380753894646963,0.14673363003465864,3.3085852199130588,0.014673363003465865,0.00040897661124795885,4.0897661124795885e-05,0.022569444444444444,0.018229166666666668,0.015489591285586357,0.010255571868684556,0.7379999756813049
3,171,adaptive_crosssdc_cmr,hinge,1.0,0.1,0.23661581509643131,0.14418009254667494,3.3494923379686146,0.014418009254667494,0.0007005235513335922,7.005235513335922e-05,0.03993055555555555,0.013888888888888888,0.016340117073721357,0.010461512125200696,0.7315000295639038
3,172,adaptive_crosssdc_cmr,hinge,1.0,0.1,0.23692249258359274,0.14465306368139055,3.3130317529042563,0.014465306368139056,0.0008423773882289728,8.423773882289728e-05,0.03819444444444445,0.025173611111111112,0.01516528075767888,0.012943691677517362,0.7400000095367432
3,173,adaptive_crosssdc_cmr,hinge,1.0,0.1,0.23885009520583683,0.14689721332656014,3.318264060550266,0.014689721332656015,0.0009932564086435984,9.932564086435985e-05,0.03732638888888889,0.019965277777777776,0.015902744399176702,0.010437873916493522,0.7335000038146973
3,174,adaptive_crosssdc_cmr,hinge,1.0,0.1,0.24154228137599099,0.14102893405490452,3.359912289513482,0.014102893405490452,0.0009517764329858539,9.51776432985854e-05,0.03819444444444445,0.025173611111111112,0.01606852954460515,0.011666662991046906,0.7365000247955322
3,175,adaptive_crosssdc_cmr,hinge,1.0,0.1,0.23860734204451242,0.14608229200045267,3.3074470890892878,0.014608229200045267,0.001143701225777881,0.00011437012257778811,0.0390625,0.025173611111111112,0.016787692076630063,0.010703203992711173,0.7354999780654907
3,176,adaptive_crosssdc_cmr,hinge,1.0,0.1,0.24144144190682304,0.1475915296210183,3.320020384258694,0.01475915296210183,0.0012820090972430382,0.00012820090972430384,0.04600694444444445,0.025173611111111112,0.01726334521339999,0.011099335220124986,0.7369999885559082
3,177,adaptive_crosssdc_cmr,hinge,1.0,0.1,0.23652801083193886,0.14723667005697885,3.3057792451646595,0.014723667005697886,0.0007163398679242366,7.163398679242366e-05,0.035590277777777776,0.020833333333333332,0.015040528443124559,0.010409726864761777,0.7350000143051147
3,178,adaptive_crosssdc_cmr,hinge,1.0,0.1,0.24762482113308376,0.15095281104246774,3.2964853710598416,0.015095281104246775,0.0010917103710299772,0.00010917103710299773,0.044270833333333336,0.019965277777777776,0.01690742973652151,0.00908109669884046,0.7390000224113464
3,179,adaptive_crosssdc_cmr,hinge,1.0,0.1,0.2480541550450855,0.14719285236464608,3.3386918438805475,0.014719285236464609,0.0016796523737462445,0.00016796523737462447,0.050347222222222224,0.025173611111111112,0.01677538351052337,0.011589428616894616,0.7325000166893005
3,180,adaptive_crosssdc_cmr,hinge,1.0,0.1,0.24801831444104513,0.14663035670916238,3.298046694861518,0.014663035670916239,0.0015353505085739824,0.00015353505085739826,0.0625,0.017361111111111112,0.019747949722740386,0.010672282841470506,0.7354999780654907
3,181,adaptive_crosssdc_cmr,hinge,1.0,0.1,0.26116014685895705,0.14300352334976196,3.3545605076683893,0.014300352334976197,0.0018457324282887082,0.00018457324282887083,0.057291666666666664,0.030381944444444444,0.018648964663346607,0.01066509054766761,0.7294999957084656
3,182,adaptive_crosssdc_cmr,hinge,1.0,0.1,0.2633910957309935,0.14916231566005284,3.29024338722229,0.014916231566005285,0.0036860123380190795,0.000368601233801908,0.08159722222222222,0.036458333333333336,0.023288207335604563,0.012819496707783805,0.7360000014305115
3,183,adaptive_crosssdc_cmr,hinge,1.0,0.1,0.25973457594712573,0.14464340772893694,3.3047653834025064,0.014464340772893694,0.0025919003593217996,0.00025919003593218,0.07552083333333333,0.020833333333333332,0.022525489330291748,0.00926886291967498,0.7369999885559082
3,184,adaptive_crosssdc_cmr,hinge,1.0,0.1,0.2581692751910951,0.14902031256092918,3.331856197781033,0.014902031256092919,0.0017070173570472333,0.00017070173570472334,0.059027777777777776,0.025173611111111112,0.018622096214029524,0.010271084805329641,0.7254999876022339
3,185,adaptive_crosssdc_cmr,hinge,1.0,0.1,0.26181965404086643,0.1468867560227712,3.303960535261366,0.014688675602277122,0.0022713112023969493,0.00022713112023969493,0.0703125,0.026909722222222224,0.020850201033883624,0.010676057802306281,0.734000027179718
3,186,adaptive_crosssdc_cmr,hinge,1.0,0.1,0.25735075937377083,0.15642483532428741,3.303988324271308,0.015642483532428742,0.0020604963129800227,0.0002060496312980023,0.05642361111111111,0.03125,0.019216775687204465,0.011682226426071592,0.7379999756813049
3,187,adaptive_crosssdc_cmr,hinge,1.0,0.1,0.2556557854016622,0.14668391148249307,3.3433002630869546,0.014668391148249308,0.0020492799101500874,0.00020492799101500876,0.06510416666666667,0.028645833333333332,0.01824469119310379,0.011281732883718278,0.7329999804496765
3,188,adaptive_crosssdc_cmr,hinge,1.0,0.1,0.25348327722814346,0.14687624077002207,3.3118803236219616,0.014687624077002207,0.002161263559375786,0.00021612635593757864,0.0703125,0.025173611111111112,0.02052151080634859,0.011240217006868787,0.7300000190734863
3,189,adaptive_crosssdc_cmr,hinge,1.0,0.1,0.25243984825081295,0.14988590776920319,3.3028817971547446,0.01498859077692032,0.0014452668708852595,0.00014452668708852596,0.051215277777777776,0.025173611111111112,0.01666143536567688,0.011339565532075034,0.7360000014305115
3,190,adaptive_crosssdc_cmr,hinge,1.0,0.1,0.24546502696143258,0.14592638942930433,3.2899829811520047,0.014592638942930433,0.0012979681810571088,0.0001297968181057109,0.044270833333333336,0.021701388888888888,0.016607832577493455,0.01150066281358401,0.7350000143051147
3,191,adaptive_crosssdc_cmr,hinge,1.0,0.1,0.24382524523470137,0.1386803968085183,3.2923112975226507,0.01386803968085183,0.0012645047520183856,0.00012645047520183856,0.04861111111111111,0.018229166666666668,0.016773744175831478,0.007782619032594893,0.7350000143051147
3,192,adaptive_crosssdc_cmr,hinge,1.0,0.1,0.23995911247200435,0.1377710137102339,3.341254817114936,0.01377710137102339,0.0008995482332668164,8.995482332668164e-05,0.03732638888888889,0.022569444444444444,0.013013247814443376,0.010802575697501501,0.7365000247955322
3,193,adaptive_crosssdc_cmr,hinge,1.0,0.1,0.23856295314100054,0.14292483859592015,3.33711740705702,0.014292483859592016,0.0007063237248480113,7.063237248480113e-05,0.036458333333333336,0.015625,0.014340863045718934,0.00860831058687634,0.7329999804496765
3,194,adaptive_crosssdc_cmr,hinge,1.0,0.1,0.23853076994419098,0.1448188672463099,3.299977117114597,0.014481886724630992,0.0006178018116366325,6.178018116366326e-05,0.034722222222222224,0.014756944444444444,0.013362531239787737,0.007149579624334971,0.7379999756813049
3,195,adaptive_crosssdc_cmr,hinge,1.0,0.1,0.2408312741253111,0.14772936205069223,3.3422628508673773,0.014772936205069224,0.0007391569480306418,7.391569480306418e-05,0.025173611111111112,0.020833333333333332,0.012771990564134385,0.010161603490511576,0.7354999780654907
3,196,adaptive_crosssdc_cmr,hinge,1.0,0.1,0.2398474564154943,0.13824316528108385,3.3312627739376492,0.013824316528108387,0.0010110982208667945,0.00010110982208667945,0.041666666666666664,0.013020833333333334,0.016180979708830517,0.008239129765166176,0.7329999804496765
3,197,adaptive_crosssdc_cmr,hinge,1.0,0.1,0.2464968827035692,0.14678514997164407,3.3720785246955023,0.014678514997164408,0.0033938906530642677,0.00033938906530642677,0.06597222222222222,0.029513888888888888,0.022085897624492645,0.010920544051461749,0.7365000247955322
3,198,adaptive_crosssdc_cmr,hinge,1.0,0.1,0.24852675861782497,0.14377942184607187,3.318697558508979,0.014377942184607188,0.0015175878911072181,0.00015175878911072183,0.04513888888888889,0.027777777777777776,0.015879206773307588,0.009576382322443856,0.7360000014305115
3,199,adaptive_crosssdc_cmr,hinge,1.0,0.1,0.24256517986456552,0.14538166920344034,3.2693910598754883,0.014538166920344035,0.0010168150377770264,0.00010168150377770265,0.04079861111111111,0.018229166666666668,0.015241729095578194,0.008199284887976117,0.7335000038146973
4,0,adaptive_crosssdc_cmr,hinge,1.0,0.1,2.652717855241564,0.4669375154707167,2.6487180391947427,0.04669375154707167,0.42581867509418064,0.042581867509418066,0.8368055555555556,0.5633680555555556,0.7483800848325094,0.24041326509581673,0.574400007724762
4,1,adaptive_crosssdc_cmr,hinge,1.0,0.1,1.7406966421339247,0.43423445026079815,2.635138299730089,0.04342344502607982,0.345269372065862,0.0345269372065862,0.9461805555555556,0.4166666666666667,0.7055690884590149,0.12715978258185917,0.5899999737739563
4,2,adaptive_crosssdc_cmr,hinge,1.0,0.1,1.3587637080086603,0.29610207345750594,2.6561727258894177,0.029610207345750594,0.17834586567348903,0.017834586567348903,0.8706597222222222,0.3585069444444444,0.40744923883014256,0.0897571121652921,0.5956000089645386
4,3,adaptive_crosssdc_cmr,hinge,1.0,0.1,1.1375304990344577,0.2369428293572532,2.6956811216142444,0.02369428293572532,0.12067692809634739,0.012067692809634739,0.7543402777777778,0.4539930555555556,0.2605603403515286,0.12444118327564663,0.598800003528595
4,4,adaptive_crosssdc_cmr,hinge,1.0,0.1,1.0014153586493597,0.24215301043457454,2.7172208891974554,0.024215301043457454,0.09981631156471041,0.009981631156471042,0.7413194444444444,0.4444444444444444,0.22514608171251085,0.12031833993064033,0.603600025177002
4,5,adaptive_crosssdc_cmr,hinge,1.0,0.1,0.8934183849228753,0.23670264250702328,2.6753871175977917,0.02367026425070233,0.08049154612753126,0.008049154612753127,0.6380208333333334,0.4001736111111111,0.19014127221372393,0.10822633902231853,0.6064000129699707
4,6,adaptive_crosssdc_cmr,hinge,1.0,0.1,0.8164089255862765,0.21511829064952004,2.7532636059655085,0.021511829064952005,0.07514891359541151,0.007514891359541151,0.6432291666666666,0.4340277777777778,0.1755590405729082,0.11501062661409378,0.6115999817848206
4,7,adaptive_crosssdc_cmr,hinge,1.0,0.1,0.7565086748864915,0.21532991528511047,2.7343099382188587,0.02153299152851105,0.07074834240807427,0.007074834240807428,0.6145833333333334,0.3967013888888889,0.17101729578442043,0.10878212584389581,0.6100000143051147
4,8,adaptive_crosssdc_cmr,hinge,1.0,0.1,0.7038984298706055,0.20865128603246477,2.7470415433247886,0.020865128603246477,0.05855492543843058,0.005855492543843058,0.5746527777777778,0.3498263888888889,0.15280414952172172,0.0959021324912707,0.6136000156402588
4,9,adaptive_crosssdc_cmr,hinge,1.0,0.1,0.6670094463560317,0.2099710719452964,2.744088808695475,0.020997107194529643,0.06044679590397411,0.006044679590397411,0.5659722222222222,0.3845486111111111,0.15137790640195212,0.10449866702159245,0.6132000088691711
4,10,adaptive_crosssdc_cmr,hinge,1.0,0.1,0.6350339386198256,0.21343018776840633,2.7382831308576794,0.021343018776840635,0.05037141053213014,0.005037141053213014,0.5512152777777778,0.3159722222222222,0.14089397920502555,0.0877182823088434,0.614799976348877
4,11,adaptive_crosssdc_cmr,hinge,1.0,0.1,0.6041620572408041,0.20440923505359226,2.7446739938524036,0.020440923505359226,0.04924026959472232,0.004924026959472232,0.5104166666666666,0.3046875,0.13826931185192531,0.08558972842163509,0.6144000291824341
4,12,adaptive_crosssdc_cmr,hinge,1.0,0.1,0.5803806847996182,0.2043211261431376,2.7647089693281384,0.020432112614313762,0.04437636211514473,0.0044376362115144735,0.5138888888888888,0.3046875,0.1322922491365009,0.0823807352119022,0.6215999722480774
4,13,adaptive_crosssdc_cmr,hinge,1.0,0.1,0.5642911261982388,0.2100398043791453,2.7806981404622397,0.02100398043791453,0.041210362480746374,0.004121036248074638,0.5026041666666666,0.2803819444444444,0.12815779116418627,0.07578753183285396,0.6244000196456909
4,14,adaptive_crosssdc_cmr,hinge,1.0,0.1,0.542811221546597,0.1953625993596183,2.8289418750339084,0.019536259935961833,0.03790888355837928,0.0037908883558379278,0.4652777777777778,0.2829861111111111,0.11975551810529497,0.07426806208160189,0.6208000183105469
4,15,adaptive_crosssdc_cmr,hinge,1.0,0.1,0.5210720499356588,0.1834164559841156,2.7502822081247964,0.01834164559841156,0.03394003605677022,0.003394003605677022,0.4565972222222222,0.2421875,0.11732812308602864,0.0663041700091627,0.6223999857902527
4,16,adaptive_crosssdc_cmr,hinge,1.0,0.1,0.5060117509629991,0.1831951273812188,2.8232737647162542,0.01831951273812188,0.030123526230454445,0.0030123526230454445,0.4461805555555556,0.22916666666666666,0.11012700200080872,0.06305604924758275,0.6291999816894531
4,17,adaptive_crosssdc_cmr,hinge,1.0,0.1,0.4926905863814884,0.18473424348566267,2.7775504853990345,0.01847342434856627,0.027258718386292458,0.002725871838629246,0.421875,0.22916666666666666,0.10510122693247265,0.06226959079504013,0.6312000155448914
4,18,adaptive_crosssdc_cmr,hinge,1.0,0.1,0.48084473609924316,0.18252964317798615,2.8220161067114935,0.018252964317798614,0.02507072790629334,0.002507072790629334,0.3880208333333333,0.21961805555555555,0.09629943056239022,0.06394376109043758,0.6340000033378601
4,19,adaptive_crosssdc_cmr,hinge,1.0,0.1,0.4680499831835429,0.17689027554459041,2.7838665909237332,0.01768902755445904,0.023089982155296538,0.002308998215529654,0.3862847222222222,0.21180555555555555,0.09529631916019651,0.059525765064689845,0.631600022315979
4,20,adaptive_crosssdc_cmr,hinge,1.0,0.1,0.45686861872673035,0.1765770266453425,2.8189623090955944,0.01765770266453425,0.02234257385134697,0.002234257385134697,0.3628472222222222,0.20225694444444445,0.09425538943873511,0.05466819057861964,0.6371999979019165
4,21,adaptive_crosssdc_cmr,hinge,1.0,0.1,0.4441401461760203,0.18072261744075352,2.8486953841315374,0.018072261744075353,0.0206256742692656,0.00206256742692656,0.3515625,0.1684027777777778,0.09119297067324321,0.050761592057016164,0.63919997215271
4,22,adaptive_crosssdc_cmr,hinge,1.0,0.1,0.43966520494884914,0.17952253421147665,2.814804951349894,0.017952253421147667,0.018304097776611645,0.0018304097776611645,0.3402777777777778,0.17100694444444445,0.08401685373650657,0.05109718028042051,0.6395999789237976
4,23,adaptive_crosssdc_cmr,hinge,1.0,0.1,0.41811535755793255,0.16635262469450632,2.8420711358388266,0.016635262469450632,0.01811875941024886,0.0018118759410248862,0.3263888888888889,0.16666666666666666,0.08418306542767419,0.05052453113926782,0.6452000141143799
4,24,adaptive_crosssdc_cmr,hinge,1.0,0.1,0.41692401634322274,0.17013011376063028,2.815523386001587,0.01701301137606303,0.015930298405388992,0.0015930298405388993,0.3272569444444444,0.1527777777777778,0.08067641490035588,0.04526539809174008,0.6456000208854675
4,25,adaptive_crosssdc_cmr,hinge,1.0,0.1,0.41050727830992806,0.16713332467608982,2.84804195827908,0.016713332467608984,0.015240891526142756,0.0015240891526142756,0.2934027777777778,0.14149305555555555,0.0752401782406701,0.04674220954378446,0.6452000141143799
4,26,adaptive_crosssdc_cmr,hinge,1.0,0.1,0.4024033745129903,0.17081327736377716,2.7885005474090576,0.017081327736377716,0.014538509564267265,0.0014538509564267265,0.3072916666666667,0.14583333333333334,0.07646833608547847,0.044928582592142954,0.6480000019073486
4,27,adaptive_crosssdc_cmr,hinge,1.0,0.1,0.3953354060649872,0.16701849467224544,2.8113929430643716,0.016701849467224545,0.012769777120815383,0.0012769777120815384,0.2534722222222222,0.1449652777777778,0.07024013913340038,0.04676998034119606,0.652400016784668
4,28,adaptive_crosssdc_cmr,hinge,1.0,0.1,0.39172612296210396,0.1669289486275779,2.8528375360700817,0.016692894862757792,0.012973893330328994,0.0012973893330328994,0.2630208333333333,0.12239583333333333,0.07058243080973625,0.04046623160441717,0.6452000141143799
4,29,adaptive_crosssdc_cmr,hinge,1.0,0.1,0.38891763157314724,0.1637954662243525,2.80311475859748,0.01637954662243525,0.012212999165058136,0.0012212999165058136,0.2673611111111111,0.1345486111111111,0.07031410891148779,0.043533517254723444,0.652400016784668
4,30,adaptive_crosssdc_cmr,hinge,1.0,0.1,0.3782379726568858,0.15796925293074715,2.768612437778049,0.015796925293074717,0.011657483047909208,0.0011657483047909209,0.24913194444444445,0.13802083333333334,0.06464677469597922,0.04276118096378115,0.6499999761581421
4,31,adaptive_crosssdc_cmr,hinge,1.0,0.1,0.3742240501774682,0.1691618694199456,2.8001210689544678,0.016916186941994562,0.010852558227876822,0.0010852558227876822,0.2421875,0.09461805555555555,0.06365111304654016,0.035554747821556196,0.6600000262260437
4,32,adaptive_crosssdc_cmr,hinge,1.0,0.1,0.3739717966980404,0.16372266742918226,2.871524069044325,0.016372266742918227,0.009805429054217206,0.0009805429054217207,0.2300347222222222,0.125,0.059748133851422205,0.041831248750289284,0.6564000248908997
4,33,adaptive_crosssdc_cmr,hinge,1.0,0.1,0.3690841628445519,0.1611904866165585,2.85893185933431,0.01611904866165585,0.00999370843379034,0.000999370843379034,0.21354166666666666,0.1111111111111111,0.05945881249176131,0.03869634370009104,0.659600019454956
4,34,adaptive_crosssdc_cmr,hinge,1.0,0.1,0.35655301809310913,0.15132411983278063,2.875903182559543,0.015132411983278063,0.00923092621896002,0.0009230926218960021,0.20399305555555555,0.11024305555555555,0.058637178192536034,0.03769789470566644,0.6575999855995178
4,35,adaptive_crosssdc_cmr,hinge,1.0,0.1,0.3534898128774431,0.15818755825360617,2.878836499320136,0.015818755825360617,0.006900925137516525,0.0006900925137516526,0.19791666666666666,0.09375,0.053182554327779345,0.03503541979524824,0.6592000126838684
4,36,adaptive_crosssdc_cmr,hinge,1.0,0.1,0.3499899407227834,0.15912974543041652,2.8516392178005643,0.015912974543041653,0.008667543168283172,0.0008667543168283172,0.2013888888888889,0.1189236111111111,0.056982741173770696,0.03790872751010789,0.6607999801635742
4,37,adaptive_crosssdc_cmr,hinge,1.0,0.1,0.35218460692299736,0.15456322663360172,2.8989356888665094,0.015456322663360174,0.0068786924497948754,0.0006878692449794876,0.171875,0.09722222222222222,0.05062841913766331,0.034200983535912305,0.6620000004768372
4,38,adaptive_crosssdc_cmr,hinge,1.0,0.1,0.344123019112481,0.1510188662343555,2.9387837251027427,0.015101886623435552,0.007439201723577248,0.0007439201723577248,0.19270833333333334,0.0798611111111111,0.054126151320007115,0.0345251787867811,0.6643999814987183
4,39,adaptive_crosssdc_cmr,hinge,1.0,0.1,0.33700135681364274,0.14776472250620523,2.8740464316474066,0.014776472250620523,0.006622950391223033,0.0006622950391223033,0.1796875,0.07378472222222222,0.05029850287569894,0.030731673041979473,0.6664000153541565
4,40,adaptive_crosssdc_cmr,hinge,1.0,0.1,0.3332475523153941,0.1495097428560257,2.925149255328708,0.01495097428560257,0.006341114226314757,0.0006341114226314757,0.1814236111111111,0.0920138888888889,0.05038954731490877,0.03412858976258172,0.6636000275611877
4,41,adaptive_crosssdc_cmr,hinge,1.0,0.1,0.33043643832206726,0.15258051951726279,2.870197878943549,0.01525805195172628,0.005550174559983943,0.0005550174559983943,0.1423611111111111,0.08506944444444445,0.04663953267865711,0.03379356757634216,0.6668000221252441
4,42,adaptive_crosssdc_cmr,hinge,1.0,0.1,0.3248090313540565,0.14375901718934378,2.8749876817067466,0.014375901718934379,0.004255424822784132,0.0004255424822784133,0.14149305555555555,0.0920138888888889,0.04236938597427474,0.03371004304952092,0.6700000166893005
4,43,adaptive_crosssdc_cmr,hinge,1.0,0.1,0.3216524620850881,0.15412485102812448,2.899150159623888,0.01541248510281245,0.004991377057093713,0.0004991377057093713,0.15711805555555555,0.06944444444444445,0.04653767165210512,0.028572199038333364,0.6636000275611877
4,44,adaptive_crosssdc_cmr,hinge,1.0,0.1,0.3192998501989577,0.15056952834129333,2.832027859157986,0.015056952834129333,0.00549705727543268,0.000549705727543268,0.1449652777777778,0.08246527777777778,0.04561984125110838,0.033544167048401304,0.671999990940094
4,45,adaptive_crosssdc_cmr,hinge,1.0,0.1,0.3235635790559981,0.1393256535132726,2.918178081512451,0.013932565351327262,0.005460857620669736,0.0005460857620669736,0.15885416666666666,0.07899305555555555,0.04740407317876816,0.029708851128816605,0.6647999882698059
4,46,adaptive_crosssdc_cmr,hinge,1.0,0.1,0.3238438235388862,0.14625312056806353,2.9020161628723145,0.014625312056806353,0.00564387262177964,0.0005643872621779641,0.14583333333333334,0.0763888888888889,0.04474617251091533,0.02927659700314204,0.6692000031471252
4,47,adaptive_crosssdc_cmr,hinge,1.0,0.1,0.3226129213968913,0.15072712964481777,2.915048254860772,0.015072712964481778,0.0045314451886547934,0.0004531445188654794,0.14930555555555555,0.0720486111111111,0.042658920089403786,0.02985249687400129,0.671999990940094
4,48,adaptive_crosssdc_cmr,hinge,1.0,0.1,0.3137764235337575,0.15239809453487396,2.8478624290890164,0.015239809453487397,0.004736104488579763,0.00047361044885797635,0.140625,0.07378472222222222,0.042186927464273244,0.029148230536116496,0.6696000099182129
4,49,adaptive_crosssdc_cmr,hinge,1.0,0.1,0.3157236576080322,0.14257832533783382,2.9315882788764105,0.014257832533783384,0.004457790456298325,0.00044577904562983253,0.1449652777777778,0.057291666666666664,0.043408837997251086,0.027065142368276913,0.6692000031471252
4,50,adaptive_crosssdc_cmr,hinge,1.0,0.1,0.3167507251103719,0.14222324887911478,2.9225271807776556,0.014222324887911478,0.004154237194193734,0.0004154237194193734,0.13802083333333334,0.07118055555555555,0.039760903351836734,0.030153057641453214,0.6732000112533569
4,51,adaptive_crosssdc_cmr,hinge,1.0,0.1,0.3046132293012407,0.1398717529243893,2.9044013023376465,0.013987175292438932,0.004112802575238877,0.0004112802575238877,0.13020833333333334,0.06597222222222222,0.04076240294509464,0.029124379571941163,0.6751999855041504
4,52,adaptive_crosssdc_cmr,hinge,1.0,0.1,0.30685104264153373,0.1444762729936176,2.9163207477993436,0.01444762729936176,0.004020960639334387,0.00040209606393343874,0.12760416666666666,0.059027777777777776,0.03877416873971621,0.0260290474527412,0.6787999868392944
4,53,adaptive_crosssdc_cmr,hinge,1.0,0.1,0.3035590615537431,0.14756853878498077,2.8962886333465576,0.014756853878498078,0.0037102829147544173,0.00037102829147544174,0.1154513888888889,0.06076388888888889,0.039425203369723424,0.026723191969924502,0.6704000234603882
4,54,adaptive_crosssdc_cmr,hinge,1.0,0.1,0.3000855909453498,0.14553098214997184,2.9069054391649036,0.014553098214997185,0.0038378641474992037,0.0003837864147499204,0.11458333333333333,0.0642361111111111,0.036476033429304756,0.02667131730251842,0.6679999828338623
4,55,adaptive_crosssdc_cmr,hinge,1.0,0.1,0.29495827356974286,0.13722855349381766,2.91668971379598,0.013722855349381766,0.0029682372437996995,0.00029682372437996995,0.08680555555555555,0.05381944444444445,0.033705530481206045,0.026409596618678834,0.6743999719619751
4,56,adaptive_crosssdc_cmr,hinge,1.0,0.1,0.2950492799282074,0.14295751684241825,2.8706556955973306,0.014295751684241825,0.0026575260498147043,0.0002657526049814704,0.1032986111111111,0.05381944444444445,0.03548990893695089,0.023046116448111005,0.671999990940094
4,57,adaptive_crosssdc_cmr,hinge,1.0,0.1,0.297975007030699,0.14011447297202217,2.92765220006307,0.014011447297202217,0.0029482966961546075,0.00029482966961546077,0.1032986111111111,0.05555555555555555,0.03371822585662206,0.025446525671415858,0.676800012588501
4,58,adaptive_crosssdc_cmr,hinge,1.0,0.1,0.2984772026538849,0.13775237401326498,2.9733310540517173,0.013775237401326499,0.003428514212525139,0.0003428514212525139,0.1171875,0.046875,0.037238902101914086,0.025004837041099865,0.6743999719619751
4,59,adaptive_crosssdc_cmr,hinge,1.0,0.1,0.3029235899448395,0.144095285071267,2.8995677630106607,0.014409528507126701,0.0042851801133818096,0.00042851801133818096,0.11805555555555555,0.07118055555555555,0.03620898288985094,0.02705540508031845,0.6759999990463257
4,60,adaptive_crosssdc_cmr,hinge,1.0,0.1,0.2987690700425042,0.13484164575735727,2.916393995285034,0.013484164575735728,0.0036226193446459044,0.00036226193446459046,0.11197916666666667,0.06163194444444445,0.034353742789891034,0.02620034313036336,0.6743999719619751
4,61,adaptive_crosssdc_cmr,hinge,1.0,0.1,0.29641404416826034,0.14205562240547603,2.9287776947021484,0.014205562240547604,0.003373146134739121,0.0003373146134739121,0.12413194444444445,0.059027777777777776,0.034363979266749486,0.025314643772111997,0.6808000206947327
4,62,adaptive_crosssdc_cmr,hinge,1.0,0.1,0.29699530204137164,0.1328800751103295,2.9207021395365396,0.013288007511032951,0.0033573006512597203,0.00033573006512597207,0.10850694444444445,0.0546875,0.0333006125357416,0.025523826686872378,0.6772000193595886
4,63,adaptive_crosssdc_cmr,hinge,1.0,0.1,0.2931377324793074,0.14101403786076439,2.9675941467285156,0.014101403786076439,0.0031995457441856465,0.0003199545744185647,0.0920138888888889,0.0642361111111111,0.031940014825926885,0.023834618015421763,0.6772000193595886
4,64,adaptive_crosssdc_cmr,hinge,1.0,0.1,0.2923516697353787,0.13855835960970986,2.9014936288197837,0.013855835960970987,0.0038882544678118494,0.00038882544678118494,0.1171875,0.059895833333333336,0.03607966399027242,0.022669711874590978,0.6772000193595886
4,65,adaptive_crosssdc_cmr,hinge,1.0,0.1,0.29498175117704606,0.13149111800723606,2.9497212833828397,0.013149111800723607,0.00360112127641009,0.000360112127641009,0.11024305555555555,0.05381944444444445,0.03399965353310108,0.021751236998372607,0.6787999868392944
4,66,adaptive_crosssdc_cmr,hinge,1.0,0.1,0.2891310585869683,0.13461983535024855,2.8989798757765026,0.013461983535024855,0.002535023597172565,0.0002535023597172565,0.08506944444444445,0.05381944444444445,0.029915794109304745,0.023845878119270008,0.6751999855041504
4,67,adaptive_crosssdc_cmr,hinge,1.0,0.1,0.291982028219435,0.14298791189988455,2.8486818737453885,0.014298791189988455,0.00370675483201113,0.000370675483201113,0.12065972222222222,0.05295138888888889,0.03419746831059456,0.022907252940866683,0.6808000206947327
4,68,adaptive_crosssdc_cmr,hinge,1.0,0.1,0.29048128922780353,0.1382828950881958,2.9603011873033314,0.01382828950881958,0.0025916226893766886,0.00025916226893766886,0.08680555555555555,0.05295138888888889,0.029549448233511712,0.021475532195634313,0.6787999868392944
4,69,adaptive_crosssdc_cmr,hinge,1.0,0.1,0.29392869936095345,0.12794464743799633,2.9682944615681968,0.012794464743799633,0.0025821603485383093,0.00025821603485383094,0.0859375,0.043402777777777776,0.028973755323224597,0.019666083364023104,0.6815999746322632
4,70,adaptive_crosssdc_cmr,hinge,1.0,0.1,0.2950213783317142,0.1340323934952418,2.9415345986684165,0.01340323934952418,0.003227638106586205,0.0003227638106586205,0.10416666666666667,0.0625,0.031430839457445674,0.02393018247352706,0.6796000003814697
4,71,adaptive_crosssdc_cmr,hinge,1.0,0.1,0.2858771218193902,0.13370537840657765,2.891492737664117,0.013370537840657766,0.002988496006259488,0.00029884960062594884,0.0920138888888889,0.050347222222222224,0.02935577163265811,0.020712947472929955,0.6764000058174133
4,72,adaptive_crosssdc_cmr,hinge,1.0,0.1,0.28115028474065995,0.12916717761092716,3.005894316567315,0.012916717761092718,0.002930596781273683,0.0002930596781273683,0.08333333333333333,0.05555555555555555,0.028774974246819813,0.022203115539418325,0.6832000017166138
4,73,adaptive_crosssdc_cmr,hinge,1.0,0.1,0.2797161241372426,0.1420635705192884,2.853983375761244,0.014206357051928839,0.0022224431935076914,0.00022224431935076916,0.07552083333333333,0.04861111111111111,0.02729064453807142,0.019822956373294193,0.6823999881744385
4,74,adaptive_crosssdc_cmr,hinge,1.0,0.1,0.272118972407447,0.12836230711804497,2.9194615681966147,0.012836230711804498,0.0018804883244835462,0.00018804883244835462,0.059027777777777776,0.03993055555555555,0.024453983124759462,0.018438905891444948,0.6791999936103821
4,75,adaptive_crosssdc_cmr,hinge,1.0,0.1,0.27335402369499207,0.1321595162153244,2.9557576179504395,0.01321595162153244,0.0016657348282428251,0.00016657348282428253,0.059027777777777776,0.04079861111111111,0.024670149717066023,0.021370201268129878,0.6779999732971191
4,76,adaptive_crosssdc_cmr,hinge,1.0,0.1,0.2663601901796129,0.1259639428721534,2.9647434287601047,0.01259639428721534,0.001480190070449478,0.00014801900704494782,0.06163194444444445,0.03819444444444445,0.024901847044626873,0.020746653692589864,0.6772000193595886
4,77,adaptive_crosssdc_cmr,hinge,1.0,0.1,0.2693921724955241,0.13698150548670027,2.926678948932224,0.013698150548670027,0.0010843064778277443,0.00010843064778277443,0.051215277777777776,0.029513888888888888,0.023311118491821818,0.019573571160435677,0.6812000274658203
4,78,adaptive_crosssdc_cmr,hinge,1.0,0.1,0.26667866441938615,0.13163279493649802,2.979471127192179,0.013163279493649802,0.0013031606148514482,0.00013031606148514483,0.050347222222222224,0.04861111111111111,0.02350099053647783,0.021248590615060594,0.6815999746322632
4,79,adaptive_crosssdc_cmr,hinge,1.0,0.1,0.26535479558838737,0.1251494660973549,2.9390792316860623,0.01251494660973549,0.0015568924847886795,0.00015568924847886797,0.06076388888888889,0.03732638888888889,0.02589484180013339,0.018154298679696187,0.6823999881744385
4,80,adaptive_crosssdc_cmr,hinge,1.0,0.1,0.27163243293762207,0.1365170040064388,2.932140482796563,0.01365170040064388,0.0013480776914447132,0.0001348077691444713,0.05642361111111111,0.036458333333333336,0.02483120457165771,0.019392696519692738,0.6800000071525574
4,81,adaptive_crosssdc_cmr,hinge,1.0,0.1,0.26304188039567733,0.12713287439611223,2.9509518411424427,0.012713287439611224,0.0015701219607661995,0.00015701219607661997,0.06336805555555555,0.04861111111111111,0.024230344220995903,0.021190003388457827,0.6855999827384949
4,82,adaptive_crosssdc_cmr,hinge,1.0,0.1,0.26438207427660626,0.1297694312201606,2.9580467277103,0.012976943122016062,0.0011687234736099425,0.00011687234736099426,0.05295138888888889,0.030381944444444444,0.023059992947512202,0.017950955364439223,0.6819999814033508
4,83,adaptive_crosssdc_cmr,hinge,1.0,0.1,0.2641092538833618,0.12929427375396094,2.9130971166822643,0.012929427375396095,0.0016658940197279055,0.00016658940197279056,0.0625,0.03211805555555555,0.024995213374495506,0.01859641323486964,0.6819999814033508
4,84,adaptive_crosssdc_cmr,hinge,1.0,0.1,0.2675503260559506,0.12841987941000196,2.9711193243662515,0.012841987941000197,0.001262633938394073,0.0001262633938394073,0.0642361111111111,0.027777777777777776,0.02400204311642382,0.019112025284104876,0.680400013923645
4,85,adaptive_crosssdc_cmr,hinge,1.0,0.1,0.26912374960051644,0.12360424713955985,2.956629064348009,0.012360424713955986,0.0017936149314563307,0.00017936149314563309,0.07725694444444445,0.035590277777777776,0.028065002833803494,0.020533939202626545,0.6851999759674072
4,86,adaptive_crosssdc_cmr,hinge,1.0,0.1,0.2630152106285095,0.12252906709909439,2.9591251214345298,0.01225290670990944,0.0015935004921630025,0.00015935004921630025,0.05381944444444445,0.044270833333333336,0.023521953779790137,0.021204080018732283,0.6844000220298767
4,87,adaptive_crosssdc_cmr,hinge,1.0,0.1,0.263112700647778,0.1274709395236439,2.9680902693006725,0.012747093952364391,0.0016453435463416907,0.00016453435463416907,0.059895833333333336,0.04079861111111111,0.023570296458072133,0.020451814350154664,0.6876000165939331
4,88,adaptive_crosssdc_cmr,hinge,1.0,0.1,0.2594261003865136,0.12346808612346649,2.9459376600053577,0.01234680861234665,0.0012263002443230813,0.00012263002443230813,0.059027777777777776,0.03125,0.024041677721672587,0.01780831917292542,0.6840000152587891
4,89,adaptive_crosssdc_cmr,hinge,1.0,0.1,0.26391446590423584,0.1247281324532297,2.991780254575941,0.01247281324532297,0.0011323153739795089,0.00011323153739795089,0.057291666666666664,0.03993055555555555,0.02215706557035446,0.021635406961043675,0.6855999827384949
4,90,adaptive_crosssdc_cmr,hinge,1.0,0.1,0.25933730271127486,0.12469174050622517,2.9625816345214844,0.012469174050622518,0.0009472350906839387,9.472350906839388e-05,0.041666666666666664,0.036458333333333336,0.02099546293417613,0.019070434901449416,0.6863999962806702
4,91,adaptive_crosssdc_cmr,hinge,1.0,0.1,0.2625025444560581,0.1285315826535225,2.9715623590681286,0.01285315826535225,0.0012826651218347251,0.0001282665121834725,0.06076388888888889,0.026909722222222224,0.023371772426697943,0.01754184729523129,0.6815999746322632
4,92,adaptive_crosssdc_cmr,hinge,1.0,0.1,0.26489778690867954,0.12457688318358527,2.989727603064643,0.012457688318358529,0.001045296882188672,0.0001045296882188672,0.04774305555555555,0.025173611111111112,0.021838643898566563,0.017278007956014738,0.6815999746322632
4,93,adaptive_crosssdc_cmr,hinge,1.0,0.1,0.26079805692036945,0.12637083563539717,2.9186845620473227,0.012637083563539717,0.001832544318555544,0.0001832544318555544,0.07552083333333333,0.050347222222222224,0.02531757454077403,0.020430426630708907,0.6812000274658203
4,94,adaptive_crosssdc_cmr,hinge,1.0,0.1,0.2592167059580485,0.11917326682143742,2.9469157324896917,0.011917326682143743,0.0015337695561659832,0.00015337695561659832,0.05642361111111111,0.0390625,0.022776996716856956,0.01841396962602933,0.6895999908447266
4,95,adaptive_crosssdc_cmr,hinge,1.0,0.1,0.2565023998419444,0.12161023004187478,2.9450611803266735,0.012161023004187478,0.0009820905591671665,9.820905591671666e-05,0.043402777777777776,0.03211805555555555,0.020805100599924724,0.017159724608063698,0.6872000098228455
4,96,adaptive_crosssdc_cmr,hinge,1.0,0.1,0.25728842947218156,0.1336987151039971,2.996958361731635,0.013369871510399712,0.0010763950865819221,0.00010763950865819222,0.044270833333333336,0.03211805555555555,0.019688150121106043,0.017282248992058966,0.6848000288009644
4,97,adaptive_crosssdc_cmr,hinge,1.0,0.1,0.2514251536793179,0.12255066964361402,2.98989290661282,0.012255066964361403,0.0006869311877785043,6.869311877785043e-05,0.026909722222222224,0.029513888888888888,0.018850262587269146,0.01612169709470537,0.6872000098228455
4,98,adaptive_crosssdc_cmr,hinge,1.0,0.1,0.24919762876298693,0.12450687338908513,2.962177382575141,0.012450687338908514,0.0005820759817854398,5.820759817854398e-05,0.03298611111111111,0.021701388888888888,0.018689418418539896,0.017106966425975163,0.6895999908447266
4,99,adaptive_crosssdc_cmr,hinge,1.0,0.1,0.24875619014104208,0.12559952007399666,3.0051141579945884,0.012559952007399667,0.0008274512850524237,8.274512850524237e-05,0.034722222222222224,0.04079861111111111,0.019551373811231718,0.0193584809700648,0.6863999962806702
4,100,adaptive_crosssdc_cmr,hinge,1.0,0.1,0.24967502885394627,0.11996211773819393,2.9975360764397516,0.011996211773819394,0.0006636010172466437,6.636010172466437e-05,0.03819444444444445,0.019097222222222224,0.02080855228834682,0.016237712775667507,0.6868000030517578
4,101,adaptive_crosssdc_cmr,hinge,1.0,0.1,0.24505449334780374,0.1273741192287869,2.9276642269558377,0.012737411922878689,0.0007167334972311639,7.16733497231164e-05,0.03211805555555555,0.026909722222222224,0.018783468132217724,0.01745937495595879,0.6868000030517578
4,102,adaptive_crosssdc_cmr,hinge,1.0,0.1,0.2472203771273295,0.11990006350808674,2.983402411142985,0.011990006350808675,0.0006276685227122572,6.276685227122572e-05,0.03732638888888889,0.028645833333333332,0.01890194271173742,0.01738933867050542,0.6916000247001648
4,103,adaptive_crosssdc_cmr,hinge,1.0,0.1,0.2465871357255512,0.13038265373971727,2.9781569374932184,0.013038265373971729,0.0009066026670754784,9.066026670754784e-05,0.03211805555555555,0.03819444444444445,0.019884649871124163,0.017947263394792873,0.6859999895095825
4,104,adaptive_crosssdc_cmr,hinge,1.0,0.1,0.24729224873913658,0.12371948444181019,2.9836002455817328,0.012371948444181019,0.0005582849068256716,5.582849068256716e-05,0.03211805555555555,0.029513888888888888,0.020475082306398287,0.01573090586397383,0.6883999705314636
4,105,adaptive_crosssdc_cmr,hinge,1.0,0.1,0.25062717994054157,0.126376254691018,2.984342919455634,0.012637625469101799,0.0011262067483686325,0.00011262067483686326,0.051215277777777776,0.03125,0.02146674133837223,0.0171827609754271,0.692799985408783
4,106,adaptive_crosssdc_cmr,hinge,1.0,0.1,0.25015873544745976,0.11530042191346486,2.981029431025187,0.011530042191346486,0.0010761405606495424,0.00010761405606495424,0.052083333333333336,0.029513888888888888,0.02105033563243018,0.016811839408344693,0.6880000233650208
4,107,adaptive_crosssdc_cmr,hinge,1.0,0.1,0.25709548261430526,0.13040178103579414,2.9821373886532254,0.013040178103579415,0.0012084587457745026,0.00012084587457745027,0.05295138888888889,0.03819444444444445,0.021572935084501903,0.01645287312567234,0.6859999895095825
4,108,adaptive_crosssdc_cmr,hinge,1.0,0.1,0.2537631591161092,0.13127786666154861,2.9260102642907038,0.013127786666154863,0.0010922061644830844,0.00010922061644830844,0.046875,0.034722222222222224,0.02156766276392672,0.016978570570548374,0.6887999773025513
4,109,adaptive_crosssdc_cmr,hinge,1.0,0.1,0.26096394326951766,0.12574378814962175,2.9606042438083224,0.012574378814962177,0.0012718688230961561,0.0001271868823096156,0.06684027777777778,0.025173611111111112,0.02229493690861596,0.01394031217528714,0.6868000030517578
4,110,adaptive_crosssdc_cmr,hinge,1.0,0.1,0.25540966788927716,0.1354748217595948,2.9442958301968045,0.013547482175959481,0.0012724750946896772,0.00012724750946896773,0.05295138888888889,0.04079861111111111,0.02090941121180852,0.018729441281821992,0.692799985408783
4,111,adaptive_crosssdc_cmr,hinge,1.0,0.1,0.25861021876335144,0.12480068620708254,2.9828948974609375,0.012480068620708254,0.0019792337487969133,0.00019792337487969133,0.058159722222222224,0.035590277777777776,0.021163142803642485,0.01814741061793433,0.6844000220298767
4,112,adaptive_crosssdc_cmr,hinge,1.0,0.1,0.2533387773566776,0.12401581472820705,2.930534919102987,0.012401581472820706,0.0013856258915944232,0.00013856258915944232,0.06163194444444445,0.028645833333333332,0.021592657185263105,0.014166242960426543,0.6832000017166138
4,113,adaptive_crosssdc_cmr,hinge,1.0,0.1,0.2503913227054808,0.12195197161700991,2.932780901590983,0.01219519716170099,0.0009809314797166735,9.809314797166736e-05,0.042534722222222224,0.028645833333333332,0.018263921555545595,0.01568297917644183,0.6935999989509583
4,114,adaptive_crosssdc_cmr,hinge,1.0,0.1,0.2482198824485143,0.12340862221188015,2.9971735212537975,0.012340862221188015,0.0010532516074211646,0.00010532516074211647,0.05381944444444445,0.030381944444444444,0.02151625355084737,0.015937507566478517,0.6883999705314636
4,115,adaptive_crosssdc_cmr,hinge,1.0,0.1,0.2520703723033269,0.12138424151473576,3.0074784225887723,0.012138424151473577,0.0010508324226571454,0.00010508324226571455,0.04079861111111111,0.029513888888888888,0.020068892588218052,0.016853909732566938,0.6904000043869019
4,116,adaptive_crosssdc_cmr,hinge,1.0,0.1,0.2517410202158822,0.1285127161277665,2.9595816135406494,0.01285127161277665,0.0011274572849894564,0.00011274572849894565,0.049479166666666664,0.036458333333333336,0.02136216416127152,0.015606318910916647,0.6935999989509583
4,117,adaptive_crosssdc_cmr,hinge,1.0,0.1,0.25287557144959766,0.12998035136196348,3.0033832126193576,0.01299803513619635,0.001030386930021147,0.0001030386930021147,0.046875,0.03298611111111111,0.01985550257894728,0.01634205277595255,0.6876000165939331
4,118,adaptive_crosssdc_cmr,hinge,1.0,0.1,0.25306861599286395,0.1226686868402693,3.063846747080485,0.01226686868402693,0.0011187070146358262,0.00011187070146358262,0.051215277777777776,0.022569444444444444,0.019361372623178694,0.012643952750497393,0.6880000233650208
4,119,adaptive_crosssdc_cmr,hinge,1.0,0.1,0.25242243707180023,0.12086700482500924,2.9820356369018555,0.012086700482500925,0.0017075849949227024,0.00017075849949227027,0.06076388888888889,0.035590277777777776,0.021983868959877226,0.015277874138620164,0.6935999989509583
4,120,adaptive_crosssdc_cmr,hinge,1.0,0.1,0.2637222458918889,0.12201951858070162,2.970513211356269,0.012201951858070163,0.0020100813320217035,0.00020100813320217035,0.06163194444444445,0.0390625,0.022272342815995216,0.015305296828349432,0.6887999773025513
4,121,adaptive_crosssdc_cmr,hinge,1.0,0.1,0.26245492531193626,0.1225537649459309,2.923734876844618,0.01225537649459309,0.0022176364566096,0.00022176364566096004,0.0763888888888889,0.03993055555555555,0.023919431906607416,0.016695926586786907,0.6876000165939331
4,122,adaptive_crosssdc_cmr,hinge,1.0,0.1,0.26342346602016026,0.12627513706684113,2.937209447224935,0.012627513706684114,0.002315345466033452,0.00023153454660334522,0.08680555555555555,0.034722222222222224,0.02403184895714124,0.01416731294658449,0.6891999840736389
4,123,adaptive_crosssdc_cmr,hinge,1.0,0.1,0.26217828194300336,0.12432733674844106,2.9513510598076715,0.012432733674844106,0.002078438022484382,0.00020784380224843824,0.0720486111111111,0.034722222222222224,0.021703260019421577,0.01497541657752461,0.6895999908447266
4,124,adaptive_crosssdc_cmr,hinge,1.0,0.1,0.2727102405495114,0.1282257479098108,2.9658407900068493,0.012822574790981082,0.00354178249835968,0.000354178249835968,0.08246527777777778,0.0390625,0.025572372807396784,0.01440181252029207,0.692799985408783
4,125,adaptive_crosssdc_cmr,hinge,1.0,0.1,0.26514606674512226,0.12150809582736757,2.9785095585717096,0.012150809582736758,0.0025475219461239046,0.00025475219461239046,0.08246527777777778,0.03819444444444445,0.02429689197904534,0.014522575048936738,0.6855999827384949
4,126,adaptive_crosssdc_cmr,hinge,1.0,0.1,0.26152030295795864,0.11853795333041085,3.0134447945488825,0.011853795333041086,0.0017917963559739292,0.00017917963559739293,0.06770833333333333,0.03211805555555555,0.021002120441860624,0.013226375811629824,0.6891999840736389
4,127,adaptive_crosssdc_cmr,hinge,1.0,0.1,0.2560618436998791,0.12196100337637795,2.971831109788683,0.012196100337637796,0.0013990041980933812,0.00013990041980933813,0.04861111111111111,0.024305555555555556,0.018984365587433178,0.011710706891285049,0.6912000179290771
4,128,adaptive_crosssdc_cmr,hinge,1.0,0.1,0.2545289678706063,0.12615623821814856,2.9325599670410156,0.012615623821814857,0.001017772587753522,0.0001017772587753522,0.03993055555555555,0.025173611111111112,0.016575403718484774,0.011792720605929693,0.6863999962806702
4,129,adaptive_crosssdc_cmr,hinge,1.0,0.1,0.2524444941017363,0.12378546347220738,3.005095058017307,0.012378546347220739,0.001191712233574233,0.00011917122335742331,0.033854166666666664,0.033854166666666664,0.01736810989677906,0.013269840429226557,0.6904000043869019
4,130,adaptive_crosssdc_cmr,hinge,1.0,0.1,0.24847944577534994,0.12012981043921576,3.005256838268704,0.012012981043921577,0.0009904957130654818,9.904957130654818e-05,0.041666666666666664,0.0234375,0.01735476218163967,0.014091262800825967,0.6887999773025513
4,131,adaptive_crosssdc_cmr,hinge,1.0,0.1,0.24436362915568882,0.12248867253462474,2.9644148614671497,0.012248867253462475,0.000828651680624009,8.286516806240091e-05,0.021701388888888888,0.03125,0.015330101880762313,0.01334426717625724,0.6919999718666077
4,132,adaptive_crosssdc_cmr,hinge,1.0,0.1,0.24020950496196747,0.11392797778050105,2.98509152730306,0.011392797778050107,0.0007426225897183435,7.426225897183435e-05,0.03211805555555555,0.020833333333333332,0.01551279653277662,0.01276553836133745,0.6935999989509583
4,133,adaptive_crosssdc_cmr,hinge,1.0,0.1,0.23766586515638563,0.12099961108631557,2.9644766648610434,0.012099961108631558,0.0004827872115937579,4.8278721159375795e-05,0.015625,0.026909722222222224,0.014466783238781823,0.011801360588934686,0.6948000192642212
4,134,adaptive_crosssdc_cmr,hinge,1.0,0.1,0.2364824116230011,0.12213629318608178,2.9120598634084067,0.012213629318608178,0.0004726610867591161,4.726610867591161e-05,0.030381944444444444,0.017361111111111112,0.016017674364977412,0.011759180989530351,0.6959999799728394
4,135,adaptive_crosssdc_cmr,hinge,1.0,0.1,0.2382368031475279,0.12182870590024525,2.9557715786827936,0.012182870590024526,0.0006188360388882251,6.188360388882251e-05,0.026041666666666668,0.0234375,0.01636117200056712,0.013218698816166984,0.6935999989509583
4,136,adaptive_crosssdc_cmr,hinge,1.0,0.1,0.23574524290031856,0.11937739617294735,2.9681118859185114,0.011937739617294735,0.0006158969998877081,6.158969998877081e-05,0.026909722222222224,0.026041666666666668,0.015393706245554818,0.014707928316460716,0.6931999921798706
4,137,adaptive_crosssdc_cmr,hinge,1.0,0.1,0.2308938999970754,0.11883890877167384,3.003558529747857,0.011883890877167385,0.0004168622666232598,4.168622666232599e-05,0.015625,0.015625,0.014089718047115538,0.01363049116399553,0.6895999908447266
4,138,adaptive_crosssdc_cmr,hinge,1.0,0.1,0.23312055899037254,0.11761948631869422,3.0117669900258384,0.011761948631869423,0.0004787158072253482,4.787158072253482e-05,0.027777777777777776,0.021701388888888888,0.016275548686583836,0.014611610521872839,0.6916000247001648
4,139,adaptive_crosssdc_cmr,hinge,1.0,0.1,0.2394295914305581,0.11300410744216707,2.994196812311808,0.011300410744216708,0.0005372711958544743,5.3727119585447436e-05,0.027777777777777776,0.020833333333333332,0.015751968034439616,0.013417418218321271,0.696399986743927
4,140,adaptive_crosssdc_cmr,hinge,1.0,0.1,0.23729068868690067,0.11866232007741928,2.984954595565796,0.01186623200774193,0.000623734583819492,6.23734583819492e-05,0.022569444444444444,0.026909722222222224,0.01570638082921505,0.013999550499849849,0.6923999786376953
4,141,adaptive_crosssdc_cmr,hinge,1.0,0.1,0.23421233395735422,0.11811721324920654,3.000561555226644,0.011811721324920655,0.00040138466607054905,4.013846660705491e-05,0.022569444444444444,0.014756944444444444,0.015881350677874353,0.010881296876404021,0.6855999827384949
4,142,adaptive_crosssdc_cmr,hinge,1.0,0.1,0.23501476811038124,0.11545480539401372,3.0031279457939997,0.011545480539401373,0.0007008154611361937,7.008154611361937e-05,0.033854166666666664,0.019097222222222224,0.016506462254458003,0.014488485952218374,0.6940000057220459
4,143,adaptive_crosssdc_cmr,hinge,1.0,0.1,0.23158807390265995,0.11444742894834942,2.976621839735243,0.011444742894834943,0.0005659795262747341,5.6597952627473406e-05,0.03211805555555555,0.022569444444444444,0.01554376631975174,0.01396398680905501,0.6931999921798706
4,144,adaptive_crosssdc_cmr,hinge,1.0,0.1,0.23360789815584818,0.11931559360689586,2.9844770431518555,0.011931559360689587,0.000533012104117208,5.3301210411720806e-05,0.019965277777777776,0.018229166666666668,0.015401230297154851,0.012817619989315668,0.6891999840736389
4,145,adaptive_crosssdc_cmr,hinge,1.0,0.1,0.23564719325966305,0.11805024163590537,2.9772483242882624,0.011805024163590538,0.0007001239217869523,7.001239217869523e-05,0.03211805555555555,0.025173611111111112,0.017692442362507183,0.015131599373287626,0.6944000124931335
4,146,adaptive_crosssdc_cmr,hinge,1.0,0.1,0.24200893772972953,0.11584082576963636,2.964215808444553,0.011584082576963637,0.0008710423725359659,8.71042372535966e-05,0.041666666666666664,0.017361111111111112,0.018123046184579533,0.010892598786287837,0.6908000111579895
4,147,adaptive_crosssdc_cmr,hinge,1.0,0.1,0.24256994823614755,0.11442022605074777,2.998792542351617,0.011442022605074778,0.0009676900582336304,9.676900582336304e-05,0.04079861111111111,0.03732638888888889,0.016969969496130943,0.013744432893064287,0.6931999921798706
4,148,adaptive_crosssdc_cmr,hinge,1.0,0.1,0.2424409290154775,0.12472101052602132,2.956217050552368,0.012472101052602132,0.001120052158108188,0.00011200521581081881,0.03819444444444445,0.026909722222222224,0.017608438308040302,0.013782726807726754,0.6940000057220459
4,149,adaptive_crosssdc_cmr,hinge,1.0,0.1,0.24735587338606516,0.11879242708285649,2.9584205945332847,0.01187924270828565,0.001531286773064898,0.00015312867730648983,0.06684027777777778,0.030381944444444444,0.02042052832742532,0.012904145444432894,0.6923999786376953
4,150,adaptive_crosssdc_cmr,hinge,1.0,0.1,0.24543684555424583,0.11498133838176727,2.975599103503757,0.011498133838176728,0.0009893372447954284,9.893372447954284e-05,0.04774305555555555,0.021701388888888888,0.018531638921962842,0.01231392017669148,0.6952000260353088
4,151,adaptive_crosssdc_cmr,hinge,1.0,0.1,0.24175680014822218,0.11500241855780284,2.9775660832722983,0.011500241855780285,0.0009590572428553262,9.590572428553262e-05,0.04513888888888889,0.024305555555555556,0.017022428413232166,0.012842361297872331,0.6923999786376953
4,152,adaptive_crosssdc_cmr,hinge,1.0,0.1,0.24215971099005806,0.11733978076113595,2.984591007232666,0.011733978076113595,0.0011103329032064518,0.00011103329032064519,0.030381944444444444,0.03211805555555555,0.016007994819018576,0.01542925958832105,0.6919999718666077
4,153,adaptive_crosssdc_cmr,hinge,1.0,0.1,0.23977175686094496,0.11866628378629684,2.968366861343384,0.011866628378629685,0.0012367721161960314,0.00012367721161960315,0.029513888888888888,0.033854166666666664,0.016330383718013763,0.013834379406438934,0.692799985408783
4,154,adaptive_crosssdc_cmr,hinge,1.0,0.1,0.2410392181740867,0.11557381682925755,2.9794086615244546,0.011557381682925756,0.0008364342890369395,8.364342890369396e-05,0.04079861111111111,0.019097222222222224,0.016984563734796312,0.009765000392993292,0.6940000057220459
4,155,adaptive_crosssdc_cmr,hinge,1.0,0.1,0.24264519082175362,0.11568541162543827,2.9700261221991644,0.011568541162543827,0.0008350755249719239,8.350755249719239e-05,0.036458333333333336,0.025173611111111112,0.017953529333074886,0.012645725988679461,0.6899999976158142
4,156,adaptive_crosssdc_cmr,hinge,1.0,0.1,0.23655295703146192,0.11857040640380648,2.9382971922556558,0.011857040640380649,0.0008390542093871369,8.390542093871369e-05,0.03298611111111111,0.025173611111111112,0.015061449673440721,0.011275523652633032,0.6955999732017517
4,157,adaptive_crosssdc_cmr,hinge,1.0,0.1,0.2414042999347051,0.1171733910838763,3.0043600135379367,0.01171733910838763,0.001029531807742185,0.0001029531807742185,0.03125,0.024305555555555556,0.016117652878165245,0.013856925070285797,0.6931999921798706
4,158,adaptive_crosssdc_cmr,hinge,1.0,0.1,0.24211341970496708,0.11863446732362111,2.9433586067623563,0.011863446732362112,0.0012619509167658787,0.00012619509167658788,0.03993055555555555,0.03125,0.016456376761198044,0.01286341291334894,0.6944000124931335
4,159,adaptive_crosssdc_cmr,hinge,1.0,0.1,0.2452367295821508,0.11093448847532272,3.0162742667728,0.011093448847532272,0.0013768906291160318,0.00013768906291160318,0.04513888888888889,0.028645833333333332,0.017180429978503123,0.011432182871633105,0.6980000138282776
4,160,adaptive_crosssdc_cmr,hinge,1.0,0.1,0.24237798816627926,0.1225837841629982,2.9605952898661294,0.012258378416299821,0.0014654689455508357,0.00014654689455508358,0.049479166666666664,0.027777777777777776,0.018815632081694074,0.011829533510737948,0.6899999976158142
4,161,adaptive_crosssdc_cmr,hinge,1.0,0.1,0.2401515543460846,0.11758596118953493,2.9803128242492676,0.011758596118953494,0.0009815545054152608,9.815545054152608e-05,0.04079861111111111,0.018229166666666668,0.016241834809382755,0.010225390394528707,0.6952000260353088
4,162,adaptive_crosssdc_cmr,hinge,1.0,0.1,0.2416845526960161,0.12509151962068346,2.9100545512305365,0.012509151962068346,0.0012054398830514401,0.00012054398830514402,0.04774305555555555,0.024305555555555556,0.018034373099605244,0.010912836425834231,0.6887999773025513
4,163,adaptive_crosssdc_cmr,hinge,1.0,0.1,0.23752916521496242,0.11701761600044039,2.959001647101508,0.01170176160004404,0.0010466621606610715,0.00010466621606610716,0.03993055555555555,0.024305555555555556,0.015572767704725266,0.011591838051875433,0.6952000260353088
4,164,adaptive_crosssdc_cmr,hinge,1.0,0.1,0.24373670087920296,0.1121118822031551,2.9760378201802573,0.011211188220315511,0.001020279292586363,0.0001020279292586363,0.050347222222222224,0.022569444444444444,0.016889734814564388,0.010520827439096238,0.6940000057220459
4,165,adaptive_crosssdc_cmr,hinge,1.0,0.1,0.23668406241469914,0.10846220205227534,3.0331412156422934,0.010846220205227535,0.0006387370004732576,6.387370004732576e-05,0.026909722222222224,0.020833333333333332,0.014408692510591613,0.010830930744608244,0.6948000192642212
4,166,adaptive_crosssdc_cmr,hinge,1.0,0.1,0.23587523566351998,0.11334638131989373,2.97922952969869,0.011334638131989374,0.0008464552245439134,8.464552245439134e-05,0.03298611111111111,0.024305555555555556,0.015027068555355072,0.012546714602245225,0.6940000057220459
4,167,adaptive_crosssdc_cmr,hinge,1.0,0.1,0.22956079575750563,0.12049320919646157,2.9916694164276123,0.012049320919646158,0.00047265699282029853,4.726569928202985e-05,0.024305555555555556,0.016493055555555556,0.01247458304795954,0.009868631346358193,0.6952000260353088
4,168,adaptive_crosssdc_cmr,hinge,1.0,0.1,0.2351519482003318,0.11703759514623219,3.01482359568278,0.01170375951462322,0.0005982766839830825,5.9827668398308254e-05,0.030381944444444444,0.017361111111111112,0.014663641030589739,0.010482776910066605,0.6944000124931335
4,169,adaptive_crosssdc_cmr,hinge,1.0,0.1,0.24191687173313564,0.11376869678497314,2.9875435034434,0.011376869678497315,0.0007261981308046314,7.261981308046314e-05,0.028645833333333332,0.0234375,0.01562743965122435,0.010835768034060797,0.6912000179290771
4,170,adaptive_crosssdc_cmr,hinge,1.0,0.1,0.23985969523588815,0.11533910946713553,2.984270042843289,0.011533910946713554,0.000751558306445885,7.515583064458851e-05,0.027777777777777776,0.024305555555555556,0.015171124910314878,0.011848222671283616,0.6948000192642212
4,171,adaptive_crosssdc_cmr,hinge,1.0,0.1,0.24007870422469246,0.11779233151011997,2.9457865291171603,0.011779233151011998,0.0014683833319900765,0.00014683833319900766,0.046875,0.03125,0.017003470410903294,0.013665300690465502,0.6863999962806702
4,172,adaptive_crosssdc_cmr,hinge,1.0,0.1,0.2571134136782752,0.1208004355430603,2.9647999339633517,0.01208004355430603,0.0019082313390552169,0.0001908231339055217,0.0625,0.03298611111111111,0.02076002603603734,0.012379022936026255,0.692799985408783
4,173,adaptive_crosssdc_cmr,hinge,1.0,0.1,0.2561946428484387,0.11515406601958805,3.02216108640035,0.011515406601958806,0.0025178715457311934,0.00025178715457311934,0.0625,0.03993055555555555,0.022016824533541996,0.014049202617671754,0.6952000260353088
4,174,adaptive_crosssdc_cmr,hinge,1.0,0.1,0.24952267110347748,0.11885734150807063,3.0104860994550915,0.011885734150807063,0.0015330025344155729,0.0001533002534415573,0.057291666666666664,0.029513888888888888,0.018557518306705687,0.012266423553228378,0.6931999921798706
4,175,adaptive_crosssdc_cmr,hinge,1.0,0.1,0.24907681511508095,0.12393855386310154,2.9424595832824707,0.012393855386310155,0.001192933782779922,0.00011929337827799221,0.04600694444444445,0.021701388888888888,0.015263837658696704,0.009451818135049608,0.6940000057220459
4,176,adaptive_crosssdc_cmr,hinge,1.0,0.1,0.23760005831718445,0.11276889757977591,2.978698174158732,0.011276889757977592,0.0009594594270715283,9.594594270715284e-05,0.03993055555555555,0.03211805555555555,0.016497121502955753,0.012744968136151632,0.6912000179290771
4,177,adaptive_crosssdc_cmr,hinge,1.0,0.1,0.2357857839928733,0.11819208496146733,2.8907951513926187,0.011819208496146733,0.0008789137452064703,8.789137452064703e-05,0.030381944444444444,0.020833333333333332,0.01453644803000821,0.010349282373984655,0.6944000124931335
4,178,adaptive_crosssdc_cmr,hinge,1.0,0.1,0.23767255908913082,0.11447105722294913,3.028719743092855,0.011447105722294914,0.0010297663393430412,0.00010297663393430412,0.0390625,0.013020833333333334,0.015509486198425293,0.008472286992602877,0.6916000247001648
4,179,adaptive_crosssdc_cmr,hinge,1.0,0.1,0.2409878389702903,0.11538284768660863,3.01340299182468,0.011538284768660863,0.0008347158598351396,8.347158598351396e-05,0.036458333333333336,0.021701388888888888,0.014439155244164996,0.010288056814008288,0.6912000179290771
4,180,adaptive_crosssdc_cmr,hinge,1.0,0.1,0.2408253335290485,0.11788984967602624,2.9579107231563992,0.011788984967602625,0.0010042911243443894,0.00010042911243443895,0.028645833333333332,0.027777777777777776,0.013701163232326508,0.01157988566491339,0.6904000043869019
4,181,adaptive_crosssdc_cmr,hinge,1.0,0.1,0.24842047029071385,0.12378283424509896,2.984575563006931,0.012378283424509896,0.0013024997347707136,0.00013024997347707137,0.03819444444444445,0.029513888888888888,0.016438666524158582,0.011986501928832795,0.6948000192642212
4,182,adaptive_crosssdc_cmr,hinge,1.0,0.1,0.238979266749488,0.11522229264179866,2.972584909862942,0.011522229264179867,0.001073430913190047,0.0001073430913190047,0.042534722222222224,0.019097222222222224,0.016161543627580006,0.009525119430489011,0.6895999908447266
4,183,adaptive_crosssdc_cmr,hinge,1.0,0.1,0.24327896369828117,0.10643060836527082,3.016283909479777,0.010643060836527083,0.001060724098351784,0.0001060724098351784,0.030381944444444444,0.019965277777777776,0.01303583321472009,0.01129103990064727,0.6972000002861023
4,184,adaptive_crosssdc_cmr,hinge,1.0,0.1,0.24664643241299522,0.11624357021517223,2.996440887451172,0.011624357021517224,0.0014148988023710747,0.00014148988023710747,0.049479166666666664,0.025173611111111112,0.01647987196014987,0.010957758045858808,0.696399986743927
4,185,adaptive_crosssdc_cmr,hinge,1.0,0.1,0.2456915577252706,0.12046650465991762,3.037135468588935,0.012046650465991763,0.0009634694821822146,9.634694821822147e-05,0.035590277777777776,0.022569444444444444,0.01565153503583537,0.01132267920507325,0.6908000111579895
4,186,adaptive_crosssdc_cmr,hinge,1.0,0.1,0.24310552742746142,0.11555599172910054,2.9789211750030518,0.011555599172910054,0.001028591783122263,0.0001028591783122263,0.04774305555555555,0.03298611111111111,0.015457806901799308,0.011927468081315359,0.696399986743927
4,187,adaptive_crosssdc_cmr,hinge,1.0,0.1,0.2473486347330941,0.12176434364583757,3.0550604131486683,0.012176434364583759,0.0009675864874023116,9.675864874023117e-05,0.044270833333333336,0.019097222222222224,0.015671572130587366,0.009534500539302826,0.6935999989509583
4,188,adaptive_crosssdc_cmr,hinge,1.0,0.1,0.23979193965593973,0.11540712085035112,2.9984127945370145,0.011540712085035112,0.0010067786432854417,0.00010067786432854417,0.042534722222222224,0.020833333333333332,0.015182017452187009,0.009574018004867766,0.6959999799728394
4,189,adaptive_crosssdc_cmr,hinge,1.0,0.1,0.2431120259894265,0.11608369565672344,3.023392809761895,0.011608369565672344,0.0007770002767857579,7.770002767857579e-05,0.03211805555555555,0.024305555555555556,0.014050131249758933,0.01094825772775544,0.6931999921798706
4,190,adaptive_crosssdc_cmr,hinge,1.0,0.1,0.2385119381878111,0.11615127987331814,3.0115123060014515,0.011615127987331815,0.0010941496552226858,0.00010941496552226859,0.03211805555555555,0.024305555555555556,0.013808656069967482,0.01055439023507966,0.6959999799728394
4,191,adaptive_crosssdc_cmr,hinge,1.0,0.1,0.2334961775276396,0.11023680534627703,2.9799859523773193,0.011023680534627704,0.0007938164764911764,7.938164764911765e-05,0.03125,0.017361111111111112,0.01308185938331816,0.010088996754752265,0.6976000070571899
4,192,adaptive_crosssdc_cmr,hinge,1.0,0.1,0.23250478174951342,0.10665644456942876,3.04566937022739,0.010665644456942876,0.0006314790468119705,6.314790468119706e-05,0.028645833333333332,0.017361111111111112,0.013308676994509168,0.010210250607795186,0.6944000124931335
4,193,adaptive_crosssdc_cmr,hinge,1.0,0.1,0.23515709572368199,0.10782487276527616,2.9931822882758246,0.010782487276527617,0.001015776415847035,0.00010157764158470349,0.03211805555555555,0.019097222222222224,0.013157840197285017,0.009770628478791978,0.6904000043869019
4,194,adaptive_crosssdc_cmr,hinge,1.0,0.1,0.24936246871948242,0.11732369992468092,3.017183542251587,0.011732369992468093,0.0018079647723223185,0.00018079647723223186,0.049479166666666664,0.029513888888888888,0.018419785838988092,0.013321114910973443,0.6904000043869019
4,195,adaptive_crosssdc_cmr,hinge,1.0,0.1,0.25289681057135266,0.11684927758243349,2.957260661655002,0.01168492775824335,0.0027461778663564473,0.00027461778663564476,0.05555555555555555,0.03125,0.019385250906149547,0.01119181513786316,0.6972000002861023
4,196,adaptive_crosssdc_cmr,hinge,1.0,0.1,0.25133027964168125,0.11517906271749073,3.0167078971862793,0.011517906271749074,0.0015421637670240467,0.0001542163767024047,0.04600694444444445,0.026909722222222224,0.01749305985867977,0.010230203262633748,0.6972000002861023
4,197,adaptive_crosssdc_cmr,hinge,1.0,0.1,0.23953286475605434,0.11062553111049864,3.0100813706715903,0.011062553111049865,0.0011705521739915842,0.00011705521739915843,0.041666666666666664,0.027777777777777776,0.015560765233304765,0.011342772593100866,0.692799985408783
4,198,adaptive_crosssdc_cmr,hinge,1.0,0.1,0.2431405931711197,0.11159307923581865,3.0177799065907798,0.011159307923581866,0.0010230463683708673,0.00010230463683708674,0.036458333333333336,0.020833333333333332,0.013952695040239228,0.009737810947828822,0.6955999732017517
4,199,adaptive_crosssdc_cmr,hinge,1.0,0.1,0.2323399285475413,0.12036763628323872,2.930939700868395,0.012036763628323873,0.0008885234225696573,8.885234225696574e-05,0.030381944444444444,0.024305555555555556,0.01494178031053808,0.009893638806210624,0.6967999935150146
5,0,adaptive_crosssdc_cmr,hinge,1.0,0.1,2.5973016818364463,0.3625233670075734,2.4760717021094427,0.036252336700757344,0.35886286033524406,0.03588628603352441,0.8133680555555556,0.5581597222222222,0.6220114231109619,0.23322879523038864,0.5636666417121887
5,1,adaptive_crosssdc_cmr,hinge,1.0,0.1,1.6891553666856554,0.3433506190776825,2.498925315009223,0.03433506190776825,0.29497286842928994,0.029497286842928995,0.9097222222222222,0.3967013888888889,0.6042583849694994,0.11545387986633512,0.5846666693687439
5,2,adaptive_crosssdc_cmr,hinge,1.0,0.1,1.3061612049738567,0.23292428089512718,2.5269198417663574,0.02329242808951272,0.1244634919696384,0.012446349196963842,0.7421875,0.3732638888888889,0.2799840685394075,0.10010246849722332,0.5893333554267883
5,3,adaptive_crosssdc_cmr,hinge,1.0,0.1,1.1108774079216852,0.22191515233781603,2.490525245666504,0.022191515233781604,0.08908135609494315,0.008908135609494315,0.6267361111111112,0.4409722222222222,0.19573747946156395,0.1162571476565467,0.5873333215713501
5,4,adaptive_crosssdc_cmr,hinge,1.0,0.1,0.9766268399026659,0.21395869553089142,2.4714626471201577,0.021395869553089142,0.07225943522320853,0.0072259435223208535,0.5763888888888888,0.4496527777777778,0.16262253125508627,0.11358116732703315,0.593999981880188
5,5,adaptive_crosssdc_cmr,hinge,1.0,0.1,0.8785616556803385,0.2098928987979889,2.4818738301595054,0.02098928987979889,0.06582207605242729,0.00658220760524273,0.5633680555555556,0.4114583333333333,0.1489620175626543,0.11219394703706105,0.5923333168029785
5,6,adaptive_crosssdc_cmr,hinge,1.0,0.1,0.8006455699602762,0.19108441637621987,2.592203564114041,0.019108441637621987,0.06246369000938204,0.006246369000938204,0.484375,0.4296875,0.12937881549199423,0.12346961432033116,0.5983333587646484
5,7,adaptive_crosssdc_cmr,hinge,1.0,0.1,0.7428553899129232,0.20300774772961935,2.493700530793932,0.020300774772961938,0.05903844286998113,0.005903844286998114,0.4817708333333333,0.4279513888888889,0.12991955959134632,0.11868488705820507,0.6016666889190674
5,8,adaptive_crosssdc_cmr,hinge,1.0,0.1,0.6968941489855448,0.18701296382480198,2.51531622144911,0.0187012963824802,0.054878178570005626,0.005487817857000563,0.4913194444444444,0.4071180555555556,0.1263067763712671,0.11132966395881441,0.6029999852180481
5,9,adaptive_crosssdc_cmr,hinge,1.0,0.1,0.6594952676031325,0.18861213492022622,2.5090055730607776,0.018861213492022622,0.043458669549889035,0.004345866954988903,0.4479166666666667,0.3845486111111111,0.11091423034667969,0.10182186464468639,0.609000027179718
5,10,adaptive_crosssdc_cmr,hinge,1.0,0.1,0.6215859055519104,0.18181074659029642,2.5322746170891657,0.018181074659029642,0.04511972682343589,0.004511972682343589,0.4392361111111111,0.3871527777777778,0.11335013889604145,0.1018193546268675,0.612333357334137
5,11,adaptive_crosssdc_cmr,hinge,1.0,0.1,0.6051453219519721,0.18469607167773777,2.594504064983792,0.018469607167773777,0.037542771754993334,0.0037542771754993337,0.3940972222222222,0.3324652777777778,0.10421180559529199,0.09099201692475213,0.6143333315849304
5,12,adaptive_crosssdc_cmr,hinge,1.0,0.1,0.5763869285583496,0.17964177495903438,2.5209841463300915,0.017964177495903438,0.035526753299766116,0.003552675329976612,0.3914930555555556,0.3194444444444444,0.10275862200392617,0.08767580572101805,0.6169999837875366
5,13,adaptive_crosssdc_cmr,hinge,1.0,0.1,0.5576946006880866,0.18275050156646305,2.536712990866767,0.018275050156646305,0.035887238259116806,0.003588723825911681,0.4010416666666667,0.3203125,0.10151856558190452,0.09057502779695722,0.6179999709129333
5,14,adaptive_crosssdc_cmr,hinge,1.0,0.1,0.5393942892551422,0.18294928636815813,2.4985122945573597,0.018294928636815814,0.03072397679918342,0.0030723976799183423,0.3689236111111111,0.2769097222222222,0.09780183186133702,0.07937531256013447,0.621999979019165
5,15,adaptive_crosssdc_cmr,hinge,1.0,0.1,0.5170859297116598,0.17119114100933075,2.6125795046488443,0.017119114100933076,0.028317795652482245,0.0028317795652482245,0.3671875,0.2977430555555556,0.0904433172610071,0.08039608680539662,0.6266666650772095
5,16,adaptive_crosssdc_cmr,hinge,1.0,0.1,0.5071161786715189,0.1691475941075219,2.6120912498897977,0.01691475941075219,0.02404199561311139,0.002404199561311139,0.3125,0.2838541666666667,0.0822492324643665,0.07403999980953005,0.6276666522026062
5,17,adaptive_crosssdc_cmr,hinge,1.0,0.1,0.4881496528784434,0.16804446776707968,2.5695180098215737,0.01680444677670797,0.02594073737661044,0.002594073737661044,0.3420138888888889,0.2595486111111111,0.09134910255670547,0.07017389312386513,0.628000020980835
5,18,adaptive_crosssdc_cmr,hinge,1.0,0.1,0.4741532802581787,0.16982792483435738,2.576959742440118,0.01698279248343574,0.022904653723041218,0.0022904653723041218,0.3203125,0.24479166666666666,0.081904503206412,0.0691978062192599,0.6290000081062317
5,19,adaptive_crosssdc_cmr,hinge,1.0,0.1,0.4656514591640896,0.1661068316962984,2.5349962181515164,0.01661068316962984,0.019798765372898843,0.0019798765372898842,0.2994791666666667,0.23697916666666666,0.07903438144259983,0.06317911338475016,0.6290000081062317
5,20,adaptive_crosssdc_cmr,hinge,1.0,0.1,0.45385784573025173,0.15716078877449036,2.6399022473229303,0.015716078877449035,0.01995620338453187,0.001995620338453187,0.2864583333333333,0.2387152777777778,0.07869764251841439,0.06527484870619243,0.6303333044052124
5,21,adaptive_crosssdc_cmr,hinge,1.0,0.1,0.44772934582498336,0.16408204204506344,2.610054704878065,0.016408204204506345,0.01784212204317252,0.001784212204317252,0.2838541666666667,0.1935763888888889,0.07275751398669349,0.061069084952274956,0.6313333511352539
5,22,adaptive_crosssdc_cmr,hinge,1.0,0.1,0.4375249379211002,0.1742191563049952,2.5198450088500977,0.01742191563049952,0.0174017453359233,0.00174017453359233,0.2977430555555556,0.1909722222222222,0.07709662367900212,0.056281709008746676,0.6306666731834412
5,23,adaptive_crosssdc_cmr,hinge,1.0,0.1,0.4320373005337185,0.15829526053534615,2.6519392331441245,0.015829526053534614,0.014672506807578934,0.0014672506807578934,0.2560763888888889,0.2048611111111111,0.06419550503293674,0.05966207260886828,0.637666642665863
5,24,adaptive_crosssdc_cmr,hinge,1.0,0.1,0.4143270386589898,0.15695318414105308,2.4853178130255804,0.01569531841410531,0.012632336053583357,0.0012632336053583358,0.2465277777777778,0.1640625,0.0675817256172498,0.05008392905195554,0.6320000290870667
5,25,adaptive_crosssdc_cmr,hinge,1.0,0.1,0.4124457538127899,0.16852513949076334,2.520839399761624,0.016852513949076334,0.014501965397761928,0.0014501965397761929,0.23524305555555555,0.22569444444444445,0.06439626837770145,0.0610060046116511,0.6343333125114441
5,26,adaptive_crosssdc_cmr,hinge,1.0,0.1,0.4052506619029575,0.14870955049991608,2.524539523654514,0.014870955049991608,0.013124046536783377,0.0013124046536783377,0.22135416666666666,0.13802083333333334,0.06433460447523329,0.048757030732101865,0.6330000162124634
5,27,adaptive_crosssdc_cmr,hinge,1.0,0.1,0.40028076701694065,0.15404104358620113,2.590423266092936,0.015404104358620115,0.012575598226653205,0.0012575598226653205,0.21961805555555555,0.1684027777777778,0.06119272899296549,0.05257686641481188,0.6380000114440918
5,28,adaptive_crosssdc_cmr,hinge,1.0,0.1,0.390408025847541,0.15897969073719448,2.5584430959489612,0.01589796907371945,0.011615498094922967,0.0011615498094922968,0.2065972222222222,0.14583333333333334,0.06085501238703728,0.04828585104809867,0.6333333253860474
5,29,adaptive_crosssdc_cmr,hinge,1.0,0.1,0.3874332374996609,0.15327450964185926,2.5867237514919705,0.015327450964185927,0.010961594991385937,0.0010961594991385937,0.21961805555555555,0.1675347222222222,0.05852080757419268,0.05309050240450435,0.6399999856948853
5,30,adaptive_crosssdc_cmr,hinge,1.0,0.1,0.3752768900659349,0.13675289187166426,2.5722568564944797,0.013675289187166427,0.009741894176436795,0.0009741894176436795,0.1987847222222222,0.15538194444444445,0.056130790876017675,0.04964534234669474,0.6370000243186951
5,31,adaptive_crosssdc_cmr,hinge,1.0,0.1,0.37588107254770065,0.1412590593099594,2.5889514552222357,0.014125905930995941,0.0086178930165867,0.0008617893016586701,0.171875,0.1362847222222222,0.05436828566922082,0.045684208886490926,0.6413333415985107
5,32,adaptive_crosssdc_cmr,hinge,1.0,0.1,0.3648470805750953,0.14434129910336602,2.6018286281161838,0.014434129910336602,0.00826784275058243,0.0008267842750582431,0.18229166666666666,0.12760416666666666,0.05270789356695281,0.04567669994301266,0.640333354473114
5,33,adaptive_crosssdc_cmr,hinge,1.0,0.1,0.36589861247274613,0.13828042480680677,2.671823951933119,0.013828042480680678,0.00887479917663667,0.000887479917663667,0.1935763888888889,0.1310763888888889,0.05544149503111839,0.04358054490553008,0.6420000195503235
5,34,adaptive_crosssdc_cmr,hinge,1.0,0.1,0.35858429471651715,0.13988326489925385,2.59848870171441,0.013988326489925386,0.007771699120187097,0.0007771699120187098,0.1701388888888889,0.14149305555555555,0.04905364827977286,0.04485791880223486,0.637666642665863
5,35,adaptive_crosssdc_cmr,hinge,1.0,0.1,0.3575407001707289,0.14347510122590595,2.6433672375149198,0.014347510122590596,0.006226740104870664,0.0006226740104870664,0.1440972222222222,0.11371527777777778,0.04593936519490348,0.039254467520448894,0.6423333287239075
5,36,adaptive_crosssdc_cmr,hinge,1.0,0.1,0.3512767453988393,0.13821491764651406,2.5986434353722467,0.013821491764651406,0.00670155282649729,0.0006701552826497291,0.18055555555555555,0.1345486111111111,0.04904409663544761,0.04428269217411677,0.6413333415985107
5,37,adaptive_crosssdc_cmr,hinge,1.0,0.1,0.3446372416284349,0.1388557387722863,2.59692284795973,0.01388557387722863,0.006376084509409136,0.0006376084509409136,0.17100694444444445,0.109375,0.04962322115898132,0.038391138116518654,0.640999972820282
5,38,adaptive_crosssdc_cmr,hinge,1.0,0.1,0.34478165374861824,0.1427342626783583,2.6251802179548474,0.014273426267835829,0.005630849420817362,0.0005630849420817362,0.1440972222222222,0.10850694444444445,0.04593718548615774,0.03958326288395458,0.6423333287239075
5,39,adaptive_crosssdc_cmr,hinge,1.0,0.1,0.3398294614420997,0.13662083943684897,2.6355357699924045,0.013662083943684898,0.006483687812255489,0.000648368781225549,0.1519097222222222,0.10677083333333333,0.04789773871501287,0.03900727712445789,0.6483333110809326
5,40,adaptive_crosssdc_cmr,hinge,1.0,0.1,0.33526093429989284,0.14022227790620592,2.574262354109022,0.014022227790620593,0.005550333014171984,0.0005550333014171984,0.14930555555555555,0.10243055555555555,0.04469076502654287,0.039255073501004115,0.6456666588783264
5,41,adaptive_crosssdc_cmr,hinge,1.0,0.1,0.34090133508046466,0.1363800267378489,2.6460337373945446,0.013638002673784892,0.005235324225698908,0.0005235324225698908,0.1484375,0.08680555555555555,0.042907952848407954,0.037507687177922994,0.6463333368301392
5,42,adaptive_crosssdc_cmr,hinge,1.0,0.1,0.33764417303933036,0.13107992046409184,2.656653192308214,0.013107992046409184,0.006260246504098177,0.0006260246504098178,0.1519097222222222,0.10503472222222222,0.04436359016431703,0.03655605183707343,0.6453333497047424
5,43,adaptive_crosssdc_cmr,hinge,1.0,0.1,0.3419660727183024,0.1453891611761517,2.614850150214301,0.01453891611761517,0.00614221287994749,0.000614221287994749,0.1519097222222222,0.109375,0.04393684532907274,0.038190251837174095,0.6420000195503235
5,44,adaptive_crosssdc_cmr,hinge,1.0,0.1,0.3322352667649587,0.12647069493929544,2.6070292790730796,0.012647069493929545,0.005874953232705593,0.0005874953232705594,0.15625,0.109375,0.04267816121379534,0.03789065240157975,0.6460000276565552
5,45,adaptive_crosssdc_cmr,hinge,1.0,0.1,0.3281066550148858,0.1358708921406004,2.5867264005872936,0.013587089214060042,0.0047416292493128115,0.0004741629249312812,0.12413194444444445,0.08333333333333333,0.03983827204340034,0.032627509699927434,0.6449999809265137
5,46,adaptive_crosssdc_cmr,hinge,1.0,0.1,0.32310857044325936,0.14055671294530234,2.55791531668769,0.014055671294530234,0.0034549397985554403,0.00034549397985554403,0.1076388888888889,0.09809027777777778,0.0345716058380074,0.035941611147589154,0.6473333239555359
5,47,adaptive_crosssdc_cmr,hinge,1.0,0.1,0.32247965534528095,0.13504302336110008,2.6207128630744085,0.013504302336110009,0.004245217475626204,0.00042452174756262045,0.11631944444444445,0.0842013888888889,0.03789831366803911,0.03343253562019931,0.6453333497047424
5,48,adaptive_crosssdc_cmr,hinge,1.0,0.1,0.32023344106144375,0.12904435230626,2.6323146290249295,0.012904435230626,0.004537506210100319,0.00045375062101003197,0.1345486111111111,0.09288194444444445,0.03882873844769266,0.035127246752381325,0.6489999890327454
5,49,adaptive_crosssdc_cmr,hinge,1.0,0.1,0.3211630748377906,0.13701484931839836,2.6486054526435003,0.013701484931839836,0.0034880705126043824,0.00034880705126043825,0.09809027777777778,0.08680555555555555,0.03556719091203478,0.03218606693877114,0.6499999761581421
5,50,adaptive_crosssdc_cmr,hinge,1.0,0.1,0.31482263074980843,0.13259378323952356,2.6531014442443848,0.013259378323952357,0.003681324810410539,0.00036813248104105396,0.10590277777777778,0.06684027777777778,0.0350026341362132,0.030841430856121912,0.6476666927337646
5,51,adaptive_crosssdc_cmr,hinge,1.0,0.1,0.3132769332991706,0.14370913969145882,2.6324190298716226,0.014370913969145882,0.0029563027718621823,0.0002956302771862183,0.0998263888888889,0.08940972222222222,0.03395165606505341,0.03347176396184497,0.6520000100135803
5,52,adaptive_crosssdc_cmr,hinge,1.0,0.1,0.3138858675956726,0.132046800520685,2.665031830469767,0.013204680052068499,0.00333663872960541,0.000333663872960541,0.09895833333333333,0.06770833333333333,0.034880489110946655,0.030752636906173494,0.6516666412353516
5,53,adaptive_crosssdc_cmr,hinge,1.0,0.1,0.30830678674909806,0.12649201850096384,2.640862968232897,0.012649201850096384,0.0037073388747457,0.00037073388747457,0.10243055555555555,0.0842013888888889,0.03476596230434047,0.032446999930673175,0.653333306312561
5,54,adaptive_crosssdc_cmr,hinge,1.0,0.1,0.3031167984008789,0.12591663499673209,2.610097805658976,0.012591663499673209,0.004212094962389933,0.00042120949623899334,0.1032986111111111,0.07899305555555555,0.03485128552549415,0.03209083485934469,0.6480000019073486
5,55,adaptive_crosssdc_cmr,hinge,1.0,0.1,0.3119470477104187,0.13298264973693424,2.644591278500027,0.013298264973693425,0.0039675865943233175,0.00039675865943233175,0.11371527777777778,0.06597222222222222,0.036247351517279945,0.029124404821130965,0.6456666588783264
5,56,adaptive_crosssdc_cmr,hinge,1.0,0.1,0.3228732976648543,0.12516675806707805,2.670818567276001,0.012516675806707806,0.0042803798698716694,0.00042803798698716694,0.125,0.07725694444444445,0.03587759555213981,0.03196401790612274,0.6536666750907898
5,57,adaptive_crosssdc_cmr,hinge,1.0,0.1,0.3211915161874559,0.12678969403107962,2.685723384221395,0.012678969403107962,0.0051716642919927835,0.0005171664291992783,0.13368055555555555,0.09461805555555555,0.03753073844644758,0.03223036788403988,0.6473333239555359
5,58,adaptive_crosssdc_cmr,hinge,1.0,0.1,0.31366028057204354,0.13588596300946343,2.649846315383911,0.013588596300946344,0.004027666627532906,0.0004027666627532906,0.10590277777777778,0.07725694444444445,0.032762779336836606,0.030197770645221073,0.6463333368301392
5,59,adaptive_crosssdc_cmr,hinge,1.0,0.1,0.3081990248627133,0.13467180728912354,2.6669587824079724,0.013467180728912355,0.003456591486206485,0.0003456591486206485,0.0954861111111111,0.0763888888888889,0.03216915763914585,0.030050561245944764,0.6499999761581421
5,60,adaptive_crosssdc_cmr,hinge,1.0,0.1,0.3004207710425059,0.12802196542421976,2.6729409429762097,0.012802196542421977,0.0037194431707676914,0.00037194431707676917,0.0954861111111111,0.06336805555555555,0.03160391313334306,0.028894793035255537,0.6449999809265137
5,61,adaptive_crosssdc_cmr,hinge,1.0,0.1,0.30315520697169834,0.136944227748447,2.701979054345025,0.0136944227748447,0.0031005054091413817,0.0003100505409141382,0.0954861111111111,0.0625,0.03156407860418161,0.03020085125333733,0.6503333449363708
5,62,adaptive_crosssdc_cmr,hinge,1.0,0.1,0.2982171144750383,0.13004480219549602,2.6924031575520835,0.013004480219549603,0.0033551015270253024,0.00033551015270253027,0.09461805555555555,0.0720486111111111,0.02907414672275384,0.029964443296194077,0.6499999761581421
5,63,adaptive_crosssdc_cmr,hinge,1.0,0.1,0.29743743273946976,0.12566633605294758,2.6969629923502603,0.01256663360529476,0.00254385595002936,0.000254385595002936,0.09288194444444445,0.06770833333333333,0.030701787314481206,0.029393721371889114,0.6486666798591614
5,64,adaptive_crosssdc_cmr,hinge,1.0,0.1,0.29753198557429844,0.13652374926540586,2.6503901746537952,0.013652374926540587,0.0030718233255255553,0.00030718233255255556,0.0920138888888889,0.057291666666666664,0.03105064978202184,0.02766538080241945,0.6480000019073486
5,65,adaptive_crosssdc_cmr,hinge,1.0,0.1,0.2994023991955651,0.12125060872899161,2.7099867396884494,0.012125060872899163,0.002886078915455275,0.00028860789154552753,0.09375,0.06597222222222222,0.029723937519722514,0.027257386595010757,0.6493333578109741
5,66,adaptive_crosssdc_cmr,hinge,1.0,0.1,0.2997492419348823,0.1265450343489647,2.662324402067396,0.01265450343489647,0.00262687670894795,0.000262687670894795,0.07725694444444445,0.06076388888888889,0.028632040446003277,0.027483140635821555,0.6473333239555359
5,67,adaptive_crosssdc_cmr,hinge,1.0,0.1,0.30122266213099164,0.1309269219636917,2.628143548965454,0.013092692196369172,0.0037787733922919464,0.00037787733922919464,0.10416666666666667,0.08159722222222222,0.03132348424858517,0.030128101921743818,0.6549999713897705
5,68,adaptive_crosssdc_cmr,hinge,1.0,0.1,0.29447152879503036,0.121918809082773,2.7268732123904758,0.012191880908277301,0.0029659316254158816,0.0002965931625415882,0.10677083333333333,0.059895833333333336,0.0310139459454351,0.02769980000125037,0.6556666493415833
5,69,adaptive_crosssdc_cmr,hinge,1.0,0.1,0.29116812017228866,0.12353974497980541,2.682721429400974,0.012353974497980542,0.002270672509136299,0.00022706725091362992,0.07378472222222222,0.0642361111111111,0.02750618735121356,0.02781779236263699,0.6476666927337646
5,70,adaptive_crosssdc_cmr,hinge,1.0,0.1,0.28743636939260697,0.12002515627278222,2.691850529776679,0.012002515627278222,0.0019540395070281294,0.00019540395070281294,0.07378472222222222,0.057291666666666664,0.02632750839822822,0.026523554904593363,0.6503333449363708
5,71,adaptive_crosssdc_cmr,hinge,1.0,0.1,0.2842688825395372,0.11775588740905125,2.6849692662556968,0.011775588740905125,0.0020182914967234763,0.00020182914967234764,0.07465277777777778,0.06684027777777778,0.02634277194738388,0.027564801689651277,0.6526666879653931
5,72,adaptive_crosssdc_cmr,hinge,1.0,0.1,0.28008930219544304,0.12005745702319676,2.707425673802694,0.012005745702319676,0.0015691774864939766,0.00015691774864939767,0.051215277777777776,0.050347222222222224,0.023227098087469738,0.025972104941805203,0.6513333320617676
5,73,adaptive_crosssdc_cmr,hinge,1.0,0.1,0.27852339214748806,0.12015103962686327,2.7102779282463922,0.012015103962686327,0.0018412926518875691,0.0001841292651887569,0.06163194444444445,0.06076388888888889,0.023303074141343433,0.02745124449332555,0.6546666622161865
5,74,adaptive_crosssdc_cmr,hinge,1.0,0.1,0.28646256195174324,0.13160454647408593,2.695564932293362,0.013160454647408594,0.0018003336671325895,0.00018003336671325895,0.07118055555555555,0.059027777777777776,0.02615500075949563,0.02696709603899055,0.6470000147819519
5,75,adaptive_crosssdc_cmr,hinge,1.0,0.1,0.29014819860458374,0.12564126153786978,2.67649417453342,0.012564126153786978,0.002491848911934843,0.0002491848911934843,0.0920138888888889,0.06510416666666667,0.028650715947151184,0.026955126888222165,0.656333327293396
5,76,adaptive_crosssdc_cmr,hinge,1.0,0.1,0.29054610596762764,0.11963902248276605,2.703126245074802,0.011963902248276606,0.0018776388864757286,0.00018776388864757287,0.06597222222222222,0.05381944444444445,0.023118185707264476,0.026092592626810074,0.656333327293396
5,77,adaptive_crosssdc_cmr,hinge,1.0,0.1,0.29715825782881844,0.13098419540458256,2.7384370697869196,0.013098419540458256,0.0022250478569832114,0.00022250478569832115,0.0798611111111111,0.057291666666666664,0.026756258060534794,0.027396667127807934,0.6506666541099548
5,78,adaptive_crosssdc_cmr,hinge,1.0,0.1,0.29237719376881915,0.12343774322006437,2.6318146652645535,0.012343774322006437,0.002389176127811273,0.00023891761278112733,0.08506944444444445,0.06597222222222222,0.02605069677035014,0.02650268582834138,0.6520000100135803
5,79,adaptive_crosssdc_cmr,hinge,1.0,0.1,0.29176605078909135,0.12094009833203422,2.7147127522362604,0.012094009833203422,0.004037678785001238,0.0004037678785001238,0.10069444444444445,0.07118055555555555,0.030887216329574585,0.02495464703275098,0.6499999761581421
5,80,adaptive_crosssdc_cmr,hinge,1.0,0.1,0.2904170122411516,0.12368740389744441,2.7219063440958657,0.012368740389744441,0.0020092579329179395,0.00020092579329179395,0.06510416666666667,0.05642361111111111,0.02382768297361003,0.02621139544579718,0.6526666879653931
5,81,adaptive_crosssdc_cmr,hinge,1.0,0.1,0.29023970166842145,0.12386394788821538,2.739550246132745,0.012386394788821538,0.0021882576790327826,0.00021882576790327826,0.07725694444444445,0.057291666666666664,0.025688439814580813,0.024185914546251297,0.6513333320617676
5,82,adaptive_crosssdc_cmr,hinge,1.0,0.1,0.29104887776904637,0.12163984361622068,2.703971915774875,0.012163984361622068,0.0028030273194114366,0.00028030273194114367,0.08680555555555555,0.06076388888888889,0.028285729181435373,0.025398881278104253,0.656000018119812
5,83,adaptive_crosssdc_cmr,hinge,1.0,0.1,0.29102519816822475,0.12386994063854218,2.7819639841715493,0.012386994063854219,0.0018760149768139753,0.00018760149768139753,0.07899305555555555,0.050347222222222224,0.024881037779980235,0.022432534645001095,0.6526666879653931
5,84,adaptive_crosssdc_cmr,hinge,1.0,0.1,0.2897730999522739,0.12055900196234386,2.6862953768836126,0.012055900196234386,0.0025065028781278264,0.00025065028781278266,0.078125,0.0642361111111111,0.02572755329310894,0.025967352299226656,0.6536666750907898
5,85,adaptive_crosssdc_cmr,hinge,1.0,0.1,0.28269701533847386,0.12126108341746861,2.6984692679511175,0.012126108341746862,0.0020287083461880684,0.00020287083461880686,0.0685763888888889,0.04774305555555555,0.02442094807823499,0.02351196027464337,0.6553333401679993
5,86,adaptive_crosssdc_cmr,hinge,1.0,0.1,0.27833934624989826,0.1162444038523568,2.69474466641744,0.011624440385235682,0.0016678742249496281,0.00016678742249496282,0.049479166666666664,0.0546875,0.020533394482400682,0.023574504173464246,0.6589999794960022
5,87,adaptive_crosssdc_cmr,hinge,1.0,0.1,0.2789245943228404,0.12447965641816457,2.718842956754896,0.012447965641816458,0.0014137456374656823,0.00014137456374656825,0.050347222222222224,0.049479166666666664,0.02043765741917822,0.024567462503910065,0.6566666960716248
5,88,adaptive_crosssdc_cmr,hinge,1.0,0.1,0.2877831955750783,0.12317360192537308,2.685384511947632,0.012317360192537308,0.0021218727860185835,0.00021218727860185835,0.07378472222222222,0.052083333333333336,0.0235748291015625,0.022238536634378962,0.656333327293396
5,89,adaptive_crosssdc_cmr,hinge,1.0,0.1,0.28026341398557025,0.11967906190289392,2.6660710175832114,0.011967906190289392,0.002143089446083953,0.00021430894460839532,0.0720486111111111,0.05295138888888889,0.02338504439426793,0.024379306576318212,0.6549999713897705
5,90,adaptive_crosssdc_cmr,hinge,1.0,0.1,0.27686838308970135,0.12004989054467943,2.6857376098632812,0.012004989054467945,0.001908286306489673,0.0001908286306489673,0.06684027777777778,0.05555555555555555,0.023762013763189316,0.024464756043420896,0.656000018119812
5,91,adaptive_crosssdc_cmr,hinge,1.0,0.1,0.2805182635784149,0.12517658041583168,2.6811094019148083,0.012517658041583168,0.0018752766902455026,0.00018752766902455027,0.06944444444444445,0.04861111111111111,0.023501539395915136,0.022793239603439968,0.6523333191871643
5,92,adaptive_crosssdc_cmr,hinge,1.0,0.1,0.2738749517334832,0.11631706688139173,2.7278284231821694,0.011631706688139174,0.0012673937728525037,0.00012673937728525039,0.0390625,0.05381944444444445,0.019642325325144663,0.021897156826323934,0.656333327293396
5,93,adaptive_crosssdc_cmr,hinge,1.0,0.1,0.26619281040297615,0.11789181994067298,2.726329061720106,0.011789181994067298,0.001293674187359607,0.00012936741873596072,0.052083333333333336,0.03993055555555555,0.0217176822738515,0.021699240431189537,0.6600000262260437
5,94,adaptive_crosssdc_cmr,hinge,1.0,0.1,0.26809268527560765,0.12785504344436857,2.678826544019911,0.012785504344436857,0.0012219981613775922,0.00012219981613775924,0.050347222222222224,0.041666666666666664,0.02023038806186782,0.022182236942980025,0.6606666445732117
5,95,adaptive_crosssdc_cmr,hinge,1.0,0.1,0.2700597080919478,0.12072563833660549,2.6528889338175454,0.01207256383366055,0.001815396943129599,0.00018153969431295992,0.0546875,0.05295138888888889,0.02008731808099482,0.02459667602347003,0.6606666445732117
5,96,adaptive_crosssdc_cmr,hinge,1.0,0.1,0.27423789766099715,0.12293492754300435,2.6219901508755155,0.012293492754300436,0.001241480889600805,0.00012414808896008052,0.0546875,0.041666666666666664,0.021147956657740805,0.02177313446170754,0.6570000052452087
5,97,adaptive_crosssdc_cmr,hinge,1.0,0.1,0.27000067631403607,0.11660109791490766,2.6758064693874783,0.011660109791490767,0.001553726990500258,0.00015537269905002582,0.059027777777777776,0.04600694444444445,0.020647946538196668,0.02248600787586636,0.6573333144187927
5,98,adaptive_crosssdc_cmr,hinge,1.0,0.1,0.2698301474253337,0.11614136811759737,2.698200437757704,0.011614136811759738,0.0014482946652505132,0.00014482946652505133,0.052083333333333336,0.050347222222222224,0.019839755362934537,0.023395061492919922,0.6553333401679993
5,99,adaptive_crosssdc_cmr,hinge,1.0,0.1,0.26416854394806755,0.12154315991534127,2.638149764802721,0.012154315991534128,0.0013363716134335846,0.00013363716134335847,0.051215277777777776,0.05381944444444445,0.01995023029545943,0.023946607278452978,0.6523333191871643
5,100,adaptive_crosssdc_cmr,hinge,1.0,0.1,0.2620374295446608,0.1187557073103057,2.716373735004001,0.011875570731030571,0.0012213270658523673,0.00012213270658523675,0.04600694444444445,0.03819444444444445,0.018907937324709363,0.022414806195431285,0.6620000004768372
5,101,adaptive_crosssdc_cmr,hinge,1.0,0.1,0.2667979664272732,0.12165480107069016,2.718014849556817,0.012165480107069016,0.0015086402159391178,0.00015086402159391178,0.059027777777777776,0.04513888888888889,0.02037647221651342,0.0224007245981031,0.6603333353996277
5,102,adaptive_crosssdc_cmr,hinge,1.0,0.1,0.2572682003180186,0.11006616552670796,2.72705250316196,0.011006616552670797,0.001454212185409334,0.0001454212185409334,0.059027777777777776,0.052083333333333336,0.020379461761977937,0.023006542068388727,0.6573333144187927
5,103,adaptive_crosssdc_cmr,hinge,1.0,0.1,0.2575477759043376,0.11265406840377384,2.6997146871354847,0.011265406840377384,0.0006475736089568171,6.475736089568171e-05,0.033854166666666664,0.029513888888888888,0.017437693145540025,0.0209578691671292,0.6583333611488342
5,104,adaptive_crosssdc_cmr,hinge,1.0,0.1,0.25488657587104374,0.11537295414341821,2.748506704966227,0.01153729541434182,0.0006538792885193187,6.538792885193187e-05,0.0234375,0.035590277777777776,0.015505032199952338,0.020882643552290067,0.6596666574478149
5,105,adaptive_crosssdc_cmr,hinge,1.0,0.1,0.25722061263190377,0.11492701205942366,2.7246283955044217,0.011492701205942367,0.0010063054901871106,0.00010063054901871107,0.036458333333333336,0.03298611111111111,0.018610714003443718,0.021378604488240346,0.6553333401679993
5,106,adaptive_crosssdc_cmr,hinge,1.0,0.1,0.2569960951805115,0.11170851935942967,2.6852588918473987,0.011170851935942968,0.0012423213209129041,0.0001242321320912904,0.058159722222222224,0.042534722222222224,0.019566964978973072,0.021347170488701925,0.6596666574478149
5,107,adaptive_crosssdc_cmr,hinge,1.0,0.1,0.2547537071837319,0.11570580552021663,2.693937725490994,0.011570580552021663,0.0010122688513042198,0.00010122688513042198,0.041666666666666664,0.043402777777777776,0.018653690814971924,0.02257188782095909,0.6646666526794434
5,108,adaptive_crosssdc_cmr,hinge,1.0,0.1,0.25243281821409863,0.11162400907940334,2.6954394711388483,0.011162400907940335,0.0007499878039298993,7.499878039298994e-05,0.044270833333333336,0.030381944444444444,0.020205743610858917,0.022074682224127982,0.6660000085830688
5,109,adaptive_crosssdc_cmr,hinge,1.0,0.1,0.2540914449426863,0.10718769414557351,2.6896991199917264,0.010718769414557352,0.0008733026010708676,8.733026010708677e-05,0.034722222222222224,0.030381944444444444,0.018221708221568003,0.020789820700883865,0.6573333144187927
5,110,adaptive_crosssdc_cmr,hinge,1.0,0.1,0.25656280252668595,0.11779913306236267,2.7179844114515515,0.011779913306236268,0.0011507993589879738,0.00011507993589879739,0.043402777777777776,0.049479166666666664,0.018886458956533007,0.025406946945521567,0.6583333611488342
5,111,adaptive_crosssdc_cmr,hinge,1.0,0.1,0.25286005934079486,0.11327267355389065,2.6996700763702393,0.011327267355389066,0.0009624567432587759,9.624567432587759e-05,0.0390625,0.04513888888888889,0.017682952599392995,0.022664442658424377,0.656333327293396
5,112,adaptive_crosssdc_cmr,hinge,1.0,0.1,0.2546822776397069,0.10661719656652874,2.745567904578315,0.010661719656652874,0.0007353381952270865,7.353381952270866e-05,0.033854166666666664,0.03298611111111111,0.018221119625700846,0.019375276234414842,0.6610000133514404
5,113,adaptive_crosssdc_cmr,hinge,1.0,0.1,0.25576450096236336,0.12097748617331187,2.730615218480428,0.012097748617331188,0.0012015698076639739,0.0001201569807663974,0.050347222222222224,0.036458333333333336,0.01934873519672288,0.021152208248774212,0.6600000262260437
5,114,adaptive_crosssdc_cmr,hinge,1.0,0.1,0.256675327817599,0.11125774515999688,2.7189862198299832,0.011125774515999689,0.0012728643681233127,0.0001272864368123313,0.0546875,0.035590277777777776,0.0202132531752189,0.02125865924689505,0.6600000262260437
5,115,adaptive_crosssdc_cmr,hinge,1.0,0.1,0.2589152074522442,0.11259086595641242,2.860301282670763,0.011259086595641243,0.0010527171349773805,0.00010527171349773805,0.036458333333333336,0.041666666666666664,0.01799887667099635,0.02208698478837808,0.656000018119812
5,116,adaptive_crosssdc_cmr,hinge,1.0,0.1,0.2577665348847707,0.12181330886152056,2.781380547417535,0.012181330886152057,0.0010068495369826753,0.00010068495369826753,0.03993055555555555,0.043402777777777776,0.018339492587579623,0.022589848480290838,0.6616666913032532
5,117,adaptive_crosssdc_cmr,hinge,1.0,0.1,0.2517632494370143,0.11608433392312792,2.7337209118737116,0.011608433392312793,0.0007909960372166501,7.909960372166501e-05,0.030381944444444444,0.04774305555555555,0.01789307056201829,0.02040890956090556,0.6589999794960022
5,118,adaptive_crosssdc_cmr,hinge,1.0,0.1,0.2515156649880939,0.11157231281201045,2.6802723937564426,0.011157231281201045,0.0006291287071588966,6.291287071588966e-05,0.027777777777777776,0.036458333333333336,0.01714333684908019,0.018830702536635928,0.6576666831970215
5,119,adaptive_crosssdc_cmr,hinge,1.0,0.1,0.24955945048067305,0.10544850511683358,2.7238357067108154,0.010544850511683359,0.00086847285921168,8.684728592116801e-05,0.034722222222222224,0.035590277777777776,0.016936519286698766,0.019885891634556983,0.6573333144187927
5,120,adaptive_crosssdc_cmr,hinge,1.0,0.1,0.2513070586654875,0.11365905238522424,2.7198865148756237,0.011365905238522425,0.0006119159208740004,6.119159208740004e-05,0.035590277777777776,0.034722222222222224,0.01876834800673856,0.019956320938136842,0.6596666574478149
5,121,adaptive_crosssdc_cmr,hinge,1.0,0.1,0.24862059950828552,0.11394381191995409,2.6743567254808216,0.01139438119199541,0.0007105068329514728,7.105068329514729e-05,0.036458333333333336,0.036458333333333336,0.017564807294143572,0.020922960092624027,0.6620000004768372
5,122,adaptive_crosssdc_cmr,hinge,1.0,0.1,0.2513844072818756,0.11269020868672265,2.7069152461157904,0.011269020868672265,0.001048799686638328,0.0001048799686638328,0.04861111111111111,0.036458333333333336,0.019433079494370356,0.018543521149290934,0.6586666703224182
5,123,adaptive_crosssdc_cmr,hinge,1.0,0.1,0.24965605636437735,0.10779598189724816,2.69834836324056,0.010779598189724817,0.0012682334604000465,0.00012682334604000465,0.04513888888888889,0.046875,0.019943458752499685,0.02351854948533906,0.6610000133514404
5,124,adaptive_crosssdc_cmr,hinge,1.0,0.1,0.2503071692254808,0.12014118250873354,2.668663501739502,0.012014118250873354,0.0009410944767296314,9.410944767296314e-05,0.034722222222222224,0.03819444444444445,0.01710913661453459,0.020254148584273126,0.6600000262260437
5,125,adaptive_crosssdc_cmr,hinge,1.0,0.1,0.2526426944467757,0.11569144411219491,2.7514620621999106,0.011569144411219492,0.0011929331748332414,0.00011929331748332415,0.036458333333333336,0.041666666666666664,0.018934326867262524,0.020581738816367254,0.6596666574478149
5,126,adaptive_crosssdc_cmr,hinge,1.0,0.1,0.2507568995157878,0.11263827151722378,2.775130934185452,0.011263827151722378,0.0009534028746808568,9.534028746808569e-05,0.03993055555555555,0.03819444444444445,0.019130669948127534,0.019659927528765466,0.6570000052452087
5,127,adaptive_crosssdc_cmr,hinge,1.0,0.1,0.2558043185207579,0.11615630901522106,2.7070243888431125,0.011615630901522107,0.0010474595377066482,0.00010474595377066482,0.034722222222222224,0.033854166666666664,0.01702257783876525,0.018405630770656798,0.6589999794960022
5,128,adaptive_crosssdc_cmr,hinge,1.0,0.1,0.25565486815240646,0.11309279915359285,2.7825010882483587,0.011309279915359287,0.00107483567424222,0.00010748356742422199,0.04513888888888889,0.03993055555555555,0.019177964991993375,0.018805656168195937,0.6600000262260437
5,129,adaptive_crosssdc_cmr,hinge,1.0,0.1,0.26442240675290424,0.11187852670749028,2.7177466021643744,0.011187852670749029,0.001235543135812299,0.00012355431358122991,0.046875,0.04861111111111111,0.017566421586606238,0.02076588136454423,0.6636666655540466
5,130,adaptive_crosssdc_cmr,hinge,1.0,0.1,0.2634759147961934,0.11209250407086478,2.762035369873047,0.01120925040708648,0.001682809185391913,0.0001682809185391913,0.059027777777777776,0.04513888888888889,0.01960846885210938,0.020589940663841035,0.6589999794960022
5,131,adaptive_crosssdc_cmr,hinge,1.0,0.1,0.2593366503715515,0.10896935976213878,2.640772819519043,0.010896935976213879,0.002031284863025778,0.0002031284863025778,0.06163194444444445,0.05555555555555555,0.02106126356456015,0.020738984354668193,0.6603333353996277
5,132,adaptive_crosssdc_cmr,hinge,1.0,0.1,0.266019301282035,0.10974205450879203,2.748322433895535,0.010974205450879203,0.001280458171903673,0.00012804581719036732,0.0546875,0.04079861111111111,0.01956253271136019,0.018681372412376933,0.659333348274231
5,133,adaptive_crosssdc_cmr,hinge,1.0,0.1,0.2704637712902493,0.11933256602949566,2.7048145400153265,0.011933256602949567,0.0019167151121008727,0.00019167151121008728,0.0625,0.049479166666666664,0.020872046343154378,0.020304982653922506,0.6606666445732117
5,134,adaptive_crosssdc_cmr,hinge,1.0,0.1,0.2605460865630044,0.11522978958156374,2.7278665701548257,0.011522978958156375,0.0015078643401567307,0.0001507864340156731,0.052083333333333336,0.034722222222222224,0.019237164614929095,0.01621799481411775,0.656333327293396
5,135,adaptive_crosssdc_cmr,hinge,1.0,0.1,0.25961636503537494,0.1230585128068924,2.7075671090020075,0.01230585128068924,0.001309749812612103,0.00013097498126121032,0.0546875,0.03993055555555555,0.018957753769225545,0.01876738439831469,0.6586666703224182
5,136,adaptive_crosssdc_cmr,hinge,1.0,0.1,0.2557493762837516,0.11323994563685523,2.703607506222195,0.011323994563685524,0.0010721287722440644,0.00010721287722440644,0.044270833333333336,0.026909722222222224,0.017551324226790004,0.016659439851840336,0.6576666831970215
5,137,adaptive_crosssdc_cmr,hinge,1.0,0.1,0.2570723825030857,0.12208430220683415,2.72841567463345,0.012208430220683415,0.0007578052714557594,7.578052714557595e-05,0.026041666666666668,0.030381944444444444,0.01591138169169426,0.01832212217979961,0.6603333353996277
5,138,adaptive_crosssdc_cmr,hinge,1.0,0.1,0.2521520521905687,0.1106464597913954,2.796468416849772,0.01106464597913954,0.001158903133020633,0.00011589031330206329,0.03732638888888889,0.03993055555555555,0.01665292659567462,0.019228627077407308,0.6600000262260437
5,139,adaptive_crosssdc_cmr,hinge,1.0,0.1,0.24350164665116203,0.10568367772632176,2.7439880106184216,0.010568367772632176,0.0006987756055928508,6.987756055928509e-05,0.026041666666666668,0.0234375,0.014726394787430763,0.015206946060061455,0.656000018119812
5,140,adaptive_crosssdc_cmr,hinge,1.0,0.1,0.24231010675430298,0.109191099802653,2.731728924645318,0.010919109980265301,0.0007190792821347713,7.190792821347714e-05,0.03211805555555555,0.03211805555555555,0.017210697962178126,0.018053179192874167,0.6596666574478149
5,141,adaptive_crosssdc_cmr,hinge,1.0,0.1,0.24506989287005532,0.1103742586241828,2.714715083440145,0.011037425862418281,0.000621362744115888,6.21362744115888e-05,0.025173611111111112,0.024305555555555556,0.015920079002777737,0.017643103789952066,0.6600000262260437
5,142,adaptive_crosssdc_cmr,hinge,1.0,0.1,0.24732599159081778,0.11320436414745119,2.69220232963562,0.01132043641474512,0.0009164844296820876,9.164844296820877e-05,0.042534722222222224,0.03125,0.017417748148242634,0.019284250007735357,0.659333348274231
5,143,adaptive_crosssdc_cmr,hinge,1.0,0.1,0.2554547025097741,0.11716020024485058,2.6832632223765054,0.011716020024485059,0.0011543434844093604,0.00011543434844093605,0.046875,0.0390625,0.018062966358330514,0.019410477330287296,0.656000018119812
5,144,adaptive_crosssdc_cmr,hinge,1.0,0.1,0.25799205236964756,0.11564632836315367,2.7505788803100586,0.011564632836315368,0.001329004279493044,0.0001329004279493044,0.050347222222222224,0.042534722222222224,0.018893782877259784,0.02079314159022437,0.6596666574478149
5,145,adaptive_crosssdc_cmr,hinge,1.0,0.1,0.2572849724027846,0.11326496137513055,2.685543669594659,0.011326496137513055,0.0014606413121024768,0.0001460641312102477,0.0546875,0.03819444444444445,0.019006857855452433,0.02041737652487225,0.6543333530426025
5,146,adaptive_crosssdc_cmr,hinge,1.0,0.1,0.264020883374744,0.11132184581624137,2.7836378150516086,0.011132184581624138,0.0012241423117100364,0.00012241423117100364,0.03819444444444445,0.04079861111111111,0.01648277872138553,0.01901612886124187,0.659333348274231
5,147,adaptive_crosssdc_cmr,hinge,1.0,0.1,0.25395797689755756,0.11018022977643543,2.761698219511244,0.011018022977643545,0.0012778426818032232,0.00012778426818032233,0.041666666666666664,0.04861111111111111,0.016115523874759674,0.01932874901427163,0.6576666831970215
5,148,adaptive_crosssdc_cmr,hinge,1.0,0.1,0.2505923310915629,0.10931634902954102,2.677837716208564,0.010931634902954103,0.0012854503260718451,0.00012854503260718451,0.05381944444444445,0.03211805555555555,0.02056408238907655,0.015394083120756678,0.659333348274231
5,149,adaptive_crosssdc_cmr,hinge,1.0,0.1,0.2529686970843209,0.11819994532399708,2.6782773865593805,0.011819994532399708,0.0013629975017263657,0.00013629975017263657,0.041666666666666664,0.033854166666666664,0.017561126086446974,0.017322613547245663,0.6583333611488342
5,150,adaptive_crosssdc_cmr,hinge,1.0,0.1,0.2559327284495036,0.11099393914143245,2.6951387193467884,0.011099393914143246,0.0015778410403678815,0.00015778410403678817,0.0546875,0.03732638888888889,0.020372429655657873,0.016364287585020065,0.6610000133514404
5,151,adaptive_crosssdc_cmr,hinge,1.0,0.1,0.25500255823135376,0.10748158643643062,2.682810174094306,0.010748158643643063,0.001239882193557504,0.00012398821935575042,0.0390625,0.03993055555555555,0.016787642199132178,0.01974518659214179,0.6573333144187927
5,152,adaptive_crosssdc_cmr,hinge,1.0,0.1,0.25829395320680404,0.1051073314415084,2.7495471901363797,0.01051073314415084,0.0015923000561694305,0.00015923000561694306,0.04861111111111111,0.044270833333333336,0.01844096990923087,0.019360013927022617,0.6606666445732117
5,153,adaptive_crosssdc_cmr,hinge,1.0,0.1,0.25677964256869423,0.10708727025323445,2.7086637020111084,0.010708727025323446,0.0019338944241301054,0.00019338944241301055,0.0642361111111111,0.050347222222222224,0.020088545357187588,0.019815300694770284,0.6573333144187927
5,154,adaptive_crosssdc_cmr,hinge,1.0,0.1,0.251226286093394,0.10845925990078184,2.767301877339681,0.010845925990078185,0.0010264784028145692,0.00010264784028145692,0.04079861111111111,0.028645833333333332,0.017525881942775514,0.014503113925457,0.659333348274231
5,155,adaptive_crosssdc_cmr,hinge,1.0,0.1,0.2458043396472931,0.10897213303380543,2.725812964969211,0.010897213303380544,0.001408211511766745,0.00014082115117667452,0.046875,0.043402777777777776,0.01769620283610291,0.017541160600052938,0.656333327293396
5,156,adaptive_crosssdc_cmr,hinge,1.0,0.1,0.2472702893945906,0.10907479375600815,2.696506553226047,0.010907479375600816,0.0006287176802288741,6.287176802288741e-05,0.022569444444444444,0.027777777777777776,0.013728158134553168,0.015948442535267934,0.6576666831970215
5,157,adaptive_crosssdc_cmr,hinge,1.0,0.1,0.24631856381893158,0.10820951561133067,2.6844493018256292,0.010820951561133068,0.0010286581042843561,0.00010286581042843562,0.03993055555555555,0.034722222222222224,0.017917903140187263,0.016803958142797153,0.6610000133514404
5,158,adaptive_crosssdc_cmr,hinge,1.0,0.1,0.24778932332992554,0.10756019585662419,2.7120703061421714,0.01075601958566242,0.0010296606439320992,0.00010296606439320992,0.035590277777777776,0.04079861111111111,0.017209180527263217,0.016880851238965988,0.6579999923706055
5,159,adaptive_crosssdc_cmr,hinge,1.0,0.1,0.24270563324292502,0.10445688250992033,2.71801487604777,0.010445688250992034,0.0010065940037343858,0.00010065940037343859,0.04600694444444445,0.03819444444444445,0.01728044615851508,0.01650219327873654,0.6613333225250244
5,160,adaptive_crosssdc_cmr,hinge,1.0,0.1,0.24797846211327446,0.11468196660280228,2.7067913479275174,0.011468196660280228,0.0008180563389841053,8.180563389841054e-05,0.033854166666666664,0.025173611111111112,0.015711407280630536,0.014598461074961556,0.6570000052452087
5,161,adaptive_crosssdc_cmr,hinge,1.0,0.1,0.2478517707851198,0.11189233346117868,2.778066290749444,0.011189233346117869,0.0008415769843850285,8.415769843850285e-05,0.03211805555555555,0.026041666666666668,0.016536700642771192,0.015651108490096197,0.6549999713897705
5,162,adaptive_crosssdc_cmr,hinge,1.0,0.1,0.24782046344545153,0.11462906582487954,2.7069711685180664,0.011462906582487956,0.0014311574761652285,0.00014311574761652286,0.046875,0.04513888888888889,0.017848500774966344,0.017777467767397564,0.6626666784286499
5,163,adaptive_crosssdc_cmr,hinge,1.0,0.1,0.24840294652514988,0.10954717298348744,2.722221930821737,0.010954717298348744,0.0010614885832183063,0.00010614885832183063,0.03819444444444445,0.0390625,0.01627166610625055,0.01704427392946349,0.6583333611488342
5,164,adaptive_crosssdc_cmr,hinge,1.0,0.1,0.24774806035889518,0.11979431410630544,2.6342914634280734,0.011979431410630544,0.0008279951547996865,8.279951547996865e-05,0.04079861111111111,0.026909722222222224,0.016890487323204677,0.016824608461724386,0.6573333144187927
5,165,adaptive_crosssdc_cmr,hinge,1.0,0.1,0.24760739670859444,0.11398742679092619,2.687690946790907,0.011398742679092619,0.001011967063984937,0.00010119670639849371,0.0390625,0.035590277777777776,0.013530683186319139,0.017864742626746494,0.656000018119812
5,166,adaptive_crosssdc_cmr,hinge,1.0,0.1,0.2456281284491221,0.10863579644097222,2.700218783484565,0.010863579644097223,0.0008654069841011531,8.654069841011531e-05,0.0390625,0.03125,0.015198407073815664,0.017779844916529126,0.6576666831970215
5,167,adaptive_crosssdc_cmr,hinge,1.0,0.1,0.24251719812552133,0.10848652571439743,2.8082355658213296,0.010848652571439743,0.0009403892391775218,9.403892391775218e-05,0.027777777777777776,0.028645833333333332,0.01563979747394721,0.017072604555222724,0.6606666445732117
5,168,adaptive_crosssdc_cmr,hinge,1.0,0.1,0.23766504559251997,0.1035372664531072,2.7233585251702204,0.01035372664531072,0.0005513350608655148,5.513350608655148e-05,0.03298611111111111,0.0234375,0.01425214008324676,0.016086909713016614,0.6600000262260437
5,169,adaptive_crosssdc_cmr,hinge,1.0,0.1,0.2398709323671129,0.11223610324992074,2.7192015647888184,0.011223610324992075,0.0007308681379072368,7.308681379072369e-05,0.027777777777777776,0.029513888888888888,0.014681450401743254,0.016763688582513068,0.6600000262260437
5,170,adaptive_crosssdc_cmr,hinge,1.0,0.1,0.24162978761725956,0.09966455979479684,2.7497823503282337,0.009966455979479684,0.0010280962710061835,0.00010280962710061835,0.03732638888888889,0.03732638888888889,0.01697864652507835,0.016937133131755724,0.6573333144187927
5,171,adaptive_crosssdc_cmr,hinge,1.0,0.1,0.2439311428202523,0.10501352532042398,2.7141059504614935,0.010501352532042398,0.0006893420860352409,6.893420860352409e-05,0.030381944444444444,0.034722222222222224,0.01684997458424833,0.01854771789577272,0.6603333353996277
5,172,adaptive_crosssdc_cmr,hinge,1.0,0.1,0.2393874360455407,0.111975839568509,2.721235301759508,0.011197583956850901,0.0005472412125931846,5.472412125931846e-05,0.014756944444444444,0.025173611111111112,0.013774444452590413,0.01629552265836133,0.6606666445732117
5,173,adaptive_crosssdc_cmr,hinge,1.0,0.1,0.24122231867578295,0.10232037140263452,2.7447217835320368,0.010232037140263453,0.0005654580486912488,5.6545804869124875e-05,0.020833333333333332,0.029513888888888888,0.014223261839813657,0.016863673097557492,0.6570000052452087
5,174,adaptive_crosssdc_cmr,hinge,1.0,0.1,0.24184699687692854,0.10981465296612845,2.6890226205190024,0.010981465296612846,0.0006977609720908933,6.977609720908933e-05,0.035590277777777776,0.026041666666666668,0.016766138581766024,0.014767701427141825,0.6600000262260437
5,175,adaptive_crosssdc_cmr,hinge,1.0,0.1,0.24807694719897377,0.10691244900226593,2.721154636806912,0.010691244900226594,0.001623817253857851,0.00016238172538578512,0.06076388888888889,0.03732638888888889,0.019221968120998807,0.018514845313297376,0.6576666831970215
5,176,adaptive_crosssdc_cmr,hinge,1.0,0.1,0.24257566862636143,0.10310250189569262,2.7059037685394287,0.010310250189569263,0.0011329245494885577,0.00011329245494885578,0.041666666666666664,0.03819444444444445,0.016289260445369616,0.01660928502678871,0.6606666445732117
5,177,adaptive_crosssdc_cmr,hinge,1.0,0.1,0.2438117911418279,0.10993514789475335,2.6361250612470837,0.010993514789475335,0.0010628093684014555,0.00010628093684014555,0.03298611111111111,0.036458333333333336,0.016138028353452682,0.018549165998895962,0.656333327293396
5,178,adaptive_crosssdc_cmr,hinge,1.0,0.1,0.24511459304226768,0.11095821857452393,2.7524549431271024,0.011095821857452393,0.0017622510980193813,0.00017622510980193815,0.05642361111111111,0.036458333333333336,0.019011247903108597,0.018078934401273727,0.6576666831970215
5,179,adaptive_crosssdc_cmr,hinge,1.0,0.1,0.2574706855747435,0.11747943196031782,2.6964747640821667,0.011747943196031783,0.0011791377425349008,0.00011791377425349008,0.050347222222222224,0.035590277777777776,0.016926043563418917,0.014932399408684837,0.6586666703224182
5,180,adaptive_crosssdc_cmr,hinge,1.0,0.1,0.2472757382525338,0.11043684764040841,2.7172515657213,0.011043684764040843,0.0008940827036793861,8.940827036793862e-05,0.035590277777777776,0.034722222222222224,0.015553144738078117,0.016993026559551556,0.6623333096504211
5,181,adaptive_crosssdc_cmr,hinge,1.0,0.1,0.24570679002337986,0.11138573620054457,2.6863962279425726,0.011138573620054458,0.0009128999922217594,9.128999922217595e-05,0.027777777777777776,0.028645833333333332,0.014410864147875044,0.015141720987028547,0.6543333530426025
5,182,adaptive_crosssdc_cmr,hinge,1.0,0.1,0.250777843925688,0.11859627647532357,2.7062779002719455,0.011859627647532359,0.001518210247417705,0.0001518210247417705,0.044270833333333336,0.033854166666666664,0.016933914480937853,0.01584480909837617,0.6613333225250244
5,183,adaptive_crosssdc_cmr,hinge,1.0,0.1,0.24829328060150146,0.10614795568916532,2.7724542882707386,0.010614795568916533,0.0010396943964426303,0.00010396943964426303,0.035590277777777776,0.033854166666666664,0.015077913593914773,0.0166712984856632,0.6600000262260437
5,184,adaptive_crosssdc_cmr,hinge,1.0,0.1,0.24822578661971623,0.10311522169245614,2.719613949457804,0.010311522169245614,0.0011405016234170438,0.00011405016234170439,0.04079861111111111,0.0390625,0.015514059199227227,0.01725447591808107,0.6650000214576721
5,185,adaptive_crosssdc_cmr,hinge,1.0,0.1,0.24765987528695,0.1072558355000284,2.712253279156155,0.01072558355000284,0.0011151271464768797,0.00011151271464768798,0.034722222222222224,0.03125,0.016889356904559664,0.015450688285960091,0.6613333225250244
5,186,adaptive_crosssdc_cmr,hinge,1.0,0.1,0.24291497468948364,0.11294586956501007,2.7246574295891657,0.011294586956501007,0.000794557181911336,7.94557181911336e-05,0.043402777777777776,0.019097222222222224,0.015999334760838084,0.01338691409263346,0.6596666574478149
5,187,adaptive_crosssdc_cmr,hinge,1.0,0.1,0.24235091441207463,0.10096074806319343,2.751891613006592,0.010096074806319343,0.0008459378926393887,8.459378926393887e-05,0.03732638888888889,0.03211805555555555,0.01434587397509151,0.015370834618806839,0.6616666913032532
5,188,adaptive_crosssdc_cmr,hinge,1.0,0.1,0.24568875133991241,0.10725542075104183,2.7324487103356256,0.010725542075104184,0.0011164735478814691,0.00011164735478814692,0.03298611111111111,0.03993055555555555,0.015276791113946173,0.01717952224943373,0.659333348274231
5,189,adaptive_crosssdc_cmr,hinge,1.0,0.1,0.2469890018304189,0.10553429855240716,2.7265821033053927,0.010553429855240716,0.0008244018180347565,8.244018180347565e-05,0.036458333333333336,0.0234375,0.015615221526887681,0.01481594517827034,0.6636666655540466
5,190,adaptive_crosssdc_cmr,hinge,1.0,0.1,0.252243944340282,0.10400407761335373,2.7476534048716226,0.010400407761335374,0.0012932178312136482,0.00012932178312136482,0.049479166666666664,0.03732638888888889,0.017051122875677213,0.017916687867707677,0.6626666784286499
5,191,adaptive_crosssdc_cmr,hinge,1.0,0.1,0.24735275904337564,0.10566429297129314,2.745985163582696,0.010566429297129315,0.001002783764205459,0.00010027837642054592,0.042534722222222224,0.024305555555555556,0.016092220942179363,0.01551138899392552,0.6633333563804626
5,192,adaptive_crosssdc_cmr,hinge,1.0,0.1,0.24178104599316916,0.10568383004930285,2.711019436518351,0.010568383004930286,0.0008174470405922168,8.174470405922169e-05,0.0234375,0.03211805555555555,0.013006412734587988,0.017123976308438513,0.656000018119812
5,193,adaptive_crosssdc_cmr,hinge,1.0,0.1,0.2374227825138304,0.11397646533118354,2.681998676723904,0.011397646533118354,0.0006352035205863002,6.352035205863003e-05,0.030381944444444444,0.020833333333333332,0.01428109821346071,0.014078023533026377,0.6623333096504211
5,194,adaptive_crosssdc_cmr,hinge,1.0,0.1,0.24305076069302028,0.09952829860978657,2.7587249014112682,0.009952829860978658,0.0008683945359532825,8.683945359532825e-05,0.03211805555555555,0.034722222222222224,0.014562890347507264,0.013854535089598762,0.6620000004768372
5,195,adaptive_crosssdc_cmr,hinge,1.0,0.1,0.2422973612944285,0.1080568093392584,2.787431584464179,0.010805680933925841,0.0008020825108461496,8.020825108461497e-05,0.03298611111111111,0.028645833333333332,0.01355059900217586,0.014090813489423858,0.6616666913032532
5,196,adaptive_crosssdc_cmr,hinge,1.0,0.1,0.2338316688934962,0.10778584827979405,2.6717348363664417,0.010778584827979406,0.0007004194089353809,7.004194089353809e-05,0.025173611111111112,0.026909722222222224,0.013429114802016152,0.013716238654322095,0.659333348274231
5,197,adaptive_crosssdc_cmr,hinge,1.0,0.1,0.23854535818099976,0.10601817816495895,2.7387989891899958,0.010601817816495896,0.0007521487158960048,7.521487158960049e-05,0.021701388888888888,0.04079861111111111,0.012867156002256606,0.016259000947078068,0.6596666574478149
5,198,adaptive_crosssdc_cmr,hinge,1.0,0.1,0.23906306425730386,0.1090038236644533,2.6498499711354575,0.01090038236644533,0.0004933294037527958,4.933294037527958e-05,0.016493055555555556,0.022569444444444444,0.011766085608137978,0.014503723217381371,0.6583333611488342
5,199,adaptive_crosssdc_cmr,hinge,1.0,0.1,0.23958467609352535,0.1068789271844758,2.73119846979777,0.01068789271844758,0.0007996945561090899,7.996945561090899e-05,0.03993055555555555,0.029513888888888888,0.01477441502114137,0.016296268337302737,0.6606666445732117
6,0,adaptive_crosssdc_cmr,hinge,1.0,0.1,2.5040598710378013,0.3323618604077233,2.286494255065918,0.03323618604077233,0.2835051384237077,0.028350513842370775,0.7881944444444444,0.5138888888888888,0.5097964141103957,0.17939812441666922,0.547428548336029
6,1,adaptive_crosssdc_cmr,hinge,1.0,0.1,1.6671196354760065,0.2795311113198598,2.308123721016778,0.02795311113198598,0.19310572412278917,0.019310572412278917,0.8263888888888888,0.3897569444444444,0.4103377030955421,0.10124004135529201,0.5725714564323425
6,2,adaptive_crosssdc_cmr,hinge,1.0,0.1,1.276660270161099,0.22714201278156704,2.316398541132609,0.022714201278156706,0.10067450006802876,0.010067450006802876,0.6631944444444444,0.3524305555555556,0.2240995748175515,0.09163552108738157,0.5805714130401611
6,3,adaptive_crosssdc_cmr,hinge,1.0,0.1,1.0628066725201077,0.19722708894146812,2.3964658313327365,0.019722708894146814,0.06116168159577581,0.006116168159577582,0.5590277777777778,0.3793402777777778,0.1508172204097112,0.09254179563787249,0.5785714387893677
6,4,adaptive_crosssdc_cmr,hinge,1.0,0.1,0.9242276615566678,0.20212529765235054,2.3228299617767334,0.020212529765235056,0.051484705673323736,0.005148470567332374,0.5052083333333334,0.3350694444444444,0.13421482427252662,0.0840413553847207,0.583142876625061
6,5,adaptive_crosssdc_cmr,hinge,1.0,0.1,0.8224011990759108,0.18512499332427979,2.3266134791904025,0.01851249933242798,0.049021977103418775,0.004902197710341878,0.515625,0.3541666666666667,0.1294479403230879,0.08635104530387455,0.5842857360839844
6,6,adaptive_crosssdc_cmr,hinge,1.0,0.1,0.7563999162779914,0.18896327747239006,2.32100420527988,0.018896327747239008,0.038513207601176366,0.003851320760117637,0.4513888888888889,0.3671875,0.10958649549219343,0.08806288904613918,0.5879999995231628
6,7,adaptive_crosssdc_cmr,hinge,1.0,0.1,0.6962821218702528,0.1867272804180781,2.3828791512383356,0.01867272804180781,0.033183556670943894,0.0033183556670943895,0.4140625,0.3211805555555556,0.10355430924230152,0.08025034103128645,0.5868571400642395
6,8,adaptive_crosssdc_cmr,hinge,1.0,0.1,0.6606460081206428,0.1894268443187078,2.281963692771064,0.01894268443187078,0.02902805743118127,0.0029028057431181274,0.3871527777777778,0.3020833333333333,0.09361883997917175,0.0753002990451124,0.5834285616874695
6,9,adaptive_crosssdc_cmr,hinge,1.0,0.1,0.616754412651062,0.1809235761562983,2.3799787627326117,0.01809235761562983,0.024989604742990598,0.00249896047429906,0.4001736111111111,0.2630208333333333,0.09503136161300871,0.06817672401666641,0.5868571400642395
6,10,adaptive_crosssdc_cmr,hinge,1.0,0.1,0.591975298192766,0.18019704851839277,2.4568188985188804,0.018019704851839277,0.022271770363052685,0.0022271770363052686,0.3411458333333333,0.2907986111111111,0.08473521719376247,0.07183224376704958,0.5885714292526245
6,11,adaptive_crosssdc_cmr,hinge,1.0,0.1,0.5594564742512174,0.1710581746366289,2.370713816748725,0.01710581746366289,0.021222868106431432,0.0021222868106431435,0.3463541666666667,0.2230902777777778,0.08751815805832545,0.061605816500054464,0.5874285697937012
6,12,adaptive_crosssdc_cmr,hinge,1.0,0.1,0.5384224322107103,0.16622966859075758,2.402906311882867,0.016622966859075758,0.01715019303891394,0.001715019303891394,0.3185763888888889,0.2109375,0.07896019932296541,0.060580109142594867,0.5871428847312927
6,13,adaptive_crosssdc_cmr,hinge,1.0,0.1,0.5124669240580665,0.1682203776306576,2.2707449860042996,0.01682203776306576,0.01661819550726149,0.0016618195507261489,0.3315972222222222,0.21788194444444445,0.080205457078086,0.05813840114408069,0.588857114315033
6,14,adaptive_crosssdc_cmr,hinge,1.0,0.1,0.4993455972936418,0.1802418977022171,2.3577925893995495,0.018024189770221712,0.013914971819354428,0.0013914971819354428,0.2647569444444444,0.2013888888888889,0.07236720787154304,0.05735966770185365,0.5882856845855713
6,15,adaptive_crosssdc_cmr,hinge,1.0,0.1,0.48475602600309586,0.16247296995586819,2.3591173224978976,0.01624729699558682,0.011807484241823355,0.0011807484241823357,0.2795138888888889,0.1875,0.06921274960041046,0.05295998106400172,0.5917142629623413
6,16,adaptive_crosssdc_cmr,hinge,1.0,0.1,0.47199628088209367,0.16222297648588815,2.3258521027035184,0.016222297648588815,0.010632727346900437,0.0010632727346900437,0.2560763888888889,0.17447916666666666,0.06805010719431771,0.05091926869418886,0.5937142968177795
6,17,adaptive_crosssdc_cmr,hinge,1.0,0.1,0.4553704924053616,0.1635818084081014,2.37017920282152,0.01635818084081014,0.01114357676770952,0.001114357676770952,0.265625,0.1953125,0.0693650088376469,0.052674303452173867,0.5945714116096497
6,18,adaptive_crosssdc_cmr,hinge,1.0,0.1,0.4479218191570706,0.1518131262726254,2.3854086928897433,0.01518131262726254,0.009073192978070842,0.0009073192978070843,0.23958333333333334,0.14322916666666666,0.06403554189536306,0.044337434901131526,0.5979999899864197
6,19,adaptive_crosssdc_cmr,hinge,1.0,0.1,0.4414168828063541,0.1565006739563412,2.4444375038146973,0.015650067395634123,0.01075234678056505,0.001075234678056505,0.24305555555555555,0.1519097222222222,0.06672679343157345,0.047452264775832496,0.5982857346534729
6,20,adaptive_crosssdc_cmr,hinge,1.0,0.1,0.4255196650822957,0.1527460598283344,2.420071522394816,0.01527460598283344,0.008505522532181608,0.0008505522532181608,0.2387152777777778,0.1371527777777778,0.06184351733989186,0.044381930182377495,0.5985714197158813
6,21,adaptive_crosssdc_cmr,hinge,1.0,0.1,0.4225773711999257,0.16559855308797625,2.4073224332597523,0.016559855308797625,0.007599640430675613,0.0007599640430675614,0.21614583333333334,0.13194444444444445,0.057857109440697566,0.04226798481411404,0.5965714454650879
6,22,adaptive_crosssdc_cmr,hinge,1.0,0.1,0.40931450989511275,0.1490707066324022,2.3667699495951333,0.014907070663240221,0.008278935630288389,0.000827893563028839,0.22743055555555555,0.1154513888888889,0.061031967815425664,0.04069611926873525,0.6017143130302429
6,23,adaptive_crosssdc_cmr,hinge,1.0,0.1,0.40204481614960563,0.14112140403853524,2.398625373840332,0.014112140403853524,0.005881882686581876,0.0005881882686581876,0.1762152777777778,0.11284722222222222,0.050032573441664376,0.041145551949739456,0.6005714535713196
6,24,adaptive_crosssdc_cmr,hinge,1.0,0.1,0.3967748847272661,0.15287932422426012,2.418888939751519,0.015287932422426013,0.007352491271578603,0.0007352491271578604,0.19444444444444445,0.140625,0.05403439038329654,0.042829268922408424,0.6039999723434448
6,25,adaptive_crosssdc_cmr,hinge,1.0,0.1,0.39174514015515643,0.14736937317583296,2.494799269570245,0.014736937317583297,0.005937896177379621,0.0005937896177379622,0.1623263888888889,0.11197916666666667,0.05027318663067288,0.04054075893428591,0.6002857089042664
6,26,adaptive_crosssdc_cmr,hinge,1.0,0.1,0.3893512785434723,0.14823060896661547,2.398552311791314,0.014823060896661548,0.006598664965066645,0.0006598664965066646,0.1796875,0.0998263888888889,0.05115030457576116,0.035550760105252266,0.600857138633728
6,27,adaptive_crosssdc_cmr,hinge,1.0,0.1,0.37915011909272933,0.1467441502544615,2.334314637713962,0.01467441502544615,0.005641852867686086,0.0005641852867686087,0.1753472222222222,0.11197916666666667,0.0500368724266688,0.03778477468424373,0.6065714359283447
6,28,adaptive_crosssdc_cmr,hinge,1.0,0.1,0.3704547517829471,0.14350850383440653,2.3436854680379233,0.014350850383440653,0.005831811939262682,0.0005831811939262682,0.19010416666666666,0.10590277777777778,0.050454937749438815,0.03737404238846567,0.6051428318023682
6,29,adaptive_crosssdc_cmr,hinge,1.0,0.1,0.3629977073934343,0.13335810022221672,2.370390865537855,0.013335810022221672,0.0044609984745168025,0.00044609984745168027,0.13020833333333334,0.09288194444444445,0.04503738838765356,0.0337975581900941,0.6062856912612915
6,30,adaptive_crosssdc_cmr,hinge,1.0,0.1,0.3572712375058068,0.13870715929402244,2.447092135747274,0.013870715929402245,0.004323902281208171,0.0004323902281208171,0.1440972222222222,0.09895833333333333,0.04441392338938183,0.03676167854832278,0.6062856912612915
6,31,adaptive_crosssdc_cmr,hinge,1.0,0.1,0.3550711042351193,0.14054513143168557,2.391382376352946,0.014054513143168558,0.004290911136195064,0.00042909111361950637,0.1345486111111111,0.0842013888888889,0.04267669262157546,0.032642413965529866,0.6097142696380615
6,32,adaptive_crosssdc_cmr,hinge,1.0,0.1,0.35150331921047634,0.13475624306334388,2.421144167582194,0.013475624306334389,0.0040661536364091765,0.00040661536364091765,0.1501736111111111,0.08246527777777778,0.04484081558055348,0.032853805356555514,0.6094285845756531
6,33,adaptive_crosssdc_cmr,hinge,1.0,0.1,0.34570973449283177,0.13670269317097133,2.490914265314738,0.013670269317097134,0.0033400290671529043,0.00033400290671529043,0.11284722222222222,0.0798611111111111,0.04079327111442884,0.03362730497287379,0.6091428399085999
6,34,adaptive_crosssdc_cmr,hinge,1.0,0.1,0.3412902123398251,0.13589164780245888,2.430994749069214,0.01358916478024589,0.0037527052271697256,0.0003752705227169726,0.12760416666666666,0.08854166666666667,0.03928050729963514,0.034230236584941544,0.6105714440345764
6,35,adaptive_crosssdc_cmr,hinge,1.0,0.1,0.3366006910800934,0.13460796657535765,2.4240892463260226,0.013460796657535766,0.004229549318552017,0.00042295493185520174,0.11979166666666667,0.0798611111111111,0.04209324965874354,0.031219749401013058,0.6077142953872681
6,36,adaptive_crosssdc_cmr,hinge,1.0,0.1,0.3351936505900489,0.13162396848201752,2.3601680861579046,0.013162396848201752,0.003460574351872007,0.0003460574351872007,0.12152777777777778,0.06944444444444445,0.03903809127708276,0.03156572456161181,0.6148571372032166
6,37,adaptive_crosssdc_cmr,hinge,1.0,0.1,0.34147974186473423,0.1423695551024543,2.442458497153388,0.014236955510245432,0.003997163096856739,0.00039971630968567396,0.13194444444444445,0.078125,0.04086646023723814,0.032841145578357905,0.6102856993675232
6,38,adaptive_crosssdc_cmr,hinge,1.0,0.1,0.3421901828712887,0.13383586870299446,2.4727662404378257,0.013383586870299446,0.0036811405637611947,0.0003681140563761195,0.1189236111111111,0.08072916666666667,0.036552398982975215,0.030163270317845874,0.6140000224113464
6,39,adaptive_crosssdc_cmr,hinge,1.0,0.1,0.33596303396754795,0.13321970568762886,2.418937921524048,0.013321970568762886,0.0029190442421370083,0.00029190442421370084,0.10677083333333333,0.0685763888888889,0.034470266145136624,0.02977603818807337,0.6125714182853699
6,40,adaptive_crosssdc_cmr,hinge,1.0,0.1,0.334060980214013,0.13679788178867763,2.4349700609842935,0.013679788178867764,0.0035902976782785524,0.00035902976782785525,0.10416666666666667,0.06944444444444445,0.034745958944161735,0.03141942164964146,0.6171428561210632
6,41,adaptive_crosssdc_cmr,hinge,1.0,0.1,0.3299066325028737,0.12491804940832986,2.461383475197686,0.012491804940832987,0.0036995227759083114,0.0003699522775908312,0.1154513888888889,0.0798611111111111,0.036574696087174945,0.029998367031415302,0.6151428818702698
6,42,adaptive_crosssdc_cmr,hinge,1.0,0.1,0.32521771391232807,0.13166665616962644,2.4453568193647595,0.013166665616962645,0.003639978046218554,0.00036399780462185544,0.11458333333333333,0.0798611111111111,0.0375118934445911,0.030498776998784807,0.6125714182853699
6,43,adaptive_crosssdc_cmr,hinge,1.0,0.1,0.32230034470558167,0.13163693911499447,2.4423857265048556,0.013163693911499448,0.0022504935170420343,0.00022504935170420345,0.08506944444444445,0.06944444444444445,0.029385407351785235,0.02907245150870747,0.6162857413291931
6,44,adaptive_crosssdc_cmr,hinge,1.0,0.1,0.32390133870972526,0.12302480306890276,2.4647052552964954,0.012302480306890276,0.0022781531766263973,0.00022781531766263974,0.08680555555555555,0.0720486111111111,0.030335976638727717,0.02800513245165348,0.6194285750389099
6,45,adaptive_crosssdc_cmr,hinge,1.0,0.1,0.32405933406617904,0.13137665473752552,2.3713050153520374,0.013137665473752553,0.002974841898928086,0.0002974841898928086,0.1171875,0.0625,0.03410219339032968,0.02465890844662984,0.6165714263916016
6,46,adaptive_crosssdc_cmr,hinge,1.0,0.1,0.32517751057942706,0.12691122624609205,2.4611861440870495,0.012691122624609205,0.0033582084579393268,0.0003358208457939327,0.09895833333333333,0.08506944444444445,0.03300912222928471,0.029048453602525923,0.6177142858505249
6,47,adaptive_crosssdc_cmr,hinge,1.0,0.1,0.3242382738325331,0.13151107728481293,2.5310644573635526,0.013151107728481293,0.003593239208890332,0.0003593239208890332,0.11197916666666667,0.06163194444444445,0.03422627639439371,0.025610992064078648,0.62028568983078
6,48,adaptive_crosssdc_cmr,hinge,1.0,0.1,0.3151496218310462,0.12749352388911778,2.4488003253936768,0.012749352388911778,0.003242576740578645,0.00032425767405786453,0.09114583333333333,0.06510416666666667,0.031081428337428305,0.026937966752383444,0.6174286007881165
6,49,adaptive_crosssdc_cmr,hinge,1.0,0.1,0.3130761120054457,0.13552474478880563,2.440237045288086,0.013552474478880564,0.003420016469640864,0.00034200164696408645,0.09027777777777778,0.06944444444444445,0.03303827821380562,0.026285723886556096,0.6200000047683716
6,50,adaptive_crosssdc_cmr,hinge,1.0,0.1,0.31099945969051784,0.13372529711988237,2.49246875445048,0.013372529711988239,0.002578529464598331,0.0002578529464598331,0.0763888888888889,0.059027777777777776,0.02894149348139763,0.02368828219672044,0.6200000047683716
6,51,adaptive_crosssdc_cmr,hinge,1.0,0.1,0.30874329805374146,0.12180412063995998,2.418089442782932,0.012180412063995998,0.0025133071079229317,0.00025133071079229315,0.06510416666666667,0.07118055555555555,0.029286032542586327,0.026243177346057363,0.62028568983078
6,52,adaptive_crosssdc_cmr,hinge,1.0,0.1,0.32058147920502555,0.12475111418300205,2.549312776989407,0.012475111418300206,0.0031709974023720455,0.0003170997402372046,0.09288194444444445,0.046875,0.030099182700117428,0.023913974563280743,0.6162857413291931
6,53,adaptive_crosssdc_cmr,hinge,1.0,0.1,0.30958344207869637,0.12975673543082344,2.4751653406355114,0.012975673543082345,0.0028163234625632563,0.0002816323462563256,0.09114583333333333,0.06684027777777778,0.02894702015651597,0.02692746991912524,0.6174286007881165
6,54,adaptive_crosssdc_cmr,hinge,1.0,0.1,0.2981337077087826,0.12486243413554297,2.4639567534128823,0.012486243413554298,0.0022724815514973467,0.00022724815514973468,0.07725694444444445,0.04861111111111111,0.02654779040151172,0.02272384696536594,0.6191428303718567
6,55,adaptive_crosssdc_cmr,hinge,1.0,0.1,0.29258547888861763,0.12352001667022705,2.4813017315334744,0.012352001667022706,0.0023911598190251323,0.00023911598190251324,0.057291666666666664,0.07291666666666667,0.026865685358643532,0.02611897885799408,0.6225714087486267
6,56,adaptive_crosssdc_cmr,hinge,1.0,0.1,0.3003164662255181,0.11928041113747491,2.4664103984832764,0.011928041113747491,0.0021634493799259267,0.00021634493799259268,0.0625,0.043402777777777776,0.026925979803005855,0.025721470101012125,0.62028568983078
6,57,adaptive_crosssdc_cmr,hinge,1.0,0.1,0.30171840058432686,0.12411007202333874,2.4339626100328235,0.012411007202333874,0.002439546334143314,0.0002439546334143314,0.0703125,0.05381944444444445,0.027379357152514987,0.02324836142361164,0.6208571195602417
6,58,adaptive_crosssdc_cmr,hinge,1.0,0.1,0.30254655414157444,0.12734607772694695,2.429592662387424,0.012734607772694695,0.0025877495968921315,0.00025877495968921316,0.078125,0.057291666666666664,0.028191276722484164,0.026551481957236927,0.6188571453094482
6,59,adaptive_crosssdc_cmr,hinge,1.0,0.1,0.3028320438332028,0.1269953598578771,2.4271362357669406,0.012699535985787712,0.0024492971133440733,0.00024492971133440735,0.08246527777777778,0.06510416666666667,0.026071556533376377,0.027697416229380503,0.6217142939567566
6,60,adaptive_crosssdc_cmr,hinge,1.0,0.1,0.29703790611690944,0.1332476254966524,2.440895292494032,0.01332476254966524,0.002575128662606908,0.00025751286626069083,0.07725694444444445,0.04600694444444445,0.027254447547925845,0.02230137979818715,0.6208571195602417
6,61,adaptive_crosssdc_cmr,hinge,1.0,0.1,0.2934640877776676,0.12148217442962858,2.510270939932929,0.012148217442962858,0.0021520891200958025,0.00021520891200958026,0.06944444444444445,0.051215277777777776,0.024690726358029578,0.023342159473233752,0.6234285831451416
6,62,adaptive_crosssdc_cmr,hinge,1.0,0.1,0.2900691462887658,0.1215324526031812,2.4995719856686063,0.012153245260318121,0.0023506376762977904,0.00023506376762977906,0.0625,0.06076388888888889,0.024812682014372613,0.025112575954861112,0.6211428642272949
6,63,adaptive_crosssdc_cmr,hinge,1.0,0.1,0.2864861422114902,0.1142542411883672,2.483801152971056,0.011425424118836722,0.002259282873839968,0.0002259282873839968,0.05555555555555555,0.049479166666666664,0.023508425595031843,0.024485142280658085,0.6174286007881165
6,64,adaptive_crosssdc_cmr,hinge,1.0,0.1,0.2901910874578688,0.12956350296735764,2.4855600463019476,0.012956350296735765,0.0017367546097375453,0.00017367546097375454,0.0546875,0.05381944444444445,0.022610403804315463,0.022411136991447873,0.6231428384780884
6,65,adaptive_crosssdc_cmr,hinge,1.0,0.1,0.279074490070343,0.10953960650497013,2.531953944100274,0.010953960650497014,0.0013103663384552216,0.00013103663384552217,0.04600694444444445,0.03993055555555555,0.02068273826605744,0.02197007669342889,0.6234285831451416
6,66,adaptive_crosssdc_cmr,hinge,1.0,0.1,0.27329128980636597,0.1232669668065177,2.3771920204162598,0.012326696680651771,0.0014565863077425295,0.00014565863077425296,0.04774305555555555,0.03993055555555555,0.02286914363503456,0.02189263908399476,0.621999979019165
6,67,adaptive_crosssdc_cmr,hinge,1.0,0.1,0.2735594113667806,0.11994033637973997,2.477710141075982,0.011994033637973998,0.0014142277068458498,0.00014142277068458499,0.0390625,0.03819444444444445,0.020801298941175144,0.022296669375565317,0.6242856979370117
6,68,adaptive_crosssdc_cmr,hinge,1.0,0.1,0.2741148935423957,0.1212290773789088,2.497864113913642,0.01212290773789088,0.0012427196230014993,0.00012427196230014993,0.049479166666666664,0.041666666666666664,0.02182090634273158,0.021948378740085497,0.62028568983078
6,69,adaptive_crosssdc_cmr,hinge,1.0,0.1,0.2767597801155514,0.1226085333360566,2.442749950620863,0.01226085333360566,0.001485580164525244,0.0001485580164525244,0.0546875,0.059027777777777776,0.021981680765748024,0.02520280848774645,0.6245714426040649
6,70,adaptive_crosssdc_cmr,hinge,1.0,0.1,0.2732638981607225,0.11373799128664865,2.4593813949161105,0.011373799128664866,0.0018670980934984982,0.00018670980934984983,0.057291666666666664,0.0390625,0.02226037656267484,0.022560183993644185,0.6197142601013184
6,71,adaptive_crosssdc_cmr,hinge,1.0,0.1,0.26984913481606376,0.11375960210959117,2.4397820896572537,0.011375960210959117,0.0015003769593830737,0.0001500376959383074,0.04600694444444445,0.04079861111111111,0.021905726856655545,0.022681735249029264,0.6277142763137817
6,72,adaptive_crosssdc_cmr,hinge,1.0,0.1,0.2769494288497501,0.12046842690971163,2.4992180665334067,0.012046842690971164,0.0017801096740489204,0.00017801096740489205,0.046875,0.04774305555555555,0.020289766705698438,0.02512582205235958,0.6197142601013184
6,73,adaptive_crosssdc_cmr,hinge,1.0,0.1,0.28329384326934814,0.11813085940149096,2.4429827531178794,0.011813085940149097,0.0017326001478876504,0.00017326001478876505,0.0546875,0.04861111111111111,0.02298933867779043,0.024926267771257296,0.6242856979370117
6,74,adaptive_crosssdc_cmr,hinge,1.0,0.1,0.28746388024753994,0.1252657961514261,2.44561497370402,0.012526579615142612,0.0017671993571437066,0.00017671993571437066,0.0720486111111111,0.04513888888888889,0.022998240258958604,0.021480268695288234,0.6182857155799866
6,75,adaptive_crosssdc_cmr,hinge,1.0,0.1,0.2856999635696411,0.12181941668192546,2.4997377925448947,0.012181941668192546,0.001720287468439589,0.00017202874684395892,0.06510416666666667,0.0390625,0.022109912087519962,0.02156346229215463,0.6245714426040649
6,76,adaptive_crosssdc_cmr,hinge,1.0,0.1,0.2871437470118205,0.11486650175518459,2.5629012849595814,0.01148665017551846,0.0019121418008580804,0.00019121418008580804,0.059027777777777776,0.059027777777777776,0.022780929174688127,0.02446750592854288,0.6205714344978333
6,77,adaptive_crosssdc_cmr,hinge,1.0,0.1,0.28872932328118217,0.12260592977205913,2.4951890309651694,0.012260592977205914,0.0022808817060043416,0.00022808817060043416,0.0720486111111111,0.051215277777777776,0.024500078211228054,0.02186769184966882,0.6259999871253967
6,78,adaptive_crosssdc_cmr,hinge,1.0,0.1,0.2874707281589508,0.11437478992674086,2.409074730343289,0.011437478992674086,0.0021884977403614256,0.00021884977403614257,0.04861111111111111,0.06336805555555555,0.019866722946365673,0.022824136747254267,0.62028568983078
6,79,adaptive_crosssdc_cmr,hinge,1.0,0.1,0.2797028852833642,0.11499195959832934,2.4723998175726996,0.011499195959832934,0.002230580029491749,0.0002230580029491749,0.059027777777777776,0.0546875,0.021317619623409376,0.024248487626512844,0.6251428723335266
6,80,adaptive_crosssdc_cmr,hinge,1.0,0.1,0.276051143805186,0.12442095494932598,2.5800173017713757,0.012442095494932599,0.0017319713693319096,0.00017319713693319096,0.058159722222222224,0.03993055555555555,0.02039451152086258,0.019860877758926816,0.621999979019165
6,81,adaptive_crosssdc_cmr,hinge,1.0,0.1,0.27350833349757725,0.11993339988920423,2.5179465876685247,0.011993339988920423,0.001099996372229523,0.0001099996372229523,0.04513888888888889,0.029513888888888888,0.020365959447291162,0.018680473789572716,0.6228571534156799
6,82,adaptive_crosssdc_cmr,hinge,1.0,0.1,0.2737942106193966,0.12262103706598282,2.485139158036974,0.012262103706598283,0.0017580084515632028,0.0001758008451563203,0.04861111111111111,0.051215277777777776,0.019311566940612264,0.020511884449256793,0.6225714087486267
6,83,adaptive_crosssdc_cmr,hinge,1.0,0.1,0.27282588680585224,0.12266029997004403,2.4373161527845593,0.012266029997004404,0.0015324798102180164,0.00015324798102180165,0.052083333333333336,0.035590277777777776,0.0200334292733007,0.019625156703922484,0.6222857236862183
6,84,adaptive_crosssdc_cmr,hinge,1.0,0.1,0.2712840073638492,0.11747176117367214,2.5012960963779025,0.011747176117367215,0.00142759624739281,0.000142759624739281,0.052083333333333336,0.04774305555555555,0.020476171953810587,0.02066348700059785,0.62371426820755
6,85,adaptive_crosssdc_cmr,hinge,1.0,0.1,0.2682744264602661,0.12014642688963148,2.5333946545918784,0.01201464268896315,0.0012962619334252344,0.00012962619334252345,0.04513888888888889,0.036458333333333336,0.019898144114348624,0.020885778384076223,0.62371426820755
6,86,adaptive_crosssdc_cmr,hinge,1.0,0.1,0.26302949256367153,0.11399955302476883,2.4818170335557728,0.011399955302476884,0.0013194321137335566,0.00013194321137335567,0.0390625,0.0390625,0.01789287229379018,0.021331158156196278,0.621999979019165
6,87,adaptive_crosssdc_cmr,hinge,1.0,0.1,0.26250607437557644,0.11523451324966219,2.472849686940511,0.01152345132496622,0.000989518070127815,9.89518070127815e-05,0.027777777777777776,0.029513888888888888,0.016839197733336024,0.0180630414850182,0.6225714087486267
6,88,adaptive_crosssdc_cmr,hinge,1.0,0.1,0.2624396350648668,0.11655278007189433,2.511577844619751,0.011655278007189435,0.0009150099196833455,9.150099196833456e-05,0.024305555555555556,0.044270833333333336,0.016826590316163167,0.022062463271949027,0.62371426820755
6,89,adaptive_crosssdc_cmr,hinge,1.0,0.1,0.2532313217719396,0.10887489053938124,2.5265665584140353,0.010887489053938125,0.0010910716438148585,0.00010910716438148585,0.036458333333333336,0.03819444444444445,0.017130131522814434,0.019465580582618713,0.6248571276664734
6,90,adaptive_crosssdc_cmr,hinge,1.0,0.1,0.2537912329037984,0.1109626450472408,2.5748233000437417,0.01109626450472408,0.0008542367334788045,8.542367334788045e-05,0.026041666666666668,0.033854166666666664,0.016333863760034244,0.019474622690015368,0.6228571534156799
6,91,adaptive_crosssdc_cmr,hinge,1.0,0.1,0.24759679701593187,0.1038710582587454,2.503284798728095,0.010387105825874541,0.0005610527142481361,5.610527142481362e-05,0.0234375,0.027777777777777776,0.01664675585925579,0.018723025711046323,0.6208571195602417
6,92,adaptive_crosssdc_cmr,hinge,1.0,0.1,0.24812194208304086,0.10576570447948244,2.500254445605808,0.010576570447948245,0.0006850162592147373,6.850162592147374e-05,0.027777777777777776,0.033854166666666664,0.01632540900674131,0.021098849674065907,0.6240000128746033
6,93,adaptive_crosssdc_cmr,hinge,1.0,0.1,0.24905188216103447,0.11505634668800566,2.533986118104723,0.011505634668800566,0.0006293704003231445,6.293704003231446e-05,0.021701388888888888,0.030381944444444444,0.01639517645041148,0.01985662306348483,0.6251428723335266
6,94,adaptive_crosssdc_cmr,hinge,1.0,0.1,0.25259507033560014,0.1108494144346979,2.530708498424954,0.01108494144346979,0.000995845608283869,9.95845608283869e-05,0.03732638888888889,0.033854166666666664,0.017820660438802507,0.021670361152953573,0.6211428642272949
6,95,adaptive_crosssdc_cmr,hinge,1.0,0.1,0.253173612886005,0.11209930727879207,2.501017782423231,0.011209930727879208,0.0010080230875044232,0.00010080230875044233,0.030381944444444444,0.03298611111111111,0.017482839110824797,0.021196998241874907,0.6208571195602417
6,96,adaptive_crosssdc_cmr,hinge,1.0,0.1,0.2506256053845088,0.10418650756279628,2.556356350580851,0.010418650756279629,0.0007740139133400387,7.740139133400388e-05,0.0234375,0.027777777777777776,0.014738165256049898,0.020035324204299185,0.62028568983078
6,97,adaptive_crosssdc_cmr,hinge,1.0,0.1,0.2519894258843528,0.11341600533988741,2.498555898666382,0.011341600533988742,0.0007814427663106471,7.814427663106472e-05,0.033854166666666664,0.04079861111111111,0.018005614686343405,0.020762732459439173,0.6245714426040649
6,98,adaptive_crosssdc_cmr,hinge,1.0,0.1,0.24633933934900495,0.10798612319760853,2.4963621033562555,0.010798612319760854,0.0009122412690582374,9.122412690582375e-05,0.03298611111111111,0.035590277777777776,0.017732798018389277,0.02073393679327435,0.6225714087486267
6,99,adaptive_crosssdc_cmr,hinge,1.0,0.1,0.2474950866566764,0.10680075072579914,2.4330435593922934,0.010680075072579915,0.0008622501950917973,8.622501950917974e-05,0.028645833333333332,0.027777777777777776,0.01693923047019376,0.019356130932768185,0.6222857236862183
6,100,adaptive_crosssdc_cmr,hinge,1.0,0.1,0.24488099416097006,0.109222997393873,2.4148435592651367,0.010922299739387301,0.0009039812818324814,9.039812818324814e-05,0.03732638888888889,0.04079861111111111,0.018323046051793627,0.020813660696148872,0.6211428642272949
6,101,adaptive_crosssdc_cmr,hinge,1.0,0.1,0.24389254219002193,0.11241523755921258,2.458437336815728,0.01124152375592126,0.0008021810337797635,8.021810337797636e-05,0.030381944444444444,0.044270833333333336,0.01701912780602773,0.02081958804693487,0.6200000047683716
6,102,adaptive_crosssdc_cmr,hinge,1.0,0.1,0.24564292199081844,0.1055712037616306,2.5316919485727944,0.01055712037616306,0.0008882300373645396,8.882300373645396e-05,0.0234375,0.03211805555555555,0.015998411716686353,0.01876767517791854,0.6234285831451416
6,103,adaptive_crosssdc_cmr,hinge,1.0,0.1,0.2432300630542967,0.10793423983785841,2.5089138878716364,0.010793423983785841,0.0008835276724615445,8.835276724615445e-05,0.035590277777777776,0.033854166666666664,0.017360542590419453,0.02010550184382333,0.6240000128746033
6,104,adaptive_crosssdc_cmr,hinge,1.0,0.1,0.24832901689741346,0.10449250373575422,2.6264146169026694,0.010449250373575423,0.0009575536759156319,9.57553675915632e-05,0.030381944444444444,0.035590277777777776,0.016771636489364836,0.02085734365714921,0.6234285831451416
6,105,adaptive_crosssdc_cmr,hinge,1.0,0.1,0.2524995158116023,0.10494253287712733,2.545541869269477,0.010494253287712734,0.0007880896737333387,7.880896737333387e-05,0.04774305555555555,0.029513888888888888,0.017879511540134747,0.01826242357492447,0.621999979019165
6,106,adaptive_crosssdc_cmr,hinge,1.0,0.1,0.2583458042807049,0.10774615489774281,2.506102138095432,0.010774615489774281,0.000659756142542594,6.59756142542594e-05,0.03819444444444445,0.024305555555555556,0.016978379132019147,0.018259428441524506,0.6231428384780884
6,107,adaptive_crosssdc_cmr,hinge,1.0,0.1,0.26349438230196637,0.10695892655187184,2.4630430274539523,0.010695892655187184,0.0014038070092081195,0.00014038070092081196,0.04513888888888889,0.035590277777777776,0.01845728750858042,0.019261217986543972,0.6257143020629883
6,108,adaptive_crosssdc_cmr,hinge,1.0,0.1,0.2753900984923045,0.1154609504673216,2.540308952331543,0.01154609504673216,0.001999351461159272,0.00019993514611592724,0.06510416666666667,0.044270833333333336,0.020292774049772158,0.019562877921594515,0.6188571453094482
6,109,adaptive_crosssdc_cmr,hinge,1.0,0.1,0.27457456125153434,0.11745102455218633,2.4198190371195474,0.011745102455218634,0.0020730961631569597,0.000207309616315696,0.06770833333333333,0.052083333333333336,0.020908503689699702,0.01988454514907466,0.6257143020629883
6,110,adaptive_crosssdc_cmr,hinge,1.0,0.1,0.27207592791981167,0.105068891412682,2.4647547403971353,0.0105068891412682,0.0016894310699879294,0.00016894310699879295,0.06336805555555555,0.04600694444444445,0.02037524224983321,0.018242286725176707,0.621999979019165
6,111,adaptive_crosssdc_cmr,hinge,1.0,0.1,0.26007512708504993,0.10907929059531954,2.539725250667996,0.010907929059531954,0.0012372402901140351,0.00012372402901140352,0.05381944444444445,0.035590277777777776,0.01889593464632829,0.016682805079552863,0.6285714507102966
6,112,adaptive_crosssdc_cmr,hinge,1.0,0.1,0.2589479883511861,0.11751384536425273,2.476409806145562,0.011751384536425274,0.0012202729251132244,0.00012202729251132244,0.04079861111111111,0.04600694444444445,0.01650377983848254,0.020138548480139837,0.6217142939567566
6,113,adaptive_crosssdc_cmr,hinge,1.0,0.1,0.2616380982928806,0.1173721883032057,2.4813088046179876,0.01173721883032057,0.0010706037962033104,0.00010706037962033104,0.042534722222222224,0.033854166666666664,0.01795983500778675,0.01741748758488231,0.6265714168548584
6,114,adaptive_crosssdc_cmr,hinge,1.0,0.1,0.2537717322508494,0.10770868758360545,2.470396942562527,0.010770868758360546,0.0010750070343621904,0.00010750070343621905,0.03211805555555555,0.042534722222222224,0.01425064168870449,0.018409815927346546,0.62371426820755
6,115,adaptive_crosssdc_cmr,hinge,1.0,0.1,0.2454927000734541,0.10333569016721514,2.4906385209825306,0.010333569016721514,0.0008410396435970648,8.410396435970649e-05,0.035590277777777776,0.033854166666666664,0.016130767969621554,0.019002849857012432,0.6205714344978333
6,116,adaptive_crosssdc_cmr,hinge,1.0,0.1,0.24234096705913544,0.1028892927699619,2.508683098687066,0.01028892927699619,0.0007498812984623429,7.49881298462343e-05,0.029513888888888888,0.027777777777777776,0.014599820185038779,0.017033761988083523,0.6248571276664734
6,117,adaptive_crosssdc_cmr,hinge,1.0,0.1,0.24267040689786276,0.10507169034745958,2.579561365975274,0.01050716903474596,0.0007151200326107857,7.151200326107857e-05,0.0234375,0.029513888888888888,0.013544552649060885,0.0177436297138532,0.6274285912513733
6,118,adaptive_crosssdc_cmr,hinge,1.0,0.1,0.24692387878894806,0.11586935487058428,2.5184381537967258,0.011586935487058428,0.000532614759221259,5.3261475922125904e-05,0.021701388888888888,0.033854166666666664,0.014799691529737579,0.0190344268663062,0.6248571276664734
6,119,adaptive_crosssdc_cmr,hinge,1.0,0.1,0.29409192502498627,0.10850346502330568,2.5236211087968616,0.01085034650233057,0.0024351409325997033,0.00024351409325997034,0.0763888888888889,0.03993055555555555,0.02334255228439967,0.018276757043268945,0.6217142939567566
6,120,adaptive_crosssdc_cmr,hinge,1.0,0.1,0.3117036786344316,0.11080622010760838,2.498748196495904,0.011080622010760838,0.0044689141731295325,0.0004468914173129533,0.10416666666666667,0.07725694444444445,0.026237498968839645,0.02339277644124296,0.62028568983078
6,121,adaptive_crosssdc_cmr,hinge,1.0,0.1,0.28593284222814774,0.11027205321523878,2.48120207256741,0.011027205321523879,0.0024230298068788317,0.00024230298068788318,0.07291666666666667,0.052083333333333336,0.02088622624675433,0.018990008781353634,0.6217142939567566
6,122,adaptive_crosssdc_cmr,hinge,1.0,0.1,0.2757120993402269,0.11172089311811659,2.5096444288889566,0.01117208931181166,0.0016317354101273748,0.0001631735410127375,0.05555555555555555,0.04513888888888889,0.016196996594468754,0.01674341389702426,0.6240000128746033
6,123,adaptive_crosssdc_cmr,hinge,1.0,0.1,0.2769710620244344,0.11295820110374027,2.5210215515560574,0.011295820110374027,0.0016182028921321034,0.00016182028921321037,0.059895833333333336,0.04774305555555555,0.018051168984837003,0.01740351195136706,0.6240000128746033
6,124,adaptive_crosssdc_cmr,hinge,1.0,0.1,0.2737998929288652,0.1039762438999282,2.486225446065267,0.01039762438999282,0.001701251267352038,0.00017012512673520382,0.044270833333333336,0.050347222222222224,0.01591466636293464,0.018670424818992615,0.6240000128746033
6,125,adaptive_crosssdc_cmr,hinge,1.0,0.1,0.265278375811047,0.1060866266489029,2.5507423082987466,0.01060866266489029,0.0013841104163374337,0.00013841104163374337,0.049479166666666664,0.028645833333333332,0.017042648047208786,0.01563631494839986,0.6217142939567566
6,126,adaptive_crosssdc_cmr,hinge,1.0,0.1,0.26077111893230015,0.11135047011905247,2.5483684274885388,0.011135047011905248,0.001035324970467223,0.00010353249704672231,0.030381944444444444,0.042534722222222224,0.013653915582431687,0.017019736890991528,0.6274285912513733
6,127,adaptive_crosssdc_cmr,hinge,1.0,0.1,0.25591664347383714,0.10690668390856849,2.496793190638224,0.010690668390856849,0.0010599645190975731,0.00010599645190975732,0.029513888888888888,0.04079861111111111,0.013796453674634298,0.01731879036459658,0.6245714426040649
6,128,adaptive_crosssdc_cmr,hinge,1.0,0.1,0.2523968501223458,0.11048058420419693,2.548534393310547,0.011048058420419693,0.0008485122460923675,8.485122460923675e-05,0.034722222222222224,0.027777777777777776,0.014859385167558989,0.01436366368499067,0.6274285912513733
6,129,adaptive_crosssdc_cmr,hinge,1.0,0.1,0.2473782565858629,0.10737101982037227,2.521033631430732,0.010737101982037228,0.000687291260368915,6.872912603689151e-05,0.026041666666666668,0.03211805555555555,0.013637562178903155,0.0159772423406442,0.6234285831451416
6,130,adaptive_crosssdc_cmr,hinge,1.0,0.1,0.24257690045568678,0.10541997104883194,2.517881896760729,0.010541997104883195,0.000752255656859941,7.52255656859941e-05,0.026041666666666668,0.03211805555555555,0.01316790882911947,0.015853634518053796,0.6265714168548584
6,131,adaptive_crosssdc_cmr,hinge,1.0,0.1,0.24076048698690203,0.1039622500538826,2.544644938574897,0.010396225005388261,0.0006618208337588132,6.618208337588132e-05,0.03298611111111111,0.0234375,0.014089174154731963,0.013463405064410634,0.6271428465843201
6,132,adaptive_crosssdc_cmr,hinge,1.0,0.1,0.24641484353277418,0.11246920625368755,2.4835083749559193,0.011246920625368756,0.0006465102196671069,6.465102196671069e-05,0.020833333333333332,0.035590277777777776,0.01330435255335437,0.017842876828379102,0.6277142763137817
6,133,adaptive_crosssdc_cmr,hinge,1.0,0.1,0.24282274478011662,0.10288671404123306,2.5310175948672824,0.010288671404123307,0.0005147636236668202,5.147636236668202e-05,0.015625,0.03125,0.01170811139874988,0.01678440264529652,0.6251428723335266
6,134,adaptive_crosssdc_cmr,hinge,1.0,0.1,0.24058669639958274,0.10641997390323216,2.4444032775031195,0.010641997390323217,0.0004162679878289863,4.1626798782898635e-05,0.021701388888888888,0.0234375,0.012941440981295373,0.015092258859011862,0.6299999952316284
6,135,adaptive_crosssdc_cmr,hinge,1.0,0.1,0.23818167216247982,0.10308312210771772,2.4845091501871743,0.010308312210771773,0.0005551419130319522,5.5514191303195227e-05,0.020833333333333332,0.030381944444444444,0.012325419940882258,0.017050028468171757,0.6231428384780884
6,136,adaptive_crosssdc_cmr,hinge,1.0,0.1,0.2376202659474479,0.10909258739815818,2.479028171963162,0.010909258739815818,0.0005385823703060547,5.3858237030605476e-05,0.020833333333333332,0.028645833333333332,0.013194362529449992,0.015603695064783096,0.6288571357727051
6,137,adaptive_crosssdc_cmr,hinge,1.0,0.1,0.23913827704058754,0.10448152903053495,2.487380027770996,0.010448152903053495,0.0006374781886633071,6.374781886633071e-05,0.027777777777777776,0.026041666666666668,0.012535575777292252,0.016685214100612536,0.6240000128746033
6,138,adaptive_crosssdc_cmr,hinge,1.0,0.1,0.2444450424777137,0.10454112042983373,2.4725742604997425,0.010454112042983374,0.0010174772711858775,0.00010174772711858775,0.036458333333333336,0.03125,0.016615570212403934,0.016771122192343075,0.6299999952316284
6,139,adaptive_crosssdc_cmr,hinge,1.0,0.1,0.24606767462359536,0.10378098239501317,2.442807753880819,0.010378098239501317,0.0008364569237326375,8.364569237326376e-05,0.030381944444444444,0.036458333333333336,0.013817536541157298,0.01710695918235514,0.6234285831451416
6,140,adaptive_crosssdc_cmr,hinge,1.0,0.1,0.24954326285256279,0.10459137542380227,2.4811509715186224,0.010459137542380228,0.0007061984215397388,7.061984215397389e-05,0.036458333333333336,0.026909722222222224,0.015286276530888345,0.01689300189415614,0.6288571357727051
6,141,adaptive_crosssdc_cmr,hinge,1.0,0.1,0.2474255363146464,0.10241813212633133,2.446229934692383,0.010241813212633134,0.0010727107227366003,0.00010727107227366004,0.035590277777777776,0.041666666666666664,0.014031404215428565,0.018883824141489133,0.6228571534156799
6,142,adaptive_crosssdc_cmr,hinge,1.0,0.1,0.2662971284654405,0.10085297293133205,2.5633679231007895,0.010085297293133205,0.0017531395165456666,0.00017531395165456667,0.05295138888888889,0.03993055555555555,0.018086691283517413,0.017680231481790543,0.6285714507102966
6,143,adaptive_crosssdc_cmr,hinge,1.0,0.1,0.2870942023065355,0.10329385019010967,2.4705356227027044,0.010329385019010968,0.0026287424714407986,0.00026287424714407985,0.07378472222222222,0.03298611111111111,0.022186388365096517,0.014773211545414396,0.6242856979370117
6,144,adaptive_crosssdc_cmr,hinge,1.0,0.1,0.2700775729285346,0.10886408305830425,2.513492716683282,0.010886408305830425,0.002252202455161346,0.00022522024551613462,0.058159722222222224,0.059895833333333336,0.01753744048376878,0.019479988970690303,0.6240000128746033
6,145,adaptive_crosssdc_cmr,hinge,1.0,0.1,0.2616725199752384,0.09821671413050757,2.5315698517693415,0.009821671413050757,0.0014346514880243274,0.00014346514880243276,0.03732638888888889,0.035590277777777776,0.01445307003127204,0.01707403651542134,0.6302857398986816
6,146,adaptive_crosssdc_cmr,hinge,1.0,0.1,0.2527172118425369,0.10568345420890385,2.484845373365614,0.010568345420890385,0.0010695221620456625,0.00010695221620456626,0.04079861111111111,0.03732638888888889,0.014947446063160896,0.016158744278881285,0.6274285912513733
6,147,adaptive_crosssdc_cmr,hinge,1.0,0.1,0.2475965917110443,0.10538774149285422,2.517932971318563,0.010538774149285423,0.0006056043938668962,6.056043938668962e-05,0.021701388888888888,0.026909722222222224,0.011724812082118459,0.0158670408030351,0.6277142763137817
6,148,adaptive_crosssdc_cmr,hinge,1.0,0.1,0.2525161173608568,0.10714057667387857,2.5001130633884006,0.010714057667387858,0.0006761222563606376,6.761222563606376e-05,0.03211805555555555,0.024305555555555556,0.013061865750286315,0.015737081774406962,0.6248571276664734
6,149,adaptive_crosssdc_cmr,hinge,1.0,0.1,0.2526883665058348,0.10269232177072102,2.510518127017551,0.010269232177072103,0.0006519020955440485,6.519020955440485e-05,0.0234375,0.034722222222222224,0.012524148242341148,0.01704247875346078,0.6277142763137817
6,150,adaptive_crosssdc_cmr,hinge,1.0,0.1,0.24739878045188057,0.10978091756502788,2.5165239175160727,0.010978091756502788,0.000749691108164067,7.49691108164067e-05,0.03211805555555555,0.03298611111111111,0.012113465617100397,0.015909983673029475,0.6274285912513733
6,151,adaptive_crosssdc_cmr,hinge,1.0,0.1,0.25346289409531486,0.10431210613913006,2.5484022299448648,0.010431210613913007,0.0008100073933342679,8.10007393334268e-05,0.03211805555555555,0.04079861111111111,0.013957726458708445,0.017010208840171497,0.6268571615219116
6,152,adaptive_crosssdc_cmr,hinge,1.0,0.1,0.24491399692164528,0.1072886668973499,2.4525158405303955,0.01072886668973499,0.0005927002122108308,5.927002122108308e-05,0.0234375,0.035590277777777776,0.012483253247208066,0.015903442063265376,0.6299999952316284
6,153,adaptive_crosssdc_cmr,hinge,1.0,0.1,0.2444155282444424,0.10258103824324077,2.504826068878174,0.010258103824324079,0.0007974530874182367,7.974530874182367e-05,0.027777777777777776,0.024305555555555556,0.012790424956215752,0.015182976921399435,0.6259999871253967
6,154,adaptive_crosssdc_cmr,hinge,1.0,0.1,0.2529269605875015,0.10425904724333021,2.4623022344377308,0.010425904724333022,0.0014015297573577198,0.000140152975735772,0.04079861111111111,0.04513888888888889,0.013984028663900163,0.01869744931658109,0.6257143020629883
6,155,adaptive_crosssdc_cmr,hinge,1.0,0.1,0.24699405166837904,0.09906841731733745,2.4403254985809326,0.009906841731733746,0.0007330259379361653,7.330259379361653e-05,0.028645833333333332,0.026909722222222224,0.012163399201300409,0.015080020866460271,0.6271428465843201
6,156,adaptive_crosssdc_cmr,hinge,1.0,0.1,0.24075028796990713,0.1071203135781818,2.487157450781928,0.010712031357818182,0.0005462465762522899,5.4624657625228996e-05,0.020833333333333332,0.03211805555555555,0.012812306276626058,0.015212692320346832,0.6274285912513733
6,157,adaptive_crosssdc_cmr,hinge,1.0,0.1,0.23808658288584816,0.10891339513990614,2.491849766837226,0.010891339513990614,0.0006076703058271152,6.076703058271152e-05,0.022569444444444444,0.030381944444444444,0.011154126168953048,0.015577096492052078,0.6277142763137817
6,158,adaptive_crosssdc_cmr,hinge,1.0,0.1,0.23523330688476562,0.10958838959534963,2.4726792176564536,0.010958838959534964,0.00032310900375402224,3.2310900375402227e-05,0.019097222222222224,0.0234375,0.010912769370608859,0.0158463300516208,0.6254285573959351
6,159,adaptive_crosssdc_cmr,hinge,1.0,0.1,0.23905657397376168,0.09947886731889513,2.444534831576877,0.009947886731889514,0.0005632891827392288,5.6328918273922884e-05,0.021701388888888888,0.028645833333333332,0.012381501702798737,0.01529649727874332,0.6251428723335266
6,160,adaptive_crosssdc_cmr,hinge,1.0,0.1,0.23687034017509884,0.10245061003499562,2.529267523023817,0.010245061003499562,0.0004699631341888259,4.699631341888259e-05,0.016493055555555556,0.027777777777777776,0.01127882053454717,0.01604321723182996,0.628000020980835
6,161,adaptive_crosssdc_cmr,hinge,1.0,0.1,0.23873737619982827,0.10303196642133924,2.5319435596466064,0.010303196642133925,0.0005003095300505973,5.003095300505973e-05,0.016493055555555556,0.027777777777777776,0.010499134245846007,0.015636933346589405,0.6265714168548584
6,162,adaptive_crosssdc_cmr,hinge,1.0,0.1,0.2377613517973158,0.09658296240700616,2.54874316851298,0.009658296240700616,0.0004781710498112564,4.7817104981125646e-05,0.021701388888888888,0.028645833333333332,0.012096612196829584,0.01533757232957416,0.6254285573959351
6,163,adaptive_crosssdc_cmr,hinge,1.0,0.1,0.23674942718611824,0.10067295283079147,2.4742569393581815,0.010067295283079147,0.0005276490151623471,5.2764901516234716e-05,0.021701388888888888,0.027777777777777776,0.010827946166197458,0.015376710643370947,0.6302857398986816
6,164,adaptive_crosssdc_cmr,hinge,1.0,0.1,0.23339146375656128,0.09858983423974779,2.457980818218655,0.00985898342397478,0.00041761587069938995,4.1761587069939e-05,0.017361111111111112,0.033854166666666664,0.011307729822066095,0.016009563994076517,0.6268571615219116
6,165,adaptive_crosssdc_cmr,hinge,1.0,0.1,0.23376613358656564,0.10376889755328496,2.492467509375678,0.010376889755328496,0.00044654581102400296,4.46545811024003e-05,0.026909722222222224,0.019097222222222224,0.01142808525926537,0.013754234545760684,0.6288571357727051
6,166,adaptive_crosssdc_cmr,hinge,1.0,0.1,0.23035093314117855,0.10420420269171397,2.506961186726888,0.010420420269171398,0.00028185517597497284,2.8185517597497285e-05,0.013888888888888888,0.018229166666666668,0.010391811943716474,0.015820677909586165,0.62971431016922
6,167,adaptive_crosssdc_cmr,hinge,1.0,0.1,0.24246162507269117,0.09224133276277119,2.4860458374023438,0.00922413327627712,0.00044833761704568233,4.483376170456824e-05,0.024305555555555556,0.017361111111111112,0.012853592013319334,0.014661251670784421,0.6257143020629883
6,168,adaptive_crosssdc_cmr,hinge,1.0,0.1,0.24308129317230648,0.09882860465182199,2.5456833839416504,0.009882860465182199,0.0008294572600991362,8.294572600991362e-05,0.026041666666666668,0.03819444444444445,0.012786521058943536,0.01820848902894391,0.6277142763137817
6,169,adaptive_crosssdc_cmr,hinge,1.0,0.1,0.2307818763785892,0.10140798654821184,2.5296334160698786,0.010140798654821185,0.0008653037851521125,8.653037851521125e-05,0.028645833333333332,0.027777777777777776,0.012257466920548014,0.016940170899033546,0.6234285831451416
6,170,adaptive_crosssdc_cmr,hinge,1.0,0.1,0.2296070158481598,0.09669985125462215,2.516025490230984,0.009669985125462216,0.00040711170812654827,4.071117081265483e-05,0.016493055555555556,0.017361111111111112,0.010244890219635434,0.014480187247196833,0.6285714507102966
6,171,adaptive_crosssdc_cmr,hinge,1.0,0.1,0.23052934639983708,0.10316866387923558,2.592917309867011,0.010316866387923559,0.00031326947080540575,3.132694708054058e-05,0.013020833333333334,0.021701388888888888,0.011619066612588035,0.014529779553413391,0.6322857141494751
6,172,adaptive_crosssdc_cmr,hinge,1.0,0.1,0.23008322053485447,0.10115687549114227,2.473935180240207,0.010115687549114228,0.00039942423690162186,3.994242369016219e-05,0.019097222222222224,0.03211805555555555,0.013554641356070837,0.016378950534595385,0.6285714507102966
6,173,adaptive_crosssdc_cmr,hinge,1.0,0.1,0.23975717690255907,0.09820199426677492,2.4953912099202475,0.009820199426677494,0.000761437081059234,7.61437081059234e-05,0.026041666666666668,0.03211805555555555,0.012814328074455261,0.01578611901236905,0.6274285912513733
6,174,adaptive_crosssdc_cmr,hinge,1.0,0.1,0.24189554154872894,0.11162418540981081,2.530140585369534,0.011162418540981081,0.0006186533880989171,6.186533880989171e-05,0.026909722222222224,0.027777777777777776,0.012825689795944426,0.014660476810402341,0.6294285655021667
6,175,adaptive_crosssdc_cmr,hinge,1.0,0.1,0.23554051419099173,0.10232211732202107,2.46836166911655,0.010232211732202108,0.0009759443685955679,9.759443685955679e-05,0.027777777777777776,0.028645833333333332,0.013333506882190704,0.01641930329302947,0.6282857060432434
6,176,adaptive_crosssdc_cmr,hinge,1.0,0.1,0.23322617014249167,0.09860303666856554,2.579524517059326,0.009860303666856555,0.0006414693505373887,6.414693505373887e-05,0.020833333333333332,0.029513888888888888,0.011709237885144021,0.01629179674718115,0.6248571276664734
6,177,adaptive_crosssdc_cmr,hinge,1.0,0.1,0.25779905915260315,0.10032749755514993,2.48059434360928,0.010032749755514993,0.002404910961761036,0.0002404910961761036,0.06163194444444445,0.030381944444444444,0.019919273133079212,0.016082921996712685,0.6265714168548584
6,178,adaptive_crosssdc_cmr,hinge,1.0,0.1,0.24970520039399466,0.10362010283602609,2.5161309242248535,0.01036201028360261,0.0011684755324192035,0.00011684755324192036,0.046875,0.027777777777777776,0.01545224255985684,0.013494007703330781,0.6274285912513733
6,179,adaptive_crosssdc_cmr,hinge,1.0,0.1,0.24186996784475115,0.10275548199812572,2.6020518673790827,0.010275548199812572,0.0007425604789103898,7.425604789103898e-05,0.024305555555555556,0.044270833333333336,0.012433114565081067,0.015403983079724841,0.6282857060432434
6,180,adaptive_crosssdc_cmr,hinge,1.0,0.1,0.23371640510029262,0.1005231390396754,2.5027527279324002,0.01005231390396754,0.0005859101543642788,5.859101543642788e-05,0.019965277777777776,0.025173611111111112,0.012282606007324325,0.013933652804957496,0.6274285912513733
6,181,adaptive_crosssdc_cmr,hinge,1.0,0.1,0.23291760020785862,0.10270788768927257,2.4709255430433483,0.010270788768927258,0.000498473780983962,4.9847378098396205e-05,0.025173611111111112,0.018229166666666668,0.011733683654003672,0.013832003085149659,0.6271428465843201
6,182,adaptive_crosssdc_cmr,hinge,1.0,0.1,0.22485863665739694,0.09850768827729756,2.55195418993632,0.009850768827729756,0.0003149921265301398,3.1499212653013984e-05,0.011284722222222222,0.015625,0.010377546772360802,0.013600332041581472,0.6265714168548584
6,183,adaptive_crosssdc_cmr,hinge,1.0,0.1,0.22541149954001108,0.104830049806171,2.4299321704440646,0.0104830049806171,0.0005148808053895158,5.1488080538951585e-05,0.0234375,0.029513888888888888,0.010770861680308977,0.016017970939477284,0.6282857060432434
6,184,adaptive_crosssdc_cmr,hinge,1.0,0.1,0.22487778630521563,0.10198965171972911,2.4926258193122015,0.010198965171972912,0.0005859952022243912,5.859952022243912e-05,0.013020833333333334,0.03298611111111111,0.010515587197409736,0.01643464445239968,0.6282857060432434
6,185,adaptive_crosssdc_cmr,hinge,1.0,0.1,0.224040311243799,0.09881615059243308,2.4597810904184976,0.009881615059243308,0.00036506575512855005,3.650657551285501e-05,0.013888888888888888,0.027777777777777776,0.010675057354900572,0.013982153808077177,0.6308571696281433
6,186,adaptive_crosssdc_cmr,hinge,1.0,0.1,0.22451121773984697,0.10391093790531158,2.520266744825575,0.010391093790531158,0.0002878424245156768,2.878424245156768e-05,0.013888888888888888,0.019965277777777776,0.010624243774347834,0.014225278256667985,0.6285714507102966
6,187,adaptive_crosssdc_cmr,hinge,1.0,0.1,0.2224107931057612,0.10048753519852956,2.476658476723565,0.010048753519852956,0.00034418170333891694,3.4418170333891694e-05,0.016493055555555556,0.021701388888888888,0.011781664772166146,0.013975876280003123,0.6317142844200134
6,188,adaptive_crosssdc_cmr,hinge,1.0,0.1,0.22351138128174675,0.09832618551121818,2.53436181280348,0.009832618551121818,0.00045977497939020395,4.59774979390204e-05,0.018229166666666668,0.024305555555555556,0.011606590201457342,0.013986098476582103,0.628000020980835
6,189,adaptive_crosssdc_cmr,hinge,1.0,0.1,0.2171410603655709,0.09083968980444802,2.501078976525201,0.009083968980444803,0.0002897473087715399,2.897473087715399e-05,0.008680555555555556,0.024305555555555556,0.009778850401441256,0.014585986526476013,0.62971431016922
6,190,adaptive_crosssdc_cmr,hinge,1.0,0.1,0.22441130214267307,0.10304346515072717,2.4727692074245877,0.010304346515072718,0.00033270180897994176,3.327018089799418e-05,0.017361111111111112,0.022569444444444444,0.011166910951336225,0.015733867055839963,0.6285714507102966
6,191,adaptive_crosssdc_cmr,hinge,1.0,0.1,0.2285601579480701,0.10254294756386015,2.504918548795912,0.010254294756386015,0.0004072514659330611,4.072514659330611e-05,0.026041666666666668,0.019097222222222224,0.012429210874769423,0.014959961589839723,0.6285714507102966
6,192,adaptive_crosssdc_cmr,hinge,1.0,0.1,0.22921721306112078,0.10271039025651084,2.5420269436306424,0.010271039025651085,0.0005609973223828194,5.609973223828194e-05,0.015625,0.029513888888888888,0.011965206099881066,0.016891023971968226,0.6265714168548584
6,193,adaptive_crosssdc_cmr,hinge,1.0,0.1,0.23044859535164303,0.09891136238972346,2.589960230721368,0.009891136238972347,0.0005503407899393804,5.503407899393804e-05,0.016493055555555556,0.03125,0.011910394661956362,0.01641172067158752,0.6305714249610901
6,194,adaptive_crosssdc_cmr,hinge,1.0,0.1,0.2302278478940328,0.10300008704264958,2.4806218412187366,0.010300008704264958,0.0005419478693511337,5.4194786935113376e-05,0.024305555555555556,0.0234375,0.013992989642752541,0.01490133110847738,0.628000020980835
6,195,adaptive_crosssdc_cmr,hinge,1.0,0.1,0.22781749235259163,0.09854177716705534,2.579246891869439,0.009854177716705534,0.00041351474121458724,4.1351474121458725e-05,0.014756944444444444,0.03125,0.010592363360855315,0.016152629007895786,0.6302857398986816
6,196,adaptive_crosssdc_cmr,hinge,1.0,0.1,0.23105025125874412,0.10327004227373335,2.5440490510728626,0.010327004227373336,0.00047474077210709866,4.747407721070987e-05,0.018229166666666668,0.030381944444444444,0.011436814235316383,0.015411238496502241,0.6294285655021667
6,197,adaptive_crosssdc_cmr,hinge,1.0,0.1,0.24089457425806257,0.11184170924954945,2.554507361518012,0.011184170924954946,0.0007293468192478435,7.293468192478434e-05,0.03211805555555555,0.026909722222222224,0.01365371338195271,0.01444436154431767,0.6268571615219116
6,198,adaptive_crosssdc_cmr,hinge,1.0,0.1,0.23720983498626286,0.10154965023199718,2.4110981358422174,0.010154965023199718,0.0010064031133272995,0.00010064031133272995,0.03125,0.0390625,0.01310517183608479,0.01623666679693593,0.6271428465843201
6,199,adaptive_crosssdc_cmr,hinge,1.0,0.1,0.2331870910194185,0.0998268715209431,2.5541104210747614,0.009982687152094312,0.0009162211499642581,9.162211499642582e-05,0.033854166666666664,0.035590277777777776,0.013861317394508256,0.01514616132610374,0.6265714168548584
7,0,adaptive_crosssdc_cmr,hinge,1.0,0.1,2.5984846221076117,0.27419688800970715,2.2011128531561956,0.027419688800970718,0.29990144239531624,0.029990144239531627,0.8046875,0.5416666666666666,0.5288449194696214,0.20207729273372227,0.5362499952316284
7,1,adaptive_crosssdc_cmr,hinge,1.0,0.1,1.6905898253122966,0.24145570562945473,2.0189070966508655,0.024145570562945473,0.22628153529432085,0.022628153529432087,0.9088541666666666,0.3107638888888889,0.4952012565400865,0.08555248959196939,0.5494999885559082
7,2,adaptive_crosssdc_cmr,hinge,1.0,0.1,1.3315204514397516,0.18029091755549112,2.2480066882239447,0.018029091755549113,0.11264497372839186,0.011264497372839187,0.7482638888888888,0.3446180555555556,0.2651210394170549,0.0861223546995057,0.5512499809265137
7,3,adaptive_crosssdc_cmr,hinge,1.0,0.1,1.1340885559717815,0.158280481894811,2.2237541145748563,0.015828048189481102,0.08286714926362038,0.008286714926362038,0.671875,0.3645833333333333,0.2032936132616467,0.09091407971249686,0.5529999732971191
7,4,adaptive_crosssdc_cmr,hinge,1.0,0.1,0.9975824488533868,0.1553676426410675,2.1500465869903564,0.015536764264106752,0.06195752074321111,0.0061957520743211114,0.5677083333333334,0.3967013888888889,0.1585086534420649,0.09060471918847826,0.5559999942779541
7,5,adaptive_crosssdc_cmr,hinge,1.0,0.1,0.8978714942932129,0.15160024828381008,2.1635604169633655,0.015160024828381009,0.059026528977685504,0.005902652897768551,0.5746527777777778,0.3420138888888889,0.16145087281862894,0.08188908216026095,0.5554999709129333
7,6,adaptive_crosssdc_cmr,hinge,1.0,0.1,0.8251046207216051,0.15357337395350137,2.1686600844065347,0.015357337395350138,0.04958679361475839,0.004958679361475839,0.5303819444444444,0.3689236111111111,0.141348111960623,0.08531955050097571,0.559249997138977
7,7,adaptive_crosssdc_cmr,hinge,1.0,0.1,0.7713511453734504,0.14729835093021393,2.1513079007466636,0.014729835093021393,0.04486493766307831,0.004486493766307831,0.4644097222222222,0.3428819444444444,0.12731090850300258,0.08677675823370616,0.5562499761581421
7,8,adaptive_crosssdc_cmr,hinge,1.0,0.1,0.7171503901481628,0.15195324851406944,2.175174978044298,0.015195324851406945,0.040431143509017095,0.00404311435090171,0.4435763888888889,0.3185763888888889,0.12140087203847037,0.08216129574510786,0.5590000152587891
7,9,adaptive_crosssdc_cmr,hinge,1.0,0.1,0.680932429101732,0.13632078965504965,2.0773086812761097,0.013632078965504967,0.03967187056938807,0.0039671870569388075,0.4409722222222222,0.3446180555555556,0.11597424745559692,0.08752559373776118,0.5567499995231628
7,10,adaptive_crosssdc_cmr,hinge,1.0,0.1,0.6464900904231601,0.13837327890925938,2.2002179622650146,0.013837327890925939,0.034863877627584666,0.0034863877627584667,0.4244791666666667,0.3307291666666667,0.11029319134023455,0.08267662177483241,0.5584999918937683
7,11,adaptive_crosssdc_cmr,hinge,1.0,0.1,0.6194050576951768,0.14274860752953422,2.193304512235853,0.014274860752953422,0.03332605275015036,0.003332605275015036,0.4019097222222222,0.3298611111111111,0.10518285714917713,0.08482408854696485,0.5617499947547913
7,12,adaptive_crosssdc_cmr,hinge,1.0,0.1,0.5980409781138102,0.1415898170736101,2.155380275514391,0.014158981707361011,0.028920797631144524,0.0028920797631144524,0.3741319444444444,0.3116319444444444,0.09670771410067876,0.07875371476014455,0.559499979019165
7,13,adaptive_crosssdc_cmr,hinge,1.0,0.1,0.5658171706729465,0.13220027751392788,2.1542159716288247,0.013220027751392789,0.02485967344707913,0.002485967344707913,0.3819444444444444,0.2673611111111111,0.09436889986197154,0.07030914558304681,0.5612499713897705
7,14,adaptive_crosssdc_cmr,hinge,1.0,0.1,0.5566613541709052,0.13919836117161644,2.152090999815199,0.013919836117161645,0.025039510801434517,0.0025039510801434517,0.3472222222222222,0.2630208333333333,0.09388936062653859,0.07048464566469193,0.5600000023841858
7,15,adaptive_crosssdc_cmr,hinge,1.0,0.1,0.5357841451962789,0.14307284851868948,2.0840382840898304,0.014307284851868949,0.02322826741470231,0.002322826741470231,0.3411458333333333,0.2977430555555556,0.08878486437930001,0.07457816186878416,0.5619999766349792
7,16,adaptive_crosssdc_cmr,hinge,1.0,0.1,0.5187291204929352,0.13476824429300097,2.273004664315118,0.013476824429300097,0.01862676048444377,0.001862676048444377,0.3046875,0.2109375,0.08204622649484211,0.06359685626294878,0.562749981880188
7,17,adaptive_crosssdc_cmr,hinge,1.0,0.1,0.5031219257248772,0.13794677952925363,2.1530591911739774,0.013794677952925364,0.01787890162732866,0.0017878901627328661,0.3055555555555556,0.2230902777777778,0.08151795301172468,0.06367238776551352,0.5625
7,18,adaptive_crosssdc_cmr,hinge,1.0,0.1,0.487872130341,0.13630136185222202,2.1680963304307728,0.013630136185222203,0.016406506817373965,0.0016406506817373966,0.2977430555555556,0.2569444444444444,0.07511308126979405,0.06658490540252791,0.5617499947547913
7,19,adaptive_crosssdc_cmr,hinge,1.0,0.1,0.4807720681031545,0.1377827243672477,2.2257359822591147,0.01377827243672477,0.012062901424037086,0.0012062901424037087,0.2725694444444444,0.1762152777777778,0.0706489806373914,0.055124744358989924,0.5640000104904175
7,20,adaptive_crosssdc_cmr,hinge,1.0,0.1,0.46653807825512356,0.1290666295422448,2.1890031496683755,0.01290666295422448,0.013680390289260281,0.0013680390289260282,0.2586805555555556,0.21006944444444445,0.07000669588645299,0.06036856853299671,0.565750002861023
7,21,adaptive_crosssdc_cmr,hinge,1.0,0.1,0.45365721980730694,0.1252007492714458,2.1514333619011774,0.012520074927144582,0.013230506020287672,0.0013230506020287672,0.2569444444444444,0.2074652777777778,0.06969505755437745,0.05710988326205148,0.5669999718666077
7,22,adaptive_crosssdc_cmr,hinge,1.0,0.1,0.4533228642410702,0.1267922818660736,2.183281077278985,0.012679228186607362,0.011650222664078077,0.0011650222664078079,0.2526041666666667,0.1831597222222222,0.06721763188640277,0.05281447329454952,0.565750002861023
7,23,adaptive_crosssdc_cmr,hinge,1.0,0.1,0.44102057814598083,0.1233823729885949,2.2416222360399036,0.012338237298859491,0.009677681709743209,0.000967768170974321,0.2387152777777778,0.1814236111111111,0.0634951645301448,0.052191361784935,0.5662500262260437
7,24,adaptive_crosssdc_cmr,hinge,1.0,0.1,0.4282904068628947,0.11911009417639838,2.2417537106408014,0.01191100941763984,0.007959570787433121,0.0007959570787433121,0.2048611111111111,0.171875,0.057815973129537374,0.05081932246685028,0.5662500262260437
7,25,adaptive_crosssdc_cmr,hinge,1.0,0.1,0.42735547489590114,0.12630068924691942,2.2007242573632135,0.012630068924691942,0.008956669519344965,0.0008956669519344965,0.2065972222222222,0.15104166666666666,0.05978440120816231,0.0518114926914374,0.5677499771118164
7,26,adaptive_crosssdc_cmr,hinge,1.0,0.1,0.42356428172853255,0.12566641138659584,2.231087181303236,0.012566641138659585,0.009644558498015007,0.0009644558498015008,0.20399305555555555,0.16666666666666666,0.06136960370673074,0.04966853600409296,0.5672500133514404
7,27,adaptive_crosssdc_cmr,hinge,1.0,0.1,0.42487141489982605,0.1272885666953193,2.1300869517856174,0.01272885666953193,0.008879938732004829,0.000887993873200483,0.2074652777777778,0.1519097222222222,0.05900753289461136,0.04577280663781696,0.5652499794960022
7,28,adaptive_crosssdc_cmr,hinge,1.0,0.1,0.4243198103374905,0.12283358971277873,2.1944584581587048,0.012283358971277874,0.00879484290877978,0.000879484290877978,0.2065972222222222,0.1579861111111111,0.05648186927040418,0.04791750924454795,0.5667499899864197
7,29,adaptive_crosssdc_cmr,hinge,1.0,0.1,0.420679059293535,0.11553087830543518,2.1403681437174478,0.01155308783054352,0.009051115562518438,0.0009051115562518438,0.2048611111111111,0.1640625,0.05597106201781167,0.048760573069254555,0.5682500004768372
7,30,adaptive_crosssdc_cmr,hinge,1.0,0.1,0.41524705953068203,0.12681140336725447,2.1485480732387967,0.012681140336725447,0.0072608657905624974,0.0007260865790562498,0.1796875,0.1449652777777778,0.05276854212085406,0.04426880139443609,0.5677499771118164
7,31,adaptive_crosssdc_cmr,hinge,1.0,0.1,0.42463767528533936,0.11924790922138426,2.2118138207329645,0.011924790922138426,0.007866008465902673,0.0007866008465902673,0.18229166666666666,0.1545138888888889,0.050249250812662974,0.046928591612312526,0.5647500157356262
7,32,adaptive_crosssdc_cmr,hinge,1.0,0.1,0.4107137786017524,0.11596573392550151,2.178668075137668,0.011596573392550151,0.008020159995390309,0.000802015999539031,0.1996527777777778,0.1388888888888889,0.05340826097461912,0.04354018883572684,0.5682500004768372
7,33,adaptive_crosssdc_cmr,hinge,1.0,0.1,0.3947804669539134,0.11666937172412872,2.117236534754435,0.011666937172412873,0.005671953834179375,0.0005671953834179375,0.14756944444444445,0.1154513888888889,0.04380414014061292,0.039668550921811,0.5680000185966492
7,34,adaptive_crosssdc_cmr,hinge,1.0,0.1,0.3848693238364326,0.12101450893614027,2.190766599443224,0.012101450893614028,0.004947012652539545,0.0004947012652539545,0.1545138888888889,0.1111111111111111,0.045204157216681376,0.04361578904920154,0.5687500238418579
7,35,adaptive_crosssdc_cmr,hinge,1.0,0.1,0.37912573085890877,0.11833877199225956,2.189944373236762,0.011833877199225957,0.005361112921188275,0.0005361112921188275,0.1440972222222222,0.09375,0.04403953916496701,0.037812281399965286,0.5665000081062317
7,36,adaptive_crosssdc_cmr,hinge,1.0,0.1,0.36775606208377415,0.11572311984168158,2.215250571568807,0.011572311984168158,0.003971204575565126,0.0003971204575565126,0.10590277777777778,0.12586805555555555,0.03915622995959388,0.0423107718427976,0.5682500004768372
7,37,adaptive_crosssdc_cmr,hinge,1.0,0.1,0.36365589168336654,0.11655469901031917,2.207485066519843,0.011655469901031917,0.003973899124604132,0.0003973899124604132,0.1284722222222222,0.07118055555555555,0.04246449015206761,0.035125782506333456,0.5684999823570251
7,38,adaptive_crosssdc_cmr,hinge,1.0,0.1,0.35873861776457894,0.11371302521891063,2.2300168673197427,0.011371302521891065,0.004012364493165579,0.0004012364493165579,0.125,0.11024305555555555,0.041523111363252006,0.041214278174771204,0.5667499899864197
7,39,adaptive_crosssdc_cmr,hinge,1.0,0.1,0.3548497756322225,0.11914880739318,2.1849419011010065,0.011914880739318,0.003166056652035978,0.00031660566520359785,0.09809027777777778,0.08333333333333333,0.03795318636629316,0.037723969047268234,0.5665000081062317
7,40,adaptive_crosssdc_cmr,hinge,1.0,0.1,0.35949749416775173,0.11281588011317784,2.2336977587805853,0.011281588011317784,0.0036787009125368465,0.0003678700912536847,0.11631944444444445,0.10069444444444445,0.040094996285107404,0.039706516390045486,0.5682500004768372
7,41,adaptive_crosssdc_cmr,hinge,1.0,0.1,0.3552236623234219,0.1142328613334232,2.2106007205115423,0.011423286133342321,0.0038419859354487723,0.00038419859354487724,0.09635416666666667,0.09027777777777778,0.03754754323098394,0.03627698578768306,0.5674999952316284
7,42,adaptive_crosssdc_cmr,hinge,1.0,0.1,0.3471135199069977,0.11354225046104854,2.210724883609348,0.011354225046104855,0.002626909822639492,0.0002626909822639492,0.07899305555555555,0.10416666666666667,0.03461061128311687,0.03805192849702305,0.5662500262260437
7,43,adaptive_crosssdc_cmr,hinge,1.0,0.1,0.3403523299429152,0.11237762702835931,2.1720583703782825,0.011237762702835932,0.003082699077721271,0.0003082699077721271,0.09722222222222222,0.09375,0.03593912493023607,0.03797679477267795,0.5665000081062317
7,44,adaptive_crosssdc_cmr,hinge,1.0,0.1,0.3305676049656338,0.10785534646775988,2.213635073767768,0.010785534646775988,0.0027882741608967385,0.0002788274160896739,0.07899305555555555,0.07725694444444445,0.036197375092241496,0.03550179054339727,0.565750002861023
7,45,adaptive_crosssdc_cmr,hinge,1.0,0.1,0.3374627431233724,0.10783175047900942,2.2974711524115667,0.010783175047900943,0.0030470871780481604,0.00030470871780481607,0.09809027777777778,0.08333333333333333,0.03655912520156966,0.03654234152701166,0.5692499876022339
7,46,adaptive_crosssdc_cmr,hinge,1.0,0.1,0.334023912747701,0.10802015579409069,2.218776305516561,0.01080201557940907,0.0029687047677321565,0.00029687047677321566,0.08854166666666667,0.08940972222222222,0.03216303367581633,0.03809613982836405,0.5665000081062317
7,47,adaptive_crosssdc_cmr,hinge,1.0,0.1,0.3396966689162784,0.11324146969450845,2.1587904029422336,0.011324146969450846,0.003178413517566191,0.00031784135175661913,0.10590277777777778,0.08159722222222222,0.03634847038322025,0.03548353206780222,0.5705000162124634
7,48,adaptive_crosssdc_cmr,hinge,1.0,0.1,0.33609821730189854,0.11324475208918254,2.2874615457322864,0.011324475208918255,0.003110935678705573,0.00031109356787055735,0.09288194444444445,0.078125,0.03414246978031264,0.034015059678090945,0.5682500004768372
7,49,adaptive_crosssdc_cmr,hinge,1.0,0.1,0.3336874908871121,0.1080531237853898,2.263695001602173,0.01080531237853898,0.002784963153923551,0.0002784963153923551,0.09895833333333333,0.078125,0.035487718052334256,0.03435102063748571,0.5697500109672546
7,50,adaptive_crosssdc_cmr,hinge,1.0,0.1,0.32496368553903365,0.11009667648209466,2.2354267968071833,0.011009667648209466,0.002497273962944746,0.0002497273962944746,0.0720486111111111,0.09027777777777778,0.030158719047904015,0.03472822035352389,0.5682500004768372
7,51,adaptive_crosssdc_cmr,hinge,1.0,0.1,0.32586782839563155,0.11089632411797841,2.256513489617242,0.011089632411797841,0.0025876739786730874,0.00025876739786730873,0.08854166666666667,0.07725694444444445,0.03398475506239467,0.033842789423134595,0.5707499980926514
7,52,adaptive_crosssdc_cmr,hinge,1.0,0.1,0.32442809806929696,0.10329422768619326,2.1939238177405462,0.010329422768619326,0.0021531587440727484,0.00021531587440727485,0.07378472222222222,0.059895833333333336,0.03070168921517001,0.03088803444471624,0.5692499876022339
7,53,adaptive_crosssdc_cmr,hinge,1.0,0.1,0.318732264969084,0.10594845232036379,2.196430206298828,0.01059484523203638,0.002422878454025421,0.0002422878454025421,0.078125,0.08072916666666667,0.0314422274629275,0.035434374999668866,0.5692499876022339
7,54,adaptive_crosssdc_cmr,hinge,1.0,0.1,0.3118302954567803,0.10151996546321446,2.245526976055569,0.010151996546321446,0.001769550299892823,0.00017695502998928231,0.06163194444444445,0.0685763888888889,0.030014508507317968,0.03272963377336661,0.5692499876022339
7,55,adaptive_crosssdc_cmr,hinge,1.0,0.1,0.3112564550505744,0.10375455684132046,2.2530324459075928,0.010375455684132047,0.0015185117889713082,0.00015185117889713083,0.057291666666666664,0.06336805555555555,0.030441165177358523,0.03248860873281956,0.5684999823570251
7,56,adaptive_crosssdc_cmr,hinge,1.0,0.1,0.31042569213443333,0.11171590205695894,2.268642399046156,0.011171590205695895,0.0014705594253933264,0.00014705594253933265,0.05381944444444445,0.06684027777777778,0.02853763372533851,0.033612718598710165,0.5697500109672546
7,57,adaptive_crosssdc_cmr,hinge,1.0,0.1,0.3037953343656328,0.10641334702571233,2.343039804034763,0.010641334702571233,0.0014989949866301483,0.00014989949866301485,0.05642361111111111,0.0625,0.029680019658472803,0.031602784163422055,0.5702499747276306
7,58,adaptive_crosssdc_cmr,hinge,1.0,0.1,0.2989947895208995,0.10626339581277636,2.21606797642178,0.010626339581277636,0.0012554688793089655,0.00012554688793089657,0.049479166666666664,0.049479166666666664,0.028158775220314663,0.02943356686996089,0.5707499980926514
7,59,adaptive_crosssdc_cmr,hinge,1.0,0.1,0.2994302577442593,0.10622283402416441,2.202416737874349,0.010622283402416442,0.0011365856593733446,0.00011365856593733447,0.042534722222222224,0.0685763888888889,0.026925454950994916,0.03386055678129196,0.5712500214576721
7,60,adaptive_crosssdc_cmr,hinge,1.0,0.1,0.293852299451828,0.10096338722440931,2.2185201115078397,0.010096338722440932,0.0013333245555663274,0.00013333245555663276,0.052083333333333336,0.06163194444444445,0.02855074033141136,0.03131153144770198,0.5707499980926514
7,61,adaptive_crosssdc_cmr,hinge,1.0,0.1,0.29448461532592773,0.10162685645951165,2.210498491923014,0.010162685645951165,0.00124161332173066,0.000124161332173066,0.046875,0.05295138888888889,0.027803127757377095,0.03316240902576181,0.5722500085830688
7,62,adaptive_crosssdc_cmr,hinge,1.0,0.1,0.2944945626788669,0.10519642300075954,2.2710324658287897,0.010519642300075955,0.0009422375329045786,9.422375329045787e-05,0.04600694444444445,0.05295138888888889,0.028562564816739824,0.030718486135204632,0.5709999799728394
7,63,adaptive_crosssdc_cmr,hinge,1.0,0.1,0.29263344075944686,0.09957740290297402,2.1993493503994412,0.009957740290297404,0.0007992787060276088,7.992787060276089e-05,0.042534722222222224,0.0625,0.02613359669016467,0.03237852412793371,0.5709999799728394
7,64,adaptive_crosssdc_cmr,hinge,1.0,0.1,0.29171493649482727,0.10202359739277098,2.2098224692874484,0.010202359739277099,0.001171511229282866,0.0001171511229282866,0.03819444444444445,0.05555555555555555,0.026092984817094274,0.032071001620756254,0.5702499747276306
7,65,adaptive_crosssdc_cmr,hinge,1.0,0.1,0.2905317048231761,0.09367357856697506,2.249751249949137,0.009367357856697506,0.0012435600866511879,0.00012435600866511878,0.05295138888888889,0.046875,0.027997484016749594,0.03221543112562762,0.5702499747276306
7,66,adaptive_crosssdc_cmr,hinge,1.0,0.1,0.28728230131997,0.10150900565915638,2.252865102556017,0.010150900565915638,0.0007774563435102917,7.774563435102917e-05,0.030381944444444444,0.0546875,0.024625559854838584,0.0312382649216387,0.5712500214576721
7,67,adaptive_crosssdc_cmr,hinge,1.0,0.1,0.2864813341034783,0.10634334219826592,2.2474591202206082,0.010634334219826593,0.0008504810490800688,8.504810490800689e-05,0.03125,0.057291666666666664,0.026374017612801656,0.03280643249551455,0.5702499747276306
7,68,adaptive_crosssdc_cmr,hinge,1.0,0.1,0.2781265212429894,0.09811051438252132,2.235493633482191,0.009811051438252132,0.0012059625070024696,0.00012059625070024696,0.036458333333333336,0.0703125,0.026037632177273434,0.03427273862891727,0.5722500085830688
7,69,adaptive_crosssdc_cmr,hinge,1.0,0.1,0.28050268689791363,0.09865510049793455,2.2152837912241616,0.009865510049793455,0.0009091225413916012,9.091225413916013e-05,0.033854166666666664,0.04600694444444445,0.025682726874947548,0.030561358978350956,0.5702499747276306
7,70,adaptive_crosssdc_cmr,hinge,1.0,0.1,0.2804738978544871,0.10716077271434996,2.2752327654096813,0.010716077271434997,0.000857174959188948,8.571749591889481e-05,0.04079861111111111,0.058159722222222224,0.027466059972842533,0.03333170194592741,0.5724999904632568
7,71,adaptive_crosssdc_cmr,hinge,1.0,0.1,0.2781515419483185,0.09964623633358213,2.1986716588338218,0.009964623633358214,0.0007317442521323554,7.317442521323554e-05,0.03298611111111111,0.044270833333333336,0.02529033563203282,0.031458862125873566,0.5737500190734863
7,72,adaptive_crosssdc_cmr,hinge,1.0,0.1,0.27998599741193986,0.10362236781252755,2.354558997684055,0.010362236781252756,0.00112939494364481,0.000112939494364481,0.03125,0.059027777777777776,0.026356043087111578,0.033753235100044146,0.5732499957084656
7,73,adaptive_crosssdc_cmr,hinge,1.0,0.1,0.27824756171968246,0.09633342342244254,2.282636801401774,0.009633342342244255,0.0006929316958929929,6.92931695892993e-05,0.03211805555555555,0.050347222222222224,0.024684449657797813,0.03074827893740601,0.5730000138282776
7,74,adaptive_crosssdc_cmr,hinge,1.0,0.1,0.2752135627799564,0.09720313217904833,2.2431567245059543,0.009720313217904834,0.0008241758526613315,8.241758526613316e-05,0.04079861111111111,0.051215277777777776,0.025212621730234887,0.03206426670981778,0.5720000267028809
7,75,adaptive_crosssdc_cmr,hinge,1.0,0.1,0.27933867441283333,0.10021912223762935,2.1640411218007407,0.010021912223762936,0.0009939355384429088,9.939355384429088e-05,0.036458333333333336,0.0546875,0.025600553800662357,0.032149924586216606,0.5707499980926514
7,76,adaptive_crosssdc_cmr,hinge,1.0,0.1,0.27827494343121845,0.09702382402287589,2.3246828185187445,0.00970238240228759,0.0010182380566321728,0.00010182380566321728,0.03993055555555555,0.049479166666666664,0.025951344726814166,0.02877911076777511,0.5722500085830688
7,77,adaptive_crosssdc_cmr,hinge,1.0,0.1,0.286628309223387,0.10422485487328635,2.3959310319688587,0.010422485487328636,0.0011164029565406963,0.00011164029565406964,0.04513888888888889,0.06076388888888889,0.02478115653826131,0.03167465763787428,0.5724999904632568
7,78,adaptive_crosssdc_cmr,hinge,1.0,0.1,0.2930409047338698,0.09997538477182388,2.282363865110609,0.00999753847718239,0.003003156226542261,0.00030031562265422614,0.09635416666666667,0.0703125,0.03117352682683203,0.031404365681939654,0.5717499852180481
7,79,adaptive_crosssdc_cmr,hinge,1.0,0.1,0.2894142104519738,0.09210924141936833,2.225807269414266,0.009210924141936833,0.0017393999862381155,0.00017393999862381156,0.07291666666666667,0.0625,0.027274293825030327,0.029663017640511196,0.5715000033378601
7,80,adaptive_crosssdc_cmr,hinge,1.0,0.1,0.2860417597823673,0.10141959620846643,2.300459067026774,0.010141959620846644,0.0014506479039684767,0.00014506479039684767,0.050347222222222224,0.05555555555555555,0.023952541872859,0.02805328865845998,0.5712500214576721
7,81,adaptive_crosssdc_cmr,hinge,1.0,0.1,0.2775021592775981,0.09859584437476264,2.221507363849216,0.009859584437476265,0.0009601208051511397,9.601208051511397e-05,0.04513888888888889,0.04513888888888889,0.024212998234563403,0.026103205151028104,0.5705000162124634
7,82,adaptive_crosssdc_cmr,hinge,1.0,0.1,0.2705281476179759,0.09924058947298262,2.152179373635186,0.009924058947298262,0.0010148883189281656,0.00010148883189281657,0.03298611111111111,0.05295138888888889,0.022113909737931356,0.028076348412368033,0.5720000267028809
7,83,adaptive_crosssdc_cmr,hinge,1.0,0.1,0.27776886026064557,0.09998470213678148,2.333476093080309,0.009998470213678149,0.0008050339561628385,8.050339561628386e-05,0.03125,0.034722222222222224,0.02255245153274801,0.025864468680487737,0.5730000138282776
7,84,adaptive_crosssdc_cmr,hinge,1.0,0.1,0.288165420293808,0.09771723051865895,2.3130242824554443,0.009771723051865897,0.0014283678352108432,0.00014283678352108433,0.059027777777777776,0.06076388888888889,0.024020253370205562,0.02812299049562878,0.5699999928474426
7,85,adaptive_crosssdc_cmr,hinge,1.0,0.1,0.28030364049805534,0.10240720295243794,2.2117417653401694,0.010240720295243795,0.0010942829604674545,0.00010942829604674545,0.043402777777777776,0.059895833333333336,0.02305247262120247,0.02975878719654348,0.5737500190734863
7,86,adaptive_crosssdc_cmr,hinge,1.0,0.1,0.2757861249976688,0.09331425031026204,2.142486254374186,0.009331425031026205,0.0012332295041738285,0.00012332295041738285,0.051215277777777776,0.04774305555555555,0.02405657846894529,0.02882756686045064,0.5712500214576721
7,87,adaptive_crosssdc_cmr,hinge,1.0,0.1,0.2742955750889248,0.09509802278545168,2.200738297568427,0.009509802278545169,0.0012622095592733887,0.00012622095592733888,0.034722222222222224,0.04861111111111111,0.021496882455216512,0.02832261783381303,0.5737500190734863
7,88,adaptive_crosssdc_cmr,hinge,1.0,0.1,0.275523884428872,0.09738190886047152,2.252337482240465,0.009738190886047153,0.0009941600211378601,9.941600211378602e-05,0.03819444444444445,0.04774305555555555,0.022830918845203187,0.025478888923923176,0.5720000267028809
7,89,adaptive_crosssdc_cmr,hinge,1.0,0.1,0.2806151807308197,0.10197640127605861,2.2256720066070557,0.010197640127605863,0.0015149836868254675,0.00015149836868254675,0.03993055555555555,0.06684027777777778,0.021923003097375233,0.02906677747766177,0.5715000033378601
7,90,adaptive_crosssdc_cmr,hinge,1.0,0.1,0.27274029122458565,0.10059067772494422,2.2365963459014893,0.010059067772494422,0.0008573423256166279,8.57342325616628e-05,0.044270833333333336,0.035590277777777776,0.021162793247236147,0.0235681991196341,0.5730000138282776
7,91,adaptive_crosssdc_cmr,hinge,1.0,0.1,0.2680852479404873,0.0903480417198605,2.2387382719251843,0.009034804171986049,0.001077801580928887,0.0001077801580928887,0.03819444444444445,0.050347222222222224,0.020716435379452176,0.028270400853620634,0.5730000138282776
7,92,adaptive_crosssdc_cmr,hinge,1.0,0.1,0.27495724625057644,0.09611585156785117,2.2425630357530384,0.009611585156785118,0.0015658795859457718,0.0001565879585945772,0.046875,0.04861111111111111,0.02206616745226913,0.026865567598077986,0.5707499980926514
7,93,adaptive_crosssdc_cmr,hinge,1.0,0.1,0.2745074729124705,0.0878970432612631,2.2678432199690075,0.00878970432612631,0.0015413331437028116,0.00015413331437028117,0.052083333333333336,0.059027777777777776,0.02327011649807294,0.026811456721689966,0.5732499957084656
7,94,adaptive_crosssdc_cmr,hinge,1.0,0.1,0.2700198226504856,0.09685278518332376,2.2526939709981284,0.009685278518332376,0.0011074029413672786,0.00011074029413672786,0.041666666666666664,0.04513888888888889,0.02188680734899309,0.02527196312116252,0.5730000138282776
7,95,adaptive_crosssdc_cmr,hinge,1.0,0.1,0.27961018350389266,0.09500728050867717,2.2982765568627253,0.009500728050867718,0.001298491461461203,0.0001298491461461203,0.049479166666666664,0.04774305555555555,0.021530590330561,0.02555379933781094,0.574999988079071
7,96,adaptive_crosssdc_cmr,hinge,1.0,0.1,0.2739659547805786,0.09518094609181087,2.2237418757544622,0.009518094609181087,0.0013084285763195818,0.0001308428576319582,0.03732638888888889,0.05381944444444445,0.01984539069235325,0.026912428645624056,0.578499972820282
7,97,adaptive_crosssdc_cmr,hinge,1.0,0.1,0.2766123215357463,0.09942831099033356,2.3055083751678467,0.009942831099033357,0.001217833862433003,0.0001217833862433003,0.04600694444444445,0.04861111111111111,0.021637315551439922,0.024724380009704165,0.5732499957084656
7,98,adaptive_crosssdc_cmr,hinge,1.0,0.1,0.2739326258500417,0.09430439439084795,2.3596184253692627,0.009430439439084795,0.0014762390055693686,0.00014762390055693688,0.03993055555555555,0.057291666666666664,0.022166336783104472,0.028534816371070013,0.5724999904632568
7,99,adaptive_crosssdc_cmr,hinge,1.0,0.1,0.2722771896256341,0.10833941482835346,2.337135818269518,0.010833941482835348,0.0007449215045198798,7.449215045198799e-05,0.03732638888888889,0.036458333333333336,0.02022223671277364,0.023251725567711726,0.5762500166893005
7,100,adaptive_crosssdc_cmr,hinge,1.0,0.1,0.276426547103458,0.09182782719532649,2.3031587335798474,0.00918278271953265,0.0014623632855040745,0.00014623632855040745,0.04774305555555555,0.059895833333333336,0.02261410053405497,0.024333476606342528,0.5720000267028809
7,101,adaptive_crosssdc_cmr,hinge,1.0,0.1,0.27946635087331134,0.09362780799468358,2.2377221054501004,0.009362780799468359,0.001524455767745773,0.0001524455767745773,0.05295138888888889,0.058159722222222224,0.02350367998911275,0.023086259762446087,0.5724999904632568
7,102,adaptive_crosssdc_cmr,hinge,1.0,0.1,0.27516234583324856,0.09660613950755861,2.2552528381347656,0.009660613950755861,0.0015434514563013283,0.00015434514563013283,0.05295138888888889,0.05381944444444445,0.021260696773727734,0.024448574003246095,0.5789999961853027
7,103,adaptive_crosssdc_cmr,hinge,1.0,0.1,0.2805270850658417,0.0924918841984537,2.2155989276038275,0.00924918841984537,0.0016656131354264086,0.00016656131354264087,0.05555555555555555,0.059895833333333336,0.02117216752635108,0.022711250310142834,0.5734999775886536
7,104,adaptive_crosssdc_cmr,hinge,1.0,0.1,0.2783699995941586,0.09141426616244847,2.20894021458096,0.009141426616244846,0.0012427855981513858,0.00012427855981513857,0.03993055555555555,0.052083333333333336,0.020569692883226607,0.024607679289248254,0.5772500038146973
7,105,adaptive_crosssdc_cmr,hinge,1.0,0.1,0.27913041247261894,0.09645808156993654,2.240304152170817,0.009645808156993655,0.001486829187746884,0.0001486829187746884,0.03819444444444445,0.046875,0.019117839220497344,0.022375657533605892,0.5712500214576721
7,106,adaptive_crosssdc_cmr,hinge,1.0,0.1,0.2746081120438046,0.08900209350718392,2.348129087024265,0.008900209350718393,0.0015094263168672721,0.00015094263168672722,0.03819444444444445,0.06510416666666667,0.02022578256825606,0.024705910434325535,0.5727499723434448
7,107,adaptive_crosssdc_cmr,hinge,1.0,0.1,0.26779533757103813,0.0924488322602378,2.222115543153551,0.00924488322602378,0.0007862158155249846,7.862158155249846e-05,0.041666666666666664,0.034722222222222224,0.021262073061532445,0.021641305544310145,0.5722500085830688
7,108,adaptive_crosssdc_cmr,hinge,1.0,0.1,0.27215323514408535,0.09551530910862817,2.2964691321055093,0.009551530910862818,0.0008659835018786705,8.659835018786705e-05,0.035590277777777776,0.0390625,0.0191835214694341,0.022557081654667854,0.5767499804496765
7,109,adaptive_crosssdc_cmr,hinge,1.0,0.1,0.26714081565539044,0.09380967004431619,2.310156053966946,0.009380967004431619,0.0010973001319345916,0.00010973001319345916,0.03732638888888889,0.04600694444444445,0.019685958822568256,0.023476030263635848,0.5770000219345093
7,110,adaptive_crosssdc_cmr,hinge,1.0,0.1,0.2712217900488112,0.08976757443613476,2.2649989657931857,0.008976757443613476,0.0011485070248858796,0.00011485070248858797,0.046875,0.041666666666666664,0.01935632713139057,0.021143154965506658,0.5752500295639038
7,111,adaptive_crosssdc_cmr,hinge,1.0,0.1,0.2770310706562466,0.09282690866125955,2.2481097910139294,0.009282690866125955,0.0014559197006747127,0.00014559197006747127,0.04513888888888889,0.05381944444444445,0.018433147213525243,0.024134749753607646,0.5764999985694885
7,112,adaptive_crosssdc_cmr,hinge,1.0,0.1,0.27665258447329205,0.09110172341267268,2.31140308909946,0.00911017234126727,0.0015723452864525218,0.00015723452864525219,0.049479166666666664,0.051215277777777776,0.020692066392964788,0.024242520539297,0.574999988079071
7,113,adaptive_crosssdc_cmr,hinge,1.0,0.1,0.27979928255081177,0.09364373154110378,2.249280187818739,0.009364373154110378,0.0012633030225212376,0.00012633030225212377,0.0390625,0.044270833333333336,0.019592188919583958,0.020358669261137646,0.5745000243186951
7,114,adaptive_crosssdc_cmr,hinge,1.0,0.1,0.28311312529775834,0.09915100038051605,2.2647788524627686,0.009915100038051607,0.001493529112647391,0.0001493529112647391,0.0546875,0.04774305555555555,0.01997449600862132,0.020911702265342075,0.5774999856948853
7,115,adaptive_crosssdc_cmr,hinge,1.0,0.1,0.28488635685708785,0.09451086819171906,2.2576287852393255,0.009451086819171907,0.0017280140244919392,0.00017280140244919394,0.04513888888888889,0.059895833333333336,0.02019434484342734,0.023994483674565952,0.5809999704360962
7,116,adaptive_crosssdc_cmr,hinge,1.0,0.1,0.2850947810543908,0.09232355571455425,2.3351823223961725,0.009232355571455426,0.0018177947042406434,0.00018177947042406436,0.0546875,0.06770833333333333,0.021089051332738664,0.024163796255985897,0.5755000114440918
7,117,adaptive_crosssdc_cmr,hinge,1.0,0.1,0.2975240813361274,0.0972173015276591,2.3608144919077554,0.00972173015276591,0.0018896317083595528,0.0001889631708359553,0.050347222222222224,0.04600694444444445,0.020282907204495534,0.020256220259600215,0.5742499828338623
7,118,adaptive_crosssdc_cmr,hinge,1.0,0.1,0.2945652902126312,0.09408149785465664,2.3235171106126575,0.009408149785465664,0.0025867044751066715,0.00025867044751066716,0.0685763888888889,0.0685763888888889,0.02237508839203252,0.02467925784488519,0.5732499957084656
7,119,adaptive_crosssdc_cmr,hinge,1.0,0.1,0.2908320791191525,0.09440828777021831,2.3022171921200223,0.009440828777021832,0.001930912736699813,0.00019309127366998131,0.04774305555555555,0.05381944444444445,0.019978874259524874,0.021230916182200115,0.5747500061988831
7,120,adaptive_crosssdc_cmr,hinge,1.0,0.1,0.28288594881693524,0.09807564566532771,2.36980848842197,0.009807564566532772,0.002155292578714175,0.00021552925787141753,0.057291666666666664,0.05642361111111111,0.022400764748454094,0.0213393767674764,0.5740000009536743
7,121,adaptive_crosssdc_cmr,hinge,1.0,0.1,0.2746799389521281,0.0918189783891042,2.287002166112264,0.00918189783891042,0.0014233601978048682,0.00014233601978048683,0.042534722222222224,0.046875,0.018681704584095214,0.02112490331961049,0.5795000195503235
7,122,adaptive_crosssdc_cmr,hinge,1.0,0.1,0.2659057511223687,0.09066795971658495,2.2033567163679333,0.009066795971658496,0.0009095781812599549,9.09578181259955e-05,0.03298611111111111,0.03732638888888889,0.01672842601935069,0.020894448997245893,0.5762500166893005
7,123,adaptive_crosssdc_cmr,hinge,1.0,0.1,0.2624034682909648,0.08673805081182057,2.278263568878174,0.008673805081182057,0.0006958227184238947,6.958227184238947e-05,0.026041666666666668,0.028645833333333332,0.015399608140190443,0.020041149730483692,0.578000009059906
7,124,adaptive_crosssdc_cmr,hinge,1.0,0.1,0.2605807963344786,0.09739725374513203,2.3021495607164173,0.009739725374513203,0.0006447209776120468,6.447209776120468e-05,0.026909722222222224,0.0390625,0.016618702560663223,0.02198320461644067,0.5757499933242798
7,125,adaptive_crosssdc_cmr,hinge,1.0,0.1,0.26114127039909363,0.09110480546951294,2.318256828520033,0.009110480546951294,0.0007631590091882066,7.631590091882067e-05,0.022569444444444444,0.0390625,0.015713423904445436,0.02155197225511074,0.5764999985694885
7,126,adaptive_crosssdc_cmr,hinge,1.0,0.1,0.25747041238678825,0.09260235726833344,2.235022041532728,0.009260235726833344,0.0008006408849420646,8.006408849420647e-05,0.026909722222222224,0.036458333333333336,0.01764549356367853,0.021682660198873945,0.5755000114440918
7,127,adaptive_crosssdc_cmr,hinge,1.0,0.1,0.2534409744871987,0.08911087695095274,2.3009838263193765,0.008911087695095275,0.00047865755267493013,4.7865755267493013e-05,0.018229166666666668,0.026041666666666668,0.015227521252301004,0.020014302598105535,0.5755000114440918
7,128,adaptive_crosssdc_cmr,hinge,1.0,0.1,0.24697955118285286,0.08762725277079476,2.227198044459025,0.008762725277079476,0.00040148938043987274,4.0148938043987277e-05,0.012152777777777778,0.028645833333333332,0.014550603719221221,0.019548651865786977,0.5792499780654907
7,129,adaptive_crosssdc_cmr,hinge,1.0,0.1,0.2438180297613144,0.08949260082509783,2.2810306549072266,0.008949260082509783,0.0005224278041472038,5.224278041472038e-05,0.019097222222222224,0.03298611111111111,0.015996676352288988,0.02250225076244937,0.5762500166893005
7,130,adaptive_crosssdc_cmr,hinge,1.0,0.1,0.2434255944357978,0.092490301363998,2.129682699839274,0.0092490301363998,0.00031980457141697925,3.1980457141697925e-05,0.011284722222222222,0.021701388888888888,0.014084462697307268,0.02123666616777579,0.578000009059906
7,131,adaptive_crosssdc_cmr,hinge,1.0,0.1,0.23990423480669656,0.09070948759714763,2.2943351798587375,0.009070948759714764,0.000324285497804845,3.24285497804845e-05,0.0078125,0.030381944444444444,0.015228784953554472,0.020666101119584508,0.577750027179718
7,132,adaptive_crosssdc_cmr,hinge,1.0,0.1,0.24066581659846836,0.08710814598533842,2.3581691053178577,0.008710814598533843,0.0004935803129531754,4.9358031295317545e-05,0.010416666666666666,0.03125,0.01472405633992619,0.02106743036872811,0.5797500014305115
7,133,adaptive_crosssdc_cmr,hinge,1.0,0.1,0.24181418617566428,0.0929300296637747,2.25708712471856,0.009293002966377471,0.00041183570445153036,4.118357044515304e-05,0.019097222222222224,0.033854166666666664,0.017093812218970723,0.023856919465793505,0.578000009059906
7,134,adaptive_crosssdc_cmr,hinge,1.0,0.1,0.2428976595401764,0.08609037018484539,2.23198135693868,0.008609037018484538,0.0004130357831147396,4.130357831147396e-05,0.015625,0.030381944444444444,0.015913112916880183,0.02218345594074991,0.5795000195503235
7,135,adaptive_crosssdc_cmr,hinge,1.0,0.1,0.24227780434820387,0.08849688950512144,2.3176457352108426,0.008849688950512144,0.00047551494208164513,4.755149420816452e-05,0.016493055555555556,0.035590277777777776,0.015621271398332384,0.022921990189287398,0.5770000219345093
7,136,adaptive_crosssdc_cmr,hinge,1.0,0.1,0.24254054327805838,0.09056374347872204,2.3488457997639975,0.009056374347872204,0.0004317539957507203,4.317539957507204e-05,0.018229166666666668,0.03211805555555555,0.017123798115385905,0.02183291709257497,0.5767499804496765
7,137,adaptive_crosssdc_cmr,hinge,1.0,0.1,0.2420234183470408,0.08554759124914806,2.2313793235354953,0.008554759124914806,0.0005828485930881774,5.828485930881774e-05,0.019097222222222224,0.033854166666666664,0.015819495543837547,0.021020242737399206,0.5792499780654907
7,138,adaptive_crosssdc_cmr,hinge,1.0,0.1,0.24421213236120012,0.08710550020138423,2.2843610445658364,0.008710550020138423,0.0005323872295169471,5.3238722951694706e-05,0.0234375,0.03211805555555555,0.01682620971567101,0.02200082979268498,0.578249990940094
7,139,adaptive_crosssdc_cmr,hinge,1.0,0.1,0.24170370565520394,0.09123615589406756,2.317912737528483,0.009123615589406756,0.0004320170256606717,4.3201702566067174e-05,0.020833333333333332,0.025173611111111112,0.01585254031750891,0.020914092659950256,0.578499972820282
7,140,adaptive_crosssdc_cmr,hinge,1.0,0.1,0.24357509281900194,0.0913367478383912,2.278595659467909,0.00913367478383912,0.000684577549691312,6.845775496913121e-05,0.020833333333333332,0.035590277777777776,0.016853120798865955,0.022549889360864956,0.5820000171661377
7,141,adaptive_crosssdc_cmr,hinge,1.0,0.1,0.2456439584493637,0.08778321577443017,2.27235303984748,0.008778321577443017,0.0006716811201638646,6.716811201638646e-05,0.024305555555555556,0.033854166666666664,0.01766963303089142,0.023058512351579137,0.578249990940094
7,142,adaptive_crosssdc_cmr,hinge,1.0,0.1,0.25021712481975555,0.0974951328502761,2.208838780721029,0.00974951328502761,0.0009393545980047849,9.39354598004785e-05,0.028645833333333332,0.046875,0.01776820504003101,0.024204107829266124,0.5774999856948853
7,143,adaptive_crosssdc_cmr,hinge,1.0,0.1,0.25114601684941185,0.0948290725549062,2.3134847482045493,0.00948290725549062,0.0005385514444545455,5.385514444545455e-05,0.024305555555555556,0.029513888888888888,0.01757320161494944,0.020386829765306577,0.5747500061988831
7,144,adaptive_crosssdc_cmr,hinge,1.0,0.1,0.2592869781785541,0.09160574773947398,2.3050205972459583,0.009160574773947399,0.0012046952615492046,0.00012046952615492047,0.03125,0.05381944444444445,0.018225267322527036,0.024457348717583552,0.578249990940094
7,145,adaptive_crosssdc_cmr,hinge,1.0,0.1,0.2528438087966707,0.09484743409686619,2.2832331922319202,0.00948474340968662,0.00072685607139849,7.2685607139849e-05,0.030381944444444444,0.03298611111111111,0.01884020223385758,0.020793298673298623,0.5772500038146973
7,146,adaptive_crosssdc_cmr,hinge,1.0,0.1,0.2519133753246731,0.08645356777641508,2.2986566755506725,0.008645356777641508,0.0011284267659195596,0.00011284267659195597,0.03298611111111111,0.04774305555555555,0.016759661129779287,0.022984055388304923,0.5767499804496765
7,147,adaptive_crosssdc_cmr,hinge,1.0,0.1,0.24973204069667393,0.09005264358388053,2.2677004867129855,0.009005264358388053,0.0009759024251252413,9.759024251252413e-05,0.03298611111111111,0.043402777777777776,0.01812022179365158,0.022106754076149728,0.5795000195503235
7,148,adaptive_crosssdc_cmr,hinge,1.0,0.1,0.24573429259988996,0.09126223458184136,2.2901225090026855,0.009126223458184137,0.0006650550243168456,6.650550243168457e-05,0.025173611111111112,0.0234375,0.015191941418581538,0.019865584042337205,0.5792499780654907
7,149,adaptive_crosssdc_cmr,hinge,1.0,0.1,0.247412266002761,0.09765637500418557,2.439957062403361,0.009765637500418558,0.0007442575483259538,7.442575483259539e-05,0.025173611111111112,0.029513888888888888,0.01632384831706683,0.020402467913097806,0.5795000195503235
7,150,adaptive_crosssdc_cmr,hinge,1.0,0.1,0.24297650323973763,0.08934596263700062,2.3686994711558023,0.008934596263700063,0.0007961425855885156,7.961425855885156e-05,0.018229166666666668,0.0390625,0.015192846043242348,0.021266523334715102,0.5797500014305115
7,151,adaptive_crosssdc_cmr,hinge,1.0,0.1,0.246164932847023,0.08520247042179108,2.3131317562527127,0.008520247042179107,0.0008453043410554528,8.453043410554529e-05,0.026909722222222224,0.044270833333333336,0.01781203949617015,0.020054942617813747,0.5774999856948853
7,152,adaptive_crosssdc_cmr,hinge,1.0,0.1,0.2490586025847329,0.0885855679710706,2.295151154200236,0.008858556797107061,0.0005850701967978643,5.8507019679786433e-05,0.026041666666666668,0.041666666666666664,0.016262309004863102,0.019392618909478188,0.5764999985694885
7,153,adaptive_crosssdc_cmr,hinge,1.0,0.1,0.25189441608058083,0.08916853451066548,2.229397588306003,0.008916853451066548,0.0007781131910936286,7.781131910936287e-05,0.027777777777777776,0.033854166666666664,0.015350813046097755,0.02013060347073608,0.581250011920929
7,154,adaptive_crosssdc_cmr,hinge,1.0,0.1,0.24639970560868582,0.09079108552800284,2.2101685206095376,0.009079108552800285,0.0005086881671256075,5.0868816712560755e-05,0.020833333333333332,0.03125,0.016080717866619427,0.019601640808913443,0.5795000195503235
7,155,adaptive_crosssdc_cmr,hinge,1.0,0.1,0.24336573315991294,0.09255171815554301,2.3211813502841525,0.009255171815554302,0.0006204027611400104,6.204027611400104e-05,0.019965277777777776,0.0390625,0.016178172702590626,0.01884886229203807,0.5817499756813049
7,156,adaptive_crosssdc_cmr,hinge,1.0,0.1,0.24125716421339247,0.09172098752525118,2.21557354927063,0.009172098752525119,0.0004962784021497808,4.962784021497808e-05,0.014756944444444444,0.03125,0.015723770277367696,0.020473009389307763,0.5792499780654907
7,157,adaptive_crosssdc_cmr,hinge,1.0,0.1,0.239145181245274,0.09044336444801754,2.2752311759524875,0.009044336444801754,0.0005286476807668805,5.2864768076688054e-05,0.016493055555555556,0.028645833333333332,0.016154714342620637,0.017788261589076784,0.5767499804496765
7,158,adaptive_crosssdc_cmr,hinge,1.0,0.1,0.23815171917279562,0.08558921019236247,2.335547235276964,0.008558921019236247,0.00039594749169838097,3.95947491698381e-05,0.014756944444444444,0.03211805555555555,0.015398348785108991,0.020687088163362607,0.5807499885559082
7,159,adaptive_crosssdc_cmr,hinge,1.0,0.1,0.23299290736516318,0.08637923747301102,2.2432509793175592,0.008637923747301102,0.0003147266156196969,3.1472661561969695e-05,0.012152777777777778,0.027777777777777776,0.015385752750767602,0.021963732937971752,0.5792499780654907
7,160,adaptive_crosssdc_cmr,hinge,1.0,0.1,0.2366835077603658,0.0822796266939905,2.3064428170522056,0.00822796266939905,0.0005880673698912789,5.8806736989127893e-05,0.024305555555555556,0.028645833333333332,0.01650135074224737,0.021273349929187033,0.5799999833106995
7,161,adaptive_crosssdc_cmr,hinge,1.0,0.1,0.24302277796798283,0.09197349349657695,2.4060981273651123,0.009197349349657696,0.0005480476530566295,5.480476530566295e-05,0.018229166666666668,0.03125,0.017123435934384663,0.021849447447392676,0.5817499756813049
7,162,adaptive_crosssdc_cmr,hinge,1.0,0.1,0.2454841368728214,0.08647861993975109,2.304151667488946,0.008647861993975109,0.0006762627793553596,6.762627793553596e-05,0.033854166666666664,0.035590277777777776,0.01683644474380546,0.020075445373853047,0.5797500014305115
7,163,adaptive_crosssdc_cmr,hinge,1.0,0.1,0.24597242805692884,0.09179347587956323,2.2845884693993463,0.009179347587956323,0.0006965829557480498,6.965829557480498e-05,0.025173611111111112,0.03819444444444445,0.015656062091390293,0.019455636334088113,0.577750027179718
7,164,adaptive_crosssdc_cmr,hinge,1.0,0.1,0.24021330144670275,0.09045810500780742,2.270517932044135,0.009045810500780743,0.0006826570412764946,6.826570412764947e-05,0.029513888888888888,0.03125,0.017760643735527992,0.02078570259941949,0.5822499990463257
7,165,adaptive_crosssdc_cmr,hinge,1.0,0.1,0.2504676017496321,0.08701295405626297,2.209453715218438,0.008701295405626298,0.0012184171905068473,0.00012184171905068475,0.03993055555555555,0.03993055555555555,0.018422478396031592,0.02116988640692499,0.5757499933242798
7,166,adaptive_crosssdc_cmr,hinge,1.0,0.1,0.25390030774805283,0.09299792100985844,2.259281794230143,0.009299792100985844,0.001328321634597766,0.0001328321634597766,0.035590277777777776,0.04079861111111111,0.017346573579642508,0.02113811381989055,0.5809999704360962
7,167,adaptive_crosssdc_cmr,hinge,1.0,0.1,0.25043024453851914,0.08951204104555978,2.3129457102881537,0.008951204104555978,0.0010885354745874389,0.00010885354745874389,0.03211805555555555,0.044270833333333336,0.017115335290630657,0.02054832565287749,0.5797500014305115
7,168,adaptive_crosssdc_cmr,hinge,1.0,0.1,0.25154051019085777,0.08981660919056998,2.2607279088762073,0.008981660919056998,0.0009544674103381112,9.544674103381113e-05,0.028645833333333332,0.041666666666666664,0.015479706641700532,0.020672102976176474,0.5789999961853027
7,169,adaptive_crosssdc_cmr,hinge,1.0,0.1,0.2561078800095452,0.08941818028688431,2.3430036703745523,0.00894181802868843,0.0010772464738693088,0.00010772464738693089,0.034722222222222224,0.035590277777777776,0.018388452008366585,0.019542829030089907,0.5789999961853027
7,170,adaptive_crosssdc_cmr,hinge,1.0,0.1,0.2540937281317181,0.09232273449500401,2.323558065626356,0.009232273449500401,0.0018851664370029336,0.00018851664370029338,0.046875,0.04513888888888889,0.01887072477903631,0.021571165571610134,0.5795000195503235
7,171,adaptive_crosssdc_cmr,hinge,1.0,0.1,0.2754949861102634,0.08751151379611757,2.269828452004327,0.008751151379611757,0.0017249866246452762,0.00017249866246452764,0.052083333333333336,0.04513888888888889,0.018418467914064724,0.01931188255548477,0.5814999938011169
7,172,adaptive_crosssdc_cmr,hinge,1.0,0.1,0.2489215052790112,0.08557700862487157,2.269165621863471,0.008557700862487158,0.001107329467130411,0.0001107329467130411,0.026041666666666668,0.04600694444444445,0.017219410381383367,0.019424330443143845,0.5742499828338623
7,173,adaptive_crosssdc_cmr,hinge,1.0,0.1,0.2525127993689643,0.08970854100253847,2.350615554385715,0.008970854100253847,0.001049375919036619,0.0001049375919036619,0.035590277777777776,0.025173611111111112,0.016223423182964325,0.01617701744867696,0.5762500166893005
7,174,adaptive_crosssdc_cmr,hinge,1.0,0.1,0.25400791896714103,0.08713675455914603,2.279544777340359,0.008713675455914604,0.0009596213122778055,9.596213122778055e-05,0.041666666666666664,0.019965277777777776,0.017536041016379993,0.017248533873094454,0.5839999914169312
7,175,adaptive_crosssdc_cmr,hinge,1.0,0.1,0.25384633408652413,0.08774476829502317,2.315031131108602,0.008774476829502317,0.001014280032702825,0.00010142800327028251,0.03732638888888889,0.03211805555555555,0.01612293865117762,0.018182160332798958,0.5814999938011169
7,176,adaptive_crosssdc_cmr,hinge,1.0,0.1,0.2521456612481011,0.08991716719335979,2.274257395002577,0.00899171671933598,0.001010695323606746,0.0001010695323606746,0.03125,0.0390625,0.016272242698404524,0.020489517806304827,0.5802500247955322
7,177,adaptive_crosssdc_cmr,hinge,1.0,0.1,0.24695610834492576,0.08829554584291247,2.2866450680626764,0.008829554584291247,0.000996575955974145,9.965759559741451e-05,0.036458333333333336,0.03732638888888889,0.015922549077206187,0.019814575297964945,0.577750027179718
7,178,adaptive_crosssdc_cmr,hinge,1.0,0.1,0.2418077058262295,0.08543768690692054,2.2448604106903076,0.008543768690692054,0.0007001409984594728,7.001409984594728e-05,0.026041666666666668,0.030381944444444444,0.016095498162839148,0.01864167820248339,0.5787500143051147
7,179,adaptive_crosssdc_cmr,hinge,1.0,0.1,0.2386992441283332,0.08254957613017824,2.28621498743693,0.008254957613017824,0.00037379620658207894,3.7379620658207895e-05,0.009548611111111112,0.024305555555555556,0.013933879219823413,0.01817642669710848,0.5845000147819519
7,180,adaptive_crosssdc_cmr,hinge,1.0,0.1,0.24435591532124412,0.08799640917115742,2.264694584740533,0.008799640917115742,0.0007995959216107925,7.995959216107926e-05,0.015625,0.042534722222222224,0.013595785738693343,0.020779278129339218,0.5752500295639038
7,181,adaptive_crosssdc_cmr,hinge,1.0,0.1,0.2438906580209732,0.09297398891713884,2.2845508787367077,0.009297398891713885,0.0008689444835504724,8.689444835504725e-05,0.026041666666666668,0.043402777777777776,0.016114751911825605,0.019843302874101534,0.5802500247955322
7,182,adaptive_crosssdc_cmr,hinge,1.0,0.1,0.23827083905537924,0.08750434468189876,2.227877696355184,0.008750434468189875,0.0006301825584766144,6.301825584766144e-05,0.0234375,0.03211805555555555,0.01560614009698232,0.019240228045317862,0.5814999938011169
7,183,adaptive_crosssdc_cmr,hinge,1.0,0.1,0.24089863730801475,0.08931845095422533,2.239987956153022,0.008931845095422533,0.0004472202575319291,4.4722025753192916e-05,0.020833333333333332,0.026041666666666668,0.014929832476708624,0.01776352607541614,0.581250011920929
7,184,adaptive_crosssdc_cmr,hinge,1.0,0.1,0.2431180328130722,0.08862448980410893,2.3780220084720187,0.008862448980410893,0.0005643800994019128,5.643800994019128e-05,0.026909722222222224,0.029513888888888888,0.015518038016226556,0.019793052640226152,0.5762500166893005
7,185,adaptive_crosssdc_cmr,hinge,1.0,0.1,0.23802235225836435,0.08780671159426372,2.199461327658759,0.008780671159426372,0.0006133226690710419,6.13322669071042e-05,0.015625,0.030381944444444444,0.01456782946156131,0.019047730291883152,0.578249990940094
7,186,adaptive_crosssdc_cmr,hinge,1.0,0.1,0.23826367987526786,0.08922229541672601,2.255751450856527,0.008922229541672601,0.0006632482582062948,6.632482582062949e-05,0.015625,0.03732638888888889,0.014819473442104127,0.01968910979727904,0.5814999938011169
7,187,adaptive_crosssdc_cmr,hinge,1.0,0.1,0.23970310555564034,0.08915381878614426,2.2751911216311984,0.008915381878614426,0.0005341226052324702,5.341226052324702e-05,0.015625,0.030381944444444444,0.01417358343799909,0.017713283706042502,0.578499972820282
7,188,adaptive_crosssdc_cmr,hinge,1.0,0.1,0.23368077973524728,0.08708278255330192,2.2580941253238254,0.008708278255330193,0.0006573674294890629,6.573674294890629e-05,0.026909722222222224,0.033854166666666664,0.016731395075718563,0.017137048559056386,0.5795000195503235
7,189,adaptive_crosssdc_cmr,hinge,1.0,0.1,0.2398295137617323,0.09463070498572455,2.3488955762651234,0.009463070498572456,0.0005095306294404307,5.095306294404307e-05,0.014756944444444444,0.0234375,0.013816191090477837,0.017481801203555532,0.5805000066757202
7,190,adaptive_crosssdc_cmr,hinge,1.0,0.1,0.241285170118014,0.09163094808657964,2.339944177203708,0.009163094808657964,0.0006992670015380201,6.992670015380201e-05,0.0234375,0.03732638888888889,0.015362235407034555,0.018665893003344536,0.5799999833106995
7,191,adaptive_crosssdc_cmr,hinge,1.0,0.1,0.24393333163526323,0.08688769075605604,2.3294630580478244,0.008688769075605604,0.0005367373681413786,5.3673736814137866e-05,0.026041666666666668,0.026909722222222224,0.015488331723544333,0.01822930946946144,0.578499972820282
7,192,adaptive_crosssdc_cmr,hinge,1.0,0.1,0.24545259111457401,0.08644012610117595,2.226264582739936,0.008644012610117595,0.0011524484434630722,0.00011524484434630722,0.033854166666666664,0.03993055555555555,0.01681863164736165,0.019584125321772363,0.5805000066757202
7,193,adaptive_crosssdc_cmr,hinge,1.0,0.1,0.2512201898627811,0.08606540825631884,2.327206638124254,0.008606540825631883,0.0008975916409528711,8.975916409528711e-05,0.024305555555555556,0.052083333333333336,0.014744607524739372,0.021576989856031206,0.5802500247955322
7,194,adaptive_crosssdc_cmr,hinge,1.0,0.1,0.25347306496567196,0.08788940807183583,2.22620956103007,0.008788940807183584,0.0008438519014614738,8.438519014614739e-05,0.03732638888888889,0.0390625,0.01550944128798114,0.01789022319846683,0.5820000171661377
7,195,adaptive_crosssdc_cmr,hinge,1.0,0.1,0.2592911372582118,0.08626742412646611,2.3675616317325168,0.008626742412646611,0.0012734121604201694,0.00012734121604201693,0.034722222222222224,0.04600694444444445,0.01742949729992284,0.018336100089881156,0.578249990940094
7,196,adaptive_crosssdc_cmr,hinge,1.0,0.1,0.26159422596295673,0.08984511511193381,2.309071143468221,0.008984511511193382,0.0011566138273337856,0.00011566138273337856,0.035590277777777776,0.04600694444444445,0.01678011193871498,0.018622661630312603,0.581250011920929
7,197,adaptive_crosssdc_cmr,hinge,1.0,0.1,0.25906023879845935,0.08743757671780056,2.231440544128418,0.008743757671780057,0.0014487570410387383,0.00014487570410387385,0.050347222222222224,0.034722222222222224,0.017862447020080354,0.017889540849460497,0.5797500014305115
7,198,adaptive_crosssdc_cmr,hinge,1.0,0.1,0.25960025522443986,0.08525613612598842,2.288121541341146,0.008525613612598843,0.0011733417179332012,0.00011733417179332013,0.043402777777777776,0.04079861111111111,0.01726017685400115,0.018089591422014765,0.5772500038146973
7,199,adaptive_crosssdc_cmr,hinge,1.0,0.1,0.2602746999926037,0.08517245948314667,2.272987445195516,0.008517245948314668,0.001294447678244776,0.00012944476782447763,0.0390625,0.042534722222222224,0.015709380929668743,0.018133559160762362,0.5789999961853027
8,0,adaptive_crosssdc_cmr,hinge,1.0,0.1,2.805620710055033,0.2689458338750733,1.8512263033125136,0.02689458338750733,0.2848428255981869,0.02848428255981869,0.7604166666666666,0.5347222222222222,0.4916900462574429,0.20818119082185957,0.4946666657924652
8,1,adaptive_crosssdc_cmr,hinge,1.0,0.1,1.7700734933217366,0.24163448148303562,1.994105961587694,0.024163448148303564,0.21510662138462067,0.021510662138462068,0.84375,0.3697916666666667,0.44801606403456795,0.10756873504983054,0.5188888907432556
8,2,adaptive_crosssdc_cmr,hinge,1.0,0.1,1.3336720996432834,0.17272653016779158,1.9203900628619723,0.017272653016779157,0.09526762200726403,0.009526762200726404,0.6510416666666666,0.4366319444444444,0.20612420638402304,0.11261851920021905,0.5211111307144165
8,3,adaptive_crosssdc_cmr,hinge,1.0,0.1,1.1237629652023315,0.1528216451406479,2.1537442207336426,0.01528216451406479,0.05958675965666771,0.0059586759656667715,0.4895833333333333,0.4088541666666667,0.13276461760203043,0.10889612552192476,0.5239999890327454
8,4,adaptive_crosssdc_cmr,hinge,1.0,0.1,0.9678509897655911,0.14348654780122969,1.9939805269241333,0.014348654780122969,0.04294250160455704,0.004294250160455704,0.3993055555555556,0.4036458333333333,0.09948426981767018,0.10459263374408086,0.5262222290039062
8,5,adaptive_crosssdc_cmr,hinge,1.0,0.1,0.8673723075124953,0.1415962361627155,2.0363036261664496,0.01415962361627155,0.03819755009478993,0.0038197550094789933,0.3680555555555556,0.40625,0.0961175991429223,0.10034667783313328,0.5262222290039062
8,6,adaptive_crosssdc_cmr,hinge,1.0,0.1,0.7880512475967407,0.12921385053131315,1.9496757984161377,0.012921385053131316,0.029852970813711483,0.0029852970813711486,0.3715277777777778,0.3550347222222222,0.090635870065954,0.08579179975721571,0.5253333449363708
8,7,adaptive_crosssdc_cmr,hinge,1.0,0.1,0.7382894025908576,0.13343722621599832,1.969711595111423,0.013343722621599833,0.026956579130556848,0.002695657913055685,0.3263888888888889,0.3480902777777778,0.08260386437177658,0.08887348158491983,0.5239999890327454
8,8,adaptive_crosssdc_cmr,hinge,1.0,0.1,0.6848843097686768,0.12580254508389366,1.9414346350563898,0.012580254508389366,0.023183459209071264,0.0023183459209071265,0.2664930555555556,0.3541666666666667,0.07350399593512218,0.0888430815603998,0.5255555510520935
8,9,adaptive_crosssdc_cmr,hinge,1.0,0.1,0.6543489827050103,0.12511278523339164,1.9174426131778293,0.012511278523339164,0.020383080674542323,0.0020383080674542323,0.2864583333333333,0.3289930555555556,0.0751375373866823,0.08206705666250652,0.5235555768013
8,10,adaptive_crosssdc_cmr,hinge,1.0,0.1,0.6231688989533318,0.13785777986049652,1.9484101004070706,0.013785777986049652,0.01683212961587641,0.001683212961587641,0.2638888888888889,0.2743055555555556,0.07344670842091243,0.07309991286860572,0.5228888988494873
8,11,adaptive_crosssdc_cmr,hinge,1.0,0.1,0.5834916763835483,0.12963025437461007,2.0540543132358127,0.012963025437461008,0.015541406037906805,0.0015541406037906805,0.2795138888888889,0.2638888888888889,0.07264410042100483,0.0741378449731403,0.5235555768013
8,12,adaptive_crosssdc_cmr,hinge,1.0,0.1,0.5673337247636583,0.12456051260232925,1.939488821559482,0.012456051260232926,0.016100444003111787,0.0016100444003111789,0.2621527777777778,0.2569444444444444,0.07212567412190968,0.07382017208470239,0.5255555510520935
8,13,adaptive_crosssdc_cmr,hinge,1.0,0.1,0.5494009190135531,0.1276516301764382,2.0451718701256647,0.012765163017643822,0.014989993845423063,0.0014989993845423064,0.2630208333333333,0.2439236111111111,0.07105542802148396,0.06940102328856786,0.5233333110809326
8,14,adaptive_crosssdc_cmr,hinge,1.0,0.1,0.5307165880997976,0.12397707833184136,1.985231637954712,0.012397707833184137,0.013130854194362959,0.0013130854194362959,0.2690972222222222,0.21180555555555555,0.07082289457321167,0.06432124599814415,0.5262222290039062
8,15,adaptive_crosssdc_cmr,hinge,1.0,0.1,0.5098967916435666,0.12695754071076712,1.8756023248036702,0.012695754071076712,0.01194865360028214,0.001194865360028214,0.2456597222222222,0.2230902777777778,0.06725361446539561,0.06270384995473756,0.5264444351196289
8,16,adaptive_crosssdc_cmr,hinge,1.0,0.1,0.5074233147833083,0.12614828762080935,2.089369628164503,0.012614828762080935,0.012865338371031813,0.0012865338371031813,0.2439236111111111,0.2204861111111111,0.06788934601677789,0.06243675367699729,0.5239999890327454
8,17,adaptive_crosssdc_cmr,hinge,1.0,0.1,0.4902484383847978,0.1277967310614056,2.0434769524468317,0.01277967310614056,0.010460046430428823,0.0010460046430428823,0.22916666666666666,0.2065972222222222,0.06303899279899067,0.05958872247073385,0.5293333530426025
8,18,adaptive_crosssdc_cmr,hinge,1.0,0.1,0.4741086396906111,0.12791435254944694,2.1591842704349093,0.012791435254944694,0.009742919666071733,0.0009742919666071734,0.23524305555555555,0.1796875,0.06346939835283491,0.05433134279317326,0.5291110873222351
8,19,adaptive_crosssdc_cmr,hinge,1.0,0.1,0.45902853541904026,0.11873950064182281,2.003000855445862,0.011873950064182282,0.00897589853654305,0.0008975898536543051,0.21614583333333334,0.1892361111111111,0.060170498573117785,0.052777624792522855,0.5266666412353516
8,20,adaptive_crosssdc_cmr,hinge,1.0,0.1,0.4478958315319485,0.11869456453455819,2.0807052983178034,0.01186945645345582,0.009262867220160034,0.0009262867220160034,0.2326388888888889,0.1527777777777778,0.06349324683348338,0.05063570373588138,0.5275555849075317
8,21,adaptive_crosssdc_cmr,hinge,1.0,0.1,0.43782668974664474,0.1175035180317031,1.9912170039282904,0.01175035180317031,0.008196560510744652,0.0008196560510744652,0.20399305555555555,0.1779513888888889,0.059812587996323906,0.052849498887856804,0.527999997138977
8,22,adaptive_crosssdc_cmr,hinge,1.0,0.1,0.42783553070492214,0.1213383757405811,1.9953744014104207,0.01213383757405811,0.007877743647744259,0.0007877743647744259,0.1918402777777778,0.1328125,0.05844116169545385,0.04843719593352742,0.5271111130714417
8,23,adaptive_crosssdc_cmr,hinge,1.0,0.1,0.41919466190867954,0.126435416440169,2.1013309955596924,0.012643541644016902,0.006981394848682814,0.0006981394848682814,0.1996527777777778,0.1449652777777778,0.058451604512002736,0.04922531545162201,0.5302222371101379
8,24,adaptive_crosssdc_cmr,hinge,1.0,0.1,0.4158357017570072,0.11123370875914891,1.997385607825385,0.011123370875914891,0.007174820018311341,0.0007174820018311342,0.19010416666666666,0.14322916666666666,0.056473373538917966,0.04908466628856129,0.5320000052452087
8,25,adaptive_crosssdc_cmr,hinge,1.0,0.1,0.4058128231101566,0.11376012033886379,1.974583281411065,0.01137601203388638,0.005929649936863118,0.0005929649936863118,0.1935763888888889,0.12239583333333333,0.054984944976038404,0.0460795151690642,0.5333333611488342
8,26,adaptive_crosssdc_cmr,hinge,1.0,0.1,0.40055881606207955,0.10508134795559777,2.163608948389689,0.010508134795559778,0.005835712214724885,0.0005835712214724885,0.1736111111111111,0.1232638888888889,0.05312741133901808,0.04268333481417762,0.5344444513320923
8,27,adaptive_crosssdc_cmr,hinge,1.0,0.1,0.39316995276345146,0.11148515343666077,1.999212384223938,0.011148515343666078,0.006200011509160201,0.0006200011509160201,0.16319444444444445,0.13541666666666666,0.05482132277554936,0.046454846445057124,0.5342222452163696
8,28,adaptive_crosssdc_cmr,hinge,1.0,0.1,0.3858347435792287,0.11711034841007656,2.1018465095096164,0.011711034841007656,0.005734709608885977,0.0005734709608885977,0.1605902777777778,0.14149305555555555,0.05278432658976979,0.04574369308021334,0.532444417476654
8,29,adaptive_crosssdc_cmr,hinge,1.0,0.1,0.3746683994928996,0.10312977929910024,2.050514234436883,0.010312977929910025,0.004941973912840088,0.0004941973912840088,0.15364583333333334,0.0954861111111111,0.0493594395617644,0.039632626705699496,0.5379999876022339
8,30,adaptive_crosssdc_cmr,hinge,1.0,0.1,0.3722359571192,0.11827843305137423,2.0134911669625177,0.011827843305137423,0.005202696891501546,0.0005202696891501547,0.1605902777777778,0.12239583333333333,0.04902419075369835,0.04329160559508535,0.5375555753707886
8,31,adaptive_crosssdc_cmr,hinge,1.0,0.1,0.36944985058572555,0.11013500723573896,1.982230994436476,0.011013500723573898,0.004675027060632904,0.0004675027060632904,0.1527777777777778,0.09461805555555555,0.04739608946773741,0.03978211308519045,0.531333327293396
8,32,adaptive_crosssdc_cmr,hinge,1.0,0.1,0.3683481514453888,0.1168611670533816,2.0638654629389444,0.011686116705338161,0.0037135762265986865,0.00037135762265986865,0.11979166666666667,0.10677083333333333,0.0435775290760729,0.040285836491319865,0.5353333353996277
8,33,adaptive_crosssdc_cmr,hinge,1.0,0.1,0.36334047714869183,0.11018820852041245,2.033307512601217,0.011018820852041245,0.004509766767215397,0.00045097667672153977,0.13802083333333334,0.10677083333333333,0.046445927686161466,0.040910106980138354,0.5344444513320923
8,34,adaptive_crosssdc_cmr,hinge,1.0,0.1,0.3594780233171251,0.10809293554888831,2.0106060637368097,0.010809293554888832,0.003322565695270896,0.0003322565695270896,0.125,0.1171875,0.04241379640168614,0.04266729288631015,0.535111129283905
8,35,adaptive_crosssdc_cmr,hinge,1.0,0.1,0.34747042920854354,0.10396996719969644,1.925754017300076,0.010396996719969645,0.0038841013641407094,0.00038841013641407096,0.12760416666666666,0.11371527777777778,0.04467934163080321,0.039058574164907135,0.5337777733802795
8,36,adaptive_crosssdc_cmr,hinge,1.0,0.1,0.3434230585892995,0.10304023242659038,1.9764513439602323,0.01030402324265904,0.002494221346245872,0.0002494221346245872,0.10416666666666667,0.078125,0.038972230835093394,0.03424354601237509,0.535111129283905
8,37,adaptive_crosssdc_cmr,hinge,1.0,0.1,0.3430676493379805,0.11168344070514043,1.9720760451422796,0.011168344070514043,0.002610650831936962,0.00026106508319369623,0.1189236111111111,0.08854166666666667,0.04392841913633876,0.035998278194003634,0.5373333096504211
8,38,adaptive_crosssdc_cmr,hinge,1.0,0.1,0.337992658217748,0.10584619806872474,2.028305345111423,0.010584619806872475,0.0027007198530352777,0.00027007198530352777,0.09375,0.09027777777777778,0.03885880816313955,0.03750669273237387,0.5406666398048401
8,39,adaptive_crosssdc_cmr,hinge,1.0,0.1,0.3309829400645362,0.10944987916284138,2.0153938399420843,0.010944987916284139,0.002521541137765679,0.0002521541137765679,0.09375,0.07899305555555555,0.03935084491968155,0.03474028305047088,0.5375555753707886
8,40,adaptive_crosssdc_cmr,hinge,1.0,0.1,0.32738115390141803,0.10215957876708773,2.0278854370117188,0.010215957876708773,0.002454108817295896,0.0002454108817295896,0.10503472222222222,0.07552083333333333,0.040970641291803785,0.036917225975129336,0.5371111035346985
8,41,adaptive_crosssdc_cmr,hinge,1.0,0.1,0.32658035225338405,0.10531740138928096,2.087614165412055,0.010531740138928096,0.002940999111160636,0.0002940999111160636,0.109375,0.078125,0.04103004766835107,0.03726803697645664,0.5400000214576721
8,42,adaptive_crosssdc_cmr,hinge,1.0,0.1,0.32218314541710746,0.10403022252851063,2.0402734676996865,0.010403022252851064,0.0024021686209986606,0.00024021686209986607,0.09461805555555555,0.0842013888888889,0.03789044295748075,0.03644215025835567,0.5408889055252075
8,43,adaptive_crosssdc_cmr,hinge,1.0,0.1,0.3198162019252777,0.10054610669612885,2.0492305755615234,0.010054610669612885,0.0024749584392540986,0.0002474958439254099,0.09895833333333333,0.07291666666666667,0.037915896624326706,0.03316005215876632,0.5413333177566528
8,44,adaptive_crosssdc_cmr,hinge,1.0,0.1,0.32149169511265224,0.10476338201098973,2.0380124515957303,0.010476338201098973,0.0026520393633594117,0.00026520393633594117,0.0920138888888889,0.0798611111111111,0.03898020626770125,0.03365743118855688,0.5422222018241882
8,45,adaptive_crosssdc_cmr,hinge,1.0,0.1,0.3174228635099199,0.09230605761210124,1.970287799835205,0.009230605761210124,0.002555861202482548,0.0002555861202482548,0.09895833333333333,0.0876736111111111,0.03820628051956495,0.036372097209095955,0.5388888716697693
8,46,adaptive_crosssdc_cmr,hinge,1.0,0.1,0.32202475931909347,0.10533355590369967,2.0394449498918323,0.010533355590369968,0.0024116592636952796,0.00024116592636952796,0.09895833333333333,0.0642361111111111,0.03552469549079736,0.03130861413147715,0.5386666655540466
8,47,adaptive_crosssdc_cmr,hinge,1.0,0.1,0.3268744150797526,0.1091265661848916,2.0644732581244574,0.01091265661848916,0.0031808654053343665,0.00031808654053343667,0.10416666666666667,0.0876736111111111,0.03711364997757806,0.033575208857655525,0.539555549621582
8,48,adaptive_crosssdc_cmr,hinge,1.0,0.1,0.32776151100794476,0.09957455181413227,2.021469897694058,0.009957455181413229,0.002824959241681629,0.0002824959241681629,0.0954861111111111,0.0798611111111111,0.03528857562277052,0.031536596102846995,0.5415555834770203
8,49,adaptive_crosssdc_cmr,hinge,1.0,0.1,0.32238766219880843,0.10139091561237971,2.121389547983805,0.010139091561237972,0.002669256659121149,0.00026692566591211494,0.09114583333333333,0.07465277777777778,0.03452712152567175,0.03244154362214936,0.5391111373901367
8,50,adaptive_crosssdc_cmr,hinge,1.0,0.1,0.31113799413045246,0.09692709644635518,1.9927034113142226,0.00969270964463552,0.0018497700673631495,0.00018497700673631497,0.09288194444444445,0.059027777777777776,0.0350992733405696,0.027929571146766346,0.5419999957084656
8,51,adaptive_crosssdc_cmr,hinge,1.0,0.1,0.3097225824991862,0.10346539318561554,1.9771253135469224,0.010346539318561554,0.0022290025113357436,0.00022290025113357438,0.0798611111111111,0.0685763888888889,0.032609160161680646,0.029477806347939704,0.5433333516120911
8,52,adaptive_crosssdc_cmr,hinge,1.0,0.1,0.30395885639720494,0.09831164280573527,2.045654786957635,0.009831164280573528,0.0019351537274714145,0.00019351537274714145,0.08854166666666667,0.06944444444444445,0.032041080503000155,0.031695142595304385,0.542888879776001
8,53,adaptive_crosssdc_cmr,hinge,1.0,0.1,0.3032222588857015,0.09721662600835164,2.035544925265842,0.009721662600835165,0.001926868791795439,0.0001926868791795439,0.07899305555555555,0.058159722222222224,0.031814042685760394,0.029604636546638276,0.5433333516120911
8,54,adaptive_crosssdc_cmr,hinge,1.0,0.1,0.29988570014635724,0.09233249227205913,2.0807673931121826,0.009233249227205913,0.0017697335505444142,0.00017697335505444144,0.0685763888888889,0.059027777777777776,0.03164260751671261,0.03168326057493687,0.5413333177566528
8,55,adaptive_crosssdc_cmr,hinge,1.0,0.1,0.2942556076579624,0.09878088119957182,1.981394370396932,0.009878088119957183,0.0016680958344497615,0.00016680958344497616,0.06597222222222222,0.050347222222222224,0.030945262354281213,0.027292798997627363,0.550000011920929
8,56,adaptive_crosssdc_cmr,hinge,1.0,0.1,0.2918231586615245,0.09139069418112437,2.011679901017083,0.009139069418112438,0.0018948435576425658,0.00018948435576425659,0.07552083333333333,0.0703125,0.03071859623822901,0.03362005059089926,0.5422222018241882
8,57,adaptive_crosssdc_cmr,hinge,1.0,0.1,0.2910074094931285,0.09930275546179877,2.0535346269607544,0.009930275546179878,0.001463356104472445,0.00014633561044724453,0.07118055555555555,0.044270833333333336,0.030762503958410688,0.026828993525769975,0.5442222356796265
8,58,adaptive_crosssdc_cmr,hinge,1.0,0.1,0.29159898890389335,0.09198069986369875,2.101378255420261,0.009198069986369876,0.0018201986482987802,0.00018201986482987802,0.058159722222222224,0.06944444444444445,0.03070565230316586,0.03038656235569053,0.5484444499015808
8,59,adaptive_crosssdc_cmr,hinge,1.0,0.1,0.30314041839705574,0.09974451114734013,2.0609694851769342,0.009974451114734014,0.002247975337215596,0.0002247975337215596,0.08680555555555555,0.0642361111111111,0.0318361586994595,0.03148400493794017,0.5462222099304199
8,60,adaptive_crosssdc_cmr,hinge,1.0,0.1,0.29878958066304523,0.09996184623903698,2.068220191531711,0.009996184623903698,0.001501599029223952,0.00015015990292239521,0.06944444444444445,0.04600694444444445,0.029126156949334674,0.02509044048686822,0.5468888878822327
8,61,adaptive_crosssdc_cmr,hinge,1.0,0.1,0.29583532280392116,0.09349176204866833,1.9638870027330186,0.009349176204866833,0.0015661587757575843,0.00015661587757575843,0.06684027777777778,0.06597222222222222,0.02810076831115617,0.028865191878543958,0.5455555319786072
8,62,adaptive_crosssdc_cmr,hinge,1.0,0.1,0.3038482235537635,0.10351225899325477,2.136779162618849,0.010351225899325477,0.0028325322135869,0.00028325322135869,0.09722222222222222,0.06336805555555555,0.03400545029176606,0.02904515630669064,0.5435555577278137
8,63,adaptive_crosssdc_cmr,hinge,1.0,0.1,0.30057534244325423,0.0958753451704979,2.0626772774590387,0.00958753451704979,0.002130759698856208,0.0002130759698856208,0.07118055555555555,0.0546875,0.031126556711064443,0.02720946114924219,0.5508888959884644
8,64,adaptive_crosssdc_cmr,hinge,1.0,0.1,0.30713430378172135,0.08941878543959723,2.022601922353109,0.008941878543959723,0.0025841169861248797,0.00025841169861248796,0.09809027777777778,0.0703125,0.03129702992737293,0.027647928438252874,0.5451111197471619
8,65,adaptive_crosssdc_cmr,hinge,1.0,0.1,0.3139842516846127,0.09645841353469425,2.1348883046044245,0.009645841353469426,0.0029002625443455246,0.00029002625443455245,0.1015625,0.058159722222222224,0.03248186740610334,0.02523337056239446,0.5484444499015808
8,66,adaptive_crosssdc_cmr,hinge,1.0,0.1,0.3083381586604648,0.10322904669576222,2.096105310651991,0.010322904669576222,0.0024716084202130637,0.00024716084202130637,0.07118055555555555,0.0720486111111111,0.029869517104493246,0.027639989223745134,0.5493333339691162
8,67,adaptive_crosssdc_cmr,hinge,1.0,0.1,0.3061223261886173,0.10436458554532793,2.08593389723036,0.010436458554532794,0.002336616705482205,0.0002336616705482205,0.07899305555555555,0.0625,0.030718460886014834,0.02586637602912055,0.5471110939979553
8,68,adaptive_crosssdc_cmr,hinge,1.0,0.1,0.30311646726396346,0.08961038953728145,2.0518449677361383,0.008961038953728146,0.0017246929152558248,0.0001724692915255825,0.06684027777777778,0.05642361111111111,0.026100354683068063,0.025282880291342735,0.5515555739402771
8,69,adaptive_crosssdc_cmr,hinge,1.0,0.1,0.2960287796126472,0.09228388302856022,1.9631357457902696,0.009228388302856022,0.002041108595828215,0.00020411085958282153,0.07465277777777778,0.0625,0.02686242614355352,0.02690105450650056,0.5504444241523743
8,70,adaptive_crosssdc_cmr,hinge,1.0,0.1,0.29202980134222245,0.09649881389405993,2.032951659626431,0.009649881389405993,0.0013732004509721366,0.00013732004509721366,0.059027777777777776,0.04513888888888889,0.025296062231063843,0.02260445472266939,0.5508888959884644
8,71,adaptive_crosssdc_cmr,hinge,1.0,0.1,0.2925991780228085,0.09858692354626125,2.0232707129584417,0.009858692354626126,0.0018268435895960364,0.00018268435895960365,0.0642361111111111,0.06076388888888889,0.026004374648133915,0.02609487622976303,0.5508888959884644
8,72,adaptive_crosssdc_cmr,hinge,1.0,0.1,0.2830648720264435,0.09124044742849138,1.97330023182763,0.00912404474284914,0.0012207435049478793,0.00012207435049478793,0.057291666666666664,0.04861111111111111,0.024060312658548355,0.02474365197122097,0.54666668176651
8,73,adaptive_crosssdc_cmr,hinge,1.0,0.1,0.2781623105208079,0.09387166880899006,2.130436897277832,0.009387166880899007,0.0012007472169999448,0.00012007472169999449,0.049479166666666664,0.034722222222222224,0.02496691130929523,0.024115786991185613,0.5486666560173035
8,74,adaptive_crosssdc_cmr,hinge,1.0,0.1,0.2751053637928433,0.09370229476028019,2.0419393248028226,0.00937022947602802,0.0011244170697561155,0.00011244170697561156,0.04513888888888889,0.03819444444444445,0.023163255924979847,0.02411208777791924,0.5535555481910706
8,75,adaptive_crosssdc_cmr,hinge,1.0,0.1,0.27942371037271285,0.0926593186126815,2.194776031706068,0.00926593186126815,0.001252431965743502,0.0001252431965743502,0.049479166666666664,0.050347222222222224,0.02460575993690226,0.026475658640265465,0.554444432258606
8,76,adaptive_crosssdc_cmr,hinge,1.0,0.1,0.2771732343567742,0.088536084526115,1.9978036748038397,0.008853608452611501,0.0011124145595305082,0.00011124145595305083,0.05295138888888889,0.04600694444444445,0.024302268400788307,0.0248122275289562,0.5533333420753479
8,77,adaptive_crosssdc_cmr,hinge,1.0,0.1,0.2776462667518192,0.09432450268003675,2.150709946950277,0.009432450268003677,0.0011765487854265505,0.00011765487854265506,0.052083333333333336,0.04513888888888889,0.023690494812197156,0.02478532927731673,0.5493333339691162
8,78,adaptive_crosssdc_cmr,hinge,1.0,0.1,0.2756284674008687,0.08904563966724607,2.0391954448488026,0.008904563966724607,0.0013838680752087384,0.00013838680752087384,0.03819444444444445,0.05295138888888889,0.023433734973271687,0.02675771713256836,0.5484444499015808
8,79,adaptive_crosssdc_cmr,hinge,1.0,0.1,0.27501222160127425,0.09047346148225996,2.019243319829305,0.009047346148225997,0.0011622106863392724,0.00011622106863392725,0.052083333333333336,0.04079861111111111,0.023586623577608004,0.023935279705458216,0.5464444160461426
8,80,adaptive_crosssdc_cmr,hinge,1.0,0.1,0.275381733973821,0.09374339216285282,2.037131812837389,0.009374339216285282,0.0011871065750407677,0.00011871065750407677,0.04774305555555555,0.04861111111111111,0.023464523462785616,0.025636778730485175,0.5502222180366516
8,81,adaptive_crosssdc_cmr,hinge,1.0,0.1,0.272301498386595,0.08794288999504513,2.086392800013224,0.008794288999504513,0.0011341978679411113,0.00011341978679411114,0.04861111111111111,0.050347222222222224,0.023752484884526994,0.024877026677131653,0.5497778058052063
8,82,adaptive_crosssdc_cmr,hinge,1.0,0.1,0.267905013428794,0.08483523709906472,2.046502616670397,0.008483523709906472,0.0011643506521876487,0.00011643506521876487,0.04774305555555555,0.049479166666666664,0.023758208172188863,0.023364512249827385,0.5497778058052063
8,83,adaptive_crosssdc_cmr,hinge,1.0,0.1,0.27030200097295976,0.09758495622211033,2.0163995954725475,0.009758495622211033,0.0009013907886886349,9.013907886886349e-05,0.04600694444444445,0.03298611111111111,0.023035415551728673,0.02275686938729551,0.5506666898727417
8,84,adaptive_crosssdc_cmr,hinge,1.0,0.1,0.2692816952864329,0.08871448867850834,2.107432974709405,0.008871448867850835,0.001277129967800445,0.0001277129967800445,0.05295138888888889,0.03993055555555555,0.025067805623014767,0.024108883200420275,0.5491111278533936
8,85,adaptive_crosssdc_cmr,hinge,1.0,0.1,0.2929920057455699,0.09203622076246473,2.0550357368257313,0.009203622076246474,0.0017631489705915253,0.00017631489705915255,0.06336805555555555,0.05381944444444445,0.024889898382955127,0.023161162725753255,0.5473333597183228
8,86,adaptive_crosssdc_cmr,hinge,1.0,0.1,0.2911754681004418,0.08532354566786024,2.028035667207506,0.008532354566786025,0.002548765869707697,0.0002548765869707697,0.0859375,0.06684027777777778,0.027868114411830902,0.024159226566553116,0.5506666898727417
8,87,adaptive_crosssdc_cmr,hinge,1.0,0.1,0.2862377530998654,0.09101949963304731,2.019637121094598,0.009101949963304731,0.0017850937308847075,0.00017850937308847077,0.0546875,0.0642361111111111,0.023949993774294853,0.026725537247127958,0.5471110939979553
8,88,adaptive_crosssdc_cmr,hinge,1.0,0.1,0.27813656131426495,0.0935203888350063,2.0845680236816406,0.00935203888350063,0.0012596283017450736,0.00012596283017450737,0.044270833333333336,0.04861111111111111,0.021859708345598645,0.02439114886025588,0.54666668176651
8,89,adaptive_crosssdc_cmr,hinge,1.0,0.1,0.27323957284291583,0.09146478275458018,2.0678243239720664,0.009146478275458019,0.0013953443235045092,0.00013953443235045093,0.04600694444444445,0.0546875,0.02221288966635863,0.02376605694492658,0.5486666560173035
8,90,adaptive_crosssdc_cmr,hinge,1.0,0.1,0.2749963634543949,0.09589876896805233,2.0977433919906616,0.009589876896805233,0.0010538584901951253,0.00010538584901951254,0.0390625,0.04861111111111111,0.021007242509060435,0.021184492235382397,0.5508888959884644
8,91,adaptive_crosssdc_cmr,hinge,1.0,0.1,0.2640484306547377,0.09367783615986507,1.9781976011064317,0.009367783615986508,0.0009949617136347417,9.949617136347418e-05,0.036458333333333336,0.0390625,0.021138762020402484,0.021032352414396074,0.5522222518920898
8,92,adaptive_crosssdc_cmr,hinge,1.0,0.1,0.26000523898336625,0.08940018879042731,2.1699307759602866,0.008940018879042732,0.0009638009279216123,9.638009279216124e-05,0.03211805555555555,0.04079861111111111,0.020564893467558756,0.02267754471136464,0.5508888959884644
8,93,adaptive_crosssdc_cmr,hinge,1.0,0.1,0.2608790993690491,0.08709915892945395,2.08266109890408,0.008709915892945395,0.000582101897129582,5.8210189712958206e-05,0.029513888888888888,0.035590277777777776,0.018139324254459806,0.02136149112549093,0.5506666898727417
8,94,adaptive_crosssdc_cmr,hinge,1.0,0.1,0.25866733822557664,0.09487694253524144,2.137344386842516,0.009487694253524144,0.0006550968165457663,6.550968165457663e-05,0.026041666666666668,0.034722222222222224,0.019702123064133856,0.020108252970708743,0.5531111359596252
8,95,adaptive_crosssdc_cmr,hinge,1.0,0.1,0.25214340951707626,0.0849818198217286,2.0316522121429443,0.008498181982172861,0.00041125478471965634,4.112547847196564e-05,0.0234375,0.020833333333333332,0.019324073774947062,0.018181033639444247,0.5537777543067932
8,96,adaptive_crosssdc_cmr,hinge,1.0,0.1,0.2527264753977458,0.09003706607553694,1.993162473042806,0.009003706607553693,0.0006529157205174366,6.529157205174367e-05,0.0234375,0.0390625,0.020324672468834452,0.022295209682650037,0.5497778058052063
8,97,adaptive_crosssdc_cmr,hinge,1.0,0.1,0.25277552008628845,0.09942447228564157,2.103541851043701,0.009942447228564157,0.0003837217518594116,3.8372175185941164e-05,0.024305555555555556,0.0234375,0.019092194529043302,0.020162284788158204,0.5517777800559998
8,98,adaptive_crosssdc_cmr,hinge,1.0,0.1,0.256343522005611,0.09012975129816267,2.161021762424045,0.009012975129816267,0.0008515554169813792,8.515554169813792e-05,0.03732638888888889,0.03819444444444445,0.02135430421266291,0.02512067411508825,0.5484444499015808
8,99,adaptive_crosssdc_cmr,hinge,1.0,0.1,0.2620747420522902,0.08872732685671912,2.1224865913391113,0.008872732685671913,0.001014936618351688,0.0001014936618351688,0.046875,0.06163194444444445,0.02279895357787609,0.024800760878456965,0.5526666641235352
8,100,adaptive_crosssdc_cmr,hinge,1.0,0.1,0.25230200091997784,0.09056105381912655,2.145998822318183,0.009056105381912654,0.000672736357147288,6.72736357147288e-05,0.028645833333333332,0.030381944444444444,0.020682368013593886,0.021151524864965014,0.5493333339691162
8,101,adaptive_crosssdc_cmr,hinge,1.0,0.1,0.25293225877814823,0.09784324136045244,2.104395177629259,0.009784324136045245,0.0004856352946565797,4.856352946565797e-05,0.024305555555555556,0.030381944444444444,0.019826415305336315,0.02347318186528153,0.5526666641235352
8,102,adaptive_crosssdc_cmr,hinge,1.0,0.1,0.24630421068933275,0.08353256103065279,2.032902571890089,0.00835325610306528,0.0004883456022071186,4.883456022071187e-05,0.027777777777777776,0.029513888888888888,0.020064315655165248,0.02106587982012166,0.5533333420753479
8,103,adaptive_crosssdc_cmr,hinge,1.0,0.1,0.2485802306069268,0.09014623860518138,2.115996970070733,0.009014623860518139,0.0005766414251411334,5.766414251411334e-05,0.019965277777777776,0.03819444444444445,0.01956572735475169,0.02218651564584838,0.5519999861717224
8,104,adaptive_crosssdc_cmr,hinge,1.0,0.1,0.2446008241838879,0.08661917762623893,1.9988348616494074,0.008661917762623893,0.0005530800473126066,5.5308004731260664e-05,0.03211805555555555,0.029513888888888888,0.020052363061242633,0.021850257077150874,0.5517777800559998
8,105,adaptive_crosssdc_cmr,hinge,1.0,0.1,0.24540757139523825,0.08665597107675341,2.0074398517608643,0.008665597107675341,0.0005087664451113798,5.087664451113799e-05,0.026909722222222224,0.028645833333333332,0.019924433281024296,0.021957665888799563,0.5542222261428833
8,106,adaptive_crosssdc_cmr,hinge,1.0,0.1,0.24576781690120697,0.09066162506739299,2.1713731553819446,0.009066162506739299,0.0006838627014076337,6.838627014076337e-05,0.024305555555555556,0.04600694444444445,0.019321637228131294,0.023631538367933698,0.5504444241523743
8,107,adaptive_crosssdc_cmr,hinge,1.0,0.1,0.24016921056641471,0.08412790215677685,2.069789184464349,0.008412790215677686,0.0005554840495784043,5.554840495784043e-05,0.020833333333333332,0.0390625,0.019201371404859755,0.02313959888286061,0.5524444580078125
8,108,adaptive_crosssdc_cmr,hinge,1.0,0.1,0.24583640032344395,0.0857597291469574,2.0041580862469144,0.00857597291469574,0.0004492647987919756,4.492647987919756e-05,0.026909722222222224,0.026041666666666668,0.020647462457418442,0.021253697781099215,0.5515555739402771
8,109,adaptive_crosssdc_cmr,hinge,1.0,0.1,0.2433859192662769,0.08640792303615147,2.086821688546075,0.008640792303615146,0.0004709731470534785,4.7097314705347854e-05,0.022569444444444444,0.03211805555555555,0.019032320628563564,0.021433185165127117,0.5531111359596252
8,110,adaptive_crosssdc_cmr,hinge,1.0,0.1,0.2445763217078315,0.08502522855997086,1.9663469658957586,0.008502522855997086,0.0005039291694023026,5.039291694023026e-05,0.0234375,0.025173611111111112,0.019372669152087636,0.020377458590600226,0.5495555400848389
8,111,adaptive_crosssdc_cmr,hinge,1.0,0.1,0.2486825469467375,0.08694355603721407,2.129214260313246,0.008694355603721407,0.0005983627149059126,5.983627149059127e-05,0.026909722222222224,0.041666666666666664,0.020564916854103405,0.02181559842493799,0.5513333082199097
8,112,adaptive_crosssdc_cmr,hinge,1.0,0.1,0.2548302362362544,0.0885717554224862,2.113735702302721,0.008857175542248621,0.0007250717640595718,7.250717640595719e-05,0.042534722222222224,0.028645833333333332,0.02143895584676001,0.019715759075350232,0.5553333163261414
8,113,adaptive_crosssdc_cmr,hinge,1.0,0.1,0.2458808587657081,0.08932369616296557,2.195754395590888,0.008932369616296556,0.0006085265356685139,6.085265356685139e-05,0.0234375,0.03298611111111111,0.020344216376543045,0.023198908401860133,0.5502222180366516
8,114,adaptive_crosssdc_cmr,hinge,1.0,0.1,0.24698675175507864,0.0862969954808553,2.119280868106418,0.008629699548085531,0.000693010337676646,6.93010337676646e-05,0.03211805555555555,0.03125,0.020741071552038193,0.020987023909886677,0.554444432258606
8,115,adaptive_crosssdc_cmr,hinge,1.0,0.1,0.255581056078275,0.0897758627931277,2.0824476215574474,0.00897758627931277,0.0009001119372745355,9.001119372745356e-05,0.04079861111111111,0.04600694444444445,0.02056870816482438,0.022469856672816806,0.5504444241523743
8,116,adaptive_crosssdc_cmr,hinge,1.0,0.1,0.2563616699642605,0.08743282324737972,2.1546773115793862,0.008743282324737972,0.0010539742409794901,0.00010539742409794901,0.036458333333333336,0.043402777777777776,0.020228517552216847,0.021637134460939303,0.5546666383743286
8,117,adaptive_crosssdc_cmr,hinge,1.0,0.1,0.2468176633119583,0.09120580885145399,2.0746228959825306,0.0091205808851454,0.0009236382837924692,9.236382837924692e-05,0.036458333333333336,0.03732638888888889,0.02047585944334666,0.02139180712401867,0.554888904094696
8,118,adaptive_crosssdc_cmr,hinge,1.0,0.1,0.2527119070291519,0.08747633463806576,2.097199492984348,0.008747633463806576,0.0006145368323713127,6.145368323713127e-05,0.0234375,0.029513888888888888,0.018056939873430464,0.01954750923646821,0.5515555739402771
8,119,adaptive_crosssdc_cmr,hinge,1.0,0.1,0.25360188715987736,0.08770541515615252,2.0833713743421765,0.008770541515615252,0.0009495114403155943,9.495114403155943e-05,0.043402777777777776,0.035590277777777776,0.020097865619593196,0.020185110676619742,0.5475555658340454
8,120,adaptive_crosssdc_cmr,hinge,1.0,0.1,0.2557528101735645,0.0861402220196194,2.073540369669596,0.008614022201961941,0.001018014924031579,0.0001018014924031579,0.035590277777777776,0.046875,0.01949817169871595,0.02240814661814107,0.5491111278533936
8,121,adaptive_crosssdc_cmr,hinge,1.0,0.1,0.2683340377277798,0.08318527374002668,2.0932169093026056,0.008318527374002668,0.0017809077528201872,0.00017809077528201873,0.05642361111111111,0.042534722222222224,0.022815784646405116,0.020276766270399094,0.5484444499015808
8,122,adaptive_crosssdc_cmr,hinge,1.0,0.1,0.2600061661667294,0.08633608784940508,2.0864086283577814,0.008633608784940508,0.0011544543894059542,0.00011544543894059542,0.04513888888888889,0.04600694444444445,0.020236540792716876,0.020961506499184504,0.5577777624130249
8,123,adaptive_crosssdc_cmr,hinge,1.0,0.1,0.25419674648178947,0.0837132301595476,2.114738384882609,0.00837132301595476,0.0011522104097012845,0.00011522104097012845,0.04079861111111111,0.04513888888888889,0.021092620367805164,0.020717398160033755,0.5475555658340454
8,124,adaptive_crosssdc_cmr,hinge,1.0,0.1,0.2536015758911769,0.09116995748546389,2.0525755882263184,0.009116995748546389,0.0007217616334350572,7.217616334350572e-05,0.034722222222222224,0.026041666666666668,0.01762321053279771,0.018195738188094564,0.5559999942779541
8,125,adaptive_crosssdc_cmr,hinge,1.0,0.1,0.24693318373627132,0.08659789876805411,2.0684361192915173,0.008659789876805412,0.0008955348716376142,8.955348716376143e-05,0.03211805555555555,0.036458333333333336,0.017537140804860327,0.020133392471406195,0.5531111359596252
8,126,adaptive_crosssdc_cmr,hinge,1.0,0.1,0.24488045771916708,0.08305143233802584,2.1617260773976645,0.008305143233802584,0.0006422428575913525,6.422428575913525e-05,0.0234375,0.03819444444444445,0.01754449038869805,0.01986131403181288,0.554444432258606
8,127,adaptive_crosssdc_cmr,hinge,1.0,0.1,0.24931720230314466,0.08613260587056477,2.0064847336875067,0.008613260587056477,0.0005393445381842968,5.393445381842968e-05,0.028645833333333332,0.030381944444444444,0.018820600998070505,0.019245591428544786,0.5533333420753479
8,128,adaptive_crosssdc_cmr,hinge,1.0,0.1,0.2594718916548623,0.08749086492591435,2.1251243220435247,0.008749086492591434,0.0007069096544809225,7.069096544809226e-05,0.029513888888888888,0.033854166666666664,0.017760656360122893,0.019237606682711177,0.5513333082199097
8,129,adaptive_crosssdc_cmr,hinge,1.0,0.1,0.2607537756363551,0.09069374865955776,1.9817091359032526,0.009069374865955776,0.0013329634417055382,0.00013329634417055382,0.049479166666666664,0.034722222222222224,0.021454337570402358,0.020166329211658902,0.5493333339691162
8,130,adaptive_crosssdc_cmr,hinge,1.0,0.1,0.26188428203264874,0.0914740338921547,2.0950510766771107,0.009147403389215469,0.0011172772016531478,0.00011172772016531479,0.041666666666666664,0.03732638888888889,0.01917607606285148,0.02072406394614114,0.5524444580078125
8,131,adaptive_crosssdc_cmr,hinge,1.0,0.1,0.258336098657714,0.08479653712775972,2.073954979578654,0.008479653712775972,0.001285992546602049,0.0001285992546602049,0.03819444444444445,0.041666666666666664,0.01885026941696803,0.021172374279962644,0.5506666898727417
8,132,adaptive_crosssdc_cmr,hinge,1.0,0.1,0.27995938062667847,0.08815524561537637,2.228237681918674,0.008815524561537637,0.0013953004963696003,0.00013953004963696003,0.04600694444444445,0.052083333333333336,0.020523798341552418,0.021029776997036405,0.5540000200271606
8,133,adaptive_crosssdc_cmr,hinge,1.0,0.1,0.280939605500963,0.08655062069495519,2.1426497300465903,0.008655062069495519,0.0017015694562966626,0.00017015694562966626,0.059895833333333336,0.05555555555555555,0.020607081552346546,0.0214767727173037,0.5468888878822327
8,134,adaptive_crosssdc_cmr,hinge,1.0,0.1,0.28083259529537624,0.08730417407221264,2.1304068830278187,0.008730417407221264,0.0015063803423092598,0.00015063803423092599,0.05642361111111111,0.043402777777777776,0.020813603575030964,0.018992994394567277,0.5477777719497681
8,135,adaptive_crosssdc_cmr,hinge,1.0,0.1,0.27043986982769436,0.08260225504636765,1.9899070262908936,0.008260225504636764,0.001859372986170153,0.0001859372986170153,0.0546875,0.05295138888888889,0.02027860739164882,0.02067780743042628,0.5473333597183228
8,136,adaptive_crosssdc_cmr,hinge,1.0,0.1,0.2613271127144496,0.08632701883713405,2.070670896106296,0.008632701883713406,0.00104370913727002,0.00010437091372700201,0.0390625,0.043402777777777776,0.018707374731699627,0.01851611149807771,0.5491111278533936
8,137,adaptive_crosssdc_cmr,hinge,1.0,0.1,0.25060585306750405,0.08906473964452744,2.108609676361084,0.008906473964452743,0.00082752744654297,8.2752744654297e-05,0.025173611111111112,0.041666666666666664,0.017051852204733424,0.017205177081955805,0.5513333082199097
8,138,adaptive_crosssdc_cmr,hinge,1.0,0.1,0.24407186441951328,0.08309297263622284,2.1085977024502225,0.008309297263622284,0.0005915006832866413,5.9150068328664126e-05,0.020833333333333332,0.027777777777777776,0.01574189133114285,0.015085057665904364,0.5522222518920898
8,139,adaptive_crosssdc_cmr,hinge,1.0,0.1,0.24008633196353912,0.09082166188293034,2.078080866071913,0.009082166188293035,0.0003915139689828114,3.915139689828114e-05,0.019965277777777776,0.019097222222222224,0.014762925398018625,0.015936644954813853,0.5537777543067932
8,140,adaptive_crosssdc_cmr,hinge,1.0,0.1,0.2368729164203008,0.08105142166217168,1.9940882126490276,0.008105142166217168,0.0004501262463034234,4.5012624630342345e-05,0.019097222222222224,0.03125,0.016403722887237866,0.01776293334033754,0.551111102104187
8,141,adaptive_crosssdc_cmr,hinge,1.0,0.1,0.24035708606243134,0.09462678101327684,2.173135995864868,0.009462678101327684,0.00040093973378437414,4.009397337843742e-05,0.011284722222222222,0.022569444444444444,0.015127109777596261,0.016259351124366123,0.5524444580078125
8,142,adaptive_crosssdc_cmr,hinge,1.0,0.1,0.24060285091400146,0.08704892380370034,2.0352045694986978,0.008704892380370035,0.0004776595354390641,4.776595354390641e-05,0.019965277777777776,0.029513888888888888,0.016551155183050368,0.01714307525091701,0.5568888783454895
8,143,adaptive_crosssdc_cmr,hinge,1.0,0.1,0.23971273170577156,0.0870533072286182,2.0934779114193387,0.008705330722861821,0.0007025246628068595,7.025246628068596e-05,0.019965277777777776,0.034722222222222224,0.016461188801460795,0.018263560202386644,0.5504444241523743
8,144,adaptive_crosssdc_cmr,hinge,1.0,0.1,0.237546283337805,0.08619243072138892,2.0408931573232016,0.008619243072138892,0.000487324909449348,4.8732490944934805e-05,0.018229166666666668,0.0234375,0.015849967797597248,0.017041151722272236,0.5524444580078125
8,145,adaptive_crosssdc_cmr,hinge,1.0,0.1,0.23629084395037758,0.08821885287761688,2.112882216771444,0.00882188528776169,0.0003357680856829069,3.357680856829069e-05,0.017361111111111112,0.03211805555555555,0.01608310929603047,0.017770517617464066,0.5542222261428833
8,146,adaptive_crosssdc_cmr,hinge,1.0,0.1,0.23579463197125328,0.08640507774220572,2.145854843987359,0.008640507774220573,0.0003725918165097634,3.725918165097634e-05,0.022569444444444444,0.028645833333333332,0.016735915922456317,0.018094356896148786,0.550000011920929
8,147,adaptive_crosssdc_cmr,hinge,1.0,0.1,0.23259415394730037,0.07895296894841725,1.925420257780287,0.007895296894841725,0.0003105529572672418,3.105529572672418e-05,0.013888888888888888,0.027777777777777776,0.015295849078231387,0.01685029019912084,0.5526666641235352
8,148,adaptive_crosssdc_cmr,hinge,1.0,0.1,0.23834160798125797,0.08499226056867176,2.162359846962823,0.008499226056867176,0.0004242506579935758,4.242506579935758e-05,0.028645833333333332,0.020833333333333332,0.016357341781258583,0.01730256713926792,0.5542222261428833
8,149,adaptive_crosssdc_cmr,hinge,1.0,0.1,0.23749167058202955,0.07790657381216685,2.0129336648517184,0.007790657381216686,0.0008603674181762876,8.603674181762876e-05,0.028645833333333332,0.04079861111111111,0.016843718166152637,0.019164099047581356,0.5517777800559998
8,150,adaptive_crosssdc_cmr,hinge,1.0,0.1,0.2377962503168318,0.08143079943127102,2.1018013954162598,0.008143079943127102,0.0007137887215422881,7.137887215422881e-05,0.022569444444444444,0.035590277777777776,0.01737992424103949,0.01728168171313074,0.554888904094696
8,151,adaptive_crosssdc_cmr,hinge,1.0,0.1,0.23977686630354988,0.08843537751171324,2.2206634680430093,0.008843537751171323,0.0005941374854753829,5.9413748547538294e-05,0.027777777777777776,0.029513888888888888,0.016998819179005094,0.016878434560365148,0.5504444241523743
8,152,adaptive_crosssdc_cmr,hinge,1.0,0.1,0.2553336371978124,0.08786323997709486,2.1496296193864612,0.008786323997709487,0.0010947558233359207,0.00010947558233359208,0.04600694444444445,0.03125,0.01970554267366727,0.01745643611583445,0.550000011920929
8,153,adaptive_crosssdc_cmr,hinge,1.0,0.1,0.2525499810775121,0.08534825924370024,2.2896649307674832,0.008534825924370024,0.0011762023981039722,0.00011762023981039722,0.029513888888888888,0.03819444444444445,0.017814533164103825,0.018435064910186663,0.551111102104187
8,154,adaptive_crosssdc_cmr,hinge,1.0,0.1,0.24214926527606118,0.08801079375876321,2.045349505212572,0.008801079375876321,0.0006138567825675838,6.138567825675838e-05,0.024305555555555556,0.030381944444444444,0.016982738135589495,0.018834106624126434,0.5555555820465088
8,155,adaptive_crosssdc_cmr,hinge,1.0,0.1,0.24234118892086876,0.08262716730435689,2.0715370310677423,0.00826271673043569,0.0004854801914512387,4.854801914512387e-05,0.015625,0.027777777777777776,0.017058517783880234,0.018261863125695124,0.5497778058052063
8,156,adaptive_crosssdc_cmr,hinge,1.0,0.1,0.24103745321432749,0.07927137613296509,2.033045212427775,0.00792713761329651,0.0007905983980486377,7.905983980486377e-05,0.025173611111111112,0.0390625,0.016934379728304014,0.018809432577755716,0.5537777543067932
8,157,adaptive_crosssdc_cmr,hinge,1.0,0.1,0.23925790521833631,0.07998118218448427,1.9806221723556519,0.007998118218448428,0.0006003559319651686,6.003559319651686e-05,0.021701388888888888,0.03211805555555555,0.014902128734522395,0.017418789780802198,0.5513333082199097
8,158,adaptive_crosssdc_cmr,hinge,1.0,0.1,0.23852605124314627,0.08262246267663108,2.0851527320014105,0.008262246267663108,0.0006511061785406329,6.51106178540633e-05,0.0234375,0.026909722222222224,0.016246394771668646,0.01712594015730752,0.5555555820465088
8,159,adaptive_crosssdc_cmr,hinge,1.0,0.1,0.25798315637641483,0.07880786971913444,2.010978168911404,0.007880786971913445,0.0011395080040933357,0.00011395080040933357,0.03298611111111111,0.043402777777777776,0.017362815431422658,0.020046150518788233,0.5553333163261414
8,160,adaptive_crosssdc_cmr,hinge,1.0,0.1,0.24438914325502184,0.08376084682014254,2.1280305253134832,0.008376084682014255,0.0011185549632904844,0.00011185549632904845,0.025173611111111112,0.04861111111111111,0.015695025730464194,0.020043916793333158,0.5497778058052063
8,161,adaptive_crosssdc_cmr,hinge,1.0,0.1,0.2386766423781713,0.08301144589980443,1.9802734189563327,0.008301144589980443,0.0008158166957501736,8.158166957501737e-05,0.03211805555555555,0.026909722222222224,0.01682093967166212,0.015537643184264502,0.5519999861717224
8,162,adaptive_crosssdc_cmr,hinge,1.0,0.1,0.23891866703828177,0.08224362797207302,2.1224650806850858,0.008224362797207303,0.0005890715988243755,5.8907159882437554e-05,0.019965277777777776,0.027777777777777776,0.01579688385956817,0.017611572311984167,0.5531111359596252
8,163,adaptive_crosssdc_cmr,hinge,1.0,0.1,0.23124009536372292,0.0833371380964915,2.1318576335906982,0.008333713809649151,0.0007176512283169561,7.176512283169561e-05,0.019965277777777776,0.025173611111111112,0.015614714059564803,0.0177823296851582,0.5515555739402771
8,164,adaptive_crosssdc_cmr,hinge,1.0,0.1,0.2304665462838279,0.08138896359337701,2.143349356121487,0.008138896359337702,0.0005110985641497084,5.110985641497084e-05,0.015625,0.024305555555555556,0.016616108723812632,0.01750822861989339,0.5531111359596252
8,165,adaptive_crosssdc_cmr,hinge,1.0,0.1,0.23587235146098667,0.0891781888074345,2.133101887173123,0.00891781888074345,0.00040256716278640344,4.0256716278640345e-05,0.014756944444444444,0.029513888888888888,0.015627453931503825,0.015798143214649625,0.5571110844612122
8,166,adaptive_crosssdc_cmr,hinge,1.0,0.1,0.23814266257815891,0.08453077657355203,2.088867359691196,0.008453077657355203,0.0007960363840942995,7.960363840942995e-05,0.03211805555555555,0.026909722222222224,0.01708995612959067,0.016994501567549176,0.5528888702392578
8,167,adaptive_crosssdc_cmr,hinge,1.0,0.1,0.2339839902189043,0.07974791278441747,1.9985867606268988,0.007974791278441747,0.0003487609536326393,3.487609536326393e-05,0.012152777777777778,0.028645833333333332,0.015589670174651675,0.016686795486344233,0.5533333420753479
8,168,adaptive_crosssdc_cmr,hinge,1.0,0.1,0.23413151833746168,0.07833872073226505,2.0800636874304876,0.007833872073226505,0.00046962293951461714,4.696229395146172e-05,0.019965277777777776,0.026041666666666668,0.014963316213753488,0.015850689055191144,0.5533333420753479
8,169,adaptive_crosssdc_cmr,hinge,1.0,0.1,0.233420396844546,0.08697246346208784,2.0586456457773843,0.008697246346208784,0.0006626129389688787,6.626129389688787e-05,0.019965277777777776,0.03211805555555555,0.014563108690910868,0.017063649992148083,0.554888904094696
8,170,adaptive_crosssdc_cmr,hinge,1.0,0.1,0.22998664445347256,0.07961753590239419,2.0847942299313016,0.00796175359023942,0.0004652287429457323,4.6522874294573234e-05,0.019965277777777776,0.03211805555555555,0.016041188604301877,0.0162630844861269,0.5564444661140442
8,171,adaptive_crosssdc_cmr,hinge,1.0,0.1,0.22870192759566838,0.08526707275046243,2.1191306114196777,0.008526707275046242,0.00030869838923940226,3.086983892394023e-05,0.009548611111111112,0.027777777777777776,0.015398122991124788,0.01701499604516559,0.5517777800559998
8,172,adaptive_crosssdc_cmr,hinge,1.0,0.1,0.2228833254840639,0.08106876578595903,1.9813942909240723,0.008106876578595905,0.00033708338257080567,3.3708338257080565e-05,0.013888888888888888,0.024305555555555556,0.015026460919115279,0.015415706775254674,0.554444432258606
8,173,adaptive_crosssdc_cmr,hinge,1.0,0.1,0.22973456647660997,0.08523605432775286,2.0679065386454263,0.008523605432775286,0.0005016653125898705,5.016653125898706e-05,0.018229166666666668,0.0234375,0.015332589753799968,0.01914600758916802,0.5568888783454895
8,174,adaptive_crosssdc_cmr,hinge,1.0,0.1,0.22651548186937967,0.08314697858360079,2.119139631589254,0.008314697858360079,0.0003385688776486657,3.385688776486657e-05,0.013888888888888888,0.025173611111111112,0.015332577129205069,0.016436208246482745,0.5533333420753479
8,175,adaptive_crosssdc_cmr,hinge,1.0,0.1,0.22669996983475155,0.08037576658858193,2.0927149057388306,0.008037576658858193,0.0004263444781018835,4.263444781018835e-05,0.015625,0.024305555555555556,0.014403178046147028,0.01732202246785164,0.5559999942779541
8,176,adaptive_crosssdc_cmr,hinge,1.0,0.1,0.22425313459502327,0.0771731585264206,2.0550918181737265,0.00771731585264206,0.0004328199591125465,4.3281995911254656e-05,0.015625,0.029513888888888888,0.01590483345919185,0.01714045637183719,0.5580000281333923
8,177,adaptive_crosssdc_cmr,hinge,1.0,0.1,0.22321441769599915,0.0867051233847936,2.02612296740214,0.00867051233847936,0.00043670243465183175,4.3670243465183175e-05,0.009548611111111112,0.03298611111111111,0.014924226328730583,0.01810814667907026,0.5522222518920898
8,178,adaptive_crosssdc_cmr,hinge,1.0,0.1,0.22400645249419743,0.07630559802055359,2.106411589516534,0.007630559802055359,0.0004412072464927203,4.4120724649272037e-05,0.021701388888888888,0.019965277777777776,0.01655946961707539,0.017136744947897062,0.5584444403648376
8,179,adaptive_crosssdc_cmr,hinge,1.0,0.1,0.2392532941367891,0.09192822873592377,2.213410351011488,0.009192822873592377,0.0009246799737512548,9.246799737512549e-05,0.026909722222222224,0.035590277777777776,0.017107630976372294,0.019612144471870527,0.5517777800559998
8,180,adaptive_crosssdc_cmr,hinge,1.0,0.1,0.3469456401136186,0.08401517901155683,2.051590919494629,0.008401517901155684,0.006433977797213528,0.0006433977797213529,0.12065972222222222,0.08246527777777778,0.031664951600962214,0.023577349053488836,0.5522222518920898
8,181,adaptive_crosssdc_cmr,hinge,1.0,0.1,0.34164540635214913,0.09300944540235731,2.002529184023539,0.009300944540235731,0.005532827098957366,0.0005532827098957367,0.11284722222222222,0.08246527777777778,0.02995705956386195,0.026213430075181857,0.5519999861717224
8,182,adaptive_crosssdc_cmr,hinge,1.0,0.1,0.31667261322339374,0.08148326062493855,2.0657671557532415,0.008148326062493855,0.004466183367185295,0.0004466183367185295,0.09635416666666667,0.07552083333333333,0.026630625335706606,0.02273551147017214,0.5533333420753479
8,183,adaptive_crosssdc_cmr,hinge,1.0,0.1,0.2894008159637451,0.08422468188736174,2.0850826104482016,0.008422468188736173,0.003102719124096135,0.00031027191240961356,0.07899305555555555,0.04774305555555555,0.02327952803009086,0.016664673677749105,0.5540000200271606
8,184,adaptive_crosssdc_cmr,hinge,1.0,0.1,0.2721625566482544,0.08640957789288627,2.0690119796329074,0.008640957789288627,0.002256259813697802,0.0002256259813697802,0.0546875,0.044270833333333336,0.021005898300144408,0.015106410822934575,0.5515555739402771
8,185,adaptive_crosssdc_cmr,hinge,1.0,0.1,0.2688814053932826,0.07989134225580427,2.133505556318495,0.007989134225580428,0.002580012822161532,0.0002580012822161532,0.05555555555555555,0.051215277777777776,0.02041916838950581,0.016765031756626234,0.5531111359596252
8,186,adaptive_crosssdc_cmr,hinge,1.0,0.1,0.2572492129272885,0.08779763927062352,2.1355935202704535,0.008779763927062352,0.0010993291442799899,0.000109932914427999,0.030381944444444444,0.03211805555555555,0.015500576752755377,0.014115306445293956,0.5551111102104187
8,187,adaptive_crosssdc_cmr,hinge,1.0,0.1,0.24758029149638283,0.08801192127996021,2.0727917618221707,0.008801192127996021,0.0004791319713856663,4.7913197138566634e-05,0.021701388888888888,0.019097222222222224,0.013762893776098887,0.012784219657381376,0.5546666383743286
8,188,adaptive_crosssdc_cmr,hinge,1.0,0.1,0.23939595288700527,0.08423382540543874,2.149034023284912,0.008423382540543874,0.0008087344297867579,8.087344297867579e-05,0.021701388888888888,0.029513888888888888,0.012540735511316193,0.01438201984597577,0.5540000200271606
8,189,adaptive_crosssdc_cmr,hinge,1.0,0.1,0.23580283423264822,0.08374807652499941,2.110759629143609,0.008374807652499941,0.0004894918591465588,4.8949185914655885e-05,0.013888888888888888,0.026041666666666668,0.013263663897911707,0.014771244592136808,0.5568888783454895
8,190,adaptive_crosssdc_cmr,hinge,1.0,0.1,0.2329169147544437,0.07948535184065501,2.2173405488332114,0.007948535184065502,0.00047139024536591023,4.7139024536591025e-05,0.012152777777777778,0.030381944444444444,0.010668257665303018,0.014001546220646964,0.554888904094696
8,191,adaptive_crosssdc_cmr,hinge,1.0,0.1,0.2372046692503823,0.08447795940770043,2.0140216218100653,0.008447795940770044,0.00038557851237581216,3.855785123758122e-05,0.019965277777777776,0.026041666666666668,0.014185115074117979,0.01550054508778784,0.5557777881622314
8,192,adaptive_crosssdc_cmr,hinge,1.0,0.1,0.23560900655057695,0.08722504476706187,2.051477829615275,0.008722504476706187,0.0007227203702010835,7.227203702010835e-05,0.022569444444444444,0.026041666666666668,0.015540199768212106,0.013699698572357496,0.5551111102104187
8,193,adaptive_crosssdc_cmr,hinge,1.0,0.1,0.23442922366989982,0.08306234081586202,2.1525530020395913,0.008306234081586202,0.0005310201203327677,5.3102012033276774e-05,0.014756944444444444,0.020833333333333332,0.012800479100810157,0.015421447654565176,0.5557777881622314
8,194,adaptive_crosssdc_cmr,hinge,1.0,0.1,0.2326867894993888,0.08263867762353685,2.0980914566251965,0.008263867762353687,0.00032766092287298915,3.2766092287298915e-05,0.010416666666666666,0.024305555555555556,0.012104194611310959,0.013926490727398131,0.5568888783454895
8,195,adaptive_crosssdc_cmr,hinge,1.0,0.1,0.22691493564181858,0.08447655704286364,1.9960033098856609,0.008447655704286364,0.0002913535572588444,2.913535572588444e-05,0.013020833333333334,0.024305555555555556,0.012492367583844397,0.0143891881323523,0.5533333420753479
8,196,adaptive_crosssdc_cmr,hinge,1.0,0.1,0.22421402566962773,0.08142248955037859,1.9900107913547092,0.008142248955037859,0.0002969634402284606,2.969634402284606e-05,0.011284722222222222,0.016493055555555556,0.012755196541547775,0.014209728894962205,0.5551111102104187
8,197,adaptive_crosssdc_cmr,hinge,1.0,0.1,0.22342540986008114,0.08165091938442653,2.1268715858459473,0.008165091938442655,0.00035662113966989436,3.5662113966989436e-05,0.015625,0.018229166666666668,0.013522874150011275,0.014632477528519101,0.5577777624130249
8,198,adaptive_crosssdc_cmr,hinge,1.0,0.1,0.22749500970045725,0.08093258159028159,2.058366126484341,0.00809325815902816,0.00034241714618272253,3.424171461827225e-05,0.016493055555555556,0.0234375,0.01284168205327458,0.015640455194645457,0.5573333501815796
8,199,adaptive_crosssdc_cmr,hinge,1.0,0.1,0.22764524155192906,0.0819666874077585,2.0828361908594766,0.008196668740775851,0.0003423246768458436,3.4232467684584365e-05,0.015625,0.021701388888888888,0.014335881918668747,0.01608795527782705,0.554888904094696
9,0,adaptive_crosssdc_cmr,hinge,1.0,0.1,3.015811800956726,0.24728541241751778,1.8179810444513957,0.024728541241751778,0.28448382682270473,0.028448382682270474,0.7578125,0.5581597222222222,0.4697456094953749,0.2328385760386785,0.4814000129699707
9,1,adaptive_crosssdc_cmr,hinge,1.0,0.1,1.789160754945543,0.22008591559198168,1.7231964270273845,0.022008591559198168,0.22198515468173557,0.022198515468173557,0.8663194444444444,0.3576388888888889,0.46056319938765633,0.10862940632634693,0.4973999857902527
9,2,adaptive_crosssdc_cmr,hinge,1.0,0.1,1.3317481014463637,0.15427095194657645,1.7417723072899713,0.015427095194657646,0.09703112807538775,0.009703112807538775,0.6675347222222222,0.3324652777777778,0.22698943316936493,0.08673191318909328,0.503000020980835
9,3,adaptive_crosssdc_cmr,hinge,1.0,0.1,1.09016842312283,0.12730715506606632,1.8128781583574083,0.012730715506606633,0.05985914087957806,0.005985914087957806,0.5225694444444444,0.3628472222222222,0.14875469439559513,0.0908596341808637,0.5045999884605408
9,4,adaptive_crosssdc_cmr,hinge,1.0,0.1,0.9509842859374152,0.12641918824778664,1.7429714070426092,0.012641918824778664,0.047248984376589455,0.0047248984376589455,0.4782986111111111,0.3246527777777778,0.1261289136277305,0.08337560875548257,0.5072000026702881
9,5,adaptive_crosssdc_cmr,hinge,1.0,0.1,0.8478629257943895,0.11855192399687237,1.8054965204662747,0.011855192399687237,0.035573963903718524,0.0035573963903718525,0.4800347222222222,0.3116319444444444,0.1157319587137964,0.07466699017418756,0.5085999965667725
9,6,adaptive_crosssdc_cmr,hinge,1.0,0.1,0.7790210247039795,0.11947275035911137,1.8877755535973444,0.011947275035911137,0.027252565034561686,0.002725256503456169,0.3975694444444444,0.2708333333333333,0.10213961286677255,0.06649038361178504,0.508400022983551
9,7,adaptive_crosssdc_cmr,hinge,1.0,0.1,0.7152643998463949,0.12711970342530143,1.7689356406529744,0.012711970342530144,0.02610722991327445,0.002610722991327445,0.3914930555555556,0.2916666666666667,0.10002848092052671,0.07061872134606044,0.5077999830245972
9,8,adaptive_crosssdc_cmr,hinge,1.0,0.1,0.670383009645674,0.1188336428668764,1.9013362725575764,0.01188336428668764,0.02176721373365985,0.0021767213733659848,0.3472222222222222,0.2578125,0.09082114117013083,0.06668461776441997,0.5052000284194946
9,9,adaptive_crosssdc_cmr,hinge,1.0,0.1,0.6337817576196458,0.1135335514942805,1.8157155248853896,0.01135335514942805,0.019620308031638462,0.0019620308031638462,0.3446180555555556,0.23958333333333334,0.09130457043647766,0.06471279884378116,0.5058000087738037
9,10,adaptive_crosssdc_cmr,hinge,1.0,0.1,0.6028499007225037,0.11230249620146221,1.8070576455858018,0.011230249620146222,0.017781093820101686,0.0017781093820101687,0.3515625,0.2126736111111111,0.09031115389532512,0.05900377200709449,0.5073999762535095
9,11,adaptive_crosssdc_cmr,hinge,1.0,0.1,0.5707928538322449,0.11370221194293764,1.6729434066348605,0.011370221194293765,0.01680681813094351,0.0016806818130943512,0.3203125,0.2092013888888889,0.0848591277996699,0.06293102105458577,0.5070000290870667
9,12,adaptive_crosssdc_cmr,hinge,1.0,0.1,0.5524411532613966,0.11567653384473589,1.8164161841074626,0.011567653384473589,0.01568698717488183,0.0015686987174881831,0.3203125,0.20052083333333334,0.08509281360440785,0.06252207648422983,0.5077999830245972
9,13,adaptive_crosssdc_cmr,hinge,1.0,0.1,0.5314721167087555,0.11574170407321718,1.9510957797368367,0.01157417040732172,0.014277378614577983,0.0014277378614577984,0.3142361111111111,0.2152777777777778,0.08017440140247345,0.06079217832949427,0.5052000284194946
9,14,adaptive_crosssdc_cmr,hinge,1.0,0.1,0.509676456451416,0.12017939156956142,1.721404234568278,0.012017939156956143,0.014072359539568424,0.0014072359539568425,0.3194444444444444,0.18663194444444445,0.08163498838742574,0.05749657212032212,0.5062000155448914
9,15,adaptive_crosssdc_cmr,hinge,1.0,0.1,0.49563975466622245,0.1152013490597407,1.7722819381290011,0.011520134905974071,0.012635171930823062,0.0012635171930823062,0.296875,0.1779513888888889,0.07830785546037886,0.05587654560804367,0.508400022983551
9,16,adaptive_crosssdc_cmr,hinge,1.0,0.1,0.47811464468638104,0.10774577740165922,1.856953673892551,0.010774577740165922,0.011484951298269961,0.0011484951298269962,0.2769097222222222,0.18836805555555555,0.074672755267885,0.05812885984778404,0.5049999952316284
9,17,adaptive_crosssdc_cmr,hinge,1.0,0.1,0.45861951178974575,0.10543433576822281,1.8449362913767497,0.010543433576822282,0.010573322367337015,0.0010573322367337015,0.2690972222222222,0.17447916666666666,0.07312479532427257,0.05529331126146846,0.5044000148773193
9,18,adaptive_crosssdc_cmr,hinge,1.0,0.1,0.4483143852816688,0.1023450709051556,1.7237101793289185,0.01023450709051556,0.009757741923547454,0.0009757741923547454,0.2682291666666667,0.1449652777777778,0.07102499653895696,0.05075234671433767,0.5076000094413757
9,19,adaptive_crosssdc_cmr,hinge,1.0,0.1,0.43798009885682,0.10591291553444332,1.8275706238216824,0.010591291553444333,0.009322063686947027,0.0009322063686947028,0.2664930555555556,0.14930555555555555,0.07024607724613613,0.04908454997671975,0.5080000162124634
9,20,adaptive_crosssdc_cmr,hinge,1.0,0.1,0.4281763831774394,0.10474773496389389,1.8751592371198866,0.01047477349638939,0.00816885619941685,0.0008168856199416851,0.24131944444444445,0.14149305555555555,0.06696002433697383,0.04906718722648091,0.5072000026702881
9,21,adaptive_crosssdc_cmr,hinge,1.0,0.1,0.42071857386165196,0.11283125148879157,1.893597059779697,0.011283125148879157,0.008016889914870262,0.0008016889914870262,0.2309027777777778,0.1371527777777778,0.0671278867456648,0.048980349053939186,0.5073999762535095
9,22,adaptive_crosssdc_cmr,hinge,1.0,0.1,0.41289204359054565,0.1036703230606185,1.8562348948584662,0.010367032306061851,0.007405186123732064,0.0007405186123732064,0.23350694444444445,0.14583333333333334,0.06451407819986343,0.04955357561508814,0.5076000094413757
9,23,adaptive_crosssdc_cmr,hinge,1.0,0.1,0.40698790219095016,0.1037826140721639,1.868949704700046,0.01037826140721639,0.006710684289120966,0.0006710684289120966,0.21875,0.11805555555555555,0.06164102049337493,0.04624880808922979,0.5059999823570251
9,24,adaptive_crosssdc_cmr,hinge,1.0,0.1,0.394885649283727,0.10623183018631405,1.8210930956734552,0.010623183018631405,0.006589565374371078,0.0006589565374371079,0.21614583333333334,0.14149305555555555,0.06282210846741994,0.04748248515857591,0.5091999769210815
9,25,adaptive_crosssdc_cmr,hinge,1.0,0.1,0.38472215003437465,0.094762674636311,1.8645501401689317,0.0094762674636311,0.005519316376497348,0.0005519316376497349,0.1996527777777778,0.1171875,0.05863619637158182,0.04530325656135877,0.5059999823570251
9,26,adaptive_crosssdc_cmr,hinge,1.0,0.1,0.38135962353812325,0.10426098025507397,1.8917944298850164,0.010426098025507397,0.005765566550609138,0.0005765566550609138,0.20225694444444445,0.1154513888888889,0.058928527765803866,0.045662041339609355,0.5070000290870667
9,27,adaptive_crosssdc_cmr,hinge,1.0,0.1,0.3766855233245426,0.10883045693238576,1.897571153110928,0.010883045693238577,0.004928964785196715,0.0004928964785196715,0.16927083333333334,0.12065972222222222,0.056094823198186025,0.045328926708963185,0.5049999952316284
9,28,adaptive_crosssdc_cmr,hinge,1.0,0.1,0.3673926062054104,0.1000038045975897,1.8891639179653592,0.01000038045975897,0.005255399918597605,0.0005255399918597606,0.1987847222222222,0.1015625,0.05913459344042672,0.0404510171049171,0.5113999843597412
9,29,adaptive_crosssdc_cmr,hinge,1.0,0.1,0.3659676942560408,0.10274763902028401,1.9007557100719876,0.010274763902028403,0.004758924245834351,0.0004758924245834351,0.1779513888888889,0.13194444444444445,0.05443483135766453,0.04507143422961235,0.5041999816894531
9,30,adaptive_crosssdc_cmr,hinge,1.0,0.1,0.360416763358646,0.10062229053841697,1.8595546219083998,0.010062229053841697,0.004931800377865632,0.0004931800377865632,0.171875,0.10677083333333333,0.0554976359837585,0.04129466745588514,0.5103999972343445
9,31,adaptive_crosssdc_cmr,hinge,1.0,0.1,0.35548258158895707,0.09731539669964048,1.809386928876241,0.009731539669964049,0.004487672536116507,0.0004487672536116507,0.1605902777777778,0.09635416666666667,0.05288398472799195,0.04232335463166237,0.5058000087738037
9,32,adaptive_crosssdc_cmr,hinge,1.0,0.1,0.35593926244311863,0.09827364484469096,1.8201896084679499,0.009827364484469097,0.004110909532755613,0.0004110909532755614,0.15538194444444445,0.10590277777777778,0.05191085239251455,0.04127581169207891,0.5117999911308289
9,33,adaptive_crosssdc_cmr,hinge,1.0,0.1,0.35105328096283805,0.09095075395372179,1.7968651718563504,0.009095075395372179,0.004147091466519568,0.00041470914665195683,0.1484375,0.1171875,0.05115095815724797,0.04304319040642844,0.5077999830245972
9,34,adaptive_crosssdc_cmr,hinge,1.0,0.1,0.34067979123857284,0.0952755825387107,1.7613176769680448,0.00952755825387107,0.003250047357545959,0.0003250047357545959,0.1449652777777778,0.08854166666666667,0.05000915295547909,0.03763066232204437,0.5063999891281128
9,35,adaptive_crosssdc_cmr,hinge,1.0,0.1,0.34113912449942696,0.09925451543596056,2.006236924065484,0.009925451543596057,0.00324109617051565,0.000324109617051565,0.1345486111111111,0.0920138888888889,0.04879283573892382,0.03841044339868757,0.5091999769210815
9,36,adaptive_crosssdc_cmr,hinge,1.0,0.1,0.3368192215760549,0.09166194415754741,1.8239182896084256,0.009166194415754742,0.0036782783249186147,0.0003678278324918615,0.13020833333333334,0.09288194444444445,0.046804857750733696,0.038257069471809596,0.5105999708175659
9,37,adaptive_crosssdc_cmr,hinge,1.0,0.1,0.3279229568110572,0.09055932859579723,1.7222639719645183,0.009055932859579723,0.0031767799519002438,0.0003176779951900244,0.13975694444444445,0.0954861111111111,0.047730074988471136,0.03931045449442334,0.5072000026702881
9,38,adaptive_crosssdc_cmr,hinge,1.0,0.1,0.32950478461053634,0.09880251437425613,1.800386561287774,0.009880251437425614,0.002519809731489254,0.00025198097314892544,0.12760416666666666,0.0798611111111111,0.046427259842554726,0.03384854375488228,0.5113999843597412
9,39,adaptive_crosssdc_cmr,hinge,1.0,0.1,0.32697370317247176,0.09814504120084974,1.8159326977199979,0.009814504120084975,0.003285136306658387,0.00032851363066583873,0.1449652777777778,0.08940972222222222,0.04824618291523722,0.03646007180213928,0.5117999911308289
9,40,adaptive_crosssdc_cmr,hinge,1.0,0.1,0.3237143125798967,0.0921148161093394,1.8701807657877605,0.009211481610933941,0.0024952892369280257,0.0002495289236928026,0.10243055555555555,0.0920138888888889,0.04161447534958521,0.037044771015644073,0.5090000033378601
9,41,adaptive_crosssdc_cmr,hinge,1.0,0.1,0.3200351496537526,0.09350709617137909,1.7500146362516615,0.009350709617137909,0.0032245167531073093,0.00032245167531073097,0.13368055555555555,0.0842013888888889,0.04579629376530647,0.03599943924281332,0.5105999708175659
9,42,adaptive_crosssdc_cmr,hinge,1.0,0.1,0.3205254375934601,0.09599666049083073,1.8205154604381986,0.009599666049083074,0.0028451389710729322,0.00028451389710729326,0.1111111111111111,0.09114583333333333,0.04306723136040899,0.0356798047820727,0.5116000175476074
9,43,adaptive_crosssdc_cmr,hinge,1.0,0.1,0.3152577579021454,0.10053601612647374,1.9061897065904405,0.010053601612647374,0.0025671919057559636,0.00025671919057559635,0.12413194444444445,0.07725694444444445,0.0433817965288957,0.03496022108528349,0.5103999972343445
9,44,adaptive_crosssdc_cmr,hinge,1.0,0.1,0.3139053483804067,0.09339827381902271,1.8747108777364094,0.009339827381902272,0.0024142912718363935,0.00024142912718363936,0.1111111111111111,0.0842013888888889,0.04234368312689993,0.03250119090080261,0.51419997215271
9,45,adaptive_crosssdc_cmr,hinge,1.0,0.1,0.321260670820872,0.10268538031313154,1.9380170636706882,0.010268538031313154,0.00245756182509164,0.000245756182509164,0.12065972222222222,0.07378472222222222,0.042200410531626806,0.03369653535385927,0.5112000107765198
9,46,adaptive_crosssdc_cmr,hinge,1.0,0.1,0.319959690173467,0.09128451595703761,1.8258352014753554,0.009128451595703762,0.002760365087952879,0.00027603650879528787,0.11631944444444445,0.0859375,0.04324556721581353,0.03384495588640372,0.5112000107765198
9,47,adaptive_crosssdc_cmr,hinge,1.0,0.1,0.32059094309806824,0.09393861558702257,1.7864028347863092,0.009393861558702258,0.003384094478355514,0.00033840944783555143,0.12413194444444445,0.07378472222222222,0.04375615426235729,0.032423256585995354,0.5127999782562256
9,48,adaptive_crosssdc_cmr,hinge,1.0,0.1,0.32576290104124284,0.09774070398675071,2.0038165118959217,0.009774070398675071,0.0032571404525596234,0.00032571404525596234,0.11284722222222222,0.07291666666666667,0.0401126311884986,0.031818441632721156,0.5138000249862671
9,49,adaptive_crosssdc_cmr,hinge,1.0,0.1,0.32975200480884975,0.09814679125944774,1.9665650526682537,0.009814679125944775,0.003057139796308345,0.00030571397963083456,0.11631944444444445,0.078125,0.039552293717861176,0.0301971183054977,0.5121999979019165
9,50,adaptive_crosssdc_cmr,hinge,1.0,0.1,0.31530263357692295,0.09504815191030502,1.7688370678159926,0.009504815191030504,0.0027774854614916774,0.00027774854614916774,0.10677083333333333,0.08159722222222222,0.03906275456150373,0.03161285714142852,0.5103999972343445
9,51,adaptive_crosssdc_cmr,hinge,1.0,0.1,0.3089158932367961,0.09183872987826665,1.9324191278881497,0.009183872987826665,0.0021456616749573085,0.00021456616749573085,0.0876736111111111,0.08159722222222222,0.034235366309682526,0.030634559070070583,0.5123999714851379
9,52,adaptive_crosssdc_cmr,hinge,1.0,0.1,0.30332998434702557,0.09317386978202397,1.8638326459460788,0.009317386978202396,0.0021238413949807486,0.00021238413949807488,0.0998263888888889,0.0642361111111111,0.038847255830963455,0.029881364355484646,0.5116000175476074
9,53,adaptive_crosssdc_cmr,hinge,1.0,0.1,0.2937074965900845,0.08642100873920652,1.9065007501178317,0.008642100873920653,0.0018926748695472877,0.00018926748695472878,0.08940972222222222,0.057291666666666664,0.03644671249720785,0.027487493430574734,0.5112000107765198
9,54,adaptive_crosssdc_cmr,hinge,1.0,0.1,0.2832854787508647,0.08841509868701299,1.8745875358581543,0.0088415098687013,0.0011695956701361057,0.00011695956701361057,0.06336805555555555,0.04513888888888889,0.03359929513600138,0.027036696465479,0.5130000114440918
9,55,adaptive_crosssdc_cmr,hinge,1.0,0.1,0.28181776735517716,0.09221410171853171,1.9475137922498915,0.009221410171853172,0.001133993242142929,0.00011339932421429291,0.06944444444444445,0.058159722222222224,0.03391389031377104,0.02912858583860927,0.5134000182151794
9,56,adaptive_crosssdc_cmr,hinge,1.0,0.1,0.28331788380940753,0.09071757396062215,1.766807450188531,0.009071757396062216,0.001292573042317397,0.0001292573042317397,0.0546875,0.05381944444444445,0.03386837326818042,0.02831931474308173,0.5145999789237976
9,57,adaptive_crosssdc_cmr,hinge,1.0,0.1,0.27810999088817173,0.08474278863933352,1.900939451323615,0.008474278863933352,0.0012335828052730197,0.00012335828052730197,0.06336805555555555,0.051215277777777776,0.034882205434971385,0.030159166496660974,0.5095999836921692
9,58,adaptive_crosssdc_cmr,hinge,1.0,0.1,0.2835819158289168,0.09071861869759029,2.0312357213762073,0.00907186186975903,0.0015839742393129403,0.00015839742393129405,0.06770833333333333,0.05555555555555555,0.034711387008428574,0.02709199260506365,0.5163999795913696
9,59,adaptive_crosssdc_cmr,hinge,1.0,0.1,0.28217195471127826,0.08874665945768356,1.9420525232950847,0.008874665945768356,0.001130019437469956,0.0001130019437469956,0.059027777777777776,0.04600694444444445,0.033498699673348,0.02682520987259017,0.5144000053405762
9,60,adaptive_crosssdc_cmr,hinge,1.0,0.1,0.2733433379067315,0.08685460603899425,1.8981195158428616,0.008685460603899426,0.0011821913196601802,0.00011821913196601803,0.0546875,0.04774305555555555,0.0321199299974574,0.02943296337293254,0.5116000175476074
9,61,adaptive_crosssdc_cmr,hinge,1.0,0.1,0.2690478695763482,0.08555788381232156,1.7652061647839017,0.008555788381232157,0.0014978982120131452,0.00014978982120131452,0.06944444444444445,0.059895833333333336,0.0351467409895526,0.030232058010167547,0.5157999992370605
9,62,adaptive_crosssdc_cmr,hinge,1.0,0.1,0.2699644598695967,0.08600463221470515,1.8202954928080242,0.008600463221470516,0.0010280314600095153,0.00010280314600095153,0.04861111111111111,0.06336805555555555,0.03265755747755369,0.030427933774060674,0.5144000053405762
9,63,adaptive_crosssdc_cmr,hinge,1.0,0.1,0.2665938436985016,0.08809248192442788,1.8135329617394342,0.008809248192442788,0.0010473191893349092,0.00010473191893349093,0.05555555555555555,0.046875,0.03316116395095984,0.026499571071730718,0.5171999931335449
9,64,adaptive_crosssdc_cmr,hinge,1.0,0.1,0.2652261389626397,0.08375237799353069,1.8796256515714858,0.008375237799353069,0.0009826089662965387,9.826089662965388e-05,0.04600694444444445,0.049479166666666664,0.03286286650432481,0.028463705960247252,0.5130000114440918
9,65,adaptive_crosssdc_cmr,hinge,1.0,0.1,0.27048931850327385,0.09078801257742776,1.8018642663955688,0.009078801257742776,0.001325975521467626,0.00013259755214676261,0.0842013888888889,0.05295138888888889,0.034711346651117005,0.029564973380830552,0.5175999999046326
9,66,adaptive_crosssdc_cmr,hinge,1.0,0.1,0.275863829586241,0.0882965698838234,1.8794446918699477,0.00882965698838234,0.0012085327277115236,0.00012085327277115238,0.059027777777777776,0.05295138888888889,0.0325107601367765,0.030922315393884976,0.5130000114440918
9,67,adaptive_crosssdc_cmr,hinge,1.0,0.1,0.26916897628042435,0.0841463017794821,1.8667356703016493,0.00841463017794821,0.001324086799286306,0.0001324086799286306,0.058159722222222224,0.057291666666666664,0.031827355838484235,0.027876201396187145,0.51419997215271
9,68,adaptive_crosssdc_cmr,hinge,1.0,0.1,0.2655421561665005,0.08357558647791545,1.88638354672326,0.008357558647791545,0.0009696469189495676,9.696469189495676e-05,0.057291666666666664,0.046875,0.033270029765036374,0.025678037148382928,0.5170000195503235
9,69,adaptive_crosssdc_cmr,hinge,1.0,0.1,0.26222984823915696,0.08735814856158362,1.7675607866711087,0.008735814856158363,0.0014538807251180212,0.00014538807251180213,0.06163194444444445,0.052083333333333336,0.03314989722437329,0.027563064462608762,0.5144000053405762
9,70,adaptive_crosssdc_cmr,hinge,1.0,0.1,0.2677673167652554,0.08390681859519747,1.9823116991255019,0.008390681859519748,0.0010948357974282568,0.0001094835797428257,0.059895833333333336,0.05381944444444445,0.03351714751786656,0.02749978109366364,0.5157999992370605
9,71,adaptive_crosssdc_cmr,hinge,1.0,0.1,0.27068595091501874,0.08739647103680505,1.8461469676759508,0.008739647103680505,0.0012062606272391146,0.00012062606272391147,0.06684027777777778,0.049479166666666664,0.03250834118160936,0.02646836597058508,0.5121999979019165
9,72,adaptive_crosssdc_cmr,hinge,1.0,0.1,0.2730117738246918,0.09077388048171997,1.9351758294635348,0.009077388048171998,0.0015986683558569187,0.00015986683558569188,0.0685763888888889,0.06597222222222222,0.03367625197602643,0.027637144964602258,0.5148000121116638
9,73,adaptive_crosssdc_cmr,hinge,1.0,0.1,0.26866160167588127,0.08490365081363255,1.8752875990337796,0.008490365081363254,0.0011428071237686607,0.00011428071237686607,0.06163194444444445,0.044270833333333336,0.03346358405219184,0.02391314630707105,0.5162000060081482
9,74,adaptive_crosssdc_cmr,hinge,1.0,0.1,0.2736385232872433,0.0841267638736301,1.875765601793925,0.00841267638736301,0.0017716736830253568,0.0001771673683025357,0.07725694444444445,0.0546875,0.032431484303540654,0.026908159255981445,0.5130000114440918
9,75,adaptive_crosssdc_cmr,hinge,1.0,0.1,0.27893050842814976,0.081489321258333,1.892427060339186,0.0081489321258333,0.0020185408777453834,0.00020185408777453835,0.09114583333333333,0.052083333333333336,0.0336500263462464,0.0252368301153183,0.5152000188827515
9,76,adaptive_crosssdc_cmr,hinge,1.0,0.1,0.280443893538581,0.07995524091853036,1.825748496585422,0.007995524091853036,0.0015384245262895194,0.00015384245262895196,0.06076388888888889,0.07725694444444445,0.03038641893201404,0.028882113595803578,0.5123999714851379
9,77,adaptive_crosssdc_cmr,hinge,1.0,0.1,0.2772404154141744,0.08228941675689486,1.8991318808661566,0.008228941675689485,0.0015744744159746915,0.00015744744159746916,0.07118055555555555,0.043402777777777776,0.03173444958196746,0.021752760228183534,0.515999972820282
9,78,adaptive_crosssdc_cmr,hinge,1.0,0.1,0.2721131543318431,0.08517826928032769,1.8876151243845622,0.00851782692803277,0.001604142754028241,0.0001604142754028241,0.0720486111111111,0.050347222222222224,0.03236231062975195,0.023999727020661037,0.517799973487854
9,79,adaptive_crosssdc_cmr,hinge,1.0,0.1,0.2670429315831926,0.0811997221575843,1.8055766688452826,0.00811997221575843,0.0012871125751795869,0.0001287112575179587,0.049479166666666664,0.05381944444444445,0.02913385836614503,0.022244018606013723,0.5188000202178955
9,80,adaptive_crosssdc_cmr,hinge,1.0,0.1,0.2674431800842285,0.08337670316298802,1.9121598800023396,0.008337670316298803,0.001029618440144178,0.00010296184401441781,0.057291666666666664,0.036458333333333336,0.028489961392349668,0.022729478569494352,0.5134000182151794
9,81,adaptive_crosssdc_cmr,hinge,1.0,0.1,0.2626640995343526,0.09094617598586613,1.9294590552647908,0.009094617598586614,0.0012048709452048773,0.00012048709452048774,0.0642361111111111,0.04513888888888889,0.03085045951108138,0.023741922444767423,0.5184000134468079
9,82,adaptive_crosssdc_cmr,hinge,1.0,0.1,0.26356491777631974,0.0849968906905916,1.8954374525282118,0.00849968906905916,0.0013509858334954414,0.00013509858334954415,0.06076388888888889,0.044270833333333336,0.029216479717029467,0.024666422978043556,0.5152000188827515
9,83,adaptive_crosssdc_cmr,hinge,1.0,0.1,0.26621725493007237,0.07896700584226185,1.9549239211612277,0.007896700584226186,0.00159043588468598,0.000159043588468598,0.06944444444444445,0.04600694444444445,0.02918199449777603,0.02262570605509811,0.517799973487854
9,84,adaptive_crosssdc_cmr,hinge,1.0,0.1,0.2657042642434438,0.08475639919439952,1.8951114018758137,0.008475639919439953,0.0015693930262285802,0.00015693930262285802,0.06770833333333333,0.05642361111111111,0.0289680448671182,0.02487973289357291,0.5134000182151794
9,85,adaptive_crosssdc_cmr,hinge,1.0,0.1,0.26964274711079067,0.07775419288211399,1.8422338167826335,0.0077754192882114,0.001072645332897082,0.0001072645332897082,0.057291666666666664,0.03993055555555555,0.02989381593134668,0.022521015877525013,0.5185999870300293
9,86,adaptive_crosssdc_cmr,hinge,1.0,0.1,0.26715964410040116,0.090689222017924,1.8373103671603732,0.0090689222017924,0.0015838601587650676,0.00015838601587650676,0.04774305555555555,0.059027777777777776,0.02852334226999018,0.026326838673816785,0.51419997215271
9,87,adaptive_crosssdc_cmr,hinge,1.0,0.1,0.26229172945022583,0.08545431080791685,1.9128397173351712,0.008545431080791685,0.001166977699742549,0.00011669776997425491,0.050347222222222224,0.03993055555555555,0.026338710967037413,0.02124678964416186,0.5170000195503235
9,88,adaptive_crosssdc_cmr,hinge,1.0,0.1,0.2668093244234721,0.07903341121143764,1.960514850086636,0.007903341121143765,0.001126521674450487,0.00011265216744504869,0.04861111111111111,0.041666666666666664,0.027222761263449986,0.02158936175207297,0.5130000114440918
9,89,adaptive_crosssdc_cmr,hinge,1.0,0.1,0.2668241924709744,0.08736181010802586,1.8970243003633287,0.008736181010802587,0.0015411821724329558,0.00015411821724329558,0.0642361111111111,0.0546875,0.027942868156565562,0.023577036543024912,0.517799973487854
9,90,adaptive_crosssdc_cmr,hinge,1.0,0.1,0.2673745983176761,0.08502717978424496,1.9656880961524115,0.008502717978424496,0.0012460872142886121,0.0001246087214288612,0.051215277777777776,0.044270833333333336,0.02590309062765704,0.02178160059783194,0.5167999863624573
9,91,adaptive_crosssdc_cmr,hinge,1.0,0.1,0.26937383744451737,0.07942650136020449,1.8497732612821791,0.007942650136020449,0.0021403365212285686,0.00021403365212285688,0.0798611111111111,0.050347222222222224,0.0317512812713782,0.023154752535952464,0.5184000134468079
9,92,adaptive_crosssdc_cmr,hinge,1.0,0.1,0.27511437071694267,0.0797724574804306,1.9128872553507488,0.00797724574804306,0.0019751888466998935,0.00019751888466998935,0.0685763888888889,0.05295138888888889,0.029435477943884,0.02242733703719245,0.5180000066757202
9,93,adaptive_crosssdc_cmr,hinge,1.0,0.1,0.2804736660586463,0.08214695337745878,1.9479245874616835,0.00821469533774588,0.0021477972105559376,0.00021477972105559377,0.0798611111111111,0.05381944444444445,0.03063725618024667,0.022008439112040732,0.515999972820282
9,94,adaptive_crosssdc_cmr,hinge,1.0,0.1,0.2658209088775847,0.08017338067293167,1.8885051541858249,0.008017338067293168,0.0014672929860858454,0.00014672929860858454,0.0642361111111111,0.051215277777777776,0.027759760825170413,0.02146517237027486,0.5174000263214111
9,95,adaptive_crosssdc_cmr,hinge,1.0,0.1,0.2611961281961865,0.08610527879661983,1.9328267839219835,0.008610527879661984,0.0011268252371034275,0.00011268252371034275,0.050347222222222224,0.041666666666666664,0.025974590538276568,0.021085024086965456,0.5184000134468079
9,96,adaptive_crosssdc_cmr,hinge,1.0,0.1,0.2555424090888765,0.08356283356746037,2.0438080496258206,0.008356283356746038,0.001029660757113662,0.00010296607571136622,0.04600694444444445,0.035590277777777776,0.0249522692627377,0.018736083681384724,0.5171999931335449
9,97,adaptive_crosssdc_cmr,hinge,1.0,0.1,0.24677359892262352,0.07868114444944593,1.8276891311009724,0.007868114444944594,0.0007142143505108026,7.142143505108026e-05,0.034722222222222224,0.04079861111111111,0.025428151711821556,0.021334860887792375,0.517799973487854
9,98,adaptive_crosssdc_cmr,hinge,1.0,0.1,0.24535608457194436,0.0811521170867814,1.9207537174224854,0.00811521170867814,0.0006177889166186409,6.177889166186409e-05,0.025173611111111112,0.03819444444444445,0.024426901299092505,0.02025482327573829,0.5203999876976013
9,99,adaptive_crosssdc_cmr,hinge,1.0,0.1,0.24531163771947226,0.07991870327128305,1.9163001113467746,0.007991870327128305,0.0007642419530182249,7.64241953018225e-05,0.029513888888888888,0.03732638888888889,0.023602565750479698,0.018513053034742672,0.5210000276565552
9,100,adaptive_crosssdc_cmr,hinge,1.0,0.1,0.24950643711619908,0.08277092294560538,1.9234544038772583,0.008277092294560539,0.0007813269314485498,7.813269314485499e-05,0.033854166666666664,0.026909722222222224,0.024466050167878468,0.01959554623398516,0.5180000066757202
9,101,adaptive_crosssdc_cmr,hinge,1.0,0.1,0.24962852398554483,0.08547485371430714,1.8712567885716755,0.008547485371430715,0.0007487095022548197,7.487095022548198e-05,0.042534722222222224,0.03211805555555555,0.024733828380703926,0.02137664146721363,0.5210000276565552
9,102,adaptive_crosssdc_cmr,hinge,1.0,0.1,0.23590439558029175,0.07582458108663559,1.7812297741572063,0.007582458108663559,0.0004867673778790049,4.8676737787900495e-05,0.018229166666666668,0.04079861111111111,0.02180996909737587,0.022879232755965657,0.517799973487854
9,103,adaptive_crosssdc_cmr,hinge,1.0,0.1,0.24023240639103782,0.07962413877248764,1.9493162896898057,0.007962413877248765,0.0006989761798953017,6.989761798953017e-05,0.03298611111111111,0.04079861111111111,0.0246118503726191,0.023548609887560207,0.5175999999046326
9,104,adaptive_crosssdc_cmr,hinge,1.0,0.1,0.2373023165596856,0.08113385157452689,1.8470776213539972,0.008113385157452689,0.00039798203700532514,3.979820370053252e-05,0.025173611111111112,0.024305555555555556,0.023062165412637923,0.01935340753859944,0.5184000134468079
9,105,adaptive_crosssdc_cmr,hinge,1.0,0.1,0.23767200774616665,0.08273929937018289,1.8461960289213393,0.008273929937018289,0.0006273549079196528,6.273549079196528e-05,0.025173611111111112,0.034722222222222224,0.023989015569289524,0.020593634496132534,0.5180000066757202
9,106,adaptive_crosssdc_cmr,hinge,1.0,0.1,0.23919594453440773,0.08444948660002814,1.9126765992906358,0.008444948660002815,0.0008060711972777628,8.060711972777629e-05,0.03125,0.034722222222222224,0.024800572337375745,0.020373228523466323,0.5199999809265137
9,107,adaptive_crosssdc_cmr,hinge,1.0,0.1,0.2386079861058129,0.07989620003435347,1.9207756519317627,0.007989620003435347,0.0006575015270047718,6.575015270047718e-05,0.025173611111111112,0.03819444444444445,0.024307716223928664,0.0221843458712101,0.5206000208854675
9,108,adaptive_crosssdc_cmr,hinge,1.0,0.1,0.2383559677335951,0.08165369845098919,1.9007220533159044,0.008165369845098918,0.0006398267093269775,6.398267093269776e-05,0.03732638888888889,0.036458333333333336,0.02524266702433427,0.019637094396683905,0.5163999795913696
9,109,adaptive_crosssdc_cmr,hinge,1.0,0.1,0.250344831082556,0.07833011945088704,1.911477009455363,0.007833011945088704,0.0010470073320902884,0.00010470073320902885,0.04079861111111111,0.044270833333333336,0.025824497764309246,0.021456776807705562,0.5212000012397766
9,110,adaptive_crosssdc_cmr,hinge,1.0,0.1,0.247225691874822,0.07819831205738915,1.8260743750466242,0.007819831205738917,0.0009561566694173962,9.561566694173963e-05,0.046875,0.043402777777777776,0.024339883277813595,0.020542565319273207,0.5206000208854675
9,111,adaptive_crosssdc_cmr,hinge,1.0,0.1,0.24218466546800402,0.08623567554685804,1.9498057232962713,0.008623567554685805,0.0008971710631158203,8.971710631158204e-05,0.03211805555555555,0.03819444444444445,0.02435261073211829,0.02023257004717986,0.5180000066757202
9,112,adaptive_crosssdc_cmr,hinge,1.0,0.1,0.24620191090636784,0.07553115404314464,1.9621980455186632,0.007553115404314465,0.001253202007824762,0.0001253202007824762,0.046875,0.04079861111111111,0.024451828251282375,0.020761357413397893,0.5171999931335449
9,113,adaptive_crosssdc_cmr,hinge,1.0,0.1,0.26035911010371315,0.08121638000011444,1.850883060031467,0.008121638000011444,0.001232622346530358,0.0001232622346530358,0.05642361111111111,0.046875,0.027080675587058067,0.022600590561827023,0.519599974155426
9,114,adaptive_crosssdc_cmr,hinge,1.0,0.1,0.2568573256333669,0.07691351158751382,1.8668279515372381,0.007691351158751383,0.0016965089275294708,0.0001696508927529471,0.0625,0.043402777777777776,0.02598508033487532,0.020858244349559147,0.5184000134468079
9,115,adaptive_crosssdc_cmr,hinge,1.0,0.1,0.25706277622116935,0.07797926167647044,1.8274775213665433,0.007797926167647045,0.0011438851619863675,0.00011438851619863676,0.05642361111111111,0.03732638888888889,0.025306489111648664,0.01914025367134147,0.5192000269889832
9,116,adaptive_crosssdc_cmr,hinge,1.0,0.1,0.26197898719045853,0.0768054069744216,1.8266295194625854,0.007680540697442161,0.0015062142144112538,0.00015062142144112539,0.06163194444444445,0.04774305555555555,0.025400321516725752,0.020160053132308856,0.5210000276565552
9,117,adaptive_crosssdc_cmr,hinge,1.0,0.1,0.2692497107717726,0.0811377689242363,1.8777185281117756,0.00811377689242363,0.0018518202705308795,0.00018518202705308795,0.05642361111111111,0.0625,0.024897931143641472,0.023523499775264,0.5216000080108643
9,118,adaptive_crosssdc_cmr,hinge,1.0,0.1,0.26740721861521405,0.08394961969719993,1.9498313268025715,0.008394961969719993,0.0014659238384208744,0.00014659238384208745,0.08159722222222222,0.0390625,0.027605977323320176,0.0188761953678396,0.5163999795913696
9,119,adaptive_crosssdc_cmr,hinge,1.0,0.1,0.26877391669485307,0.08630068517393535,1.8730477492014568,0.008630068517393535,0.0013999562037901746,0.00013999562037901746,0.059027777777777776,0.041666666666666664,0.02454013480908341,0.01849156038628684,0.5181999802589417
9,120,adaptive_crosssdc_cmr,hinge,1.0,0.1,0.2598777247799767,0.07590873787800471,1.8735908269882202,0.007590873787800472,0.0012991342486606704,0.00012991342486606705,0.049479166666666664,0.034722222222222224,0.024740808539920382,0.019559240175618067,0.5167999863624573
9,121,adaptive_crosssdc_cmr,hinge,1.0,0.1,0.2654240247276094,0.08110941615369585,1.8774241076575384,0.008110941615369585,0.001472952672176891,0.00014729526721768912,0.04774305555555555,0.049479166666666664,0.023860506092508633,0.02079634244243304,0.5174000263214111
9,122,adaptive_crosssdc_cmr,hinge,1.0,0.1,0.2723854680856069,0.07671721362405354,1.8435270521375868,0.007671721362405354,0.0016853263368830085,0.00016853263368830085,0.0642361111111111,0.05642361111111111,0.025092924220694438,0.020969500351283286,0.519599974155426
9,123,adaptive_crosssdc_cmr,hinge,1.0,0.1,0.273927413754993,0.090463121732076,1.9764169587029352,0.0090463121732076,0.001483838209727158,0.0001483838209727158,0.05555555555555555,0.04513888888888889,0.023011760372254584,0.020015321465002164,0.5203999876976013
9,124,adaptive_crosssdc_cmr,hinge,1.0,0.1,0.2732151250044505,0.07851528459125096,1.8973534107208252,0.007851528459125096,0.0020454215506712594,0.00020454215506712596,0.07552083333333333,0.0546875,0.026001410765780344,0.019559422714842692,0.5175999999046326
9,125,adaptive_crosssdc_cmr,hinge,1.0,0.1,0.27906467848353916,0.0788376091255082,1.9263091882069905,0.007883760912550821,0.0016102912809906735,0.00016102912809906736,0.06510416666666667,0.04600694444444445,0.024549759096569486,0.02030843620498975,0.5220000147819519
9,126,adaptive_crosssdc_cmr,hinge,1.0,0.1,0.2764910293949975,0.07999824070268208,2.0150350067350598,0.007999824070268209,0.0018546637018314665,0.00018546637018314666,0.052083333333333336,0.06076388888888889,0.02379910068379508,0.020352879125210974,0.51419997215271
9,127,adaptive_crosssdc_cmr,hinge,1.0,0.1,0.2863914999696944,0.0835115255581008,2.0552242199579873,0.00835115255581008,0.002347956573228455,0.00023479565732284553,0.08246527777777778,0.051215277777777776,0.02676328954597314,0.019349115797215037,0.5192000269889832
9,128,adaptive_crosssdc_cmr,hinge,1.0,0.1,0.2704029182593028,0.08231288691361745,1.89704077773624,0.008231288691361745,0.0028891159777736496,0.000288911597777365,0.0798611111111111,0.0390625,0.02929603515399827,0.017723629251122475,0.517799973487854
9,129,adaptive_crosssdc_cmr,hinge,1.0,0.1,0.25918951133886975,0.07632967167430454,1.9179597033394709,0.007632967167430455,0.0011312149516824218,0.00011312149516824219,0.04079861111111111,0.03993055555555555,0.020016555156972673,0.017912504573663075,0.5181999802589417
9,130,adaptive_crosssdc_cmr,hinge,1.0,0.1,0.2490056256453196,0.0796238738629553,1.851107292705112,0.00796238738629553,0.0006794945899552355,6.794945899552355e-05,0.033854166666666664,0.026909722222222224,0.019944281006852787,0.017574364526404276,0.5175999999046326
9,131,adaptive_crosssdc_cmr,hinge,1.0,0.1,0.23348844051361084,0.07496541076236302,1.9696630769305759,0.007496541076236302,0.0005992216400853875,5.992216400853875e-05,0.026041666666666668,0.026041666666666668,0.019183315543664828,0.016500823406709567,0.5188000202178955
9,132,adaptive_crosssdc_cmr,hinge,1.0,0.1,0.2318621426820755,0.0822302798430125,1.9570893579059176,0.00822302798430125,0.0004271432113051156,4.2714321130511564e-05,0.011284722222222222,0.03125,0.01654352040754424,0.015827432067857847,0.5189999938011169
9,133,adaptive_crosssdc_cmr,hinge,1.0,0.1,0.2292724996805191,0.08214055332872602,1.8962857855690851,0.008214055332872602,0.00028307497369597614,2.8307497369597614e-05,0.013888888888888888,0.020833333333333332,0.017874676320287917,0.014604311850335863,0.5206000208854675
9,134,adaptive_crosssdc_cmr,hinge,1.0,0.1,0.22965590986940596,0.07695464707083172,1.9177141851849027,0.007695464707083172,0.00040067587461736467,4.006758746173647e-05,0.013888888888888888,0.025173611111111112,0.018631254012386005,0.01696104970243242,0.5167999863624573
9,135,adaptive_crosssdc_cmr,hinge,1.0,0.1,0.22824119528134665,0.07759040180179808,2.0089309083090887,0.007759040180179808,0.0004108818834033122,4.108818834033122e-05,0.013888888888888888,0.030381944444444444,0.01749472340775861,0.017685104575422075,0.5206000208854675
9,136,adaptive_crosssdc_cmr,hinge,1.0,0.1,0.22208243442906273,0.0758946794602606,1.9246802992290921,0.00758946794602606,0.00032675503820832493,3.2675503820832494e-05,0.012152777777777778,0.025173611111111112,0.019845585235291056,0.01579962960547871,0.5174000263214111
9,137,adaptive_crosssdc_cmr,hinge,1.0,0.1,0.22392523288726807,0.08199369741810693,1.9270843929714627,0.008199369741810692,0.0003292691560798428,3.2926915607984284e-05,0.013888888888888888,0.0234375,0.020037562896807987,0.016561057832505967,0.5206000208854675
9,138,adaptive_crosssdc_cmr,hinge,1.0,0.1,0.22212428351243338,0.07312774658203125,1.9307912190755208,0.007312774658203125,0.00033158969826116745,3.315896982611674e-05,0.014756944444444444,0.022569444444444444,0.01931449957191944,0.017233178640405338,0.5171999931335449
9,139,adaptive_crosssdc_cmr,hinge,1.0,0.1,0.22399557961357963,0.08112556238969167,1.8131148020426433,0.008112556238969167,0.00034530472799411253,3.453047279941125e-05,0.019097222222222224,0.022569444444444444,0.02096560224890709,0.01857168020473586,0.5189999938011169
9,140,adaptive_crosssdc_cmr,hinge,1.0,0.1,0.23042788273758358,0.0769542513622178,1.949610087606642,0.00769542513622178,0.0013843228322609018,0.0001384322832260902,0.043402777777777776,0.0390625,0.025478859742482502,0.02171149580842919,0.5220000147819519
9,141,adaptive_crosssdc_cmr,hinge,1.0,0.1,0.2548862232102288,0.0842512779765659,2.0281968116760254,0.00842512779765659,0.0012805911343699943,0.00012805911343699943,0.04513888888888889,0.050347222222222224,0.022668027008573215,0.020427747526102595,0.5192000269889832
9,142,adaptive_crosssdc_cmr,hinge,1.0,0.1,0.24614579478899637,0.07821743604209688,1.893477996190389,0.007821743604209688,0.0012242858679706438,0.0001224285867970644,0.04513888888888889,0.041666666666666664,0.022782364032334752,0.01966133423977428,0.5199999809265137
9,143,adaptive_crosssdc_cmr,hinge,1.0,0.1,0.24263571202754974,0.07755843549966812,1.8247599734200373,0.007755843549966813,0.0009244915078549335,9.244915078549335e-05,0.0390625,0.035590277777777776,0.021290775802400377,0.01848970664044221,0.5203999876976013
9,144,adaptive_crosssdc_cmr,hinge,1.0,0.1,0.2442919694715076,0.08037665320767297,1.886761440171136,0.008037665320767298,0.0012034043126429121,0.00012034043126429122,0.03993055555555555,0.042534722222222224,0.020875898086362414,0.020567342225048277,0.5185999870300293
9,145,adaptive_crosssdc_cmr,hinge,1.0,0.1,0.2401098608970642,0.07409416221910053,1.9431150092018976,0.007409416221910054,0.0008174537377069808,8.174537377069808e-05,0.03211805555555555,0.03211805555555555,0.020726973190903664,0.01700901405678855,0.5194000005722046
9,146,adaptive_crosssdc_cmr,hinge,1.0,0.1,0.2450058956940969,0.07833954443534215,1.952197379536099,0.007833954443534215,0.0009885079828867067,9.885079828867067e-05,0.035590277777777776,0.043402777777777776,0.020421335473656654,0.01869763247668743,0.520799994468689
9,147,adaptive_crosssdc_cmr,hinge,1.0,0.1,0.24416248169210222,0.07423096646865208,1.8766031795077853,0.007423096646865209,0.0009169766174939772,9.169766174939772e-05,0.033854166666666664,0.036458333333333336,0.02078869876762231,0.018463714255226985,0.5170000195503235
9,148,adaptive_crosssdc_cmr,hinge,1.0,0.1,0.24898353550169203,0.07371020482646094,1.9683091243108113,0.007371020482646095,0.0008812923268932435,8.812923268932435e-05,0.030381944444444444,0.041666666666666664,0.020271469114555254,0.01750176503426499,0.5175999999046326
9,149,adaptive_crosssdc_cmr,hinge,1.0,0.1,0.24549083246125114,0.0786457790268792,1.8302468723720975,0.00786457790268792,0.001439403121670087,0.00014394031216700872,0.06770833333333333,0.03993055555555555,0.025343404668900702,0.016494609208570585,0.5189999938011169
9,150,adaptive_crosssdc_cmr,hinge,1.0,0.1,0.24708590739303166,0.07264464596907298,1.9394209782282512,0.007264464596907299,0.0007655283035193053,7.655283035193053e-05,0.03732638888888889,0.03819444444444445,0.01960745288266076,0.017757737595174048,0.5157999992370605
9,151,adaptive_crosssdc_cmr,hinge,1.0,0.1,0.24826152125994363,0.07414798852470186,1.876012961069743,0.007414798852470187,0.0009911768591134911,9.911768591134911e-05,0.04079861111111111,0.029513888888888888,0.020479953951305814,0.016297412001424365,0.5131999850273132
9,152,adaptive_crosssdc_cmr,hinge,1.0,0.1,0.25468424956003827,0.08339171525504854,1.8615013758341472,0.008339171525504854,0.0014551742028238045,0.00014551742028238044,0.05381944444444445,0.034722222222222224,0.02196361269387934,0.016163868208726246,0.5170000195503235
9,153,adaptive_crosssdc_cmr,hinge,1.0,0.1,0.24726131723986733,0.07377982139587402,1.891140752368503,0.007377982139587402,0.0013404310415757613,0.00013404310415757612,0.04600694444444445,0.044270833333333336,0.021671166850460902,0.017700713127851486,0.5202000141143799
9,154,adaptive_crosssdc_cmr,hinge,1.0,0.1,0.23829332325193617,0.07656568537155788,1.9351966381072998,0.007656568537155788,0.0006808883570354535,6.808883570354536e-05,0.036458333333333336,0.018229166666666668,0.020527077838778496,0.014211311315496763,0.5231999754905701
9,155,adaptive_crosssdc_cmr,hinge,1.0,0.1,0.2344907455974155,0.06915235353840722,1.876451465818617,0.006915235353840723,0.0004857651698936631,4.857651698936631e-05,0.017361111111111112,0.022569444444444444,0.017719147726893425,0.01682982324726052,0.5180000066757202
9,156,adaptive_crosssdc_cmr,hinge,1.0,0.1,0.2334603319565455,0.08512611273262236,1.861138939857483,0.008512611273262236,0.0007207537031111618,7.207537031111618e-05,0.029513888888888888,0.034722222222222224,0.019698387425806787,0.017436881446176104,0.5217999815940857
9,157,adaptive_crosssdc_cmr,hinge,1.0,0.1,0.23234063883622488,0.07907369318935606,1.980438854959276,0.007907369318935606,0.0008640830896587835,8.640830896587836e-05,0.0234375,0.0390625,0.01794665741423766,0.017889498836464353,0.5198000073432922
9,158,adaptive_crosssdc_cmr,hinge,1.0,0.1,0.22863801651530796,0.07835100508398479,1.9732444021436903,0.007835100508398479,0.0002510274591461186,2.510274591461186e-05,0.013888888888888888,0.021701388888888888,0.017360460840993457,0.014591933124595217,0.5188000202178955
9,159,adaptive_crosssdc_cmr,hinge,1.0,0.1,0.22313056223922306,0.07631953971253501,1.8836142884360418,0.007631953971253502,0.0005141592878822444,5.1415928788224446e-05,0.018229166666666668,0.03211805555555555,0.018156029284000397,0.018711857704652682,0.5170000195503235
9,160,adaptive_crosssdc_cmr,hinge,1.0,0.1,0.227557929025756,0.08317447205384572,1.9200354682074652,0.008317447205384573,0.0005740348141342918,5.740348141342919e-05,0.020833333333333332,0.024305555555555556,0.019245946365926,0.01704340759250853,0.5203999876976013
9,161,adaptive_crosssdc_cmr,hinge,1.0,0.1,0.22352870802084604,0.07529476698901919,1.8620617257224188,0.007529476698901919,0.0006369764014380053,6.369764014380053e-05,0.014756944444444444,0.034722222222222224,0.01759083444873492,0.018287231110864215,0.517799973487854
9,162,adaptive_crosssdc_cmr,hinge,1.0,0.1,0.22445675399568346,0.06828174740076065,1.8498629993862576,0.006828174740076066,0.0005868395722548788,5.868395722548789e-05,0.026909722222222224,0.027777777777777776,0.018913392805390887,0.017442983264724415,0.5199999809265137
9,163,adaptive_crosssdc_cmr,hinge,1.0,0.1,0.2242598599857754,0.07388078007433149,2.0046782890955606,0.00738807800743315,0.000383418552195912,3.83418552195912e-05,0.0234375,0.022569444444444444,0.020350987298621073,0.016068290919065475,0.5192000269889832
9,164,adaptive_crosssdc_cmr,hinge,1.0,0.1,0.22902724312411415,0.07971847636832131,1.9579029348161485,0.007971847636832131,0.00045917550354109454,4.5917550354109454e-05,0.014756944444444444,0.03125,0.0186415979017814,0.019408067274424765,0.520799994468689
9,165,adaptive_crosssdc_cmr,hinge,1.0,0.1,0.23140986098183525,0.07508201400438945,1.9185557630327013,0.007508201400438945,0.0007399748428724706,7.399748428724707e-05,0.025173611111111112,0.027777777777777776,0.01898351725604799,0.016094976001315646,0.5212000012397766
9,166,adaptive_crosssdc_cmr,hinge,1.0,0.1,0.2320842378669315,0.07559548566738765,1.8779703378677368,0.007559548566738765,0.0007558613886228866,7.558613886228867e-05,0.019965277777777776,0.027777777777777776,0.01953222519821591,0.017388804919189878,0.5175999999046326
9,167,adaptive_crosssdc_cmr,hinge,1.0,0.1,0.2358353849914339,0.07590314828687245,1.8536106877856784,0.007590314828687245,0.0008389794578154882,8.389794578154882e-05,0.03298611111111111,0.03125,0.020121343433856964,0.01770644759138425,0.5171999931335449
9,168,adaptive_crosssdc_cmr,hinge,1.0,0.1,0.23313998182614645,0.07439699686235851,1.8380733463499281,0.007439699686235851,0.0010526681985033469,0.0001052668198503347,0.03732638888888889,0.033854166666666664,0.02102882808281316,0.017893762845132086,0.5171999931335449
9,169,adaptive_crosssdc_cmr,hinge,1.0,0.1,0.23754812445905474,0.07471932222445805,1.9552905824449327,0.007471932222445805,0.0009429664423805661,9.429664423805663e-05,0.024305555555555556,0.03819444444444445,0.020443604638179142,0.016750033117002912,0.5174000263214111
9,170,adaptive_crosssdc_cmr,hinge,1.0,0.1,0.2378555718395445,0.07429049081272548,1.8736910025278728,0.007429049081272549,0.0009033405933425658,9.033405933425659e-05,0.026909722222222224,0.04861111111111111,0.020343093822399776,0.01869630151324802,0.5174000263214111
9,171,adaptive_crosssdc_cmr,hinge,1.0,0.1,0.24284850392076704,0.07486839095751445,1.8405289385053847,0.007486839095751445,0.001677831440853576,0.0001677831440853576,0.0685763888888889,0.03125,0.025300903659727838,0.01616580577360259,0.5185999870300293
9,172,adaptive_crosssdc_cmr,hinge,1.0,0.1,0.23959843979941475,0.07708502891990873,1.997861040963067,0.007708502891990873,0.0011190496022916501,0.00011190496022916503,0.050347222222222224,0.028645833333333332,0.022613401007321145,0.015750984143879678,0.5202000141143799
9,173,adaptive_crosssdc_cmr,hinge,1.0,0.1,0.23469416134887272,0.07793097115225261,2.0255667898390026,0.007793097115225262,0.0005306083023444646,5.306083023444646e-05,0.0234375,0.03732638888888889,0.017444463239775762,0.015509354985422559,0.520799994468689
9,174,adaptive_crosssdc_cmr,hinge,1.0,0.1,0.2301664650440216,0.07682277510563533,1.9908046854866877,0.007682277510563534,0.0006422309605922136,6.422309605922135e-05,0.028645833333333332,0.03298611111111111,0.01933964921368493,0.015434179455041885,0.5192000269889832
9,175,adaptive_crosssdc_cmr,hinge,1.0,0.1,0.2272506207227707,0.07684836288293202,1.903696444299486,0.007684836288293202,0.0004515478374539978,4.5154783745399785e-05,0.020833333333333332,0.020833333333333332,0.016615642234683037,0.013767593022849824,0.5184000134468079
9,176,adaptive_crosssdc_cmr,hinge,1.0,0.1,0.2197152210606469,0.07597196350495021,1.9804742998547025,0.0075971963504950215,0.00029080033709760755,2.9080033709760758e-05,0.015625,0.022569444444444444,0.017826125646630924,0.015564358482758204,0.5188000202178955
9,177,adaptive_crosssdc_cmr,hinge,1.0,0.1,0.22070234020551047,0.08307807313071357,1.9745356771681044,0.008307807313071357,0.0005857136695542269,5.857136695542269e-05,0.019097222222222224,0.034722222222222224,0.018296866367260616,0.017753264349367883,0.5199999809265137
9,178,adaptive_crosssdc_cmr,hinge,1.0,0.1,0.22405900061130524,0.07732574310567644,1.8626199695799086,0.007732574310567644,0.0004731388964703203,4.7313889647032034e-05,0.018229166666666668,0.027777777777777776,0.01753371250298288,0.016166029704941645,0.5199999809265137
9,179,adaptive_crosssdc_cmr,hinge,1.0,0.1,0.22577526503139073,0.0734443101618025,1.9181942807303534,0.00734443101618025,0.0006841124171235909,6.841124171235909e-05,0.024305555555555556,0.025173611111111112,0.018161916070514254,0.01587596245937877,0.519599974155426
9,180,adaptive_crosssdc_cmr,hinge,1.0,0.1,0.2249191701412201,0.07293323427438736,1.9645454353756375,0.007293323427438736,0.0004318563603899545,4.318563603899545e-05,0.020833333333333332,0.029513888888888888,0.019932687282562256,0.015698295500543382,0.5212000012397766
9,181,adaptive_crosssdc_cmr,hinge,1.0,0.1,0.2247016512685352,0.07880893101294835,1.9359589417775471,0.007880893101294835,0.0003528299178772916,3.5282991787729165e-05,0.016493055555555556,0.024305555555555556,0.018127547370062932,0.0167460222211149,0.5185999870300293
9,182,adaptive_crosssdc_cmr,hinge,1.0,0.1,0.22485941648483276,0.07285226467582914,2.0423710346221924,0.007285226467582915,0.00064505048471296,6.4505048471296e-05,0.027777777777777776,0.034722222222222224,0.020204742542571492,0.01913786306977272,0.5184000134468079
9,183,adaptive_crosssdc_cmr,hinge,1.0,0.1,0.23454880879984963,0.08095232066180971,1.8950129879845514,0.008095232066180971,0.0006094117108861812,6.0941171088618124e-05,0.020833333333333332,0.027777777777777776,0.0187780883991056,0.016773254093196657,0.5192000269889832
9,184,adaptive_crosssdc_cmr,hinge,1.0,0.1,0.23922940923107994,0.07698491215705872,1.815651257832845,0.007698491215705872,0.0008990996640123841,8.990996640123842e-05,0.026909722222222224,0.03993055555555555,0.017340051010251045,0.01857538790338569,0.5220000147819519
9,185,adaptive_crosssdc_cmr,hinge,1.0,0.1,0.2422748241159651,0.07600496792131001,2.0247559017605252,0.007600496792131001,0.0011076240464010173,0.00011076240464010173,0.034722222222222224,0.036458333333333336,0.020998409845762782,0.017441807521714106,0.5216000080108643
9,186,adaptive_crosssdc_cmr,hinge,1.0,0.1,0.2382646600405375,0.07749946829345492,1.8836473888821073,0.007749946829345492,0.001306955828719462,0.00013069558287194622,0.042534722222222224,0.04513888888888889,0.019694715324375365,0.017705299995011754,0.5184000134468079
9,187,adaptive_crosssdc_cmr,hinge,1.0,0.1,0.2359304428100586,0.07619775831699371,1.9030708869298298,0.007619775831699371,0.0008695127487751759,8.69512748775176e-05,0.033854166666666664,0.03125,0.019030148163437843,0.016242454656296305,0.5210000276565552
9,188,adaptive_crosssdc_cmr,hinge,1.0,0.1,0.23477539916833243,0.07694115406937069,1.970945225821601,0.007694115406937069,0.001064007603822069,0.0001064007603822069,0.033854166666666664,0.03125,0.020222355508142047,0.015500436226526896,0.5210000276565552
9,189,adaptive_crosssdc_cmr,hinge,1.0,0.1,0.22963711122671762,0.07224331299463908,1.7891623046663072,0.007224331299463909,0.0009211989179473474,9.211989179473474e-05,0.029513888888888888,0.03125,0.018125991026560467,0.01616901035110156,0.5192000269889832
9,190,adaptive_crosssdc_cmr,hinge,1.0,0.1,0.23356643981403774,0.08121900343232685,1.9624875783920288,0.008121900343232685,0.0007621283326039298,7.621283326039298e-05,0.030381944444444444,0.027777777777777776,0.018050266843703058,0.016018923992911976,0.5224000215530396
9,191,adaptive_crosssdc_cmr,hinge,1.0,0.1,0.2299905154440138,0.07329634245898989,1.8720080720053778,0.007329634245898989,0.0007160879095964548,7.160879095964549e-05,0.027777777777777776,0.03732638888888889,0.01904829467336337,0.018508013544811144,0.5239999890327454
9,192,adaptive_crosssdc_cmr,hinge,1.0,0.1,0.2349250896109475,0.07564189285039902,1.911468678050571,0.007564189285039902,0.0006516767106303531,6.516767106303531e-05,0.019965277777777776,0.03298611111111111,0.01634835803674327,0.017017189206348524,0.5194000005722046
9,193,adaptive_crosssdc_cmr,hinge,1.0,0.1,0.23840332362386915,0.0783194171057807,1.825504461924235,0.00783194171057807,0.0007402263953635055,7.402263953635056e-05,0.022569444444444444,0.033854166666666664,0.01819752322302924,0.016104945085114904,0.5221999883651733
9,194,adaptive_crosssdc_cmr,hinge,1.0,0.1,0.2569243212540944,0.07610076748662525,1.8854793575074937,0.0076100767486625255,0.0014745108310307842,0.00014745108310307842,0.06076388888888889,0.044270833333333336,0.022257191439469654,0.017516376450657845,0.5189999938011169
9,195,adaptive_crosssdc_cmr,hinge,1.0,0.1,0.2683649758497874,0.07872950120104684,1.9099354479047987,0.007872950120104685,0.0018211490823887289,0.0001821149082388729,0.043402777777777776,0.05555555555555555,0.020709089934825897,0.019007897832327418,0.5184000134468079
9,196,adaptive_crosssdc_cmr,hinge,1.0,0.1,0.27647095256381565,0.08019033074378967,1.8483261664708455,0.008019033074378968,0.002705842657532129,0.00027058426575321293,0.07378472222222222,0.0546875,0.024486482350362673,0.019794819876551628,0.5167999863624573
9,197,adaptive_crosssdc_cmr,hinge,1.0,0.1,0.30616671840349835,0.08056632015440199,1.864233480559455,0.008056632015440199,0.0036103277363710934,0.00036103277363710935,0.08940972222222222,0.0642361111111111,0.02903017567263709,0.019578687225778896,0.5210000276565552
9,198,adaptive_crosssdc_cmr,hinge,1.0,0.1,0.3193492425812615,0.07713084667921066,1.9811161756515503,0.007713084667921067,0.003495021063523988,0.0003495021063523988,0.08854166666666667,0.05555555555555555,0.027017005822724767,0.01771449835764037,0.5180000066757202
9,199,adaptive_crosssdc_cmr,hinge,1.0,0.1,0.3153570161925422,0.08049466295374764,1.9508506721920438,0.008049466295374764,0.003426671248032815,0.0003426671248032815,0.0876736111111111,0.057291666666666664,0.025618631185756788,0.018439139136009745,0.5163999795913696
