step,epoch,fusion_mode,fusion_update_rule,gate_version,gate_min,gate_max,gate_mean,train_loss,ce,kd,instance,class,spatial,temporal,val_acc
0,1,uniform,sample_aware,0,0.5,0.5,0.5,1.96604143248664,1.96604143248664,0.0,0.0,0.0,0.0,0.0,0.426
0,2,uniform,sample_aware,0,0.5,0.5,0.5,1.3815042972564697,1.3815042972564697,0.0,0.0,0.0,0.0,0.0,0.672
0,3,uniform,sample_aware,0,0.5,0.5,0.5,1.032818032635583,1.032818032635583,0.0,0.0,0.0,0.0,0.0,0.72
0,4,uniform,sample_aware,0,0.5,0.5,0.5,0.7964769469367133,0.7964769469367133,0.0,0.0,0.0,0.0,0.0,0.75
0,5,uniform,sample_aware,0,0.5,0.5,0.5,0.6122967534595065,0.6122967534595065,0.0,0.0,0.0,0.0,0.0,0.79
0,6,uniform,sample_aware,0,0.5,0.5,0.5,0.5095763471391466,0.5095763471391466,0.0,0.0,0.0,0.0,0.0,0.83
0,7,uniform,sample_aware,0,0.5,0.5,0.5,0.4144817425145043,0.4144817425145043,0.0,0.0,0.0,0.0,0.0,0.854
0,8,uniform,sample_aware,0,0.5,0.5,0.5,0.33913984563615585,0.33913984563615585,0.0,0.0,0.0,0.0,0.0,0.86
0,9,uniform,sample_aware,0,0.5,0.5,0.5,0.27402586738268536,0.27402586738268536,0.0,0.0,0.0,0.0,0.0,0.866
0,10,uniform,sample_aware,0,0.5,0.5,0.5,0.23893305328157213,0.23893305328157213,0.0,0.0,0.0,0.0,0.0,0.854
0,11,uniform,sample_aware,0,0.5,0.5,0.5,0.2109033680624432,0.2109033680624432,0.0,0.0,0.0,0.0,0.0,0.854
0,12,uniform,sample_aware,0,0.5,0.5,0.5,0.16663124412298203,0.16663124412298203,0.0,0.0,0.0,0.0,0.0,0.882
0,13,uniform,sample_aware,0,0.5,0.5,0.5,0.13830857310030195,0.13830857310030195,0.0,0.0,0.0,0.0,0.0,0.888
0,14,uniform,sample_aware,0,0.5,0.5,0.5,0.11668041514025794,0.11668041514025794,0.0,0.0,0.0,0.0,0.0,0.864
0,15,uniform,sample_aware,0,0.5,0.5,0.5,0.10419455998473698,0.10419455998473698,0.0,0.0,0.0,0.0,0.0,0.874
0,16,uniform,sample_aware,0,0.5,0.5,0.5,0.08751827312840356,0.08751827312840356,0.0,0.0,0.0,0.0,0.0,0.882
0,17,uniform,sample_aware,0,0.5,0.5,0.5,0.07491842781503995,0.07491842781503995,0.0,0.0,0.0,0.0,0.0,0.88
0,18,uniform,sample_aware,0,0.5,0.5,0.5,0.06480364253123601,0.06480364253123601,0.0,0.0,0.0,0.0,0.0,0.886
0,19,uniform,sample_aware,0,0.5,0.5,0.5,0.056826293054554194,0.056826293054554194,0.0,0.0,0.0,0.0,0.0,0.88
0,20,uniform,sample_aware,0,0.5,0.5,0.5,0.05006197922759586,0.05006197922759586,0.0,0.0,0.0,0.0,0.0,0.874
0,21,uniform,sample_aware,0,0.5,0.5,0.5,0.044411246147420674,0.044411246147420674,0.0,0.0,0.0,0.0,0.0,0.882
0,22,uniform,sample_aware,0,0.5,0.5,0.5,0.041447632014751434,0.041447632014751434,0.0,0.0,0.0,0.0,0.0,0.888
0,23,uniform,sample_aware,0,0.5,0.5,0.5,0.03740502314435111,0.03740502314435111,0.0,0.0,0.0,0.0,0.0,0.878
0,24,uniform,sample_aware,0,0.5,0.5,0.5,0.03340090252459049,0.03340090252459049,0.0,0.0,0.0,0.0,0.0,0.872
0,25,uniform,sample_aware,0,0.5,0.5,0.5,0.03256117055813471,0.03256117055813471,0.0,0.0,0.0,0.0,0.0,0.888
0,26,uniform,sample_aware,0,0.5,0.5,0.5,0.028565752423471875,0.028565752423471875,0.0,0.0,0.0,0.0,0.0,0.884
0,27,uniform,sample_aware,0,0.5,0.5,0.5,0.025364615437057283,0.025364615437057283,0.0,0.0,0.0,0.0,0.0,0.88
0,28,uniform,sample_aware,0,0.5,0.5,0.5,0.02497210477789243,0.02497210477789243,0.0,0.0,0.0,0.0,0.0,0.882
0,29,uniform,sample_aware,0,0.5,0.5,0.5,0.023788431452380285,0.023788431452380285,0.0,0.0,0.0,0.0,0.0,0.876
0,30,uniform,sample_aware,0,0.5,0.5,0.5,0.0219078099148141,0.0219078099148141,0.0,0.0,0.0,0.0,0.0,0.884
0,31,uniform,sample_aware,0,0.5,0.5,0.5,0.02212133775982592,0.02212133775982592,0.0,0.0,0.0,0.0,0.0,0.878
0,32,uniform,sample_aware,0,0.5,0.5,0.5,0.020588383285535708,0.020588383285535708,0.0,0.0,0.0,0.0,0.0,0.886
0,33,uniform,sample_aware,0,0.5,0.5,0.5,0.01885236447883977,0.01885236447883977,0.0,0.0,0.0,0.0,0.0,0.876
0,34,uniform,sample_aware,0,0.5,0.5,0.5,0.01844834577706125,0.01844834577706125,0.0,0.0,0.0,0.0,0.0,0.88
0,35,uniform,sample_aware,0,0.5,0.5,0.5,0.017666393890976906,0.017666393890976906,0.0,0.0,0.0,0.0,0.0,0.874
0,36,uniform,sample_aware,0,0.5,0.5,0.5,0.017117959033283923,0.017117959033283923,0.0,0.0,0.0,0.0,0.0,0.886
0,37,uniform,sample_aware,0,0.5,0.5,0.5,0.016724121135969956,0.016724121135969956,0.0,0.0,0.0,0.0,0.0,0.884
0,38,uniform,sample_aware,0,0.5,0.5,0.5,0.015900582902961306,0.015900582902961306,0.0,0.0,0.0,0.0,0.0,0.878
0,39,uniform,sample_aware,0,0.5,0.5,0.5,0.01471703758256303,0.01471703758256303,0.0,0.0,0.0,0.0,0.0,0.882
0,40,uniform,sample_aware,0,0.5,0.5,0.5,0.013983887827230824,0.013983887827230824,0.0,0.0,0.0,0.0,0.0,0.88
0,41,uniform,sample_aware,0,0.5,0.5,0.5,0.013691859216325812,0.013691859216325812,0.0,0.0,0.0,0.0,0.0,0.882
0,42,uniform,sample_aware,0,0.5,0.5,0.5,0.014258513951467143,0.014258513951467143,0.0,0.0,0.0,0.0,0.0,0.882
0,43,uniform,sample_aware,0,0.5,0.5,0.5,0.014151608778370751,0.014151608778370751,0.0,0.0,0.0,0.0,0.0,0.874
0,44,uniform,sample_aware,0,0.5,0.5,0.5,0.013262813600401083,0.013262813600401083,0.0,0.0,0.0,0.0,0.0,0.882
0,45,uniform,sample_aware,0,0.5,0.5,0.5,0.012133689700729318,0.012133689700729318,0.0,0.0,0.0,0.0,0.0,0.876
0,46,uniform,sample_aware,0,0.5,0.5,0.5,0.011850862349900935,0.011850862349900935,0.0,0.0,0.0,0.0,0.0,0.882
0,47,uniform,sample_aware,0,0.5,0.5,0.5,0.011804611629082097,0.011804611629082097,0.0,0.0,0.0,0.0,0.0,0.884
0,48,uniform,sample_aware,0,0.5,0.5,0.5,0.011595337651669979,0.011595337651669979,0.0,0.0,0.0,0.0,0.0,0.88
0,49,uniform,sample_aware,0,0.5,0.5,0.5,0.011257110680970881,0.011257110680970881,0.0,0.0,0.0,0.0,0.0,0.88
0,50,uniform,sample_aware,0,0.5,0.5,0.5,0.011268096355100473,0.011268096355100473,0.0,0.0,0.0,0.0,0.0,0.874
0,51,uniform,sample_aware,0,0.5,0.5,0.5,0.010667576558060117,0.010667576558060117,0.0,0.0,0.0,0.0,0.0,0.886
0,52,uniform,sample_aware,0,0.5,0.5,0.5,0.010431653923458524,0.010431653923458524,0.0,0.0,0.0,0.0,0.0,0.878
0,53,uniform,sample_aware,0,0.5,0.5,0.5,0.010387439798149798,0.010387439798149798,0.0,0.0,0.0,0.0,0.0,0.88
0,54,uniform,sample_aware,0,0.5,0.5,0.5,0.010375558398663998,0.010375558398663998,0.0,0.0,0.0,0.0,0.0,0.876
0,55,uniform,sample_aware,0,0.5,0.5,0.5,0.01022129650745127,0.01022129650745127,0.0,0.0,0.0,0.0,0.0,0.878
0,56,uniform,sample_aware,0,0.5,0.5,0.5,0.010194307400120629,0.010194307400120629,0.0,0.0,0.0,0.0,0.0,0.882
0,57,uniform,sample_aware,0,0.5,0.5,0.5,0.009726782743301656,0.009726782743301656,0.0,0.0,0.0,0.0,0.0,0.884
0,58,uniform,sample_aware,0,0.5,0.5,0.5,0.00986295317610105,0.00986295317610105,0.0,0.0,0.0,0.0,0.0,0.882
0,59,uniform,sample_aware,0,0.5,0.5,0.5,0.009272799051056305,0.009272799051056305,0.0,0.0,0.0,0.0,0.0,0.876
0,60,uniform,sample_aware,0,0.5,0.5,0.5,0.00947819474256701,0.00947819474256701,0.0,0.0,0.0,0.0,0.0,0.88
0,61,uniform,sample_aware,0,0.5,0.5,0.5,0.009342865966674354,0.009342865966674354,0.0,0.0,0.0,0.0,0.0,0.88
0,62,uniform,sample_aware,0,0.5,0.5,0.5,0.009058104310598638,0.009058104310598638,0.0,0.0,0.0,0.0,0.0,0.87
0,63,uniform,sample_aware,0,0.5,0.5,0.5,0.00926891134844886,0.00926891134844886,0.0,0.0,0.0,0.0,0.0,0.88
0,64,uniform,sample_aware,0,0.5,0.5,0.5,0.008738068863749504,0.008738068863749504,0.0,0.0,0.0,0.0,0.0,0.876
0,65,uniform,sample_aware,0,0.5,0.5,0.5,0.00836664479639795,0.00836664479639795,0.0,0.0,0.0,0.0,0.0,0.88
0,66,uniform,sample_aware,0,0.5,0.5,0.5,0.008454407772256268,0.008454407772256268,0.0,0.0,0.0,0.0,0.0,0.868
0,67,uniform,sample_aware,0,0.5,0.5,0.5,0.008118451417734226,0.008118451417734226,0.0,0.0,0.0,0.0,0.0,0.878
0,68,uniform,sample_aware,0,0.5,0.5,0.5,0.007966286761479245,0.007966286761479245,0.0,0.0,0.0,0.0,0.0,0.874
0,69,uniform,sample_aware,0,0.5,0.5,0.5,0.00797422131937411,0.00797422131937411,0.0,0.0,0.0,0.0,0.0,0.874
0,70,uniform,sample_aware,0,0.5,0.5,0.5,0.007806834092156755,0.007806834092156755,0.0,0.0,0.0,0.0,0.0,0.87
0,71,uniform,sample_aware,0,0.5,0.5,0.5,0.008281388526989354,0.008281388526989354,0.0,0.0,0.0,0.0,0.0,0.87
0,72,uniform,sample_aware,0,0.5,0.5,0.5,0.008021009361578358,0.008021009361578358,0.0,0.0,0.0,0.0,0.0,0.876
0,73,uniform,sample_aware,0,0.5,0.5,0.5,0.007673074232621325,0.007673074232621325,0.0,0.0,0.0,0.0,0.0,0.866
0,74,uniform,sample_aware,0,0.5,0.5,0.5,0.007449478790577915,0.007449478790577915,0.0,0.0,0.0,0.0,0.0,0.882
0,75,uniform,sample_aware,0,0.5,0.5,0.5,0.007605706703745657,0.007605706703745657,0.0,0.0,0.0,0.0,0.0,0.878
0,76,uniform,sample_aware,0,0.5,0.5,0.5,0.007389374077320099,0.007389374077320099,0.0,0.0,0.0,0.0,0.0,0.87
0,77,uniform,sample_aware,0,0.5,0.5,0.5,0.007594168030967315,0.007594168030967315,0.0,0.0,0.0,0.0,0.0,0.868
0,78,uniform,sample_aware,0,0.5,0.5,0.5,0.007455310111658441,0.007455310111658441,0.0,0.0,0.0,0.0,0.0,0.874
0,79,uniform,sample_aware,0,0.5,0.5,0.5,0.0073335835089286166,0.0073335835089286166,0.0,0.0,0.0,0.0,0.0,0.87
0,80,uniform,sample_aware,0,0.5,0.5,0.5,0.007349649702923166,0.007349649702923166,0.0,0.0,0.0,0.0,0.0,0.872
0,81,uniform,sample_aware,0,0.5,0.5,0.5,0.0070795720546609825,0.0070795720546609825,0.0,0.0,0.0,0.0,0.0,0.868
0,82,uniform,sample_aware,0,0.5,0.5,0.5,0.006805522005177206,0.006805522005177206,0.0,0.0,0.0,0.0,0.0,0.874
0,83,uniform,sample_aware,0,0.5,0.5,0.5,0.006725986902084615,0.006725986902084615,0.0,0.0,0.0,0.0,0.0,0.868
0,84,uniform,sample_aware,0,0.5,0.5,0.5,0.006484436233424478,0.006484436233424478,0.0,0.0,0.0,0.0,0.0,0.868
0,85,uniform,sample_aware,0,0.5,0.5,0.5,0.0062514060280389255,0.0062514060280389255,0.0,0.0,0.0,0.0,0.0,0.872
0,86,uniform,sample_aware,0,0.5,0.5,0.5,0.006250308464384741,0.006250308464384741,0.0,0.0,0.0,0.0,0.0,0.868
0,87,uniform,sample_aware,0,0.5,0.5,0.5,0.006480356057484944,0.006480356057484944,0.0,0.0,0.0,0.0,0.0,0.868
0,88,uniform,sample_aware,0,0.5,0.5,0.5,0.006151045983036359,0.006151045983036359,0.0,0.0,0.0,0.0,0.0,0.868
0,89,uniform,sample_aware,0,0.5,0.5,0.5,0.006160729719946782,0.006160729719946782,0.0,0.0,0.0,0.0,0.0,0.868
0,90,uniform,sample_aware,0,0.5,0.5,0.5,0.006297458170188798,0.006297458170188798,0.0,0.0,0.0,0.0,0.0,0.87
0,91,uniform,sample_aware,0,0.5,0.5,0.5,0.00628723856061697,0.00628723856061697,0.0,0.0,0.0,0.0,0.0,0.872
0,92,uniform,sample_aware,0,0.5,0.5,0.5,0.006221023595167531,0.006221023595167531,0.0,0.0,0.0,0.0,0.0,0.864
0,93,uniform,sample_aware,0,0.5,0.5,0.5,0.006078522755867905,0.006078522755867905,0.0,0.0,0.0,0.0,0.0,0.868
0,94,uniform,sample_aware,0,0.5,0.5,0.5,0.006169598549604416,0.006169598549604416,0.0,0.0,0.0,0.0,0.0,0.872
0,95,uniform,sample_aware,0,0.5,0.5,0.5,0.006082127232932382,0.006082127232932382,0.0,0.0,0.0,0.0,0.0,0.866
0,96,uniform,sample_aware,0,0.5,0.5,0.5,0.006001256923708651,0.006001256923708651,0.0,0.0,0.0,0.0,0.0,0.864
0,97,uniform,sample_aware,0,0.5,0.5,0.5,0.006307516040073501,0.006307516040073501,0.0,0.0,0.0,0.0,0.0,0.872
0,98,uniform,sample_aware,0,0.5,0.5,0.5,0.006238836432910628,0.006238836432910628,0.0,0.0,0.0,0.0,0.0,0.864
0,99,uniform,sample_aware,0,0.5,0.5,0.5,0.0057791611179709435,0.0057791611179709435,0.0,0.0,0.0,0.0,0.0,0.866
0,100,uniform,sample_aware,0,0.5,0.5,0.5,0.006018111999664042,0.006018111999664042,0.0,0.0,0.0,0.0,0.0,0.864
0,101,uniform,sample_aware,0,0.5,0.5,0.5,0.0061418672816620935,0.0061418672816620935,0.0,0.0,0.0,0.0,0.0,0.856
0,102,uniform,sample_aware,0,0.5,0.5,0.5,0.006569721011651887,0.006569721011651887,0.0,0.0,0.0,0.0,0.0,0.862
0,103,uniform,sample_aware,0,0.5,0.5,0.5,0.005828460988899072,0.005828460988899072,0.0,0.0,0.0,0.0,0.0,0.864
0,104,uniform,sample_aware,0,0.5,0.5,0.5,0.005171235599037673,0.005171235599037673,0.0,0.0,0.0,0.0,0.0,0.864
0,105,uniform,sample_aware,0,0.5,0.5,0.5,0.005062505188915465,0.005062505188915465,0.0,0.0,0.0,0.0,0.0,0.868
0,106,uniform,sample_aware,0,0.5,0.5,0.5,0.005327838990423415,0.005327838990423415,0.0,0.0,0.0,0.0,0.0,0.858
0,107,uniform,sample_aware,0,0.5,0.5,0.5,0.005302252506630288,0.005302252506630288,0.0,0.0,0.0,0.0,0.0,0.86
0,108,uniform,sample_aware,0,0.5,0.5,0.5,0.00532143371593621,0.00532143371593621,0.0,0.0,0.0,0.0,0.0,0.874
0,109,uniform,sample_aware,0,0.5,0.5,0.5,0.005289223976433277,0.005289223976433277,0.0,0.0,0.0,0.0,0.0,0.862
0,110,uniform,sample_aware,0,0.5,0.5,0.5,0.005337344172100226,0.005337344172100226,0.0,0.0,0.0,0.0,0.0,0.866
0,111,uniform,sample_aware,0,0.5,0.5,0.5,0.005151389218452904,0.005151389218452904,0.0,0.0,0.0,0.0,0.0,0.864
0,112,uniform,sample_aware,0,0.5,0.5,0.5,0.004960006568580866,0.004960006568580866,0.0,0.0,0.0,0.0,0.0,0.866
0,113,uniform,sample_aware,0,0.5,0.5,0.5,0.005022979186226924,0.005022979186226924,0.0,0.0,0.0,0.0,0.0,0.864
0,114,uniform,sample_aware,0,0.5,0.5,0.5,0.005053649552994304,0.005053649552994304,0.0,0.0,0.0,0.0,0.0,0.862
0,115,uniform,sample_aware,0,0.5,0.5,0.5,0.0048326310029046405,0.0048326310029046405,0.0,0.0,0.0,0.0,0.0,0.868
0,116,uniform,sample_aware,0,0.5,0.5,0.5,0.005012978877251347,0.005012978877251347,0.0,0.0,0.0,0.0,0.0,0.864
0,117,uniform,sample_aware,0,0.5,0.5,0.5,0.0051067484439247185,0.0051067484439247185,0.0,0.0,0.0,0.0,0.0,0.866
0,118,uniform,sample_aware,0,0.5,0.5,0.5,0.004997850525089436,0.004997850525089436,0.0,0.0,0.0,0.0,0.0,0.858
0,119,uniform,sample_aware,0,0.5,0.5,0.5,0.004953108934892548,0.004953108934892548,0.0,0.0,0.0,0.0,0.0,0.864
0,120,uniform,sample_aware,0,0.5,0.5,0.5,0.005076822876516316,0.005076822876516316,0.0,0.0,0.0,0.0,0.0,0.868
0,121,uniform,sample_aware,0,0.5,0.5,0.5,0.0046380991116166115,0.0046380991116166115,0.0,0.0,0.0,0.0,0.0,0.862
0,122,uniform,sample_aware,0,0.5,0.5,0.5,0.0045189286013030345,0.0045189286013030345,0.0,0.0,0.0,0.0,0.0,0.872
0,123,uniform,sample_aware,0,0.5,0.5,0.5,0.004589770946444737,0.004589770946444737,0.0,0.0,0.0,0.0,0.0,0.866
0,124,uniform,sample_aware,0,0.5,0.5,0.5,0.004574863654043939,0.004574863654043939,0.0,0.0,0.0,0.0,0.0,0.858
0,125,uniform,sample_aware,0,0.5,0.5,0.5,0.004466320413889157,0.004466320413889157,0.0,0.0,0.0,0.0,0.0,0.862
0,126,uniform,sample_aware,0,0.5,0.5,0.5,0.0046873559347457355,0.0046873559347457355,0.0,0.0,0.0,0.0,0.0,0.87
0,127,uniform,sample_aware,0,0.5,0.5,0.5,0.004653031808427638,0.004653031808427638,0.0,0.0,0.0,0.0,0.0,0.87
0,128,uniform,sample_aware,0,0.5,0.5,0.5,0.004490690357569192,0.004490690357569192,0.0,0.0,0.0,0.0,0.0,0.868
0,129,uniform,sample_aware,0,0.5,0.5,0.5,0.004388737957924604,0.004388737957924604,0.0,0.0,0.0,0.0,0.0,0.86
0,130,uniform,sample_aware,0,0.5,0.5,0.5,0.0042828513412839836,0.0042828513412839836,0.0,0.0,0.0,0.0,0.0,0.862
0,131,uniform,sample_aware,0,0.5,0.5,0.5,0.00420914962887764,0.00420914962887764,0.0,0.0,0.0,0.0,0.0,0.866
0,132,uniform,sample_aware,0,0.5,0.5,0.5,0.004237588313925598,0.004237588313925598,0.0,0.0,0.0,0.0,0.0,0.858
0,133,uniform,sample_aware,0,0.5,0.5,0.5,0.0043012842329012025,0.0043012842329012025,0.0,0.0,0.0,0.0,0.0,0.86
0,134,uniform,sample_aware,0,0.5,0.5,0.5,0.004296889554502236,0.004296889554502236,0.0,0.0,0.0,0.0,0.0,0.866
0,135,uniform,sample_aware,0,0.5,0.5,0.5,0.0042012039727220936,0.0042012039727220936,0.0,0.0,0.0,0.0,0.0,0.864
0,136,uniform,sample_aware,0,0.5,0.5,0.5,0.0042016713931742646,0.0042016713931742646,0.0,0.0,0.0,0.0,0.0,0.864
0,137,uniform,sample_aware,0,0.5,0.5,0.5,0.00427043409500685,0.00427043409500685,0.0,0.0,0.0,0.0,0.0,0.872
0,138,uniform,sample_aware,0,0.5,0.5,0.5,0.0044858562760055065,0.0044858562760055065,0.0,0.0,0.0,0.0,0.0,0.866
0,139,uniform,sample_aware,0,0.5,0.5,0.5,0.0043289013103478486,0.0043289013103478486,0.0,0.0,0.0,0.0,0.0,0.864
0,140,uniform,sample_aware,0,0.5,0.5,0.5,0.004233440410138832,0.004233440410138832,0.0,0.0,0.0,0.0,0.0,0.86
0,141,uniform,sample_aware,0,0.5,0.5,0.5,0.004137981683015823,0.004137981683015823,0.0,0.0,0.0,0.0,0.0,0.856
0,142,uniform,sample_aware,0,0.5,0.5,0.5,0.0044387133740302585,0.0044387133740302585,0.0,0.0,0.0,0.0,0.0,0.854
0,143,uniform,sample_aware,0,0.5,0.5,0.5,0.004096060266925229,0.004096060266925229,0.0,0.0,0.0,0.0,0.0,0.86
0,144,uniform,sample_aware,0,0.5,0.5,0.5,0.003926948877051473,0.003926948877051473,0.0,0.0,0.0,0.0,0.0,0.872
0,145,uniform,sample_aware,0,0.5,0.5,0.5,0.0038887520786374807,0.0038887520786374807,0.0,0.0,0.0,0.0,0.0,0.862
0,146,uniform,sample_aware,0,0.5,0.5,0.5,0.004178665500755112,0.004178665500755112,0.0,0.0,0.0,0.0,0.0,0.858
0,147,uniform,sample_aware,0,0.5,0.5,0.5,0.003988736179760761,0.003988736179760761,0.0,0.0,0.0,0.0,0.0,0.86
0,148,uniform,sample_aware,0,0.5,0.5,0.5,0.004038187442347407,0.004038187442347407,0.0,0.0,0.0,0.0,0.0,0.87
0,149,uniform,sample_aware,0,0.5,0.5,0.5,0.0038502579037514,0.0038502579037514,0.0,0.0,0.0,0.0,0.0,0.872
0,150,uniform,sample_aware,0,0.5,0.5,0.5,0.003881444637146261,0.003881444637146261,0.0,0.0,0.0,0.0,0.0,0.864
0,151,uniform,sample_aware,0,0.5,0.5,0.5,0.003933386928919289,0.003933386928919289,0.0,0.0,0.0,0.0,0.0,0.868
0,152,uniform,sample_aware,0,0.5,0.5,0.5,0.003859773924988177,0.003859773924988177,0.0,0.0,0.0,0.0,0.0,0.858
0,153,uniform,sample_aware,0,0.5,0.5,0.5,0.0038188049155804846,0.0038188049155804846,0.0,0.0,0.0,0.0,0.0,0.862
0,154,uniform,sample_aware,0,0.5,0.5,0.5,0.003871818280054463,0.003871818280054463,0.0,0.0,0.0,0.0,0.0,0.864
0,155,uniform,sample_aware,0,0.5,0.5,0.5,0.003724683567674624,0.003724683567674624,0.0,0.0,0.0,0.0,0.0,0.862
0,156,uniform,sample_aware,0,0.5,0.5,0.5,0.003589457909887036,0.003589457909887036,0.0,0.0,0.0,0.0,0.0,0.852
0,157,uniform,sample_aware,0,0.5,0.5,0.5,0.0037517630132950014,0.0037517630132950014,0.0,0.0,0.0,0.0,0.0,0.86
0,158,uniform,sample_aware,0,0.5,0.5,0.5,0.00373366327645878,0.00373366327645878,0.0,0.0,0.0,0.0,0.0,0.852
0,159,uniform,sample_aware,0,0.5,0.5,0.5,0.0037887892168429163,0.0037887892168429163,0.0,0.0,0.0,0.0,0.0,0.86
0,160,uniform,sample_aware,0,0.5,0.5,0.5,0.004261759627196524,0.004261759627196524,0.0,0.0,0.0,0.0,0.0,0.86
0,161,uniform,sample_aware,0,0.5,0.5,0.5,0.0037455415974060693,0.0037455415974060693,0.0,0.0,0.0,0.0,0.0,0.866
0,162,uniform,sample_aware,0,0.5,0.5,0.5,0.0035937162012689644,0.0035937162012689644,0.0,0.0,0.0,0.0,0.0,0.864
0,163,uniform,sample_aware,0,0.5,0.5,0.5,0.0037996797925896114,0.0037996797925896114,0.0,0.0,0.0,0.0,0.0,0.862
0,164,uniform,sample_aware,0,0.5,0.5,0.5,0.003886224702000618,0.003886224702000618,0.0,0.0,0.0,0.0,0.0,0.864
0,165,uniform,sample_aware,0,0.5,0.5,0.5,0.003465086558005876,0.003465086558005876,0.0,0.0,0.0,0.0,0.0,0.856
0,166,uniform,sample_aware,0,0.5,0.5,0.5,0.0038698800425562593,0.0038698800425562593,0.0,0.0,0.0,0.0,0.0,0.862
0,167,uniform,sample_aware,0,0.5,0.5,0.5,0.0037741195410490036,0.0037741195410490036,0.0,0.0,0.0,0.0,0.0,0.864
0,168,uniform,sample_aware,0,0.5,0.5,0.5,0.0033927944023162127,0.0033927944023162127,0.0,0.0,0.0,0.0,0.0,0.862
0,169,uniform,sample_aware,0,0.5,0.5,0.5,0.0033748819389277035,0.0033748819389277035,0.0,0.0,0.0,0.0,0.0,0.866
0,170,uniform,sample_aware,0,0.5,0.5,0.5,0.003218455654051569,0.003218455654051569,0.0,0.0,0.0,0.0,0.0,0.86
0,171,uniform,sample_aware,0,0.5,0.5,0.5,0.00328867949752344,0.00328867949752344,0.0,0.0,0.0,0.0,0.0,0.854
0,172,uniform,sample_aware,0,0.5,0.5,0.5,0.0034136573991013896,0.0034136573991013896,0.0,0.0,0.0,0.0,0.0,0.87
0,173,uniform,sample_aware,0,0.5,0.5,0.5,0.003309205821197894,0.003309205821197894,0.0,0.0,0.0,0.0,0.0,0.854
0,174,uniform,sample_aware,0,0.5,0.5,0.5,0.003389861848619249,0.003389861848619249,0.0,0.0,0.0,0.0,0.0,0.858
0,175,uniform,sample_aware,0,0.5,0.5,0.5,0.003489936494992839,0.003489936494992839,0.0,0.0,0.0,0.0,0.0,0.862
0,176,uniform,sample_aware,0,0.5,0.5,0.5,0.0033197267394926813,0.0033197267394926813,0.0,0.0,0.0,0.0,0.0,0.852
0,177,uniform,sample_aware,0,0.5,0.5,0.5,0.0037458224170323876,0.0037458224170323876,0.0,0.0,0.0,0.0,0.0,0.85
0,178,uniform,sample_aware,0,0.5,0.5,0.5,0.003184250374842021,0.003184250374842021,0.0,0.0,0.0,0.0,0.0,0.858
0,179,uniform,sample_aware,0,0.5,0.5,0.5,0.00354165221667952,0.00354165221667952,0.0,0.0,0.0,0.0,0.0,0.858
0,180,uniform,sample_aware,0,0.5,0.5,0.5,0.0034412953019556073,0.0034412953019556073,0.0,0.0,0.0,0.0,0.0,0.858
0,181,uniform,sample_aware,0,0.5,0.5,0.5,0.003793182834568951,0.003793182834568951,0.0,0.0,0.0,0.0,0.0,0.868
0,182,uniform,sample_aware,0,0.5,0.5,0.5,0.003528937335229582,0.003528937335229582,0.0,0.0,0.0,0.0,0.0,0.866
0,183,uniform,sample_aware,0,0.5,0.5,0.5,0.0032562209914127984,0.0032562209914127984,0.0,0.0,0.0,0.0,0.0,0.86
0,184,uniform,sample_aware,0,0.5,0.5,0.5,0.0029126935017605624,0.0029126935017605624,0.0,0.0,0.0,0.0,0.0,0.866
0,185,uniform,sample_aware,0,0.5,0.5,0.5,0.002955757366079423,0.002955757366079423,0.0,0.0,0.0,0.0,0.0,0.858
0,186,uniform,sample_aware,0,0.5,0.5,0.5,0.0030512528804441295,0.0030512528804441295,0.0,0.0,0.0,0.0,0.0,0.86
0,187,uniform,sample_aware,0,0.5,0.5,0.5,0.002831178122303552,0.002831178122303552,0.0,0.0,0.0,0.0,0.0,0.862
0,188,uniform,sample_aware,0,0.5,0.5,0.5,0.0029130752405358683,0.0029130752405358683,0.0,0.0,0.0,0.0,0.0,0.854
0,189,uniform,sample_aware,0,0.5,0.5,0.5,0.0030875368716402184,0.0030875368716402184,0.0,0.0,0.0,0.0,0.0,0.868
0,190,uniform,sample_aware,0,0.5,0.5,0.5,0.003063454965336455,0.003063454965336455,0.0,0.0,0.0,0.0,0.0,0.862
0,191,uniform,sample_aware,0,0.5,0.5,0.5,0.0032082240148964855,0.0032082240148964855,0.0,0.0,0.0,0.0,0.0,0.858
0,192,uniform,sample_aware,0,0.5,0.5,0.5,0.0031818313679347434,0.0031818313679347434,0.0,0.0,0.0,0.0,0.0,0.854
0,193,uniform,sample_aware,0,0.5,0.5,0.5,0.003517442693312963,0.003517442693312963,0.0,0.0,0.0,0.0,0.0,0.854
0,194,uniform,sample_aware,0,0.5,0.5,0.5,0.003274589181981153,0.003274589181981153,0.0,0.0,0.0,0.0,0.0,0.856
0,195,uniform,sample_aware,0,0.5,0.5,0.5,0.003058609500941303,0.003058609500941303,0.0,0.0,0.0,0.0,0.0,0.858
0,196,uniform,sample_aware,0,0.5,0.5,0.5,0.0029328395353837144,0.0029328395353837144,0.0,0.0,0.0,0.0,0.0,0.86
0,197,uniform,sample_aware,0,0.5,0.5,0.5,0.0033520375016248887,0.0033520375016248887,0.0,0.0,0.0,0.0,0.0,0.862
0,198,uniform,sample_aware,0,0.5,0.5,0.5,0.0032056104650513995,0.0032056104650513995,0.0,0.0,0.0,0.0,0.0,0.866
0,199,uniform,sample_aware,0,0.5,0.5,0.5,0.002814456147866117,0.002814456147866117,0.0,0.0,0.0,0.0,0.0,0.856
0,200,uniform,sample_aware,0,0.5,0.5,0.5,0.0028361236521353326,0.0028361236521353326,0.0,0.0,0.0,0.0,0.0,0.854
1,1,uniform,sample_aware,0,0.5,0.5,0.5,2.016995668411255,0.9808510409461128,0.1003153802131212,5.430820200178358,0.2894960310724046,0.19855259524451363,0.007949860093908178,0.46
1,2,uniform,sample_aware,0,0.5,0.5,0.5,1.4866782559288874,0.6112375325626798,0.02707776002999809,5.292638990614149,0.28281477093696594,0.07010263825456302,0.0024658362510510618,0.502
1,3,uniform,sample_aware,0,0.5,0.5,0.5,1.2945984204610188,0.4718397590849135,0.013100754469633102,5.18711863623725,0.27622075213326347,0.028463839656776853,0.0009867577399644586,0.547
1,4,uniform,sample_aware,0,0.5,0.5,0.5,1.1925836536619399,0.3881394995583428,0.009772802082200846,5.1442874272664385,0.2737799651092953,0.012462907781203588,0.00046236203828205663,0.574
1,5,uniform,sample_aware,0,0.5,0.5,0.5,1.1176014343897502,0.32836104432741803,0.007725368150406414,5.083037270439996,0.270079384247462,0.00601905035889811,0.0002447159495204687,0.588
1,6,uniform,sample_aware,0,0.5,0.5,0.5,1.067775355445014,0.2931648575597339,0.007707118936296966,5.009527100457086,0.26430812146928573,0.0031295489623314804,0.0001555015397672024,0.588
1,7,uniform,sample_aware,0,0.5,0.5,0.5,1.0317965613471136,0.26288141310214996,0.00892862325741185,4.949550204806858,0.2639324797524346,0.0020736999318210613,0.00012433275373445617,0.604
1,8,uniform,sample_aware,0,0.5,0.5,0.5,0.9998836186197069,0.23896338707870907,0.009248398865262667,4.89415979385376,0.2613826294740041,0.0016391907766875294,0.00010730684476180209,0.62
1,9,uniform,sample_aware,0,0.5,0.5,0.5,0.9756623970137702,0.2222666839758555,0.009856876296301683,4.835216204325358,0.2591991722583771,0.001529965381551948,0.00010613963240757585,0.63
1,10,uniform,sample_aware,0,0.5,0.5,0.5,0.9357326361868117,0.19542243911160362,0.009828894295626216,4.752208762698704,0.2544096095694436,0.001578878973507219,0.00012273416440520022,0.644
1,11,uniform,sample_aware,0,0.5,0.5,0.5,0.928104043006897,0.1825674225886663,0.011035851513346037,4.728317684597439,0.260736346244812,0.0017310419482075507,0.00013426289660856128,0.628
1,12,uniform,sample_aware,0,0.5,0.5,0.5,0.9045693410767449,0.1714811341630088,0.01200866647478607,4.664906395806207,0.2536346796486113,0.0017847194362224804,0.00012369797978964116,0.661
1,13,uniform,sample_aware,0,0.5,0.5,0.5,0.8836042152510749,0.15996653669410282,0.011020494314531485,4.606602562798394,0.2509529259469774,0.0018610666350771983,0.00014690564583159157,0.652
1,14,uniform,sample_aware,0,0.5,0.5,0.5,0.8619849681854248,0.1464887203441726,0.01059686154541042,4.566559579637316,0.24721803764502207,0.0018979781048579349,0.00015278616532062492,0.67
1,15,uniform,sample_aware,0,0.5,0.5,0.5,0.8536397748523288,0.14016056143575245,0.011593126381436983,4.511048528883192,0.24968271454175314,0.0020377109370504818,0.00015926576452329755,0.665
1,16,uniform,sample_aware,0,0.5,0.5,0.5,0.8314968215094672,0.12762473109695646,0.011502672814660601,4.465803040398492,0.24464445809523264,0.0021257854532450438,0.00016346408907944957,0.674
1,17,uniform,sample_aware,0,0.5,0.5,0.5,0.8143193456861708,0.1184685147470898,0.01156121709694465,4.417222287919786,0.24146418770154318,0.0020459172471115985,0.00016046752635803487,0.673
1,18,uniform,sample_aware,0,0.5,0.5,0.5,0.8039499786165025,0.11225990040434732,0.011906486832433276,4.368932829962836,0.24183974828985003,0.00194300033359064,0.00015810362917060652,0.691
1,19,uniform,sample_aware,0,0.5,0.5,0.5,0.7947831749916077,0.10797337773773405,0.011637857908176051,4.312498410542806,0.242885066403283,0.001918596655337347,0.0001554656515104903,0.701
1,20,uniform,sample_aware,0,0.5,0.5,0.5,0.7812782658471001,0.10199244651529524,0.011412494195004305,4.267097844017877,0.2400653643740548,0.0020201095742070014,0.00017624588346936635,0.701
1,21,uniform,sample_aware,0,0.5,0.5,0.5,0.7764471504423354,0.10102607309818268,0.012139889722069105,4.235557238260905,0.23861632578902775,0.0020336098451581267,0.00018467221848873628,0.704
1,22,uniform,sample_aware,0,0.5,0.5,0.5,0.7608105076683892,0.09369699077473746,0.011955960343281427,4.1764152844746905,0.23635739750332302,0.0021329204448395306,0.00018431634331742922,0.709
1,23,uniform,sample_aware,0,0.5,0.5,0.5,0.7481328778796725,0.08869973321755727,0.011396508767373033,4.136050330268012,0.23330041931735146,0.002083670451409287,0.00017868244322016835,0.702
1,24,uniform,sample_aware,0,0.5,0.5,0.5,0.738516370455424,0.08628679687778155,0.011903844049407376,4.067383501264784,0.23239454958173963,0.0021957418260475,0.00018991428401528133,0.712
1,25,uniform,sample_aware,0,0.5,0.5,0.5,0.7395247220993042,0.08583092275593016,0.013567853718996048,4.044794824388292,0.23439874913957384,0.0022915255588789782,0.0002039009446485175,0.71
1,26,uniform,sample_aware,0,0.5,0.5,0.5,0.7180535528394911,0.07641825079917908,0.012505464980171787,3.9949022663964167,0.22837256557411617,0.002347168952433599,0.0001868962361994717,0.713
1,27,uniform,sample_aware,0,0.5,0.5,0.5,0.7227384580506219,0.07897140002912945,0.014037529834442668,3.940875662697686,0.23429088956779903,0.002503906454270085,0.0001982525379086534,0.709
1,28,uniform,sample_aware,0,0.5,0.5,0.5,0.7137281364864774,0.0755746646059884,0.01458747208946281,3.893848419189453,0.23278031084272596,0.0026120260461337036,0.0001896809165676435,0.728
1,29,uniform,sample_aware,0,0.5,0.5,0.5,0.6994923088285658,0.07336756380067931,0.01541210628218121,3.8350086212158203,0.2256330582830641,0.002932881470769644,0.00022455191679505838,0.731
1,30,uniform,sample_aware,0,0.5,0.5,0.5,0.6947202152676053,0.06994608375761244,0.015431576822366979,3.808621406555176,0.22681424187289345,0.0031089730974700716,0.00022337669118617973,0.731
1,31,uniform,sample_aware,0,0.5,0.5,0.5,0.682398239771525,0.06770367009772195,0.014419652211169401,3.753250651889377,0.2232420328590605,0.0032040756195783615,0.00021151853595963784,0.731
1,32,uniform,sample_aware,0,0.5,0.5,0.5,0.6752374768257141,0.06602136832144526,0.014474545605480671,3.6955964035458035,0.22331813143359291,0.0034836882000996005,0.00024388506749851836,0.729
1,33,uniform,sample_aware,0,0.5,0.5,0.5,0.672514365779029,0.06842065768109427,0.01510914321988821,3.654904180102878,0.22167816592587364,0.003383177203229732,0.0002487740970941053,0.739
1,34,uniform,sample_aware,0,0.5,0.5,0.5,0.6661568548944261,0.06585180469685131,0.014204781192044416,3.6245762507120767,0.22183825075626373,0.003378598459271921,0.00023018714920100238,0.73
1,35,uniform,sample_aware,0,0.5,0.5,0.5,0.6591853830549452,0.06292628662453757,0.014006129259036647,3.5693540573120117,0.22354711095492044,0.0033137190880046952,0.00022716427014933692,0.738
1,36,uniform,sample_aware,0,0.5,0.5,0.5,0.6453071898884244,0.061890211784177356,0.014193797897961404,3.504640075895521,0.21692472530735862,0.0034472771609822908,0.0002216431894339621,0.737
1,37,uniform,sample_aware,0,0.5,0.5,0.5,0.6406426694658067,0.059455146806107625,0.014388162849677933,3.482268068525526,0.21669696271419525,0.003505764477368858,0.00024544496813582047,0.735
1,38,uniform,sample_aware,0,0.5,0.5,0.5,0.639560706085629,0.059407281378904976,0.014877019450068474,3.4487103356255426,0.21844112707508934,0.0036703702579769823,0.00025812251907255914,0.735
1,39,uniform,sample_aware,0,0.5,0.5,0.5,0.6373429761992561,0.061921132935418025,0.015055358823802736,3.3902995586395264,0.21939845217598808,0.0036182591381172338,0.00025789927329040237,0.738
1,40,uniform,sample_aware,0,0.5,0.5,0.5,0.6258973081906637,0.06021265768342548,0.014884095328549543,3.3262137836880155,0.2162196503745185,0.00367579764376084,0.00024325390889619788,0.742
1,41,uniform,sample_aware,0,0.5,0.5,0.5,0.6200084818734063,0.05711582054694494,0.014781898198028406,3.2946658399369984,0.21655880411465964,0.003911505867209699,0.00025924718809417554,0.742
1,42,uniform,sample_aware,0,0.5,0.5,0.5,0.6154053542349074,0.05682229333453708,0.014964897289044328,3.236789279513889,0.2177015079392327,0.004210509437446793,0.00026491730629156035,0.748
1,43,uniform,sample_aware,0,0.5,0.5,0.5,0.6044860349761115,0.05608774059348636,0.01580822126319011,3.190466324488322,0.21134662959310743,0.004145344822771019,0.0002482797588325209,0.737
1,44,uniform,sample_aware,0,0.5,0.5,0.5,0.5981100002924601,0.05457346596651607,0.015459804071320428,3.1534079710642495,0.2106810361146927,0.0038635031475375095,0.0002463003555830154,0.741
1,45,uniform,sample_aware,0,0.5,0.5,0.5,0.598338696691725,0.055228849665986166,0.017297728608051937,3.114633427725898,0.21198788616392347,0.004450882991982831,0.00027090291001109616,0.745
1,46,uniform,sample_aware,0,0.5,0.5,0.5,0.5911578933397929,0.05381037543217341,0.017719215713441372,3.0646550125545926,0.2106136033932368,0.004830279180573093,0.00026812681203915016,0.762
1,47,uniform,sample_aware,0,0.5,0.5,0.5,0.5880914860301547,0.05438971436685986,0.01879436398545901,3.017282724380493,0.2105182409286499,0.0050443181664579445,0.00027747453552567295,0.753
1,48,uniform,sample_aware,0,0.5,0.5,0.5,0.5806841850280762,0.05422671760121981,0.01690159272402525,2.9689763916863336,0.20970588591363695,0.0056233408653901685,0.0002813328756019473,0.745
1,49,uniform,sample_aware,0,0.5,0.5,0.5,0.576173828707801,0.05291063918007745,0.017000149004161358,2.933242400487264,0.2101395974556605,0.005316863405621714,0.00028152804588899016,0.759
1,50,uniform,sample_aware,0,0.5,0.5,0.5,0.5734904540909661,0.052575564632813133,0.01686153933405876,2.8787216080559626,0.2137845539384418,0.004521761555224657,0.00027150279816447035,0.755
1,51,uniform,sample_aware,0,0.5,0.5,0.5,0.5646753509839376,0.05234125297930506,0.017125598672363494,2.8315455383724637,0.20958282715744442,0.004668951086286042,0.00027328176009986136,0.756
1,52,uniform,sample_aware,0,0.5,0.5,0.5,0.5600477589501275,0.052315480593178004,0.01911290196908845,2.776683462990655,0.20848175386587778,0.004656775078425805,0.0002817817278102868,0.755
1,53,uniform,sample_aware,0,0.5,0.5,0.5,0.557304150528378,0.052286180357138314,0.020582955951491993,2.743221733305189,0.20729242099655998,0.005348844453692436,0.000291998582219498,0.755
1,54,uniform,sample_aware,0,0.5,0.5,0.5,0.5473097231653001,0.04936222732067108,0.018078502267599106,2.7111933496263294,0.20564155611726972,0.005936851828462548,0.00027935646681321994,0.755
1,55,uniform,sample_aware,0,0.5,0.5,0.5,0.5445494982931349,0.05220907760990991,0.018577333746684924,2.6491007010142007,0.2057963709036509,0.005816644575032923,0.00029665199367122515,0.756
1,56,uniform,sample_aware,0,0.5,0.5,0.5,0.5419831607076857,0.05140714181794061,0.020136260117093723,2.610364649030897,0.20644508302211761,0.005606942137496339,0.00030945792483786744,0.761
1,57,uniform,sample_aware,0,0.5,0.5,0.5,0.5473501020007663,0.05141483950946066,0.02262068208720949,2.6187959247165256,0.2083605859014723,0.005845814788093169,0.0003029688701240553,0.76
1,58,uniform,sample_aware,0,0.5,0.5,0.5,0.5345965954992506,0.052235650933451123,0.02141708694398403,2.5424278842078314,0.20347679323620266,0.006156036164611578,0.0002925063276456462,0.758
1,59,uniform,sample_aware,0,0.5,0.5,0.5,0.5318134758207533,0.04882264509797096,0.020291463575429387,2.5248142878214517,0.20702852474318612,0.0060665845974451965,0.0003122568078753021,0.759
1,60,uniform,sample_aware,0,0.5,0.5,0.5,0.5241049859258864,0.04867370923360189,0.021211875188681815,2.476054377026028,0.20342326826519436,0.006075810123648908,0.0003055787334839503,0.765
1,61,uniform,sample_aware,0,0.5,0.5,0.5,0.5248724354637994,0.050686227364672556,0.02100939800341924,2.4560566478305392,0.20427278677622476,0.0062588658183813095,0.0003378632051559786,0.757
1,62,uniform,sample_aware,0,0.5,0.5,0.5,0.5136158532566495,0.047258379144801035,0.019004023323456447,2.392696433597141,0.20477519432703653,0.006295069327784909,0.0003221546002249751,0.755
1,63,uniform,sample_aware,0,0.5,0.5,0.5,0.5126840637789832,0.04963890463113785,0.02035984459022681,2.3533201217651367,0.20427708824475607,0.005870027053687308,0.000282390883916782,0.759
1,64,uniform,sample_aware,0,0.5,0.5,0.5,0.5097273257043626,0.049596687157948814,0.021219977488120396,2.329301357269287,0.20278594228956434,0.00608345933465494,0.000305680428735084,0.76
1,65,uniform,sample_aware,0,0.5,0.5,0.5,0.5063678556018405,0.04870012402534485,0.0212229010131624,2.299531274371677,0.2033284025059806,0.006010078152434694,0.00031653194714130624,0.774
1,66,uniform,sample_aware,0,0.5,0.5,0.5,0.49708501166767544,0.04734303139977985,0.020156375649902556,2.243991004096137,0.20208857125706142,0.005887345980025,0.0003085353786850141,0.759
1,67,uniform,sample_aware,0,0.5,0.5,0.5,0.495365924305386,0.0478013695942031,0.02044426484240426,2.213067054748535,0.2027514245775011,0.0058290292508900166,0.00029526668367907405,0.77
1,68,uniform,sample_aware,0,0.5,0.5,0.5,0.48945528931087917,0.04633571869797177,0.019974623082412615,2.1863359610239663,0.2014784034755495,0.005765552063369089,0.00030033791618835594,0.76
1,69,uniform,sample_aware,0,0.5,0.5,0.5,0.4896058837572734,0.0481960889365938,0.01970428725083669,2.1478442351023355,0.20401216877831352,0.005534806443999211,0.00028303193135393993,0.757
1,70,uniform,sample_aware,0,0.5,0.5,0.5,0.4883948928780026,0.048697077151801854,0.02163914115064674,2.112298938963148,0.20352944566143882,0.006276133884158399,0.0003225065043403043,0.766
1,71,uniform,sample_aware,0,0.5,0.5,0.5,0.4812156955401103,0.04637371583117379,0.0204091001715925,2.0893097718556723,0.20217050943109724,0.006332618391348256,0.0003301440350090464,0.765
1,72,uniform,sample_aware,0,0.5,0.5,0.5,0.4755297965473599,0.04501800942752096,0.019885557393232983,2.0704257488250732,0.20001813769340515,0.006790331720064084,0.00034070249724512297,0.767
1,73,uniform,sample_aware,0,0.5,0.5,0.5,0.4735728402932485,0.04589584138658312,0.02098532600535287,2.042228513293796,0.19888046218289268,0.006846255415843593,0.0003304603807110753,0.774
1,74,uniform,sample_aware,0,0.5,0.5,0.5,0.4705556564860874,0.045265861269500524,0.020748402095503278,2.002145767211914,0.20104375812742445,0.006274690644608604,0.00029142399499606754,0.765
1,75,uniform,sample_aware,0,0.5,0.5,0.5,0.460377961397171,0.04498997579018275,0.019639423737923305,1.959529201189677,0.1965634955300225,0.0061605920394261675,0.0003036836149274475,0.756
1,76,uniform,sample_aware,0,0.5,0.5,0.5,0.46893349952167934,0.046619044409857854,0.020375443001588184,1.9282040066189237,0.20599226819144356,0.005960191806985272,0.00029248852903644246,0.765
1,77,uniform,sample_aware,0,0.5,0.5,0.5,0.4633355438709259,0.046429946190781064,0.0226826270421346,1.9119772911071777,0.1998375372754203,0.006070594975931777,0.0003048078053527408,0.774
1,78,uniform,sample_aware,0,0.5,0.5,0.5,0.4617602957619561,0.04546022415161133,0.022213640105393197,1.8860874838299222,0.20203210247887504,0.006579674883849091,0.0003114901547734108,0.763
1,79,uniform,sample_aware,0,0.5,0.5,0.5,0.45462966627544826,0.04429122433066368,0.022061714281638462,1.8503326574961345,0.2000548177295261,0.006086800713092089,0.000290467656062295,0.771
1,80,uniform,sample_aware,0,0.5,0.5,0.5,0.45397797889179653,0.04392540082335472,0.02184796209136645,1.8319150341881647,0.20177358554469216,0.006197508321040207,0.0002815460967313912,0.766
1,81,uniform,sample_aware,0,0.5,0.5,0.5,0.4523397717210982,0.046052696804205574,0.02219610081778632,1.8068609105216131,0.2002401418156094,0.006043154798034165,0.00028631641503630415,0.769
1,82,uniform,sample_aware,0,0.5,0.5,0.5,0.443931457069185,0.04535955356227027,0.021643935185339715,1.7745128605100844,0.1961909681558609,0.006280914673374759,0.0002905020697249307,0.768
1,83,uniform,sample_aware,0,0.5,0.5,0.5,0.45018672943115234,0.045143409735626645,0.022712920274999406,1.762101451555888,0.20273379650380877,0.006462088268664148,0.0003108340444871121,0.765
1,84,uniform,sample_aware,0,0.5,0.5,0.5,0.44624803132481045,0.04496236021320025,0.024635656012429133,1.7190675735473633,0.20129386915100944,0.006571926693949435,0.00032684658395333425,0.767
1,85,uniform,sample_aware,0,0.5,0.5,0.5,0.43840889467133415,0.04457862385445171,0.022225644232498273,1.7103927665286593,0.19706265297200945,0.006681197115944492,0.0003242014338158899,0.775
1,86,uniform,sample_aware,0,0.5,0.5,0.5,0.437822163105011,0.04540150033103095,0.024555069704850514,1.671899331940545,0.19729019701480865,0.006450126620216502,0.00032078833707297844,0.77
1,87,uniform,sample_aware,0,0.5,0.5,0.5,0.43800851702690125,0.04341141879558563,0.023433264965812366,1.668453613917033,0.20075932972961003,0.006805988390826517,0.00031230478392293054,0.775
1,88,uniform,sample_aware,0,0.5,0.5,0.5,0.428218553463618,0.04417312186625269,0.020308057674103312,1.6258900298012628,0.19795286820994484,0.006106612479521168,0.0002844103534395496,0.762
1,89,uniform,sample_aware,0,0.5,0.5,0.5,0.42805789907773334,0.04370270586676068,0.022470022448235087,1.6140102942784627,0.19738959769407907,0.005901903121007813,0.00028719264729362394,0.766
1,90,uniform,sample_aware,0,0.5,0.5,0.5,0.4312685595618354,0.04352934079037772,0.02320766407582495,1.6032338937123616,0.20105753011173672,0.006019596734808551,0.0002816542530328863,0.76
1,91,uniform,sample_aware,0,0.5,0.5,0.5,0.42996737360954285,0.04492358946137958,0.024934355169534683,1.571410920884874,0.19957601527372995,0.0064940061420202255,0.00029062167353307206,0.766
1,92,uniform,sample_aware,0,0.5,0.5,0.5,0.42864915397432113,0.04610049103697141,0.02526919378174676,1.5500100188785129,0.19813097516695657,0.00798002764996555,0.00031494389339867566,0.772
1,93,uniform,sample_aware,0,0.5,0.5,0.5,0.42702196372879875,0.043251720567544304,0.024008987471461296,1.5485526853137546,0.2008065233627955,0.007882071452008354,0.00031684655308102566,0.774
1,94,uniform,sample_aware,0,0.5,0.5,0.5,0.42378167973624337,0.04182861538396941,0.02307717605597443,1.5295818779203627,0.20203782783614266,0.007465997814304299,0.0002937289148879548,0.751
1,95,uniform,sample_aware,0,0.5,0.5,0.5,0.4204947617318895,0.04226926010515955,0.023122467514541414,1.5077647633022733,0.20065675179163614,0.00703446732627021,0.00030514443319083913,0.774
1,96,uniform,sample_aware,0,0.5,0.5,0.5,0.41263988945219254,0.04400432565146022,0.022753876944382984,1.464959290292528,0.19588978754149544,0.006697632941520876,0.0002943122397280402,0.77
1,97,uniform,sample_aware,0,0.5,0.5,0.5,0.41221018301116097,0.04237790529926618,0.0203709260871013,1.4578141238954332,0.20064068171713087,0.005806963890790939,0.0002715494354358978,0.766
1,98,uniform,sample_aware,0,0.5,0.5,0.5,0.4163765145672692,0.043400830692715116,0.023514495541652043,1.445629808637831,0.20159761938783857,0.006307662619898717,0.0002935048347959916,0.769
1,99,uniform,sample_aware,0,0.5,0.5,0.5,0.41184725364049274,0.043963592085573405,0.026838643062445853,1.4376993311776056,0.19369648065831926,0.006845988384965394,0.00031119288824912574,0.771
1,100,uniform,sample_aware,0,0.5,0.5,0.5,0.4140544931093852,0.044928796175453395,0.0246327742934227,1.4165020916197035,0.1992833415667216,0.006814319019516309,0.00030441346785260574,0.777
1,101,uniform,sample_aware,0,0.5,0.5,0.5,0.4093615512053172,0.043964766379859715,0.02442886618276437,1.389328744676378,0.1986118968990114,0.006552795310401254,0.00029348340144173964,0.764
1,102,uniform,sample_aware,0,0.5,0.5,0.5,0.411094284719891,0.04340133857395914,0.0263464893731806,1.3858116467793782,0.19928067260318333,0.006678858771920204,0.00029037066916417744,0.766
1,103,uniform,sample_aware,0,0.5,0.5,0.5,0.4080827335516612,0.04073851348625289,0.022368125203582976,1.3719461891386244,0.20426205462879604,0.006761169888907009,0.0002776848398045533,0.77
1,104,uniform,sample_aware,0,0.5,0.5,0.5,0.4001384675502777,0.04252836522128847,0.021726806751555867,1.33737846215566,0.19886549479431576,0.006285002248154746,0.00027488261306037504,0.77
1,105,uniform,sample_aware,0,0.5,0.5,0.5,0.39585624469651115,0.04222366793288125,0.02115591491262118,1.329327729013231,0.19636987811989254,0.006099425411472718,0.0002485986203990049,0.771
1,106,uniform,sample_aware,0,0.5,0.5,0.5,0.3982719083627065,0.04229297281967269,0.021698118911849126,1.329441573884752,0.19829204512967002,0.005824215554942687,0.00026501880751715764,0.771
1,107,uniform,sample_aware,0,0.5,0.5,0.5,0.39812655250231427,0.04052645299169752,0.021180242920915287,1.2977796263164945,0.20346981452571022,0.006064454610976908,0.000279689518113931,0.771
1,108,uniform,sample_aware,0,0.5,0.5,0.5,0.39431851440005833,0.04030928843551212,0.021097181364893913,1.2808394034703572,0.2017916440963745,0.005821166611793969,0.00025176117196679115,0.768
1,109,uniform,sample_aware,0,0.5,0.5,0.5,0.4004409843020969,0.04255490708682272,0.023062826237744756,1.2908835411071777,0.2028660989469952,0.005497613559580511,0.00023998247019739615,0.771
1,110,uniform,sample_aware,0,0.5,0.5,0.5,0.3953689932823181,0.042628353668583766,0.025156058991948765,1.2694163189993963,0.19773338238398233,0.005575381892008914,0.00024375021328321763,0.777
1,111,uniform,sample_aware,0,0.5,0.5,0.5,0.3936914602915446,0.040917512857251696,0.022877141419384215,1.2518912686241999,0.20156008667416042,0.0060347878995041055,0.00026040969856290356,0.767
1,112,uniform,sample_aware,0,0.5,0.5,0.5,0.3942919108602736,0.04100529104471207,0.021874780042303935,1.2409502532747057,0.20455852813190883,0.005292340543948942,0.00022422975679445598,0.77
1,113,uniform,sample_aware,0,0.5,0.5,0.5,0.38677014576064217,0.041315446297327675,0.023088240375121433,1.2244427998860676,0.19713137878312004,0.005349790211766958,0.00023179403635569743,0.763
1,114,uniform,sample_aware,0,0.5,0.5,0.5,0.3870757155948215,0.04212140043576559,0.023223603351248637,1.2226409779654608,0.19641360640525818,0.005845828033569787,0.00026016973424702883,0.76
1,115,uniform,sample_aware,0,0.5,0.5,0.5,0.39171847369935775,0.04153855476114485,0.024446405056450102,1.2206549247105916,0.20045601824919382,0.006156723325451215,0.00026726535806018446,0.774
1,116,uniform,sample_aware,0,0.5,0.5,0.5,0.3966921634144253,0.043436617073085576,0.03306638904743724,1.1939115789201524,0.1975454721185896,0.0062512775055236286,0.00025377302275349695,0.746
1,117,uniform,sample_aware,0,0.5,0.5,0.5,0.4029877185821533,0.04461699682805273,0.03170258137914869,1.2170761823654175,0.20091966125700209,0.007769524223274655,0.00031219819276076224,0.767
1,118,uniform,sample_aware,0,0.5,0.5,0.5,0.3915884064303504,0.04216387247045835,0.02699201988677184,1.1854026317596436,0.19945101771089765,0.008560414684729444,0.0003220571670681238,0.764
1,119,uniform,sample_aware,0,0.5,0.5,0.5,0.38151536716355217,0.03961359130011664,0.023077247250411246,1.1698691712485418,0.19788980649577248,0.007589004468172789,0.0003066084334730274,0.78
1,120,uniform,sample_aware,0,0.5,0.5,0.5,0.3821293744775984,0.04217481737335523,0.02156777141822709,1.1477779414918687,0.19968106514877743,0.007559250160637829,0.0002965876806734337,0.766
1,121,uniform,sample_aware,0,0.5,0.5,0.5,0.3814517127143012,0.041798997670412064,0.021563626618848905,1.1338405874040391,0.20061451858944362,0.007897878531366587,0.0002831242875092559,0.771
1,122,uniform,sample_aware,0,0.5,0.5,0.5,0.3800196846326192,0.039486324621571436,0.020974528251422778,1.1365575657950506,0.20105713937017652,0.009340359518925348,0.0003515223312812547,0.761
1,123,uniform,sample_aware,0,0.5,0.5,0.5,0.37140627370940316,0.040488655782408185,0.019785846893986065,1.1026208533181086,0.19689291881190407,0.007660191402667099,0.0002933570455449323,0.773
1,124,uniform,sample_aware,0,0.5,0.5,0.5,0.3674284815788269,0.039102902428971395,0.01858894278605779,1.0947090652253892,0.19666204849878946,0.006922737022654878,0.00028462088408155576,0.771
1,125,uniform,sample_aware,0,0.5,0.5,0.5,0.37342433465851677,0.039469083978070155,0.020872846866647404,1.0999697181913588,0.20035062068038517,0.005248095219333966,0.00022151579873429405,0.771
1,126,uniform,sample_aware,0,0.5,0.5,0.5,0.374809334675471,0.0406304072174761,0.021333446726202965,1.0868750280804105,0.2017364866203732,0.004634390947305494,0.00020860337341825166,0.766
1,127,uniform,sample_aware,0,0.5,0.5,0.5,0.3755657374858856,0.03962771139211125,0.023266283588276968,1.0903082423739963,0.2012201597293218,0.004631094789753358,0.00021041346351719566,0.766
1,128,uniform,sample_aware,0,0.5,0.5,0.5,0.37806157271067303,0.04269132183657752,0.026573829352855682,1.0791468487845526,0.1981119844648573,0.0053117636901636915,0.0002277337092285355,0.753
1,129,uniform,sample_aware,0,0.5,0.5,0.5,0.3798230489095052,0.03951478170024024,0.030822654772135947,1.0898697111341689,0.1970235076215532,0.006687792328496774,0.0002624863215411703,0.785
1,130,uniform,sample_aware,0,0.5,0.5,0.5,0.382198217842314,0.03947023467885123,0.030922317256530125,1.085802846484714,0.19928799900743696,0.0075969221587810255,0.00027784846153938107,0.773
1,131,uniform,sample_aware,0,0.5,0.5,0.5,0.38485561145676506,0.04167181170648999,0.026957329362630844,1.0784246524175007,0.20430215862062243,0.007856946335070662,0.0003067415867311259,0.77
1,132,uniform,sample_aware,0,0.5,0.5,0.5,0.3702945676114824,0.0384551083876027,0.026206239230102964,1.0494574175940619,0.19682803418901232,0.0074357329350378774,0.00028316192199579545,0.772
1,133,uniform,sample_aware,0,0.5,0.5,0.5,0.37491269906361896,0.03989270329475403,0.02430999672247304,1.0530154175228543,0.20209134287304348,0.006393737159669399,0.00024048603113947643,0.774
1,134,uniform,sample_aware,0,0.5,0.5,0.5,0.3662511474556393,0.03944461171825727,0.020875201870997746,1.0319483280181885,0.19991231792502934,0.005416451177249352,0.00023191358195617795,0.771
1,135,uniform,sample_aware,0,0.5,0.5,0.5,0.3648192584514618,0.038421897838513054,0.020228613788882892,1.0224112669626872,0.2015433410803477,0.004566270237167676,0.00020228911631016267,0.772
1,136,uniform,sample_aware,0,0.5,0.5,0.5,0.36533431543244255,0.03955346718430519,0.026796263953049976,1.005425797568427,0.19594531754652658,0.004787067365315225,0.00020629973409490453,0.763
1,137,uniform,sample_aware,0,0.5,0.5,0.5,0.36534639530711704,0.03996232110593054,0.025304240691992972,1.0064319504631891,0.19658832748730978,0.005464891282220681,0.00023171400082194142,0.774
1,138,uniform,sample_aware,0,0.5,0.5,0.5,0.3610156112247043,0.03972698582543267,0.024475563317537308,0.9948621326022677,0.19406543837653267,0.006261236396514707,0.0002615707861776981,0.77
1,139,uniform,sample_aware,0,0.5,0.5,0.5,0.3652392427126567,0.0392356523209148,0.022081178923447926,1.005430539449056,0.2001457909742991,0.0062166341166529394,0.000250497580661128,0.763
1,140,uniform,sample_aware,0,0.5,0.5,0.5,0.36545318696233964,0.038780171838071614,0.023898882377478812,1.0028365121947393,0.1996136638853285,0.005541169032868411,0.00021246225029850999,0.76
1,141,uniform,sample_aware,0,0.5,0.5,0.5,0.36608459883266026,0.039545019881592855,0.026209970729218587,0.977359394232432,0.19959457218647003,0.005783172479520242,0.00021500520071842603,0.77
1,142,uniform,sample_aware,0,0.5,0.5,0.5,0.3592165344291263,0.037592202011081904,0.022493591532111168,0.9853657417827182,0.1976984805530972,0.0055915238335728645,0.00019984689101369845,0.771
1,143,uniform,sample_aware,0,0.5,0.5,0.5,0.3552437424659729,0.03823735937476158,0.021279003471136093,0.9682274990611606,0.19643357561694252,0.004749080580141809,0.00019302866550990276,0.771
1,144,uniform,sample_aware,0,0.5,0.5,0.5,0.3620641695128547,0.036823614603943296,0.02044848394062784,0.9743319749832153,0.2049276762538486,0.0046691374025411075,0.0001932490591166748,0.764
1,145,uniform,sample_aware,0,0.5,0.5,0.5,0.3572627305984497,0.03882115541232957,0.021861274623208575,0.9578968948788114,0.19834384487734902,0.004721611324283812,0.0001719195990719729,0.775
1,146,uniform,sample_aware,0,0.5,0.5,0.5,0.35988466607199776,0.03949850694172912,0.025341313746240404,0.9522095057699416,0.19730077187220255,0.004856930735210578,0.0001893151266914275,0.767
1,147,uniform,sample_aware,0,0.5,0.5,0.5,0.3603140711784363,0.038652383618884616,0.026415733413563833,0.9566308193736606,0.19690725372897255,0.00515013648610976,0.0002010808481524388,0.763
1,148,uniform,sample_aware,0,0.5,0.5,0.5,0.3602565692530738,0.03939402558737331,0.025758474030428462,0.9422274695502387,0.1981003334124883,0.005361026308188836,0.00020094744266114302,0.77
1,149,uniform,sample_aware,0,0.5,0.5,0.5,0.3574056459797753,0.04092944785952568,0.023162657188044652,0.9347668422593011,0.19717232551839617,0.0051274663354787565,0.00020159304969840578,0.771
1,150,uniform,sample_aware,0,0.5,0.5,0.5,0.3584355413913727,0.039440045340193644,0.02306834153003163,0.9439984957377116,0.19890230728520286,0.005060886705501212,0.00018910354184400704,0.78
1,151,uniform,sample_aware,0,0.5,0.5,0.5,0.355303641822603,0.038073241296741694,0.024851004282633465,0.9274862474865384,0.19693207409646776,0.0052023095906608635,0.00019507804083534412,0.77
1,152,uniform,sample_aware,0,0.5,0.5,0.5,0.356632928053538,0.03553644691904386,0.02391840372648504,0.9237889912393358,0.20172814197010464,0.005921536797864569,0.00022053505138804516,0.763
1,153,uniform,sample_aware,0,0.5,0.5,0.5,0.35443713267644245,0.038068685266706676,0.025530363329582743,0.9108671214845445,0.1965593331389957,0.0061619519256055355,0.00022212423047878675,0.771
1,154,uniform,sample_aware,0,0.5,0.5,0.5,0.3682011597686344,0.039677079766988754,0.03232465705109967,0.9327002432611253,0.19954942497942182,0.006517614755365584,0.00024231446311912604,0.766
1,155,uniform,sample_aware,0,0.5,0.5,0.5,0.3651626507441203,0.03990325993961758,0.031345748239093356,0.9330244660377502,0.1964060796631707,0.008111601022796499,0.00029864612992645963,0.765
1,156,uniform,sample_aware,0,0.5,0.5,0.5,0.36410396297772724,0.03967698829041587,0.028123122950394947,0.9255944225523207,0.19979639848073324,0.0076352752641671235,0.0002607478462677035,0.759
1,157,uniform,sample_aware,0,0.5,0.5,0.5,0.3583035402827793,0.040326407386196986,0.02435330342915323,0.9067320889896817,0.19955337213145363,0.006550420127395127,0.00024408098801763522,0.761
1,158,uniform,sample_aware,0,0.5,0.5,0.5,0.35616131954722935,0.038662931985325284,0.024568020676573116,0.8970779379208883,0.1996600263648563,0.00686879585393601,0.00025627773720771074,0.769
1,159,uniform,sample_aware,0,0.5,0.5,0.5,0.34381210141711765,0.03684184037976795,0.02004037383529875,0.8798118233680725,0.1955256892575158,0.006597403592119615,0.0002486342111498945,0.755
1,160,uniform,sample_aware,0,0.5,0.5,0.5,0.34180819657113815,0.036015609900156655,0.01812576378385226,0.8684011366632249,0.19816108544667563,0.0051491486632989514,0.00018210227911671004,0.767
1,161,uniform,sample_aware,0,0.5,0.5,0.5,0.3498452835612827,0.03869556221697065,0.021902362091673747,0.8736512727207608,0.19966464241345724,0.004267499057783021,0.00016767572378739715,0.767
1,162,uniform,sample_aware,0,0.5,0.5,0.5,0.3450727727678087,0.03733390404118432,0.022625819469491642,0.8646163543065389,0.19623675445715585,0.004647827086349328,0.00018149726222165756,0.765
1,163,uniform,sample_aware,0,0.5,0.5,0.5,0.35015224085913765,0.03802584235866865,0.025767659147580464,0.8742800222502815,0.19631998240947723,0.005032728736599286,0.0001887798037690421,0.771
1,164,uniform,sample_aware,0,0.5,0.5,0.5,0.3460705313417647,0.03651215094659063,0.022519475263026025,0.8692029780811734,0.19753481447696686,0.0049959574826061726,0.00017162769412000975,0.769
1,165,uniform,sample_aware,0,0.5,0.5,0.5,0.34716045194202,0.036701521939701505,0.022762627858254645,0.8612694607840644,0.19904413984881508,0.00486316681943006,0.00018725279692767395,0.761
1,166,uniform,sample_aware,0,0.5,0.5,0.5,0.34820644391907585,0.036676299654775195,0.021142520010471344,0.8685893019040426,0.20112965338759953,0.004614500484118859,0.00018357943433026472,0.761
1,167,uniform,sample_aware,0,0.5,0.5,0.5,0.347955326239268,0.036776372541983925,0.023064753247631922,0.8495144910282559,0.20084609422418806,0.004450154025107622,0.0001831588645776113,0.76
1,168,uniform,sample_aware,0,0.5,0.5,0.5,0.3489649130238427,0.03749636477894253,0.022668675829966862,0.8527404930856493,0.2011113464832306,0.004657837562263012,0.000171118370619499,0.771
1,169,uniform,sample_aware,0,0.5,0.5,0.5,0.34299977620442706,0.037529713991615504,0.02464254366026984,0.8389851715829637,0.19439520107375252,0.004881739357693328,0.00018585257283929322,0.771
1,170,uniform,sample_aware,0,0.5,0.5,0.5,0.3491964141527812,0.0378916896879673,0.027444942543903988,0.8485150933265686,0.19610822531912062,0.005600683701535066,0.00019940950571455888,0.775
1,171,uniform,sample_aware,0,0.5,0.5,0.5,0.34668228692478603,0.03669897901515166,0.02452470962372091,0.8486344350708855,0.19764670564068687,0.005686035741948419,0.00021086262616639337,0.767
1,172,uniform,sample_aware,0,0.5,0.5,0.5,0.34277940458721584,0.03772774255938,0.022173227328393195,0.8320418463812934,0.19673569831583235,0.0056574186827573515,0.00021969926052002443,0.763
1,173,uniform,sample_aware,0,0.5,0.5,0.5,0.3334588375356462,0.0351678172333373,0.019479962893658213,0.8197576800982157,0.1942431926727295,0.004989848886099126,0.00019434386760824255,0.763
1,174,uniform,sample_aware,0,0.5,0.5,0.5,0.34809858600298565,0.03848499763343069,0.02277329129477342,0.839066399468316,0.20032551719082725,0.005020086963971456,0.00019620029100527367,0.768
1,175,uniform,sample_aware,0,0.5,0.5,0.5,0.3445356554455227,0.037604851441250906,0.02468476051257716,0.8294329577022128,0.19668267832862008,0.005043672190772163,0.0001964741063097285,0.763
1,176,uniform,sample_aware,0,0.5,0.5,0.5,0.3815188970830705,0.04071137805779775,0.050809897068474025,0.8808064990573459,0.19858535130818686,0.006439163815230131,0.0002240643629597293,0.753
1,177,uniform,sample_aware,0,0.5,0.5,0.5,0.3870378964477115,0.04271311312913895,0.046925404833422765,0.9328688449329801,0.19885874456829494,0.010173511691391468,0.00033399550011381507,0.767
1,178,uniform,sample_aware,0,0.5,0.5,0.5,0.3691311875979106,0.039149037251869835,0.03805736431645022,0.9025918841362,0.19598783055941263,0.011014501460724406,0.00034102282047064766,0.766
1,179,uniform,sample_aware,0,0.5,0.5,0.5,0.3640126883983612,0.039039615955617696,0.029032042250037193,0.8766698638598124,0.20262132419480217,0.010957232055564722,0.000348213549134218,0.76
1,180,uniform,sample_aware,0,0.5,0.5,0.5,0.3452514078882005,0.035957941164573036,0.02313711742560069,0.8499239815606011,0.1963624656200409,0.00929208430978987,0.0003108706183007194,0.758
1,181,uniform,sample_aware,0,0.5,0.5,0.5,0.3383326960934533,0.036272856096426644,0.020541255672772724,0.8088662558131747,0.19720513787534502,0.006614737057437499,0.00023890054500144388,0.761
1,182,uniform,sample_aware,0,0.5,0.5,0.5,0.33285033371713424,0.0368944253358576,0.0192594395743476,0.792585379547543,0.1948486583100425,0.004980191019260221,0.00019835266802046035,0.766
1,183,uniform,sample_aware,0,0.5,0.5,0.5,0.33033641510539585,0.0358675763838821,0.017845160224371485,0.7894480692015754,0.195450097322464,0.00429579180975755,0.00016177168193583688,0.771
1,184,uniform,sample_aware,0,0.5,0.5,0.5,0.33222997850841945,0.03636489518814617,0.018214736961656146,0.7823701434665256,0.19763631456428105,0.003409983098713888,0.00014405510026133724,0.762
1,185,uniform,sample_aware,0,0.5,0.5,0.5,0.32704681489202714,0.03399933377901713,0.016875021987491183,0.7878536317083571,0.19577261639965904,0.003094006588475572,0.00013494745750601092,0.78
1,186,uniform,sample_aware,0,0.5,0.5,0.5,0.333241817024019,0.03621709905564785,0.018806839051345985,0.7842795981301202,0.19807213379277122,0.0032973612865640056,0.0001382152614597645,0.756
1,187,uniform,sample_aware,0,0.5,0.5,0.5,0.3307694130473667,0.035521155016289815,0.019497987296846177,0.7853596872753568,0.19529087179236942,0.0036953481483376687,0.00015152194666572742,0.768
1,188,uniform,sample_aware,0,0.5,0.5,0.5,0.33667052454418606,0.03875771827167935,0.02005280057589213,0.7735025882720947,0.1987740480237537,0.0033381402026861906,0.00013325977811796797,0.763
1,189,uniform,sample_aware,0,0.5,0.5,0.5,0.33291948835055035,0.037177676128016576,0.01976557531290584,0.7712838848431905,0.19718431598610348,0.003195553319528699,0.00013151504875471195,0.769
1,190,uniform,sample_aware,0,0.5,0.5,0.5,0.3302621046702067,0.0357791425453292,0.019497425398892827,0.7761442263921102,0.19552965958913168,0.0035525209839559263,0.00013037465719713105,0.766
1,191,uniform,sample_aware,0,0.5,0.5,0.5,0.33380186888906693,0.03636830714013842,0.018972293577260442,0.7705047329266866,0.19956309099992117,0.0035503116281082234,0.00014507544175204303,0.768
1,192,uniform,sample_aware,0,0.5,0.5,0.5,0.3299858768781026,0.035719541625844106,0.018387468738688365,0.7682418558332655,0.19725913968351153,0.003452909722303351,0.0001381565299299028,0.761
1,193,uniform,sample_aware,0,0.5,0.5,0.5,0.3290995392534468,0.033966582682397634,0.01985302236345079,0.7704515390925937,0.1965127239624659,0.0033102524208111894,0.0001338503271755245,0.769
1,194,uniform,sample_aware,0,0.5,0.5,0.5,0.3323091897699568,0.03665574764211973,0.02086030567685763,0.7688528299331665,0.195987762676345,0.003687420601232184,0.00015276138179211153,0.764
1,195,uniform,sample_aware,0,0.5,0.5,0.5,0.33767904175652397,0.03624019192324744,0.02149396286242538,0.7740018235312568,0.2000869462887446,0.004730209811694092,0.00018530697303099764,0.77
1,196,uniform,sample_aware,0,0.5,0.5,0.5,0.3306312362353007,0.03469299111101362,0.020579557865858078,0.7673322624630399,0.1955990195274353,0.005785603490140703,0.0002672662053050266,0.761
1,197,uniform,sample_aware,0,0.5,0.5,0.5,0.32631990644666886,0.03610709640714857,0.019494825767146215,0.7533490657806396,0.19283012549082437,0.004889916525118881,0.0002159760656973554,0.769
1,198,uniform,sample_aware,0,0.5,0.5,0.5,0.3300962746143341,0.035928576356834836,0.019643483062585194,0.7524339887830946,0.19696987337536281,0.004437113154886497,0.0001847609981066651,0.773
1,199,uniform,sample_aware,0,0.5,0.5,0.5,0.3329546054204305,0.03479643248849445,0.020716086236966982,0.7706123722924126,0.19816667172643873,0.0042546493415203356,0.00017371097864169214,0.766
1,200,uniform,sample_aware,0,0.5,0.5,0.5,0.3348653084701962,0.03798267576429579,0.02131636854675081,0.7459083000818888,0.19870508876111773,0.004366184507186214,0.00017449972478465902,0.768
2,1,uniform,sample_aware,0,0.5,0.5,0.5,2.120516379674276,1.1283215681711833,0.336518202430145,3.4204134146372476,0.1929350213872062,0.23139537043041652,0.010005106373379627,0.536
2,2,uniform,sample_aware,0,0.5,0.5,0.5,1.4676253663169012,0.809581544664171,0.08777433137098949,3.3659699492984347,0.18680264718002743,0.09032075231273969,0.0034189429392831195,0.564
2,3,uniform,sample_aware,0,0.5,0.5,0.5,1.1998788250817194,0.6175447901089987,0.051054976880550385,3.267094135284424,0.1842457370625602,0.0389787248439259,0.0016690594816787376,0.5806666666666667
2,4,uniform,sample_aware,0,0.5,0.5,0.5,1.0469682017962139,0.5069072941939036,0.036612733370727964,3.1450422869788275,0.1793814847866694,0.018244681569437187,0.0008801838525363968,0.5966666666666667
2,5,uniform,sample_aware,0,0.5,0.5,0.5,0.9527047740088569,0.43556000457869637,0.03356829513278273,2.9975137445661755,0.17875642081101736,0.009577024831540056,0.0005603450117632747,0.606
2,6,uniform,sample_aware,0,0.5,0.5,0.5,0.8801541063520644,0.37490305966801113,0.02972889422542519,2.9210657278696694,0.18009317914644876,0.006174204353657033,0.0004705990690531002,0.6246666666666667
2,7,uniform,sample_aware,0,0.5,0.5,0.5,0.8191892504692078,0.33069414231512284,0.02751096710562706,2.8442758984035916,0.17398181723223793,0.004727032139069504,0.0004224040700743596,0.638
2,8,uniform,sample_aware,0,0.5,0.5,0.5,0.7790632976426018,0.3036464320288764,0.0254004192021158,2.7561588287353516,0.17224965492884317,0.003910253341827128,0.0003915417603113585,0.6513333333333333
2,9,uniform,sample_aware,0,0.5,0.5,0.5,0.741699563132392,0.2723557750384013,0.024828706350591447,2.7048490842183432,0.17195633053779602,0.003776559114663137,0.0003710858873091638,0.6633333333333333
2,10,uniform,sample_aware,0,0.5,0.5,0.5,0.7103407979011536,0.24779252542389762,0.023217712425523333,2.6434630817837186,0.1730449895064036,0.0035176493434442412,0.0003609080967079434,0.6706666666666666
2,11,uniform,sample_aware,0,0.5,0.5,0.5,0.6824340422948202,0.2289262811342875,0.02245172092484103,2.5893441836039224,0.1701227691438463,0.003634727741074231,0.000362964799731142,0.686
2,12,uniform,sample_aware,0,0.5,0.5,0.5,0.6671645442644755,0.21881650222672355,0.02177354258795579,2.545676840676202,0.1700499521361457,0.003531655477773812,0.0003820380402935876,0.6933333333333334
2,13,uniform,sample_aware,0,0.5,0.5,0.5,0.6330999003516303,0.19799321558740404,0.022034691646695137,2.4700325065188937,0.16407022542423672,0.0036443735524598095,0.0003526574453442461,0.6953333333333334
2,14,uniform,sample_aware,0,0.5,0.5,0.5,0.6182999478446113,0.18375330997837913,0.021108983498480585,2.4289986027611628,0.1684956749280294,0.0037099758887456525,0.0003742864743495981,0.708
2,15,uniform,sample_aware,0,0.5,0.5,0.5,0.6068548825052049,0.17448537217246163,0.02116249522401227,2.399298985799154,0.16921960645251805,0.0037434069543249076,0.00037156537614969746,0.7093333333333334
2,16,uniform,sample_aware,0,0.5,0.5,0.5,0.5874483850267198,0.16566834350426993,0.020434916640321415,2.3475997183057995,0.16460719207922617,0.00360426743928757,0.000351612100429419,0.712
2,17,uniform,sample_aware,0,0.5,0.5,0.5,0.5762254595756531,0.15652025077078077,0.019950644216603704,2.3188986778259277,0.16583892703056335,0.0037144869565963745,0.00033702161939193803,0.72
2,18,uniform,sample_aware,0,0.5,0.5,0.5,0.5568164255883958,0.14491798149214852,0.019621427895294294,2.2690540419684515,0.1634541948636373,0.00350197803022133,0.0003328501803076102,0.72
2,19,uniform,sample_aware,0,0.5,0.5,0.5,0.5517718659506904,0.1387090269062254,0.02128422756989797,2.2391356097327337,0.16584676172998217,0.003717615890006224,0.0003189672521936397,0.7253333333333334
2,20,uniform,sample_aware,0,0.5,0.5,0.5,0.5348032514254252,0.13177047504319084,0.021316720379723444,2.189373917049832,0.16073719494872624,0.0037340712474866044,0.00034882691559485264,0.724
2,21,uniform,sample_aware,0,0.5,0.5,0.5,0.5305894944402907,0.12819104890028635,0.021221506926748488,2.1615898344251843,0.16295389665497673,0.0038020440584255587,0.0003260636585764587,0.7273333333333334
2,22,uniform,sample_aware,0,0.5,0.5,0.5,0.5191114379300011,0.12044607351223628,0.019999649789598253,2.1207904285854764,0.16456540591186947,0.0037370374322765404,0.00030549671888972324,0.7326666666666667
2,23,uniform,sample_aware,0,0.5,0.5,0.5,0.5047667523225149,0.11251158267259598,0.019922372574607532,2.0966648790571423,0.16051996416515774,0.003979844273999333,0.0003128357542057832,0.732
2,24,uniform,sample_aware,0,0.5,0.5,0.5,0.49329636494318646,0.10599611285660002,0.01863664875013961,2.0543279118008084,0.1611526476012336,0.0038422969066434437,0.0003140322126758595,0.736
2,25,uniform,sample_aware,0,0.5,0.5,0.5,0.4871981143951416,0.10313163201014201,0.01732940309577518,2.0243763526280723,0.16234419577651554,0.003609663082493676,0.00030084252486833267,0.7426666666666667
2,26,uniform,sample_aware,0,0.5,0.5,0.5,0.47855140765508014,0.09939634220467673,0.017215522937476635,1.9928176138136122,0.16074442201190525,0.003505553248234921,0.0003211512295011845,0.74
2,27,uniform,sample_aware,0,0.5,0.5,0.5,0.47267941302723354,0.09598149607578914,0.01711701394783126,1.9693249861399333,0.16076194577746922,0.00348670713396536,0.0002862123526736266,0.742
2,28,uniform,sample_aware,0,0.5,0.5,0.5,0.4662986695766449,0.0939114714662234,0.017887814798288874,1.9263359838061862,0.15986268719037375,0.0037045482701311507,0.00030163486048372253,0.7386666666666667
2,29,uniform,sample_aware,0,0.5,0.5,0.5,0.4558496011628045,0.08800211714373694,0.01748315565701988,1.8857756190829806,0.15969325105349222,0.003915019876634081,0.0002719856113091939,0.746
2,30,uniform,sample_aware,0,0.5,0.5,0.5,0.45383193095525104,0.08602734820710288,0.017701054612795513,1.8611743582619562,0.1621023565530777,0.003504439981447326,0.0002630219743069675,0.752
2,31,uniform,sample_aware,0,0.5,0.5,0.5,0.440315756532881,0.08207622253232533,0.0166323764456643,1.8277065489027235,0.1568933973709742,0.003613261635311776,0.00027292849133825966,0.7493333333333333
2,32,uniform,sample_aware,0,0.5,0.5,0.5,0.43986469838354325,0.08056460403733784,0.01686603669077158,1.8145196040471394,0.1590280615621143,0.0036354577944924435,0.00027260841387841437,0.7526666666666667
2,33,uniform,sample_aware,0,0.5,0.5,0.5,0.4317295054594676,0.07747864060931736,0.017931664259069495,1.7766228649351332,0.15665817591879103,0.0037188801604012647,0.0002785828675971263,0.7493333333333333
2,34,uniform,sample_aware,0,0.5,0.5,0.5,0.4313875536123912,0.07607183357079823,0.018312592680255573,1.7598860528733995,0.159073692229059,0.0036108918332805238,0.0002707638389741381,0.754
2,35,uniform,sample_aware,0,0.5,0.5,0.5,0.42070822914441425,0.07264254490534465,0.01734087864557902,1.723105205429925,0.15655994415283203,0.0034533271359072793,0.00025535413684944314,0.7506666666666667
2,36,uniform,sample_aware,0,0.5,0.5,0.5,0.41786646842956543,0.07007081144385868,0.01625939489652713,1.707270410325792,0.1589907275305854,0.0033921817214124734,0.0002447886767590211,0.7546666666666667
2,37,uniform,sample_aware,0,0.5,0.5,0.5,0.41136665476693046,0.0685832980606291,0.01611652359780338,1.6746684445275202,0.15737325615353054,0.0033901304317017398,0.0002633138986614843,0.7486666666666667
2,38,uniform,sample_aware,0,0.5,0.5,0.5,0.4129262367884318,0.0676866728398535,0.01820813264283869,1.6679335700141058,0.15835144288010067,0.0035295937882943284,0.0002436661484858228,0.752
2,39,uniform,sample_aware,0,0.5,0.5,0.5,0.40619133247269523,0.06336639904313618,0.01810960616502497,1.635940843158298,0.1591506169901954,0.0036917092899481454,0.00024953675326994725,0.7546666666666667
2,40,uniform,sample_aware,0,0.5,0.5,0.5,0.39931963218583,0.06443927768203947,0.017281847902470164,1.5985709428787231,0.1556909829378128,0.0038385274302628306,0.00026232129635496274,0.7533333333333333
2,41,uniform,sample_aware,0,0.5,0.5,0.5,0.4015218648645613,0.06539589249425465,0.017765389134486515,1.590897070036994,0.15715144077936807,0.0039929411011851495,0.0002459204665178226,0.7573333333333333
2,42,uniform,sample_aware,0,0.5,0.5,0.5,0.3937329716152615,0.06154203166564306,0.01689700585686498,1.5704831547207303,0.15614756610658434,0.003932843709157573,0.0002632383903902438,0.7573333333333333
2,43,uniform,sample_aware,0,0.5,0.5,0.5,0.3880581061045329,0.05759112205770281,0.016367128636274073,1.5497419304317899,0.15678894519805908,0.004408513894304633,0.00026490861394753057,0.7553333333333333
2,44,uniform,sample_aware,0,0.5,0.5,0.5,0.3885505861706204,0.05767521717482143,0.018352027361591656,1.5212584204143949,0.1581184681918886,0.004302389609316985,0.00025568162608477805,0.756
2,45,uniform,sample_aware,0,0.5,0.5,0.5,0.3819152381685045,0.05394401111536556,0.017886256178220112,1.503846353954739,0.15740509496794808,0.0043380902821405064,0.00025239192311548523,0.7573333333333333
2,46,uniform,sample_aware,0,0.5,0.5,0.5,0.38271691732936436,0.054915899203883276,0.016173822080923453,1.4761903815799289,0.1618146134747399,0.004140565171837807,0.00024650944396853447,0.7546666666666667
2,47,uniform,sample_aware,0,0.5,0.5,0.5,0.3738928006754981,0.052696542607413396,0.01564849664767583,1.4659209118949041,0.15681525402598911,0.0040542947180155255,0.00022653232897735306,0.7526666666666667
2,48,uniform,sample_aware,0,0.5,0.5,0.5,0.3717361026340061,0.052458647224638194,0.016194113944139745,1.439607686466641,0.15716147257222068,0.0037072045573343835,0.0002149767824448645,0.7533333333333333
2,49,uniform,sample_aware,0,0.5,0.5,0.5,0.36803287267684937,0.052443306893110275,0.01584737416770723,1.4243721034791734,0.15524913205040825,0.003881794348773029,0.0002299171561996142,0.7526666666666667
2,50,uniform,sample_aware,0,0.5,0.5,0.5,0.3652983208497365,0.05167455640104082,0.016574833024707105,1.39783423476749,0.15497581164042154,0.004357733582663868,0.00022164307301864028,0.758
2,51,uniform,sample_aware,0,0.5,0.5,0.5,0.364471521642473,0.05114593646592564,0.015704392455518246,1.382055984603034,0.1573717693487803,0.0038683395056674876,0.00021930513644797934,0.7526666666666667
2,52,uniform,sample_aware,0,0.5,0.5,0.5,0.3634888033072154,0.05049431406789356,0.016044772540529568,1.3736453851064045,0.15767434570524427,0.0036020256423701844,0.0002196233512626754,0.758
2,53,uniform,sample_aware,0,0.5,0.5,0.5,0.35845862494574654,0.049957648747497134,0.015912583822177515,1.3367025057474773,0.1570184760623508,0.003592577555941211,0.0002067480947718852,0.758
2,54,uniform,sample_aware,0,0.5,0.5,0.5,0.3555653989315033,0.04863045033481386,0.015511630516913202,1.331320630179511,0.15644993550247616,0.003473849165149861,0.00020878258833868636,0.7526666666666667
2,55,uniform,sample_aware,0,0.5,0.5,0.5,0.352446585893631,0.048216028345955744,0.01609966003646453,1.3085151380962796,0.15539474454190996,0.0035765377494196096,0.00019274969559369815,0.758
2,56,uniform,sample_aware,0,0.5,0.5,0.5,0.35606727335188126,0.04709925254185995,0.016073635468880337,1.302480114830865,0.16083838873439366,0.0034267371520400047,0.00018923535632590452,0.7573333333333333
2,57,uniform,sample_aware,0,0.5,0.5,0.5,0.34619304206636214,0.04618172016408709,0.015744843727184668,1.2630502647823758,0.15606389939785004,0.0035885099787265062,0.00020658032735809684,0.754
2,58,uniform,sample_aware,0,0.5,0.5,0.5,0.3439756731192271,0.0462057636015945,0.016028030258085992,1.2554064326816134,0.15423631171385446,0.0037239110097289085,0.00020592972739703127,0.7566666666666667
2,59,uniform,sample_aware,0,0.5,0.5,0.5,0.3435288402769301,0.045459027919504374,0.017246844557424385,1.2350484530131023,0.15537586642636192,0.0036642200365248653,0.00022028583205408521,0.76
2,60,uniform,sample_aware,0,0.5,0.5,0.5,0.3472689721319411,0.04541959282424715,0.020372873586085107,1.2277065912882488,0.15667779412534502,0.0038509709605326257,0.00020512206376426749,0.7593333333333333
2,61,uniform,sample_aware,0,0.5,0.5,0.5,0.34274311198128593,0.044809886978732213,0.019566902787321143,1.2134349346160889,0.15471500986152226,0.004402005941503578,0.00021363120888256363,0.7566666666666667
2,62,uniform,sample_aware,0,0.5,0.5,0.5,0.33503610226843095,0.04380251467227936,0.017394804913136695,1.1940896113713582,0.15214264558421242,0.004355458956625726,0.00021888882878960835,0.7566666666666667
2,63,uniform,sample_aware,0,0.5,0.5,0.5,0.33540402518378365,0.043250341382291585,0.01730840394480361,1.1738080581029255,0.1552691939804289,0.004184797069885665,0.00020577227567426034,0.7626666666666667
2,64,uniform,sample_aware,0,0.5,0.5,0.5,0.34245846668879193,0.043626464903354645,0.0237775519490242,1.1721493535571628,0.1555977099471622,0.00428897478721208,0.00019462125945008465,0.7533333333333333
2,65,uniform,sample_aware,0,0.5,0.5,0.5,0.34241847528351677,0.04295103044973479,0.02384423381752438,1.1613882515165541,0.15697061849964988,0.004797945316467021,0.00022959126444119547,0.7546666666666667
2,66,uniform,sample_aware,0,0.5,0.5,0.5,0.3368767433696323,0.04258973275621732,0.020702324600683317,1.1465952263938055,0.15631135139200422,0.005020785248941845,0.0002068466468093296,0.758
2,67,uniform,sample_aware,0,0.5,0.5,0.5,0.33071061306529576,0.041454214602708817,0.01990648793677489,1.1390051709281073,0.1527756137980355,0.005129352677613497,0.00021820706832740043,0.7573333333333333
2,68,uniform,sample_aware,0,0.5,0.5,0.5,0.33238473534584045,0.04141004507740339,0.01862381522854169,1.1206884649064806,0.15763670040501487,0.005089630165861713,0.00020102563495230343,0.7593333333333333
2,69,uniform,sample_aware,0,0.5,0.5,0.5,0.32837092876434326,0.041087313244740166,0.02098227913180987,1.106922772195604,0.15294817917876774,0.0051279072649776936,0.00019385426356974576,0.7606666666666667
2,70,uniform,sample_aware,0,0.5,0.5,0.5,0.3335651291741265,0.04011669216884507,0.02411698280937142,1.1069433689117432,0.1556900077395969,0.005672995880660083,0.00022122700465843081,0.7606666666666667
2,71,uniform,sample_aware,0,0.5,0.5,0.5,0.33170951075024074,0.041041420565711126,0.02268522253466977,1.0876514381832547,0.1559392495287789,0.006321899437656005,0.0002350620990101662,0.7593333333333333
2,72,uniform,sample_aware,0,0.5,0.5,0.5,0.3251945310168796,0.040408442003859416,0.02087429476281007,1.0690019263161554,0.154118741552035,0.005576941288179821,0.0002087528377564417,0.758
2,73,uniform,sample_aware,0,0.5,0.5,0.5,0.3215932548046112,0.0401741618083583,0.017957904065648716,1.0568019549051921,0.1553016652663549,0.004766677247567309,0.0001919842519176503,0.754
2,74,uniform,sample_aware,0,0.5,0.5,0.5,0.31760573387145996,0.03851427882909775,0.015771374416848023,1.0550856722725763,0.1555243647760815,0.004383465171688133,0.00019083408147303594,0.7566666666666667
2,75,uniform,sample_aware,0,0.5,0.5,0.5,0.31243896484375,0.03866788496573766,0.014857624450491535,1.0351059039433796,0.15348540246486664,0.0036700598947289917,0.00016487147271012267,0.7593333333333333
2,76,uniform,sample_aware,0,0.5,0.5,0.5,0.309627890586853,0.03761320230033663,0.014140569811893834,1.0170175499386258,0.15445622470643786,0.003274302670939101,0.00015797870906276835,0.7566666666666667
2,77,uniform,sample_aware,0,0.5,0.5,0.5,0.31020694639947677,0.0375855163567596,0.014399717561900616,1.0168356630537245,0.154945969581604,0.003037408408191469,0.00014695032991261946,0.754
2,78,uniform,sample_aware,0,0.5,0.5,0.5,0.3105277849568261,0.03740700458486875,0.015419408161607053,1.0090545548333063,0.15521195530891418,0.0030200445455395514,0.00014787933711583415,0.7606666666666667
2,79,uniform,sample_aware,0,0.5,0.5,0.5,0.3092649711502923,0.03641867637634277,0.014938480013774501,0.9976401527722677,0.15646717614597744,0.0032023091852251026,0.00015092060332083039,0.7586666666666667
2,80,uniform,sample_aware,0,0.5,0.5,0.5,0.3062834706571367,0.03678279949559106,0.015072886728578143,0.9869941605461968,0.15405848456753624,0.003183711604732606,0.000156050994216154,0.758
2,81,uniform,sample_aware,0,0.5,0.5,0.5,0.3061433765623305,0.03661980231602987,0.015453308510283629,0.9782767560746934,0.15447097023328146,0.0033850607513967487,0.00015818045681549443,0.7526666666666667
2,82,uniform,sample_aware,0,0.5,0.5,0.5,0.30376901229222614,0.036417495045397014,0.0161095280200243,0.9638281663258871,0.15295400884416369,0.003644578960827655,0.00016575374562914172,0.7613333333333333
2,83,uniform,sample_aware,0,0.5,0.5,0.5,0.3079293535815345,0.036503364228539996,0.01584996334794495,0.9592833585209317,0.15757295158174303,0.003991901512361235,0.00015757615134740868,0.7586666666666667
2,84,uniform,sample_aware,0,0.5,0.5,0.5,0.30050380031267804,0.03545805604921447,0.015473565914564662,0.9577595194180807,0.15184425810972849,0.003742449554718203,0.00016147334180358384,0.7566666666666667
2,85,uniform,sample_aware,0,0.5,0.5,0.5,0.30549927221404183,0.03553578298952845,0.017100808521111805,0.9449119369188944,0.15656150380770364,0.0034621721650991174,0.00015779313657225834,0.7586666666666667
2,86,uniform,sample_aware,0,0.5,0.5,0.5,0.3123462564415402,0.036160313420825534,0.020098115214043193,0.9426855577362908,0.1595927874247233,0.004279914829466078,0.00017305239776356352,0.7606666666666667
2,87,uniform,sample_aware,0,0.5,0.5,0.5,0.3009968896706899,0.03606556148992644,0.018173274273673694,0.9292376571231418,0.15140780640972984,0.004676019307225943,0.00017694027499399253,0.7606666666666667
2,88,uniform,sample_aware,0,0.5,0.5,0.5,0.300885452164544,0.03443998139765528,0.016711637274258666,0.926510923438602,0.15477986302640703,0.004422946936554379,0.00018281503192459544,0.7566666666666667
2,89,uniform,sample_aware,0,0.5,0.5,0.5,0.2960550950633155,0.03404588873187701,0.015513426520758204,0.9081869986322191,0.15352749824523926,0.004136325429297156,0.00016281524828324714,0.764
2,90,uniform,sample_aware,0,0.5,0.5,0.5,0.2976958056290944,0.03382660448551178,0.014334392423431078,0.9039617843098111,0.1571965366601944,0.0037301588389608595,0.00015401654592197802,0.762
2,91,uniform,sample_aware,0,0.5,0.5,0.5,0.2937345604101817,0.03455443059404691,0.015118821731044186,0.8889772494633993,0.15329868429236942,0.0035802057116395896,0.00014959553825772472,0.7606666666666667
2,92,uniform,sample_aware,0,0.5,0.5,0.5,0.2963371409310235,0.034663907148771815,0.017178635216421552,0.8971797890133328,0.15295200215445626,0.0034984679271777472,0.00015076200684739483,0.7586666666666667
2,93,uniform,sample_aware,0,0.5,0.5,0.5,0.294876088698705,0.03421477062834634,0.01592880508138074,0.8875825272666084,0.1540014793475469,0.0037839036020967695,0.00016164874088846974,0.7566666666666667
2,94,uniform,sample_aware,0,0.5,0.5,0.5,0.2920616865158081,0.03361749090254307,0.013811349972254701,0.876479274696774,0.15520543191168043,0.0034075065050274134,0.00015146866725343798,0.762
2,95,uniform,sample_aware,0,0.5,0.5,0.5,0.2903544141186608,0.03308569805489646,0.014105725826488601,0.8617909749348959,0.15518447425630358,0.003440687277664741,0.000158134783204231,0.76
2,96,uniform,sample_aware,0,0.5,0.5,0.5,0.28728578488032025,0.03239363990724087,0.013272772232691446,0.8677233590020074,0.15314077668719822,0.003269422980439332,0.00014310888946056366,0.762
2,97,uniform,sample_aware,0,0.5,0.5,0.5,0.2917618254820506,0.03337301665710078,0.01677006420989831,0.8581491576300727,0.1537462936507331,0.003975678907914294,0.00013938616029918194,0.7646666666666667
2,98,uniform,sample_aware,0,0.5,0.5,0.5,0.2913430796729194,0.03248428387774362,0.01506597517679135,0.8601795633633932,0.1559712373548084,0.003464487562369969,0.0001427680836059153,0.7586666666666667
2,99,uniform,sample_aware,0,0.5,0.5,0.5,0.2890864411989848,0.033652479863829084,0.01618683710694313,0.8351637654834323,0.15389154023594326,0.0035304754920717743,0.00014794157404038642,0.762
2,100,uniform,sample_aware,0,0.5,0.5,0.5,0.2870505882634057,0.03249756826294793,0.014735179746316539,0.8293598161803352,0.15502825048234728,0.003557394543248746,0.0001498046783833868,0.7613333333333333
2,101,uniform,sample_aware,0,0.5,0.5,0.5,0.290673659907447,0.032025157370501094,0.019518569215304322,0.8372510075569153,0.153567040959994,0.0035350805717623895,0.00014051184472110536,0.7566666666666667
2,102,uniform,sample_aware,0,0.5,0.5,0.5,0.28837450676494175,0.03151606892546018,0.01760857779946592,0.8323540687561035,0.15423527359962463,0.0034221399885912738,0.00013623339408594702,0.7606666666666667
2,103,uniform,sample_aware,0,0.5,0.5,0.5,0.3224245607852936,0.035466541018750936,0.045240331855085164,0.837165978219774,0.15502680010265774,0.005717626462380092,0.0002309567256209751,0.7593333333333333
2,104,uniform,sample_aware,0,0.5,0.5,0.5,0.30562634269396466,0.0333870512743791,0.0311369217104382,0.8318190773328146,0.15404152704609764,0.0075030757838653196,0.0002547781073695256,0.7646666666666667
2,105,uniform,sample_aware,0,0.5,0.5,0.5,0.3003777762254079,0.03292889561918047,0.027382373809814453,0.8343276778856913,0.15226143267419603,0.008481169688618846,0.00026344105006299086,0.762
2,106,uniform,sample_aware,0,0.5,0.5,0.5,0.2988851136631436,0.033084303554561406,0.024986814707517624,0.8254774676428901,0.15358019371827444,0.009098163288500574,0.00027395744756278064,0.7633333333333333
2,107,uniform,sample_aware,0,0.5,0.5,0.5,0.2948681215445201,0.03242144174873829,0.019593619741499424,0.8091138468848335,0.1576983647214042,0.008228081019802226,0.000258537656110194,0.762
2,108,uniform,sample_aware,0,0.5,0.5,0.5,0.2913883692688412,0.030977094545960426,0.018140118051734235,0.8051473167207506,0.15785003701845804,0.007585352907578151,0.00022741397454713783,0.76
2,109,uniform,sample_aware,0,0.5,0.5,0.5,0.2871311969227261,0.032175959605309695,0.017623305320739746,0.7924458848105537,0.15454986691474915,0.006865245134880145,0.00020971283730533387,0.762
2,110,uniform,sample_aware,0,0.5,0.5,0.5,0.2811557816134559,0.030503822283612356,0.01570377064247926,0.7888464331626892,0.15344941781626809,0.005064385218752755,0.00016387104470696714,0.7573333333333333
2,111,uniform,sample_aware,0,0.5,0.5,0.5,0.27953347232606673,0.03039223121272193,0.013873084137837092,0.7824375496970283,0.15467286441061232,0.004537584208365943,0.00016549176588240598,0.7593333333333333
2,112,uniform,sample_aware,0,0.5,0.5,0.5,0.2794119185871548,0.03020285815000534,0.017041054864724476,0.7687416474024454,0.15309968921873304,0.00423611912669407,0.00015219039050862193,0.7633333333333333
2,113,uniform,sample_aware,0,0.5,0.5,0.5,0.2856551342540317,0.03105407042635812,0.015025203737119833,0.7827865150239732,0.15912626187006632,0.004197511977205674,0.00014438312630065612,0.7586666666666667
2,114,uniform,sample_aware,0,0.5,0.5,0.5,0.28231778409745956,0.031524852125181094,0.015565408911142085,0.7617000142733256,0.15703628460566202,0.0039021780248731375,0.00014027794046948353,0.764
2,115,uniform,sample_aware,0,0.5,0.5,0.5,0.2746754354900784,0.029722297564148903,0.014199658607443174,0.768834306134118,0.1520321617523829,0.0035443330287105506,0.00013143659129531847,0.7566666666666667
2,116,uniform,sample_aware,0,0.5,0.5,0.5,0.27401139338811237,0.030144869660337765,0.012430820924540361,0.7640677822960747,0.15338095194763607,0.0031725618884795243,0.00012338528823521402,0.7693333333333333
2,117,uniform,sample_aware,0,0.5,0.5,0.5,0.2768835723400116,0.03025267728500896,0.014901343319151137,0.7579488224453397,0.15433267752329508,0.0030897712955872216,0.00011419349013724261,0.7613333333333333
2,118,uniform,sample_aware,0,0.5,0.5,0.5,0.28220632672309875,0.03067442009018527,0.015863659791648388,0.7516106367111206,0.15883833335505593,0.0032029584464099673,0.00013475151758434044,0.7673333333333333
2,119,uniform,sample_aware,0,0.5,0.5,0.5,0.2740449872281816,0.02949236850771639,0.012790996684796281,0.7403468622101678,0.156188342306349,0.002954634837806225,0.0001225601040965153,0.762
2,120,uniform,sample_aware,0,0.5,0.5,0.5,0.27613742152849835,0.030141694885161188,0.014679810860090785,0.7372634477085538,0.15584483246008554,0.0033512487748844754,0.00013822885618234673,0.7633333333333333
2,121,uniform,sample_aware,0,0.5,0.5,0.5,0.2734248803721534,0.029475087506903544,0.014882959528929658,0.7324524919191996,0.15415618320306143,0.0031940295464462703,0.0001367859723460343,0.7586666666666667
2,122,uniform,sample_aware,0,0.5,0.5,0.5,0.2756345702542199,0.029609049152996805,0.014902871619496081,0.7467055784331428,0.15475657251146105,0.0032599360112928683,0.00013109354121196602,0.764
2,123,uniform,sample_aware,0,0.5,0.5,0.5,0.2728089325957828,0.02875518115858237,0.016428321082558896,0.7412255869971381,0.15157384839322832,0.00371830064492921,0.00013974063848662708,0.7613333333333333
2,124,uniform,sample_aware,0,0.5,0.5,0.5,0.27732117970784503,0.029539377945992682,0.017298104965852365,0.7295349107848274,0.15553967820273507,0.003841071751796537,0.0001399810037886103,0.7633333333333333
2,125,uniform,sample_aware,0,0.5,0.5,0.5,0.27535871002409196,0.028855390432808135,0.017678899380067985,0.7222233944469028,0.1546218858824836,0.0038184044468734,0.00014197205503781637,0.7666666666666667
2,126,uniform,sample_aware,0,0.5,0.5,0.5,0.28227682246102226,0.02949447391761674,0.01750418274766869,0.7380054990450541,0.1594427443212933,0.003926443039543099,0.0001432925540332993,0.762
2,127,uniform,sample_aware,0,0.5,0.5,0.5,0.27966295679410297,0.030231200572517183,0.02147590337942044,0.7221643196211921,0.15376285049650404,0.0038032661606040266,0.00014984449242345162,0.758
2,128,uniform,sample_aware,0,0.5,0.5,0.5,0.28747476802931893,0.02950631185538239,0.027813961522446737,0.727805667453342,0.1549939082728492,0.0045843169403572874,0.00017571072223492793,0.7606666666666667
2,129,uniform,sample_aware,0,0.5,0.5,0.5,0.28301627106136745,0.029196612536907196,0.022395559897025425,0.7312949962086148,0.15547202361954582,0.005452859318918652,0.00019228774019413523,0.766
2,130,uniform,sample_aware,0,0.5,0.5,0.5,0.2778693238894145,0.028930739189187687,0.020170940707127254,0.7203953067461649,0.15399949749310812,0.005284742710904943,0.00017248321738508012,0.7613333333333333
2,131,uniform,sample_aware,0,0.5,0.5,0.5,0.27862998512056136,0.0289979533602794,0.02183671109378338,0.7216804292466905,0.15305056671301523,0.004983235254055924,0.00017019244842231274,0.7633333333333333
2,132,uniform,sample_aware,0,0.5,0.5,0.5,0.2803364661004808,0.02851032879617479,0.02182099036872387,0.7178381946351793,0.15539908077981737,0.0054512033239007,0.00019328810352211198,0.76
2,133,uniform,sample_aware,0,0.5,0.5,0.5,0.2719915575451321,0.029154124152329233,0.0195654034614563,0.6961657272444831,0.1511683182583915,0.004797331316189634,0.0001769472081731591,0.76
2,134,uniform,sample_aware,0,0.5,0.5,0.5,0.276891741487715,0.02883475584288438,0.021630663217769727,0.7061528033680387,0.15348055958747864,0.004502356207619111,0.0001586141879670322,0.7646666666666667
2,135,uniform,sample_aware,0,0.5,0.5,0.5,0.28174924188190037,0.028552555582589574,0.026262934216194682,0.7058060102992587,0.15393978191746605,0.004667856523560153,0.0001588779915538099,0.7633333333333333
2,136,uniform,sample_aware,0,0.5,0.5,0.5,0.29663391576872933,0.029277981983290777,0.03925968541039361,0.7098754710621304,0.15400463342666626,0.00601258785981271,0.00019553525554430153,0.768
2,137,uniform,sample_aware,0,0.5,0.5,0.5,0.29054908951123554,0.029375899583101273,0.030388689703411527,0.7253629631466336,0.15372605621814728,0.008775505392501751,0.00026877334393146966,0.7613333333333333
2,138,uniform,sample_aware,0,0.5,0.5,0.5,0.2857513295279609,0.028959100859032735,0.028007104578945372,0.7104105088445876,0.15355289313528273,0.008123937218139568,0.00025842666703586775,0.762
2,139,uniform,sample_aware,0,0.5,0.5,0.5,0.27796365155114067,0.028544373603330717,0.022351296411620244,0.6912067400084602,0.15422267549567753,0.007214544806629419,0.00023472832334745262,0.7586666666666667
2,140,uniform,sample_aware,0,0.5,0.5,0.5,0.27155371838145786,0.028586375009682443,0.016062087379395962,0.6915039155218337,0.15467742085456848,0.005932109482172463,0.00022277537371135421,0.7633333333333333
2,141,uniform,sample_aware,0,0.5,0.5,0.5,0.2645667956935035,0.02803562395274639,0.013496910014914142,0.6695418424076505,0.15367948677804735,0.004620224030481445,0.00018094989031346308,0.764
2,142,uniform,sample_aware,0,0.5,0.5,0.5,0.2608509593539768,0.026353044849303033,0.011925276265376143,0.6725797984335158,0.1535395367277993,0.0034198224699745574,0.00013043778663915064,0.7626666666666667
2,143,uniform,sample_aware,0,0.5,0.5,0.5,0.2665398220221202,0.027557150978181098,0.013901406588653723,0.6703928112983704,0.15637689663304222,0.003195349437495073,0.00013483189589654407,0.7606666666666667
2,144,uniform,sample_aware,0,0.5,0.5,0.5,0.2684239082866245,0.02704070404999786,0.015181494462821219,0.6722621851497226,0.1572688106033537,0.003275243720660607,0.00013811248613314496,0.7653333333333333
2,145,uniform,sample_aware,0,0.5,0.5,0.5,0.26288894812266034,0.02719675170050727,0.014624124496347375,0.6641893651750352,0.1525952716668447,0.0039404087648209594,0.0001673132000077102,0.766
2,146,uniform,sample_aware,0,0.5,0.5,0.5,0.26475366287761265,0.02754956338968542,0.014285634375280805,0.6621156798468696,0.15452007287078434,0.004196511090008749,0.00017712842155661847,0.7646666666666667
2,147,uniform,sample_aware,0,0.5,0.5,0.5,0.26208829548623824,0.02644122371243106,0.01354951121740871,0.6664146648512946,0.15348941087722778,0.0037691705187575687,0.00016419500267753998,0.7626666666666667
2,148,uniform,sample_aware,0,0.5,0.5,0.5,0.2611777053938972,0.025784783479240205,0.014858500928514533,0.664654983414544,0.15225953857103983,0.0034746135998931196,0.00014414731413125992,0.7693333333333333
2,149,uniform,sample_aware,0,0.5,0.5,0.5,0.2659071882565816,0.0270699935240878,0.016253349785175588,0.6628385252422757,0.1544358448849784,0.0035931426617834303,0.00013514070694024363,0.7646666666666667
2,150,uniform,sample_aware,0,0.5,0.5,0.5,0.2636331121126811,0.026921462267637253,0.016131413997047477,0.6564635303285387,0.15305561820665994,0.0036207043772770297,0.00013581825704831217,0.7646666666666667
2,151,uniform,sample_aware,0,0.5,0.5,0.5,0.2633240620295207,0.026668612534801166,0.01619938460903035,0.661947939130995,0.15230819582939148,0.003762980741966102,0.00014316143804333277,0.7633333333333333
2,152,uniform,sample_aware,0,0.5,0.5,0.5,0.2642799781428443,0.026369296221269503,0.014481568812496133,0.6604835987091064,0.15548738837242126,0.0036472195448974767,0.0001395245910518699,0.7693333333333333
2,153,uniform,sample_aware,0,0.5,0.5,0.5,0.26094948914315963,0.026780308327741094,0.013013504135111967,0.645593265692393,0.15482234126991695,0.0034054393828329113,0.00014258636575606134,0.7646666666666667
2,154,uniform,sample_aware,0,0.5,0.5,0.5,0.256202283832762,0.026478487584326003,0.01318953206969632,0.6392756832970513,0.15099048614501953,0.0031095154117792845,0.00012291280371654365,0.7626666666666667
2,155,uniform,sample_aware,0,0.5,0.5,0.5,0.2659786111778683,0.026693048369553354,0.0171419069584873,0.6514220436414083,0.1553155846065945,0.0032418734497494167,0.0001298628501697547,0.766
2,156,uniform,sample_aware,0,0.5,0.5,0.5,0.263086458047231,0.02655918647845586,0.016864924795097776,0.6438910762468973,0.15339952872859108,0.0036022773581660455,0.00014513376582827832,0.7666666666666667
2,157,uniform,sample_aware,0,0.5,0.5,0.5,0.2617180777920617,0.025643884514768917,0.015821723060475454,0.647900402545929,0.1533789187669754,0.004005462810811069,0.00016156436565021673,0.7673333333333333
2,158,uniform,sample_aware,0,0.5,0.5,0.5,0.2656901843018002,0.02672274348636468,0.01588662972466813,0.6356732249259949,0.15712138017018637,0.004613696287075679,0.00017050390468082495,0.7666666666666667
2,159,uniform,sample_aware,0,0.5,0.5,0.5,0.26398062374856734,0.026649955039223034,0.01639788132160902,0.6407431695196364,0.15449312494860756,0.0045643590080241365,0.00016632794480149946,0.762
2,160,uniform,sample_aware,0,0.5,0.5,0.5,0.26315999031066895,0.026679225059019193,0.016014985636704497,0.6342474752002292,0.15436446335580614,0.005153907566434807,0.00019923623444305526,0.7626666666666667
2,161,uniform,sample_aware,0,0.5,0.5,0.5,0.26381514138645595,0.02608519420027733,0.02069516076395909,0.639338387383355,0.15018152362770504,0.0056305875898235375,0.0002082670689560473,0.7586666666666667
2,162,uniform,sample_aware,0,0.5,0.5,0.5,0.2730892598628998,0.02706319921546512,0.025755848321649764,0.6365159617529975,0.1531823625167211,0.006651642214920785,0.00022087081257874766,0.7673333333333333
2,163,uniform,sample_aware,0,0.5,0.5,0.5,0.27707772784762913,0.026836279158790905,0.03006350642277135,0.6543886992666457,0.15131024685170916,0.006625110645674997,0.00023253559548821714,0.7646666666666667
2,164,uniform,sample_aware,0,0.5,0.5,0.5,0.27521103620529175,0.02764418948855665,0.024891470248500507,0.6600288682513766,0.15290197564495933,0.007286530246751176,0.0002545083277962274,0.7606666666666667
2,165,uniform,sample_aware,0,0.5,0.5,0.5,0.27033036284976536,0.026585040614008904,0.023121938109397888,0.6482963230874803,0.15199643042352465,0.007353219721052382,0.00024142829675434364,0.7673333333333333
2,166,uniform,sample_aware,0,0.5,0.5,0.5,0.265413095553716,0.02613709184030692,0.019679720823963482,0.6364257468117608,0.1523234082592858,0.007017674648927318,0.00024291312244410315,0.7593333333333333
2,167,uniform,sample_aware,0,0.5,0.5,0.5,0.26707033978568184,0.02521109539601538,0.02357301726523373,0.6321583324008517,0.15195010271337298,0.006045959889888763,0.0001946104134226011,0.7646666666666667
2,168,uniform,sample_aware,0,0.5,0.5,0.5,0.2717654307683309,0.026928713338242635,0.0220116815633244,0.628922700881958,0.1562936007976532,0.007056661467585299,0.00022167894834031662,0.764
2,169,uniform,sample_aware,0,0.5,0.5,0.5,0.2671633826361762,0.026127140555116866,0.02106768141190211,0.6332741181055704,0.15332967208491433,0.006438953801989555,0.00018400279158312414,0.7633333333333333
2,170,uniform,sample_aware,0,0.5,0.5,0.5,0.26014021701282924,0.02580857194132275,0.016884323726925585,0.6165118945969476,0.1531310131152471,0.0051685490438507665,0.00016168855492853455,0.7713333333333333
2,171,uniform,sample_aware,0,0.5,0.5,0.5,0.25770657923486495,0.025987669204672176,0.014757130915919939,0.6133803923924764,0.15335188806056976,0.004393712617456913,0.00014997117169615295,0.7653333333333333
2,172,uniform,sample_aware,0,0.5,0.5,0.5,0.2556390033827888,0.025520532081524532,0.014409080561664369,0.6156393355793424,0.1522617737452189,0.0036443830209059846,0.00012299926149555377,0.7653333333333333
2,173,uniform,sample_aware,0,0.5,0.5,0.5,0.25346381300025517,0.024809182931979496,0.01283089475085338,0.6078548100259569,0.15335475570625728,0.0032517396482742494,0.00011524596872429053,0.766
2,174,uniform,sample_aware,0,0.5,0.5,0.5,0.25487081209818524,0.025626042650805578,0.014250142085883353,0.6063181559244791,0.1527441359228558,0.003122467366564605,0.00011487788934674527,0.764
2,175,uniform,sample_aware,0,0.5,0.5,0.5,0.2572631869051192,0.026379348296258185,0.01606615994953447,0.6094126635127597,0.15217135349909464,0.0032914127481894363,0.00011871143295947049,0.7646666666666667
2,176,uniform,sample_aware,0,0.5,0.5,0.5,0.25224538644154865,0.025250786501500342,0.014195508116649257,0.6111074354913499,0.1500002940495809,0.003249556835119923,0.00012654862884018157,0.7693333333333333
2,177,uniform,sample_aware,0,0.5,0.5,0.5,0.25380466712845695,0.02526851702067587,0.012715174092186822,0.6000398927264743,0.15406109392642975,0.003392130860851871,0.0001196614337257213,0.7706666666666667
2,178,uniform,sample_aware,0,0.5,0.5,0.5,0.2543235652976566,0.025085999112990167,0.015712462779548433,0.6063683827718099,0.15111720396412742,0.003419287425155441,0.000122832962208324,0.7646666666666667
2,179,uniform,sample_aware,0,0.5,0.5,0.5,0.2581883403990004,0.02493968378338549,0.017408613219029374,0.6037617524464926,0.15365470283561283,0.0034729253707660567,0.0001454098771015803,0.768
2,180,uniform,sample_aware,0,0.5,0.5,0.5,0.25394923157162136,0.024977314803335402,0.01550442621939712,0.6037827531496683,0.15114873316552904,0.003728023911308911,0.00015294754929426644,0.7646666666666667
2,181,uniform,sample_aware,0,0.5,0.5,0.5,0.2580612301826477,0.02518641845219665,0.015279713914626174,0.6103167732556661,0.15461805793974134,0.003735534536341826,0.00015518476074147556,0.7713333333333333
2,182,uniform,sample_aware,0,0.5,0.5,0.5,0.2548760986990399,0.0247001809378465,0.01528545707050297,0.6021321415901184,0.15269472532802159,0.003803030794693364,0.0001620103850857251,0.7673333333333333
2,183,uniform,sample_aware,0,0.5,0.5,0.5,0.2558300925625695,0.02531904975573222,0.014223185781803396,0.6060341000556946,0.1539459096060859,0.0033510448411107063,0.00012602884089574218,0.768
2,184,uniform,sample_aware,0,0.5,0.5,0.5,0.2658981713983748,0.02613958612912231,0.027302665842903986,0.5971885058614943,0.15086879332860312,0.003602693271305826,0.00013384338106132217,0.7666666666666667
2,185,uniform,sample_aware,0,0.5,0.5,0.5,0.27234576145807904,0.025917420991592936,0.03164149841500653,0.6104150215784708,0.15132604704962838,0.004676111922081973,0.00016245161855800284,0.7666666666666667
2,186,uniform,sample_aware,0,0.5,0.5,0.5,0.27050673961639404,0.027010013866755698,0.02722909239431222,0.6166031161944071,0.1517735802465015,0.0054897104596926104,0.00017776948192881214,0.7726666666666666
2,187,uniform,sample_aware,0,0.5,0.5,0.5,0.2722487284077538,0.025940397340390418,0.02965536548031701,0.6155378686057197,0.1520940793885125,0.005812085440589322,0.000198100790536652,0.7593333333333333
2,188,uniform,sample_aware,0,0.5,0.5,0.5,0.2798932691415151,0.02614704395333926,0.03527984312838978,0.6168115933736166,0.15311252739694384,0.00711870255569617,0.00022667168458509777,0.7713333333333333
2,189,uniform,sample_aware,0,0.5,0.5,0.5,0.2734711799356673,0.02554572518501017,0.03088749572634697,0.6138616866535611,0.1514751132991579,0.008119619865384366,0.00023374107614573505,0.7653333333333333
2,190,uniform,sample_aware,0,0.5,0.5,0.5,0.269142962164349,0.025591014780932002,0.024035523956020672,0.6084259019957649,0.1549096339278751,0.007317943032830954,0.0002104542088798351,0.7693333333333333
2,191,uniform,sample_aware,0,0.5,0.5,0.5,0.27001911732885575,0.02575934823188517,0.02313963696360588,0.6109306216239929,0.15660258630911508,0.0066666519786748625,0.0001823169489701589,0.7666666666666667
2,192,uniform,sample_aware,0,0.5,0.5,0.5,0.2675202389558156,0.024574091451035604,0.021996024375160534,0.6080953478813171,0.15698472327656215,0.006130454803092612,0.00018127166226299273,0.762
2,193,uniform,sample_aware,0,0.5,0.5,0.5,0.2594220042228699,0.024387794857223827,0.018234009957975812,0.5941930082109239,0.15461845033698612,0.005356231549133857,0.00016866657986409136,0.7653333333333333
2,194,uniform,sample_aware,0,0.5,0.5,0.5,0.2605232960648007,0.025316344160172675,0.02042775187227461,0.5983364780743917,0.15233683089415231,0.005062339103056325,0.00015510965345634354,0.766
2,195,uniform,sample_aware,0,0.5,0.5,0.5,0.2526470836665895,0.023449019011523988,0.01609818937463893,0.5914230280452304,0.15145539740721384,0.004853041997800271,0.00015129132791318826,0.7693333333333333
2,196,uniform,sample_aware,0,0.5,0.5,0.5,0.2523637099398507,0.024821975785824988,0.01597541177438365,0.5822378330760531,0.15117212136586508,0.0042031249807526665,0.00013771100849327113,0.7653333333333333
2,197,uniform,sample_aware,0,0.5,0.5,0.5,0.25583625667625004,0.023892715573310852,0.017933429529269535,0.588686015870836,0.15320457186963823,0.0037412174408220584,0.00013266670026092065,0.7646666666666667
2,198,uniform,sample_aware,0,0.5,0.5,0.5,0.2534226295020845,0.024277444514963362,0.01785153957704703,0.5816351175308228,0.1510288251770867,0.004069521428189344,0.00013307623642807206,0.768
2,199,uniform,sample_aware,0,0.5,0.5,0.5,0.25592637062072754,0.02385591756966379,0.017552084910372894,0.5878653791215684,0.15324311786227757,0.004822841431531642,0.0001545954405123161,0.772
2,200,uniform,sample_aware,0,0.5,0.5,0.5,0.2522720131609175,0.024208723256985348,0.017472829048832256,0.5780303213331435,0.1503392457962036,0.004724633052117295,0.00017172877495694492,0.7626666666666667
3,1,uniform,sample_aware,0,0.5,0.5,0.5,2.6177481280432806,1.1508729722764757,0.8461905804465965,3.229800568686591,0.17353706724113888,0.23822289374139574,0.010112082378731834,0.565
3,2,uniform,sample_aware,0,0.5,0.5,0.5,1.6365507046381633,0.8764057556788126,0.21806539595127106,3.1792881223890515,0.17047981090015835,0.10320822729004754,0.004133626559956206,0.576
3,3,uniform,sample_aware,0,0.5,0.5,0.5,1.2822673320770264,0.6785993244912889,0.11086578087674247,3.0642568270365396,0.1629493749803967,0.04490600981646114,0.001948317396454513,0.592
3,4,uniform,sample_aware,0,0.5,0.5,0.5,1.0679899520344205,0.5353456139564514,0.07371510068575542,2.890710380342272,0.1589726060628891,0.020681521751814418,0.0010896435123868287,0.592
3,5,uniform,sample_aware,0,0.5,0.5,0.5,0.9201156563229032,0.43019747734069824,0.0554525860481792,2.734616862403022,0.15500792695416343,0.011313346525033316,0.0006785893347114325,0.601
3,6,uniform,sample_aware,0,0.5,0.5,0.5,0.8287332918908861,0.366228848695755,0.04452821446789636,2.6046449873182507,0.1538635359870063,0.00680413128187259,0.0004922587411581642,0.6075
3,7,uniform,sample_aware,0,0.5,0.5,0.5,0.7584697405497233,0.3110838135083516,0.039199013676908284,2.5148328410254583,0.15416014856762356,0.004691707332515054,0.000395240126332889,0.617
3,8,uniform,sample_aware,0,0.5,0.5,0.5,0.7012705604235331,0.2707992460992601,0.035826786110798516,2.4264810615115695,0.14986101455158657,0.003916842500782675,0.000353964711798148,0.632
3,9,uniform,sample_aware,0,0.5,0.5,0.5,0.6593018703990512,0.2378712279929055,0.034003028025229774,2.3538562191857233,0.15008260144127739,0.0035559061345540816,0.0003628544121359785,0.6295
3,10,uniform,sample_aware,0,0.5,0.5,0.5,0.6253633830282423,0.21383706563048893,0.03106887038383219,2.2800147268507214,0.15061069859398735,0.003356409129790134,0.00033412003217058047,0.6395
3,11,uniform,sample_aware,0,0.5,0.5,0.5,0.598393612437778,0.1945120526684655,0.029775774520304468,2.2121869458092585,0.15112415452798209,0.003209740182177888,0.00031611598872890073,0.6455
3,12,uniform,sample_aware,0,0.5,0.5,0.5,0.5680009126663208,0.1755454722377989,0.028128762625985675,2.164577696058485,0.14608093930615318,0.003239165525883436,0.0003367613276673688,0.649
3,13,uniform,sample_aware,0,0.5,0.5,0.5,0.5505068103472391,0.16286584900485146,0.027337415764729183,2.1187442938486734,0.14672020905547672,0.0031182072901477418,0.0002995893721365266,0.6595
3,14,uniform,sample_aware,0,0.5,0.5,0.5,0.5328528781731924,0.1516642603609297,0.026590716507699754,2.0689424673716226,0.14605790376663208,0.0029968981010218463,0.00029456786837221845,0.6675
3,15,uniform,sample_aware,0,0.5,0.5,0.5,0.5118284755282931,0.1406223459376229,0.026189888103140727,2.01051488187578,0.14230465061134762,0.0030209666583687067,0.0002992187380894191,0.6665
3,16,uniform,sample_aware,0,0.5,0.5,0.5,0.4964067273669773,0.1282259159617954,0.024971323294772044,1.9668452209896512,0.14494641290770638,0.0028847154333359664,0.00027237785333353613,0.674
3,17,uniform,sample_aware,0,0.5,0.5,0.5,0.48228822814093697,0.12066646334197786,0.02445902530517843,1.9269979000091553,0.14285496870676676,0.0029359549646162325,0.0002800146208351685,0.6785
3,18,uniform,sample_aware,0,0.5,0.5,0.5,0.46762363778220284,0.11239297688007355,0.02384460965792338,1.8779706027772691,0.14198797278934056,0.002928197771931688,0.0002738301215382914,0.679
3,19,uniform,sample_aware,0,0.5,0.5,0.5,0.45601552724838257,0.10618926667504841,0.024060754105448723,1.84407819641961,0.13974610136614907,0.00294155337744289,0.0002816069754771888,0.6845
3,20,uniform,sample_aware,0,0.5,0.5,0.5,0.44888386792606777,0.10042604886823231,0.025759832312663395,1.8131106562084622,0.13972966704103681,0.003037094164432751,0.00027741165831685066,0.683
3,21,uniform,sample_aware,0,0.5,0.5,0.5,0.44054224424892,0.09658448149760564,0.026203501348694164,1.7636245224210951,0.13978561593426597,0.0029644097408486735,0.000247976535724269,0.6885
3,22,uniform,sample_aware,0,0.5,0.5,0.5,0.43231357799635994,0.0917933765384886,0.024641758244898584,1.730432563357883,0.14116359915998247,0.0030723122828122643,0.0002708756623582707,0.6875
3,23,uniform,sample_aware,0,0.5,0.5,0.5,0.4203672673967149,0.08775715695487128,0.023881071764561865,1.6887014309565227,0.13815743724505106,0.0031643148977309465,0.00023859498711923757,0.692
3,24,uniform,sample_aware,0,0.5,0.5,0.5,0.41196538342369926,0.08231245891915427,0.021505047877629597,1.6806516647338867,0.13843731416596305,0.0030399558858739007,0.00025082686139891547,0.6905
3,25,uniform,sample_aware,0,0.5,0.5,0.5,0.40097251865598893,0.07971693244245318,0.021070642810728814,1.6249509122636583,0.13619527386294472,0.0027518924843106004,0.0002372547233891156,0.695
3,26,uniform,sample_aware,0,0.5,0.5,0.5,0.3978344864315457,0.07495976487795512,0.020397364886270627,1.6069433556662664,0.14027932286262512,0.0027560005999273723,0.00025138760813408427,0.692
3,27,uniform,sample_aware,0,0.5,0.5,0.5,0.38726576169331867,0.07439588755369186,0.019713536111844912,1.5526293648613825,0.13650651772816977,0.0025585449766367674,0.00021521654626768496,0.6965
3,28,uniform,sample_aware,0,0.5,0.5,0.5,0.3881037169032627,0.07257164186901516,0.02007030716372861,1.5509933365715876,0.13886480861239964,0.002766331528416938,0.00022891388895610967,0.701
3,29,uniform,sample_aware,0,0.5,0.5,0.5,0.377095361550649,0.06691589620378283,0.019147087716394,1.518970290819804,0.1376593510309855,0.002736801669622461,0.0002151841763406992,0.6975
3,30,uniform,sample_aware,0,0.5,0.5,0.5,0.3731343083911472,0.06660852167341444,0.0186897793577777,1.4867675569322374,0.13770688407950932,0.0027131601754162046,0.00019158204344825612,0.6975
3,31,uniform,sample_aware,0,0.5,0.5,0.5,0.36851487557093304,0.06576122343540192,0.019119888958003785,1.464514758851793,0.13579087456067404,0.0025830231606960297,0.0001997958817001846,0.703
3,32,uniform,sample_aware,0,0.5,0.5,0.5,0.36470141013463336,0.06340530183580187,0.019326451131039195,1.4396419525146484,0.13664338489373526,0.0025071167231847844,0.00021703420983006558,0.704
3,33,uniform,sample_aware,0,0.5,0.5,0.5,0.363070054186715,0.061955960674418345,0.019600192705790203,1.421286490228441,0.13797382679250506,0.0026228175653765597,0.0002000078222610884,0.7005
3,34,uniform,sample_aware,0,0.5,0.5,0.5,0.3571475711133745,0.05799898670779334,0.020058148644036718,1.4030169910854764,0.13736468222406176,0.002639982383698225,0.00020812531389916936,0.706
3,35,uniform,sample_aware,0,0.5,0.5,0.5,0.3504570656352573,0.05731083783838484,0.01935222103363938,1.372206939591302,0.13517776628335318,0.0025932234194543627,0.0001978634779031078,0.7025
3,36,uniform,sample_aware,0,0.5,0.5,0.5,0.3467977013852861,0.05506846225923962,0.019971469417214394,1.3473453256818984,0.13557519018650055,0.0026915568806644944,0.00020453020180058148,0.708
3,37,uniform,sample_aware,0,0.5,0.5,0.5,0.33816158440377975,0.055079962644312114,0.018980307711495295,1.3138567209243774,0.13123718566364712,0.002746839929992954,0.00021007154524947205,0.7035
3,38,uniform,sample_aware,0,0.5,0.5,0.5,0.3422156771024068,0.05465258244011137,0.01873599613706271,1.3193156321843464,0.13547622329658932,0.002649910980835557,0.0001886958941920764,0.7105
3,39,uniform,sample_aware,0,0.5,0.5,0.5,0.3309231665399339,0.05209831769267718,0.017755667575531535,1.2812516027026706,0.1315586202674442,0.0025948878481156295,0.0001759136600109438,0.7065
3,40,uniform,sample_aware,0,0.5,0.5,0.5,0.3352324962615967,0.0517110890812344,0.01822633109986782,1.2721743716133966,0.13674852086438072,0.002481922429675857,0.0001763155903770692,0.709
3,41,uniform,sample_aware,0,0.5,0.5,0.5,0.33193524016274345,0.05097253496448199,0.018500352485312357,1.2488339344660442,0.13619350062476265,0.0025900943308240837,0.0001808140142303374,0.711
3,42,uniform,sample_aware,0,0.5,0.5,0.5,0.3281921048959096,0.049931534048583776,0.01833256023625533,1.2348412540223863,0.13501782218615213,0.0026866251913209758,0.0001654833322390914,0.7115
3,43,uniform,sample_aware,0,0.5,0.5,0.5,0.32272298799620736,0.047378545006116234,0.01776311318907473,1.2179826233122084,0.134300849503941,0.002790298597473237,0.00017414684407413006,0.715
3,44,uniform,sample_aware,0,0.5,0.5,0.5,0.32121025191413033,0.047527761509021126,0.01682702514032523,1.2030724154578314,0.13508865899509853,0.002743569875342978,0.00017554922184596458,0.7145
3,45,uniform,sample_aware,0,0.5,0.5,0.5,0.3175421158472697,0.045912196652756795,0.017736226527227297,1.1775027513504028,0.1343722807036506,0.0033612511534657744,0.00018104209124835001,0.7185
3,46,uniform,sample_aware,0,0.5,0.5,0.5,0.3188243243429396,0.045595943513843745,0.01825167756113741,1.1734232505162556,0.13583302663432228,0.003424052537108461,0.00017864880565967824,0.71
3,47,uniform,sample_aware,0,0.5,0.5,0.5,0.3147100839349959,0.046427501986424126,0.01897327250076665,1.144201053513421,0.13321688771247864,0.0031601908978902632,0.00018444899210913313,0.713
3,48,uniform,sample_aware,0,0.5,0.5,0.5,0.3170337842570411,0.04481943448384603,0.02477572237451871,1.1342049837112427,0.13222710953818428,0.0033911068458110094,0.00019093641054092182,0.7125
3,49,uniform,sample_aware,0,0.5,0.5,0.5,0.3152798612912496,0.04483591020107269,0.024277087301015854,1.1241934961742825,0.13183880845705667,0.0036224456917908457,0.00019496337174334459,0.724
3,50,uniform,sample_aware,0,0.5,0.5,0.5,0.31814540757073295,0.04429945432477527,0.02503161359992292,1.1116816335254245,0.135587892598576,0.003928019147780206,0.00018854970241793327,0.7155
3,51,uniform,sample_aware,0,0.5,0.5,0.5,0.31707597110006547,0.045163575973775655,0.026123170430461567,1.0953169133928087,0.13416410817040336,0.004003815171826217,0.00018301038330213891,0.713
3,52,uniform,sample_aware,0,0.5,0.5,0.5,0.3157028820779588,0.04343965401252111,0.02388006676402357,1.0850500265757244,0.1376168512635761,0.0043260882505112225,0.00019652363456164798,0.72
3,53,uniform,sample_aware,0,0.5,0.5,0.5,0.30692120393117267,0.04188759873310725,0.02061712183058262,1.0645976728863187,0.135817246304618,0.0040971762500703335,0.00018176734576829604,0.724
3,54,uniform,sample_aware,0,0.5,0.5,0.5,0.3069387508763207,0.04152402488721742,0.02137204859819677,1.0639847384558783,0.13559507992532518,0.003924424294382334,0.00017381965234461758,0.721
3,55,uniform,sample_aware,0,0.5,0.5,0.5,0.30679913030730355,0.04132613084382481,0.021513179565469425,1.036956873204973,0.1382569521665573,0.0038408921100199223,0.00017347120188383592,0.7205
3,56,uniform,sample_aware,0,0.5,0.5,0.5,0.3050534923871358,0.041717992474635444,0.02132580243051052,1.0319246649742126,0.1368431912528144,0.0037706891695658364,0.00017738635263716182,0.7175
3,57,uniform,sample_aware,0,0.5,0.5,0.5,0.3023189703623454,0.04044414601392216,0.02157121876047717,1.0156047013070848,0.13672034442424774,0.0038685433618310425,0.00017705170385953452,0.7255
3,58,uniform,sample_aware,0,0.5,0.5,0.5,0.2960287133852641,0.04061212142308553,0.0190326776355505,0.9985862572987875,0.13468352456887564,0.0035351194027397367,0.000148401886690408,0.7175
3,59,uniform,sample_aware,0,0.5,0.5,0.5,0.29023758901490104,0.038182786769337125,0.016899631048242252,0.9918648666805692,0.13434874349170262,0.0030881069445361695,0.00015177785341317454,0.7175
3,60,uniform,sample_aware,0,0.5,0.5,0.5,0.2912749747435252,0.03758633550670412,0.01764748804271221,0.981082366572486,0.13640068471431732,0.0029236628777450984,0.00014078904900492894,0.7225
3,61,uniform,sample_aware,0,0.5,0.5,0.5,0.2859471042950948,0.037569157779216766,0.01783786817557282,0.9686847262912326,0.1321284423271815,0.0029425129242655304,0.00014380913408887055,0.721
3,62,uniform,sample_aware,0,0.5,0.5,0.5,0.29090534647305805,0.03822905197739601,0.018742084296213254,0.9629324674606323,0.13611210551526812,0.0029049470451556975,0.00015277851424697373,0.7285
3,63,uniform,sample_aware,0,0.5,0.5,0.5,0.29328227705425686,0.03891296643349859,0.0220017840878831,0.9535144368807474,0.1353522605366177,0.0031839650279531875,0.00014367623953148723,0.7255
3,64,uniform,sample_aware,0,0.5,0.5,0.5,0.2866609063413408,0.037285310940610036,0.021228423342108727,0.9353590541415744,0.13262541426552665,0.0037949276932825646,0.00017675817556058368,0.7185
3,65,uniform,sample_aware,0,0.5,0.5,0.5,0.2842772934171889,0.03752217524581485,0.02139665786590841,0.9223178227742513,0.13116444812880623,0.00375703147922953,0.00016743179488306245,0.722
3,66,uniform,sample_aware,0,0.5,0.5,0.5,0.2881951265864902,0.03770168870687485,0.02231073110467858,0.9154886603355408,0.13473935590849984,0.0036335535761382845,0.00015540734683680866,0.722
3,67,uniform,sample_aware,0,0.5,0.5,0.5,0.292743487490548,0.036623978780375585,0.026538702969749767,0.919135762585534,0.13572772178384993,0.003713147947564721,0.00016586024624605974,0.725
3,68,uniform,sample_aware,0,0.5,0.5,0.5,0.29059914416737026,0.036747201449341245,0.028717910663949117,0.9050076405207316,0.13235447804133096,0.004384435868511598,0.00017314821404094496,0.716
3,69,uniform,sample_aware,0,0.5,0.5,0.5,0.2936937179830339,0.036179824007882014,0.030574880126449797,0.9019332991706001,0.13405761453840467,0.005192158485038413,0.0001839822054737144,0.727
3,70,uniform,sample_aware,0,0.5,0.5,0.5,0.2927913036611345,0.03655048997865783,0.03216273130642043,0.8890871405601501,0.13231418364577824,0.005529398771209849,0.00018097349028620456,0.7235
3,71,uniform,sample_aware,0,0.5,0.5,0.5,0.2880420784155528,0.03630582822693719,0.025436508572763868,0.8858048253589206,0.1349937700563007,0.005265818339669042,0.00018517361281232702,0.7285
3,72,uniform,sample_aware,0,0.5,0.5,0.5,0.2812170750564999,0.035543287379874125,0.022328962261478107,0.8756601876682706,0.13333237833446926,0.004725525724805064,0.00016732781659811735,0.726
3,73,uniform,sample_aware,0,0.5,0.5,0.5,0.27593222591612077,0.033512147764364876,0.02003566175699234,0.8659924666086832,0.13360641731156242,0.004193928558379412,0.00016357745173283748,0.7205
3,74,uniform,sample_aware,0,0.5,0.5,0.5,0.27498142917950946,0.03396543529298571,0.018654257679979008,0.8510977625846863,0.1352679514222675,0.0038090516140477527,0.00015894971632709107,0.7235
3,75,uniform,sample_aware,0,0.5,0.5,0.5,0.27241677045822144,0.03472379015551673,0.017860505936874285,0.8421474695205688,0.13365735610326132,0.0037699105062832436,0.00015083487637134062,0.727
3,76,uniform,sample_aware,0,0.5,0.5,0.5,0.269495599799686,0.0333511084318161,0.016414737639327843,0.835023820400238,0.13448767529593575,0.0033346920584638915,0.00014470396046009328,0.731
3,77,uniform,sample_aware,0,0.5,0.5,0.5,0.2655901047918532,0.032511181922422513,0.01501174115886291,0.8291274640295241,0.13349920345677269,0.0031585799685368934,0.00015188276302069426,0.7245
3,78,uniform,sample_aware,0,0.5,0.5,0.5,0.27184466852082145,0.03371058632102278,0.01670954583419694,0.8260454204347398,0.13719236685170066,0.0031117184553295374,0.00014354747771802876,0.7235
3,79,uniform,sample_aware,0,0.5,0.5,0.5,0.26931507719887626,0.03239880460831854,0.016503509961896472,0.8281258874469333,0.136005077097151,0.0030366556925906073,0.00015355789542405141,0.7235
3,80,uniform,sample_aware,0,0.5,0.5,0.5,0.26653868291113114,0.032479827809664935,0.01792601268324587,0.819252265824212,0.13266508446799385,0.002935992812530862,0.0001490646132474972,0.724
3,81,uniform,sample_aware,0,0.5,0.5,0.5,0.2676610483063592,0.03245798125863075,0.01940701115462515,0.8043490184677972,0.13380233446756998,0.00298215759297212,0.00013548408039949008,0.729
3,82,uniform,sample_aware,0,0.5,0.5,0.5,0.2622859511110518,0.03256820390621821,0.0174780341072215,0.7916403545273675,0.13158066736327279,0.002865212866001659,0.0001247983244765136,0.724
3,83,uniform,sample_aware,0,0.5,0.5,0.5,0.26354200972451103,0.031973313747180834,0.01606333369596137,0.7924644086096022,0.13479617734750113,0.0027948698132402366,0.00013059995318245556,0.73
3,84,uniform,sample_aware,0,0.5,0.5,0.5,0.2622654636700948,0.03227318016191324,0.01647181301895115,0.7897271315256754,0.13309473958280352,0.00278012503662871,0.00012589520257380273,0.7245
3,85,uniform,sample_aware,0,0.5,0.5,0.5,0.2626054684321086,0.031655078753829,0.016958598254455462,0.7944530977143182,0.13315466046333313,0.0026660848460677597,0.00011755561637174751,0.728
3,86,uniform,sample_aware,0,0.5,0.5,0.5,0.2611337635252211,0.030724646109673712,0.0180578145922886,0.7793024381001791,0.13303087817298043,0.002657198683462209,0.00012315875695397457,0.728
3,87,uniform,sample_aware,0,0.5,0.5,0.5,0.2619287570317586,0.03074317632449998,0.018372536533408694,0.7710879180166457,0.13416936993598938,0.0029374654146118295,0.00013229143547101153,0.7295
3,88,uniform,sample_aware,0,0.5,0.5,0.5,0.2604047159353892,0.031147848607765302,0.017852232791483402,0.7646174497074552,0.1333748979700936,0.0030130648519843817,0.00012290572825198373,0.731
3,89,uniform,sample_aware,0,0.5,0.5,0.5,0.28175827860832214,0.03162892969946066,0.0358371709783872,0.7812504238552518,0.13400485780504015,0.004150429455977347,0.0001741417153324518,0.7265
3,90,uniform,sample_aware,0,0.5,0.5,0.5,0.2684778504901462,0.031406434873739876,0.022277947929170396,0.7704697582456801,0.1356046133571201,0.004123069320081009,0.00016066686819410988,0.7315
3,91,uniform,sample_aware,0,0.5,0.5,0.5,0.2642601794666714,0.031106926086876128,0.020800117403268814,0.7619309690263536,0.13411751058366564,0.0039282201582358945,0.0001568389642569754,0.7255
3,92,uniform,sample_aware,0,0.5,0.5,0.5,0.2656490637196435,0.03098541001478831,0.018456889523400202,0.7496277093887329,0.13931461340851253,0.0037116390756434864,0.00014710523343334594,0.732
3,93,uniform,sample_aware,0,0.5,0.5,0.5,0.26046765181753373,0.03033121344115999,0.017524387273523543,0.7398492362764146,0.1368633210659027,0.0033886643230087226,0.00013893199825866355,0.7285
3,94,uniform,sample_aware,0,0.5,0.5,0.5,0.25715548793474835,0.02955742697748873,0.01807671474913756,0.7485527263747321,0.1329522563351525,0.0032927973402871024,0.00013483663658714958,0.732
3,95,uniform,sample_aware,0,0.5,0.5,0.5,0.2591159972879622,0.030299814210997686,0.017984350936280355,0.7396856347719828,0.1352948678864373,0.003008836828586128,0.00012797225887576738,0.7275
3,96,uniform,sample_aware,0,0.5,0.5,0.5,0.258392506175571,0.02968299699326356,0.018899911186761327,0.7351663708686829,0.1346061709854338,0.0032460828725662497,0.00012750740602819456,0.728
3,97,uniform,sample_aware,0,0.5,0.5,0.5,0.26022597816255355,0.029305638952387705,0.019769913620418973,0.7402972247865465,0.1353156285153495,0.003483763766578502,0.0001263710307992167,0.73
3,98,uniform,sample_aware,0,0.5,0.5,0.5,0.2610851559374068,0.03031762523783578,0.022829082897967763,0.7176865537961324,0.13415003816286722,0.003899799349407355,0.00013971462612971663,0.726
3,99,uniform,sample_aware,0,0.5,0.5,0.5,0.25953759087456596,0.030322725781136088,0.022651884911788836,0.7246858278910319,0.1317041731543011,0.004617382617046435,0.00016307120030331943,0.7285
3,100,uniform,sample_aware,0,0.5,0.5,0.5,0.2609349820348952,0.029469748958945274,0.02096284656888909,0.7254308462142944,0.13535224894682565,0.005034144812573989,0.00017995554824463196,0.726
3,101,uniform,sample_aware,0,0.5,0.5,0.5,0.2591807312435574,0.029134727807508573,0.020171684937344656,0.7180429100990295,0.13565831217500898,0.004651884289665354,0.0001715458606162833,0.7265
3,102,uniform,sample_aware,0,0.5,0.5,0.5,0.26373040013843113,0.02895884733233187,0.025809587703810796,0.7137664291593764,0.13509449031617907,0.00480836345296767,0.00017329192875574032,0.721
3,103,uniform,sample_aware,0,0.5,0.5,0.5,0.2700606452094184,0.029795083320803113,0.03014107731481393,0.7164306574397616,0.13568663597106934,0.005405843568344911,0.00018372320725272098,0.737
3,104,uniform,sample_aware,0,0.5,0.5,0.5,0.2652435898780823,0.02958804327580664,0.028549895932277043,0.7094386418660482,0.13310810758007896,0.005915194439391295,0.00019215152780007984,0.728
3,105,uniform,sample_aware,0,0.5,0.5,0.5,0.2620732221338484,0.029814768996503618,0.025269575624002352,0.7033213310771518,0.1335114704238044,0.006084107379946444,0.00020644134039887122,0.7255
3,106,uniform,sample_aware,0,0.5,0.5,0.5,0.2621067663033803,0.028885525547795825,0.025300473181737795,0.6986458433998955,0.13497905102041033,0.00594534052328931,0.00020890682935714722,0.723
3,107,uniform,sample_aware,0,0.5,0.5,0.5,0.26224905252456665,0.028378819425900776,0.023674889985058043,0.6952393253644308,0.13793568313121796,0.005292857531458139,0.00017859009999988807,0.7235
3,108,uniform,sample_aware,0,0.5,0.5,0.5,0.2593444022867415,0.028315027968751058,0.02440868794090218,0.6915042400360107,0.13468061718675825,0.005390314023113913,0.0001889573953424891,0.727
3,109,uniform,sample_aware,0,0.5,0.5,0.5,0.26026566823323566,0.028058973244494863,0.023544943787985377,0.6914490328894721,0.13651202453507316,0.005818051027341021,0.00019158097630780604,0.731
3,110,uniform,sample_aware,0,0.5,0.5,0.5,0.2548134707742267,0.02784116855925984,0.022725808537668653,0.6842100686497159,0.13269600768884024,0.006042436386148135,0.00021652469230401848,0.727
3,111,uniform,sample_aware,0,0.5,0.5,0.5,0.25547367168797386,0.028109867953591876,0.021708943156732455,0.6793440712822808,0.13472586870193481,0.005795894915031062,0.00019326700647878979,0.736
3,112,uniform,sample_aware,0,0.5,0.5,0.5,0.247496591673957,0.027086071463094816,0.019754565010468166,0.6679445571369595,0.13129763139618766,0.004956350558333927,0.000171388266608119,0.7305
3,113,uniform,sample_aware,0,0.5,0.5,0.5,0.25208498703108895,0.027342694708042674,0.018091503323780164,0.6777132550875345,0.1364697946442498,0.004670278117474582,0.00014905839149529734,0.732
3,114,uniform,sample_aware,0,0.5,0.5,0.5,0.24684453341695997,0.027143082891901333,0.01687880739983585,0.66884712378184,0.13349268005953896,0.004739308367586798,0.00015118273182047738,0.7295
3,115,uniform,sample_aware,0,0.5,0.5,0.5,0.24766242669688332,0.02728186237315337,0.018364219098455377,0.6696924434767829,0.13289149602254233,0.0041632581657419605,0.0001479516569007602,0.734
3,116,uniform,sample_aware,0,0.5,0.5,0.5,0.2494400292634964,0.0270679769002729,0.021515226198567286,0.6610213187005785,0.1326264904605018,0.004107822638211979,0.0001485774151256515,0.7275
3,117,uniform,sample_aware,0,0.5,0.5,0.5,0.25148117873403764,0.02764284983277321,0.019431342267327838,0.6687922477722168,0.1353784998257955,0.004148814102841748,0.00014968711831089523,0.7335
3,118,uniform,sample_aware,0,0.5,0.5,0.5,0.24431192874908447,0.025878447832332716,0.017964707273575995,0.6637225813335843,0.13205959730678135,0.003929843582833807,0.00014399266931124858,0.729
3,119,uniform,sample_aware,0,0.5,0.5,0.5,0.2439709554115931,0.026442829933431413,0.017917187987930246,0.6519779761632284,0.132531162765291,0.0036174742142773336,0.00014647001969731518,0.734
3,120,uniform,sample_aware,0,0.5,0.5,0.5,0.24571879539224836,0.026300714040795963,0.01704550368918313,0.6548267801602682,0.1350906623734368,0.003464020788669586,0.00013445104317118725,0.7285
3,121,uniform,sample_aware,0,0.5,0.5,0.5,0.24533011184798348,0.0264942975093921,0.01800049137738016,0.6510447925991483,0.133789191643397,0.003726774774905708,0.000156527786101732,0.7305
3,122,uniform,sample_aware,0,0.5,0.5,0.5,0.24396515058146584,0.026160861262016825,0.016810549940499995,0.6503257552782694,0.1337939202785492,0.0041563130346023375,0.0001781676999396748,0.7255
3,123,uniform,sample_aware,0,0.5,0.5,0.5,0.24552956720193228,0.026817624146739643,0.01879292871389124,0.6457142233848572,0.13293514317936367,0.00465571844122476,0.00016919372137635946,0.729
3,124,uniform,sample_aware,0,0.5,0.5,0.5,0.24337288240591684,0.026157742366194725,0.01870316391189893,0.6388372778892517,0.1320673475662867,0.004931529776917564,0.0001902726491809719,0.7345
3,125,uniform,sample_aware,0,0.5,0.5,0.5,0.24305284023284912,0.02556627657678392,0.017705268433524504,0.6327811280886332,0.13399780127737257,0.004836170002818108,0.00017458655121218826,0.7315
3,126,uniform,sample_aware,0,0.5,0.5,0.5,0.2416652970843845,0.025591642699307866,0.017738054403000407,0.6379908521970113,0.132416276468171,0.004081132537167933,0.000159339080305977,0.7335
3,127,uniform,sample_aware,0,0.5,0.5,0.5,0.23946223159631094,0.026088464798198804,0.016275661169654794,0.6261147459348043,0.1321561187505722,0.004480782146048214,0.0001802449632022116,0.729
3,128,uniform,sample_aware,0,0.5,0.5,0.5,0.2455680767695109,0.026002743798825476,0.017793321671585243,0.6375235716501871,0.1358996762169732,0.004079973325133324,0.00015997695219185617,0.732
3,129,uniform,sample_aware,0,0.5,0.5,0.5,0.23901405268245274,0.025249024025268026,0.017292981242967978,0.6281570328606499,0.13169752889209324,0.003770700940448377,0.00014691644658644995,0.732
3,130,uniform,sample_aware,0,0.5,0.5,0.5,0.23719449506865609,0.026098886504769325,0.017435869098537497,0.6219370497597588,0.12978802621364594,0.003228290808490581,0.00012771959882229567,0.736
3,131,uniform,sample_aware,0,0.5,0.5,0.5,0.24307983948124778,0.026005254437526066,0.019501758325431082,0.622855994436476,0.1335520545641581,0.0033419231315039927,0.0001284244224532611,0.7275
3,132,uniform,sample_aware,0,0.5,0.5,0.5,0.24487300879425472,0.025709494534466002,0.022026269593172602,0.6201130482885573,0.1331442975335651,0.003813433357410961,0.00014985180718617307,0.733
3,133,uniform,sample_aware,0,0.5,0.5,0.5,0.24057914482222664,0.02488053672843509,0.018708712317877345,0.6226968897713555,0.13257838951216805,0.0041192602883610464,0.0001643795727027787,0.7285
3,134,uniform,sample_aware,0,0.5,0.5,0.5,0.24211909704738194,0.02438382080031766,0.01658597102181779,0.6219006578127543,0.13685433401001823,0.004044845105252332,0.0001649637965278493,0.7295
3,135,uniform,sample_aware,0,0.5,0.5,0.5,0.2358157386382421,0.025194517854187224,0.015538536633054415,0.6119080980618795,0.1317060887813568,0.00419134662176172,0.0001802278566174209,0.7375
3,136,uniform,sample_aware,0,0.5,0.5,0.5,0.23603317803806728,0.024663111194968224,0.01429640201644765,0.6098960902955797,0.13408273624049294,0.0038447055655221143,0.0001579308235603902,0.7335
3,137,uniform,sample_aware,0,0.5,0.5,0.5,0.23839568429523045,0.02457007041407956,0.0179490614682436,0.6064576307932535,0.13344292839368185,0.003436891103370322,0.0001388293199448122,0.739
3,138,uniform,sample_aware,0,0.5,0.5,0.5,0.2423970186048084,0.02506656779183282,0.024484251108434465,0.608521388636695,0.13006560338868034,0.003704080461627907,0.0001528319488796923,0.733
3,139,uniform,sample_aware,0,0.5,0.5,0.5,0.2541233003139496,0.025871755555272102,0.02849165288110574,0.6155547433429294,0.13598746226893532,0.004273893259879615,0.00016001353894049922,0.737
3,140,uniform,sample_aware,0,0.5,0.5,0.5,0.2530396216445499,0.02609944778184096,0.02977584530082014,0.6118124855889214,0.133398390478558,0.004990306475924121,0.00017907915429936515,0.7315
3,141,uniform,sample_aware,0,0.5,0.5,0.5,0.24559018346998426,0.024907080663575068,0.02548438910808828,0.6144704752498202,0.13125865326987374,0.004811794445332553,0.00017423601174313162,0.729
3,142,uniform,sample_aware,0,0.5,0.5,0.5,0.2486472444401847,0.024793166460262403,0.026581305803524122,0.6125574376848009,0.13344324628512064,0.004971930343243811,0.0001756384347875913,0.7325
3,143,uniform,sample_aware,0,0.5,0.5,0.5,0.2582894149753783,0.02567782128850619,0.03288086358871725,0.614097343550788,0.13564622071054247,0.005170091779695617,0.00017945745882267752,0.7335
3,144,uniform,sample_aware,0,0.5,0.5,0.5,0.2560776107841068,0.024869399352206126,0.03206596006121901,0.6154180963834127,0.13434448507097033,0.006298864932937754,0.0002130492228186793,0.7355
3,145,uniform,sample_aware,0,0.5,0.5,0.5,0.2567732979853948,0.025391466294725735,0.029363392955727048,0.6140084067980448,0.13734266493055555,0.006348940750790967,0.00020092866745673947,0.731
3,146,uniform,sample_aware,0,0.5,0.5,0.5,0.2477326128217909,0.02502823869387309,0.025183217806948557,0.6065365672111511,0.13351742260985905,0.0064991929361389745,0.00020095887076523568,0.735
3,147,uniform,sample_aware,0,0.5,0.5,0.5,0.24343247214953104,0.024235509542955294,0.024547616640726726,0.5981950296296014,0.13163349363538954,0.0062000262551009655,0.0001926669566374686,0.735
3,148,uniform,sample_aware,0,0.5,0.5,0.5,0.2538856698407067,0.024157577711674903,0.03156782810886701,0.6094794736968147,0.1342197077141868,0.0057779351870218916,0.00020728476940550737,0.7305
3,149,uniform,sample_aware,0,0.5,0.5,0.5,0.2522973683145311,0.024842127950655088,0.02900677877995703,0.5993184977107577,0.13506750762462616,0.006665936981638272,0.00023226575770725807,0.73
3,150,uniform,sample_aware,0,0.5,0.5,0.5,0.2519633521636327,0.023974044662382867,0.027926777799924214,0.6101806958516439,0.13590793311595917,0.006058315953446759,0.00021474204388343624,0.7355
3,151,uniform,sample_aware,0,0.5,0.5,0.5,0.24346323311328888,0.023600817554526858,0.023534155554241605,0.5997852616839938,0.1332779692278968,0.0059384761067728204,0.00020504975044685934,0.7345
3,152,uniform,sample_aware,0,0.5,0.5,0.5,0.24180036617649925,0.024246956118279032,0.024813178305824597,0.5919333100318909,0.1305505202876197,0.005787326850824886,0.00020543277625822357,0.7325
3,153,uniform,sample_aware,0,0.5,0.5,0.5,0.24352875020768908,0.023962398370107014,0.02253661656545268,0.5872233178880479,0.13539879686302608,0.0056231133122411035,0.00019409057373801866,0.738
3,154,uniform,sample_aware,0,0.5,0.5,0.5,0.24175868762864006,0.023695201716489263,0.023139196758468945,0.5821133653322855,0.13397370444403756,0.005298308407266934,0.00018017788210676776,0.733
3,155,uniform,sample_aware,0,0.5,0.5,0.5,0.23784954018063015,0.023818925437000062,0.01965469101236926,0.5844800273577372,0.13338996635542977,0.0049196843885713154,0.00015622098645609285,0.7325
3,156,uniform,sample_aware,0,0.5,0.5,0.5,0.23633739021089342,0.022989331227209833,0.020588456342617672,0.5789667963981628,0.132699868745274,0.004178498017912109,0.00014761244852302803,0.732
3,157,uniform,sample_aware,0,0.5,0.5,0.5,0.24262459576129913,0.024314848085244496,0.019606926581925817,0.5892075565126207,0.13766362766424814,0.004105707371814383,0.00013116819577084648,0.738
3,158,uniform,sample_aware,0,0.5,0.5,0.5,0.23781154718663958,0.022906398814585473,0.020210145144826837,0.5824015802807279,0.1345603714386622,0.0036587409105979735,0.00013019619897628823,0.73
3,159,uniform,sample_aware,0,0.5,0.5,0.5,0.23663610219955444,0.02290888109968768,0.019780355195204418,0.5793298416667514,0.1340320027536816,0.0038174288088662755,0.0001463303989213374,0.734
3,160,uniform,sample_aware,0,0.5,0.5,0.5,0.23500161038504708,0.022723498857683606,0.018576476102073986,0.5842640532387627,0.13335312406222025,0.003711272626080447,0.0001329393320096036,0.7345
3,161,uniform,sample_aware,0,0.5,0.5,0.5,0.2353042099210951,0.02311190114253097,0.01801331837972005,0.5778822302818298,0.13440153168307412,0.0038394522335794237,0.00013901207906504473,0.7335
3,162,uniform,sample_aware,0,0.5,0.5,0.5,0.23237302237086827,0.022549552015132375,0.018735379601518314,0.5728790495130751,0.1320144401656257,0.003445293857819504,0.00012619464865161313,0.734
3,163,uniform,sample_aware,0,0.5,0.5,0.5,0.23191561963823107,0.02275592668188943,0.01817015330824587,0.5724647972318861,0.13195200595590803,0.0034571086936112908,0.0001249945425014529,0.74
3,164,uniform,sample_aware,0,0.5,0.5,0.5,0.234006706211302,0.02303022353185548,0.01651883828971121,0.5706603394614326,0.13550768295923868,0.003626173957147532,0.0001416779705323279,0.7325
3,165,uniform,sample_aware,0,0.5,0.5,0.5,0.23261464635531107,0.023037684253520437,0.015541224947406186,0.5779400401645236,0.13433117998970878,0.003672581424729692,0.00014852504116586514,0.7325
3,166,uniform,sample_aware,0,0.5,0.5,0.5,0.22888762255509695,0.021405563379327457,0.015978583548631933,0.5725742512279086,0.13236786425113678,0.0036172812494138875,0.00013909622147265408,0.737
3,167,uniform,sample_aware,0,0.5,0.5,0.5,0.2311867674191793,0.022408678920732603,0.01649657233307759,0.5633521212471856,0.13394186231825086,0.0038649440846509403,0.00014393835509609844,0.737
3,168,uniform,sample_aware,0,0.5,0.5,0.5,0.23233348296748269,0.022886505350470543,0.01951238450904687,0.5630512966050042,0.13190563023090363,0.0033193764328542682,0.00012829747154480882,0.738
3,169,uniform,sample_aware,0,0.5,0.5,0.5,0.23546811938285828,0.023206831887364388,0.02006642147898674,0.5610794954829745,0.1343309978644053,0.0033766453723526662,0.0001351887476630509,0.733
3,170,uniform,sample_aware,0,0.5,0.5,0.5,0.23029587997330558,0.022376723173591826,0.017505512572824955,0.5616620514127943,0.13255310555299124,0.003261309815570712,0.00012735591735690832,0.7315
3,171,uniform,sample_aware,0,0.5,0.5,0.5,0.23336662517653572,0.022900328661004703,0.01762893133693271,0.5689187314775255,0.13417833381228977,0.0034115690117081008,0.00012274753276465667,0.74
3,172,uniform,sample_aware,0,0.5,0.5,0.5,0.23264214396476746,0.02247524613307582,0.017770292030440435,0.569363640414344,0.13355215224954817,0.003684280440211296,0.00013190362369641662,0.733
3,173,uniform,sample_aware,0,0.5,0.5,0.5,0.23738902807235718,0.02290636570089393,0.02290251085327731,0.567657470703125,0.13291797704166836,0.003659813664853573,0.00013303304634367427,0.731
3,174,uniform,sample_aware,0,0.5,0.5,0.5,0.24315262337525687,0.02270984711746375,0.027378480260570843,0.561573412683275,0.13472569319936964,0.004211359864307774,0.0001511692793832885,0.733
3,175,uniform,sample_aware,0,0.5,0.5,0.5,0.2403109868367513,0.022895533591508865,0.024007408155335322,0.5671413474612765,0.13441438145107693,0.004400270007964637,0.00015879360984803902,0.7345
3,176,uniform,sample_aware,0,0.5,0.5,0.5,0.24134779307577345,0.022975738677713606,0.02595106346739663,0.5704463720321655,0.13292892277240753,0.0047238097629613346,0.0001710425195698109,0.738
3,177,uniform,sample_aware,0,0.5,0.5,0.5,0.24251312017440796,0.02300974643892712,0.02322112230790986,0.5717195007536147,0.1364588820272022,0.005113368491745657,0.0001894685879556669,0.741
3,178,uniform,sample_aware,0,0.5,0.5,0.5,0.2387330879767736,0.022403420880436897,0.022943120863702562,0.56403163406584,0.13394279943572152,0.0058660681049029035,0.00021509934190867675,0.7345
3,179,uniform,sample_aware,0,0.5,0.5,0.5,0.2364645153284073,0.022311485269003443,0.024348229583766725,0.5560237103038363,0.13109078175491756,0.005985159219966995,0.00023813064520557722,0.7315
3,180,uniform,sample_aware,0,0.5,0.5,0.5,0.23738644354873234,0.021466786248816386,0.025315704858965345,0.5687319371435378,0.13075507680575052,0.0057103898790147566,0.00024097482673823833,0.736
3,181,uniform,sample_aware,0,0.5,0.5,0.5,0.24108362860149807,0.02250296850171354,0.026591362638605967,0.5603746308220757,0.1329875042041143,0.005694160082687934,0.00023450058264036974,0.733
3,182,uniform,sample_aware,0,0.5,0.5,0.5,0.2342990388472875,0.02245855972998672,0.02152739589413007,0.5518699685732523,0.13237160113122728,0.005303935872183906,0.00020503233988872834,0.739
3,183,uniform,sample_aware,0,0.5,0.5,0.5,0.2281239695019192,0.021292759105563164,0.01774637959897518,0.546906570593516,0.13196278611818948,0.004687668367599447,0.0001751051103282306,0.7315
3,184,uniform,sample_aware,0,0.5,0.5,0.5,0.22813652786943647,0.021574823806683224,0.017725522733396955,0.5516129599677192,0.131402850151062,0.004389059807484348,0.00015500595327466726,0.7395
3,185,uniform,sample_aware,0,0.5,0.5,0.5,0.22717113296190897,0.02109512210720115,0.017726470819777913,0.5462447537316216,0.1317503344681528,0.003808892694198423,0.0001405696578634282,0.737
3,186,uniform,sample_aware,0,0.5,0.5,0.5,0.22471015320883858,0.021603333867258497,0.01511012100511127,0.5481741494602628,0.1314499874909719,0.003320717744322287,0.00013786764530878927,0.735
3,187,uniform,sample_aware,0,0.5,0.5,0.5,0.22798614700635275,0.02219861394001378,0.017361667421129014,0.5414519442452325,0.1326905455854204,0.0030557401995691988,0.00012450680757562319,0.74
3,188,uniform,sample_aware,0,0.5,0.5,0.5,0.22721506820784676,0.02149486169219017,0.01726661767396662,0.5435065031051636,0.1323256492614746,0.003414781583059165,0.0001397861310073899,0.7325
3,189,uniform,sample_aware,0,0.5,0.5,0.5,0.22490955723656547,0.02122385510139995,0.016470806983609993,0.538968973689609,0.13136936558617485,0.00375858955602679,0.00013867077521151968,0.735
3,190,uniform,sample_aware,0,0.5,0.5,0.5,0.2284894370370441,0.02154151743484868,0.019869702350762155,0.5380769239531623,0.13139850894610086,0.003607687902533346,0.0001363467049991919,0.73
3,191,uniform,sample_aware,0,0.5,0.5,0.5,0.23889189627435473,0.022351871968971357,0.025395860895514488,0.5448204676310221,0.13466112977928585,0.0038490965962409973,0.00015288213035091758,0.739
3,192,uniform,sample_aware,0,0.5,0.5,0.5,0.23914465308189392,0.021912793525391154,0.027914891847305827,0.5495478179719713,0.1318213807211982,0.004888442293223407,0.00019317162999262413,0.739
3,193,uniform,sample_aware,0,0.5,0.5,0.5,0.23980417019791073,0.021386859317620594,0.025973048475053575,0.5591566562652588,0.13392248253027597,0.005012909105668466,0.0001993225370016363,0.7405
3,194,uniform,sample_aware,0,0.5,0.5,0.5,0.2416512370109558,0.02138671941227383,0.030782771814200614,0.5499601695272658,0.1317370053794649,0.005300581713931428,0.000196865475219157,0.7325
3,195,uniform,sample_aware,0,0.5,0.5,0.5,0.24397826194763184,0.021915485254592366,0.03168450999591085,0.5471952623791165,0.13282782667213017,0.005470153513467974,0.00019168363521910377,0.7385
3,196,uniform,sample_aware,0,0.5,0.5,0.5,0.23774652679761252,0.021714315232303407,0.028474059162868395,0.5432926681306627,0.13025729027059343,0.005735101954390605,0.00020808859133265086,0.739
3,197,uniform,sample_aware,0,0.5,0.5,0.5,0.23884695106082493,0.02160795343418916,0.027007888795600996,0.545837574534946,0.13285843200153774,0.005382243233422439,0.00019559599847222367,0.7335
3,198,uniform,sample_aware,0,0.5,0.5,0.5,0.24051668246587118,0.02182910508579678,0.028334479985965624,0.5495453476905823,0.13239185346497429,0.005784831734167205,0.00022858576590402258,0.7345
3,199,uniform,sample_aware,0,0.5,0.5,0.5,0.23406383229626548,0.021721621768342123,0.0231629175444444,0.5433919959598117,0.13179507354895273,0.005853009099761645,0.0002370248031285074,0.7315
3,200,uniform,sample_aware,0,0.5,0.5,0.5,0.23118465807702807,0.021598150332768757,0.02105707675218582,0.5392443471484714,0.13198853532473245,0.005030176188382838,0.00020274129929021,0.7325
4,1,uniform,sample_aware,0,0.5,0.5,0.5,2.5772032340367637,1.1223193671968248,0.8747581399373101,3.030642112096151,0.15998441974322,0.22478196024894714,0.009372258041467931,0.5796
4,2,uniform,sample_aware,0,0.5,0.5,0.5,1.7065794865290325,0.9178942971759372,0.28797268205218846,2.9363487561543784,0.15810112158457437,0.09397603943943977,0.003976917799769176,0.5936
4,3,uniform,sample_aware,0,0.5,0.5,0.5,1.326432877116733,0.7435480422443814,0.13185862865712908,2.740422487258911,0.1546693758832084,0.04270152644150787,0.0019275620579719543,0.6004
4,4,uniform,sample_aware,0,0.5,0.5,0.5,1.103327300813463,0.6041050950686137,0.08190448664956623,2.5693160163031683,0.1498834424548679,0.02007088375588258,0.0009344105233645274,0.5956
4,5,uniform,sample_aware,0,0.5,0.5,0.5,0.9601432085037231,0.5002774529986911,0.060556213474935956,2.4277911451127796,0.1510511338710785,0.010429726292689642,0.0005288532508226732,0.6044
4,6,uniform,sample_aware,0,0.5,0.5,0.5,0.8635009924570719,0.42601193984349567,0.04959521649612321,2.3551581700642905,0.14880554212464225,0.006743155782007509,0.00040179361692733236,0.6104
4,7,uniform,sample_aware,0,0.5,0.5,0.5,0.7880180345641242,0.3694946699672275,0.043433389316002526,2.288920905854967,0.1437972535689672,0.00449923578546279,0.0003020322118471894,0.6104
4,8,uniform,sample_aware,0,0.5,0.5,0.5,0.7311583227581449,0.3231583601898617,0.03851591174801191,2.2356591489579944,0.1440216021405326,0.00353236669777996,0.0002606913330964744,0.614
4,9,uniform,sample_aware,0,0.5,0.5,0.5,0.6823107467757331,0.28681132528516984,0.03463760722014639,2.172754897011651,0.1418511023124059,0.003212777173353566,0.0002576504937476582,0.6196
4,10,uniform,sample_aware,0,0.5,0.5,0.5,0.6464263598124186,0.2580159604549408,0.03208850593202644,2.1103267669677734,0.143687657184071,0.0029833237123158243,0.0002197730096264018,0.6192
4,11,uniform,sample_aware,0,0.5,0.5,0.5,0.6158368123902215,0.2371356040239334,0.032211973435348935,2.0679786602656045,0.13820627331733704,0.0027458034197075498,0.00022438151710149314,0.624
4,12,uniform,sample_aware,0,0.5,0.5,0.5,0.5866741604275174,0.21632963253392112,0.030362566519114707,2.002012570699056,0.13827422757943472,0.0027899345020867055,0.0002230187140715619,0.6276
4,13,uniform,sample_aware,0,0.5,0.5,0.5,0.562107589509752,0.19855553574032253,0.028002652443117566,1.9589205185572307,0.1381580200460222,0.0027817164858182273,0.00021695324297373494,0.6256
4,14,uniform,sample_aware,0,0.5,0.5,0.5,0.5427198873625861,0.18613363968001473,0.02754330945511659,1.9054729011323717,0.1371082862218221,0.002573201743264993,0.00020152466216435036,0.6292
4,15,uniform,sample_aware,0,0.5,0.5,0.5,0.5244349439938863,0.17213603026337093,0.027859988518887095,1.8763539128833346,0.1352800710333718,0.0028572793170395824,0.0001896439935080707,0.6328
4,16,uniform,sample_aware,0,0.5,0.5,0.5,0.5053230226039886,0.15818276007970175,0.026126414951350953,1.8356561528311834,0.13599750068452623,0.0027025645702249473,0.00019889063615765836,0.6416
4,17,uniform,sample_aware,0,0.5,0.5,0.5,0.49434740675820243,0.15250380171669853,0.025517634633514617,1.7898158497280545,0.135875071088473,0.002734818961471319,0.00020381889124918316,0.6396
4,18,uniform,sample_aware,0,0.5,0.5,0.5,0.47938059435950386,0.14159885545571646,0.025911828089091513,1.7577767372131348,0.13462624119387734,0.00274857971817255,0.0001834161165687773,0.6448
4,19,uniform,sample_aware,0,0.5,0.5,0.5,0.4630931152237786,0.13198955439858967,0.02511979080736637,1.7285621960957844,0.13165260354677835,0.0027517049262921014,0.00019821373280137777,0.6428
4,20,uniform,sample_aware,0,0.5,0.5,0.5,0.45369413163926864,0.12689205010732016,0.025375582691695955,1.683917972776625,0.1315962622563044,0.002690967715655764,0.00018590875616711046,0.6464
4,21,uniform,sample_aware,0,0.5,0.5,0.5,0.45153608587053085,0.12273342493507597,0.025481996022992663,1.6696896155675252,0.13481368290053475,0.002880201442167163,0.00019581989100616839,0.6544
4,22,uniform,sample_aware,0,0.5,0.5,0.5,0.4408890936109755,0.11555997530619304,0.02675845122171773,1.639164302084181,0.13305391205681694,0.002997781072432796,0.00020289153973054554,0.6516
4,23,uniform,sample_aware,0,0.5,0.5,0.5,0.4311513801415761,0.10902676151858436,0.02771041976908843,1.6116717259089153,0.13162935773531595,0.003039844204775161,0.00019549266693906652,0.6552
4,24,uniform,sample_aware,0,0.5,0.5,0.5,0.42180922958585954,0.10463564925723606,0.029422487649652693,1.560039268599616,0.13006486164198983,0.003173792450171378,0.00019082243347333538,0.6548
4,25,uniform,sample_aware,0,0.5,0.5,0.5,0.41565753685103524,0.09905401451720132,0.026692114770412445,1.5495528380076091,0.13318389157454172,0.0033525769702262348,0.00019188156066876318,0.6584
4,26,uniform,sample_aware,0,0.5,0.5,0.5,0.4030427667829726,0.09389923926856783,0.02506385578049554,1.517856412463718,0.1305958479642868,0.0032132622371945116,0.00018309376254263852,0.6564
4,27,uniform,sample_aware,0,0.5,0.5,0.5,0.39517327811982894,0.09086094796657562,0.024757580417725775,1.494544333881802,0.12828447504176033,0.0034405876778894,0.00019108055857941508,0.6604
4,28,uniform,sample_aware,0,0.5,0.5,0.5,0.3875152866045634,0.08623597439792421,0.024908481165766716,1.4556216796239216,0.12905003958278233,0.0033164664378596675,0.00020075280271056626,0.666
4,29,uniform,sample_aware,0,0.5,0.5,0.5,0.38306129972139996,0.08417270498143302,0.023148185056116845,1.4468614260355632,0.12936732669671377,0.003201624714872903,0.0001722571194275386,0.6648
4,30,uniform,sample_aware,0,0.5,0.5,0.5,0.3821078638235728,0.08143220593531926,0.024322877327601116,1.4288299083709717,0.13185970650778878,0.00304630259051919,0.00017384274785096446,0.6672
4,31,uniform,sample_aware,0,0.5,0.5,0.5,0.3743281364440918,0.07919551183780034,0.024305774312880304,1.3734507825639513,0.1317839589383867,0.003224062914442685,0.0001715553419974943,0.6676
4,32,uniform,sample_aware,0,0.5,0.5,0.5,0.3672280278470781,0.07601689381731881,0.023090461475981608,1.3710958295398288,0.12940728084908593,0.0030533717427816656,0.00015423452714458108,0.668
4,33,uniform,sample_aware,0,0.5,0.5,0.5,0.3658996323744456,0.07281761450899972,0.025366402748558257,1.3501995934380426,0.13096854752964443,0.0032726109752224553,0.0001816050369395978,0.6696
4,34,uniform,sample_aware,0,0.5,0.5,0.5,0.36121747891108197,0.07168669088019265,0.024952361153231725,1.3287194702360365,0.12998211052682665,0.0032851076943592895,0.00016363147490968308,0.6648
4,35,uniform,sample_aware,0,0.5,0.5,0.5,0.35411574443181354,0.06853905692696571,0.024878166822923556,1.311118139161004,0.1279071999920739,0.003198332463701566,0.00016066653835069801,0.6716
4,36,uniform,sample_aware,0,0.5,0.5,0.5,0.3531461026933458,0.06779631516999668,0.024823678450451955,1.2778940465715196,0.13101686206128862,0.0032636482113351426,0.00017603374241540828,0.6716
4,37,uniform,sample_aware,0,0.5,0.5,0.5,0.35005585352579754,0.06483906631668408,0.025707541447546747,1.2745510207282171,0.13038144177860683,0.003178719405291809,0.00016666452736697264,0.6756
4,38,uniform,sample_aware,0,0.5,0.5,0.5,0.3459601600964864,0.06401462480425835,0.02564330564604865,1.251538700527615,0.12946287128660414,0.0032029958286633096,0.00016797967125765153,0.678
4,39,uniform,sample_aware,0,0.5,0.5,0.5,0.3385187652375963,0.0604396698375543,0.025038155623608165,1.2246776686774359,0.1289426229066319,0.0031152492544303336,0.00014585145335230563,0.678
4,40,uniform,sample_aware,0,0.5,0.5,0.5,0.33608044849501717,0.0586908430688911,0.022074449807405472,1.2150861687130399,0.1322433352470398,0.00298779408654405,0.00013861338892537687,0.6792
4,41,uniform,sample_aware,0,0.5,0.5,0.5,0.3328005373477936,0.058550013022290334,0.027200440772705607,1.1903729173872206,0.12642712559964922,0.003024121073799001,0.00014722859486937523,0.676
4,42,uniform,sample_aware,0,0.5,0.5,0.5,0.3277556366390652,0.05706226370400853,0.023972556615869205,1.1752532190746732,0.12764234923654133,0.0029652483450869718,0.00014104614577566585,0.6808
4,43,uniform,sample_aware,0,0.5,0.5,0.5,0.3239443235927158,0.05592680018809107,0.022173177657855883,1.1536392370859783,0.12894556588596767,0.00291366135287616,0.00015605091013842158,0.6772
4,44,uniform,sample_aware,0,0.5,0.5,0.5,0.31964851087994045,0.05506258954604467,0.0224427276601394,1.1374890804290771,0.1269301101565361,0.002780140817372335,0.00014820226028354632,0.682
4,45,uniform,sample_aware,0,0.5,0.5,0.5,0.32288262579176163,0.05358786260088285,0.023555855163269572,1.130335357454088,0.13116698463757834,0.002932135352037019,0.00014465522771287296,0.6844
4,46,uniform,sample_aware,0,0.5,0.5,0.5,0.3131592373053233,0.05120159892572297,0.023222074119581118,1.1102963023715549,0.1262251842353079,0.002815692245753275,0.00014582011176066266,0.6844
4,47,uniform,sample_aware,0,0.5,0.5,0.5,0.31877516044510734,0.05031808382934994,0.02621330300139056,1.0984929535124037,0.13084874716069964,0.002950110317518314,0.0001413381089352899,0.6812
4,48,uniform,sample_aware,0,0.5,0.5,0.5,0.3165747556421492,0.051204422695769206,0.026099324847261112,1.0916958782407973,0.1284054716428121,0.0032366582761622137,0.0001552505289307899,0.6864
4,49,uniform,sample_aware,0,0.5,0.5,0.5,0.31651125682724846,0.05058884537882275,0.0290644947025511,1.0762695405218337,0.12727601908975178,0.0037531857120080125,0.0001566996280517843,0.6828
4,50,uniform,sample_aware,0,0.5,0.5,0.5,0.3123314413759444,0.04845367082291179,0.02806903628839387,1.0511058171590169,0.12858356204297808,0.004073500762590104,0.00015566910668793652,0.6844
4,51,uniform,sample_aware,0,0.5,0.5,0.5,0.3122069769435459,0.04913069307804108,0.026313786291413836,1.0440256463156805,0.13013442854086557,0.00427659068049656,0.00017440340404088298,0.688
4,52,uniform,sample_aware,0,0.5,0.5,0.5,0.3032440311378903,0.04735842595497767,0.022528983652591705,1.0301276180479262,0.12831033186780083,0.0038961842914836276,0.00017086846572864387,0.6812
4,53,uniform,sample_aware,0,0.5,0.5,0.5,0.3005127145184411,0.04602815997269419,0.021555768532885447,1.017302480008867,0.1294198532899221,0.0034117213346891934,0.00014565815864544775,0.6872
4,54,uniform,sample_aware,0,0.5,0.5,0.5,0.29849911398357815,0.04567699382702509,0.020678322555290327,1.0075675116644964,0.1297700372007158,0.0031041818567448193,0.00012983626867127087,0.6864
4,55,uniform,sample_aware,0,0.5,0.5,0.5,0.29296765393680996,0.04484349199467235,0.01949543837043974,0.9942503505282931,0.12769748104943168,0.002883612514576978,0.000128804305050936,0.6868
4,56,uniform,sample_aware,0,0.5,0.5,0.5,0.2967062493165334,0.044322176525990166,0.021254651041494474,0.9845093819830153,0.13120981719758776,0.0028195226202822393,0.0001178027660999861,0.6872
4,57,uniform,sample_aware,0,0.5,0.5,0.5,0.2904447151554955,0.043609391070074506,0.02164186102648576,0.9639168315463595,0.12725134856171078,0.002970731636095378,0.0001301391101959679,0.682
4,58,uniform,sample_aware,0,0.5,0.5,0.5,0.2908201780584123,0.04301581407586733,0.020814586637748614,0.9714726275867887,0.12834092477957407,0.0028782205449210275,0.0001249452729502486,0.6852
4,59,uniform,sample_aware,0,0.5,0.5,0.5,0.2875506281852722,0.04248528596427706,0.021369745747910604,0.9428443511327108,0.12778625885645548,0.0031192589344249833,0.0001305457359800736,0.6844
4,60,uniform,sample_aware,0,0.5,0.5,0.5,0.28660814629660714,0.04256451585226589,0.020617661169833608,0.9283274147245619,0.12884714785549375,0.003363353717658255,0.00012880173744633794,0.6856
4,61,uniform,sample_aware,0,0.5,0.5,0.5,0.2821587357256148,0.04108562279078695,0.01790890470147133,0.9328671230210198,0.12821550087796318,0.0032025189656350347,0.00012145772214151091,0.6876
4,62,uniform,sample_aware,0,0.5,0.5,0.5,0.28218357761700946,0.04040731448266241,0.01718292861349053,0.9255253473917643,0.1306087010436588,0.0027428692879362237,0.00012131625812293755,0.6872
4,63,uniform,sample_aware,0,0.5,0.5,0.5,0.27867987420823837,0.040360616313086614,0.01856489148404863,0.910621788766649,0.12726659079392752,0.0027290385009513963,0.00012215517280209396,0.6852
4,64,uniform,sample_aware,0,0.5,0.5,0.5,0.2789660526646508,0.039361261659198336,0.01851182637943162,0.903685086303287,0.12924037211471134,0.0028517507534060213,0.00011642269479731719,0.6888
4,65,uniform,sample_aware,0,0.5,0.5,0.5,0.2760300172699822,0.038698567698399224,0.021402956710921392,0.881304403146108,0.12638282941447365,0.0027129671846826873,0.0001174702774733305,0.6872
4,66,uniform,sample_aware,0,0.5,0.5,0.5,0.27657564481099445,0.038597827984227076,0.022585114257203207,0.8792630169126723,0.12579026404354307,0.0032185811756385695,0.00013370231156133942,0.6884
4,67,uniform,sample_aware,0,0.5,0.5,0.5,0.279189881351259,0.0393622252676222,0.022434291740258534,0.8702392511897616,0.1283839088347223,0.003812947827908728,0.00015810464457091357,0.6908
4,68,uniform,sample_aware,0,0.5,0.5,0.5,0.2778616083992852,0.03845929726958275,0.024830110785033967,0.8666471309132047,0.1257983139819569,0.004056210319201152,0.00016214611241593957,0.6868
4,69,uniform,sample_aware,0,0.5,0.5,0.5,0.277768353621165,0.03826767951250076,0.023252504567305248,0.8532162573602464,0.12884562048647138,0.004012802538151543,0.00014903146075084805,0.6856
4,70,uniform,sample_aware,0,0.5,0.5,0.5,0.2764818999502394,0.036831199294990964,0.02177570801642206,0.8539740840593973,0.13039298355579376,0.004005808590186967,0.0001634044779671563,0.6892
4,71,uniform,sample_aware,0,0.5,0.5,0.5,0.275278776884079,0.03701875772741106,0.02241959733267625,0.8436121741930643,0.1293429417742623,0.004094851979364951,0.0001776691383889152,0.6884
4,72,uniform,sample_aware,0,0.5,0.5,0.5,0.27306076221995884,0.036426214708222285,0.019362217229273584,0.835897359583113,0.131700176331732,0.003818406464738978,0.00014642581421261033,0.69
4,73,uniform,sample_aware,0,0.5,0.5,0.5,0.2641916506820255,0.03564253697792689,0.019538592961099412,0.8172920677396986,0.12552843160099453,0.0033721053041517735,0.00013364237060563432,0.6844
4,74,uniform,sample_aware,0,0.5,0.5,0.5,0.2716386914253235,0.036651903556452856,0.02504574466082785,0.8149486581484476,0.12677777310212454,0.0032094054751926,0.00012741559961189827,0.6916
4,75,uniform,sample_aware,0,0.5,0.5,0.5,0.2732815808720059,0.03560110926628113,0.024529294421275456,0.8116773764292399,0.12993445578548643,0.003943487044630779,0.00015447329496964812,0.692
4,76,uniform,sample_aware,0,0.5,0.5,0.5,0.2698626153998905,0.036241578973001905,0.020396931303872004,0.8145317567719353,0.129766293697887,0.0038524168129596445,0.0001568529729007019,0.6912
4,77,uniform,sample_aware,0,0.5,0.5,0.5,0.26558670070436263,0.034859405623541936,0.019589699390861724,0.8004857103029887,0.1292944840259022,0.003447803979118665,0.00014128411162851585,0.6884
4,78,uniform,sample_aware,0,0.5,0.5,0.5,0.26237595412466264,0.034235254344013005,0.01917828929920991,0.7983863486184014,0.1273177514473597,0.0034659923726899754,0.000146055704034451,0.6888
4,79,uniform,sample_aware,0,0.5,0.5,0.5,0.2617184387312995,0.034332929799954094,0.020768328466349177,0.7821271816889445,0.12684485067923865,0.0030012866999540064,0.00011792302312743332,0.6908
4,80,uniform,sample_aware,0,0.5,0.5,0.5,0.2580331977870729,0.03415925655927923,0.018599453899595473,0.7819947997728983,0.12560044394599068,0.002836543730356627,0.0001125852448037929,0.69
4,81,uniform,sample_aware,0,0.5,0.5,0.5,0.2579318616125319,0.03434295579791069,0.017509254523449473,0.7654567758242289,0.1281193188495106,0.0027200118121173647,0.00010929692588332627,0.6852
4,82,uniform,sample_aware,0,0.5,0.5,0.5,0.26427695486280656,0.03340451357265314,0.022645812274681196,0.7613877124256558,0.13058098985089195,0.002899693842563364,0.00011403809508515729,0.6912
4,83,uniform,sample_aware,0,0.5,0.5,0.5,0.26884621381759644,0.034175220049089856,0.025610042735934258,0.7741407553354899,0.12991123563713497,0.0033411464343468347,0.00013013366454591355,0.6912
4,84,uniform,sample_aware,0,0.5,0.5,0.5,0.2680428955290053,0.034436405532889895,0.027222680962748,0.7558046844270494,0.12880437986718285,0.0038510209415107965,0.00014688436123025086,0.6896
4,85,uniform,sample_aware,0,0.5,0.5,0.5,0.2654851840602027,0.03394554679592451,0.024836033996608522,0.7509739134046767,0.1292875111103058,0.00448367755032248,0.0001537327447699176,0.6912
4,86,uniform,sample_aware,0,0.5,0.5,0.5,0.26484988464249504,0.03335169371631411,0.02731679690380891,0.7481428119871352,0.12696200609207153,0.004649784829881456,0.00016041255245606104,0.6884
4,87,uniform,sample_aware,0,0.5,0.5,0.5,0.26709335380130345,0.03319625349508391,0.028205803492003016,0.7443430423736572,0.1289403099152777,0.004489074305941661,0.00014428510459967784,0.6892
4,88,uniform,sample_aware,0,0.5,0.5,0.5,0.26356438133451676,0.031660028215911656,0.02308872900903225,0.7421294583214654,0.13238717450035942,0.0042908659929202665,0.00014014472253620625,0.6944
4,89,uniform,sample_aware,0,0.5,0.5,0.5,0.2614344325330522,0.03216831593049897,0.0244612323327197,0.7308526171578301,0.1296061302224795,0.004087303946208622,0.00013967489616738426,0.6876
4,90,uniform,sample_aware,0,0.5,0.5,0.5,0.2576584286159939,0.031357383355498314,0.024589140795999102,0.7300102048450046,0.1264647220571836,0.004339448021103938,0.00015285641549982957,0.6912
4,91,uniform,sample_aware,0,0.5,0.5,0.5,0.2546873291333516,0.03132277189029588,0.022247422486543655,0.7198332018322415,0.12676768004894257,0.004566114033675856,0.00016616520264910327,0.6896
4,92,uniform,sample_aware,0,0.5,0.5,0.5,0.25727752182218766,0.03194418528841601,0.02290793487595187,0.7245793872409396,0.12742778162161508,0.004904444639881452,0.00017490635056876473,0.69
4,93,uniform,sample_aware,0,0.5,0.5,0.5,0.259396031498909,0.03187988781266742,0.022935083135962486,0.7118586897850037,0.13113788184192446,0.004375176090333197,0.00013944592663190432,0.6908
4,94,uniform,sample_aware,0,0.5,0.5,0.5,0.2545926554335488,0.031322579003042646,0.022149673766560025,0.7074582311842177,0.1282575304309527,0.004100317161323296,0.0001337750582024455,0.6928
4,95,uniform,sample_aware,0,0.5,0.5,0.5,0.25544238090515137,0.030548454572757084,0.022916040900680754,0.7092001040776571,0.12900415559609732,0.003975168957064549,0.0001322625127310554,0.6944
4,96,uniform,sample_aware,0,0.5,0.5,0.5,0.25522832738028634,0.030419150574339762,0.02568612082137002,0.695478638013204,0.1274784637822045,0.004056650964129303,0.0001367941602236695,0.6896
4,97,uniform,sample_aware,0,0.5,0.5,0.5,0.2533498687876595,0.031023333676987223,0.02440748115380605,0.6985293693012662,0.12595603449477089,0.004074928480096989,0.0001452245180391603,0.6896
4,98,uniform,sample_aware,0,0.5,0.5,0.5,0.2516071316268709,0.02990595396194193,0.023041361942887306,0.6984378960397508,0.12671078575981987,0.004068046627152298,0.00014243104831419059,0.6948
4,99,uniform,sample_aware,0,0.5,0.5,0.5,0.26367656389872235,0.03137624263763428,0.029558661704262097,0.701605134540134,0.13022566669517094,0.004544895866678821,0.00016605504788458347,0.6916
4,100,uniform,sample_aware,0,0.5,0.5,0.5,0.2556992918252945,0.03034726261264748,0.02597476128074858,0.6905518107944064,0.12804980079332987,0.004402507458710008,0.0001420484364239706,0.6916
4,101,uniform,sample_aware,0,0.5,0.5,0.5,0.2596186978949441,0.030547953935133085,0.028129175926248234,0.6858344144291348,0.12997709876961178,0.004613666795194149,0.00014837915336506235,0.69
4,102,uniform,sample_aware,0,0.5,0.5,0.5,0.251862989531623,0.030017534270882607,0.02455199385682742,0.6793291833665636,0.12705663012133706,0.004461803939193487,0.00014601556661849221,0.692
4,103,uniform,sample_aware,0,0.5,0.5,0.5,0.25570545593897503,0.03037734039955669,0.027158610729707613,0.6768981549474928,0.12812710967328814,0.0045473565761413835,0.00015780808947359523,0.69
4,104,uniform,sample_aware,0,0.5,0.5,0.5,0.2527363929483626,0.02954589554833041,0.023321420989102788,0.6769546998871697,0.12987268633312649,0.004453031708382898,0.0001488083313840131,0.6912
4,105,uniform,sample_aware,0,0.5,0.5,0.5,0.2471857104036543,0.029491180347071752,0.02247332139975495,0.6610287560356988,0.12677648580736584,0.004528721665135688,0.00015497230924665928,0.692
4,106,uniform,sample_aware,0,0.5,0.5,0.5,0.25078703628646004,0.029597183275553916,0.021333333311809435,0.6725196639696757,0.13052650375498664,0.004016711014426417,0.00013938427825147906,0.6928
4,107,uniform,sample_aware,0,0.5,0.5,0.5,0.3112794972128338,0.030373288525475398,0.08141852873894903,0.6674620774057176,0.12977120280265808,0.0057332006593545275,0.00020733951047683755,0.6964
4,108,uniform,sample_aware,0,0.5,0.5,0.5,0.30816096398565507,0.032354231302936874,0.06962813809514046,0.6864087714089288,0.13185597542259428,0.010979087091982365,0.00038439072280501324,0.6924
4,109,uniform,sample_aware,0,0.5,0.5,0.5,0.2830466760529412,0.03148847590718004,0.050145174066225685,0.6906520128250122,0.1264185773001777,0.01148110804044538,0.0003773831736503376,0.6956
4,110,uniform,sample_aware,0,0.5,0.5,0.5,0.2914080255561405,0.030577850424581103,0.057125805152787104,0.67974986632665,0.12987452248732248,0.011300197078122033,0.0004095343303763204,0.6964
4,111,uniform,sample_aware,0,0.5,0.5,0.5,0.27722269627783036,0.030398204922676086,0.04570451958311929,0.6747759183247884,0.1282036287917031,0.010550297072364224,0.0003272051884171863,0.6948
4,112,uniform,sample_aware,0,0.5,0.5,0.5,0.26315538585186005,0.028465321080552206,0.03531524000896348,0.6587397389941745,0.1285999831226137,0.009489080247779688,0.00031265222545092303,0.6968
4,113,uniform,sample_aware,0,0.5,0.5,0.5,0.252573635843065,0.028633342641923163,0.027048660028311942,0.6483529408772787,0.1282250334819158,0.007413600105792284,0.0002489966831894384,0.6948
4,114,uniform,sample_aware,0,0.5,0.5,0.5,0.24766288035445744,0.028133763207329646,0.024896902549597952,0.6427676214112176,0.12725908392005497,0.005987642436391777,0.0002050882386457589,0.6952
4,115,uniform,sample_aware,0,0.5,0.5,0.5,0.23974700603220198,0.027942813518974517,0.02039589774277475,0.6355101731088426,0.12510703255732855,0.005298171658068895,0.00020231567840609286,0.7004
4,116,uniform,sample_aware,0,0.5,0.5,0.5,0.24422969751887852,0.02765477779838774,0.02062237821519375,0.6366872125201755,0.1299134459760454,0.0045560321563647855,0.00018471348772032393,0.6952
4,117,uniform,sample_aware,0,0.5,0.5,0.5,0.23913212617238364,0.027648278201619785,0.018072301107976172,0.6312872701221042,0.12820087207688224,0.004009001784854465,0.00015488739720442228,0.694
4,118,uniform,sample_aware,0,0.5,0.5,0.5,0.23816183706124625,0.02679400146007538,0.017731709819700982,0.6322814027468363,0.12859980265299478,0.0034837860407100785,0.00013257962806771198,0.6944
4,119,uniform,sample_aware,0,0.5,0.5,0.5,0.23679542044798532,0.027036432176828384,0.017510169910060033,0.6258698635631137,0.12794303976827198,0.003298983262437913,0.00013859751116898324,0.698
4,120,uniform,sample_aware,0,0.5,0.5,0.5,0.23630012406243217,0.027087829179233976,0.01764855958107445,0.623698009385003,0.12768844266732535,0.002891551884305146,0.00011942937918421294,0.7016
4,121,uniform,sample_aware,0,0.5,0.5,0.5,0.2345725397268931,0.026676182945569355,0.01566372470309337,0.6192229390144348,0.12893764591879314,0.0026466386754893595,9.874890222110682e-05,0.6964
4,122,uniform,sample_aware,0,0.5,0.5,0.5,0.2328750474585427,0.026601139456033707,0.015637284455200035,0.6203844083680047,0.12741353859504065,0.0022853254857990476,8.396416928412186e-05,0.6996
4,123,uniform,sample_aware,0,0.5,0.5,0.5,0.23210885955227745,0.02593162821398841,0.0161738915161954,0.6258417897754245,0.12620102945301268,0.0023438914730730983,9.23641621031695e-05,0.7004
4,124,uniform,sample_aware,0,0.5,0.5,0.5,0.2320978045463562,0.02628982211980555,0.014965067721075483,0.6169806983735826,0.12790067162778643,0.002399951581739717,8.840249696125586e-05,0.698
4,125,uniform,sample_aware,0,0.5,0.5,0.5,0.23616478343804678,0.026505589278207883,0.015603111332489384,0.6152272423108419,0.13122355772389305,0.0025256998940474456,9.39018209464848e-05,0.696
4,126,uniform,sample_aware,0,0.5,0.5,0.5,0.23481911255253685,0.02651350696881612,0.019001396993796032,0.6129953198962741,0.12665332439872953,0.0026046746513909763,9.80208925385442e-05,0.7008
4,127,uniform,sample_aware,0,0.5,0.5,0.5,0.23843496044476828,0.02712493038011922,0.020862095057964325,0.6102049085828993,0.1279665297932095,0.0028118204273697403,0.00011000890905658404,0.6992
4,128,uniform,sample_aware,0,0.5,0.5,0.5,0.2451920724577374,0.025735674012038443,0.026814100229077868,0.6167559226353964,0.12910927583773932,0.003577535299377309,0.00013732224599354796,0.696
4,129,uniform,sample_aware,0,0.5,0.5,0.5,0.252119822634591,0.026784745562407706,0.033839367537034884,0.6116346849335564,0.12795764207839966,0.004593674714366595,0.00015551316189683147,0.6964
4,130,uniform,sample_aware,0,0.5,0.5,0.5,0.25932638843854267,0.026847219715515774,0.03454018860227532,0.6127867367532518,0.1335810191101498,0.005958803722427951,0.00019977279912887348,0.6944
4,131,uniform,sample_aware,0,0.5,0.5,0.5,0.25593167708979714,0.027071960891286533,0.03621175843808386,0.6137449145317078,0.12791507442792258,0.006503543299105432,0.00021325994101870392,0.702
4,132,uniform,sample_aware,0,0.5,0.5,0.5,0.25479858616987866,0.02716392133798864,0.035561189262403384,0.6040599147478739,0.12834839108917448,0.00643185924531685,0.0002063321298919618,0.6992
4,133,uniform,sample_aware,0,0.5,0.5,0.5,0.2520204765929116,0.026821383378571935,0.03501531316174401,0.6076416439480252,0.1259038680129581,0.00680410417003764,0.0002273868627121879,0.6952
4,134,uniform,sample_aware,0,0.5,0.5,0.5,0.25132174955474007,0.026506955217983987,0.028446977337201435,0.6097435686323378,0.13215294811460707,0.006277849897742271,0.00020316270335266987,0.6956
4,135,uniform,sample_aware,0,0.5,0.5,0.5,0.2688144064611859,0.02693238088654147,0.049418328743841916,0.6129302912288241,0.12813248154189852,0.00589395940510763,0.00018240742954528995,0.6944
4,136,uniform,sample_aware,0,0.5,0.5,0.5,0.2735558748245239,0.027193106503950223,0.052420796619521245,0.611968093448215,0.1290704392724567,0.00713386893686321,0.0002155627848373519,0.6984
4,137,uniform,sample_aware,0,0.5,0.5,0.5,0.25720688038402134,0.026763315209084086,0.03912924437059297,0.6049743294715881,0.12743999809026718,0.006548985787149932,0.00020479398598480556,0.6952
4,138,uniform,sample_aware,0,0.5,0.5,0.5,0.24862325357066262,0.02577040737701787,0.03117800855802165,0.6035270426008437,0.1282661027378506,0.005908767020122873,0.00020330235646623705,0.6972
4,139,uniform,sample_aware,0,0.5,0.5,0.5,0.242526532875167,0.025743179644147556,0.028634522731105488,0.5915788875685798,0.12615416116184658,0.005482680733419127,0.00019087526015937328,0.6924
4,140,uniform,sample_aware,0,0.5,0.5,0.5,0.24402548372745514,0.02559507493343618,0.024209773788849514,0.6005564332008362,0.1313172901670138,0.005485826068454319,0.00020957471052598622,0.7028
4,141,uniform,sample_aware,0,0.5,0.5,0.5,0.23737329741319022,0.025464277921451464,0.022282601437634893,0.5913338992330763,0.12773414121733773,0.005322746363364988,0.00019502346145196093,0.6992
4,142,uniform,sample_aware,0,0.5,0.5,0.5,0.23696129024028778,0.024929270148277283,0.019969192643960316,0.5865683224466112,0.13100982209046683,0.004634240435229408,0.00015810311823669408,0.6952
4,143,uniform,sample_aware,0,0.5,0.5,0.5,0.22879920568731096,0.024686629159582987,0.017714049874080554,0.5808769795629714,0.12624300685193804,0.003983309544208977,0.00015233356195191541,0.7008
4,144,uniform,sample_aware,0,0.5,0.5,0.5,0.23100747995906407,0.024665901230441198,0.016903729798893135,0.5776010354359945,0.12982887857490116,0.003565422906022933,0.000132313858355499,0.702
4,145,uniform,sample_aware,0,0.5,0.5,0.5,0.22608972589174905,0.02398418366081185,0.015116412192583084,0.5727623701095581,0.12816385924816132,0.0029922047009070716,0.00010586821655225422,0.6992
4,146,uniform,sample_aware,0,0.5,0.5,0.5,0.22357909546958077,0.024105094373226166,0.01406942918482754,0.5739005208015442,0.1266060397028923,0.0027035028259787294,0.00011344933106253545,0.6992
4,147,uniform,sample_aware,0,0.5,0.5,0.5,0.22276556160714892,0.024553327303793695,0.014223913041253885,0.569038470586141,0.1256946168012089,0.0026765260845422745,0.00010319416307740741,0.6972
4,148,uniform,sample_aware,0,0.5,0.5,0.5,0.22416456043720245,0.024702554361687765,0.01514294371008873,0.5652111371358236,0.12625617451137966,0.0029620263570298753,0.00012151845860191518,0.6992
4,149,uniform,sample_aware,0,0.5,0.5,0.5,0.23001646829975975,0.023977631289097998,0.01809471845626831,0.5736607511838278,0.12905727989143795,0.0029301513503823015,0.00011136948079284694,0.7
4,150,uniform,sample_aware,0,0.5,0.5,0.5,0.23042698038948906,0.024812059476971626,0.020316306087705824,0.5650380982293023,0.1272696488433414,0.0029460691795166996,0.00010425277287140489,0.6964
4,151,uniform,sample_aware,0,0.5,0.5,0.5,0.23558545774883694,0.0245206318795681,0.023777870668305293,0.5728442470232645,0.12824643320507473,0.0033863693113542264,0.0001258168550622132,0.702
4,152,uniform,sample_aware,0,0.5,0.5,0.5,0.23435685369703504,0.02409289363357756,0.0244630662103494,0.5752139621310763,0.12636803752846187,0.003681859001517296,0.00014106583290009035,0.6964
4,153,uniform,sample_aware,0,0.5,0.5,0.5,0.2399588574965795,0.024196616063515346,0.029340926764739886,0.5783640411165025,0.12630611658096313,0.004397259249041478,0.0001603305313943161,0.7
4,154,uniform,sample_aware,0,0.5,0.5,0.5,0.2438543736934662,0.02506793745689922,0.03196901993619071,0.569213244650099,0.12716133644183478,0.005279990120066537,0.0001895310383083092,0.6968
4,155,uniform,sample_aware,0,0.5,0.5,0.5,0.2352544383870231,0.024397462813390627,0.027116187744670443,0.5598804619577196,0.12501115020778444,0.0053015366817514105,0.00018164883497067622,0.7
4,156,uniform,sample_aware,0,0.5,0.5,0.5,0.2348812288708157,0.02442771734462844,0.021951079575551882,0.5707803037431505,0.12908878591325548,0.004520720543546809,0.00015052166741548313,0.7012
4,157,uniform,sample_aware,0,0.5,0.5,0.5,0.2318373421827952,0.023378922293583553,0.020527065214183595,0.570754435327318,0.12887070576349893,0.003836345807131794,0.00013406107124562064,0.7016
4,158,uniform,sample_aware,0,0.5,0.5,0.5,0.2292294916179445,0.024297605372137494,0.019859505403372977,0.5629027353392707,0.12683206962214577,0.003756710767952932,0.00014336658124294545,0.702
4,159,uniform,sample_aware,0,0.5,0.5,0.5,0.22668030361334482,0.023375434800982475,0.01927550219827228,0.5572917792532179,0.12585753285222584,0.00469731218698952,0.00018799480878644518,0.6968
4,160,uniform,sample_aware,0,0.5,0.5,0.5,0.2300452490647634,0.02337297983467579,0.02013465679354138,0.5576865010791354,0.1282654826839765,0.004816289628959364,0.00019067419796354242,0.6964
4,161,uniform,sample_aware,0,0.5,0.5,0.5,0.23149541517098746,0.024131168921788532,0.02041850301126639,0.5564947724342346,0.12864076925648582,0.005111479096942478,0.00019951196413280236,0.6996
4,162,uniform,sample_aware,0,0.5,0.5,0.5,0.22590717507733238,0.023324388803707227,0.01831846373776595,0.5517009430461459,0.12682067354520163,0.004385803670932849,0.00016130520574127635,0.704
4,163,uniform,sample_aware,0,0.5,0.5,0.5,0.22745476331975725,0.023681502375337813,0.017902391859226756,0.560397379928165,0.12781834933492872,0.0038735804717159933,0.00015198049368336797,0.7028
4,164,uniform,sample_aware,0,0.5,0.5,0.5,0.224651661184099,0.02328937604195542,0.016568269684082933,0.5553194085756937,0.1271405907140838,0.0040930636330611175,0.0001499007598290013,0.6984
4,165,uniform,sample_aware,0,0.5,0.5,0.5,0.22357287837399376,0.023057977772421308,0.016937266310883894,0.5498377879460653,0.1266125755177604,0.003814749549039536,0.0001478073924469451,0.7024
4,166,uniform,sample_aware,0,0.5,0.5,0.5,0.23826950788497925,0.023177159536215994,0.028536152922444873,0.5570993489689298,0.12893126987748676,0.0036836230558239752,0.00014634766719407507,0.6992
4,167,uniform,sample_aware,0,0.5,0.5,0.5,0.23448599874973297,0.0237433568884929,0.02567430730495188,0.5527023606830173,0.12792627430624431,0.003595891719063123,0.0001477551284349627,0.7
4,168,uniform,sample_aware,0,0.5,0.5,0.5,0.24890215694904327,0.02356708815528287,0.04192618756658501,0.5478923320770264,0.12664643840657341,0.0037956262369536692,0.00015079210667560497,0.6992
4,169,uniform,sample_aware,0,0.5,0.5,0.5,0.25588641895188224,0.024412419233057234,0.04540191632178095,0.5642687943246629,0.12690555221504635,0.005287338306920396,0.000191974893419279,0.6984
4,170,uniform,sample_aware,0,0.5,0.5,0.5,0.2576645877626207,0.024995151079363294,0.044800553056928843,0.5667146378093295,0.1277552710639106,0.006641775887045596,0.00024251778894621466,0.6988
4,171,uniform,sample_aware,0,0.5,0.5,0.5,0.2510389205482271,0.023967382808526356,0.0359524300114976,0.5665723813904656,0.13067545576228035,0.007289990937958161,0.00028283732374095253,0.7024
4,172,uniform,sample_aware,0,0.5,0.5,0.5,0.24411326977941725,0.02387630194425583,0.03383269450730748,0.5574743813938565,0.12723973972929847,0.006605816953298118,0.00022837339201942086,0.7088
4,173,uniform,sample_aware,0,0.5,0.5,0.5,0.2451929963297314,0.023118836598263845,0.034789797539512314,0.5542444454299079,0.12837821162409252,0.006757456912762589,0.00020595340497998727,0.7044
4,174,uniform,sample_aware,0,0.5,0.5,0.5,0.23758525649706522,0.023102290514442656,0.029843665659427643,0.5477568043602837,0.12628667387697431,0.006949076325529152,0.00020481765063272582,0.6988
4,175,uniform,sample_aware,0,0.5,0.5,0.5,0.24526138438118827,0.023405993564261332,0.03449232545163897,0.550474590725369,0.1288495875067181,0.006729182528538836,0.00020285071029017368,0.7012
4,176,uniform,sample_aware,0,0.5,0.5,0.5,0.23278582261668312,0.022646494002805814,0.027403039443824027,0.5443334910604689,0.1250008170803388,0.006417797619683875,0.00018644788199000887,0.7016
4,177,uniform,sample_aware,0,0.5,0.5,0.5,0.22933553324805367,0.02336538438167837,0.024508602710233793,0.5359475281503465,0.12513667013910082,0.005289728856749005,0.0001705179262595872,0.6984
4,178,uniform,sample_aware,0,0.5,0.5,0.5,0.22976241343551213,0.022045017116599612,0.023939497768878937,0.5397241976526048,0.12737632294495901,0.004697944348057111,0.00016037114740659794,0.7048
4,179,uniform,sample_aware,0,0.5,0.5,0.5,0.233125830690066,0.02251152859793769,0.026571631017658446,0.5371532970004611,0.12816252145502302,0.004196057510044839,0.00013358299879150258,0.6992
4,180,uniform,sample_aware,0,0.5,0.5,0.5,0.23804630670282576,0.02282446188231309,0.028841622380746737,0.5472337736023797,0.12934556437863243,0.00446726909528176,0.00015528996138729982,0.7052
4,181,uniform,sample_aware,0,0.5,0.5,0.5,0.23526257276535034,0.022830186204777822,0.027468072457445994,0.5440211296081543,0.12811075150966644,0.00473472165564696,0.00016817752556461428,0.6984
4,182,uniform,sample_aware,0,0.5,0.5,0.5,0.23389571242862278,0.02299179033272796,0.026374392211437225,0.5379823843638102,0.12821755641036564,0.004848450215326415,0.00017901885763017667,0.6988
4,183,uniform,sample_aware,0,0.5,0.5,0.5,0.2303159518374337,0.02273036539554596,0.023959980035821598,0.544206440448761,0.12687373989158207,0.004504824729843272,0.0001576169290476375,0.7004
4,184,uniform,sample_aware,0,0.5,0.5,0.5,0.23035485049088797,0.022213860932323668,0.02306672703060839,0.5324565900696648,0.12963220642672646,0.0042472338148703175,0.00014555271223394407,0.7016
4,185,uniform,sample_aware,0,0.5,0.5,0.5,0.22701525357034472,0.022687197145488527,0.020962320889035862,0.5352650019857619,0.12795801957448324,0.0036417127379940618,0.00012071331083360646,0.7044
4,186,uniform,sample_aware,0,0.5,0.5,0.5,0.22497204939524332,0.021926785301831033,0.019773580133914948,0.535874605178833,0.12792740513881048,0.0034043824610610804,0.00010925149157022436,0.7032
4,187,uniform,sample_aware,0,0.5,0.5,0.5,0.22233897944291434,0.022266781371500757,0.018580806545085378,0.5285640822516547,0.12705136173301274,0.0030683427531686095,9.890343062579632e-05,0.7008
4,188,uniform,sample_aware,0,0.5,0.5,0.5,0.2223333004448149,0.021888214473923046,0.01801224063254065,0.5235529144605001,0.12858470032612482,0.0028896440700110462,9.605440492224362e-05,0.7008
4,189,uniform,sample_aware,0,0.5,0.5,0.5,0.22142394052611458,0.02153805312183168,0.017244289111759927,0.5264578461647034,0.12854957663350636,0.0027963191063867677,9.615364898410108e-05,0.7048
4,190,uniform,sample_aware,0,0.5,0.5,0.5,0.2230676594707701,0.021588901057839394,0.017849273565742705,0.5380193061298795,0.1284044368399514,0.0027540238418926797,9.221310675558116e-05,0.702
4,191,uniform,sample_aware,0,0.5,0.5,0.5,0.21801069875558218,0.02208552902771367,0.016207041839758556,0.5273724860615201,0.12571212069855797,0.0024528247045560014,8.46964151908954e-05,0.7008
4,192,uniform,sample_aware,0,0.5,0.5,0.5,0.22240406274795532,0.021610478974050946,0.01627965716438161,0.5303628245989481,0.13021457609203127,0.0024481259752064943,7.800528288094534e-05,0.702
4,193,uniform,sample_aware,0,0.5,0.5,0.5,0.22044321397940317,0.021191430795523856,0.016943185900648434,0.5274611181683011,0.1279797214600775,0.0030657831941627795,9.974138164478872e-05,0.7044
4,194,uniform,sample_aware,0,0.5,0.5,0.5,0.2190069274769889,0.022138380962941382,0.015310225076973438,0.5242284205224779,0.12758903288178974,0.002992242005550199,0.00010065227979794145,0.7032
4,195,uniform,sample_aware,0,0.5,0.5,0.5,0.2175816943248113,0.021461875074439578,0.013702410687175062,0.5274897416432699,0.12831638505061468,0.0026180309812641805,8.606886775750254e-05,0.6984
4,196,uniform,sample_aware,0,0.5,0.5,0.5,0.21341895229286617,0.021792145859864023,0.013317222293052409,0.5160848564571805,0.12562635044256845,0.002078047436144617,7.144627549375097e-05,0.7056
4,197,uniform,sample_aware,0,0.5,0.5,0.5,0.21354416840606266,0.02127553067273564,0.012797154382699065,0.5178013741970062,0.12678493476576275,0.0017466359357866976,6.618479447853233e-05,0.6988
4,198,uniform,sample_aware,0,0.5,0.5,0.5,0.21178879837195078,0.021128274293409452,0.01374391011065907,0.5209149387147691,0.12397350867589314,0.0016424137478073437,6.080480913321177e-05,0.7036
4,199,uniform,sample_aware,0,0.5,0.5,0.5,0.21575289799107444,0.021623356267809868,0.014855244610872533,0.5141642093658447,0.1269834546579255,0.001683776797209349,6.506468505702085e-05,0.7036
4,200,uniform,sample_aware,0,0.5,0.5,0.5,0.22263690498140123,0.021212658948368497,0.017054383022089798,0.5212808913654752,0.13121027085516188,0.0019852734791735807,7.772740597526233e-05,0.7036
5,1,uniform,sample_aware,0,0.5,0.5,0.5,2.4679337210125394,1.1210692326227825,0.7833569274613283,2.885871860716078,0.15579193830490112,0.22826231602165434,0.009994676440126367,0.5703333333333334
5,2,uniform,sample_aware,0,0.5,0.5,0.5,1.5862361192703247,0.8722718622949388,0.24336191183990902,2.7305314011043973,0.149434765179952,0.09245551543103324,0.0037733569948209655,0.5903333333333334
5,3,uniform,sample_aware,0,0.5,0.5,0.5,1.240131590101454,0.6998507314258151,0.1194306794140074,2.522817505730523,0.1486019922627343,0.03835216433637672,0.0015806944575160742,0.5933333333333334
5,4,uniform,sample_aware,0,0.5,0.5,0.5,1.038620412349701,0.5730504327350192,0.0738400270541509,2.40097623401218,0.14192686478296915,0.018536623981263902,0.0008742315630014571,0.6003333333333334
5,5,uniform,sample_aware,0,0.5,0.5,0.5,0.9179613457785712,0.4861317773660024,0.05508738632003466,2.302196820576986,0.141471352842119,0.009592389170494344,0.0005099154012795123,0.5993333333333334
5,6,uniform,sample_aware,0,0.5,0.5,0.5,0.8285087876849704,0.4134838382403056,0.04622975571288003,2.2385975784725614,0.14195925825172,0.005575194747911559,0.0003771617129031155,0.6043333333333333
5,7,uniform,sample_aware,0,0.5,0.5,0.5,0.7619788116878934,0.3599794738822513,0.04053997041450606,2.186015499962701,0.14077276984850565,0.0038650722967253793,0.00030501574898759526,0.6043333333333333
5,8,uniform,sample_aware,0,0.5,0.5,0.5,0.7064871986707052,0.3146425717406803,0.03723084719644652,2.1454001002841525,0.1383846186929279,0.0031056771210084357,0.00027258502086624503,0.6073333333333333
5,9,uniform,sample_aware,0,0.5,0.5,0.5,0.6613760987917582,0.28176680041684043,0.034372719625631966,2.0749159124162464,0.13617381619082558,0.002862036150569717,0.00028029672749754455,0.6093333333333333
5,10,uniform,sample_aware,0,0.5,0.5,0.5,0.6324944363700019,0.254919676317109,0.03309975005686283,2.036754118071662,0.1393191549513075,0.0026900157228940064,0.0002708763026425408,0.617
5,11,uniform,sample_aware,0,0.5,0.5,0.5,0.6000219848420885,0.23023571074008942,0.032271028185884156,2.0053295956717596,0.13554581006368002,0.00261493221235772,0.0002580387453134689,0.616
5,12,uniform,sample_aware,0,0.5,0.5,0.5,0.5756775008307563,0.21163668400711483,0.030979997374945216,1.95130369398329,0.13649258679813808,0.002612717009873854,0.000262976358903365,0.6183333333333333
5,13,uniform,sample_aware,0,0.5,0.5,0.5,0.550696869691213,0.19417295687728459,0.030699609882301755,1.8964401086171467,0.13479579819573295,0.0025163637991580698,0.00025261832504636713,0.6183333333333333
5,14,uniform,sample_aware,0,0.5,0.5,0.5,0.5347237123383416,0.18121030926704407,0.030351529518763225,1.8703947067260742,0.13467176920837826,0.002648221173634132,0.00025308635344521864,0.6253333333333333
5,15,uniform,sample_aware,0,0.5,0.5,0.5,0.5208167367511325,0.17177417543199328,0.030733498848146863,1.8556625313229032,0.13121462033854592,0.002801751692055,0.0002546394243836403,0.624
5,16,uniform,sample_aware,0,0.5,0.5,0.5,0.5016591913170285,0.15719642407364315,0.030509624630212784,1.798708438873291,0.13259901934199864,0.002730171066812343,0.00023637129925191402,0.627
5,17,uniform,sample_aware,0,0.5,0.5,0.5,0.49020742376645404,0.14598289877176285,0.03256980785065227,1.7675911055670843,0.13347080846627554,0.002605802948690123,0.00024375794196708335,0.6296666666666667
5,18,uniform,sample_aware,0,0.5,0.5,0.5,0.47661027643415665,0.13644925339354408,0.031378551903698176,1.7353728612263997,0.1337876237101025,0.0026682994017998376,0.0002468104163805644,0.627
5,19,uniform,sample_aware,0,0.5,0.5,0.5,0.46674495604303146,0.13039530565341315,0.030096797479523554,1.723822659916348,0.13244017296367222,0.002615393760303656,0.00024544872576370835,0.6313333333333333
5,20,uniform,sample_aware,0,0.5,0.5,0.5,0.45233843061659074,0.12307520459095637,0.030978633504774835,1.6682767868041992,0.12996933360894522,0.0027421637593458095,0.00023298092289931246,0.633
5,21,uniform,sample_aware,0,0.5,0.5,0.5,0.4425562090343899,0.11572582605812284,0.03221743326220247,1.6554102765189276,0.12753135876523125,0.002834333520796564,0.0002467858398126231,0.639
5,22,uniform,sample_aware,0,0.5,0.5,0.5,0.4315257668495178,0.10909079429176119,0.030667335622840457,1.6245064073138766,0.12786515884929234,0.002674039556748337,0.00022962439753529098,0.6336666666666667
5,23,uniform,sample_aware,0,0.5,0.5,0.5,0.42635826269785565,0.10550688786639108,0.03126198177536329,1.6013645198610094,0.12792161189847523,0.002832246090595921,0.0002304216225941976,0.6403333333333333
5,24,uniform,sample_aware,0,0.5,0.5,0.5,0.41983237200313145,0.09921632127629386,0.03254558994538254,1.5658659272723727,0.12988619837496015,0.0029637448541406128,0.00023157747151950994,0.6393333333333333
5,25,uniform,sample_aware,0,0.5,0.5,0.5,0.41687359081374276,0.0967030053337415,0.033313276867071785,1.5479321479797363,0.13040407001972198,0.0030880378455751473,0.00023199064889922738,0.642
5,26,uniform,sample_aware,0,0.5,0.5,0.5,0.40619540214538574,0.08921360638406542,0.03389345481991768,1.519377178615994,0.12943161030610403,0.003195197011033694,0.00024281476443219517,0.6386666666666667
5,27,uniform,sample_aware,0,0.5,0.5,0.5,0.3945739269256592,0.08683526267608006,0.029341347929504182,1.5014577044381037,0.1265324337614907,0.003209015406254265,0.0002292200677200324,0.6413333333333333
5,28,uniform,sample_aware,0,0.5,0.5,0.5,0.39366130034128827,0.0849436769882838,0.03199267677134938,1.4716857406828139,0.12786001794868046,0.0031647080193377202,0.00022798230768077902,0.6423333333333333
5,29,uniform,sample_aware,0,0.5,0.5,0.5,0.3853547175725301,0.08031617022222942,0.03168272413313389,1.4537002113130357,0.1262380224135187,0.003280765428725216,0.00021477260937293371,0.644
5,30,uniform,sample_aware,0,0.5,0.5,0.5,0.3785298996501499,0.07790346609221564,0.02982359483010239,1.4224038124084473,0.12676416668626997,0.0033681688364595175,0.00022842813309075104,0.643
5,31,uniform,sample_aware,0,0.5,0.5,0.5,0.37200591299268937,0.07549196481704712,0.02841922516624133,1.401985724767049,0.12610451463196012,0.0033799175483485064,0.00020334426598209474,0.649
5,32,uniform,sample_aware,0,0.5,0.5,0.5,0.3683803975582123,0.07271759046448602,0.028773213633232646,1.3822900189293756,0.12695647279421488,0.0031857415257642665,0.00022248950942109028,0.6483333333333333
5,33,uniform,sample_aware,0,0.5,0.5,0.5,0.36399029029740226,0.06988778627581066,0.02782362513244152,1.3668266534805298,0.12789172761970097,0.0031871280839873683,0.0002218318016578754,0.6453333333333333
5,34,uniform,sample_aware,0,0.5,0.5,0.5,0.3554050823052724,0.06894263500968616,0.02519877627491951,1.336928923924764,0.12596196929613748,0.003015271129293574,0.00020233292727627687,0.6486666666666666
5,35,uniform,sample_aware,0,0.5,0.5,0.5,0.3541162179576026,0.06588053868876563,0.023348069025410548,1.3392249743143718,0.12941531754202312,0.0028990558348596096,0.00020053156832646992,0.651
5,36,uniform,sample_aware,0,0.5,0.5,0.5,0.344132618771659,0.06389305450850064,0.02399843020571603,1.3035652107662625,0.12445202883746889,0.0026873166983326278,0.00017784986024101576,0.6523333333333333
5,37,uniform,sample_aware,0,0.5,0.5,0.5,0.3461881809764438,0.06271983103619681,0.02393712827728854,1.289132038752238,0.12921428680419922,0.002623320531306995,0.00018413397224826945,0.6486666666666666
5,38,uniform,sample_aware,0,0.5,0.5,0.5,0.3433106707202064,0.06029194427861108,0.02312985145383411,1.2795708311928644,0.13055607842074501,0.002560314256697893,0.0001911038933839235,0.6526666666666666
5,39,uniform,sample_aware,0,0.5,0.5,0.5,0.333583222495185,0.05856088383330239,0.0214584418055084,1.25997081067827,0.12619461119174957,0.002562873970924152,0.0001815463377473255,0.653
5,40,uniform,sample_aware,0,0.5,0.5,0.5,0.3323484460512797,0.05893986961907811,0.021751320610443752,1.232298731803894,0.12713689605394998,0.0024044596486621434,0.00017649313667789102,0.6536666666666666
5,41,uniform,sample_aware,0,0.5,0.5,0.5,0.3275192379951477,0.05712904822495249,0.02191045031779342,1.216067565812005,0.12555401855044895,0.00247113396310144,0.00016680088204642138,0.6543333333333333
5,42,uniform,sample_aware,0,0.5,0.5,0.5,0.3248515460226271,0.05559483584430483,0.02229279652237892,1.1972209215164185,0.12587208466397393,0.0025715904258605507,0.0001678772904496226,0.657
5,43,uniform,sample_aware,0,0.5,0.5,0.5,0.32238632771703934,0.0541567744480239,0.022264407119817205,1.1894607411490545,0.12569224254952538,0.002483647627135118,0.00017001448820034662,0.6563333333333333
5,44,uniform,sample_aware,0,0.5,0.5,0.5,0.3214375211132897,0.05454666250281864,0.022174046685298283,1.172488318549262,0.12616286178429922,0.002449957032998403,0.0001602754216744668,0.6486666666666666
5,45,uniform,sample_aware,0,0.5,0.5,0.5,0.31456774804327226,0.05205702202187644,0.02392182292209731,1.1512808005015056,0.12210359672705333,0.002547989625276791,0.00016646817352415787,0.656
5,46,uniform,sample_aware,0,0.5,0.5,0.5,0.315355787674586,0.05237974433435334,0.023197789779967733,1.1301171647177801,0.12534974763790765,0.002670715485389034,0.00016287650861259963,0.6586666666666666
5,47,uniform,sample_aware,0,0.5,0.5,0.5,0.32030697332488167,0.050983616047435336,0.025693727657198906,1.1361031532287598,0.12851537764072418,0.0028366336547252205,0.0001712356784587933,0.6576666666666666
5,48,uniform,sample_aware,0,0.5,0.5,0.5,0.32152001063028973,0.050360355940130025,0.027133647352457047,1.1274070342381795,0.1294903920756446,0.0033910050988197327,0.00019879601637108458,0.6576666666666666
5,49,uniform,sample_aware,0,0.5,0.5,0.5,0.3145478500260247,0.04950071954064899,0.0255265465627114,1.1147426101896498,0.12625904546843636,0.0033920772839337587,0.00018247764091938734,0.6563333333333333
5,50,uniform,sample_aware,0,0.5,0.5,0.5,0.30744025773472256,0.04856077002154456,0.025301024317741394,1.07996576362186,0.1237917732861307,0.0033961180856244434,0.00018411765470066003,0.6563333333333333
5,51,uniform,sample_aware,0,0.5,0.5,0.5,0.3092355926831563,0.04770793476038509,0.025963342024220362,1.0710288551118639,0.12676110118627548,0.003223790554329753,0.00017685475500507487,0.6623333333333333
5,52,uniform,sample_aware,0,0.5,0.5,0.5,0.31099839011828107,0.04845264429847399,0.028243822356065113,1.0597212844424777,0.1265232471956147,0.003411916291548146,0.0002011781519589325,0.6583333333333333
5,53,uniform,sample_aware,0,0.5,0.5,0.5,0.31370922923088074,0.04645843058824539,0.030369519566496212,1.0518484777874417,0.1298733800649643,0.003464314905512664,0.0001817898333279623,0.659
5,54,uniform,sample_aware,0,0.5,0.5,0.5,0.3135683238506317,0.04628643600477113,0.03528589258591334,1.0412993166181777,0.12587271382411322,0.0038076122808787557,0.00017908407608047128,0.6603333333333333
5,55,uniform,sample_aware,0,0.5,0.5,0.5,0.3148660361766815,0.04654834005567762,0.0356444443265597,1.0308508608076308,0.12725086675749886,0.004480361990216706,0.00019422094596342908,0.6613333333333333
5,56,uniform,sample_aware,0,0.5,0.5,0.5,0.31084364652633667,0.0445759863489204,0.034456106937593885,1.0350974665747747,0.12591354962852266,0.004567835117793745,0.00020865983484933773,0.6586666666666666
5,57,uniform,sample_aware,0,0.5,0.5,0.5,0.3051517042848799,0.04530971538689402,0.031043187197711732,1.0141853557692633,0.12514258341656792,0.004286315499080552,0.00018904514662507508,0.661
5,58,uniform,sample_aware,0,0.5,0.5,0.5,0.2952913012769487,0.043597506566180125,0.029889037004775472,0.9875769019126892,0.12085363103283776,0.004185905576580101,0.00020095713100292615,0.659
5,59,uniform,sample_aware,0,0.5,0.5,0.5,0.2983595000372993,0.043275461014774114,0.027649055752489302,0.9901590545972189,0.12627690782149634,0.004086761166238123,0.00019757703153623475,0.6616666666666666
5,60,uniform,sample_aware,0,0.5,0.5,0.5,0.2953447500864665,0.042664705879158445,0.02682162034842703,0.9790521264076233,0.1259140877260102,0.003890296547777123,0.00018793671107333567,0.6633333333333333
5,61,uniform,sample_aware,0,0.5,0.5,0.5,0.2919406162367927,0.04250296329458555,0.02602071004609267,0.9627161622047424,0.12521783428059685,0.003686443799071842,0.0001685602150650488,0.6613333333333333
5,62,uniform,sample_aware,0,0.5,0.5,0.5,0.28846637739075554,0.042025421642594867,0.02484729637702306,0.9503875573476156,0.12477779885133107,0.0034029479138553143,0.00015125600879804956,0.6613333333333333
5,63,uniform,sample_aware,0,0.5,0.5,0.5,0.2878621253702376,0.04087098894847764,0.023630703075064555,0.9448730217085944,0.12721452365318933,0.0031659342089874875,0.00015128032019775774,0.6613333333333333
5,64,uniform,sample_aware,0,0.5,0.5,0.5,0.28388985329204136,0.04095055783788363,0.021745024662878778,0.933981458346049,0.12621941583024132,0.0030065816827118397,0.0001468453426948852,0.6626666666666666
5,65,uniform,sample_aware,0,0.5,0.5,0.5,0.2805855373541514,0.040573948373397194,0.021585333678457472,0.9126076234711541,0.12568099548419318,0.002823820544613732,0.0001451793941669166,0.6623333333333333
5,66,uniform,sample_aware,0,0.5,0.5,0.5,0.28185950054062736,0.04096485012107425,0.024224523454904556,0.9061734742588468,0.12448483871089087,0.002989546318228046,0.0001463451577971379,0.665
5,67,uniform,sample_aware,0,0.5,0.5,0.5,0.2835017873181237,0.04033727116054959,0.024335763934585784,0.9018518924713135,0.12711277604103088,0.0029132763027316993,0.00014830391672957275,0.663
5,68,uniform,sample_aware,0,0.5,0.5,0.5,0.284981154733234,0.04084703533185853,0.02337803567449252,0.898842798338996,0.12940310521258247,0.0027955745139883626,0.00014181710624446472,0.6636666666666666
5,69,uniform,sample_aware,0,0.5,0.5,0.5,0.2826418975989024,0.039498987711138196,0.024004251178767946,0.8916214439604018,0.1284009019533793,0.0029971499202979934,0.0001540667985359,0.6646666666666666
5,70,uniform,sample_aware,0,0.5,0.5,0.5,0.28752561079131234,0.039137423038482666,0.030640370522936184,0.8753420776791043,0.1283335420820448,0.0036027670527497926,0.00015735539555963542,0.6663333333333333
5,71,uniform,sample_aware,0,0.5,0.5,0.5,0.28939970003234017,0.03779537147945828,0.03163341350025601,0.880443274974823,0.12972894062598547,0.004219969113667806,0.00017531263357442286,0.661
5,72,uniform,sample_aware,0,0.5,0.5,0.5,0.2827497588263618,0.03855865200360616,0.028100850267542735,0.8730862670474582,0.12641376422511208,0.004555110095275773,0.00018062377219191857,0.6646666666666666
5,73,uniform,sample_aware,0,0.5,0.5,0.5,0.2799055808120304,0.03879881898562113,0.026407991018560197,0.8624526262283325,0.1263604826397366,0.004028357151481841,0.000157689921454423,0.6623333333333333
5,74,uniform,sample_aware,0,0.5,0.5,0.5,0.27955014175838894,0.0372765457464589,0.02734537919362386,0.8576130734549628,0.12709023969040978,0.0039776052451796,0.00017574249068275094,0.6616666666666666
5,75,uniform,sample_aware,0,0.5,0.5,0.5,0.28729115923245746,0.03714675456285477,0.03398203767008252,0.8548593189981248,0.1285330048865742,0.004110401858472162,0.00017645295398930708,0.6643333333333333
5,76,uniform,sample_aware,0,0.5,0.5,0.5,0.28988021943304276,0.03871933246652285,0.03970178485744529,0.8365334471066793,0.1251409782303704,0.005113208666443825,0.000216328053890417,0.6636666666666666
5,77,uniform,sample_aware,0,0.5,0.5,0.5,0.2886054217815399,0.036353562441137105,0.04038185833228959,0.8380644056532118,0.1252757062514623,0.005380589463230636,0.00019513051827541657,0.6606666666666666
5,78,uniform,sample_aware,0,0.5,0.5,0.5,0.29294801089498734,0.03911838266584608,0.03940119884080357,0.8352621727519565,0.12796244273583093,0.005665713145087163,0.00021381513215601444,0.6616666666666666
5,79,uniform,sample_aware,0,0.5,0.5,0.5,0.2889540096124013,0.03635522060924106,0.037038875536786184,0.8363863362206353,0.12859148449367946,0.0064229314836363,0.00023665894857711263,0.6603333333333333
5,80,uniform,sample_aware,0,0.5,0.5,0.5,0.28090523017777336,0.03656639034549395,0.033494013672073684,0.8166598081588745,0.12588288883368173,0.006369196085466279,0.0002227310000711845,0.6656666666666666
5,81,uniform,sample_aware,0,0.5,0.5,0.5,0.2849555578496721,0.036919464253717,0.03368237738807996,0.8182649744881524,0.12960510121451485,0.005627904242525498,0.00021631714318775467,0.6613333333333333
5,82,uniform,sample_aware,0,0.5,0.5,0.5,0.28113023440043133,0.036147053043047585,0.032148229993051954,0.8147274653116862,0.1285359337925911,0.005456586885783408,0.0001959585933946073,0.6643333333333333
5,83,uniform,sample_aware,0,0.5,0.5,0.5,0.2747788031895955,0.03567891609337595,0.028867302876379754,0.8038688831859164,0.1271029147836897,0.005269611357814736,0.00021594793846209845,0.6653333333333333
5,84,uniform,sample_aware,0,0.5,0.5,0.5,0.27008199360635543,0.03501397081547313,0.024325839140348963,0.8014920618798997,0.1281680232948727,0.0046434519915945,0.00020643943894861473,0.6656666666666666
5,85,uniform,sample_aware,0,0.5,0.5,0.5,0.2669857210583157,0.03439339084757699,0.022366244138942823,0.7871570653385587,0.12958504259586334,0.003694562784706553,0.0001560946887669464,0.6683333333333333
5,86,uniform,sample_aware,0,0.5,0.5,0.5,0.26375488109058803,0.034322138875722885,0.020051933411094878,0.7952766617139181,0.12803166856368384,0.003494056924763653,0.00014889288771276674,0.666
5,87,uniform,sample_aware,0,0.5,0.5,0.5,0.261155366897583,0.03392846220069461,0.02044634458919366,0.7782735493448045,0.12726744761069617,0.003225036948505375,0.00014647558176269135,0.6653333333333333
5,88,uniform,sample_aware,0,0.5,0.5,0.5,0.2691085934638977,0.03403806396656566,0.023612377958165273,0.7804856499036154,0.13183513780434927,0.0030180001631379128,0.00013090320862829685,0.665
5,89,uniform,sample_aware,0,0.5,0.5,0.5,0.26737448904249406,0.03386538537840048,0.026020358834001753,0.772012836403317,0.12854454500807655,0.003334599572958218,0.00015122717013582587,0.667
5,90,uniform,sample_aware,0,0.5,0.5,0.5,0.2603621582190196,0.034033832864628896,0.02412888656059901,0.7625117633077834,0.1238860429988967,0.003955962524438898,0.0001684588949299521,0.6656666666666666
5,91,uniform,sample_aware,0,0.5,0.5,0.5,0.26356221238772076,0.034443211224344045,0.023206065512365766,0.7546494868066576,0.12826448265049192,0.004190438815082113,0.0001765679399896827,0.6653333333333333
5,92,uniform,sample_aware,0,0.5,0.5,0.5,0.2641432649559445,0.034391880656282105,0.02675988876985179,0.74861654970381,0.126120216316647,0.0038465554049859443,0.00017268816655915644,0.668
5,93,uniform,sample_aware,0,0.5,0.5,0.5,0.25651518669393325,0.032796891406178474,0.023135507272349462,0.7390191025204129,0.12478658143017027,0.003632547721887628,0.0001560507225804031,0.6693333333333333
5,94,uniform,sample_aware,0,0.5,0.5,0.5,0.26118265589078266,0.03288776344723172,0.024220330433713064,0.7528025375472175,0.12699990471204123,0.003448143135756254,0.00014065341868748268,0.669
5,95,uniform,sample_aware,0,0.5,0.5,0.5,0.2587161858876546,0.03323863156967693,0.024575069753660098,0.7408509254455566,0.12498841020796034,0.00351110700931814,0.0001468699321978622,0.669
5,96,uniform,sample_aware,0,0.5,0.5,0.5,0.2586537301540375,0.03338344312376446,0.024709772732522752,0.7334731022516886,0.12550639195574653,0.0032809405949794585,0.0001327083446085453,0.6656666666666666
5,97,uniform,sample_aware,0,0.5,0.5,0.5,0.2641215357515547,0.033044852730300694,0.027960722852084372,0.7319074869155884,0.12809239824612936,0.0035204145177784893,0.00014520758607735237,0.669
5,98,uniform,sample_aware,0,0.5,0.5,0.5,0.2630227870411343,0.03327049894465341,0.0287266056984663,0.7304336627324423,0.12596703403525883,0.003873620932507846,0.00015694422957797846,0.6646666666666666
5,99,uniform,sample_aware,0,0.5,0.5,0.5,0.26365495721499127,0.03140758764412668,0.027750829027758703,0.7320080002148946,0.129463200767835,0.003522899364017778,0.00014217797433957458,0.6656666666666666
5,100,uniform,sample_aware,0,0.5,0.5,0.5,0.2592906057834625,0.032439683046605855,0.027257194535599813,0.7201135158538818,0.12557800114154816,0.0038428734987974167,0.00016588898789551522,0.6626666666666666
5,101,uniform,sample_aware,0,0.5,0.5,0.5,0.2623130679130554,0.03262040743397342,0.028803254788120587,0.7166859375105964,0.12690002388424343,0.0044497935515311025,0.00019178027287125587,0.665
5,102,uniform,sample_aware,0,0.5,0.5,0.5,0.2555597854985131,0.030808679345581267,0.025561522278520796,0.717117170492808,0.12533355835411283,0.004118738747719262,0.00016987347044050694,0.6666666666666666
5,103,uniform,sample_aware,0,0.5,0.5,0.5,0.2573955969678031,0.03162911430829101,0.025076863252454333,0.7127945952945285,0.12720735785033968,0.004234821768477559,0.00017077841847721074,0.6656666666666666
5,104,uniform,sample_aware,0,0.5,0.5,0.5,0.25684502389695907,0.03144505164689488,0.027853025537398126,0.7023395631048415,0.12522188905212614,0.004032593427432908,0.00014958973042666912,0.6643333333333333
5,105,uniform,sample_aware,0,0.5,0.5,0.5,0.260841965675354,0.03134928519527117,0.030273314151499007,0.7005080713166131,0.12702665560775334,0.004129965582655536,0.00015382762972472442,0.6656666666666666
5,106,uniform,sample_aware,0,0.5,0.5,0.5,0.26447086532910663,0.032124253610769905,0.03361154906451702,0.7003600663608975,0.12623809112442863,0.004714004695415497,0.00020793419874583682,0.6636666666666666
5,107,uniform,sample_aware,0,0.5,0.5,0.5,0.2645641664663951,0.030812406498524878,0.03506386735373073,0.6971580849753486,0.12548407084412044,0.006660405132505629,0.00031562516879704263,0.67
5,108,uniform,sample_aware,0,0.5,0.5,0.5,0.269160207774904,0.03216828985346688,0.03780838081406222,0.70045491721895,0.1252753527628051,0.007420201475421588,0.0003051816472887165,0.662
5,109,uniform,sample_aware,0,0.5,0.5,0.5,0.27383484774165684,0.031071009528305795,0.04362436797883776,0.6917552020814683,0.12648856391509375,0.006687534196923177,0.0002632354606046445,0.6683333333333333
5,110,uniform,sample_aware,0,0.5,0.5,0.5,0.27157044410705566,0.031728991203837924,0.04112886430488692,0.6914827492502,0.12588036474254397,0.007128893346008327,0.0002389920668469535,0.6646666666666666
5,111,uniform,sample_aware,0,0.5,0.5,0.5,0.27987449367841083,0.03264880387319459,0.04801367285350958,0.6974855727619595,0.12558541033003065,0.00751635396025247,0.00023974951667090258,0.6676666666666666
5,112,uniform,sample_aware,0,0.5,0.5,0.5,0.276364180776808,0.03179539760781659,0.04554207995533943,0.6837264961666532,0.12624525196022457,0.008509876413477791,0.00030771607352006767,0.667
5,113,uniform,sample_aware,0,0.5,0.5,0.5,0.27473223871654934,0.03172346452871958,0.04154031268424458,0.6882283753818936,0.12855994866953957,0.007898165896120999,0.00027317011133871146,0.665
5,114,uniform,sample_aware,0,0.5,0.5,0.5,0.2648950715859731,0.031044781001077756,0.03574332408607006,0.6804516050550673,0.12642689380380842,0.007026497015936507,0.00024332594411033724,0.6663333333333333
5,115,uniform,sample_aware,0,0.5,0.5,0.5,0.2661783794562022,0.031014871680074267,0.03589067256285085,0.6833446886804369,0.12747156040536034,0.006700579904847675,0.00023302871785644029,0.6643333333333333
5,116,uniform,sample_aware,0,0.5,0.5,0.5,0.26317694783210754,0.03141005544198884,0.03511636911167039,0.6720964047643874,0.1258748405509525,0.006874993650449647,0.0002570845794657038,0.667
5,117,uniform,sample_aware,0,0.5,0.5,0.5,0.2551656812429428,0.030586348432633612,0.03013462262849013,0.6586320797602335,0.125171084370878,0.006583996582776308,0.00023683679885127477,0.667
5,118,uniform,sample_aware,0,0.5,0.5,0.5,0.25900330477290684,0.029933147753278416,0.03192497127585941,0.6728252636061774,0.12692075305514866,0.005688637857221895,0.00019516645827227167,0.6683333333333333
5,119,uniform,sample_aware,0,0.5,0.5,0.5,0.2542886386315028,0.029786429264479213,0.027910464960667822,0.6627591384781731,0.12748516102631888,0.005463750308586491,0.00019758885415891805,0.6676666666666666
5,120,uniform,sample_aware,0,0.5,0.5,0.5,0.24386132260163626,0.02935103906525506,0.023212728194064565,0.6447696884473165,0.12429457075066036,0.004870493482384417,0.00018153308580319086,0.6686666666666666
5,121,uniform,sample_aware,0,0.5,0.5,0.5,0.2476771142747667,0.029208960218562022,0.020180483866069052,0.6533505717913309,0.13069835801919302,0.004339592427843147,0.00016892663875801695,0.67
5,122,uniform,sample_aware,0,0.5,0.5,0.5,0.24425237874190012,0.028044667715827625,0.021376084743274584,0.6515387031767104,0.12781685176822874,0.0035793632010204923,0.0001424372441963189,0.6676666666666666
5,123,uniform,sample_aware,0,0.5,0.5,0.5,0.24579794704914093,0.029083643936448626,0.02282546998725997,0.6504514349831475,0.12712457279364267,0.0033067859088381133,0.00013144637018235194,0.6686666666666666
5,124,uniform,sample_aware,0,0.5,0.5,0.5,0.24698903659979501,0.02929707533783383,0.024809705093503,0.6424050264888339,0.12680406785673565,0.003526948444131348,0.000148437458038744,0.667
5,125,uniform,sample_aware,0,0.5,0.5,0.5,0.2531098888980018,0.029101704557736714,0.03413232043385506,0.6415106124348111,0.12361155533128315,0.004061545943841338,0.00016494203333018554,0.6653333333333333
5,126,uniform,sample_aware,0,0.5,0.5,0.5,0.2655823528766632,0.03028144170012739,0.04219876146978802,0.6401016116142273,0.1262406880656878,0.005502108587986893,0.000200488708085484,0.665
5,127,uniform,sample_aware,0,0.5,0.5,0.5,0.27288998497856987,0.029525080488787755,0.045321223222547107,0.6495280530717638,0.1301269539528423,0.0057179621006879545,0.00020987795303679176,0.6666666666666666
5,128,uniform,sample_aware,0,0.5,0.5,0.5,0.2670294509993659,0.0291533081067933,0.042484612514575325,0.650421036614312,0.12722499006324345,0.0060204787490268545,0.00022841050910453,0.6626666666666666
5,129,uniform,sample_aware,0,0.5,0.5,0.5,0.2683389087518056,0.02990870177745819,0.03836469165980816,0.6505313449435763,0.13185514675246346,0.006077428917504019,0.00023703589492167035,0.6623333333333333
5,130,uniform,sample_aware,0,0.5,0.5,0.5,0.25380174153380924,0.0287086870521307,0.033641802353991404,0.6404284040133158,0.12458894732925627,0.0054509028688901,0.00018801722520341477,0.6653333333333333
5,131,uniform,sample_aware,0,0.5,0.5,0.5,0.2526917705933253,0.028332350154717762,0.029543333169486787,0.6383450163735284,0.12805933753649393,0.005612356381283866,0.0002321455718225075,0.6736666666666666
5,132,uniform,sample_aware,0,0.5,0.5,0.5,0.24204861455493504,0.027268759078449674,0.023677077144384384,0.6279993587070041,0.12597928444544473,0.004465761206423243,0.00018134182836446498,0.6683333333333333
5,133,uniform,sample_aware,0,0.5,0.5,0.5,0.23906955122947693,0.02773707504901621,0.02075135914815797,0.6327193842993842,0.12535928934812546,0.0037482564544512164,0.00015151893926991356,0.6683333333333333
5,134,uniform,sample_aware,0,0.5,0.5,0.5,0.23708013693491617,0.027798834774229262,0.020882410514685843,0.6206180188390944,0.12473745975229475,0.0030723678258558116,0.00012689314058257474,0.6706666666666666
5,135,uniform,sample_aware,0,0.5,0.5,0.5,0.23547264436880747,0.02665854949090216,0.01926414275334941,0.6189947989251878,0.12627516272995207,0.0026377576351579693,0.00011285570993398626,0.6706666666666666
5,136,uniform,sample_aware,0,0.5,0.5,0.5,0.24273052480485705,0.028303440660238266,0.021654290457566578,0.6232806510395474,0.12903571791119045,0.0027072219074600274,0.00011080899275839329,0.6703333333333333
5,137,uniform,sample_aware,0,0.5,0.5,0.5,0.2402871631913715,0.02738629426393244,0.022718496413694486,0.6164233485857645,0.12703782651159498,0.0028858695230964157,0.00011854706099256873,0.6673333333333333
5,138,uniform,sample_aware,0,0.5,0.5,0.5,0.23606477512253654,0.027615419692463346,0.02113499181965987,0.6090175906817118,0.12464888476663166,0.0033867836464196444,0.00014065678826429776,0.67
5,139,uniform,sample_aware,0,0.5,0.5,0.5,0.23830233845445845,0.026343399037917454,0.02131823677983549,0.6179341475168864,0.12685942649841309,0.003816565912630823,0.00015915352075050274,0.6723333333333333
5,140,uniform,sample_aware,0,0.5,0.5,0.5,0.23762478099928963,0.026581675228145387,0.02189185159901778,0.6070862478680081,0.1265021132098304,0.0037238639520688187,0.00015716404110814133,0.67
5,141,uniform,sample_aware,0,0.5,0.5,0.5,0.23609245320161185,0.02702474904557069,0.021468577906489372,0.6128519905938042,0.12445376730627483,0.0035749930733193955,0.00014532400786669718,0.6713333333333333
5,142,uniform,sample_aware,0,0.5,0.5,0.5,0.24358091255029043,0.027885230258107185,0.02673885805739297,0.6178976893424988,0.12512166218625176,0.0039256711800893145,0.0001651038441600071,0.6703333333333333
5,143,uniform,sample_aware,0,0.5,0.5,0.5,0.2629509021838506,0.02755138422879908,0.04438282652861542,0.6154344942834642,0.12710074252552456,0.0045579491804043455,0.00018704632141937813,0.667
5,144,uniform,sample_aware,0,0.5,0.5,0.5,0.2565070970190896,0.02794424154692226,0.038513499622543655,0.6109157668219672,0.12623374578025606,0.0052640494476589896,0.00018401392218139436,0.668
5,145,uniform,sample_aware,0,0.5,0.5,0.5,0.25837070412105984,0.027973211266928248,0.039808951732185155,0.6138677398363749,0.12626677751541138,0.005672581286893951,0.00019738412488044964,0.6663333333333333
5,146,uniform,sample_aware,0,0.5,0.5,0.5,0.25849100781811607,0.02799807323349847,0.04034049063920975,0.6150546471277872,0.1251985745297538,0.006672577932476997,0.00022422011372529797,0.6713333333333333
5,147,uniform,sample_aware,0,0.5,0.5,0.5,0.26471609042750466,0.02752054813835356,0.044609976932406425,0.6143257882859972,0.12750014000468785,0.007073509920802381,0.00023216443757216135,0.6633333333333333
5,148,uniform,sample_aware,0,0.5,0.5,0.5,0.2615518271923065,0.027485422583089933,0.04193087708618906,0.60854615105523,0.12748227351241642,0.0073531499235994285,0.00024411190922061601,0.6686666666666666
5,149,uniform,sample_aware,0,0.5,0.5,0.5,0.257508796122339,0.02751804267366727,0.04003891804152065,0.6071495943599277,0.1258151133855184,0.006615073575327794,0.00022845435240823362,0.6636666666666666
5,150,uniform,sample_aware,0,0.5,0.5,0.5,0.25584932333893246,0.027481412515044212,0.03719044145610598,0.6059866282675002,0.1272233078877131,0.006478674192395475,0.00023231518894640935,0.6686666666666666
5,151,uniform,sample_aware,0,0.5,0.5,0.5,0.24527459839979807,0.026054865784115262,0.03100517764687538,0.6015026039547391,0.1251837039987246,0.00555566589658459,0.00020551211976756653,0.6706666666666666
5,152,uniform,sample_aware,0,0.5,0.5,0.5,0.24203408426708645,0.027041144876016512,0.027981602690286107,0.5908321407106187,0.12538003590371874,0.00491309714400106,0.00018307736091729667,0.6683333333333333
5,153,uniform,sample_aware,0,0.5,0.5,0.5,0.23818480140633053,0.025664314420686826,0.023260851494140096,0.5956120954619514,0.12740307218498653,0.004432222288515832,0.0001584773870288498,0.674
5,154,uniform,sample_aware,0,0.5,0.5,0.5,0.24012495908472273,0.02596852473086781,0.022856013849377632,0.599499503771464,0.1291572286023034,0.004218483731771509,0.00016800154440311922,0.6676666666666666
5,155,uniform,sample_aware,0,0.5,0.5,0.5,0.23736277553770277,0.024868584134512477,0.02380647427505917,0.5975714657041762,0.12681214097473356,0.004083630680623982,0.00015323412501149706,0.6713333333333333
5,156,uniform,sample_aware,0,0.5,0.5,0.5,0.24284327030181885,0.026006848861773808,0.027114488805333774,0.5942322942945693,0.12823415795962015,0.003975970153179433,0.00015311807187067138,0.672
5,157,uniform,sample_aware,0,0.5,0.5,0.5,0.24578427937295702,0.026440600554148357,0.03365605427987046,0.5857569177945455,0.12487584269709057,0.004294435597128338,0.00017773621948435903,0.671
5,158,uniform,sample_aware,0,0.5,0.5,0.5,0.24999144342210558,0.025652467583616573,0.03668659490843614,0.5876994861496819,0.1262560495071941,0.005037042519284619,0.00021571557994724976,0.6713333333333333
5,159,uniform,sample_aware,0,0.5,0.5,0.5,0.2522316459152434,0.026578667884071667,0.03701067633099026,0.5876896977424622,0.1267545579208268,0.005993780524780353,0.00024376955116167665,0.668
5,160,uniform,sample_aware,0,0.5,0.5,0.5,0.2501090102725559,0.026465916799174413,0.03450660097102324,0.5893334017859565,0.12696425865093866,0.0062314583402540945,0.0002463115637915002,0.6716666666666666
5,161,uniform,sample_aware,0,0.5,0.5,0.5,0.24589649505085415,0.026890001777145598,0.03279150856865777,0.5839839975039164,0.12473234865400526,0.005934356970505582,0.0002341140190967255,0.666
5,162,uniform,sample_aware,0,0.5,0.5,0.5,0.24693416059017181,0.02558952197432518,0.03398112580180168,0.5887004401948717,0.12532350089814928,0.006117757306330734,0.00022217304730373953,0.675
5,163,uniform,sample_aware,0,0.5,0.5,0.5,0.24516660968462625,0.025624496241410572,0.032655988509456314,0.5896852281358507,0.12496686975161235,0.005686046866079171,0.00021542003378272057,0.6726666666666666
5,164,uniform,sample_aware,0,0.5,0.5,0.5,0.2490163114335802,0.026097899716761377,0.03622692347400718,0.5833963553110758,0.12567756490574944,0.005156768278943168,0.00019180874288496043,0.6686666666666666
5,165,uniform,sample_aware,0,0.5,0.5,0.5,0.25008617838223773,0.02556463662121031,0.03472154152890047,0.5873202946450975,0.12817481491300795,0.005583647638559341,0.00020267688927965032,0.6676666666666666
5,166,uniform,sample_aware,0,0.5,0.5,0.5,0.2465470615360472,0.025302400812506676,0.03208712943726116,0.5847419434123569,0.12775015417072508,0.005667196069326665,0.00019916458727998866,0.673
5,167,uniform,sample_aware,0,0.5,0.5,0.5,0.23966611259513432,0.026042756314078968,0.026411870080563758,0.5764774680137634,0.12695916328165266,0.005012009551541673,0.00019712947929898897,0.6683333333333333
5,168,uniform,sample_aware,0,0.5,0.5,0.5,0.23538561662038168,0.025106720626354218,0.02440114381412665,0.5760741432507833,0.12551351057158577,0.005274470067686505,0.00023918428794584342,0.6693333333333333
5,169,uniform,sample_aware,0,0.5,0.5,0.5,0.2409826483991411,0.02513513175977601,0.02683301332096259,0.5795601473914253,0.12755889859464434,0.006700717042096787,0.0002984656020998955,0.6723333333333333
5,170,uniform,sample_aware,0,0.5,0.5,0.5,0.2345644235610962,0.02584525549577342,0.022711666921774547,0.5682682792345682,0.12606329139735964,0.00595717809887396,0.0002775900453949968,0.671
5,171,uniform,sample_aware,0,0.5,0.5,0.5,0.23146392736170027,0.024935291666123603,0.021031635709934764,0.5697802702585856,0.1262281694346004,0.004413442686200142,0.00016815252860801088,0.6723333333333333
5,172,uniform,sample_aware,0,0.5,0.5,0.5,0.22895917130841148,0.02508881191412608,0.019813142716884613,0.5699950191709731,0.12496212787098354,0.004022309090942144,0.0001688646475991441,0.6736666666666666
5,173,uniform,sample_aware,0,0.5,0.5,0.5,0.22765010595321655,0.02482672491007381,0.02057137940492895,0.5593691070874532,0.12455152389076021,0.00338224355234868,0.00014488699121607674,0.671
5,174,uniform,sample_aware,0,0.5,0.5,0.5,0.22938635448614755,0.02509261274503337,0.018670534508095846,0.561634812090132,0.12767940676874584,0.003399290739455157,0.00016134541429993179,0.6746666666666666
5,175,uniform,sample_aware,0,0.5,0.5,0.5,0.22544535332255894,0.025033612011207476,0.017180583750208218,0.5605954991446601,0.1257030111220148,0.002811803404862682,0.00012539267643458315,0.6713333333333333
5,176,uniform,sample_aware,0,0.5,0.5,0.5,0.2399880803293652,0.025245090739594564,0.027958601713180542,0.5666868885358175,0.12864207724730173,0.0028311225533899334,0.00011612211690387792,0.6693333333333333
5,177,uniform,sample_aware,0,0.5,0.5,0.5,0.23331428402000004,0.024244107512964144,0.024721218273043633,0.5608455538749695,0.1264364073673884,0.0035092764171875184,0.00014670843180889884,0.673
5,178,uniform,sample_aware,0,0.5,0.5,0.5,0.23450734383530086,0.024577222143610317,0.024817106624444325,0.5616903702418009,0.12715302490525776,0.0034474303894158867,0.00013447276109622585,0.671
5,179,uniform,sample_aware,0,0.5,0.5,0.5,0.23380374908447266,0.02403738246195846,0.02677683263189263,0.5603581137127347,0.12498293651474847,0.003797112964093685,0.00014446451354564892,0.6703333333333333
5,180,uniform,sample_aware,0,0.5,0.5,0.5,0.23727525770664215,0.02494509331882,0.026672510637177363,0.5621877246432834,0.12736145655314127,0.004003746616136696,0.00015109421090326377,0.6776666666666666
5,181,uniform,sample_aware,0,0.5,0.5,0.5,0.23326375749376085,0.025382855493161414,0.02314781418277158,0.56486005253262,0.12613673508167267,0.004062513122335076,0.00015817716484889388,0.6726666666666666
5,182,uniform,sample_aware,0,0.5,0.5,0.5,0.23087982833385468,0.02444420610037115,0.021938159440954525,0.5583309332529703,0.12645218604140812,0.0042664731283568675,0.00015789926854065724,0.6706666666666666
5,183,uniform,sample_aware,0,0.5,0.5,0.5,0.23084312511814964,0.024821285986238055,0.022407348164253764,0.5518230133586459,0.12610746340619194,0.004483117618494564,0.00016633684410610132,0.672
5,184,uniform,sample_aware,0,0.5,0.5,0.5,0.23037824034690857,0.023903392255306244,0.020613161019153066,0.5611556106143527,0.12737620456351173,0.004570679894338052,0.00016915824704079164,0.6706666666666666
5,185,uniform,sample_aware,0,0.5,0.5,0.5,0.22793166173828971,0.02335754181775782,0.019905162147349782,0.5574770834710863,0.12626714756091437,0.005116590764373541,0.0001916097567623688,0.6733333333333333
5,186,uniform,sample_aware,0,0.5,0.5,0.5,0.228258083264033,0.024835328468018107,0.019807988156874973,0.5523394147555033,0.12587784065140617,0.004815934639838006,0.00019002964513169395,0.671
5,187,uniform,sample_aware,0,0.5,0.5,0.5,0.22763807906044853,0.024504671701126628,0.02103882986638281,0.5477910174263848,0.12509079029162726,0.004279829691060715,0.00016953992114091912,0.6686666666666666
5,188,uniform,sample_aware,0,0.5,0.5,0.5,0.23225791917906868,0.023973466621504888,0.024756862885422178,0.5550039344363742,0.12601768804921043,0.0038663692410207456,0.0001526485171376003,0.6733333333333333
5,189,uniform,sample_aware,0,0.5,0.5,0.5,0.2309043440553877,0.024471917293137975,0.023051888371507328,0.5450125601556566,0.12702658772468567,0.0035622381191286775,0.00014316153505610095,0.669
5,190,uniform,sample_aware,0,0.5,0.5,0.5,0.2356903933816486,0.02359051526420646,0.02728647304077943,0.5555958946545919,0.12696264684200287,0.004404519270691607,0.0001778139913868573,0.674
5,191,uniform,sample_aware,0,0.5,0.5,0.5,0.23656904366281298,0.024072238761517737,0.027873917793234188,0.5554597642686632,0.12690116382307476,0.004190757249792417,0.00016073718304849334,0.6726666666666666
5,192,uniform,sample_aware,0,0.5,0.5,0.5,0.23542006644937727,0.023697204887866974,0.027492584453688726,0.55097054110633,0.12665674007601208,0.004751629765248961,0.0002013290844236811,0.67
5,193,uniform,sample_aware,0,0.5,0.5,0.5,0.23092657162083519,0.02455817059510284,0.02455375591913859,0.5483290354410807,0.12466176433695687,0.00445907764757673,0.00018088321667164564,0.6726666666666666
5,194,uniform,sample_aware,0,0.5,0.5,0.5,0.23126200338204703,0.0243979146083196,0.0235476473139392,0.5427533984184265,0.12700595292780134,0.0039200623157537645,0.00015024105474973717,0.673
5,195,uniform,sample_aware,0,0.5,0.5,0.5,0.22780787613656786,0.02354198797709412,0.02196793134013812,0.5463632411426969,0.12590760406520632,0.0033706648068295587,0.0001373944428956343,0.6706666666666666
5,196,uniform,sample_aware,0,0.5,0.5,0.5,0.22667912476592594,0.023474857004152402,0.02050836156639788,0.5449450347158644,0.12656336029370627,0.003144878764740295,0.00013120688446280028,0.6726666666666666
5,197,uniform,sample_aware,0,0.5,0.5,0.5,0.2250744385851754,0.023908640982376203,0.02017121844821506,0.5363317065768771,0.1257394543952412,0.0031176327417294183,0.00012627709656953812,0.6706666666666666
5,198,uniform,sample_aware,0,0.5,0.5,0.5,0.22499713632795545,0.024217129167583253,0.02107575039068858,0.5412485864427354,0.12404252340396245,0.002950163661605782,0.0001235848823044863,0.6716666666666666
5,199,uniform,sample_aware,0,0.5,0.5,0.5,0.2355756014585495,0.02379247463411755,0.032690058979723186,0.5468435221248202,0.12272216627995174,0.0032388838784148297,0.00013421016046777368,0.6706666666666666
5,200,uniform,sample_aware,0,0.5,0.5,0.5,0.23556960953606498,0.02400002007683118,0.02885672077536583,0.5398705138100518,0.12661390089326435,0.004060061131086614,0.00016377139965900115,0.6676666666666666
6,1,uniform,sample_aware,0,0.5,0.5,0.5,2.727738274468316,1.1204023891025119,1.0561382074035162,2.776013639238146,0.1441895216703415,0.24802748693360221,0.01078604974059595,0.5451428571428572
6,2,uniform,sample_aware,0,0.5,0.5,0.5,1.6996536519792345,0.8876466817326016,0.3329427010483212,2.7803235318925648,0.14215253624651167,0.11315783444378111,0.004600942988569538,0.5797142857142857
6,3,uniform,sample_aware,0,0.5,0.5,0.5,1.2729965051015217,0.7038155463006761,0.15807989653613833,2.4988802009158664,0.13737889130910239,0.045767567637893886,0.0019006808288395405,0.5802857142857143
6,4,uniform,sample_aware,0,0.5,0.5,0.5,1.0412317978011236,0.5654890338579813,0.09786965284082624,2.303211953904894,0.13636314041084713,0.021323025019632444,0.0010545125050056311,0.5834285714285714
6,5,uniform,sample_aware,0,0.5,0.5,0.5,0.8995735049247742,0.47501595815022785,0.06758635739485423,2.189557022518582,0.13214642140600416,0.011176522510747114,0.0005616418525783552,0.5871428571428572
6,6,uniform,sample_aware,0,0.5,0.5,0.5,0.8034106492996216,0.40307338370217216,0.054838372187481985,2.115622387992011,0.13056623604562548,0.006362140489121278,0.0003786751832295623,0.5851428571428572
6,7,uniform,sample_aware,0,0.5,0.5,0.5,0.7354964349004958,0.34765175316068864,0.046696200138992734,2.0744124253590903,0.13149861825837028,0.0041317372686333126,0.00028547021793201566,0.588
6,8,uniform,sample_aware,0,0.5,0.5,0.5,0.6824605133798387,0.3035069637828403,0.04334665503766802,2.027098443773058,0.1312190145254135,0.003085250552329752,0.00027079974016588595,0.586
6,9,uniform,sample_aware,0,0.5,0.5,0.5,0.6376135945320129,0.272170043653912,0.038938536412186094,1.9598077800538805,0.12895818634165657,0.0028676663835843406,0.0002644713968038559,0.5857142857142857
6,10,uniform,sample_aware,0,0.5,0.5,0.5,0.6040421459409926,0.24826261401176453,0.037004676130082875,1.9163347085316975,0.1257135288582908,0.0026217312293334138,0.00023399317352515127,0.5894285714285714
6,11,uniform,sample_aware,0,0.5,0.5,0.5,0.5725282298194038,0.2220903668138716,0.03450120323234134,1.878361185391744,0.1267430004146364,0.0024685124970144695,0.0002465372348928617,0.592
6,12,uniform,sample_aware,0,0.5,0.5,0.5,0.5447225835588243,0.20243121021323734,0.0339233200583193,1.8326532575819228,0.12376940250396729,0.002435825066640973,0.00023081898042518232,0.594
6,13,uniform,sample_aware,0,0.5,0.5,0.5,0.5214462478955587,0.18649774624241722,0.031900536061988935,1.7845477395587497,0.12328409651915233,0.002392302474213971,0.00022588013153937127,0.5974285714285714
6,14,uniform,sample_aware,0,0.5,0.5,0.5,0.5059554974238077,0.17536168297131857,0.030692649591300223,1.7462120983335707,0.12396093623505698,0.002413036638042993,0.00022498842251176635,0.6
6,15,uniform,sample_aware,0,0.5,0.5,0.5,0.48459576567014057,0.16057574252287546,0.029507438755697675,1.716037220425076,0.12166454229089949,0.002282252405873603,0.00020637343146113885,0.6028571428571429
6,16,uniform,sample_aware,0,0.5,0.5,0.5,0.4792242579989963,0.1562714378039042,0.030073306419783168,1.6929882102542453,0.12230238484011756,0.0023242943247573245,0.00023229734506458044,0.6014285714285714
6,17,uniform,sample_aware,0,0.5,0.5,0.5,0.4644596245553758,0.1439505848619673,0.030071591544482443,1.658220714992947,0.12338786986139086,0.0022449417867594296,0.00021006212854343984,0.6034285714285714
6,18,uniform,sample_aware,0,0.5,0.5,0.5,0.4506240387757619,0.1336975321173668,0.03023792120317618,1.61965987417433,0.12345846245686214,0.002322172021700276,0.00020607707685687475,0.6065714285714285
6,19,uniform,sample_aware,0,0.5,0.5,0.5,0.4362126025888655,0.12583822508653006,0.03014312953584724,1.586047437455919,0.12040614585081737,0.0022422709088358614,0.00019843277469691302,0.604
6,20,uniform,sample_aware,0,0.5,0.5,0.5,0.4284686744213104,0.12061114940378401,0.029593814371360674,1.5603214104970295,0.120927847094006,0.0024077220199008784,0.00019971474022087123,0.6071428571428571
6,21,uniform,sample_aware,0,0.5,0.5,0.5,0.417405323849784,0.11356661634312736,0.027999153153763875,1.542447805404663,0.1203429392642445,0.002307137655508187,0.00019651255570352077,0.608
6,22,uniform,sample_aware,0,0.5,0.5,0.5,0.40782620509465534,0.10860506859090593,0.026864088864790067,1.5083225435680814,0.1202905277411143,0.0022706856640676656,0.00019786470026398698,0.6105714285714285
6,23,uniform,sample_aware,0,0.5,0.5,0.5,0.4021229710843828,0.10401810208956401,0.026760694674319692,1.4969267580244277,0.1204253915283415,0.0022595501504838467,0.00019265548972826864,0.612
6,24,uniform,sample_aware,0,0.5,0.5,0.5,0.3940787977642483,0.09943562166558371,0.026842059567570686,1.467042154735989,0.11988577163881725,0.002233214960950944,0.0001890423914624585,0.6114285714285714
6,25,uniform,sample_aware,0,0.5,0.5,0.5,0.3879538807604048,0.09493738992346658,0.028030792251229286,1.4346247911453247,0.12023738771677017,0.0023877534549683332,0.00018390865039287342,0.612
6,26,uniform,sample_aware,0,0.5,0.5,0.5,0.3831264509095086,0.0913326342900594,0.02820662595331669,1.4122537639405992,0.12105731086598502,0.0024155937652621004,0.00019341530019624365,0.6154285714285714
6,27,uniform,sample_aware,0,0.5,0.5,0.5,0.36950594849056667,0.08501457009050581,0.02614398052295049,1.384805613093906,0.11857595874203576,0.0023975695431646374,0.00018416857993644144,0.6134285714285714
6,28,uniform,sample_aware,0,0.5,0.5,0.5,0.37036385469966465,0.0847372238834699,0.026667979235450428,1.3695108493169148,0.1207232019967503,0.002373228625704845,0.00019548502880045108,0.6157142857142858
6,29,uniform,sample_aware,0,0.5,0.5,0.5,0.3594603141148885,0.07989292177889082,0.026130192809634738,1.3498542971081204,0.11714242812660006,0.002439859737124708,0.0001788024415469004,0.616
6,30,uniform,sample_aware,0,0.5,0.5,0.5,0.35742759042316014,0.07727871338526408,0.025337257112065952,1.3280746936798096,0.1207247922817866,0.002381447133504682,0.0001772785391141143,0.6194285714285714
6,31,uniform,sample_aware,0,0.5,0.5,0.5,0.3516545063919491,0.07603062440951665,0.02388028572830889,1.3090698454115126,0.11949023024903403,0.0025182366888556215,0.00017452180489069887,0.6182857142857143
6,32,uniform,sample_aware,0,0.5,0.5,0.5,0.34380796882841325,0.07268031189839046,0.023528373282816675,1.2782517936494615,0.11853679849041833,0.002308283984247181,0.0001663093571551144,0.6191428571428571
6,33,uniform,sample_aware,0,0.5,0.5,0.5,0.3391498890188005,0.06735493905014461,0.025107708449165028,1.2570359706878662,0.11972291353676054,0.0023484527547326353,0.00017301200164688958,0.6191428571428571
6,34,uniform,sample_aware,0,0.5,0.5,0.5,0.3412468632062276,0.06910205839408769,0.02548094776769479,1.2487190299563937,0.12050499684280819,0.0024087824082622924,0.00016513786977156997,0.6197142857142857
6,35,uniform,sample_aware,0,0.5,0.5,0.5,0.3316420118014018,0.06466957223084238,0.02601815139253934,1.2282215621736314,0.11674504727125168,0.002599557370154394,0.00017462125591312846,0.6177142857142857
6,36,uniform,sample_aware,0,0.5,0.5,0.5,0.33868881066640216,0.06583632197644976,0.028390072286128998,1.2191208203633626,0.121110404531161,0.0027061530854552984,0.00017370229276518026,0.6202857142857143
6,37,uniform,sample_aware,0,0.5,0.5,0.5,0.3303319580025143,0.06418897501296467,0.027885767113831308,1.19019349416097,0.11775824013683531,0.0027838345461835465,0.00017541265373842584,0.6228571428571429
6,38,uniform,sample_aware,0,0.5,0.5,0.5,0.3275895383622911,0.06054153541723887,0.029299869098597102,1.1721747186448839,0.1189409966270129,0.0029954208681980767,0.00018392240033588477,0.6245714285714286
6,39,uniform,sample_aware,0,0.5,0.5,0.5,0.32484331064754063,0.05965060161219703,0.029902742761704657,1.1548850933710735,0.1181516589389907,0.0031166106928139925,0.00018298001830569573,0.624
6,40,uniform,sample_aware,0,0.5,0.5,0.5,0.32698646518919205,0.05987691548135546,0.032699067145586014,1.1343457831276789,0.11925401207473543,0.003264063244892491,0.00017971642470608154,0.6257142857142857
6,41,uniform,sample_aware,0,0.5,0.5,0.5,0.3251558774047428,0.05766781957613097,0.03406066964897844,1.125887738333808,0.11894780231846704,0.003596176988341742,0.00018544211181708507,0.6237142857142857
6,42,uniform,sample_aware,0,0.5,0.5,0.5,0.3204463952117496,0.05664250213238928,0.03096660723288854,1.1147209008534749,0.11936234517229928,0.003809385726021396,0.00019631240542771088,0.6234285714285714
6,43,uniform,sample_aware,0,0.5,0.5,0.5,0.3182370960712433,0.05525948231418928,0.031830550274915166,1.0986992518107097,0.11921549836794536,0.003929658327251673,0.00019360472732740972,0.6231428571428571
6,44,uniform,sample_aware,0,0.5,0.5,0.5,0.3142474591732025,0.05406906869676378,0.03148155990574095,1.0833403136995103,0.11840206053521898,0.003735740358630816,0.00018572102352562878,0.6237142857142857
6,45,uniform,sample_aware,0,0.5,0.5,0.5,0.3136981493896908,0.05308243383963903,0.032062855238715805,1.0747572316063776,0.1192012917664316,0.0035745346556521123,0.00017713592387735844,0.626
6,46,uniform,sample_aware,0,0.5,0.5,0.5,0.30846749742825824,0.05152807094984584,0.028542358428239822,1.061323881149292,0.12049070911275016,0.003374083407430185,0.0001738599643835591,0.628
6,47,uniform,sample_aware,0,0.5,0.5,0.5,0.2999497221575843,0.0506118279364374,0.02702382889886697,1.0489811168776617,0.1157452083296246,0.0031671086326241493,0.00017437810957845714,0.6265714285714286
6,48,uniform,sample_aware,0,0.5,0.5,0.5,0.29972535371780396,0.04868065979745653,0.028274191750420466,1.0332966380649142,0.11786068148083156,0.0030051436689164904,0.00015515960856444307,0.6265714285714286
6,49,uniform,sample_aware,0,0.5,0.5,0.5,0.3026872906419966,0.04885967903667026,0.03030889170865218,1.0178855525122747,0.12017641713221867,0.002951286138138837,0.0001561949805667003,0.6285714285714286
6,50,uniform,sample_aware,0,0.5,0.5,0.5,0.3002962072690328,0.04855189182692104,0.029443843704130914,1.0057808227009244,0.12013487600617939,0.003033038228750229,0.00014197492014823688,0.6228571428571429
6,51,uniform,sample_aware,0,0.5,0.5,0.5,0.29852618442641365,0.04711002194219165,0.03295096175538169,0.9943504995769925,0.11733668131960763,0.0032203415563950935,0.00016659403142208853,0.6297142857142857
6,52,uniform,sample_aware,0,0.5,0.5,0.5,0.301306857003106,0.046595251394642725,0.03211530877484216,0.9915858507156372,0.12159916096263462,0.003491671005677846,0.00018543637512872616,0.6234285714285714
6,53,uniform,sample_aware,0,0.5,0.5,0.5,0.29276694191826713,0.04595893124739329,0.03165383843912019,0.9649717410405477,0.11675270977947447,0.003641038072398967,0.00016753792685146132,0.6282857142857143
6,54,uniform,sample_aware,0,0.5,0.5,0.5,0.29238250851631165,0.04527069628238678,0.029316768050193787,0.9676535725593567,0.11908854958083895,0.0037117606908496884,0.00017050596135151055,0.628
6,55,uniform,sample_aware,0,0.5,0.5,0.5,0.289499345752928,0.04318938197361098,0.030327825496594112,0.9583314922120836,0.11806159632073508,0.003987595387217071,0.00018718508201547794,0.6274285714285714
6,56,uniform,sample_aware,0,0.5,0.5,0.5,0.29075028498967487,0.04399271019630962,0.03090352565050125,0.9500368767314487,0.11872675269842148,0.004060783578703801,0.00018642211539877785,0.6294285714285714
6,57,uniform,sample_aware,0,0.5,0.5,0.5,0.28586464789178634,0.0422486157880889,0.031070992350578308,0.9383658236927457,0.11665424373414782,0.003926283059020837,0.0001821594261046913,0.6291428571428571
6,58,uniform,sample_aware,0,0.5,0.5,0.5,0.2837347785631816,0.04288852670126491,0.028832245618104935,0.9292312264442444,0.11721315566036436,0.003589486936107278,0.00016595737542957067,0.6262857142857143
6,59,uniform,sample_aware,0,0.5,0.5,0.5,0.280642353826099,0.04130598116252157,0.027111239317390654,0.9233008755577935,0.11823355323738521,0.003174164280709293,0.00014883283680925766,0.6288571428571429
6,60,uniform,sample_aware,0,0.5,0.5,0.5,0.28132664495044285,0.04171511779228846,0.02798582323723369,0.9125987556245592,0.11874272922674815,0.003098855209019449,0.00014734218388588892,0.6302857142857143
6,61,uniform,sample_aware,0,0.5,0.5,0.5,0.2748901976479424,0.04115056412087546,0.02609874742726485,0.9038326541582743,0.11570211913850573,0.002969135323332416,0.0001418636335680882,0.6271428571428571
6,62,uniform,sample_aware,0,0.5,0.5,0.5,0.2726660735077328,0.040159055756198034,0.026272314083245065,0.8841530283292135,0.11622081779771382,0.003051546040094561,0.00014561773665870228,0.6294285714285714
6,63,uniform,sample_aware,0,0.5,0.5,0.5,0.2787371873855591,0.04084598066078292,0.03149047266278002,0.8819682664341397,0.11655471639500724,0.003146468713465664,0.00015189605376993617,0.6311428571428571
6,64,uniform,sample_aware,0,0.5,0.5,0.5,0.2862056924237145,0.04067800649338298,0.03638425241741869,0.8793482912911309,0.11910629189676708,0.004028380253455705,0.00017625000974577334,0.6282857142857143
6,65,uniform,sample_aware,0,0.5,0.5,0.5,0.2844693892531925,0.04044813083277808,0.036056451913383275,0.8699413670433892,0.11869689325491588,0.004376943585359388,0.00017060469447945556,0.6274285714285714
6,66,uniform,sample_aware,0,0.5,0.5,0.5,0.27847903304629856,0.03858939268522792,0.03100857904387845,0.8707648317019144,0.11958921949068706,0.004253112866232793,0.00017761669328643216,0.6265714285714286
6,67,uniform,sample_aware,0,0.5,0.5,0.5,0.2727878491083781,0.03784673578209347,0.028120571954382792,0.8632898661825392,0.11844072490930557,0.00393710776956545,0.00016456018460707532,0.6288571428571429
6,68,uniform,sample_aware,0,0.5,0.5,0.5,0.26850392089949715,0.03832635780175527,0.025749152526259422,0.8455252647399902,0.11790663831763798,0.003761372089179026,0.00017712182468838163,0.6285714285714286
6,69,uniform,sample_aware,0,0.5,0.5,0.5,0.26651057600975037,0.03744754981663492,0.025003586171401873,0.8426535990503099,0.11801088766919242,0.003411034717121058,0.00015533973540489873,0.6325714285714286
6,70,uniform,sample_aware,0,0.5,0.5,0.5,0.2615346047613356,0.03716585495405727,0.024027723612056837,0.8289177947574191,0.11571989622380999,0.003303869084144632,0.0001548248821766012,0.6317142857142857
6,71,uniform,sample_aware,0,0.5,0.5,0.5,0.26521532071961296,0.03688766931494077,0.024648188509874873,0.8276173935996162,0.11921299745639165,0.0032611865446799332,0.00014826310669175454,0.6282857142857143
6,72,uniform,sample_aware,0,0.5,0.5,0.5,0.26148410307036507,0.0351075352066093,0.02303079929616716,0.8236960238880582,0.11932174199157292,0.0031617541228317553,0.00014709983952343464,0.6274285714285714
6,73,uniform,sample_aware,0,0.5,0.5,0.5,0.2632002896732754,0.036243910590807595,0.02690045866701338,0.813752293586731,0.1171499995721711,0.0029248308597339522,0.00013654942287959985,0.6291428571428571
6,74,uniform,sample_aware,0,0.5,0.5,0.5,0.27314381135834587,0.03638105922275119,0.03394997181991736,0.808736628956265,0.12008408788177702,0.003545336270083984,0.000164712345900221,0.6314285714285715
6,75,uniform,sample_aware,0,0.5,0.5,0.5,0.2678978741168976,0.03694607814153036,0.03255783311194844,0.8055303427908156,0.11560888753996955,0.0042746019963588976,0.00018947700866394572,0.6274285714285714
6,76,uniform,sample_aware,0,0.5,0.5,0.5,0.26368310385280186,0.034946503738562264,0.02703319779700703,0.8071339196628995,0.11873017582628462,0.004318211693316698,0.00020145338364980288,0.6302857142857143
6,77,uniform,sample_aware,0,0.5,0.5,0.5,0.25849390857749516,0.03530144546594885,0.023538239300251007,0.7935617168744405,0.11833130568265915,0.003776255555243956,0.00015723318534178866,0.6305714285714286
6,78,uniform,sample_aware,0,0.5,0.5,0.5,0.25635641316572827,0.0349371913406584,0.02343831563161479,0.7920583619011773,0.11697526110543145,0.0034571985403696695,0.0001424199241834382,0.6331428571428571
6,79,uniform,sample_aware,0,0.5,0.5,0.5,0.25785908434126115,0.03470011676351229,0.02456601895391941,0.7853595150841607,0.11839678055710262,0.003176523372530937,0.0001439091930579808,0.6317142857142857
6,80,uniform,sample_aware,0,0.5,0.5,0.5,0.25927113824420506,0.03442507651117113,0.024699544741047755,0.784180568324195,0.12001550694306691,0.003282175968504614,0.00014372100122272968,0.6294285714285714
6,81,uniform,sample_aware,0,0.5,0.5,0.5,0.2555628849400414,0.0339914643102222,0.025613261179791555,0.7704915404319763,0.11723505291673872,0.0032032510369188255,0.00014465104969632294,0.6305714285714286
6,82,uniform,sample_aware,0,0.5,0.5,0.5,0.2734229465325673,0.03512521150211493,0.04104638575679726,0.7665450109375848,0.11876784844530953,0.003502006306209498,0.0001559827230974204,0.6308571428571429
6,83,uniform,sample_aware,0,0.5,0.5,0.5,0.2775210638840993,0.03441210505035189,0.044980145576927394,0.767065339618259,0.11875832577546437,0.0051117403846648,0.0002161641346497668,0.6285714285714286
6,84,uniform,sample_aware,0,0.5,0.5,0.5,0.26420698232120937,0.034807953569624156,0.033348130269183054,0.7570837272538079,0.1175531107518408,0.005374408792704344,0.00020440905225566693,0.6334285714285715
6,85,uniform,sample_aware,0,0.5,0.5,0.5,0.25821450021531844,0.03417106635040707,0.030480189041958913,0.7492656376626756,0.11601103262768851,0.005066799517307017,0.00018449291302305128,0.6277142857142857
6,86,uniform,sample_aware,0,0.5,0.5,0.5,0.2582753433121575,0.03305163151688046,0.027929939122663602,0.7570178442531161,0.11887501594093111,0.005250283103022311,0.00018367186162827743,0.6305714285714286
6,87,uniform,sample_aware,0,0.5,0.5,0.5,0.25219732026259106,0.032288695168164044,0.025655790128641658,0.7458086609840393,0.11716276655594508,0.004844894011815389,0.0001735205102401475,0.6308571428571429
6,88,uniform,sample_aware,0,0.5,0.5,0.5,0.24935049646430546,0.032279479420847364,0.02243284446497758,0.7373781071768867,0.11872325092554092,0.004185267594746417,0.00016894171454219354,0.6305714285714286
6,89,uniform,sample_aware,0,0.5,0.5,0.5,0.2459702061282264,0.032187054140700236,0.01958474475476477,0.7283059292369418,0.11990027709139718,0.002819543549170097,0.00011553740801496638,0.6322857142857143
6,90,uniform,sample_aware,0,0.5,0.5,0.5,0.24692153433958688,0.03217652522855335,0.02051745272345013,0.7327639328108894,0.11967587884929445,0.0024324567574593755,0.00011811491438291139,0.626
6,91,uniform,sample_aware,0,0.5,0.5,0.5,0.24919352100955117,0.03157200271056758,0.025762877530521817,0.7232560118039449,0.11813365750842625,0.002667047781869769,0.00013171463635646633,0.6317142857142857
6,92,uniform,sample_aware,0,0.5,0.5,0.5,0.2455335391892327,0.031205587916904025,0.02272295496530003,0.728569335407681,0.1173213157388899,0.0027302268685566056,0.00012327530162615908,0.6342857142857142
6,93,uniform,sample_aware,0,0.5,0.5,0.5,0.2463797132174174,0.03193202925225099,0.022851070182191,0.7173634436395433,0.11826854861444897,0.0030326060692055356,0.00015083770914417174,0.6302857142857143
6,94,uniform,sample_aware,0,0.5,0.5,0.5,0.24730007019307879,0.031179961437980335,0.02441391224662463,0.7168838845358955,0.11821307821406259,0.0034655334634913337,0.0001439206146945556,0.632
6,95,uniform,sample_aware,0,0.5,0.5,0.5,0.24655600719981724,0.03166908067133692,0.02556154690682888,0.7113042672475179,0.11629687746365865,0.003637088980111811,0.0001590524916537106,0.6317142857142857
6,96,uniform,sample_aware,0,0.5,0.5,0.5,0.24937426381640965,0.030995837102333706,0.02747698190311591,0.7015434569782681,0.11881378789742787,0.003697923462217053,0.00016869057435542345,0.6314285714285715
6,97,uniform,sample_aware,0,0.5,0.5,0.5,0.2520489560233222,0.03165126529832681,0.028027755725714896,0.7112500932481554,0.11922663781378004,0.003866777600099643,0.0001698022954062455,0.6328571428571429
6,98,uniform,sample_aware,0,0.5,0.5,0.5,0.2539651443560918,0.03105723609526952,0.03136216497255696,0.7071884539392259,0.11846952802605099,0.004518637588868539,0.00019609309836394258,0.6297142857142857
6,99,uniform,sample_aware,0,0.5,0.5,0.5,0.24533648623360527,0.029676409645213023,0.025089943781495094,0.6999704639116923,0.11816553605927362,0.004625938832759857,0.0001891595958214667,0.6302857142857143
6,100,uniform,sample_aware,0,0.5,0.5,0.5,0.2519586251841651,0.03162709354526467,0.026955669952763453,0.6992016898261176,0.12131318284405603,0.004123725928366184,0.00016129045333299373,0.6334285714285715
6,101,uniform,sample_aware,0,0.5,0.5,0.5,0.24391280445787641,0.030765942608316738,0.025495621065298717,0.6886884901258681,0.11676792552073796,0.0038754012590895095,0.00015352626279410388,0.6331428571428571
6,102,uniform,sample_aware,0,0.5,0.5,0.5,0.24321638378832075,0.030057721874780126,0.02353822398516867,0.68745223681132,0.11907574037710826,0.0034603828616026375,0.0001385646367756029,0.6285714285714286
6,103,uniform,sample_aware,0,0.5,0.5,0.5,0.24116208983792198,0.029686646535992622,0.024530483823683526,0.6851730744043986,0.11662533630927403,0.0034589529710097443,0.00014566996186557744,0.6317142857142857
6,104,uniform,sample_aware,0,0.5,0.5,0.5,0.24401085409853193,0.030194076812929578,0.025371694937348366,0.6767683161629571,0.11894437339570788,0.003505073513628708,0.00014268262829217646,0.6342857142857142
6,105,uniform,sample_aware,0,0.5,0.5,0.5,0.24653508928087023,0.030260870440138712,0.029040382968054876,0.672149293952518,0.11804199549886915,0.0038026475554539096,0.000151168716709233,0.6342857142857142
6,106,uniform,sample_aware,0,0.5,0.5,0.5,0.2464282512664795,0.030271841420067683,0.027360607559482258,0.6860023339589437,0.11805862353907691,0.004114206802720825,0.00015968619845807552,0.6342857142857142
6,107,uniform,sample_aware,0,0.5,0.5,0.5,0.24105534454186758,0.029170006306635007,0.024020252749323845,0.680099692609575,0.11795153303278817,0.0036528254341748026,0.0001543402128542463,0.6268571428571429
6,108,uniform,sample_aware,0,0.5,0.5,0.5,0.2417265342341529,0.02904092189338472,0.02445873576733801,0.6729741096496582,0.11904578573173946,0.003618998711721765,0.00014836396116556393,0.632
6,109,uniform,sample_aware,0,0.5,0.5,0.5,0.24944652948114607,0.02945416917403539,0.028255210154586367,0.6726838284068637,0.12241248041391373,0.00394826853233907,0.00016430201422837045,0.6328571428571429
6,110,uniform,sample_aware,0,0.5,0.5,0.5,0.24624893565972647,0.02883129422035482,0.02973343970047103,0.665106839603848,0.11884831554359859,0.004461341278834475,0.00018904987438064482,0.634
6,111,uniform,sample_aware,0,0.5,0.5,0.5,0.2438270068830914,0.02886246827741464,0.027070201312502224,0.6660161283281114,0.11867218878534105,0.005009069469653898,0.00023199237572650114,0.6342857142857142
6,112,uniform,sample_aware,0,0.5,0.5,0.5,0.24142650266488394,0.029373019105858274,0.025140193808409903,0.6638022065162659,0.11770343532164891,0.005445036726693313,0.0002142301657133632,0.632
6,113,uniform,sample_aware,0,0.5,0.5,0.5,0.2569719006617864,0.0295777747200595,0.040332681188980736,0.6597479184468588,0.11844661914640003,0.0050721925476359,0.00020787187774355212,0.632
6,114,uniform,sample_aware,0,0.5,0.5,0.5,0.27423713935746086,0.030057484697964456,0.052824128005239696,0.673191057311164,0.12089340802696016,0.006064139875686831,0.00022187902100591196,0.6365714285714286
6,115,uniform,sample_aware,0,0.5,0.5,0.5,0.258033682902654,0.028821890552838642,0.04371316648191876,0.6588722003830804,0.11604124969906277,0.006880030346413453,0.00026027613785117865,0.6308571428571429
6,116,uniform,sample_aware,0,0.5,0.5,0.5,0.26275545689794755,0.03041727633939849,0.042576943006780416,0.6570175091425577,0.12038074764940473,0.007074079838477903,0.00028338007784138125,0.6351428571428571
6,117,uniform,sample_aware,0,0.5,0.5,0.5,0.26001857552263474,0.02937950049009588,0.04266588927970992,0.6620283855332268,0.11805978334612316,0.007126567937019799,0.00029454541315014165,0.6317142857142857
6,118,uniform,sample_aware,0,0.5,0.5,0.5,0.2589195668697357,0.02837082722948657,0.04278400664528211,0.6577469375398424,0.11831407580110762,0.007077197647757,0.0002747325666455759,0.6331428571428571
6,119,uniform,sample_aware,0,0.5,0.5,0.5,0.25447583198547363,0.029052254433433216,0.03674607682559225,0.6540559265348647,0.11998302820656034,0.006354245408955548,0.0002235164348449972,0.6331428571428571
6,120,uniform,sample_aware,0,0.5,0.5,0.5,0.24642103910446167,0.028525833040475845,0.033320348295900554,0.6389932897355821,0.11759454508622487,0.005944344732496474,0.00021760919157208668,0.6291428571428571
6,121,uniform,sample_aware,0,0.5,0.5,0.5,0.24095647864871556,0.027269578849275906,0.02808063415189584,0.6419729722870721,0.11843063185612361,0.005740580304215352,0.0002160946476376719,0.6311428571428571
6,122,uniform,sample_aware,0,0.5,0.5,0.5,0.23707591328356,0.027446385473012924,0.02439567426012622,0.6383197042677138,0.11880655503935283,0.004990841831184096,0.0001998041795256237,0.6322857142857143
6,123,uniform,sample_aware,0,0.5,0.5,0.5,0.23419395089149475,0.027789124391145177,0.023971177637577057,0.6291508807076348,0.1172009954849879,0.004453625012603071,0.00018150601277334822,0.6357142857142857
6,124,uniform,sample_aware,0,0.5,0.5,0.5,0.23355139626397026,0.026850842767291598,0.022029214228192966,0.6302043133311801,0.11954175598091549,0.004056649877586299,0.00016165359799439707,0.632
6,125,uniform,sample_aware,0,0.5,0.5,0.5,0.23792717357476553,0.027301337983873155,0.025515617802739143,0.6333061257998148,0.11976437353425556,0.003881903908525904,0.0001485600951127708,0.6322857142857143
6,126,uniform,sample_aware,0,0.5,0.5,0.5,0.24009431898593903,0.02759694866836071,0.02883660751912329,0.6261915895673964,0.1189136943883366,0.004088676379372676,0.00016714924842947058,0.6328571428571429
6,127,uniform,sample_aware,0,0.5,0.5,0.5,0.2431356923447715,0.028126017087035708,0.031001791771915223,0.6360846294297112,0.11808255149258508,0.0044529137667268515,0.00018082242200358046,0.6308571428571429
6,128,uniform,sample_aware,0,0.5,0.5,0.5,0.24342942072285545,0.027355132003625233,0.033860612039764725,0.6200106408860948,0.11759657826688555,0.005042436894857221,0.0001896278053108189,0.6328571428571429
6,129,uniform,sample_aware,0,0.5,0.5,0.5,0.24370715022087097,0.02719263442688518,0.032333547663357526,0.62631756067276,0.11903694437609778,0.004853443139129215,0.00017107937148668699,0.6288571428571429
6,130,uniform,sample_aware,0,0.5,0.5,0.5,0.24571340448326534,0.02716948361032539,0.0350247071021133,0.6157503724098206,0.11934055222405328,0.0050085303373634815,0.00019871173167808188,0.6342857142857142
6,131,uniform,sample_aware,0,0.5,0.5,0.5,0.24587427079677582,0.027018538986643154,0.035581490438845426,0.6176770130793253,0.1184471489654647,0.005879216982672612,0.00023955362202185724,0.6328571428571429
6,132,uniform,sample_aware,0,0.5,0.5,0.5,0.24040611916118199,0.02636101572877831,0.031008251011371613,0.6230801343917847,0.11780558029810588,0.005619343628899919,0.00022716853224361935,0.6297142857142857
6,133,uniform,sample_aware,0,0.5,0.5,0.5,0.24167974127663505,0.026953342060248058,0.03326633986499575,0.6154648926522996,0.11728531122207642,0.005077106050319142,0.0001793968711151845,0.6331428571428571
6,134,uniform,sample_aware,0,0.5,0.5,0.5,0.2422498944732878,0.026833906769752502,0.0345185376289818,0.6135676966773139,0.11692842923932606,0.005041298559970326,0.00018320656898948882,0.6297142857142857
6,135,uniform,sample_aware,0,0.5,0.5,0.5,0.2446367773744795,0.02668486949470308,0.03428461692399449,0.6135042905807495,0.11956660201152165,0.005303758351753156,0.00019675390406822166,0.6345714285714286
6,136,uniform,sample_aware,0,0.5,0.5,0.5,0.2459696630636851,0.0267552114609215,0.03661451695693864,0.6189620561069913,0.11775324328078164,0.00569551686445872,0.00020545162907284166,0.6331428571428571
6,137,uniform,sample_aware,0,0.5,0.5,0.5,0.2450769262181388,0.02647663549416595,0.03521159498227967,0.6113096608055962,0.11908513224787182,0.006124835875299241,0.00022035702002338238,0.6322857142857143
6,138,uniform,sample_aware,0,0.5,0.5,0.5,0.2448429978556103,0.02675047020117442,0.03435446528924836,0.6118162671724955,0.11940821591350767,0.0060663097020652555,0.00023013223350668946,0.6271428571428571
6,139,uniform,sample_aware,0,0.5,0.5,0.5,0.2367941290140152,0.026866168818540044,0.028613780935605366,0.6100783745447794,0.11741208450661765,0.005573236383497715,0.00021527516138222482,0.6282857142857143
6,140,uniform,sample_aware,0,0.5,0.5,0.5,0.23272806406021118,0.02552580026288827,0.027059480547904968,0.6001886063151889,0.11750083913405736,0.0050670986788140405,0.00017906736401427124,0.6325714285714286
6,141,uniform,sample_aware,0,0.5,0.5,0.5,0.23657191627555424,0.02580142952501774,0.028035217689143285,0.6054700281884935,0.11951302405860689,0.005157767122404443,0.00019271673712258539,0.6294285714285714
6,142,uniform,sample_aware,0,0.5,0.5,0.5,0.2365336318810781,0.026222047292523913,0.030003359955218103,0.595065196355184,0.1176663554377026,0.00606009726309114,0.00021059150781689418,0.6328571428571429
6,143,uniform,sample_aware,0,0.5,0.5,0.5,0.23947500023576948,0.026127593798769846,0.030723572191264894,0.6050384309556749,0.11928395016325845,0.0054677037211755914,0.00020437615199221505,0.632
6,144,uniform,sample_aware,0,0.5,0.5,0.5,0.2622333980268902,0.026293758302927017,0.05051707641945945,0.6156154274940491,0.12046466436651018,0.006532165170129802,0.00026055089094572596,0.6317142857142857
6,145,uniform,sample_aware,0,0.5,0.5,0.5,0.2511095619863934,0.026754155548082456,0.04044155879980988,0.6056173576249017,0.11962815374135971,0.007170635120322307,0.00027726747147325013,0.626
6,146,uniform,sample_aware,0,0.5,0.5,0.5,0.24620488782723746,0.026324487808677886,0.037604286852810115,0.598349908987681,0.11887605488300323,0.006878828836811913,0.0002513016483539508,0.6328571428571429
6,147,uniform,sample_aware,0,0.5,0.5,0.5,0.2368970447116428,0.025776045603884593,0.0293519776314497,0.6036738488409255,0.11842017951938841,0.005764195798999733,0.00019870525769268474,0.628
6,148,uniform,sample_aware,0,0.5,0.5,0.5,0.23460365335146585,0.025225292684303388,0.02887907727724976,0.593132860130734,0.11864948521057765,0.004894315523819791,0.0001787084879146682,0.6294285714285714
6,149,uniform,sample_aware,0,0.5,0.5,0.5,0.22965091466903687,0.025489469576213095,0.026824139886432223,0.5916836261749268,0.11576332483026716,0.004644380468461249,0.00016685024861039387,0.6337142857142857
6,150,uniform,sample_aware,0,0.5,0.5,0.5,0.23256065282556745,0.025286530661914084,0.02457966986629698,0.5955159730381436,0.12084689984718959,0.0044288537465035915,0.00016305294250034622,0.632
6,151,uniform,sample_aware,0,0.5,0.5,0.5,0.23022020194265577,0.02490800867478053,0.02295223395857546,0.5975143313407898,0.12043840355343288,0.0041884551756083965,0.0001517833572708898,0.6342857142857142
6,152,uniform,sample_aware,0,0.5,0.5,0.5,0.22671928505102792,0.025086026017864544,0.022300580309496984,0.5832747353447808,0.11899774024883907,0.003868668262536327,0.00014625638464672698,0.6334285714285715
6,153,uniform,sample_aware,0,0.5,0.5,0.5,0.22072365714444053,0.02476972362233533,0.020221875773535833,0.5794063806533813,0.11593526187870237,0.003556449431926012,0.00015585418117956983,0.6305714285714286
6,154,uniform,sample_aware,0,0.5,0.5,0.5,0.22600972818003762,0.02435222454369068,0.021769109906421766,0.5867954558796353,0.11941308197047976,0.003449549820894996,0.0001419797513840927,0.63
6,155,uniform,sample_aware,0,0.5,0.5,0.5,0.22599254548549652,0.025002883954180613,0.02301095322602325,0.5779565705193414,0.11840215656492445,0.003422036404824919,0.00013975365760011805,0.6294285714285714
6,156,uniform,sample_aware,0,0.5,0.5,0.5,0.22667940292093489,0.024705206975340843,0.024327443912625313,0.5852280391587151,0.11730364544524087,0.0034915278665721416,0.00014908043279622993,0.6365714285714286
6,157,uniform,sample_aware,0,0.5,0.5,0.5,0.23211004667811924,0.025098247039649222,0.027640943518943258,0.5868042376306322,0.11867441319757038,0.003868156862962577,0.00016387396802504858,0.6262857142857143
6,158,uniform,sample_aware,0,0.5,0.5,0.5,0.23977363937430912,0.0256679178112083,0.03493520658877161,0.5805067353778415,0.11878841121991475,0.00448867507899801,0.0001741838382763995,0.6331428571428571
6,159,uniform,sample_aware,0,0.5,0.5,0.5,0.23916459249125588,0.024351442232728004,0.036145784995622106,0.5791546967294481,0.11815936615069707,0.004975851159542799,0.0002092073037703004,0.6257142857142857
6,160,uniform,sample_aware,0,0.5,0.5,0.5,0.24591933687527975,0.024751845540271863,0.04022141007913484,0.5842974848217435,0.11978625920083788,0.005259024548447794,0.0002011230357715653,0.6342857142857142
6,161,uniform,sample_aware,0,0.5,0.5,0.5,0.2389371179872089,0.024286206604705915,0.0389188097582923,0.5709538790914748,0.11574042174551222,0.005592489356382025,0.0002000917706431614,0.6302857142857143
6,162,uniform,sample_aware,0,0.5,0.5,0.5,0.24369852079285514,0.024583871786793072,0.03823358648353153,0.5800474683443705,0.11975566711690691,0.006026519358985954,0.0002147725188276834,0.6325714285714286
6,163,uniform,sample_aware,0,0.5,0.5,0.5,0.2401023954153061,0.02506062760949135,0.0350998118519783,0.5806569457054138,0.1186175834801462,0.006287132286363178,0.00023022257826394506,0.6314285714285715
6,164,uniform,sample_aware,0,0.5,0.5,0.5,0.24014843006928763,0.0252771834946341,0.03434962365362379,0.5802159441841973,0.11908872839477327,0.006602594835890664,0.00022000039462000132,0.6317142857142857
6,165,uniform,sample_aware,0,0.5,0.5,0.5,0.24537641637855107,0.024813528690073226,0.04298844478196568,0.5778447522057427,0.11654916488462025,0.006272189163913329,0.00020942132687196136,0.6265714285714286
6,166,uniform,sample_aware,0,0.5,0.5,0.5,0.2520871377653546,0.025251147026817005,0.045229519406954445,0.5844019452730814,0.11972634908225802,0.006653310058431493,0.00022654287103149627,0.63
6,167,uniform,sample_aware,0,0.5,0.5,0.5,0.2462551345427831,0.02423635580473476,0.039158521220088005,0.5800219178199768,0.12124593390358819,0.006970308307144377,0.0002539581231152018,0.6262857142857143
6,168,uniform,sample_aware,0,0.5,0.5,0.5,0.2411019073592292,0.024447315682967503,0.037643592804670334,0.5740052925215827,0.11795143120818669,0.007047641763670577,0.0002704273016812901,0.6302857142857143
6,169,uniform,sample_aware,0,0.5,0.5,0.5,0.2383625457684199,0.025226624268624518,0.03495126134819455,0.5690352519353231,0.11830717987484402,0.005733902152213786,0.0002140021857081188,0.6328571428571429
6,170,uniform,sample_aware,0,0.5,0.5,0.5,0.2346937292151981,0.024926855125361018,0.03276938862270779,0.5675052338176303,0.1176913289560212,0.004932566390683253,0.00017869860554734865,0.6294285714285714
6,171,uniform,sample_aware,0,0.5,0.5,0.5,0.23144301937686074,0.024399073587523565,0.029856123237146273,0.5661327640215555,0.11811058719952901,0.004754858505394723,0.00017306044335580536,0.6345714285714286
6,172,uniform,sample_aware,0,0.5,0.5,0.5,0.22827592492103577,0.023687072098255157,0.025660258614354663,0.5743119186825223,0.11934163669745128,0.004150332572559516,0.00016120004390055934,0.634
6,173,uniform,sample_aware,0,0.5,0.5,0.5,0.22126328448454538,0.023483453111516103,0.02216853325565656,0.5596429771847196,0.11756610290871726,0.0040000613209688,0.00016173097537830472,0.6317142857142857
6,174,uniform,sample_aware,0,0.5,0.5,0.5,0.21653740935855442,0.022950036658181086,0.019127288626299963,0.5631716251373291,0.11622007853455013,0.003686216271792849,0.00015947696778716313,0.6322857142857143
6,175,uniform,sample_aware,0,0.5,0.5,0.5,0.21597857607735527,0.023286724049184058,0.018254719364146393,0.5574456983142428,0.11703144345018598,0.0031861634666307103,0.00013606967533835105,0.628
6,176,uniform,sample_aware,0,0.5,0.5,0.5,0.2144073082341088,0.023192479378647275,0.017450640805893473,0.5514417555597093,0.11711846788724263,0.002873841155734327,0.0001292475175836848,0.6317142857142857
6,177,uniform,sample_aware,0,0.5,0.5,0.5,0.21777447726991442,0.02309407169620196,0.017517133098509576,0.5601555903752645,0.11964650369352764,0.0028616531959010493,0.00014075852232053876,0.6337142857142857
6,178,uniform,sample_aware,0,0.5,0.5,0.5,0.2211051666074329,0.02325819805264473,0.02114694193005562,0.554349250263638,0.11969180487924153,0.003003739726005329,0.00014284516995151839,0.6308571428571429
6,179,uniform,sample_aware,0,0.5,0.5,0.5,0.22239190174473655,0.023635826384027798,0.023607537150382996,0.5563632249832153,0.11756407883432177,0.0037305871438648966,0.00016568758938875463,0.6334285714285715
6,180,uniform,sample_aware,0,0.5,0.5,0.5,0.2266189290417565,0.022516119811269972,0.022707830079727702,0.5635512802335951,0.12280845559305614,0.004269641099704636,0.00019313984214224748,0.6297142857142857
6,181,uniform,sample_aware,0,0.5,0.5,0.5,0.2215454594956504,0.02362456897066699,0.02432042153345214,0.5515316393640306,0.11605030298233032,0.0045866896657066215,0.00020732166659500863,0.6294285714285714
6,182,uniform,sample_aware,0,0.5,0.5,0.5,0.22005500064955819,0.02282773061758942,0.02253013600905736,0.5547570387522379,0.1169931400153372,0.004269598983228207,0.0001869786711823609,0.63
6,183,uniform,sample_aware,0,0.5,0.5,0.5,0.21857022245724997,0.022990184732609324,0.020968779714571104,0.5503406325976054,0.1177034361494912,0.003592768916860223,0.00015474393472282423,0.6277142857142857
6,184,uniform,sample_aware,0,0.5,0.5,0.5,0.220513587196668,0.023186270975404315,0.0227916669100523,0.5598047508133782,0.116639391415649,0.0036626974017255837,0.00016887242802315287,0.6291428571428571
6,185,uniform,sample_aware,0,0.5,0.5,0.5,0.22276873224311405,0.023304864143331844,0.02144434510005845,0.5519230829344856,0.12107756485541661,0.0033522522749586236,0.00014704588748928573,0.6288571428571429
6,186,uniform,sample_aware,0,0.5,0.5,0.5,0.2220842788616816,0.023323458722896047,0.023355324028266802,0.5517246392038133,0.11869150814082888,0.002956965265588628,0.0001260815317639046,0.634
6,187,uniform,sample_aware,0,0.5,0.5,0.5,0.22839914759000143,0.02343993696073691,0.027633122271961637,0.5540720423062643,0.12025843809048335,0.0031916871149506834,0.00012920667520827718,0.6282857142857143
6,188,uniform,sample_aware,0,0.5,0.5,0.5,0.22814560433228812,0.022378140025668673,0.031068847618169255,0.5522689355744256,0.11764643920792474,0.0035063837292707628,0.00014419310415784517,0.6297142857142857
6,189,uniform,sample_aware,0,0.5,0.5,0.5,0.3214111460579766,0.025858087258206472,0.11558009104596244,0.5748203727934096,0.11920224378506343,0.0063109011648015845,0.0002664655653966798,0.6291428571428571
6,190,uniform,sample_aware,0,0.5,0.5,0.5,0.2949640386634403,0.026563417580392625,0.08229112211200926,0.5938892960548401,0.12048691428369945,0.012000177779959308,0.0004671521989318232,0.626
6,191,uniform,sample_aware,0,0.5,0.5,0.5,0.28090886606110466,0.025450938070813816,0.069593522283766,0.5865342418352762,0.1212711524632242,0.011480963168044886,0.00039869188589768275,0.6311428571428571
6,192,uniform,sample_aware,0,0.5,0.5,0.5,0.2623666094409095,0.024877921988566715,0.05713356989953253,0.5710644125938416,0.11745731946494845,0.011228121817111969,0.0003545756529395779,0.6268571428571429
6,193,uniform,sample_aware,0,0.5,0.5,0.5,0.24980937275621626,0.023541739417446986,0.04649746004078123,0.5683519376648797,0.1182816732260916,0.00902470439258549,0.0002819102567931016,0.6294285714285714
6,194,uniform,sample_aware,0,0.5,0.5,0.5,0.23676415946748522,0.02355250633425183,0.034217193722724915,0.5569865306218466,0.11949020293023851,0.007377061216781537,0.00023414470746906268,0.63
6,195,uniform,sample_aware,0,0.5,0.5,0.5,0.22493566075960794,0.0224763767586814,0.02754736298488246,0.5507700509495206,0.11691002878877851,0.005672976943767733,0.00017679368870125877,0.6297142857142857
6,196,uniform,sample_aware,0,0.5,0.5,0.5,0.22341699567106035,0.022553478678067524,0.02595638359586398,0.5428615874714322,0.1181121493379275,0.004840231604046292,0.0001774256751458678,0.6291428571428571
6,197,uniform,sample_aware,0,0.5,0.5,0.5,0.22814290391074288,0.022904986929562356,0.026771144941449165,0.5491776333914863,0.1213699844148424,0.004211888648569584,0.00014616731399049362,0.6291428571428571
6,198,uniform,sample_aware,0,0.5,0.5,0.5,0.2207444343301985,0.022573605593707826,0.02407830436196592,0.54319257206387,0.11761613024605645,0.004158919547787971,0.0001553529097388188,0.6274285714285714
6,199,uniform,sample_aware,0,0.5,0.5,0.5,0.22126033736599815,0.022246648247043293,0.02259064693417814,0.5446242160267301,0.11962493177917269,0.004498775841461288,0.0001725954676253928,0.6302857142857143
6,200,uniform,sample_aware,0,0.5,0.5,0.5,0.21872280869219038,0.022555169545941882,0.022981419331497617,0.5360511144002279,0.11731284028953975,0.00434299682577451,0.00019354371923125454,0.6274285714285714
7,1,uniform,sample_aware,0,0.5,0.5,0.5,2.807262380917867,1.1630171802308824,1.093743666705854,2.8037346733940973,0.15001119507683647,0.2287534260087543,0.01148030006637176,0.52525
7,2,uniform,sample_aware,0,0.5,0.5,0.5,1.797934306992425,0.9696957667668661,0.3643134898609585,2.6699371337890625,0.1474133398797777,0.09448637151055866,0.004549564923056298,0.5505
7,3,uniform,sample_aware,0,0.5,0.5,0.5,1.3582632806566026,0.7677464021576775,0.18019237286514705,2.4506103462643094,0.14289780292246076,0.04267150287826856,0.002059771006719934,0.5535
7,4,uniform,sample_aware,0,0.5,0.5,0.5,1.143053756819831,0.6487970683309767,0.10699511484967338,2.353980408774482,0.1409742765956455,0.02072663377556536,0.0010519340220424864,0.55925
7,5,uniform,sample_aware,0,0.5,0.5,0.5,0.9975245462523566,0.5513105193773905,0.07402983142269982,2.2454469203948975,0.14178688161902958,0.011083736498322751,0.0006214914675284591,0.56125
7,6,uniform,sample_aware,0,0.5,0.5,0.5,0.8983069128460355,0.47836535175641376,0.05698566966586643,2.1884204811520047,0.14073077175352308,0.0063540223571989275,0.00041212524390882917,0.56125
7,7,uniform,sample_aware,0,0.5,0.5,0.5,0.8315823078155518,0.42624197403589886,0.04975749055544535,2.1502661440107556,0.1382634292046229,0.0042890081078641945,0.0002965852424191932,0.56375
7,8,uniform,sample_aware,0,0.5,0.5,0.5,0.7688801089922587,0.37786679797702366,0.044328091045220695,2.092091745800442,0.13574347231123182,0.0032078903685841295,0.0002572190132923424,0.567
7,9,uniform,sample_aware,0,0.5,0.5,0.5,0.7276257673899332,0.342679222424825,0.04139454124702348,2.0541230307685003,0.13663228187296125,0.002775797982596689,0.0002390326957942711,0.56675
7,10,uniform,sample_aware,0,0.5,0.5,0.5,0.6855972740385268,0.31276753213670516,0.03851328293482462,1.998560110727946,0.13306498693095314,0.002577143954113126,0.0002137579787005153,0.569
7,11,uniform,sample_aware,0,0.5,0.5,0.5,0.6497410204675462,0.28243740399678546,0.03638430353668001,1.9815059900283813,0.13141991363631356,0.0024742010411702925,0.0002234226299656762,0.5685
7,12,uniform,sample_aware,0,0.5,0.5,0.5,0.6279717617564731,0.26650527947478825,0.03674428868624899,1.9180982642703586,0.1315697497791714,0.002450232859700918,0.00023501480205191506,0.56925
7,13,uniform,sample_aware,0,0.5,0.5,0.5,0.6080670952796936,0.24357455472151437,0.037140739460786186,1.904984884791904,0.13546299603250292,0.0025648537040170697,0.000215765121134205,0.56625
7,14,uniform,sample_aware,0,0.5,0.5,0.5,0.585795952214135,0.22630101276768577,0.039047523505157895,1.872374349170261,0.13176305757628548,0.002680676859906978,0.00021315826517012384,0.56975
7,15,uniform,sample_aware,0,0.5,0.5,0.5,0.5676390197541978,0.2156534708208508,0.03746920285953416,1.8458262019687228,0.128480710917049,0.0026802659914311436,0.0002257421082403097,0.56975
7,16,uniform,sample_aware,0,0.5,0.5,0.5,0.5495085914929708,0.1992927292982737,0.03810833187566863,1.8078195518917508,0.12978538456890318,0.002866345638823178,0.00021404434098965593,0.57025
7,17,uniform,sample_aware,0,0.5,0.5,0.5,0.5343213081359863,0.19050714870293936,0.03559871721598837,1.7740412288241916,0.1293234626452128,0.002731477867604958,0.0002442008117213845,0.57075
7,18,uniform,sample_aware,0,0.5,0.5,0.5,0.5173037913110521,0.17649044593175253,0.0362443443801668,1.7474020719528198,0.1282189612587293,0.0029853683275481067,0.0002342736051003966,0.56975
7,19,uniform,sample_aware,0,0.5,0.5,0.5,0.5042479832967123,0.1680695397986306,0.034319936401314206,1.720920377307468,0.12820584740903643,0.0028959890672316155,0.0002252302236027188,0.573
7,20,uniform,sample_aware,0,0.5,0.5,0.5,0.4922730094856686,0.1602950758404202,0.03135924662152926,1.6919649044672649,0.12983128262890709,0.002946309098559949,0.00023550089422820343,0.571
7,21,uniform,sample_aware,0,0.5,0.5,0.5,0.48230045702722335,0.15221737325191498,0.030631211896737415,1.6861951483620539,0.1293933110104667,0.002670500168783797,0.00020758487517014146,0.57375
7,22,uniform,sample_aware,0,0.5,0.5,0.5,0.4661831259727478,0.14340320726235709,0.03230539460976919,1.6381237904230754,0.1251700015531646,0.0027631038748141793,0.00022118368522367545,0.57175
7,23,uniform,sample_aware,0,0.5,0.5,0.5,0.4608358012305366,0.13662915180126825,0.032505965481201805,1.630025479528639,0.12723429252703986,0.0027072258138408265,0.00022046281568085155,0.5715
7,24,uniform,sample_aware,0,0.5,0.5,0.5,0.4484146767192417,0.1287687180770768,0.030758214700553153,1.5973886383904352,0.12762276828289032,0.0028211939821226727,0.00023101309003929296,0.57325
7,25,uniform,sample_aware,0,0.5,0.5,0.5,0.4336829251713223,0.12060041311714384,0.030236509318153065,1.5726996925142076,0.12408968723482555,0.002777740721487337,0.00019494294732188186,0.571
7,26,uniform,sample_aware,0,0.5,0.5,0.5,0.43062475985950893,0.11921732293234931,0.03069404202202956,1.5455793407228258,0.124615754518244,0.002863973430875275,0.00021541581696106328,0.573
7,27,uniform,sample_aware,0,0.5,0.5,0.5,0.42416980531480575,0.11238279690345128,0.028677311208513048,1.5276143948237102,0.12887266195482677,0.0027526220720675257,0.00019855357499586212,0.57025
7,28,uniform,sample_aware,0,0.5,0.5,0.5,0.41296648648050094,0.1075633101993137,0.029464019669426814,1.5059686369366116,0.12382928447590934,0.0028066537860367033,0.00021934983993156088,0.57525
7,29,uniform,sample_aware,0,0.5,0.5,0.5,0.4075692858960893,0.10187096728218926,0.030710586864087317,1.488877190483941,0.12459497567680147,0.0028152105191515554,0.00019484566938545968,0.57
7,30,uniform,sample_aware,0,0.5,0.5,0.5,0.4097867144478692,0.10047449088758892,0.03307173897822698,1.4718743960062664,0.12741315944327247,0.0030589712421513265,0.00022079829876828525,0.57
7,31,uniform,sample_aware,0,0.5,0.5,0.5,0.41020083758566117,0.09768943654166327,0.03771939915087488,1.4491655826568604,0.12813549240430197,0.0032685172433654466,0.00021137382524708906,0.5715
7,32,uniform,sample_aware,0,0.5,0.5,0.5,0.40225136280059814,0.09474355561865701,0.035144764516088695,1.433869269159105,0.12706420405043495,0.003596728150215414,0.00022708244958064624,0.572
7,33,uniform,sample_aware,0,0.5,0.5,0.5,0.3934480879041884,0.09063179128699833,0.03313948627975252,1.4146553807788425,0.1262071223722564,0.0037818908587925965,0.00022640551388677623,0.57325
7,34,uniform,sample_aware,0,0.5,0.5,0.5,0.3806215888924069,0.08684622413582271,0.02935483492910862,1.3893100288179185,0.12351937343676885,0.003710511037045055,0.00022980074087778726,0.575
7,35,uniform,sample_aware,0,0.5,0.5,0.5,0.3722685178120931,0.08254000461763805,0.029307176048556965,1.3683409690856934,0.1219148768319024,0.0031649917364120483,0.00017974104654664794,0.5735
7,36,uniform,sample_aware,0,0.5,0.5,0.5,0.37220805552270675,0.08126863671673669,0.029927054834034707,1.3558945920732286,0.12384004808134502,0.0029659180177582633,0.00019977355582846535,0.57375
7,37,uniform,sample_aware,0,0.5,0.5,0.5,0.3683784670299954,0.07798652433686787,0.03037442225548956,1.342192702823215,0.12417639129691654,0.0030488650469730296,0.0001948534045368433,0.5715
7,38,uniform,sample_aware,0,0.5,0.5,0.5,0.37884609235657585,0.07819926573170556,0.03993001952767372,1.3345180617438421,0.12546581112676197,0.0033929808479216364,0.00020539532286218472,0.575
7,39,uniform,sample_aware,0,0.5,0.5,0.5,0.3762924803627862,0.0754298327697648,0.040584789796008006,1.3244190083609686,0.12566147993008295,0.004092942302425702,0.0002560065153779255,0.571
7,40,uniform,sample_aware,0,0.5,0.5,0.5,0.3691631356875102,0.07297757019599278,0.03793160989880562,1.3034324248631795,0.12573145661089155,0.004136199933580226,0.00022230482944804762,0.572
7,41,uniform,sample_aware,0,0.5,0.5,0.5,0.36214520202742684,0.07128434048758613,0.03403792530298233,1.2920139233271282,0.1255429908633232,0.003945354139432311,0.000211755208308912,0.57
7,42,uniform,sample_aware,0,0.5,0.5,0.5,0.35138920611805385,0.06946055094401042,0.032734357855386205,1.2570617861217923,0.12141327477163738,0.003936503108383881,0.00021315792239167623,0.57
7,43,uniform,sample_aware,0,0.5,0.5,0.5,0.34899552663167316,0.06770261459880406,0.030349491371048823,1.2478291193644206,0.12430229038000107,0.0035255255384577643,0.00019090956387420496,0.5765
7,44,uniform,sample_aware,0,0.5,0.5,0.5,0.34319433238771224,0.0656328871846199,0.030465435029731855,1.240639090538025,0.12130900555186802,0.0032613422566403947,0.00018482529170190295,0.57475
7,45,uniform,sample_aware,0,0.5,0.5,0.5,0.34338344799147713,0.06436538654896948,0.03204236345158683,1.2097350888782077,0.12432748907142216,0.0031676123487866586,0.00018178289368127784,0.57375
7,46,uniform,sample_aware,0,0.5,0.5,0.5,0.34147118197547066,0.06349973504741986,0.0330218304362562,1.2183692190382216,0.12138982696665658,0.003258727697862519,0.00018699037092220451,0.577
7,47,uniform,sample_aware,0,0.5,0.5,0.5,0.34113358457883197,0.06284209133850203,0.0347388448814551,1.1913042333390977,0.12249216271771325,0.0036715915840533045,0.00018852583727695874,0.57875
7,48,uniform,sample_aware,0,0.5,0.5,0.5,0.33435894383324516,0.06027696943945355,0.032574455357260175,1.1725103590223525,0.12232550150818294,0.0036865794099867344,0.00017539446707814932,0.57375
7,49,uniform,sample_aware,0,0.5,0.5,0.5,0.3320704731676314,0.058924188216527305,0.031382262292835444,1.1664887534247503,0.12308525294065475,0.0038667157447586455,0.00019306369358673692,0.577
7,50,uniform,sample_aware,0,0.5,0.5,0.5,0.3408799966176351,0.05909628586636649,0.039372868835926056,1.1606537501017253,0.12431699865394169,0.003870918855278028,0.00018601808308934173,0.57225
7,51,uniform,sample_aware,0,0.5,0.5,0.5,0.33871813615163165,0.05742191192176607,0.04214527913265758,1.1467451254526775,0.1222031679418352,0.004326920956373215,0.00021959627823283276,0.57725
7,52,uniform,sample_aware,0,0.5,0.5,0.5,0.33363974425527787,0.05733286837736765,0.03851424819893307,1.1280176507102118,0.12253399441639583,0.004689562962287002,0.0002241687486983008,0.57475
7,53,uniform,sample_aware,0,0.5,0.5,0.5,0.3366043269634247,0.05669954833057192,0.04027108516958025,1.1255228122075398,0.12454201032718022,0.00487340572807524,0.00020539904815248318,0.5785
7,54,uniform,sample_aware,0,0.5,0.5,0.5,0.32910275128152633,0.05505670027600394,0.03718021884560585,1.1053313546710544,0.12387383894787894,0.004715907335695293,0.0002017945710880061,0.577
7,55,uniform,sample_aware,0,0.5,0.5,0.5,0.32178623808754814,0.053292510824071035,0.03362237765557236,1.1021571424272325,0.12234981771972445,0.004413134806479017,0.00019848207011818886,0.575
7,56,uniform,sample_aware,0,0.5,0.5,0.5,0.3195269703865051,0.05290146544575691,0.034930816748076014,1.0809890296724107,0.12143597255150478,0.00412610312923789,0.00019353053196229867,0.5745
7,57,uniform,sample_aware,0,0.5,0.5,0.5,0.3217806816101074,0.05343772926264339,0.03540056343707773,1.076048149002923,0.12319697108533648,0.004093832853767607,0.00018737138533550833,0.57925
7,58,uniform,sample_aware,0,0.5,0.5,0.5,0.3170790473620097,0.050968910257021584,0.0327948783006933,1.0638477669821844,0.1248064794474178,0.004065547112582458,0.0001824672282156017,0.57525
7,59,uniform,sample_aware,0,0.5,0.5,0.5,0.31698329581154716,0.05163785691062609,0.034165369553698435,1.0531460046768188,0.12361874596940146,0.004296964163788491,0.00019648798560309742,0.58025
7,60,uniform,sample_aware,0,0.5,0.5,0.5,0.3172307809193929,0.05019243061542511,0.035674837314420275,1.0444097651375666,0.12455295854144627,0.004535008325344986,0.00020413852891781263,0.57525
7,61,uniform,sample_aware,0,0.5,0.5,0.5,0.31128809849421185,0.049242935246891446,0.032822547066542834,1.0384212467405531,0.12316630283991496,0.004235581650088231,0.00019278471073549654,0.578
7,62,uniform,sample_aware,0,0.5,0.5,0.5,0.30990369783507454,0.04891290764013926,0.03212263352341122,1.0254266725646124,0.1242691319849756,0.003938469259689252,0.00017424840997490619,0.5775
7,63,uniform,sample_aware,0,0.5,0.5,0.5,0.3082079854276445,0.04845369027720557,0.031210582082470257,1.0178883804215326,0.12478768659962548,0.003755914875202709,0.00017845073145710758,0.575
7,64,uniform,sample_aware,0,0.5,0.5,0.5,0.30193297730551827,0.047795858648088246,0.028962222652302846,1.0033136010169983,0.12280807478560342,0.003891954922841655,0.00017895308297334446,0.57825
7,65,uniform,sample_aware,0,0.5,0.5,0.5,0.2985178828239441,0.04593179706070158,0.028589678100413747,0.9927286638153924,0.1226485272248586,0.003965712023071117,0.0001843001874577668,0.57875
7,66,uniform,sample_aware,0,0.5,0.5,0.5,0.29522933893733555,0.046447142544719905,0.026476545880238216,0.9810176028145684,0.12214694420496623,0.003930330328229401,0.0001835592556744814,0.579
7,67,uniform,sample_aware,0,0.5,0.5,0.5,0.2919812732272678,0.04561608822809325,0.02437176990012328,0.9839023815260993,0.1218289468023512,0.003374766247967879,0.00017369824409898784,0.57875
7,68,uniform,sample_aware,0,0.5,0.5,0.5,0.29473027255800033,0.04437741430269347,0.02437438898616367,0.9762666424115499,0.12673189325465095,0.003089095750409696,0.00015072461165901687,0.57825
7,69,uniform,sample_aware,0,0.5,0.5,0.5,0.2849414514170753,0.04325784660047955,0.02203427565594514,0.9565431608094109,0.12252090705765618,0.002798020270549589,0.00015019401002468335,0.579
7,70,uniform,sample_aware,0,0.5,0.5,0.5,0.2870640092425876,0.04372798858417405,0.02308990599380599,0.9586303101645576,0.12292455550697115,0.0027562204955352675,0.00016082953920380937,0.58
7,71,uniform,sample_aware,0,0.5,0.5,0.5,0.284572485420439,0.04430049409468969,0.022077103041940264,0.9508629706170824,0.12170585989952087,0.0026494731557452017,0.0001559852454293933,0.5785
7,72,uniform,sample_aware,0,0.5,0.5,0.5,0.2826603386137221,0.04393816118439039,0.02417978685763147,0.9320537315474616,0.12004240271117952,0.00245650968928304,0.00013272262488802275,0.5825
7,73,uniform,sample_aware,0,0.5,0.5,0.5,0.283483581410514,0.04366831771201558,0.02414017149971591,0.9235187570254008,0.12188377148575252,0.0027341558339281213,0.00014474257154183256,0.58
7,74,uniform,sample_aware,0,0.5,0.5,0.5,0.283844788869222,0.04259936842653486,0.02440761091808478,0.9240994387202792,0.12300438516669804,0.002696742122578952,0.0001502091569515566,0.581
7,75,uniform,sample_aware,0,0.5,0.5,0.5,0.2808050811290741,0.04216155078676012,0.023512257470024958,0.9250372979376051,0.1211203932762146,0.0028764160039524236,0.00013787107956078317,0.57725
7,76,uniform,sample_aware,0,0.5,0.5,0.5,0.28147341145409477,0.041532856308751635,0.025687185012631945,0.905745161904229,0.12214839541249806,0.0029114482717381585,0.00014947784883487556,0.582
7,77,uniform,sample_aware,0,0.5,0.5,0.5,0.2821420265568627,0.04199023337827788,0.02529412487314807,0.8962262206607394,0.12375753621260326,0.0028103967973341546,0.00014461488980385993,0.57725
7,78,uniform,sample_aware,0,0.5,0.5,0.5,0.28623465365833706,0.041953929596477084,0.03039103891286585,0.8891451756159464,0.1233435869216919,0.0031212135476784576,0.00014194235619571473,0.58
7,79,uniform,sample_aware,0,0.5,0.5,0.5,0.2824145323700375,0.041375276529126696,0.027834831012619868,0.8949943515989516,0.12203243954314126,0.0031977223698049784,0.0001473572596700655,0.5795
7,80,uniform,sample_aware,0,0.5,0.5,0.5,0.2840212914678786,0.04063055126203431,0.03097425897916158,0.8869933618439568,0.12211783230304718,0.0030551881581130954,0.00014345613696301976,0.58
7,81,uniform,sample_aware,0,0.5,0.5,0.5,0.28521303335825604,0.04074537422921923,0.03435644507408142,0.8740903072886996,0.12089700582954618,0.003442613770150476,0.00016774234568907155,0.58025
7,82,uniform,sample_aware,0,0.5,0.5,0.5,0.28109719687038,0.04079517929090394,0.030108170583844185,0.8748132122887505,0.1206191016568078,0.0040034292162292534,0.00018340446210155884,0.58
7,83,uniform,sample_aware,0,0.5,0.5,0.5,0.278860158390469,0.03995161048240132,0.030198692447609372,0.8634109761979845,0.12023959391646916,0.004092646555768119,0.00016568334669702582,0.58025
7,84,uniform,sample_aware,0,0.5,0.5,0.5,0.2834255066182878,0.03970663332276874,0.03187453167306052,0.8665401471985711,0.12305490010314518,0.004099983230440153,0.00017087010201066732,0.58075
7,85,uniform,sample_aware,0,0.5,0.5,0.5,0.2806008524364895,0.03927171851197878,0.02910645388894611,0.8542966114150153,0.124692107240359,0.004029821294049422,0.00017199997091665864,0.57875
7,86,uniform,sample_aware,0,0.5,0.5,0.5,0.2767949402332306,0.03920102285014258,0.03096595551404688,0.8441858688990275,0.12012542287508647,0.003987905828075277,0.0001799982209275994,0.58125
7,87,uniform,sample_aware,0,0.5,0.5,0.5,0.27599288688765633,0.03897429837120904,0.02922516419655747,0.8439459138446384,0.12141099986102846,0.0038119490879277387,0.00016370889756621586,0.579
7,88,uniform,sample_aware,0,0.5,0.5,0.5,0.27482803662618,0.0381018573211299,0.03001169405049748,0.8299037946595086,0.12168353630436791,0.003915407565525836,0.0001657240467870401,0.57825
7,89,uniform,sample_aware,0,0.5,0.5,0.5,0.27437907457351685,0.03795694890949461,0.030299777785936993,0.833592414855957,0.12070350680086347,0.003956929159661134,0.00016225703034756912,0.58125
7,90,uniform,sample_aware,0,0.5,0.5,0.5,0.2761002116733127,0.03946806945734554,0.02994659770694044,0.8244223395983378,0.12208555307653216,0.004140799761646324,0.0001747103330368797,0.58125
7,91,uniform,sample_aware,0,0.5,0.5,0.5,0.2707955241203308,0.038149157332049474,0.026450557427273855,0.8153823945257399,0.12255066219303343,0.004048208188679483,0.00016561539895418618,0.58025
7,92,uniform,sample_aware,0,0.5,0.5,0.5,0.2728363573551178,0.037806905806064606,0.027282589218682714,0.8171009686258104,0.12387187778949738,0.004162328240151207,0.0001674405454347531,0.58175
7,93,uniform,sample_aware,0,0.5,0.5,0.5,0.2699802252981398,0.036485649231407374,0.029300654720928933,0.8133114708794488,0.12067232032616933,0.004217347026699119,0.000163558941696667,0.58075
7,94,uniform,sample_aware,0,0.5,0.5,0.5,0.2749039696322547,0.036843578020731606,0.030710687653885946,0.8119470940695869,0.12381504144933489,0.004492770078488522,0.0001871218749632438,0.5815
7,95,uniform,sample_aware,0,0.5,0.5,0.5,0.2774324350886875,0.03670786196986834,0.03646714467969206,0.7971068554454379,0.1221585480703248,0.004597146167523331,0.00017923968456064662,0.58175
7,96,uniform,sample_aware,0,0.5,0.5,0.5,0.2773309581809574,0.03774804828895463,0.033927206984824605,0.797158439954122,0.12331943627860811,0.005040020578437381,0.00020082263250110878,0.582
7,97,uniform,sample_aware,0,0.5,0.5,0.5,0.27688168154822457,0.03694027413924535,0.034311635626686945,0.7904853092299567,0.12395517114135954,0.005046985319091214,0.00020514560552934805,0.5825
7,98,uniform,sample_aware,0,0.5,0.5,0.5,0.27252909541130066,0.0357609527806441,0.0315303144355615,0.8022154437171088,0.1224997912844022,0.004841743813206752,0.00019123815905509723,0.58075
7,99,uniform,sample_aware,0,0.5,0.5,0.5,0.27013953526814777,0.03583851415250036,0.03160164525939359,0.7843731178177727,0.12174576272567113,0.004835850093513727,0.00019675046334870986,0.5805
7,100,uniform,sample_aware,0,0.5,0.5,0.5,0.27990825639830696,0.03662992206712564,0.03952170618706279,0.774422844250997,0.1236311826441023,0.00515619142808848,0.00021012352469066778,0.5815
7,101,uniform,sample_aware,0,0.5,0.5,0.5,0.27415992154015434,0.036536187761359744,0.035338790259427495,0.7826881673600938,0.12106181432803471,0.005672066006809473,0.00023653722989062467,0.58175
7,102,uniform,sample_aware,0,0.5,0.5,0.5,0.27126668559180367,0.035674471822049886,0.03191685573094421,0.7771789034207662,0.12321612818373574,0.005268261974884404,0.00021441591282685599,0.57925
7,103,uniform,sample_aware,0,0.5,0.5,0.5,0.27393022510740495,0.03569266200065613,0.03431833970050017,0.773350801732805,0.1241334014468723,0.004701676726755168,0.00019982186171950566,0.58375
7,104,uniform,sample_aware,0,0.5,0.5,0.5,0.2697927521334754,0.03512953552934858,0.03222790463931031,0.7656256622738309,0.12350016997920142,0.00455462917064627,0.00019051482538796135,0.58025
7,105,uniform,sample_aware,0,0.5,0.5,0.5,0.26793943179978263,0.03457958064973354,0.033655527565214366,0.760487351152632,0.12129852920770645,0.004519008927875095,0.00019510222935221263,0.58225
7,106,uniform,sample_aware,0,0.5,0.5,0.5,0.2639070285691155,0.034937420652972326,0.029988812903563183,0.7546559770901998,0.12113054676188363,0.004577126612679826,0.00019217066518548463,0.582
7,107,uniform,sample_aware,0,0.5,0.5,0.5,0.2664012511571248,0.034475056247578725,0.029978323727846146,0.7579065296385024,0.1238324749800894,0.004459669968734185,0.00018982313081829084,0.58475
7,108,uniform,sample_aware,0,0.5,0.5,0.5,0.2633293999565972,0.03448801984389623,0.029065352140201464,0.7462157938215468,0.1230300838748614,0.004077007787095176,0.00017170723165488907,0.58075
7,109,uniform,sample_aware,0,0.5,0.5,0.5,0.25874751640690696,0.033739805635478765,0.029285861179232597,0.740349272886912,0.1194604602124956,0.004277009051293135,0.00017592905917101435,0.5835
7,110,uniform,sample_aware,0,0.5,0.5,0.5,0.26829338404867387,0.0337930027809408,0.036628440436389714,0.7357844445440505,0.1218404612607426,0.004705237121217781,0.00020081765251234174,0.58325
7,111,uniform,sample_aware,0,0.5,0.5,0.5,0.27453746729426914,0.0344007590578662,0.04126391145918104,0.7359526554743449,0.12268036603927612,0.004996816886381971,0.00019750984696050486,0.58125
7,112,uniform,sample_aware,0,0.5,0.5,0.5,0.2850711445013682,0.034962100287278496,0.050422589398092695,0.7343189716339111,0.12299199319548076,0.006283662902812163,0.00024144334020093083,0.584
7,113,uniform,sample_aware,0,0.5,0.5,0.5,0.29756642712487114,0.034183611886368856,0.06105643179681566,0.741487960020701,0.12414768007066515,0.007796527300443914,0.00026330606649733253,0.58425
7,114,uniform,sample_aware,0,0.5,0.5,0.5,0.28343871898121303,0.033905881353550486,0.049126800149679184,0.7234688268767463,0.12407777789566252,0.007694237813767459,0.00026849814457818866,0.58525
7,115,uniform,sample_aware,0,0.5,0.5,0.5,0.27368634276919895,0.033583066115776695,0.04164838997854127,0.7283799714512296,0.12199986063771778,0.006983577739447355,0.00025046805644200905,0.58325
7,116,uniform,sample_aware,0,0.5,0.5,0.5,0.26726581652959186,0.033225970135794744,0.037248033616277904,0.7188789116011726,0.12149267229768965,0.006573141035106447,0.0002493346821413272,0.58
7,117,uniform,sample_aware,0,0.5,0.5,0.5,0.27250611119800144,0.03329738395081626,0.040338072925806046,0.7125701043340895,0.1243952140212059,0.006213196139368746,0.0002236639395252698,0.58525
7,118,uniform,sample_aware,0,0.5,0.5,0.5,0.2685467501481374,0.03388503173159228,0.03842468228605059,0.7116110854678683,0.1220896343390147,0.0057701971381902695,0.00020239915465936065,0.5785
7,119,uniform,sample_aware,0,0.5,0.5,0.5,0.26309843526946175,0.03279013621310393,0.03284230828285217,0.7102883458137512,0.12369671877887514,0.005284515571677023,0.00019636424258351326,0.5865
7,120,uniform,sample_aware,0,0.5,0.5,0.5,0.2567445718579822,0.033248803267876305,0.028239591047167778,0.7052876485718621,0.12227753798166911,0.004721503032164441,0.0001782508010769056,0.58425
7,121,uniform,sample_aware,0,0.5,0.5,0.5,0.2517232745885849,0.03192219862507449,0.025216817441913817,0.6959747738308377,0.12285757809877396,0.004089500367020567,0.00016890499197567502,0.58225
7,122,uniform,sample_aware,0,0.5,0.5,0.5,0.24911517567104763,0.032075043146808944,0.02496874870525466,0.6984102461073134,0.12032466299004024,0.003658513460929195,0.00015287704041434659,0.583
7,123,uniform,sample_aware,0,0.5,0.5,0.5,0.2556576348013348,0.0324652006642686,0.02846393154727088,0.6868077251646254,0.12419692592488395,0.0035420156135741207,0.0001595849171280861,0.585
7,124,uniform,sample_aware,0,0.5,0.5,0.5,0.2542262060774697,0.03194895448784033,0.030234713935189776,0.6938012705908881,0.12081834591097301,0.003520647089721428,0.00016748658769453564,0.58175
7,125,uniform,sample_aware,0,0.5,0.5,0.5,0.2592938972844018,0.03190855930248896,0.03325318545103073,0.6927033530341254,0.12264638228548898,0.004221700623424517,0.00020916169483421577,0.58475
7,126,uniform,sample_aware,0,0.5,0.5,0.5,0.2601427121294869,0.03247029437787003,0.03209816788633665,0.6918414235115051,0.12399544898006651,0.00457705319341686,0.00021225808369409706,0.58225
7,127,uniform,sample_aware,0,0.5,0.5,0.5,0.26174400912390816,0.03218605327937338,0.0366897601634264,0.6965618265999688,0.12061400711536407,0.0049673982171548735,0.00022861056236757172,0.5835
7,128,uniform,sample_aware,0,0.5,0.5,0.5,0.2681466059552299,0.031092228574885264,0.04072737362649706,0.6964058081309,0.12383153786261876,0.005481782058874766,0.00022798288328987028,0.584
7,129,uniform,sample_aware,0,0.5,0.5,0.5,0.2690320114294688,0.031530912758575544,0.043640166934993535,0.6801660060882568,0.12237196912368138,0.006666945293545723,0.00027775785808141035,0.583
7,130,uniform,sample_aware,0,0.5,0.5,0.5,0.267127384742101,0.03190817559758822,0.04076465840140978,0.6815787222650316,0.12256311790810691,0.007173856616848045,0.0002932616173186236,0.5845
7,131,uniform,sample_aware,0,0.5,0.5,0.5,0.2598761369784673,0.03151384347842799,0.03626185945338673,0.6730186409420438,0.12127259373664856,0.006794308467457692,0.0002576338334216012,0.585
7,132,uniform,sample_aware,0,0.5,0.5,0.5,0.2564312219619751,0.03098557537628545,0.031957921468549304,0.6779870655801561,0.12254624565442403,0.006043039055334197,0.00024250833343507515,0.58125
7,133,uniform,sample_aware,0,0.5,0.5,0.5,0.2556901044315762,0.030817638461788494,0.030349155887961388,0.6721803148587545,0.12424168487389882,0.005894859373155568,0.00023232792995663153,0.585
7,134,uniform,sample_aware,0,0.5,0.5,0.5,0.25529801183276707,0.03064264336393939,0.030702436135874853,0.6695609887441,0.12430692712465923,0.005153881127221717,0.00022593190401999487,0.5845
7,135,uniform,sample_aware,0,0.5,0.5,0.5,0.25325515535142684,0.030844865780737665,0.029070052835676406,0.669095536073049,0.12390882770220439,0.004831774522446924,0.0002119290099168817,0.583
7,136,uniform,sample_aware,0,0.5,0.5,0.5,0.25047337015469867,0.030694711953401566,0.02793799340724945,0.6588389608595107,0.1236055667201678,0.004511956177237961,0.00019044301653694775,0.586
7,137,uniform,sample_aware,0,0.5,0.5,0.5,0.25521638327174717,0.030454161680406995,0.031206134499775037,0.6631665693389045,0.12487199323044883,0.0045375821905003656,0.00019730329384199448,0.58625
7,138,uniform,sample_aware,0,0.5,0.5,0.5,0.25245151586002773,0.02964908919400639,0.030275534838438034,0.6705206235249838,0.12301216605636808,0.004720866731885407,0.00020445794669083424,0.587
7,139,uniform,sample_aware,0,0.5,0.5,0.5,0.24619587262471518,0.030127982298533123,0.02565091434452269,0.6546470059288872,0.12268896649281184,0.004332366399466991,0.00019424671902217798,0.5855
7,140,uniform,sample_aware,0,0.5,0.5,0.5,0.24385284218523237,0.029403934876124065,0.02448414224717352,0.6551252206166586,0.12255899525350994,0.0036269972463034922,0.0001594931947895222,0.58675
7,141,uniform,sample_aware,0,0.5,0.5,0.5,0.2518981380595101,0.029912784074743588,0.0330103917254342,0.6507363650533888,0.12204208059443368,0.0035692351715018353,0.00014924481769816743,0.579
7,142,uniform,sample_aware,0,0.5,0.5,0.5,0.2694673505094316,0.030406172904703353,0.047571623904837504,0.6611745225058662,0.12318052848180135,0.004186858759365148,0.00019628469858111607,0.58125
7,143,uniform,sample_aware,0,0.5,0.5,0.5,0.2669984433386061,0.029951243557863765,0.04186334212621053,0.6650452746285332,0.12595821999841267,0.005213948535836405,0.00022826817843856083,0.584
7,144,uniform,sample_aware,0,0.5,0.5,0.5,0.25104399687714046,0.02990530038045512,0.03195899828440613,0.6518613364961412,0.1214891994992892,0.004810825455933809,0.0001978903504398962,0.5845
7,145,uniform,sample_aware,0,0.5,0.5,0.5,0.2465492950545417,0.02960941878457864,0.026640505012538698,0.6513512598143684,0.1228612172934744,0.004421091509155101,0.00018494623428624537,0.58475
7,146,uniform,sample_aware,0,0.5,0.5,0.5,0.24133961564964718,0.028827991129623518,0.022090803417894576,0.6439271436797248,0.1238880529999733,0.0041143766656104065,0.00016573135508224368,0.584
7,147,uniform,sample_aware,0,0.5,0.5,0.5,0.23647867805427975,0.02901467101441489,0.02216594707634714,0.6208816965421041,0.12117557227611542,0.003913106215703819,0.00015552942770429782,0.5855
7,148,uniform,sample_aware,0,0.5,0.5,0.5,0.2361549304591285,0.029097886549101934,0.020187364891171455,0.6316617925961813,0.12203166385491689,0.0032094464275158113,0.00013421814785235457,0.58425
7,149,uniform,sample_aware,0,0.5,0.5,0.5,0.2346573935614692,0.028386115613910887,0.021205021896296077,0.6266465849346585,0.12086463222901027,0.002943971556507879,0.00012995939080913862,0.584
7,150,uniform,sample_aware,0,0.5,0.5,0.5,0.24046718080838522,0.02885617336465253,0.02124190703034401,0.6330029169718424,0.12558448231882519,0.0028335542625023257,0.0001350950333289802,0.5845
7,151,uniform,sample_aware,0,0.5,0.5,0.5,0.23613563511106703,0.028676720336079597,0.019879600654045742,0.6298483080334134,0.12312369545300801,0.00280861339221398,0.00013295698186589612,0.5845
7,152,uniform,sample_aware,0,0.5,0.5,0.5,0.23530918856461844,0.028433252332939044,0.019808600346247356,0.6278892358144125,0.12287427236636479,0.002687219271643294,0.00012107201231022675,0.5835
7,153,uniform,sample_aware,0,0.5,0.5,0.5,0.23501884771717918,0.028591860499646928,0.020735861112674076,0.6224671337339613,0.12212720347775353,0.002511307726510697,0.0001231060078781512,0.5835
7,154,uniform,sample_aware,0,0.5,0.5,0.5,0.2361387080616421,0.028580705324808758,0.021052933608492214,0.6260825726721022,0.12260144203901291,0.0024791864367822805,0.00011154509330582287,0.58125
7,155,uniform,sample_aware,0,0.5,0.5,0.5,0.2455445412132475,0.028857912661300764,0.030769239283270307,0.6221162411901686,0.12220703313748042,0.002862982658876313,0.00013448177034863166,0.58175
7,156,uniform,sample_aware,0,0.5,0.5,0.5,0.25625184343920815,0.02850882274409135,0.0384755844457282,0.6330791711807251,0.12385773079262839,0.004027884763975938,0.00017569775486158,0.58175
7,157,uniform,sample_aware,0,0.5,0.5,0.5,0.25588108433617485,0.02855408853954739,0.038015243079927236,0.6325665911038717,0.12361675169732836,0.004656810779124498,0.0002198593509900901,0.58525
7,158,uniform,sample_aware,0,0.5,0.5,0.5,0.24784955382347107,0.028781019151210785,0.0328695983108547,0.6234745250807868,0.12148647507031758,0.004546099963287513,0.00018391791834599443,0.58275
7,159,uniform,sample_aware,0,0.5,0.5,0.5,0.24928520454300773,0.02857868414786127,0.03349835818840398,0.6167341338263618,0.12327648864852057,0.004333073221560981,0.00018344366172742512,0.585
7,160,uniform,sample_aware,0,0.5,0.5,0.5,0.24863836500379774,0.02866892454524835,0.034775744709703654,0.6195507446924845,0.12087217801147038,0.004536788031044934,0.00019609834998846054,0.58025
7,161,uniform,sample_aware,0,0.5,0.5,0.5,0.24704288774066502,0.02894572810166412,0.03355852700769901,0.6202697356541952,0.12014893194039662,0.004547967937671476,0.00017748747874672213,0.5835
7,162,uniform,sample_aware,0,0.5,0.5,0.5,0.2436740001042684,0.028303650104337268,0.03168788241843382,0.6086968183517456,0.12046348055203755,0.004517728462815285,0.000180881108260817,0.5835
7,163,uniform,sample_aware,0,0.5,0.5,0.5,0.24441195858849418,0.028296666219830513,0.029989233447445765,0.6128385596805148,0.12247392535209656,0.00455552065331075,0.00018103937489084073,0.584
7,164,uniform,sample_aware,0,0.5,0.5,0.5,0.2458929585085975,0.028044300567772653,0.03288388024601671,0.610629161198934,0.12163169516457452,0.004381922073662281,0.0001584178470592532,0.5865
7,165,uniform,sample_aware,0,0.5,0.5,0.5,0.24796797831853232,0.027546963137057092,0.036170688561267324,0.6104307638274299,0.12073856592178345,0.004753228276968002,0.0001841402004679872,0.58175
7,166,uniform,sample_aware,0,0.5,0.5,0.5,0.24547249409887525,0.028021576917833753,0.03282918056680097,0.6127287414338853,0.12095165997743607,0.004620305003805293,0.0001740923746385508,0.5865
7,167,uniform,sample_aware,0,0.5,0.5,0.5,0.25001293420791626,0.027780841208166547,0.03859772409001986,0.6000987423790826,0.12103432582484351,0.00499259727075696,0.0001877368906409376,0.583
7,168,uniform,sample_aware,0,0.5,0.5,0.5,0.25848878423372906,0.028567425285776455,0.04349703797035747,0.6109477943844266,0.12243849701351589,0.005562640881786744,0.0002194492262788117,0.58325
7,169,uniform,sample_aware,0,0.5,0.5,0.5,0.25977713035212624,0.028712102729413245,0.04242004081606865,0.6135658754242791,0.12403980808125602,0.006256122090336349,0.00024105232700498568,0.5815
7,170,uniform,sample_aware,0,0.5,0.5,0.5,0.2906916340192159,0.02891997227238284,0.07313721875349681,0.6180690063370599,0.12221150431368086,0.00889771550686823,0.00033437205193978216,0.583
7,171,uniform,sample_aware,0,0.5,0.5,0.5,0.2680191993713379,0.028338924878173403,0.05350395002298885,0.6099690463807848,0.12056352198123932,0.008901305600172944,0.00033047038596123457,0.584
7,172,uniform,sample_aware,0,0.5,0.5,0.5,0.2720755835374196,0.028036536027987797,0.05760311914814843,0.612179868751102,0.12082198593351576,0.008457508352067735,0.00033438345417380333,0.583
7,173,uniform,sample_aware,0,0.5,0.5,0.5,0.277710434463289,0.028833754360675812,0.0603829895456632,0.6142653028170267,0.12229694094922808,0.009173122338122792,0.00036730737580607337,0.58
7,174,uniform,sample_aware,0,0.5,0.5,0.5,0.2732089360555013,0.027773267072108056,0.05539369251992968,0.6177638239330716,0.12370202855931388,0.008830491970810626,0.0002966388387398587,0.58175
7,175,uniform,sample_aware,0,0.5,0.5,0.5,0.2620308581325743,0.02779560929371251,0.048722416162490845,0.602769758966234,0.12068091498480903,0.008802903402182791,0.00030698120180103515,0.58
7,176,uniform,sample_aware,0,0.5,0.5,0.5,0.2569006962908639,0.02736956025991175,0.04027164065175586,0.6047406329049004,0.12492223415109846,0.007470814355959495,0.0002555910743669503,0.5805
7,177,uniform,sample_aware,0,0.5,0.5,0.5,0.2519925253258811,0.02706405810183949,0.04025153319040934,0.6087281836403741,0.12028305480877559,0.006781312637031078,0.0002608034927915368,0.5855
7,178,uniform,sample_aware,0,0.5,0.5,0.5,0.2782040370835198,0.027971681621339586,0.06017611506912443,0.6093214088016086,0.12504993793037203,0.007890294512940777,0.0002580263276791407,0.58825
7,179,uniform,sample_aware,0,0.5,0.5,0.5,0.27339907818370396,0.027911042587624654,0.0552678397960133,0.6119774248864915,0.12441087928083208,0.008939018421288993,0.00028413786397626,0.5855
7,180,uniform,sample_aware,0,0.5,0.5,0.5,0.26712580853038365,0.027800998960932095,0.049032008896271385,0.6082102391454909,0.12542927347951466,0.007818124463988675,0.0002668789950095945,0.58125
7,181,uniform,sample_aware,0,0.5,0.5,0.5,0.2554910199509727,0.02741552682386504,0.04163215806086858,0.6037370695008172,0.1225597792201572,0.00679361747784747,0.00022608480907769667,0.58275
7,182,uniform,sample_aware,0,0.5,0.5,0.5,0.24714484810829163,0.02747295403646098,0.03626945801079273,0.5877586801846822,0.12178734441598256,0.005491581383264727,0.0001868648364001678,0.58275
7,183,uniform,sample_aware,0,0.5,0.5,0.5,0.2398717204729716,0.026652422216203477,0.028100094861454435,0.5961008071899414,0.12314783616198434,0.004566492409341865,0.00015607778914272785,0.58525
7,184,uniform,sample_aware,0,0.5,0.5,0.5,0.23278222978115082,0.026233923724955983,0.024479267083936267,0.585253530078464,0.12143776234653261,0.0040490342976732385,0.00016281756365464794,0.581
7,185,uniform,sample_aware,0,0.5,0.5,0.5,0.23004022571775648,0.0261381682422426,0.023574549704790115,0.5760832693841722,0.1207856395178371,0.003703092276636097,0.00016398746649631194,0.5825
7,186,uniform,sample_aware,0,0.5,0.5,0.5,0.22801783018642002,0.0259089358150959,0.01995545108285215,0.5783202052116394,0.12230779478947322,0.0038506563804629776,0.0001765962483154403,0.5825
7,187,uniform,sample_aware,0,0.5,0.5,0.5,0.22430354356765747,0.025088272367914517,0.01980865891608927,0.5768750309944153,0.12013637440072165,0.0030258053448051214,0.00013966759433969855,0.58275
7,188,uniform,sample_aware,0,0.5,0.5,0.5,0.22264893187416923,0.02541915203134219,0.01956652808520529,0.5735984444618225,0.11898888399203618,0.0025191647259311545,0.00010988442873996164,0.5825
7,189,uniform,sample_aware,0,0.5,0.5,0.5,0.22607191072569954,0.02581617298225562,0.01920067560341623,0.5699915356106229,0.12258791675170262,0.002805934391087956,0.00013004128252052597,0.58375
7,190,uniform,sample_aware,0,0.5,0.5,0.5,0.22351253198252785,0.024746306447519198,0.019799257732099958,0.5731102956665887,0.11993131455447939,0.003295476030972269,0.00015377176330528327,0.58425
7,191,uniform,sample_aware,0,0.5,0.5,0.5,0.23185238738854727,0.025652636049522295,0.022260284672180813,0.573911640379164,0.12483634303013484,0.003275888609803385,0.00014802464930754568,0.58175
7,192,uniform,sample_aware,0,0.5,0.5,0.5,0.23188245627615187,0.025105279145969286,0.02513900150855382,0.5688093039724562,0.12291104760434893,0.0035340586263272497,0.0001583369254755477,0.5845
7,193,uniform,sample_aware,0,0.5,0.5,0.5,0.23355840974383885,0.02521868919332822,0.026492758964498837,0.5713505744934082,0.12270490907960468,0.0038561654121925435,0.0001578211085870862,0.5795
7,194,uniform,sample_aware,0,0.5,0.5,0.5,0.23303269180986616,0.0256060477760103,0.024413982613219157,0.5731981529129876,0.12339962770541509,0.004394905589934852,0.0001915288157761097,0.58225
7,195,uniform,sample_aware,0,0.5,0.5,0.5,0.22829797863960266,0.025196602361069784,0.02281053364276886,0.571240676773919,0.12115975303782357,0.003833871748712328,0.0001801734971296456,0.5825
7,196,uniform,sample_aware,0,0.5,0.5,0.5,0.2260606156455146,0.025342413120799594,0.019876907269159954,0.5699736012352837,0.12208938350280125,0.003363076856152879,0.0001460244012479153,0.58075
7,197,uniform,sample_aware,0,0.5,0.5,0.5,0.2240914586517546,0.02557651388148467,0.01866589631471369,0.5689077576001486,0.12143242524729835,0.0029224430521329245,0.00012925940488154689,0.58375
7,198,uniform,sample_aware,0,0.5,0.5,0.5,0.22462250623438093,0.02595606901579433,0.01713464367720816,0.5676754381921556,0.1233762875199318,0.0026612244287712705,0.00011470078930465711,0.58375
7,199,uniform,sample_aware,0,0.5,0.5,0.5,0.22823299798700544,0.025558663118216727,0.02064031797150771,0.5640392965740628,0.12422840297222137,0.0026850365619692537,0.00011833048968886335,0.58175
7,200,uniform,sample_aware,0,0.5,0.5,0.5,0.22776712642775643,0.025150467952092487,0.021381868049502373,0.5688340663909912,0.12289094593789843,0.0027922909292909834,0.0001285787309623427,0.5825
8,1,uniform,sample_aware,0,0.5,0.5,0.5,2.7959653536478677,1.1457924180560641,1.092359392973271,2.805583847893609,0.15190829502211678,0.239872545003891,0.010821030164758364,0.5008888888888889
8,2,uniform,sample_aware,0,0.5,0.5,0.5,1.7327901124954224,0.9161382979816861,0.35421949956152177,2.663589742448595,0.14528848893112606,0.09725940227508545,0.004310340336006548,0.516
8,3,uniform,sample_aware,0,0.5,0.5,0.5,1.3155965672598944,0.7399985922707452,0.16761827965577444,2.4297392103407116,0.14244283073478275,0.042976265359256,0.0021496592736285594,0.5202222222222223
8,4,uniform,sample_aware,0,0.5,0.5,0.5,1.0848682589001126,0.6049106319745382,0.10064604381720225,2.2948844697740345,0.13884112901157802,0.020950700259870954,0.001013304870058265,0.5275555555555556
8,5,uniform,sample_aware,0,0.5,0.5,0.5,0.95259956518809,0.5127948787477281,0.0733456624050935,2.2288783391316733,0.13812704384326935,0.010349103767010901,0.000539150865127643,0.5266666666666666
8,6,uniform,sample_aware,0,0.5,0.5,0.5,0.8475442462497287,0.438726994726393,0.05545527943306499,2.14625350634257,0.13550573256280687,0.006119398244967063,0.0003423580783419311,0.5266666666666666
8,7,uniform,sample_aware,0,0.5,0.5,0.5,0.770235710673862,0.37963468498653835,0.04664971886409654,2.084089676539103,0.1334520313474867,0.003945295931771398,0.00023530560752583874,0.5237777777777778
8,8,uniform,sample_aware,0,0.5,0.5,0.5,0.7218139105372958,0.3452691634496053,0.04134890768263075,2.0234694480895996,0.13132051957978141,0.002870007107655207,0.00018675680298151242,0.5277777777777778
8,9,uniform,sample_aware,0,0.5,0.5,0.5,0.6819476087888082,0.3087925414244334,0.039032336324453354,1.9931038485633001,0.13341007133324942,0.0026252579409629107,0.00017928973021399643,0.5302222222222223
8,10,uniform,sample_aware,0,0.5,0.5,0.5,0.6387547055880228,0.2794197764661577,0.03619460099273258,1.9310520887374878,0.12879148291216957,0.0023265537650634847,0.00016071523229281107,0.5291111111111111
8,11,uniform,sample_aware,0,0.5,0.5,0.5,0.6118212077352736,0.2566102511352963,0.03607981031139692,1.8924134307437472,0.12868151151471668,0.002259890471274654,0.00015670055290684104,0.5286666666666666
8,12,uniform,sample_aware,0,0.5,0.5,0.5,0.5858762860298157,0.23850530054834154,0.03467433195975092,1.8425284491644964,0.1272972250978152,0.0021318155340850353,0.00016132757688562074,0.5284444444444445
8,13,uniform,sample_aware,0,0.5,0.5,0.5,0.5605360600683424,0.21927636033958858,0.03435918771558338,1.8067985110812717,0.1250704386168056,0.002143113162472016,0.00015732506290078163,0.5273333333333333
8,14,uniform,sample_aware,0,0.5,0.5,0.5,0.5414561761750115,0.20257250467936197,0.03409456999765502,1.7596129046546087,0.12763550794786876,0.002221666586895784,0.00016294677819435796,0.5308888888888889
8,15,uniform,sample_aware,0,0.5,0.5,0.5,0.5176232589615716,0.18728340499930912,0.032457614317536354,1.7208519644207425,0.12461825542979771,0.002200981433917251,0.00015658568332178725,0.5302222222222223
8,16,uniform,sample_aware,0,0.5,0.5,0.5,0.5058134098847707,0.17571021616458893,0.03483471584816774,1.6974297364552815,0.12430666387081146,0.002274789692213138,0.00016285955724823807,0.5317777777777778
8,17,uniform,sample_aware,0,0.5,0.5,0.5,0.4947805338435703,0.16684974564446342,0.03843254016505347,1.650956114133199,0.12313750469022328,0.0023690948728471994,0.00016116504169379672,0.5313333333333333
8,18,uniform,sample_aware,0,0.5,0.5,0.5,0.48722393645180595,0.16146261658933428,0.036834059904019036,1.6380340655644734,0.12383188721206453,0.002426629342759649,0.00015726587864466838,0.5315555555555556
8,19,uniform,sample_aware,0,0.5,0.5,0.5,0.46144604020648533,0.1452674087550905,0.03345815630422698,1.5988539854685466,0.12145544422997369,0.0025869961051891246,0.00017227518967249326,0.5313333333333333
8,20,uniform,sample_aware,0,0.5,0.5,0.5,0.45295185181829667,0.1397725674841139,0.03261622848610083,1.5687647263209026,0.1223948606186443,0.00242639250225491,0.00015704175328008004,0.5353333333333333
8,21,uniform,sample_aware,0,0.5,0.5,0.5,0.444719307952457,0.1348125868373447,0.032932758124338254,1.5486304759979248,0.12086913320753309,0.002329670668890079,0.0001538640159803132,0.5351111111111111
8,22,uniform,sample_aware,0,0.5,0.5,0.5,0.436739765935474,0.12700237333774567,0.03427149458891816,1.5189647012286716,0.12231392827298906,0.002356017344734735,0.0001549660680919058,0.5355555555555556
8,23,uniform,sample_aware,0,0.5,0.5,0.5,0.43015435006883407,0.12217752221557829,0.03587234061625269,1.4931023518244426,0.12148456358247334,0.0024614024182988536,0.00015794454763333002,0.5351111111111111
8,24,uniform,sample_aware,0,0.5,0.5,0.5,0.42072294155756634,0.11670996579858992,0.035561707698636584,1.4609384934107463,0.12100265671809514,0.0025454615760180685,0.00016407251435642442,0.5386666666666666
8,25,uniform,sample_aware,0,0.5,0.5,0.5,0.41398656699392533,0.11000450948874156,0.03591848206188944,1.4508179161283705,0.12155766288439433,0.0026873553223494026,0.00016087413273958696,0.538
8,26,uniform,sample_aware,0,0.5,0.5,0.5,0.40491682291030884,0.10540254828002718,0.03509937951134311,1.426673412322998,0.12032964577277501,0.0026855058191965022,0.00015030709457480244,0.5351111111111111
8,27,uniform,sample_aware,0,0.5,0.5,0.5,0.3962340255578359,0.10003325011995104,0.03405065731041961,1.4007188479105632,0.12065657393799888,0.0027038432243797514,0.00013946194667369127,0.5395555555555556
8,28,uniform,sample_aware,0,0.5,0.5,0.5,0.3921962281068166,0.09702534642484453,0.035046385808123484,1.3759736749860976,0.12106500483221477,0.002763723980428444,0.00016051587752170034,0.5408888888888889
8,29,uniform,sample_aware,0,0.5,0.5,0.5,0.39065229892730713,0.09496752172708511,0.035258294807540044,1.3647282653384738,0.12246833327743742,0.002818924555968907,0.00015169515326205228,0.5386666666666666
8,30,uniform,sample_aware,0,0.5,0.5,0.5,0.3834911551740434,0.09122238639328215,0.03641424535049333,1.3363595803578694,0.12071052690347035,0.0028624579620858035,0.0001535942816796402,0.5428888888888889
8,31,uniform,sample_aware,0,0.5,0.5,0.5,0.3785139388508267,0.08804018216000663,0.03684619441628456,1.3206008407804701,0.12004026025533676,0.00290264877387219,0.00015178966956833997,0.5424444444444444
8,32,uniform,sample_aware,0,0.5,0.5,0.5,0.368660075796975,0.08421704669793446,0.034186120662424296,1.3020591073566012,0.11847291555669573,0.0029908279733111462,0.0001653183458579911,0.5437777777777778
8,33,uniform,sample_aware,0,0.5,0.5,0.5,0.3678507109483083,0.08260041640864478,0.034337653468052544,1.2832343975702922,0.12104214479525884,0.002932356515278419,0.00016174963416738642,0.544
8,34,uniform,sample_aware,0,0.5,0.5,0.5,0.3595765266153548,0.07999586396747166,0.035077714257770114,1.2634569141599867,0.11659183022048739,0.0029827735593749415,0.00014807499893423583,0.5415555555555556
8,35,uniform,sample_aware,0,0.5,0.5,0.5,0.36037442088127136,0.07658025291230944,0.035161820550759636,1.2543478276994493,0.1216111969616678,0.0030227734500335324,0.00014993812267978987,0.5444444444444444
8,36,uniform,sample_aware,0,0.5,0.5,0.5,0.3547970387670729,0.07360247605376774,0.03554309035340945,1.232003887494405,0.12078241507212321,0.0031802099612024096,0.00015710952639993693,0.5448888888888889
8,37,uniform,sample_aware,0,0.5,0.5,0.5,0.34742434157265556,0.07218767040305668,0.03536191665463977,1.2023901409573026,0.11796839700804816,0.003168699667892522,0.0001659935611921052,0.5437777777777778
8,38,uniform,sample_aware,0,0.5,0.5,0.5,0.34174567129876876,0.06968845799565315,0.03595959498650498,1.1812113126118977,0.11628804190291299,0.0032274160637623733,0.00014947129723926386,0.5473333333333333
8,39,uniform,sample_aware,0,0.5,0.5,0.5,0.34148793750339085,0.06814315583970812,0.03334240491191546,1.1850144730673895,0.11965360409683651,0.0035319712737368215,0.00016268140946825346,0.5462222222222223
8,40,uniform,sample_aware,0,0.5,0.5,0.5,0.33038850625356037,0.06684896474083264,0.03153315414157179,1.1532245344585843,0.11499042809009552,0.003237452254527145,0.00014955146212337745,0.5464444444444444
8,41,uniform,sample_aware,0,0.5,0.5,0.5,0.3325068586402469,0.06524094690879186,0.031420011901193194,1.1448556449678209,0.11981805662314098,0.0029458147214932572,0.0001387234984172715,0.5515555555555556
8,42,uniform,sample_aware,0,0.5,0.5,0.5,0.3255157305134667,0.06306709845860799,0.028928724841939077,1.1310017903645833,0.1189825725224283,0.0027375636984490687,0.00013674354542874626,0.5477777777777778
8,43,uniform,sample_aware,0,0.5,0.5,0.5,0.3208373619450463,0.061372988339927464,0.028593726456165314,1.1216756767696805,0.11739647967947854,0.0024821997568425206,0.00013100196762631336,0.5517777777777778
8,44,uniform,sample_aware,0,0.5,0.5,0.5,0.31911444001727635,0.05956151377823618,0.03092360579305225,1.1036052571402655,0.11698494189315373,0.002438217168673873,0.00012948285115675794,0.5495555555555556
8,45,uniform,sample_aware,0,0.5,0.5,0.5,0.3176951938205295,0.0594535946018166,0.02997987075812287,1.094947960641649,0.11743526326285468,0.0025283098996927342,0.00013502879947837855,0.5511111111111111
8,46,uniform,sample_aware,0,0.5,0.5,0.5,0.31965727938546074,0.05952810951405101,0.03359790539575948,1.0726784202787611,0.11782744444078869,0.0027327322297626072,0.00013921711878437136,0.5513333333333333
8,47,uniform,sample_aware,0,0.5,0.5,0.5,0.3097045355372959,0.05719911679625511,0.02945476584136486,1.0687297450171576,0.11465326779418522,0.0029181845796604953,0.00013063821501822936,0.5486666666666666
8,48,uniform,sample_aware,0,0.5,0.5,0.5,0.30849408772256637,0.057303073091639414,0.02820634014076657,1.0480962726804945,0.11671718292766148,0.0027787566909359563,0.0001369533258386784,0.5517777777777778
8,49,uniform,sample_aware,0,0.5,0.5,0.5,0.30608054664399886,0.054521140125062734,0.029305009585287835,1.0449382993910048,0.11638819177945454,0.0026178032470246158,0.00012694222257576056,0.5517777777777778
8,50,uniform,sample_aware,0,0.5,0.5,0.5,0.30407205886311,0.05314280175500446,0.029611776893337566,1.0260015328725178,0.11731081621514426,0.0026870866099165547,0.0001259225795769857,0.552
8,51,uniform,sample_aware,0,0.5,0.5,0.5,0.3054145375887553,0.05433018795318074,0.029296382640798885,1.024787896209293,0.11792687740590838,0.002627933734200067,0.00013665736575300494,0.5535555555555556
8,52,uniform,sample_aware,0,0.5,0.5,0.5,0.3062078621652391,0.051715224153465696,0.03286390110022492,1.0167254606882732,0.11845533053080241,0.002861510522456633,0.0001402111374773085,0.5526666666666666
8,53,uniform,sample_aware,0,0.5,0.5,0.5,0.3019431796338823,0.05129581317305565,0.03179705267151197,0.9950098196665446,0.1176182445552614,0.0033137151040136814,0.00014846427236787148,0.5544444444444444
8,54,uniform,sample_aware,0,0.5,0.5,0.5,0.307298203309377,0.050463988135258354,0.03507598386042648,0.9876242611143324,0.12120447556177776,0.0034359945760418973,0.00014665506831887696,0.5544444444444444
8,55,uniform,sample_aware,0,0.5,0.5,0.5,0.3026276297039456,0.050124661790000066,0.03530151521166166,0.9760422905286154,0.11784690370162328,0.00335171011586984,0.00014893232016927667,0.5531111111111111
8,56,uniform,sample_aware,0,0.5,0.5,0.5,0.300542993677987,0.048810724169015884,0.03798164510064655,0.9596832460827298,0.11572952734099494,0.00391608272265229,0.00018945681060560874,0.5524444444444444
8,57,uniform,sample_aware,0,0.5,0.5,0.5,0.29448457890086704,0.047696997308068804,0.032953423344426684,0.9487082031038072,0.11701664742496279,0.003729915660288599,0.00016344658797606826,0.5564444444444444
8,58,uniform,sample_aware,0,0.5,0.5,0.5,0.2940647602081299,0.04746092648969756,0.03338799708419376,0.9429440961943732,0.11707921326160431,0.0035350430342886183,0.00014936184096667502,0.5531111111111111
8,59,uniform,sample_aware,0,0.5,0.5,0.5,0.2869722810056474,0.04608166838685671,0.027155260038044717,0.9420303106307983,0.1179487398929066,0.00303438419683112,0.0001327929720799956,0.5542222222222222
8,60,uniform,sample_aware,0,0.5,0.5,0.5,0.284889601998859,0.04490187101893955,0.027141752342383068,0.9288253585497538,0.1184569067425198,0.0028890434186905622,0.000124039134890255,0.5573333333333333
8,61,uniform,sample_aware,0,0.5,0.5,0.5,0.28467833002408344,0.045418601069185466,0.02945287049644523,0.919045176770952,0.11638420489099291,0.002916117043544849,0.00012015784806054499,0.5544444444444444
8,62,uniform,sample_aware,0,0.5,0.5,0.5,0.28451534774568343,0.04433089908626345,0.02865818204979102,0.911698559919993,0.11884663999080658,0.0028916054870933294,0.0001279330980550084,0.5548888888888889
8,63,uniform,sample_aware,0,0.5,0.5,0.5,0.2867559889952342,0.04462232316533724,0.032539904531505376,0.9063492483562894,0.11739177753527959,0.002998409094288945,0.00013569882786315348,0.5546666666666666
8,64,uniform,sample_aware,0,0.5,0.5,0.5,0.27980246477656895,0.044034932222631246,0.028971026755041547,0.9036247995164659,0.11484846141603258,0.00303176818932924,0.00013937037308803864,0.5555555555555556
8,65,uniform,sample_aware,0,0.5,0.5,0.5,0.2816496193408966,0.04328883563478788,0.03023037624855836,0.8976676927672492,0.11679314325253169,0.003010338508627481,0.0001306438158887128,0.5571111111111111
8,66,uniform,sample_aware,0,0.5,0.5,0.5,0.27635225653648376,0.042279894981119365,0.02975544374850061,0.8756474455197653,0.11509175433052911,0.0031813347660419014,0.00013950950880017545,0.5557777777777778
8,67,uniform,sample_aware,0,0.5,0.5,0.5,0.28106999066140914,0.042514430152045354,0.035019719352324806,0.8709378904766507,0.11470034552945031,0.0033391750055468744,0.00014424803925471174,0.5602222222222222
8,68,uniform,sample_aware,0,0.5,0.5,0.5,0.2898527847396003,0.04262177232238981,0.04038095763987965,0.8754593663745456,0.11728176474571228,0.003880621451470587,0.00016408279124233458,0.5537777777777778
8,69,uniform,sample_aware,0,0.5,0.5,0.5,0.29110708832740784,0.04253406119015482,0.042080800566408366,0.8656164672639635,0.11766532725758022,0.004357542014784283,0.00017297056425983706,0.5566666666666666
8,70,uniform,sample_aware,0,0.5,0.5,0.5,0.2904660834206475,0.04171891841623518,0.04236294453342756,0.8572003775172763,0.11812057263321346,0.004898159712966945,0.0001890647367367314,0.5513333333333333
8,71,uniform,sample_aware,0,0.5,0.5,0.5,0.28688763247595894,0.04188383205069436,0.041653967565960355,0.8425590594609579,0.1164052105612225,0.005194923995683591,0.00018250325875770714,0.5577777777777778
8,72,uniform,sample_aware,0,0.5,0.5,0.5,0.28772588902049595,0.04183768274055587,0.038987980120711856,0.8478903041945564,0.11954313185479906,0.004960681363526318,0.00017544210681484806,0.5555555555555556
8,73,uniform,sample_aware,0,0.5,0.5,0.5,0.2844926681783464,0.04060648216141595,0.039613422420289784,0.8355361554357741,0.11811431414551204,0.005037990088264148,0.00017165823373943567,0.5548888888888889
8,74,uniform,sample_aware,0,0.5,0.5,0.5,0.2835877074135674,0.0405347997115718,0.037147694577773414,0.8309771352344089,0.12026135871807735,0.004914233409282234,0.00017804435790619918,0.5582222222222222
8,75,uniform,sample_aware,0,0.5,0.5,0.5,0.27168354723188615,0.038793612685468465,0.030114386023746595,0.822030676735772,0.11815046850177977,0.004658415240959989,0.00018561833227674165,0.5551111111111111
8,76,uniform,sample_aware,0,0.5,0.5,0.5,0.26743364334106445,0.03812544999851121,0.027654018046127424,0.8216374450259738,0.11736933141946793,0.004087848330123557,0.0001543377810675237,0.5573333333333333
8,77,uniform,sample_aware,0,0.5,0.5,0.5,0.2705296344227261,0.038672573036617704,0.029302046323815983,0.8141976462470161,0.11922890775733525,0.003674428780666656,0.00013825169945549633,0.5557777777777778
8,78,uniform,sample_aware,0,0.5,0.5,0.5,0.26202648878097534,0.03829254375563727,0.02738336246046755,0.8000319533877902,0.11463533093531926,0.003299772325489256,0.0001243292483397656,0.5573333333333333
8,79,uniform,sample_aware,0,0.5,0.5,0.5,0.26295168863402474,0.03752963741620382,0.027609059794081584,0.7992939485443963,0.11632578737205929,0.0030032774795674616,0.00011232820624071691,0.556
8,80,uniform,sample_aware,0,0.5,0.5,0.5,0.2647379669878218,0.037868282861179776,0.028864661438597575,0.789593239625295,0.1174603005250295,0.003046320699569252,0.00012447729629154006,0.5542222222222222
8,81,uniform,sample_aware,0,0.5,0.5,0.5,0.2824040717548794,0.03760350247224172,0.04658081920610534,0.7852464252048068,0.1177027780148718,0.003822073754337099,0.0001625674970758458,0.554
8,82,uniform,sample_aware,0,0.5,0.5,0.5,0.2789202994770474,0.03728192879094018,0.040919527825382024,0.7918227050039504,0.11913661907116573,0.004616930770377318,0.00018297279408822456,0.5571111111111111
8,83,uniform,sample_aware,0,0.5,0.5,0.5,0.26877515183554757,0.03734973528318935,0.03648731526401308,0.7742756538920932,0.11513443456755744,0.0045843553315434195,0.0001678384724073112,0.5551111111111111
8,84,uniform,sample_aware,0,0.5,0.5,0.5,0.27261968784862095,0.03692409685916371,0.03906838554475042,0.7680961953269111,0.11749171217282613,0.004483635796027051,0.00016810975244475735,0.56
8,85,uniform,sample_aware,0,0.5,0.5,0.5,0.27410125401284957,0.036450875716076955,0.042285292926761836,0.7727346817652384,0.11567315624819861,0.0046514976355764605,0.00018543853527969785,0.5577777777777778
8,86,uniform,sample_aware,0,0.5,0.5,0.5,0.2747447027100457,0.037396248843934804,0.04080985693467988,0.7671278582678901,0.1170279441608323,0.00538609828799963,0.00020962430992060236,0.5597777777777778
8,87,uniform,sample_aware,0,0.5,0.5,0.5,0.27188529902034336,0.036502547562122345,0.03906541483269797,0.7552157971594069,0.1178926279147466,0.005585597258889013,0.00022066317291723358,0.5604444444444444
8,88,uniform,sample_aware,0,0.5,0.5,0.5,0.272372970978419,0.03563607235749563,0.04202102041906781,0.7590340707037184,0.11615068051550123,0.005117955721086926,0.0002056100509232945,0.5608888888888889
8,89,uniform,sample_aware,0,0.5,0.5,0.5,0.2674972381856706,0.03547678060001797,0.035131294280290604,0.7589353919029236,0.11848594662215975,0.004824539129104879,0.00019480474939983751,0.56
8,90,uniform,sample_aware,0,0.5,0.5,0.5,0.2613211539056566,0.03490596471561326,0.03194840273095502,0.7473791175418429,0.11756286852889591,0.004174633469018672,0.00015738556653054224,0.5582222222222222
8,91,uniform,sample_aware,0,0.5,0.5,0.5,0.2648886839548747,0.034967160059346095,0.03450354312856992,0.7494114372465346,0.11826939632495244,0.004243801451391644,0.0001710769396999644,0.5582222222222222
8,92,uniform,sample_aware,0,0.5,0.5,0.5,0.2596829334894816,0.03431846698125204,0.03207376744184229,0.7448173562685648,0.11658938974142075,0.00426484127011564,0.00017430230380139418,0.556
8,93,uniform,sample_aware,0,0.5,0.5,0.5,0.26102592547734577,0.03401240623659558,0.033913296336929,0.7415705919265747,0.11660595238208771,0.004512819720225202,0.00016159329485769072,0.5608888888888889
8,94,uniform,sample_aware,0,0.5,0.5,0.5,0.26438527968194747,0.03493431624439028,0.0344058403538333,0.7381356755892435,0.11892392569118077,0.004451484678106176,0.00016379287181836035,0.5582222222222222
8,95,uniform,sample_aware,0,0.5,0.5,0.5,0.2578750302394231,0.03381189828117689,0.0339539825088448,0.7268655167685615,0.11490000287691753,0.004858603338814444,0.00018657384336822562,0.5577777777777778
8,96,uniform,sample_aware,0,0.5,0.5,0.5,0.26591745350095963,0.03419917614923583,0.03909031053384145,0.7275342014100816,0.11708691302273008,0.0053771112321151626,0.00019816494831401441,0.5573333333333333
8,97,uniform,sample_aware,0,0.5,0.5,0.5,0.2615933550728692,0.03365315000216166,0.03749187207884259,0.7177271048227946,0.11572308424446318,0.005686797046413024,0.00021827812047882212,0.5595555555555556
8,98,uniform,sample_aware,0,0.5,0.5,0.5,0.2677844829029507,0.03307348634633753,0.04269728312889735,0.7243488298522102,0.11659853905439377,0.0057418374344706535,0.0002187372107679645,0.5566666666666666
8,99,uniform,sample_aware,0,0.5,0.5,0.5,0.2718569537003835,0.033893864394889936,0.042990403456820384,0.7241377631823221,0.11927996658616596,0.006297466241651111,0.0002604083145140774,0.5597777777777778
8,100,uniform,sample_aware,0,0.5,0.5,0.5,0.27225754658381146,0.033807495401965246,0.04465408209297392,0.7199190391434563,0.11831844266917971,0.006721050633738439,0.00025019133722202643,0.5528888888888889
8,101,uniform,sample_aware,0,0.5,0.5,0.5,0.2754845817883809,0.033987058533562556,0.04536082430018319,0.715668519337972,0.12067205458879471,0.007528686689005958,0.00026687569010795816,0.5566666666666666
8,102,uniform,sample_aware,0,0.5,0.5,0.5,0.26677749554316205,0.03312631365325716,0.04013570729229185,0.7128169139226278,0.11849633107582729,0.0072119287215173244,0.00026299446148590907,0.5586666666666666
8,103,uniform,sample_aware,0,0.5,0.5,0.5,0.2608551647928026,0.03293117218547397,0.03385381752418147,0.7100876039928861,0.11991406894392437,0.006072665306015147,0.00022202762516422404,0.5595555555555556
8,104,uniform,sample_aware,0,0.5,0.5,0.5,0.2599414322111342,0.033283527940511703,0.03462278035779794,0.7034059431817796,0.11874739246235953,0.005683951338546144,0.00021030272020854883,0.5573333333333333
8,105,uniform,sample_aware,0,0.5,0.5,0.5,0.2572980456882053,0.0326956111109919,0.03522053278154797,0.6953994101948209,0.11669750511646271,0.006068546324968338,0.00022034611578823792,0.5568888888888889
8,106,uniform,sample_aware,0,0.5,0.5,0.5,0.25252533621258205,0.03160390444099903,0.03181220611764325,0.6979483829604255,0.116347783141666,0.0057081230398681425,0.00022508802875462506,0.5571111111111111
8,107,uniform,sample_aware,0,0.5,0.5,0.5,0.2568262235985862,0.03175257229142719,0.03472187825375133,0.6978613999154832,0.11798491660091612,0.004962431266903877,0.0001990109190551771,0.562
8,108,uniform,sample_aware,0,0.5,0.5,0.5,0.25246386892265743,0.031540693508254156,0.030676423468523555,0.6929004324807061,0.118616983294487,0.0044976819513572585,0.00018175664849372374,0.5602222222222222
8,109,uniform,sample_aware,0,0.5,0.5,0.5,0.2491942180527581,0.03132595887614621,0.029589676194720797,0.6895217696825663,0.11728587663835949,0.003930762746474809,0.00015029351925477386,0.5633333333333334
8,110,uniform,sample_aware,0,0.5,0.5,0.5,0.24745678239398533,0.03137573806775941,0.02939898582796256,0.6806348429785835,0.11649413406848907,0.004090533591806889,0.00015834021097463038,0.5584444444444444
8,111,uniform,sample_aware,0,0.5,0.5,0.5,0.24520722859435612,0.031008405196997855,0.0274258843726582,0.6832006242540147,0.11666622343990538,0.003431670419457886,0.0001416256353776488,0.5626666666666666
8,112,uniform,sample_aware,0,0.5,0.5,0.5,0.24578027758333418,0.03063615183863375,0.028984410895241633,0.6739335391256545,0.1170051826371087,0.0033985762598199975,0.00012377485270715423,0.5593333333333333
8,113,uniform,sample_aware,0,0.5,0.5,0.5,0.24246308041943443,0.02974011769725217,0.026234722178843286,0.6752811074256897,0.11705309483740065,0.0036709284306400353,0.00014314113003719185,0.5615555555555556
8,114,uniform,sample_aware,0,0.5,0.5,0.5,0.23965268664889866,0.030308566159672208,0.024596250305573147,0.6705392466651069,0.11591856181621552,0.0034275975906186635,0.0001231661751969821,0.5586666666666666
8,115,uniform,sample_aware,0,0.5,0.5,0.5,0.2418969323237737,0.030612586066126823,0.025186733860108588,0.6661166614956326,0.11795552323261897,0.002947842081387838,0.00011299769135398997,0.5635555555555556
8,116,uniform,sample_aware,0,0.5,0.5,0.5,0.24315754572550455,0.03019854012462828,0.02484697476029396,0.6673328015539381,0.11990195098850462,0.0028440680406573745,0.00010951693790654342,0.5628888888888889
8,117,uniform,sample_aware,0,0.5,0.5,0.5,0.24155524373054504,0.030114901355571218,0.026909550237986777,0.6613442036840651,0.11687813119755851,0.0029281744888673225,0.00010830539071725475,0.5593333333333333
8,118,uniform,sample_aware,0,0.5,0.5,0.5,0.24609328309694925,0.029621325640214816,0.03132076975372103,0.6584807369444106,0.1176226610938708,0.003239882851226462,0.000121019230896814,0.5617777777777778
8,119,uniform,sample_aware,0,0.5,0.5,0.5,0.2499541805850135,0.03039097682469421,0.036073718633916646,0.6598932941754659,0.11558275007539326,0.003693041857331991,0.00014176239104320606,0.5568888888888889
8,120,uniform,sample_aware,0,0.5,0.5,0.5,0.25050655338499284,0.02979529442058669,0.034853934620817505,0.6561841501129998,0.11808821310599645,0.004147974386190374,0.000153424522270345,0.5604444444444444
8,121,uniform,sample_aware,0,0.5,0.5,0.5,0.24824614988432991,0.029499688289231725,0.035229527288013034,0.6560382578108046,0.11577798012230131,0.004124939571031266,0.00014530221233144403,0.5584444444444444
8,122,uniform,sample_aware,0,0.5,0.5,0.5,0.25367824733257294,0.029552972358134057,0.039480781803528466,0.6588320400979784,0.1164802834391594,0.004403331265267398,0.00015867630200874474,0.5615555555555556
8,123,uniform,sample_aware,0,0.5,0.5,0.5,0.2544876386721929,0.030225671413871977,0.0395259236296018,0.6479820211728414,0.11757268922196494,0.004561039463927348,0.00016925338422879577,0.5577777777777778
8,124,uniform,sample_aware,0,0.5,0.5,0.5,0.2529836313592063,0.02936036926176813,0.03988516082366308,0.6521691083908081,0.11594961004124747,0.004970332400666343,0.0001728421775624156,0.5591111111111111
8,125,uniform,sample_aware,0,0.5,0.5,0.5,0.2495254029830297,0.029735280407799616,0.03711990494694975,0.6519500546985202,0.11462295634879006,0.005517451454781824,0.000187070005469852,0.5611111111111111
8,126,uniform,sample_aware,0,0.5,0.5,0.5,0.2470382336113188,0.029548253036207624,0.030758769768807624,0.6460170414712694,0.11977278855111864,0.004560633562505245,0.0001527996824329926,0.562
8,127,uniform,sample_aware,0,0.5,0.5,0.5,0.24236429068777296,0.028940351266000006,0.02879067448278268,0.6495488219790988,0.11741672290696038,0.0043688869207269615,0.00015442826164265475,0.5611111111111111
8,128,uniform,sample_aware,0,0.5,0.5,0.5,0.24115548034509024,0.028184758499264717,0.02731228702598148,0.6411310103204515,0.11951750268538792,0.003916610808422168,0.00013904252167170247,0.5628888888888889
8,129,uniform,sample_aware,0,0.5,0.5,0.5,0.2373114824295044,0.028402804500526853,0.026282053026888106,0.6389630503124661,0.11697996738884184,0.0033635064545604917,0.0001372037222608924,0.5617777777777778
8,130,uniform,sample_aware,0,0.5,0.5,0.5,0.2387493285867903,0.02893655105597443,0.02686743541724152,0.6356106797854105,0.11766987293958664,0.0032852921220991346,0.00014350653186233508,0.5626666666666666
8,131,uniform,sample_aware,0,0.5,0.5,0.5,0.2391535308625963,0.02833518675631947,0.02679999607304732,0.6392857895957099,0.11838958329624599,0.0032583165706859697,0.00014205958642479446,0.5602222222222222
8,132,uniform,sample_aware,0,0.5,0.5,0.5,0.2406405210494995,0.028627387972341642,0.030179113977485232,0.6360284686088562,0.11657025747829014,0.0031916542082197135,0.00013017322635278106,0.5575555555555556
8,133,uniform,sample_aware,0,0.5,0.5,0.5,0.24468966987397936,0.029174683408604726,0.03336920878953404,0.6415871646669176,0.11628505670362049,0.003253868677549892,0.00015012637919021977,0.5617777777777778
8,134,uniform,sample_aware,0,0.5,0.5,0.5,0.238839629623625,0.027902431165178616,0.029021540449725255,0.6293526689211527,0.11719394475221634,0.003431136797492703,0.00014174360937128463,0.56
8,135,uniform,sample_aware,0,0.5,0.5,0.5,0.23240907821390364,0.02754233694738812,0.02494125896030002,0.6258372863133749,0.11561659723520279,0.0033105792632947364,0.0001397380967521005,0.56
8,136,uniform,sample_aware,0,0.5,0.5,0.5,0.2383209632502662,0.027711105429463916,0.028700370341539383,0.623797165022956,0.11765448500712712,0.003603334952559736,0.00014723932448153695,0.5577777777777778
8,137,uniform,sample_aware,0,0.5,0.5,0.5,0.2387773096561432,0.02797316490776009,0.027752957203321986,0.6213439835442437,0.1189577794737286,0.0037582129136555726,0.00015979469753801823,0.5622222222222222
8,138,uniform,sample_aware,0,0.5,0.5,0.5,0.24381153782208762,0.02774264911810557,0.035702778647343315,0.6272402207056681,0.115637154214912,0.003854388785031107,0.00015547538512489863,0.5606666666666666
8,139,uniform,sample_aware,0,0.5,0.5,0.5,0.26132578651110333,0.02895916108455923,0.04856410953733656,0.6185690893067254,0.11932818343242009,0.00503499045347174,0.00019984281000991663,0.5615555555555556
8,140,uniform,sample_aware,0,0.5,0.5,0.5,0.25387336479292977,0.02850563617216216,0.043596153871880636,0.6218757298257616,0.11664737015962601,0.005652309447113011,0.00022095558233559132,0.558
8,141,uniform,sample_aware,0,0.5,0.5,0.5,0.2626998788780636,0.028783284955554538,0.05064161204629474,0.6275967293315463,0.11732860406239827,0.006117491103294823,0.0002559182596289449,0.5586666666666666
8,142,uniform,sample_aware,0,0.5,0.5,0.5,0.2672792474428813,0.02832163953118854,0.053760647773742676,0.62425739897622,0.11912860886918174,0.00698461186968618,0.00030061965420221287,0.56
8,143,uniform,sample_aware,0,0.5,0.5,0.5,0.25955501529905534,0.02808712836768892,0.045661242885722056,0.6259256270196702,0.11951577497853173,0.007120089139789343,0.0002765206801187661,0.562
8,144,uniform,sample_aware,0,0.5,0.5,0.5,0.24696950945589277,0.027983222156763077,0.036603911883301206,0.614859918753306,0.11749463114473555,0.0065654500180648435,0.0002380513534363773,0.5591111111111111
8,145,uniform,sample_aware,0,0.5,0.5,0.5,0.24311494827270508,0.027529442889822855,0.03260615550809436,0.6198772920502557,0.1179837617609236,0.005788178597059514,0.00022754142992198467,0.5582222222222222
8,146,uniform,sample_aware,0,0.5,0.5,0.5,0.24242046806547377,0.02714057494368818,0.03154754245446788,0.6162750853432549,0.11918457597494125,0.005614809898866547,0.00022573342883131571,0.56
8,147,uniform,sample_aware,0,0.5,0.5,0.5,0.2380559825234943,0.02648862927324242,0.03052794747054577,0.612946523560418,0.11690406252940495,0.0054575930246048504,0.00022379516546304026,0.5606666666666666
8,148,uniform,sample_aware,0,0.5,0.5,0.5,0.23482054968674979,0.027092750908599958,0.027628683174649876,0.6084999243418375,0.11661703719033135,0.005043279276125961,0.00022089790501114394,0.5584444444444444
8,149,uniform,sample_aware,0,0.5,0.5,0.5,0.22938229640324911,0.026946708353029356,0.024058079967896145,0.6068757242626615,0.1154628453983201,0.004279012170930703,0.00017516874423664477,0.5624444444444444
8,150,uniform,sample_aware,0,0.5,0.5,0.5,0.2336246818304062,0.027025061556034617,0.02603250038292673,0.6049867073694865,0.11793492237726848,0.0041080499585304,0.00015900368129627572,0.5606666666666666
8,151,uniform,sample_aware,0,0.5,0.5,0.5,0.23350242111417982,0.026883818209171295,0.02849318977031443,0.5971090528700087,0.11622283524937099,0.004207406865639819,0.00017593156856795153,0.5584444444444444
8,152,uniform,sample_aware,0,0.5,0.5,0.5,0.2328693750831816,0.027273673771156207,0.027506457434760198,0.5991265840000577,0.11596974068217808,0.004233543761074543,0.00018013953619326153,0.5597777777777778
8,153,uniform,sample_aware,0,0.5,0.5,0.5,0.23858134117391375,0.026613375999861293,0.028156580610407725,0.6087663571039835,0.12077485852771336,0.004147316484401624,0.0001724591388160156,0.5633333333333334
8,154,uniform,sample_aware,0,0.5,0.5,0.5,0.23586563931571114,0.026215403030316036,0.02952079205877251,0.5978109571668837,0.11811724719074038,0.004278617316029138,0.0001835783801248504,0.5577777777777778
8,155,uniform,sample_aware,0,0.5,0.5,0.5,0.2352293547656801,0.025864568021562364,0.028016526872913044,0.6029016839133369,0.11861676805549198,0.00468008949731787,0.00020255845609224506,0.5624444444444444
8,156,uniform,sample_aware,0,0.5,0.5,0.5,0.2517774138185713,0.02646489441394806,0.04651942248973581,0.5997282995118035,0.11585805647903019,0.005678962450474501,0.000245451047602627,0.5593333333333333
8,157,uniform,sample_aware,0,0.5,0.5,0.5,0.2501007268826167,0.026536655922730763,0.04238013798991839,0.6013550692134433,0.1176604504386584,0.0064913504756987095,0.00028459295087183517,0.5617777777777778
8,158,uniform,sample_aware,0,0.5,0.5,0.5,0.25020141237311894,0.026498955570989184,0.04345912031001515,0.6022582981321547,0.11711402651336458,0.0055786619066364234,0.00022828996103877822,0.5571111111111111
8,159,uniform,sample_aware,0,0.5,0.5,0.5,0.24198800159825218,0.02589816517300076,0.03587834950950411,0.5977058609326681,0.11739278667502934,0.005865711977498399,0.00023051097135369977,0.56
8,160,uniform,sample_aware,0,0.5,0.5,0.5,0.23969427247842154,0.02646645675930712,0.035397793683740825,0.5974221362007989,0.11538782550228967,0.005196324187434382,0.0002036407564042343,0.5613333333333334
8,161,uniform,sample_aware,0,0.5,0.5,0.5,0.2450375093354119,0.0269232839345932,0.040005091577768326,0.5917392571767172,0.11614084492127101,0.005391332320868969,0.0001974019558272428,0.5566666666666666
8,162,uniform,sample_aware,0,0.5,0.5,0.5,0.23981297843986088,0.02588225652774175,0.03383435101972686,0.6025108363893297,0.11725854128599167,0.0050076608959999346,0.00016582837431795068,0.5593333333333333
8,163,uniform,sample_aware,0,0.5,0.5,0.5,0.23859896924760607,0.025729893189337518,0.03136184045837985,0.5941269397735596,0.11959813204076555,0.004817596584972408,0.00017521203780132864,0.5575555555555556
8,164,uniform,sample_aware,0,0.5,0.5,0.5,0.23052185442712572,0.025757147413161065,0.02636907994747162,0.5876219934887357,0.11750505450699064,0.004097124768628014,0.000159618244247718,0.5606666666666666
8,165,uniform,sample_aware,0,0.5,0.5,0.5,0.2272513293557697,0.02550650594962968,0.025594135746359825,0.5846034619543288,0.11570219695568085,0.003821518841303057,0.00015476326613376537,0.5571111111111111
8,166,uniform,sample_aware,0,0.5,0.5,0.5,0.22892792026201883,0.02568784314725134,0.024399350500769086,0.5858617093827989,0.11849175062444475,0.00339090989695655,0.00013469509495836165,0.5586666666666666
8,167,uniform,sample_aware,0,0.5,0.5,0.5,0.22861941821045345,0.025808611884713173,0.027231489825579856,0.5841330422295464,0.11534127758608924,0.0035122548902614247,0.00013721702594517006,0.5588888888888889
8,168,uniform,sample_aware,0,0.5,0.5,0.5,0.22713287505838606,0.024865545332431793,0.02686251886188984,0.5801335904333327,0.11563460363282098,0.003377313492819667,0.00013637676602229476,0.556
8,169,uniform,sample_aware,0,0.5,0.5,0.5,0.2266272803147634,0.025265996447867818,0.025051242775387235,0.5791699025366042,0.11669840166966121,0.0032642556147442926,0.00012504214990056225,0.558
8,170,uniform,sample_aware,0,0.5,0.5,0.5,0.2280471937523948,0.025951058086421754,0.02387136945294009,0.5794456998507181,0.11868421402242449,0.0030721252421951955,0.00011983644475953447,0.5608888888888889
8,171,uniform,sample_aware,0,0.5,0.5,0.5,0.22723844150702158,0.024974958557221625,0.025556332535213895,0.5797362724939982,0.11717299371957779,0.0030086785554885864,0.00011236795560560293,0.558
8,172,uniform,sample_aware,0,0.5,0.5,0.5,0.23063997427622476,0.025327363568875525,0.029780176157752674,0.5792870455318027,0.11586057891448338,0.0033625783140046727,0.00012372610702489814,0.5608888888888889
8,173,uniform,sample_aware,0,0.5,0.5,0.5,0.22818207740783691,0.025143238405386608,0.026259684935212135,0.5840216875076294,0.11675018982754813,0.0031250604790531928,0.0001285311364982691,0.5584444444444444
8,174,uniform,sample_aware,0,0.5,0.5,0.5,0.22543465925587547,0.025093502468532987,0.02595858524243037,0.5671818719969856,0.11595894810226229,0.0032788806387947667,0.00013198829644049206,0.5562222222222222
8,175,uniform,sample_aware,0,0.5,0.5,0.5,0.23596658309300741,0.024630045518279076,0.030497391811675496,0.5792701840400696,0.12125153094530106,0.003202898996985621,0.0001182928422672881,0.5591111111111111
8,176,uniform,sample_aware,0,0.5,0.5,0.5,0.23720314105351767,0.025532547384500504,0.035843667263785996,0.5720551278856065,0.11675578190220727,0.0035942281958543593,0.0001370402298764222,0.5593333333333333
8,177,uniform,sample_aware,0,0.5,0.5,0.5,0.2367299215661155,0.024980613133973546,0.036758430716064244,0.5833692087067498,0.11459776428010729,0.0039705464409457315,0.00014183955499902368,0.5597777777777778
8,178,uniform,sample_aware,0,0.5,0.5,0.5,0.24460496173964608,0.02586856587893433,0.04263473633262846,0.5746618840429518,0.11608949055274327,0.004900584928691387,0.0001913773465073771,0.5613333333333334
8,179,uniform,sample_aware,0,0.5,0.5,0.5,0.2341469857427809,0.025012058309382863,0.0340961596618096,0.5764591428968642,0.1146579956014951,0.005259787922518121,0.0002099220615087284,0.5606666666666666
8,180,uniform,sample_aware,0,0.5,0.5,0.5,0.2352403700351715,0.024402751483851008,0.03421922814514902,0.5704284509023031,0.11693664143482844,0.00507468202461799,0.0002031258773058653,0.5595555555555556
8,181,uniform,sample_aware,0,0.5,0.5,0.5,0.2300399508741167,0.025104221370485093,0.029108245960540242,0.5751395026842753,0.11601814379294713,0.0044179791067209505,0.00017280437492041124,0.5575555555555556
8,182,uniform,sample_aware,0,0.5,0.5,0.5,0.22715633445315891,0.02419775455362267,0.027483652863237593,0.5712394118309021,0.11626704699463314,0.004020301702742775,0.00014756513216222325,0.5595555555555556
8,183,uniform,sample_aware,0,0.5,0.5,0.5,0.22396259837680393,0.02397659710711903,0.026274638043509588,0.5587098002433777,0.11580292714966668,0.003941978405540188,0.00013293494703248143,0.5573333333333333
8,184,uniform,sample_aware,0,0.5,0.5,0.5,0.23580752478705513,0.02477156039741304,0.03430778015818861,0.5722968644566007,0.11746419883436626,0.003931132947198219,0.000137466620395167,0.5622222222222222
8,185,uniform,sample_aware,0,0.5,0.5,0.5,0.22958756983280182,0.02465006895363331,0.029981932913263638,0.5644258393181695,0.116418676243888,0.004036921335177289,0.00015169404731649492,0.5604444444444444
8,186,uniform,sample_aware,0,0.5,0.5,0.5,0.23220818903711107,0.02462711309393247,0.03209713536004225,0.5640573898951212,0.11700896256499821,0.003978918487620022,0.00015956305691765415,0.5591111111111111
8,187,uniform,sample_aware,0,0.5,0.5,0.5,0.23567151692178515,0.02415180289083057,0.035021798892153636,0.5723909404542711,0.11718141121996774,0.004007027070555422,0.0001477840899800261,0.5586666666666666
8,188,uniform,sample_aware,0,0.5,0.5,0.5,0.2430198374721739,0.025050954893231392,0.04222425901227527,0.5679457585016886,0.11643266595072216,0.004836804492192136,0.0001979591260250244,0.5588888888888889
8,189,uniform,sample_aware,0,0.5,0.5,0.5,0.2452721893787384,0.025115708510080974,0.04509317295418845,0.5609320667054918,0.11613973064555062,0.005426837441821893,0.0002339072913552324,0.5571111111111111
8,190,uniform,sample_aware,0,0.5,0.5,0.5,0.24035722017288208,0.024581533960170217,0.039244289613432355,0.5708047019110786,0.11659767064783308,0.005491631312502755,0.0002148715041888257,0.556
8,191,uniform,sample_aware,0,0.5,0.5,0.5,0.24141272571351793,0.02458162626458539,0.0409850569234954,0.5633120934168497,0.1166251003742218,0.005564324143860076,0.00021513341279286478,0.5591111111111111
8,192,uniform,sample_aware,0,0.5,0.5,0.5,0.23834818767176735,0.024682794387141865,0.039120201435354024,0.5583571659194099,0.11588140908214781,0.005453409678820107,0.0002027249494050112,0.5608888888888889
8,193,uniform,sample_aware,0,0.5,0.5,0.5,0.23506957954830593,0.02439697480036153,0.036212562686867185,0.5609740946027968,0.11554796165890163,0.00543818265820543,0.0001911525808585187,0.5606666666666666
8,194,uniform,sample_aware,0,0.5,0.5,0.5,0.23207827740245396,0.024215789925720956,0.030948414984676573,0.5624752110905118,0.11791536543104383,0.005316101221574677,0.00018626577608908215,0.5602222222222222
8,195,uniform,sample_aware,0,0.5,0.5,0.5,0.2264320949713389,0.023880506348278787,0.03057767657770051,0.5526890092425876,0.11411849243773355,0.004976547633608182,0.00019649281037143536,0.5586666666666666
8,196,uniform,sample_aware,0,0.5,0.5,0.5,0.22992225819163853,0.02432264739440547,0.03015714366402891,0.5556066632270813,0.11732351779937744,0.0049211276281211115,0.00019544587444720996,0.5577777777777778
8,197,uniform,sample_aware,0,0.5,0.5,0.5,0.23967057135370043,0.024383739257852238,0.040281241138776146,0.5564104782210456,0.11665448463625377,0.005204827369501193,0.0002152876824968391,0.5615555555555556
8,198,uniform,sample_aware,0,0.5,0.5,0.5,0.2386760479874081,0.024198084241814084,0.03738256088561482,0.5592531230714586,0.11779975891113281,0.006489131082263257,0.0002515334829998513,0.5586666666666666
8,199,uniform,sample_aware,0,0.5,0.5,0.5,0.23073504037327236,0.024077956875165302,0.032947035092446536,0.5541596213976542,0.11516884714365005,0.006002235898955001,0.00024823912341768545,0.56
8,200,uniform,sample_aware,0,0.5,0.5,0.5,0.23168809215227762,0.02402436898814307,0.03274605961309539,0.5539250175158182,0.1168834078643057,0.005084817452977101,0.00019868995554538237,0.5595555555555556
9,1,uniform,sample_aware,0,0.5,0.5,0.5,2.8130092223485312,1.1592264440324571,1.1113684112730577,2.6798115306430392,0.14718380239274767,0.24457067747910818,0.009928110159105726,0.4828
9,2,uniform,sample_aware,0,0.5,0.5,0.5,1.7580168114768133,0.9157540930642022,0.3935892317030165,2.484205616845025,0.14411819809012943,0.10775319817993376,0.004516222384861774,0.5102
9,3,uniform,sample_aware,0,0.5,0.5,0.5,1.2944062948226929,0.7294349273045858,0.16947653889656067,2.290234645207723,0.14225100808673435,0.0464285301665465,0.0020122163825564915,0.5102
9,4,uniform,sample_aware,0,0.5,0.5,0.5,1.073641300201416,0.6077839202351041,0.0994259657131301,2.1831393241882324,0.13677307301097447,0.021683856430980895,0.0010049865296524432,0.5154
9,5,uniform,sample_aware,0,0.5,0.5,0.5,0.9313597215546502,0.5139528711636862,0.06810192846589619,2.1058271725972495,0.1329041603538725,0.011094418561293019,0.0005416794123852418,0.512
9,6,uniform,sample_aware,0,0.5,0.5,0.5,0.8328527145915561,0.4397488567564223,0.05379858613014221,2.0377478069729276,0.13189869787957934,0.006899777385923598,0.00036379504793634016,0.5142
9,7,uniform,sample_aware,0,0.5,0.5,0.5,0.7642819947666593,0.38850660456551445,0.045567753000391856,1.9711286226908367,0.1307799369096756,0.004361433597902457,0.0002682284555501408,0.5172
9,8,uniform,sample_aware,0,0.5,0.5,0.5,0.7088737421565585,0.34130793147616917,0.041046525455183454,1.9177072842915852,0.1329607723487748,0.003354445384401414,0.0002210878948163655,0.5152
9,9,uniform,sample_aware,0,0.5,0.5,0.5,0.662709030840132,0.3069813880655501,0.03816129763921102,1.8767811854680378,0.1283866282966402,0.002809224184602499,0.00019395095942955877,0.518
9,10,uniform,sample_aware,0,0.5,0.5,0.5,0.623921533425649,0.2750820087061988,0.03582313656806946,1.8139432668685913,0.13024508290820652,0.0025689544466634593,0.00018495654997726282,0.5182
9,11,uniform,sample_aware,0,0.5,0.5,0.5,0.5922169619136386,0.25420037574238247,0.0351562574505806,1.7656865384843614,0.12500834465026855,0.0023947609847204555,0.0001719304515669743,0.5158
9,12,uniform,sample_aware,0,0.5,0.5,0.5,0.5657260351710849,0.22975092464023167,0.03454663066400422,1.7301705678304036,0.12716737969054115,0.00232798694115546,0.00016012008483004238,0.5172
9,13,uniform,sample_aware,0,0.5,0.5,0.5,0.5451955993970236,0.21727485954761505,0.034098050039675504,1.6921659972932603,0.12338674068450928,0.0022726631205942896,0.00016604530780265728,0.5196
9,14,uniform,sample_aware,0,0.5,0.5,0.5,0.5261215733157264,0.20099359419610766,0.03387774030367533,1.6607496473524306,0.12388576484388775,0.002407365452705158,0.00017162788167802824,0.519
9,15,uniform,sample_aware,0,0.5,0.5,0.5,0.5081804593404134,0.1843212280008528,0.033529750588867396,1.642649597591824,0.12479127115673488,0.002378936934595307,0.00016757993338008723,0.5202
9,16,uniform,sample_aware,0,0.5,0.5,0.5,0.4924772017531925,0.1752990616692437,0.033342077707250915,1.590860711203681,0.1234639369779163,0.0024000021318594613,0.00017210217063418694,0.5214
9,17,uniform,sample_aware,0,0.5,0.5,0.5,0.4714367720815871,0.1623222976922989,0.03216647253268295,1.5502618948618572,0.1207237078083886,0.002239339726252688,0.00015685999662511877,0.5208
9,18,uniform,sample_aware,0,0.5,0.5,0.5,0.4671639965640174,0.1562096807691786,0.03253561837805642,1.53042823738522,0.12416355394654804,0.0022648508246574136,0.00015978495745609203,0.5208
9,19,uniform,sample_aware,0,0.5,0.5,0.5,0.454191181394789,0.14590651790301004,0.03309520665142271,1.5080456733703613,0.12317858305242327,0.002252656552526686,0.0001599431206058297,0.5222
9,20,uniform,sample_aware,0,0.5,0.5,0.5,0.4371252722210354,0.1361062435640229,0.034528856062226825,1.4757959842681885,0.11765949262513055,0.0023426629033767516,0.00015949031674406596,0.521
9,21,uniform,sample_aware,0,0.5,0.5,0.5,0.43965497612953186,0.13392755720350477,0.03513835370540619,1.4692964024013944,0.12241215755542119,0.002330772087184919,0.00016375523733182086,0.5204
9,22,uniform,sample_aware,0,0.5,0.5,0.5,0.4200798206859165,0.12314561920033561,0.035368312150239944,1.4177534182866414,0.11845179067717658,0.002511140528238482,0.00016636501014646556,0.5246
9,23,uniform,sample_aware,0,0.5,0.5,0.5,0.4176846080356174,0.11847865333159764,0.03690954235692819,1.4086302253935072,0.12009193831019932,0.0025165334550870787,0.00016638295104106268,0.52
9,24,uniform,sample_aware,0,0.5,0.5,0.5,0.40851278437508476,0.11297290937768088,0.03582665738132265,1.3813313510682848,0.12022626565562354,0.002547008709775077,0.00016062049609091546,0.5242
9,25,uniform,sample_aware,0,0.5,0.5,0.5,0.40507599380281234,0.11098140726486842,0.03730398499303394,1.3550326029459636,0.11994156655338076,0.0025272571171323457,0.00016427807794469927,0.521
9,26,uniform,sample_aware,0,0.5,0.5,0.5,0.3936111364099715,0.10593127045366499,0.034940555691719055,1.3208258416917589,0.11934609380033281,0.0024640944320708513,0.00015717067678148547,0.5236
9,27,uniform,sample_aware,0,0.5,0.5,0.5,0.39321039451493156,0.10166072928243214,0.03609319114022785,1.3119688431421916,0.12285684214697944,0.002646068680203623,0.00015941288762001527,0.5212
9,28,uniform,sample_aware,0,0.5,0.5,0.5,0.383128027121226,0.09822475579049852,0.03747439467244678,1.2865453958511353,0.11731670879655415,0.002742393614931239,0.0001728748449952238,0.5262
9,29,uniform,sample_aware,0,0.5,0.5,0.5,0.3795951571729448,0.09186687154902352,0.0383413630641169,1.2767291598849826,0.1200670376420021,0.0031178339074055352,0.00017610756266448233,0.5226
9,30,uniform,sample_aware,0,0.5,0.5,0.5,0.37903591990470886,0.09124016513427098,0.04080971082051595,1.2508479356765747,0.1200386310617129,0.003519688215520647,0.00020555722423725657,0.5264
9,31,uniform,sample_aware,0,0.5,0.5,0.5,0.37444668345981175,0.0873969660864936,0.04100860241386625,1.2355999946594238,0.12053691678577,0.00367985849475695,0.00020853468837837377,0.523
9,32,uniform,sample_aware,0,0.5,0.5,0.5,0.36253250969780815,0.08540992769930097,0.03506511367029614,1.2185801400078669,0.11833114176988602,0.0035411118167555993,0.00019551976583898067,0.5274
9,33,uniform,sample_aware,0,0.5,0.5,0.5,0.3539350430170695,0.08112205233838823,0.031900564622547894,1.202530026435852,0.11912637700637181,0.002911470959790879,0.00015462203494583568,0.5244
9,34,uniform,sample_aware,0,0.5,0.5,0.5,0.3454647229777442,0.07854980809821023,0.030562941398885515,1.1812521484163072,0.11680447061856587,0.00269629565688471,0.0001482849863047401,0.5262
9,35,uniform,sample_aware,0,0.5,0.5,0.5,0.3412194616264767,0.07391721548305617,0.032134709465834826,1.1553618510564168,0.11827383852667278,0.0025708856216321387,0.0001441462017181847,0.5296
9,36,uniform,sample_aware,0,0.5,0.5,0.5,0.3452977041403453,0.07623454017771615,0.03406423164738549,1.1538365284601848,0.11821450624201033,0.0026608081275804173,0.00014073408157047298,0.5242
9,37,uniform,sample_aware,0,0.5,0.5,0.5,0.341642912891176,0.07124414874447717,0.038469758505622544,1.1291449467341106,0.11752217594120237,0.0028246375473423135,0.0001600264998463293,0.5284
9,38,uniform,sample_aware,0,0.5,0.5,0.5,0.3406462205780877,0.07085373252630234,0.038930792154537305,1.1242609288957384,0.11681314640574986,0.0030838303888837495,0.0001610767600747446,0.5258
9,39,uniform,sample_aware,0,0.5,0.5,0.5,0.3338763217131297,0.06647183704707357,0.03527996192375819,1.105111175113254,0.12005906717644797,0.00295092910528183,0.00015775102656334639,0.5284
9,40,uniform,sample_aware,0,0.5,0.5,0.5,0.3289327720801036,0.06631369392077129,0.03391401262746917,1.0891484287050035,0.11820620132817163,0.003005530167784956,0.00016249386438479027,0.5282
9,41,uniform,sample_aware,0,0.5,0.5,0.5,0.3228023880057865,0.06483414727780554,0.030659152194857597,1.0848980744679768,0.11722465107838313,0.0030359233108659587,0.00015333187507672442,0.5288
9,42,uniform,sample_aware,0,0.5,0.5,0.5,0.3210984236664242,0.06228834970129861,0.03431310628851255,1.0639230277803209,0.11657851354943381,0.002906710426840517,0.00014558224938809872,0.5302
9,43,uniform,sample_aware,0,0.5,0.5,0.5,0.31853189402156407,0.06139998510479927,0.034297538507315845,1.0511852370368109,0.11618948562277688,0.0029158985966609586,0.00013682565703574155,0.5296
9,44,uniform,sample_aware,0,0.5,0.5,0.5,0.32082094417677987,0.06046174094080925,0.03521154262125492,1.0375847816467285,0.11975534011920293,0.003119109379541543,0.00014858035137876868,0.5346
9,45,uniform,sample_aware,0,0.5,0.5,0.5,0.3199642168151008,0.05974779981705877,0.03856630209419462,1.0324276155895658,0.11670061780346765,0.003270787859542502,0.0001426752488542762,0.531
9,46,uniform,sample_aware,0,0.5,0.5,0.5,0.3195160660478804,0.05878230763806237,0.03822384071018961,1.013312233818902,0.11926483362913132,0.0036560460252480376,0.00017169485282566812,0.5316
9,47,uniform,sample_aware,0,0.5,0.5,0.5,0.31701797246932983,0.05724639611111747,0.04252316430211067,1.0067999296718173,0.11454958551459843,0.0038739059172156784,0.00016375055484887626,0.5318
9,48,uniform,sample_aware,0,0.5,0.5,0.5,0.31656773222817314,0.05673984272612466,0.04187940350837178,0.9903815454906888,0.11694387263721889,0.0037755451630800962,0.00015737701647190584,0.5304
9,49,uniform,sample_aware,0,0.5,0.5,0.5,0.3217945761150784,0.05507077359490924,0.04662198035253419,0.9876317977905273,0.11910175449318355,0.004268621456705862,0.00020516621104131141,0.5318
9,50,uniform,sample_aware,0,0.5,0.5,0.5,0.3268120586872101,0.0554779896305667,0.05245500057935715,0.9804565840297275,0.11817566470967399,0.005101597350504663,0.0002138950965470738,0.5308
9,51,uniform,sample_aware,0,0.5,0.5,0.5,0.32618992858462864,0.05418373727136188,0.057920240279701024,0.9593057433764139,0.11498830964167912,0.006073747813287709,0.00026037482570649847,0.5296
9,52,uniform,sample_aware,0,0.5,0.5,0.5,0.32781363858116996,0.05239104562335544,0.06016556711660491,0.9556937350167168,0.11613981922467549,0.006818255047417349,0.00027740570173288387,0.5306
9,53,uniform,sample_aware,0,0.5,0.5,0.5,0.33338237139913773,0.0523541449672646,0.06472767765323321,0.9541473454899259,0.11725750068823497,0.006980191864487197,0.00027643706804762286,0.5282
9,54,uniform,sample_aware,0,0.5,0.5,0.5,0.32482334640291,0.05159344234400325,0.05789388592044512,0.9372275206777785,0.11813606901301278,0.006684880755427811,0.0002695241774846282,0.532
9,55,uniform,sample_aware,0,0.5,0.5,0.5,0.31252744793891907,0.050042356881830424,0.047608037375741534,0.9412872062789069,0.11759673886828953,0.006057105441060331,0.00024609645414683555,0.5322
9,56,uniform,sample_aware,0,0.5,0.5,0.5,0.3069249656465318,0.04924226469463772,0.04612368386652735,0.9221247302161323,0.11653347396188313,0.0054119313653144575,0.00021421000646013353,0.5318
9,57,uniform,sample_aware,0,0.5,0.5,0.5,0.3009548915757073,0.0492656636569235,0.04049167533715566,0.9071857863002353,0.11785526325305302,0.005055487621575594,0.00019191428630923232,0.5326
9,58,uniform,sample_aware,0,0.5,0.5,0.5,0.2928566071722243,0.04776865864793459,0.03447478637099266,0.9092638625038995,0.11752552539110184,0.004166539189302259,0.00015595836642508706,0.5338
9,59,uniform,sample_aware,0,0.5,0.5,0.5,0.28553930587238735,0.04751309131582578,0.028613514577349026,0.8938923875490824,0.11783300836881001,0.004230859896375073,0.00015005090325656865,0.534
9,60,uniform,sample_aware,0,0.5,0.5,0.5,0.2771325343185001,0.04557415470480919,0.0260034900986486,0.8827466236220466,0.11543924527035819,0.003545420477166772,0.000136545076707585,0.533
9,61,uniform,sample_aware,0,0.5,0.5,0.5,0.278736584716373,0.044641284892956413,0.026214210109578237,0.8867398964034187,0.11775669041607115,0.002779574262806111,0.0001212307704716093,0.531
9,62,uniform,sample_aware,0,0.5,0.5,0.5,0.27612849076588947,0.04522445466783312,0.02712325296468205,0.8716108335389031,0.1153341755270958,0.002458136813301179,0.00011291543746160137,0.5336
9,63,uniform,sample_aware,0,0.5,0.5,0.5,0.2751680546336704,0.04453406814071867,0.027962926361295912,0.8576273123423258,0.11565701497925653,0.002394721946782536,0.00010790488320506281,0.5328
9,64,uniform,sample_aware,0,0.5,0.5,0.5,0.2762677205933465,0.043859437521961,0.028860767268472247,0.8516625828213162,0.11707886556784312,0.0024939606276651225,0.00011081095888382859,0.5332
9,65,uniform,sample_aware,0,0.5,0.5,0.5,0.27622004681163365,0.04288996342155668,0.03131777586208449,0.8482624358601041,0.11588855004972881,0.0024800156243145466,0.00011501222616061568,0.5344
9,66,uniform,sample_aware,0,0.5,0.5,0.5,0.27722786532508004,0.043792506472931966,0.03267515781852934,0.841409358713362,0.11534153007798725,0.0024407980187485614,0.0001146664079796109,0.5326
9,67,uniform,sample_aware,0,0.5,0.5,0.5,0.27678220139609444,0.04297713148925039,0.03174537089135912,0.8364416625764635,0.11707054575284322,0.0025826305047505433,0.00010733909180594815,0.5308
9,68,uniform,sample_aware,0,0.5,0.5,0.5,0.27512110935317147,0.04132943765984641,0.03446613231466876,0.8201109502050612,0.11582237564855152,0.002843494035510553,0.0001406514784321189,0.5344
9,69,uniform,sample_aware,0,0.5,0.5,0.5,0.28675323062472874,0.042484338912698955,0.04018687332669894,0.8330753313170539,0.11902773380279541,0.0033509283999188077,0.00014257938083675172,0.5332
9,70,uniform,sample_aware,0,0.5,0.5,0.5,0.2838977509074741,0.041853264802032046,0.041910350736644536,0.8168828090031942,0.11641200383504231,0.003906297549191449,0.00016140569156656662,0.5304
9,71,uniform,sample_aware,0,0.5,0.5,0.5,0.28349030017852783,0.04059781341089143,0.04292120163639387,0.8135258025593228,0.11633997990025415,0.004370253584865067,0.0001872041611932218,0.5328
9,72,uniform,sample_aware,0,0.5,0.5,0.5,0.2794450951947106,0.04077240741915173,0.040919718229108386,0.8031990594334073,0.11502521319521798,0.0046175216428107685,0.00019817027108122906,0.5318
9,73,uniform,sample_aware,0,0.5,0.5,0.5,0.27660953336291844,0.04032601167758306,0.03589684764544169,0.8009554280175103,0.11795518712864982,0.004485883543060886,0.00018599824721200598,0.5342
9,74,uniform,sample_aware,0,0.5,0.5,0.5,0.278263380130132,0.0408309797445933,0.03867472459872564,0.78643270333608,0.11785798933770922,0.004340058140870597,0.00017276093907033405,0.5316
9,75,uniform,sample_aware,0,0.5,0.5,0.5,0.2778674430317349,0.03961339592933655,0.04130122603641616,0.7895396815405952,0.11563168052170011,0.004547893742306365,0.0001864398299302492,0.5342
9,76,uniform,sample_aware,0,0.5,0.5,0.5,0.28410675790574813,0.0399226157201661,0.04491828754544258,0.7911517752541436,0.11755220840374629,0.0049961173596481485,0.00020082731498405337,0.5282
9,77,uniform,sample_aware,0,0.5,0.5,0.5,0.2813410957654317,0.03963820139567057,0.04487784538004133,0.7812028527259827,0.11598885307709376,0.005235728186865647,0.00019609264563769102,0.5322
9,78,uniform,sample_aware,0,0.5,0.5,0.5,0.2825683918264177,0.03864420246746805,0.04740868881344795,0.773786465326945,0.11638308730390337,0.00530255948089891,0.00020496571151953604,0.533
9,79,uniform,sample_aware,0,0.5,0.5,0.5,0.2745611502064599,0.03928933499587907,0.035408645454380244,0.7636516822708977,0.1209810185763571,0.004863579964472188,0.0001703846824562384,0.5326
9,80,uniform,sample_aware,0,0.5,0.5,0.5,0.26893650823169285,0.03781210631132126,0.03343235618538327,0.7668329874674479,0.11881798009077708,0.004225558497839504,0.00015595944003305503,0.5324
9,81,uniform,sample_aware,0,0.5,0.5,0.5,0.2673468954033322,0.03769104886386129,0.034878542025883995,0.7530167831314935,0.1173398486442036,0.00411875918507576,0.0001527877563300232,0.5334
9,82,uniform,sample_aware,0,0.5,0.5,0.5,0.2653168539206187,0.03800262634952863,0.033882847469713956,0.7510686251852248,0.1162320226430893,0.004033697976006402,0.0001512929124550687,0.5344
9,83,uniform,sample_aware,0,0.5,0.5,0.5,0.2625591191980574,0.037604357633325786,0.02915513122247325,0.75329679912991,0.11874253468381034,0.0033291283374031386,0.0001256980920313961,0.5346
9,84,uniform,sample_aware,0,0.5,0.5,0.5,0.25999655491775936,0.03688823224769698,0.029513109268413648,0.7421145968967013,0.1176761496398184,0.0032872636802494526,0.00012794724898412824,0.5342
9,85,uniform,sample_aware,0,0.5,0.5,0.5,0.2569845798942778,0.03630568335453669,0.028718139562341902,0.7471027440494962,0.11565397845374213,0.003061785414401028,0.00013121141819283366,0.535
9,86,uniform,sample_aware,0,0.5,0.5,0.5,0.2572964545753267,0.03643062255448765,0.029740567836496565,0.7404614620738559,0.11548702501588398,0.003052165990488397,0.00013201148895960714,0.5314
9,87,uniform,sample_aware,0,0.5,0.5,0.5,0.26000503367847866,0.03614888878332244,0.030116541104184255,0.7390701373418173,0.11826162868075901,0.0030188069213181734,0.0001231217304141157,0.5356
9,88,uniform,sample_aware,0,0.5,0.5,0.5,0.2570844723118676,0.03587296977639198,0.030241944930619664,0.7332636912663778,0.1161325830552313,0.002908651768747303,0.00011256057769060135,0.5318
9,89,uniform,sample_aware,0,0.5,0.5,0.5,0.25488732755184174,0.03534075948927137,0.029805239289999008,0.7233676513036092,0.1158898307217492,0.0029142966183523336,0.00011515606375825073,0.5344
9,90,uniform,sample_aware,0,0.5,0.5,0.5,0.24990624686082205,0.03493235301640299,0.027312122699287202,0.7163565158843994,0.11450709816482332,0.0029153142693556016,0.00012273721707363924,0.5332
9,91,uniform,sample_aware,0,0.5,0.5,0.5,0.2548233949475818,0.034723213149441615,0.025841824296447966,0.717722753683726,0.1210849607984225,0.0026826600595894787,0.00011958101660841041,0.533
9,92,uniform,sample_aware,0,0.5,0.5,0.5,0.24822087585926056,0.03403697845836481,0.025559523453315098,0.7064540982246399,0.11664019690619574,0.0025717657214651504,0.00010575486036638419,0.5358
9,93,uniform,sample_aware,0,0.5,0.5,0.5,0.25330266025331283,0.03428051103320387,0.030022608323229685,0.7056344813770719,0.11699139409595066,0.0027647454602022967,0.00012464770892014107,0.5346
9,94,uniform,sample_aware,0,0.5,0.5,0.5,0.25674402879344094,0.0335393078211281,0.03351943753659725,0.7009405758645799,0.1177891915043195,0.003454193783303102,0.0001498765131044719,0.5364
9,95,uniform,sample_aware,0,0.5,0.5,0.5,0.26009686125649345,0.03420377398530642,0.03451304965549045,0.7030972109900581,0.11907469812366697,0.003836397004003326,0.00015484013258376054,0.5318
9,96,uniform,sample_aware,0,0.5,0.5,0.5,0.2578540047009786,0.033758202774657145,0.03336410638358858,0.695636252562205,0.1189159709546301,0.004322188621800806,0.00018201027867487736,0.5356
9,97,uniform,sample_aware,0,0.5,0.5,0.5,0.25387122399277157,0.033943720161914825,0.03096523777478271,0.7031643523110284,0.11637937608692381,0.004356748036419352,0.00017616222612559795,0.536
9,98,uniform,sample_aware,0,0.5,0.5,0.5,0.27488788300090367,0.03454569582309988,0.049484154416455164,0.6994266377555,0.1186097181505627,0.0044255004160934025,0.00018580562512700757,0.532
9,99,uniform,sample_aware,0,0.5,0.5,0.5,0.26928303639094037,0.033887825078434415,0.04738000200854407,0.6975107789039612,0.11524384799930784,0.005780853538049592,0.0002597084967419505,0.5312
9,100,uniform,sample_aware,0,0.5,0.5,0.5,0.26641595032480025,0.03438118596871694,0.04510697639650769,0.6884469721052382,0.11489737447765139,0.006136196355024974,0.00023521684731046358,0.5364
9,101,uniform,sample_aware,0,0.5,0.5,0.5,0.268773121966256,0.033582248207595616,0.04576480430033472,0.6928471657964919,0.11693182256486681,0.006168395125617583,0.00025065183096254867,0.5316
9,102,uniform,sample_aware,0,0.5,0.5,0.5,0.26899219221538967,0.033758303357495204,0.044672596785757274,0.6883977055549622,0.11847200575802061,0.0062402162907852065,0.00025881083113037876,0.5372
9,103,uniform,sample_aware,0,0.5,0.5,0.5,0.2634573777516683,0.03336491891079479,0.039789643759528794,0.6977194878790114,0.11757724152670966,0.005693350504669879,0.00021389498013175197,0.5346
9,104,uniform,sample_aware,0,0.5,0.5,0.5,0.2631407247649299,0.03347823251452711,0.04182484249273936,0.6787521309322782,0.11727901051441829,0.0051768614082700675,0.00018998364814453654,0.5342
9,105,uniform,sample_aware,0,0.5,0.5,0.5,0.26287023226420086,0.0323083752559291,0.043322347932391696,0.6753126581509908,0.11681837836901347,0.0055823226769765215,0.00019740462691212693,0.5346
9,106,uniform,sample_aware,0,0.5,0.5,0.5,0.26689859562449986,0.033005340231789485,0.045696297453509435,0.6697827710045708,0.11840045700470607,0.005434791919671827,0.00020164952406452762,0.5326
9,107,uniform,sample_aware,0,0.5,0.5,0.5,0.26384198665618896,0.03260728675458166,0.04632344966133436,0.671025898721483,0.11494204484754139,0.005542391911149025,0.00019082275684922934,0.5366
9,108,uniform,sample_aware,0,0.5,0.5,0.5,0.2681911455260383,0.03287734381026692,0.04944688164525562,0.6691052648756239,0.11596622318029404,0.005777380687908994,0.0002029639823983113,0.5316
9,109,uniform,sample_aware,0,0.5,0.5,0.5,0.2675073229604297,0.03212999117871126,0.05066434811386797,0.6643264094988505,0.1150456964969635,0.006252841661787695,0.00021643638481489487,0.5324
9,110,uniform,sample_aware,0,0.5,0.5,0.5,0.2679874234729343,0.03194088571601444,0.044603760871622294,0.6618883146180047,0.12175111307038201,0.006779288096974294,0.00022638089204620983,0.5338
9,111,uniform,sample_aware,0,0.5,0.5,0.5,0.26269123951594037,0.03125214535329077,0.04383595287799835,0.6594358616405063,0.11809237466918097,0.00689803689925207,0.00023631239956658747,0.5332
9,112,uniform,sample_aware,0,0.5,0.5,0.5,0.26282587978574967,0.03148824887143241,0.04380281228158209,0.6630565391646491,0.1175434324476454,0.007103685703542497,0.0002677649479462869,0.5326
9,113,uniform,sample_aware,0,0.5,0.5,0.5,0.27038617266549003,0.03091232209569878,0.05130262507332696,0.6621876160303751,0.1181667513317532,0.007278706723203261,0.00029272592574771907,0.5342
9,114,uniform,sample_aware,0,0.5,0.5,0.5,0.2706727849112617,0.031823414067427315,0.05167832225561142,0.6583284338315328,0.1174904919332928,0.007426511858486467,0.0002689097503510614,0.5286
9,115,uniform,sample_aware,0,0.5,0.5,0.5,0.2728748189078437,0.03156209240357081,0.05445269909169939,0.6576153834660848,0.11727345486481984,0.007374463602900505,0.00027560909640871815,0.5344
9,116,uniform,sample_aware,0,0.5,0.5,0.5,0.2796119815773434,0.031278749306996666,0.061352156516578465,0.6617534690433078,0.1167454794049263,0.00782614889451199,0.0002943433355540037,0.5324
9,117,uniform,sample_aware,0,0.5,0.5,0.5,0.2797030938996209,0.032064239804943405,0.058792467746469707,0.6578756703270806,0.11868324627478917,0.008440753858950403,0.00031036835732973285,0.5336
9,118,uniform,sample_aware,0,0.5,0.5,0.5,0.2709292835659451,0.031255477832423315,0.04941878757543034,0.6579995089107089,0.12053358058134715,0.007568816809604566,0.00027415466158547334,0.535
9,119,uniform,sample_aware,0,0.5,0.5,0.5,0.2607382767730289,0.030705892377429538,0.04563592705461714,0.6454342669910855,0.11645746562216017,0.006560697582446867,0.0002304232782787747,0.5346
9,120,uniform,sample_aware,0,0.5,0.5,0.5,0.25442195932070416,0.029945405821005504,0.039482490056090884,0.6360118256674873,0.11835277991162406,0.0058685545809566975,0.00021164967781967588,0.536
9,121,uniform,sample_aware,0,0.5,0.5,0.5,0.2509631464878718,0.03054917065633668,0.03513766990767585,0.6358935700522529,0.11896487739351061,0.005258866585791111,0.0001852676052496665,0.5386
9,122,uniform,sample_aware,0,0.5,0.5,0.5,0.24262784752580854,0.030265434541636042,0.03258101476563348,0.6324922972255282,0.11403348628017637,0.004817262084947692,0.00018011322633052865,0.5344
9,123,uniform,sample_aware,0,0.5,0.5,0.5,0.24577870468298593,0.029478853568434715,0.032978215979205236,0.6290826598803202,0.11805669797791375,0.004539769841358066,0.00017357834278502397,0.5348
9,124,uniform,sample_aware,0,0.5,0.5,0.5,0.25091613332430523,0.030482706303397816,0.03599499331580268,0.6388480332162645,0.1181969940662384,0.004533854571895467,0.00017940978028087152,0.5346
9,125,uniform,sample_aware,0,0.5,0.5,0.5,0.2579288168085946,0.029941992627249822,0.0472583489285575,0.6253533694479201,0.11570283522208531,0.004794195035679473,0.0001864238422260516,0.535
9,126,uniform,sample_aware,0,0.5,0.5,0.5,0.2506147076686223,0.029866487822598882,0.039617168406645455,0.628832134935591,0.1157265454530716,0.004854344245460298,0.00018823856306779716,0.5358
9,127,uniform,sample_aware,0,0.5,0.5,0.5,0.24732360078228843,0.028943166757623356,0.03684805933800009,0.6234845850202773,0.11688376880354351,0.00443619101618727,0.00016411385473070873,0.535
9,128,uniform,sample_aware,0,0.5,0.5,0.5,0.2421686268515057,0.029171871435311105,0.03464597649872303,0.6146407657199435,0.11470419334040748,0.004201631889575058,0.00016337724324936667,0.5332
9,129,uniform,sample_aware,0,0.5,0.5,0.5,0.24247710737917158,0.02927328935927815,0.032673354571064316,0.6186369922426012,0.11665870580408308,0.003865024876884288,0.00015108793094340299,0.5364
9,130,uniform,sample_aware,0,0.5,0.5,0.5,0.23709673351711696,0.028659140277240012,0.029166373734672863,0.6177468233638339,0.1155315414071083,0.0037877974876513085,0.0001421972798804442,0.5374
9,131,uniform,sample_aware,0,0.5,0.5,0.5,0.2326633549398846,0.028718978994422488,0.0265581500199106,0.6171042654249403,0.11387384351756838,0.0034641446804420818,0.0001397670324270924,0.534
9,132,uniform,sample_aware,0,0.5,0.5,0.5,0.23588649266295963,0.028186862874362204,0.02739509277873569,0.6099608937899271,0.1174888014793396,0.0034909639248831403,0.00014833436580374837,0.5372
9,133,uniform,sample_aware,0,0.5,0.5,0.5,0.23468775384955937,0.028531745076179504,0.026290117452541988,0.6184930867618985,0.11612026062276629,0.0036367954841504493,0.00015584319933421083,0.5358
9,134,uniform,sample_aware,0,0.5,0.5,0.5,0.23443034456835854,0.027727471043666203,0.02610676735639572,0.6161657571792603,0.11720247732268439,0.003412818562032448,0.00014128475838030377,0.5344
9,135,uniform,sample_aware,0,0.5,0.5,0.5,0.2315690832005607,0.028827718562550016,0.024052672295106783,0.6025412016444736,0.11688030180003908,0.0029800510965287685,0.0001284842728637159,0.5376
9,136,uniform,sample_aware,0,0.5,0.5,0.5,0.23130683932039472,0.028333357224861782,0.02345560842918025,0.6033374137348599,0.11769509232706493,0.0028528967975742286,0.00012517717873884572,0.535
9,137,uniform,sample_aware,0,0.5,0.5,0.5,0.22336133817831674,0.027772277179691527,0.021297898557451036,0.5977624456087748,0.11323024332523346,0.0024646596155232852,0.00010468288221293026,0.5376
9,138,uniform,sample_aware,0,0.5,0.5,0.5,0.22875208987130058,0.02730674607058366,0.021763965901401307,0.600617163711124,0.11840886539883083,0.0023242103246351085,9.737963814081417e-05,0.5362
9,139,uniform,sample_aware,0,0.5,0.5,0.5,0.22910519937674204,0.02795897734661897,0.023206786976920232,0.6033118897014194,0.1163530515299903,0.0024085871927026245,0.00010180439049791958,0.5356
9,140,uniform,sample_aware,0,0.5,0.5,0.5,0.2347064647409651,0.028040335203210514,0.025815341828597918,0.6007066435284085,0.11952039847771327,0.002416226314380765,0.00010322585391501586,0.5332
9,141,uniform,sample_aware,0,0.5,0.5,0.5,0.22992430130640665,0.02814975670642323,0.025097473214070003,0.6002347071965536,0.115267147620519,0.0026509599863655036,0.00012193056237366464,0.5378
9,142,uniform,sample_aware,0,0.5,0.5,0.5,0.23490995665391287,0.028450598526332114,0.026911913313799433,0.5971146358384026,0.11843267579873402,0.0026914487178954813,0.00011515943333506584,0.5366
9,143,uniform,sample_aware,0,0.5,0.5,0.5,0.23230717413955265,0.027594495978620317,0.0284827562669913,0.5982213881280687,0.11491264568434821,0.0028715089170469176,0.00011876741579423349,0.5348
9,144,uniform,sample_aware,0,0.5,0.5,0.5,0.23744862278302512,0.027192850907643635,0.03187000979151991,0.6007574068175422,0.1165941779812177,0.0033006041517688166,0.00013107739181982147,0.5356
9,145,uniform,sample_aware,0,0.5,0.5,0.5,0.24698736601405674,0.02769050540195571,0.04095979924831125,0.5895216994815402,0.11719088753064473,0.004222371718949742,0.00016561796009126637,0.5362
9,146,uniform,sample_aware,0,0.5,0.5,0.5,0.2516828394598431,0.028584685176610947,0.042654754800928965,0.600760022799174,0.1180582924021615,0.004449192460419403,0.0001690124368502034,0.5352
9,147,uniform,sample_aware,0,0.5,0.5,0.5,0.2485347721311781,0.027957916259765625,0.0430043890244431,0.5938814878463745,0.11550317621893352,0.005157707000358237,0.00020457045563186208,0.534
9,148,uniform,sample_aware,0,0.5,0.5,0.5,0.2524704419904285,0.027713490029176075,0.04466491420235899,0.5959148671891954,0.11779348800579707,0.005200830960853232,0.00021329569345754053,0.5338
9,149,uniform,sample_aware,0,0.5,0.5,0.5,0.2495108660724428,0.027999877101845212,0.0452991450826327,0.5878998041152954,0.11454078389538659,0.005550289060920477,0.00021186989033594728,0.5364
9,150,uniform,sample_aware,0,0.5,0.5,0.5,0.25910399854183197,0.027827868031130895,0.05028969132237964,0.5919577611817254,0.11864302059014638,0.006060749913255374,0.00023455317002824612,0.5318
9,151,uniform,sample_aware,0,0.5,0.5,0.5,0.25445936620235443,0.027399382036593225,0.0464927243689696,0.5942521823777093,0.11800756139887704,0.006028427535461055,0.00024053202165911594,0.5356
9,152,uniform,sample_aware,0,0.5,0.5,0.5,0.24898794127835167,0.027069801878598,0.03806150290701124,0.6007538636525472,0.12051460891962051,0.006286289128992293,0.000246992742177099,0.5362
9,153,uniform,sample_aware,0,0.5,0.5,0.5,0.24987208015388912,0.027298904127544828,0.0458312262263563,0.5862898495462205,0.11509060942464405,0.005826620126350058,0.0002180950509177314,0.5336
9,154,uniform,sample_aware,0,0.5,0.5,0.5,0.2576376050710678,0.027608448018630345,0.04925074345535702,0.5902363856633505,0.11867319792509079,0.0059599609424670534,0.0002032031318069332,0.534
9,155,uniform,sample_aware,0,0.5,0.5,0.5,0.24244216912322575,0.027462368831038475,0.03536065440211031,0.58302108446757,0.11849041862620248,0.005469963368442323,0.00018327707786940865,0.536
9,156,uniform,sample_aware,0,0.5,0.5,0.5,0.2454907347758611,0.026798996246523328,0.03619062817758984,0.594938702053494,0.12027385913663441,0.0052675676221648855,0.00019920447246275016,0.5376
9,157,uniform,sample_aware,0,0.5,0.5,0.5,0.23872187733650208,0.026185682250393763,0.03604730570481883,0.5838176078266568,0.11557642784383562,0.004870234833409389,0.00019116116972226236,0.5378
9,158,uniform,sample_aware,0,0.5,0.5,0.5,0.2436188062032064,0.027539131335086293,0.0389768203927411,0.5811798837449815,0.11635951449473698,0.005046695212109221,0.00020401078897217909,0.5386
9,159,uniform,sample_aware,0,0.5,0.5,0.5,0.24287089705467224,0.026675006167756185,0.03812054047981898,0.5751464300685458,0.11791459222634633,0.005085487850010395,0.00020673078769404028,0.5346
9,160,uniform,sample_aware,0,0.5,0.5,0.5,0.23912966582510206,0.026697959336969588,0.037855215163694486,0.5751314693027072,0.11433444668849309,0.005243757636182838,0.0002140384814184573,0.537
9,161,uniform,sample_aware,0,0.5,0.5,0.5,0.24727786084016165,0.02658041939139366,0.04285905965500408,0.5747159918149313,0.11735894779364268,0.005787395251293977,0.00022827712301578786,0.534
9,162,uniform,sample_aware,0,0.5,0.5,0.5,0.2593494736486011,0.027269871905446053,0.051798238108555474,0.5761244098345438,0.11927649709913465,0.006534950548989905,0.00024988795242582756,0.5376
9,163,uniform,sample_aware,0,0.5,0.5,0.5,0.2724003361331092,0.027137542557385232,0.06258386373519897,0.5802491108576456,0.12084643791119258,0.007337577589270141,0.0002775894503833519,0.539
9,164,uniform,sample_aware,0,0.5,0.5,0.5,0.2632229228814443,0.027689451144801244,0.05843378437889947,0.5716582338015238,0.11542915801207225,0.008697806029684015,0.0003116041253734794,0.5384
9,165,uniform,sample_aware,0,0.5,0.5,0.5,0.25633005963431466,0.026720488650931254,0.04797460863159762,0.576836625734965,0.11932619826661216,0.008936060696012445,0.00031414730215652124,0.541
9,166,uniform,sample_aware,0,0.5,0.5,0.5,0.23908523387379116,0.026229507600267727,0.03407497786813312,0.5691120293405321,0.11783461355500752,0.007799831995119651,0.0002700281200102634,0.5342
9,167,uniform,sample_aware,0,0.5,0.5,0.5,0.23080420825216505,0.026023693589700594,0.0279227944297923,0.5753604968388876,0.11625737448533376,0.005923006476627456,0.00020557690489416322,0.5362
9,168,uniform,sample_aware,0,0.5,0.5,0.5,0.2249335547288259,0.025740570078293484,0.02484949202173286,0.5658692518870035,0.11546414676639769,0.004423649722917212,0.0001611873869680696,0.5364
9,169,uniform,sample_aware,0,0.5,0.5,0.5,0.2268735153807534,0.02596358520289262,0.024067744198772643,0.5671462880240546,0.11799154761764738,0.0040968657316019135,0.00017515293762294782,0.5406
9,170,uniform,sample_aware,0,0.5,0.5,0.5,0.22909671399328443,0.02532761502597067,0.024839455882708233,0.5708321730295817,0.11992449147833718,0.003685031732958224,0.00015882936228687564,0.5404
9,171,uniform,sample_aware,0,0.5,0.5,0.5,0.2251125756237242,0.025280430912971497,0.02478862615923087,0.566011024845971,0.11669750014940898,0.003351266909804609,0.00013855173407743374,0.54
9,172,uniform,sample_aware,0,0.5,0.5,0.5,0.22124252054426405,0.024704832583665848,0.02431658800277445,0.5602676669756571,0.11457947724395329,0.0030958726226041713,0.00013382725107173124,0.5388
9,173,uniform,sample_aware,0,0.5,0.5,0.5,0.22092168695396847,0.02468307005862395,0.022016323895917997,0.5648019247584872,0.11629395518038008,0.0027758400473329756,0.00012044642224080033,0.5402
9,174,uniform,sample_aware,0,0.5,0.5,0.5,0.22104767792754704,0.02493990854256683,0.020997177809476852,0.5626519454850091,0.1174077366789182,0.0027509123449110323,0.00012440801624001728,0.5408
9,175,uniform,sample_aware,0,0.5,0.5,0.5,0.22326560649606916,0.025651818762222927,0.023007887932989333,0.5579458143975999,0.1173967785305447,0.002709014910376734,0.00012005584883607096,0.5408
9,176,uniform,sample_aware,0,0.5,0.5,0.5,0.22236525846852195,0.02475362353854709,0.0230799772673183,0.5572352276908027,0.11736226164632374,0.0027659897847721973,0.00012576067820191383,0.5384
9,177,uniform,sample_aware,0,0.5,0.5,0.5,0.23039423094855416,0.025211101811793115,0.028286837455299165,0.5666954716046652,0.11871513062053257,0.0029073746667967904,0.00011585015130953657,0.5398
9,178,uniform,sample_aware,0,0.5,0.5,0.5,0.22211171189943948,0.025063351831502385,0.02135041045645873,0.5563866760995653,0.11869748930136363,0.0026102960109710693,0.00011329279772730338,0.5394
9,179,uniform,sample_aware,0,0.5,0.5,0.5,0.2233924518028895,0.024561423808336258,0.02390521475010448,0.5551490783691406,0.11800163322024876,0.0027004841508136857,0.00011805838180912865,0.5424
9,180,uniform,sample_aware,0,0.5,0.5,0.5,0.22260327471627128,0.025184102563394442,0.024479630920622084,0.5562621619966295,0.11591826130946477,0.0026729967082954114,0.00011711180235983597,0.5404
9,181,uniform,sample_aware,0,0.5,0.5,0.5,0.2220029135545095,0.02445713658299711,0.02445549186733034,0.5537430577807956,0.1162630245089531,0.0027891077204710906,0.00011679467408814364,0.5368
9,182,uniform,sample_aware,0,0.5,0.5,0.5,0.23088310162226358,0.02470508238507642,0.03180312034156588,0.5575835108757019,0.11712621566322115,0.0028526727886249623,0.000127992638024605,0.5402
9,183,uniform,sample_aware,0,0.5,0.5,0.5,0.22604887021912468,0.02463309797975752,0.028494137649734814,0.5580958657794528,0.1156385921769672,0.0028343297696361938,0.00011258435228632556,0.5402
9,184,uniform,sample_aware,0,0.5,0.5,0.5,0.22855843272474077,0.02459448493189282,0.028965754020545218,0.5512736572159661,0.11833983990881178,0.002940849737367696,0.00012112584146153595,0.5394
9,185,uniform,sample_aware,0,0.5,0.5,0.5,0.2270776496993171,0.02452209633257654,0.03072701601518525,0.550215913189782,0.11509915192921956,0.0032840518332603904,0.00013153180609353713,0.5398
9,186,uniform,sample_aware,0,0.5,0.5,0.5,0.23336563176578945,0.02496520264281167,0.03516420225302378,0.5506685707304213,0.1163345906469557,0.003529417561367154,0.00014013070742496185,0.544
9,187,uniform,sample_aware,0,0.5,0.5,0.5,0.24238285256756675,0.025467843645148806,0.03939890613158544,0.5588592754469978,0.11960688564512464,0.003893849439918995,0.00015271484153345227,0.5392
9,188,uniform,sample_aware,0,0.5,0.5,0.5,0.24270961019727919,0.024546193993753858,0.0452336807631784,0.5537577271461487,0.11534439027309418,0.0042531628213408924,0.00016597878291375108,0.5382
9,189,uniform,sample_aware,0,0.5,0.5,0.5,0.23319965269830492,0.025020955544379022,0.03743206254310078,0.5504579941431681,0.11326905008819368,0.004692855446288983,0.00017070691359953748,0.5378
9,190,uniform,sample_aware,0,0.5,0.5,0.5,0.239104633529981,0.025308790513210826,0.04084020397729344,0.5485525793499417,0.1154013185037507,0.005203043162408803,0.00019508957888724076,0.5394
9,191,uniform,sample_aware,0,0.5,0.5,0.5,0.24390302929613325,0.0248231403529644,0.04253262529770533,0.5562065972222222,0.11802130689223607,0.0055939277323583765,0.00021667178953066468,0.5408
9,192,uniform,sample_aware,0,0.5,0.5,0.5,0.23642118606302473,0.024505437662204105,0.035733051184150905,0.5492448078261482,0.11827016704612309,0.005745235313143995,0.000230858050700691,0.54
9,193,uniform,sample_aware,0,0.5,0.5,0.5,0.24251765509446463,0.024794114132722218,0.04398417017526097,0.5511542624897428,0.11573768075969484,0.005548915153162347,0.0002236112357220716,0.5394
9,194,uniform,sample_aware,0,0.5,0.5,0.5,0.24433542291323343,0.024934679062830076,0.04327475817667113,0.5525522695647346,0.11753574344846937,0.006416722614732053,0.00025330229739968974,0.5366
9,195,uniform,sample_aware,0,0.5,0.5,0.5,0.2527758876482646,0.025309765090545017,0.05318849368227853,0.5461830695470175,0.11618706666760975,0.006678857116235627,0.00026564880843377777,0.5388
9,196,uniform,sample_aware,0,0.5,0.5,0.5,0.2644194182422426,0.024727130722668435,0.06221104454663065,0.5465810431374444,0.11845487935675515,0.008402664110892348,0.00033385868624059693,0.5392
9,197,uniform,sample_aware,0,0.5,0.5,0.5,0.2626441419124603,0.0249634747289949,0.059732975645197764,0.5554370946354337,0.11767329937881893,0.009123434674822621,0.00033792279039820033,0.541
9,198,uniform,sample_aware,0,0.5,0.5,0.5,0.25172655284404755,0.02483136538002226,0.051102783530950546,0.5520044565200806,0.11591405421495438,0.009041909335388077,0.0003138974813433985,0.5396
9,199,uniform,sample_aware,0,0.5,0.5,0.5,0.25020312269528705,0.024594249203801155,0.05023078040944205,0.5490924517313639,0.11624563485383987,0.008174670653210746,0.0002717594098713663,0.539
9,200,uniform,sample_aware,0,0.5,0.5,0.5,0.24417465262942845,0.024991862682832613,0.04194520289699236,0.5462727546691895,0.11863785568210813,0.007684042159881856,0.00026087200320843194,0.5376
