step,epoch,rd_mode,cmr_penalty,cmr_scale,cmr_tolerance,train_loss,cross_sdc_i,cross_sdc_c,weighted_cross_sdc,cmr,weighted_cmr,cmr_active_a_from_v,cmr_active_v_from_a,mean_deficit_a_from_v,mean_deficit_v_from_a,val_acc
0,0,adaptive_crosssdc_cmr,hinge,1.0,0.0,2.00152415699429,0.0,0.0,0.0,0.0,0.0,0.0,0.0,0.0,0.0,0.421999990940094
0,1,adaptive_crosssdc_cmr,hinge,1.0,0.0,1.4064602189593844,0.0,0.0,0.0,0.0,0.0,0.0,0.0,0.0,0.0,0.5839999914169312
0,2,adaptive_crosssdc_cmr,hinge,1.0,0.0,1.0728704002168443,0.0,0.0,0.0,0.0,0.0,0.0,0.0,0.0,0.0,0.6959999799728394
0,3,adaptive_crosssdc_cmr,hinge,1.0,0.0,0.8251169588830736,0.0,0.0,0.0,0.0,0.0,0.0,0.0,0.0,0.0,0.7319999933242798
0,4,adaptive_crosssdc_cmr,hinge,1.0,0.0,0.650309145450592,0.0,0.0,0.0,0.0,0.0,0.0,0.0,0.0,0.0,0.7820000052452087
0,5,adaptive_crosssdc_cmr,hinge,1.0,0.0,0.5188259217474196,0.0,0.0,0.0,0.0,0.0,0.0,0.0,0.0,0.0,0.8220000267028809
0,6,adaptive_crosssdc_cmr,hinge,1.0,0.0,0.4454490575525496,0.0,0.0,0.0,0.0,0.0,0.0,0.0,0.0,0.0,0.8320000171661377
0,7,adaptive_crosssdc_cmr,hinge,1.0,0.0,0.36266172263357377,0.0,0.0,0.0,0.0,0.0,0.0,0.0,0.0,0.0,0.8360000252723694
0,8,adaptive_crosssdc_cmr,hinge,1.0,0.0,0.30967384742365944,0.0,0.0,0.0,0.0,0.0,0.0,0.0,0.0,0.0,0.878000020980835
0,9,adaptive_crosssdc_cmr,hinge,1.0,0.0,0.26428068843152785,0.0,0.0,0.0,0.0,0.0,0.0,0.0,0.0,0.0,0.8600000143051147
0,10,adaptive_crosssdc_cmr,hinge,1.0,0.0,0.21725346313582528,0.0,0.0,0.0,0.0,0.0,0.0,0.0,0.0,0.0,0.871999979019165
0,11,adaptive_crosssdc_cmr,hinge,1.0,0.0,0.1824994815720452,0.0,0.0,0.0,0.0,0.0,0.0,0.0,0.0,0.0,0.8740000128746033
0,12,adaptive_crosssdc_cmr,hinge,1.0,0.0,0.15930079420407614,0.0,0.0,0.0,0.0,0.0,0.0,0.0,0.0,0.0,0.871999979019165
0,13,adaptive_crosssdc_cmr,hinge,1.0,0.0,0.13810436841514376,0.0,0.0,0.0,0.0,0.0,0.0,0.0,0.0,0.0,0.8899999856948853
0,14,adaptive_crosssdc_cmr,hinge,1.0,0.0,0.11155338750945197,0.0,0.0,0.0,0.0,0.0,0.0,0.0,0.0,0.0,0.8920000195503235
0,15,adaptive_crosssdc_cmr,hinge,1.0,0.0,0.1010433543059561,0.0,0.0,0.0,0.0,0.0,0.0,0.0,0.0,0.0,0.8799999952316284
0,16,adaptive_crosssdc_cmr,hinge,1.0,0.0,0.08208289162980185,0.0,0.0,0.0,0.0,0.0,0.0,0.0,0.0,0.0,0.871999979019165
0,17,adaptive_crosssdc_cmr,hinge,1.0,0.0,0.07017859319845836,0.0,0.0,0.0,0.0,0.0,0.0,0.0,0.0,0.0,0.8880000114440918
0,18,adaptive_crosssdc_cmr,hinge,1.0,0.0,0.07126493793394831,0.0,0.0,0.0,0.0,0.0,0.0,0.0,0.0,0.0,0.8820000290870667
0,19,adaptive_crosssdc_cmr,hinge,1.0,0.0,0.05954129414425956,0.0,0.0,0.0,0.0,0.0,0.0,0.0,0.0,0.0,0.878000020980835
0,20,adaptive_crosssdc_cmr,hinge,1.0,0.0,0.049844681388802,0.0,0.0,0.0,0.0,0.0,0.0,0.0,0.0,0.0,0.8759999871253967
0,21,adaptive_crosssdc_cmr,hinge,1.0,0.0,0.044647693220112056,0.0,0.0,0.0,0.0,0.0,0.0,0.0,0.0,0.0,0.8840000033378601
0,22,adaptive_crosssdc_cmr,hinge,1.0,0.0,0.04216606790820757,0.0,0.0,0.0,0.0,0.0,0.0,0.0,0.0,0.0,0.8740000128746033
0,23,adaptive_crosssdc_cmr,hinge,1.0,0.0,0.035454332621561155,0.0,0.0,0.0,0.0,0.0,0.0,0.0,0.0,0.0,0.8880000114440918
0,24,adaptive_crosssdc_cmr,hinge,1.0,0.0,0.0322702553951078,0.0,0.0,0.0,0.0,0.0,0.0,0.0,0.0,0.0,0.8759999871253967
0,25,adaptive_crosssdc_cmr,hinge,1.0,0.0,0.028916761072145566,0.0,0.0,0.0,0.0,0.0,0.0,0.0,0.0,0.0,0.8859999775886536
0,26,adaptive_crosssdc_cmr,hinge,1.0,0.0,0.02767839075790511,0.0,0.0,0.0,0.0,0.0,0.0,0.0,0.0,0.0,0.878000020980835
0,27,adaptive_crosssdc_cmr,hinge,1.0,0.0,0.026569472832812205,0.0,0.0,0.0,0.0,0.0,0.0,0.0,0.0,0.0,0.878000020980835
0,28,adaptive_crosssdc_cmr,hinge,1.0,0.0,0.02522395820253425,0.0,0.0,0.0,0.0,0.0,0.0,0.0,0.0,0.0,0.8840000033378601
0,29,adaptive_crosssdc_cmr,hinge,1.0,0.0,0.0236123094542159,0.0,0.0,0.0,0.0,0.0,0.0,0.0,0.0,0.0,0.8820000290870667
0,30,adaptive_crosssdc_cmr,hinge,1.0,0.0,0.02278160076174471,0.0,0.0,0.0,0.0,0.0,0.0,0.0,0.0,0.0,0.8759999871253967
0,31,adaptive_crosssdc_cmr,hinge,1.0,0.0,0.0219748972190751,0.0,0.0,0.0,0.0,0.0,0.0,0.0,0.0,0.0,0.8820000290870667
0,32,adaptive_crosssdc_cmr,hinge,1.0,0.0,0.021265215550859768,0.0,0.0,0.0,0.0,0.0,0.0,0.0,0.0,0.0,0.878000020980835
0,33,adaptive_crosssdc_cmr,hinge,1.0,0.0,0.020158373647265963,0.0,0.0,0.0,0.0,0.0,0.0,0.0,0.0,0.0,0.8799999952316284
0,34,adaptive_crosssdc_cmr,hinge,1.0,0.0,0.019132517899076145,0.0,0.0,0.0,0.0,0.0,0.0,0.0,0.0,0.0,0.8740000128746033
0,35,adaptive_crosssdc_cmr,hinge,1.0,0.0,0.018115505990054872,0.0,0.0,0.0,0.0,0.0,0.0,0.0,0.0,0.0,0.8759999871253967
0,36,adaptive_crosssdc_cmr,hinge,1.0,0.0,0.01700358610186312,0.0,0.0,0.0,0.0,0.0,0.0,0.0,0.0,0.0,0.8799999952316284
0,37,adaptive_crosssdc_cmr,hinge,1.0,0.0,0.016701753354734845,0.0,0.0,0.0,0.0,0.0,0.0,0.0,0.0,0.0,0.8740000128746033
0,38,adaptive_crosssdc_cmr,hinge,1.0,0.0,0.01578304906272226,0.0,0.0,0.0,0.0,0.0,0.0,0.0,0.0,0.0,0.8799999952316284
0,39,adaptive_crosssdc_cmr,hinge,1.0,0.0,0.01517810569041305,0.0,0.0,0.0,0.0,0.0,0.0,0.0,0.0,0.0,0.8840000033378601
0,40,adaptive_crosssdc_cmr,hinge,1.0,0.0,0.014277774219711622,0.0,0.0,0.0,0.0,0.0,0.0,0.0,0.0,0.0,0.8820000290870667
0,41,adaptive_crosssdc_cmr,hinge,1.0,0.0,0.013918679828445116,0.0,0.0,0.0,0.0,0.0,0.0,0.0,0.0,0.0,0.8759999871253967
0,42,adaptive_crosssdc_cmr,hinge,1.0,0.0,0.013739828744696246,0.0,0.0,0.0,0.0,0.0,0.0,0.0,0.0,0.0,0.8840000033378601
0,43,adaptive_crosssdc_cmr,hinge,1.0,0.0,0.013600482605397701,0.0,0.0,0.0,0.0,0.0,0.0,0.0,0.0,0.0,0.8859999775886536
0,44,adaptive_crosssdc_cmr,hinge,1.0,0.0,0.013403954501781199,0.0,0.0,0.0,0.0,0.0,0.0,0.0,0.0,0.0,0.8679999709129333
0,45,adaptive_crosssdc_cmr,hinge,1.0,0.0,0.01276923633284039,0.0,0.0,0.0,0.0,0.0,0.0,0.0,0.0,0.0,0.8899999856948853
0,46,adaptive_crosssdc_cmr,hinge,1.0,0.0,0.013265346901284324,0.0,0.0,0.0,0.0,0.0,0.0,0.0,0.0,0.0,0.8759999871253967
0,47,adaptive_crosssdc_cmr,hinge,1.0,0.0,0.013457080659766993,0.0,0.0,0.0,0.0,0.0,0.0,0.0,0.0,0.0,0.8740000128746033
0,48,adaptive_crosssdc_cmr,hinge,1.0,0.0,0.01255105860117409,0.0,0.0,0.0,0.0,0.0,0.0,0.0,0.0,0.0,0.878000020980835
0,49,adaptive_crosssdc_cmr,hinge,1.0,0.0,0.01220139902498987,0.0,0.0,0.0,0.0,0.0,0.0,0.0,0.0,0.0,0.8799999952316284
0,50,adaptive_crosssdc_cmr,hinge,1.0,0.0,0.01136621967371967,0.0,0.0,0.0,0.0,0.0,0.0,0.0,0.0,0.0,0.8840000033378601
0,51,adaptive_crosssdc_cmr,hinge,1.0,0.0,0.011710550222131941,0.0,0.0,0.0,0.0,0.0,0.0,0.0,0.0,0.0,0.8820000290870667
0,52,adaptive_crosssdc_cmr,hinge,1.0,0.0,0.010776566651960215,0.0,0.0,0.0,0.0,0.0,0.0,0.0,0.0,0.0,0.8799999952316284
0,53,adaptive_crosssdc_cmr,hinge,1.0,0.0,0.0103896614164114,0.0,0.0,0.0,0.0,0.0,0.0,0.0,0.0,0.0,0.8840000033378601
0,54,adaptive_crosssdc_cmr,hinge,1.0,0.0,0.010238367960684829,0.0,0.0,0.0,0.0,0.0,0.0,0.0,0.0,0.0,0.8820000290870667
0,55,adaptive_crosssdc_cmr,hinge,1.0,0.0,0.010567265148792002,0.0,0.0,0.0,0.0,0.0,0.0,0.0,0.0,0.0,0.8799999952316284
0,56,adaptive_crosssdc_cmr,hinge,1.0,0.0,0.010601014002329774,0.0,0.0,0.0,0.0,0.0,0.0,0.0,0.0,0.0,0.8840000033378601
0,57,adaptive_crosssdc_cmr,hinge,1.0,0.0,0.01043190455271138,0.0,0.0,0.0,0.0,0.0,0.0,0.0,0.0,0.0,0.8759999871253967
0,58,adaptive_crosssdc_cmr,hinge,1.0,0.0,0.009824609694381555,0.0,0.0,0.0,0.0,0.0,0.0,0.0,0.0,0.0,0.8799999952316284
0,59,adaptive_crosssdc_cmr,hinge,1.0,0.0,0.009772969978964992,0.0,0.0,0.0,0.0,0.0,0.0,0.0,0.0,0.0,0.8740000128746033
0,60,adaptive_crosssdc_cmr,hinge,1.0,0.0,0.009513226544691456,0.0,0.0,0.0,0.0,0.0,0.0,0.0,0.0,0.0,0.8880000114440918
0,61,adaptive_crosssdc_cmr,hinge,1.0,0.0,0.009524253817896048,0.0,0.0,0.0,0.0,0.0,0.0,0.0,0.0,0.0,0.8759999871253967
0,62,adaptive_crosssdc_cmr,hinge,1.0,0.0,0.009357707678443856,0.0,0.0,0.0,0.0,0.0,0.0,0.0,0.0,0.0,0.8759999871253967
0,63,adaptive_crosssdc_cmr,hinge,1.0,0.0,0.008856599633064535,0.0,0.0,0.0,0.0,0.0,0.0,0.0,0.0,0.0,0.878000020980835
0,64,adaptive_crosssdc_cmr,hinge,1.0,0.0,0.008789306454774406,0.0,0.0,0.0,0.0,0.0,0.0,0.0,0.0,0.0,0.8820000290870667
0,65,adaptive_crosssdc_cmr,hinge,1.0,0.0,0.008833156174255742,0.0,0.0,0.0,0.0,0.0,0.0,0.0,0.0,0.0,0.878000020980835
0,66,adaptive_crosssdc_cmr,hinge,1.0,0.0,0.00856539441479577,0.0,0.0,0.0,0.0,0.0,0.0,0.0,0.0,0.0,0.8859999775886536
0,67,adaptive_crosssdc_cmr,hinge,1.0,0.0,0.008340357440627284,0.0,0.0,0.0,0.0,0.0,0.0,0.0,0.0,0.0,0.878000020980835
0,68,adaptive_crosssdc_cmr,hinge,1.0,0.0,0.008437691515104638,0.0,0.0,0.0,0.0,0.0,0.0,0.0,0.0,0.0,0.8820000290870667
0,69,adaptive_crosssdc_cmr,hinge,1.0,0.0,0.008081105330752002,0.0,0.0,0.0,0.0,0.0,0.0,0.0,0.0,0.0,0.8799999952316284
0,70,adaptive_crosssdc_cmr,hinge,1.0,0.0,0.008190043011887206,0.0,0.0,0.0,0.0,0.0,0.0,0.0,0.0,0.0,0.8840000033378601
0,71,adaptive_crosssdc_cmr,hinge,1.0,0.0,0.008030274779432349,0.0,0.0,0.0,0.0,0.0,0.0,0.0,0.0,0.0,0.8759999871253967
0,72,adaptive_crosssdc_cmr,hinge,1.0,0.0,0.00767999023406042,0.0,0.0,0.0,0.0,0.0,0.0,0.0,0.0,0.0,0.878000020980835
0,73,adaptive_crosssdc_cmr,hinge,1.0,0.0,0.007753653658760918,0.0,0.0,0.0,0.0,0.0,0.0,0.0,0.0,0.0,0.878000020980835
0,74,adaptive_crosssdc_cmr,hinge,1.0,0.0,0.007646388943410582,0.0,0.0,0.0,0.0,0.0,0.0,0.0,0.0,0.0,0.8759999871253967
0,75,adaptive_crosssdc_cmr,hinge,1.0,0.0,0.007502743819107612,0.0,0.0,0.0,0.0,0.0,0.0,0.0,0.0,0.0,0.8799999952316284
0,76,adaptive_crosssdc_cmr,hinge,1.0,0.0,0.007550918962806463,0.0,0.0,0.0,0.0,0.0,0.0,0.0,0.0,0.0,0.8759999871253967
0,77,adaptive_crosssdc_cmr,hinge,1.0,0.0,0.007366710394206975,0.0,0.0,0.0,0.0,0.0,0.0,0.0,0.0,0.0,0.8740000128746033
0,78,adaptive_crosssdc_cmr,hinge,1.0,0.0,0.007184891340633233,0.0,0.0,0.0,0.0,0.0,0.0,0.0,0.0,0.0,0.878000020980835
0,79,adaptive_crosssdc_cmr,hinge,1.0,0.0,0.007019095174554322,0.0,0.0,0.0,0.0,0.0,0.0,0.0,0.0,0.0,0.8799999952316284
0,80,adaptive_crosssdc_cmr,hinge,1.0,0.0,0.006918971530265278,0.0,0.0,0.0,0.0,0.0,0.0,0.0,0.0,0.0,0.8759999871253967
0,81,adaptive_crosssdc_cmr,hinge,1.0,0.0,0.006877267112334569,0.0,0.0,0.0,0.0,0.0,0.0,0.0,0.0,0.0,0.8759999871253967
0,82,adaptive_crosssdc_cmr,hinge,1.0,0.0,0.0070210823064876925,0.0,0.0,0.0,0.0,0.0,0.0,0.0,0.0,0.0,0.871999979019165
0,83,adaptive_crosssdc_cmr,hinge,1.0,0.0,0.0073679918940696455,0.0,0.0,0.0,0.0,0.0,0.0,0.0,0.0,0.0,0.8700000047683716
0,84,adaptive_crosssdc_cmr,hinge,1.0,0.0,0.007317966988517178,0.0,0.0,0.0,0.0,0.0,0.0,0.0,0.0,0.0,0.8759999871253967
0,85,adaptive_crosssdc_cmr,hinge,1.0,0.0,0.006974240351054404,0.0,0.0,0.0,0.0,0.0,0.0,0.0,0.0,0.0,0.8820000290870667
0,86,adaptive_crosssdc_cmr,hinge,1.0,0.0,0.006388385780155659,0.0,0.0,0.0,0.0,0.0,0.0,0.0,0.0,0.0,0.8679999709129333
0,87,adaptive_crosssdc_cmr,hinge,1.0,0.0,0.006591932227214177,0.0,0.0,0.0,0.0,0.0,0.0,0.0,0.0,0.0,0.878000020980835
0,88,adaptive_crosssdc_cmr,hinge,1.0,0.0,0.006820049550798204,0.0,0.0,0.0,0.0,0.0,0.0,0.0,0.0,0.0,0.8679999709129333
0,89,adaptive_crosssdc_cmr,hinge,1.0,0.0,0.00714149781399303,0.0,0.0,0.0,0.0,0.0,0.0,0.0,0.0,0.0,0.871999979019165
0,90,adaptive_crosssdc_cmr,hinge,1.0,0.0,0.007391071774893337,0.0,0.0,0.0,0.0,0.0,0.0,0.0,0.0,0.0,0.8759999871253967
0,91,adaptive_crosssdc_cmr,hinge,1.0,0.0,0.007200978851566712,0.0,0.0,0.0,0.0,0.0,0.0,0.0,0.0,0.0,0.8700000047683716
0,92,adaptive_crosssdc_cmr,hinge,1.0,0.0,0.006503457720908854,0.0,0.0,0.0,0.0,0.0,0.0,0.0,0.0,0.0,0.8820000290870667
0,93,adaptive_crosssdc_cmr,hinge,1.0,0.0,0.006115940813389089,0.0,0.0,0.0,0.0,0.0,0.0,0.0,0.0,0.0,0.8659999966621399
0,94,adaptive_crosssdc_cmr,hinge,1.0,0.0,0.006056028832164075,0.0,0.0,0.0,0.0,0.0,0.0,0.0,0.0,0.0,0.878000020980835
0,95,adaptive_crosssdc_cmr,hinge,1.0,0.0,0.006108886148366664,0.0,0.0,0.0,0.0,0.0,0.0,0.0,0.0,0.0,0.8759999871253967
0,96,adaptive_crosssdc_cmr,hinge,1.0,0.0,0.006278792085746924,0.0,0.0,0.0,0.0,0.0,0.0,0.0,0.0,0.0,0.8659999966621399
0,97,adaptive_crosssdc_cmr,hinge,1.0,0.0,0.00595215294096205,0.0,0.0,0.0,0.0,0.0,0.0,0.0,0.0,0.0,0.8659999966621399
0,98,adaptive_crosssdc_cmr,hinge,1.0,0.0,0.005951299176861842,0.0,0.0,0.0,0.0,0.0,0.0,0.0,0.0,0.0,0.8759999871253967
0,99,adaptive_crosssdc_cmr,hinge,1.0,0.0,0.005876228058089812,0.0,0.0,0.0,0.0,0.0,0.0,0.0,0.0,0.0,0.8619999885559082
0,100,adaptive_crosssdc_cmr,hinge,1.0,0.0,0.005777009038461579,0.0,0.0,0.0,0.0,0.0,0.0,0.0,0.0,0.0,0.871999979019165
0,101,adaptive_crosssdc_cmr,hinge,1.0,0.0,0.005430651311245229,0.0,0.0,0.0,0.0,0.0,0.0,0.0,0.0,0.0,0.8679999709129333
0,102,adaptive_crosssdc_cmr,hinge,1.0,0.0,0.005268724738723702,0.0,0.0,0.0,0.0,0.0,0.0,0.0,0.0,0.0,0.871999979019165
0,103,adaptive_crosssdc_cmr,hinge,1.0,0.0,0.005381882811586062,0.0,0.0,0.0,0.0,0.0,0.0,0.0,0.0,0.0,0.8759999871253967
0,104,adaptive_crosssdc_cmr,hinge,1.0,0.0,0.0052769228091670405,0.0,0.0,0.0,0.0,0.0,0.0,0.0,0.0,0.0,0.8640000224113464
0,105,adaptive_crosssdc_cmr,hinge,1.0,0.0,0.005330090048826403,0.0,0.0,0.0,0.0,0.0,0.0,0.0,0.0,0.0,0.871999979019165
0,106,adaptive_crosssdc_cmr,hinge,1.0,0.0,0.005501182853347725,0.0,0.0,0.0,0.0,0.0,0.0,0.0,0.0,0.0,0.8679999709129333
0,107,adaptive_crosssdc_cmr,hinge,1.0,0.0,0.005460066151701742,0.0,0.0,0.0,0.0,0.0,0.0,0.0,0.0,0.0,0.871999979019165
0,108,adaptive_crosssdc_cmr,hinge,1.0,0.0,0.005412609264668491,0.0,0.0,0.0,0.0,0.0,0.0,0.0,0.0,0.0,0.8679999709129333
0,109,adaptive_crosssdc_cmr,hinge,1.0,0.0,0.005125084995395607,0.0,0.0,0.0,0.0,0.0,0.0,0.0,0.0,0.0,0.8659999966621399
0,110,adaptive_crosssdc_cmr,hinge,1.0,0.0,0.005054485518485308,0.0,0.0,0.0,0.0,0.0,0.0,0.0,0.0,0.0,0.8740000128746033
0,111,adaptive_crosssdc_cmr,hinge,1.0,0.0,0.005263742732091082,0.0,0.0,0.0,0.0,0.0,0.0,0.0,0.0,0.0,0.871999979019165
0,112,adaptive_crosssdc_cmr,hinge,1.0,0.0,0.005246745991624064,0.0,0.0,0.0,0.0,0.0,0.0,0.0,0.0,0.0,0.871999979019165
0,113,adaptive_crosssdc_cmr,hinge,1.0,0.0,0.004989231057051156,0.0,0.0,0.0,0.0,0.0,0.0,0.0,0.0,0.0,0.871999979019165
0,114,adaptive_crosssdc_cmr,hinge,1.0,0.0,0.00515238842409518,0.0,0.0,0.0,0.0,0.0,0.0,0.0,0.0,0.0,0.878000020980835
0,115,adaptive_crosssdc_cmr,hinge,1.0,0.0,0.004862973828696542,0.0,0.0,0.0,0.0,0.0,0.0,0.0,0.0,0.0,0.8640000224113464
0,116,adaptive_crosssdc_cmr,hinge,1.0,0.0,0.004873876822077566,0.0,0.0,0.0,0.0,0.0,0.0,0.0,0.0,0.0,0.8679999709129333
0,117,adaptive_crosssdc_cmr,hinge,1.0,0.0,0.00482844344029824,0.0,0.0,0.0,0.0,0.0,0.0,0.0,0.0,0.0,0.8700000047683716
0,118,adaptive_crosssdc_cmr,hinge,1.0,0.0,0.004865432623773813,0.0,0.0,0.0,0.0,0.0,0.0,0.0,0.0,0.0,0.871999979019165
0,119,adaptive_crosssdc_cmr,hinge,1.0,0.0,0.0048780683686749805,0.0,0.0,0.0,0.0,0.0,0.0,0.0,0.0,0.0,0.8659999966621399
0,120,adaptive_crosssdc_cmr,hinge,1.0,0.0,0.0049433780109716784,0.0,0.0,0.0,0.0,0.0,0.0,0.0,0.0,0.0,0.8740000128746033
0,121,adaptive_crosssdc_cmr,hinge,1.0,0.0,0.004942087611804406,0.0,0.0,0.0,0.0,0.0,0.0,0.0,0.0,0.0,0.8659999966621399
0,122,adaptive_crosssdc_cmr,hinge,1.0,0.0,0.005007223950492011,0.0,0.0,0.0,0.0,0.0,0.0,0.0,0.0,0.0,0.871999979019165
0,123,adaptive_crosssdc_cmr,hinge,1.0,0.0,0.004919357468477554,0.0,0.0,0.0,0.0,0.0,0.0,0.0,0.0,0.0,0.871999979019165
0,124,adaptive_crosssdc_cmr,hinge,1.0,0.0,0.004647550380064381,0.0,0.0,0.0,0.0,0.0,0.0,0.0,0.0,0.0,0.8679999709129333
0,125,adaptive_crosssdc_cmr,hinge,1.0,0.0,0.004669476869619555,0.0,0.0,0.0,0.0,0.0,0.0,0.0,0.0,0.0,0.8640000224113464
0,126,adaptive_crosssdc_cmr,hinge,1.0,0.0,0.00463894625297851,0.0,0.0,0.0,0.0,0.0,0.0,0.0,0.0,0.0,0.8659999966621399
0,127,adaptive_crosssdc_cmr,hinge,1.0,0.0,0.0045046934651003945,0.0,0.0,0.0,0.0,0.0,0.0,0.0,0.0,0.0,0.8640000224113464
0,128,adaptive_crosssdc_cmr,hinge,1.0,0.0,0.004502797292338477,0.0,0.0,0.0,0.0,0.0,0.0,0.0,0.0,0.0,0.8740000128746033
0,129,adaptive_crosssdc_cmr,hinge,1.0,0.0,0.0048180425850053625,0.0,0.0,0.0,0.0,0.0,0.0,0.0,0.0,0.0,0.8700000047683716
0,130,adaptive_crosssdc_cmr,hinge,1.0,0.0,0.004266421103643047,0.0,0.0,0.0,0.0,0.0,0.0,0.0,0.0,0.0,0.8659999966621399
0,131,adaptive_crosssdc_cmr,hinge,1.0,0.0,0.004251145912955205,0.0,0.0,0.0,0.0,0.0,0.0,0.0,0.0,0.0,0.871999979019165
0,132,adaptive_crosssdc_cmr,hinge,1.0,0.0,0.004096245108586218,0.0,0.0,0.0,0.0,0.0,0.0,0.0,0.0,0.0,0.8640000224113464
0,133,adaptive_crosssdc_cmr,hinge,1.0,0.0,0.004335597002257903,0.0,0.0,0.0,0.0,0.0,0.0,0.0,0.0,0.0,0.8679999709129333
0,134,adaptive_crosssdc_cmr,hinge,1.0,0.0,0.004255447252136137,0.0,0.0,0.0,0.0,0.0,0.0,0.0,0.0,0.0,0.8659999966621399
0,135,adaptive_crosssdc_cmr,hinge,1.0,0.0,0.004445279042960869,0.0,0.0,0.0,0.0,0.0,0.0,0.0,0.0,0.0,0.8759999871253967
0,136,adaptive_crosssdc_cmr,hinge,1.0,0.0,0.004661756438306636,0.0,0.0,0.0,0.0,0.0,0.0,0.0,0.0,0.0,0.8679999709129333
0,137,adaptive_crosssdc_cmr,hinge,1.0,0.0,0.00444494772495495,0.0,0.0,0.0,0.0,0.0,0.0,0.0,0.0,0.0,0.8700000047683716
0,138,adaptive_crosssdc_cmr,hinge,1.0,0.0,0.004005366367184454,0.0,0.0,0.0,0.0,0.0,0.0,0.0,0.0,0.0,0.8640000224113464
0,139,adaptive_crosssdc_cmr,hinge,1.0,0.0,0.00410620950990253,0.0,0.0,0.0,0.0,0.0,0.0,0.0,0.0,0.0,0.8700000047683716
0,140,adaptive_crosssdc_cmr,hinge,1.0,0.0,0.0039781963763137656,0.0,0.0,0.0,0.0,0.0,0.0,0.0,0.0,0.0,0.8679999709129333
0,141,adaptive_crosssdc_cmr,hinge,1.0,0.0,0.003871594271105197,0.0,0.0,0.0,0.0,0.0,0.0,0.0,0.0,0.0,0.8700000047683716
0,142,adaptive_crosssdc_cmr,hinge,1.0,0.0,0.003816185338008735,0.0,0.0,0.0,0.0,0.0,0.0,0.0,0.0,0.0,0.8700000047683716
0,143,adaptive_crosssdc_cmr,hinge,1.0,0.0,0.0038119530719187525,0.0,0.0,0.0,0.0,0.0,0.0,0.0,0.0,0.0,0.8619999885559082
0,144,adaptive_crosssdc_cmr,hinge,1.0,0.0,0.0037638385935376086,0.0,0.0,0.0,0.0,0.0,0.0,0.0,0.0,0.0,0.8679999709129333
0,145,adaptive_crosssdc_cmr,hinge,1.0,0.0,0.004059494861091177,0.0,0.0,0.0,0.0,0.0,0.0,0.0,0.0,0.0,0.8679999709129333
0,146,adaptive_crosssdc_cmr,hinge,1.0,0.0,0.004445279275791513,0.0,0.0,0.0,0.0,0.0,0.0,0.0,0.0,0.0,0.8659999966621399
0,147,adaptive_crosssdc_cmr,hinge,1.0,0.0,0.005106857253445519,0.0,0.0,0.0,0.0,0.0,0.0,0.0,0.0,0.0,0.8759999871253967
0,148,adaptive_crosssdc_cmr,hinge,1.0,0.0,0.004655052778414554,0.0,0.0,0.0,0.0,0.0,0.0,0.0,0.0,0.0,0.8640000224113464
0,149,adaptive_crosssdc_cmr,hinge,1.0,0.0,0.005014366573757595,0.0,0.0,0.0,0.0,0.0,0.0,0.0,0.0,0.0,0.8640000224113464
0,150,adaptive_crosssdc_cmr,hinge,1.0,0.0,0.004389832882831494,0.0,0.0,0.0,0.0,0.0,0.0,0.0,0.0,0.0,0.8619999885559082
0,151,adaptive_crosssdc_cmr,hinge,1.0,0.0,0.00415094892701341,0.0,0.0,0.0,0.0,0.0,0.0,0.0,0.0,0.0,0.8640000224113464
0,152,adaptive_crosssdc_cmr,hinge,1.0,0.0,0.0036357997192276847,0.0,0.0,0.0,0.0,0.0,0.0,0.0,0.0,0.0,0.8640000224113464
0,153,adaptive_crosssdc_cmr,hinge,1.0,0.0,0.0036220956697232192,0.0,0.0,0.0,0.0,0.0,0.0,0.0,0.0,0.0,0.8679999709129333
0,154,adaptive_crosssdc_cmr,hinge,1.0,0.0,0.003430838437957896,0.0,0.0,0.0,0.0,0.0,0.0,0.0,0.0,0.0,0.8640000224113464
0,155,adaptive_crosssdc_cmr,hinge,1.0,0.0,0.0033153326561053595,0.0,0.0,0.0,0.0,0.0,0.0,0.0,0.0,0.0,0.8700000047683716
0,156,adaptive_crosssdc_cmr,hinge,1.0,0.0,0.0035267945172058213,0.0,0.0,0.0,0.0,0.0,0.0,0.0,0.0,0.0,0.8659999966621399
0,157,adaptive_crosssdc_cmr,hinge,1.0,0.0,0.0036604388151317835,0.0,0.0,0.0,0.0,0.0,0.0,0.0,0.0,0.0,0.8640000224113464
0,158,adaptive_crosssdc_cmr,hinge,1.0,0.0,0.0033697335618651575,0.0,0.0,0.0,0.0,0.0,0.0,0.0,0.0,0.0,0.8640000224113464
0,159,adaptive_crosssdc_cmr,hinge,1.0,0.0,0.003530998636657993,0.0,0.0,0.0,0.0,0.0,0.0,0.0,0.0,0.0,0.8679999709129333
0,160,adaptive_crosssdc_cmr,hinge,1.0,0.0,0.003383538815089398,0.0,0.0,0.0,0.0,0.0,0.0,0.0,0.0,0.0,0.8579999804496765
0,161,adaptive_crosssdc_cmr,hinge,1.0,0.0,0.0039784150042881565,0.0,0.0,0.0,0.0,0.0,0.0,0.0,0.0,0.0,0.8679999709129333
0,162,adaptive_crosssdc_cmr,hinge,1.0,0.0,0.004376927701135476,0.0,0.0,0.0,0.0,0.0,0.0,0.0,0.0,0.0,0.8700000047683716
0,163,adaptive_crosssdc_cmr,hinge,1.0,0.0,0.004419537933750285,0.0,0.0,0.0,0.0,0.0,0.0,0.0,0.0,0.0,0.8640000224113464
0,164,adaptive_crosssdc_cmr,hinge,1.0,0.0,0.005739953084331419,0.0,0.0,0.0,0.0,0.0,0.0,0.0,0.0,0.0,0.8640000224113464
0,165,adaptive_crosssdc_cmr,hinge,1.0,0.0,0.004457787610590458,0.0,0.0,0.0,0.0,0.0,0.0,0.0,0.0,0.0,0.871999979019165
0,166,adaptive_crosssdc_cmr,hinge,1.0,0.0,0.004287097059811155,0.0,0.0,0.0,0.0,0.0,0.0,0.0,0.0,0.0,0.8619999885559082
0,167,adaptive_crosssdc_cmr,hinge,1.0,0.0,0.003998057787410087,0.0,0.0,0.0,0.0,0.0,0.0,0.0,0.0,0.0,0.8659999966621399
0,168,adaptive_crosssdc_cmr,hinge,1.0,0.0,0.0036262961156252357,0.0,0.0,0.0,0.0,0.0,0.0,0.0,0.0,0.0,0.8679999709129333
0,169,adaptive_crosssdc_cmr,hinge,1.0,0.0,0.0031438482045713398,0.0,0.0,0.0,0.0,0.0,0.0,0.0,0.0,0.0,0.8600000143051147
0,170,adaptive_crosssdc_cmr,hinge,1.0,0.0,0.0031921688415524033,0.0,0.0,0.0,0.0,0.0,0.0,0.0,0.0,0.0,0.8619999885559082
0,171,adaptive_crosssdc_cmr,hinge,1.0,0.0,0.0029436068143695593,0.0,0.0,0.0,0.0,0.0,0.0,0.0,0.0,0.0,0.8700000047683716
0,172,adaptive_crosssdc_cmr,hinge,1.0,0.0,0.0029507444447113406,0.0,0.0,0.0,0.0,0.0,0.0,0.0,0.0,0.0,0.8659999966621399
0,173,adaptive_crosssdc_cmr,hinge,1.0,0.0,0.0032144146454003123,0.0,0.0,0.0,0.0,0.0,0.0,0.0,0.0,0.0,0.8579999804496765
0,174,adaptive_crosssdc_cmr,hinge,1.0,0.0,0.002992970480894049,0.0,0.0,0.0,0.0,0.0,0.0,0.0,0.0,0.0,0.8619999885559082
0,175,adaptive_crosssdc_cmr,hinge,1.0,0.0,0.003010445222672489,0.0,0.0,0.0,0.0,0.0,0.0,0.0,0.0,0.0,0.8560000061988831
0,176,adaptive_crosssdc_cmr,hinge,1.0,0.0,0.002893526909045047,0.0,0.0,0.0,0.0,0.0,0.0,0.0,0.0,0.0,0.8619999885559082
0,177,adaptive_crosssdc_cmr,hinge,1.0,0.0,0.0029905714456819827,0.0,0.0,0.0,0.0,0.0,0.0,0.0,0.0,0.0,0.8640000224113464
0,178,adaptive_crosssdc_cmr,hinge,1.0,0.0,0.0034168656760205827,0.0,0.0,0.0,0.0,0.0,0.0,0.0,0.0,0.0,0.8619999885559082
0,179,adaptive_crosssdc_cmr,hinge,1.0,0.0,0.0034159697437038026,0.0,0.0,0.0,0.0,0.0,0.0,0.0,0.0,0.0,0.8659999966621399
0,180,adaptive_crosssdc_cmr,hinge,1.0,0.0,0.0032847759106920827,0.0,0.0,0.0,0.0,0.0,0.0,0.0,0.0,0.0,0.8619999885559082
0,181,adaptive_crosssdc_cmr,hinge,1.0,0.0,0.00328540936526325,0.0,0.0,0.0,0.0,0.0,0.0,0.0,0.0,0.0,0.8659999966621399
0,182,adaptive_crosssdc_cmr,hinge,1.0,0.0,0.0031062692093352475,0.0,0.0,0.0,0.0,0.0,0.0,0.0,0.0,0.0,0.8659999966621399
0,183,adaptive_crosssdc_cmr,hinge,1.0,0.0,0.003014702479251557,0.0,0.0,0.0,0.0,0.0,0.0,0.0,0.0,0.0,0.8640000224113464
0,184,adaptive_crosssdc_cmr,hinge,1.0,0.0,0.0026999727512399354,0.0,0.0,0.0,0.0,0.0,0.0,0.0,0.0,0.0,0.871999979019165
0,185,adaptive_crosssdc_cmr,hinge,1.0,0.0,0.0029231556173827914,0.0,0.0,0.0,0.0,0.0,0.0,0.0,0.0,0.0,0.8640000224113464
0,186,adaptive_crosssdc_cmr,hinge,1.0,0.0,0.0031305498495284054,0.0,0.0,0.0,0.0,0.0,0.0,0.0,0.0,0.0,0.8659999966621399
0,187,adaptive_crosssdc_cmr,hinge,1.0,0.0,0.0032187168900337485,0.0,0.0,0.0,0.0,0.0,0.0,0.0,0.0,0.0,0.8640000224113464
0,188,adaptive_crosssdc_cmr,hinge,1.0,0.0,0.0034028898614148297,0.0,0.0,0.0,0.0,0.0,0.0,0.0,0.0,0.0,0.8659999966621399
0,189,adaptive_crosssdc_cmr,hinge,1.0,0.0,0.003285572320843736,0.0,0.0,0.0,0.0,0.0,0.0,0.0,0.0,0.0,0.8619999885559082
0,190,adaptive_crosssdc_cmr,hinge,1.0,0.0,0.002871816305236684,0.0,0.0,0.0,0.0,0.0,0.0,0.0,0.0,0.0,0.8579999804496765
0,191,adaptive_crosssdc_cmr,hinge,1.0,0.0,0.0029961014062994057,0.0,0.0,0.0,0.0,0.0,0.0,0.0,0.0,0.0,0.8579999804496765
0,192,adaptive_crosssdc_cmr,hinge,1.0,0.0,0.00291508079196016,0.0,0.0,0.0,0.0,0.0,0.0,0.0,0.0,0.0,0.8619999885559082
0,193,adaptive_crosssdc_cmr,hinge,1.0,0.0,0.003734184480789635,0.0,0.0,0.0,0.0,0.0,0.0,0.0,0.0,0.0,0.8560000061988831
0,194,adaptive_crosssdc_cmr,hinge,1.0,0.0,0.004022576251170701,0.0,0.0,0.0,0.0,0.0,0.0,0.0,0.0,0.0,0.8579999804496765
0,195,adaptive_crosssdc_cmr,hinge,1.0,0.0,0.003214266177059876,0.0,0.0,0.0,0.0,0.0,0.0,0.0,0.0,0.0,0.8579999804496765
0,196,adaptive_crosssdc_cmr,hinge,1.0,0.0,0.00318954988486237,0.0,0.0,0.0,0.0,0.0,0.0,0.0,0.0,0.0,0.8600000143051147
0,197,adaptive_crosssdc_cmr,hinge,1.0,0.0,0.0034100299494134057,0.0,0.0,0.0,0.0,0.0,0.0,0.0,0.0,0.0,0.8619999885559082
0,198,adaptive_crosssdc_cmr,hinge,1.0,0.0,0.0030481084767315122,0.0,0.0,0.0,0.0,0.0,0.0,0.0,0.0,0.0,0.8659999966621399
0,199,adaptive_crosssdc_cmr,hinge,1.0,0.0,0.0028329193333370816,0.0,0.0,0.0,0.0,0.0,0.0,0.0,0.0,0.0,0.8619999885559082
1,0,adaptive_crosssdc_cmr,hinge,1.0,0.0,2.5696223311954074,4.472703350914849,4.405600123935276,0.44727033509148495,0.03918167038096322,0.003918167038096322,0.5399305555555556,0.4470486111111111,0.05425530672073364,0.012170329689979553,0.45100000500679016
1,1,adaptive_crosssdc_cmr,hinge,1.0,0.0,1.965428113937378,4.406721380021837,4.356867896185981,0.44067213800218374,0.053962786164548665,0.005396278616454867,0.6545138888888888,0.4505208333333333,0.06801856391959721,0.023214237971438303,0.5040000081062317
1,2,adaptive_crosssdc_cmr,hinge,1.0,0.0,1.7662459346983168,4.381422254774305,4.3303984536065,0.43814222547743054,0.04704544982976384,0.004704544982976384,0.5859375,0.4383680555555556,0.05414464490281211,0.025204393598768447,0.5239999890327454
1,3,adaptive_crosssdc_cmr,hinge,1.0,0.0,1.6369741492801242,4.334664291805691,4.304105175866021,0.4334664291805691,0.03470782625178496,0.003470782625178496,0.5390625,0.3506944444444444,0.03875300370984607,0.018841838464140892,0.5559999942779541
1,4,adaptive_crosssdc_cmr,hinge,1.0,0.0,1.558031095398797,4.319441954294841,4.29541556040446,0.4319441954294841,0.025629897498422198,0.00256298974984222,0.4053819444444444,0.2725694444444444,0.028446778655052185,0.014281710816754235,0.5600000023841858
1,5,adaptive_crosssdc_cmr,hinge,1.0,0.0,1.4953117900424533,4.267338699764675,4.279586686028375,0.42673386997646756,0.021572673900259867,0.002157267390025987,0.3767361111111111,0.2760416666666667,0.022305708999435108,0.01521725600792302,0.5849999785423279
1,6,adaptive_crosssdc_cmr,hinge,1.0,0.0,1.4505721595552232,4.2393322520785865,4.240817864735921,0.4239332252078587,0.015179356042709615,0.0015179356042709616,0.2777777777777778,0.19618055555555555,0.015400738765796026,0.01065790880885389,0.5699999928474426
1,7,adaptive_crosssdc_cmr,hinge,1.0,0.0,1.3980069955190022,4.169432216220432,4.196065796746148,0.4169432216220432,0.013349758564598031,0.0013349758564598032,0.23350694444444445,0.1449652777777778,0.014155077851480909,0.009020756309231123,0.5929999947547913
1,8,adaptive_crosssdc_cmr,hinge,1.0,0.0,1.3715787596172757,4.174688445197211,4.224126974741618,0.41746884451972116,0.009450480962793032,0.0009450480962793032,0.1857638888888889,0.12239583333333333,0.009904927470617823,0.006476149376895692,0.597000002861023
1,9,adaptive_crosssdc_cmr,hinge,1.0,0.0,1.3319250345230103,4.147031837039524,4.194555706448025,0.4147031837039524,0.012231147123707665,0.0012231147123707665,0.2065972222222222,0.12065972222222222,0.012665496104293399,0.008483820077445772,0.6190000176429749
1,10,adaptive_crosssdc_cmr,hinge,1.0,0.0,1.313986447122362,4.1358621915181475,4.188639693790012,0.41358621915181476,0.008697352475590177,0.0008697352475590177,0.1484375,0.09288194444444445,0.008914392648471726,0.005837005459600025,0.6129999756813049
1,11,adaptive_crosssdc_cmr,hinge,1.0,0.0,1.280472821659512,4.0663210021124945,4.1411506334940595,0.40663210021124946,0.007922095505313741,0.0007922095505313742,0.1345486111111111,0.07291666666666667,0.008929953806930117,0.004754220032029682,0.6129999756813049
1,12,adaptive_crosssdc_cmr,hinge,1.0,0.0,1.2581641144222684,4.035362005233765,4.119206666946411,0.40353620052337646,0.008902753548075756,0.0008902753548075756,0.1328125,0.0703125,0.00909821709824933,0.005735240462753508,0.6330000162124634
1,13,adaptive_crosssdc_cmr,hinge,1.0,0.0,1.2335026131735907,4.025756650500828,4.138122081756592,0.4025756650500828,0.006543054711073637,0.0006543054711073637,0.09895833333333333,0.049479166666666664,0.006983732183774312,0.0043467262552844155,0.6290000081062317
1,14,adaptive_crosssdc_cmr,hinge,1.0,0.0,1.2135219044155545,3.987499025132921,4.117568122016059,0.3987499025132921,0.006881985865119431,0.0006881985865119432,0.09375,0.052083333333333336,0.007535167659322421,0.003961079650455051,0.6449999809265137
1,15,adaptive_crosssdc_cmr,hinge,1.0,0.0,1.1937280893325806,3.955271508958605,4.116727405124241,0.3955271508958605,0.0071188042250772314,0.0007118804225077232,0.0954861111111111,0.05555555555555555,0.007220939215686586,0.005050866554180781,0.6389999985694885
1,16,adaptive_crosssdc_cmr,hinge,1.0,0.0,1.167217002974616,3.910597244898478,4.089534494611952,0.3910597244898478,0.006400656886398792,0.0006400656886398793,0.08246527777777778,0.050347222222222224,0.006158398257361518,0.004509578976366255,0.6520000100135803
1,17,adaptive_crosssdc_cmr,hinge,1.0,0.0,1.1628224452336628,3.9164341025882297,4.091621769799127,0.391643410258823,0.006337184976372454,0.0006337184976372455,0.08680555555555555,0.036458333333333336,0.007828157395124435,0.0025089776350392234,0.656000018119812
1,18,adaptive_crosssdc_cmr,hinge,1.0,0.0,1.1403305265638564,3.862651613023546,4.0711776415507,0.38626516130235466,0.004647713671955798,0.0004647713671955798,0.0642361111111111,0.049479166666666664,0.004066330898139212,0.003906937936941783,0.6600000262260437
1,19,adaptive_crosssdc_cmr,hinge,1.0,0.0,1.1278644402821858,3.858136124081082,4.084811369578044,0.3858136124081082,0.005478082250596749,0.0005478082250596749,0.06336805555555555,0.044270833333333336,0.006334385110272301,0.002736949258380466,0.6570000052452087
1,20,adaptive_crosssdc_cmr,hinge,1.0,0.0,1.114245163069831,3.8348956373002796,4.0471667713589135,0.38348956373002796,0.005640732383148538,0.0005640732383148539,0.06770833333333333,0.043402777777777776,0.006150438139835994,0.0032520977159341178,0.6620000004768372
1,21,adaptive_crosssdc_cmr,hinge,1.0,0.0,1.094808366563585,3.791679276360406,4.046370506286621,0.3791679276360406,0.003995441327181955,0.00039954413271819553,0.049479166666666664,0.036458333333333336,0.00374298563434018,0.0030846757193406424,0.6620000004768372
1,22,adaptive_crosssdc_cmr,hinge,1.0,0.0,1.0825135707855225,3.7826142576005726,4.058954927656385,0.3782614257600573,0.004763624087596933,0.00047636240875969333,0.04774305555555555,0.042534722222222224,0.004713721573352814,0.0033071256346172756,0.671999990940094
1,23,adaptive_crosssdc_cmr,hinge,1.0,0.0,1.0643837716844347,3.752497752507528,4.037368880377875,0.3752497752507528,0.0042297999736749465,0.00042297999736749467,0.059027777777777776,0.027777777777777776,0.005348179903295305,0.0013245128922992283,0.6700000166893005
1,24,adaptive_crosssdc_cmr,hinge,1.0,0.0,1.0606548653708563,3.7494844330681696,4.020304070578681,0.374948443306817,0.0049476429509619875,0.0004947642950961987,0.051215277777777776,0.026909722222222224,0.005465261224243376,0.0028086540599664054,0.6639999747276306
1,25,adaptive_crosssdc_cmr,hinge,1.0,0.0,1.0424267715877957,3.7165900071461997,4.0217084884643555,0.37165900071462,0.004668798944395449,0.0004668798944395449,0.04600694444444445,0.04513888888888889,0.004066932118601269,0.003772399491733975,0.6779999732971191
1,26,adaptive_crosssdc_cmr,hinge,1.0,0.0,1.0483320554097493,3.710655689239502,4.027013778686523,0.3710655689239502,0.004247960712139805,0.00042479607121398053,0.046875,0.0390625,0.004471816743413608,0.0025331469045745004,0.675000011920929
1,27,adaptive_crosssdc_cmr,hinge,1.0,0.0,1.0249699751536052,3.6744908226860895,4.0220489501953125,0.36744908226860895,0.0036444623126751846,0.00036444623126751847,0.041666666666666664,0.029513888888888888,0.004365124015344514,0.0013813641336229113,0.6919999718666077
1,28,adaptive_crosssdc_cmr,hinge,1.0,0.0,1.0126138859324985,3.659690406587389,4.006508164935642,0.3659690406587389,0.003907018755045202,0.0003907018755045202,0.03732638888888889,0.030381944444444444,0.003592180088162422,0.0030549801886081696,0.6899999976158142
1,29,adaptive_crosssdc_cmr,hinge,1.0,0.0,1.0033678611119587,3.6265631516774497,3.988761795891656,0.362656315167745,0.003791994285873241,0.0003791994285873241,0.044270833333333336,0.029513888888888888,0.003578759108980497,0.002566710114479065,0.6859999895095825
1,30,adaptive_crosssdc_cmr,hinge,1.0,0.0,0.9933977921803793,3.5979481008317737,3.9625209437476263,0.3597948100831774,0.0032706012587166494,0.000327060125871665,0.0234375,0.03125,0.002198777058058315,0.003566337956322564,0.6930000185966492
1,31,adaptive_crosssdc_cmr,hinge,1.0,0.0,0.9817757142914666,3.60331834687127,3.982635815938314,0.36033183468712704,0.003279195681291943,0.0003279195681291943,0.028645833333333332,0.03298611111111111,0.0020428610344727836,0.0037007431189219155,0.6899999976158142
1,32,adaptive_crosssdc_cmr,hinge,1.0,0.0,0.9707358744409349,3.5557618935902915,3.941500504811605,0.3555761893590292,0.0029865257545477813,0.0002986525754547782,0.03125,0.028645833333333332,0.001667652072177993,0.0036146495905187395,0.6930000185966492
1,33,adaptive_crosssdc_cmr,hinge,1.0,0.0,0.9632918371094598,3.5446047253078885,3.952715688281589,0.3544604725307889,0.004495878781502445,0.00044958787815024457,0.035590277777777776,0.03732638888888889,0.003532717004418373,0.004272332621945275,0.6919999718666077
1,34,adaptive_crosssdc_cmr,hinge,1.0,0.0,0.966483493645986,3.549705160988702,3.979852040608724,0.3549705160988702,0.004054245047478212,0.0004054245047478212,0.03298611111111111,0.04079861111111111,0.002600366249680519,0.004635507033930885,0.7020000219345093
1,35,adaptive_crosssdc_cmr,hinge,1.0,0.0,0.9513581328921847,3.5196950170728893,3.9694092803531222,0.35196950170728897,0.004123646546051734,0.0004123646546051734,0.033854166666666664,0.03732638888888889,0.0029016733169555664,0.004382641779051887,0.7009999752044678
1,36,adaptive_crosssdc_cmr,hinge,1.0,0.0,0.9418836368454827,3.507612493303087,3.957392030292087,0.3507612493303087,0.0032725850275407233,0.00032725850275407234,0.028645833333333332,0.03993055555555555,0.002246010841594802,0.0036974818342261845,0.7070000171661377
1,37,adaptive_crosssdc_cmr,hinge,1.0,0.0,0.9339659081565009,3.485540760887994,3.9502635531955295,0.3485540760887994,0.003615758614614606,0.0003615758614614606,0.033854166666666664,0.041666666666666664,0.002797069028019905,0.0036471676495340136,0.7039999961853027
1,38,adaptive_crosssdc_cmr,hinge,1.0,0.0,0.9231496718194749,3.460200389226278,3.9536259969075522,0.3460200389226278,0.003650517280523976,0.0003650517280523976,0.028645833333333332,0.043402777777777776,0.0021738625235027736,0.0043690357771184705,0.699999988079071
1,39,adaptive_crosssdc_cmr,hinge,1.0,0.0,0.9092427028550042,3.428466690911187,3.9339930746290417,0.3428466690911187,0.0028728667465556,0.00028728667465556,0.026909722222222224,0.033854166666666664,0.0017167205611864726,0.0035976283252239227,0.7039999961853027
1,40,adaptive_crosssdc_cmr,hinge,1.0,0.0,0.913302997748057,3.4311069117652044,3.9293542438083224,0.3431106911765205,0.002737444476224482,0.0002737444476224482,0.026909722222222224,0.03125,0.001108498829934332,0.003844454056686825,0.7129999995231628
1,41,adaptive_crosssdc_cmr,hinge,1.0,0.0,0.8971696297327677,3.404049025641547,3.9180970191955566,0.34040490256415473,0.003033780829153127,0.0003033780829153127,0.024305555555555556,0.03732638888888889,0.0016795044971836938,0.0037999298009607527,0.7070000171661377
1,42,adaptive_crosssdc_cmr,hinge,1.0,0.0,0.9015460279252794,3.4201666249169245,3.9764214621649847,0.3420166624916925,0.0036617636473642457,0.0003661763647364246,0.024305555555555556,0.042534722222222224,0.0019207292546828587,0.004742518895202213,0.7149999737739563
1,43,adaptive_crosssdc_cmr,hinge,1.0,0.0,0.8859820829497443,3.3804661167992487,3.938085185156928,0.3380466116799249,0.0027671101658294597,0.00027671101658294597,0.020833333333333332,0.029513888888888888,0.0011476516309711668,0.0037914824982484183,0.7120000123977661
1,44,adaptive_crosssdc_cmr,hinge,1.0,0.0,0.8810267249743143,3.3744383653004966,3.9304738574557834,0.33744383653004967,0.0030406625656824973,0.00030406625656824974,0.020833333333333332,0.033854166666666664,0.0012767068627807829,0.004339054640796449,0.7160000205039978
1,45,adaptive_crosssdc_cmr,hinge,1.0,0.0,0.8690831197632684,3.34212319056193,3.9003770881228976,0.33421231905619303,0.0019159079076618785,0.00019159079076618786,0.020833333333333332,0.0234375,0.0011403235710329479,0.0021954642401801217,0.7210000157356262
1,46,adaptive_crosssdc_cmr,hinge,1.0,0.0,0.8622979521751404,3.3336358070373535,3.920881430308024,0.3333635807037354,0.0019090678833890706,0.00019090678833890708,0.026909722222222224,0.0234375,0.001186924469139841,0.002124999546342426,0.7200000286102295
1,47,adaptive_crosssdc_cmr,hinge,1.0,0.0,0.8675957057211134,3.337492651409573,3.9244421323140464,0.3337492651409573,0.0030562518837137353,0.00030562518837137353,0.019965277777777776,0.043402777777777776,0.0010559080789486568,0.004551297260655297,0.7110000252723694
1,48,adaptive_crosssdc_cmr,hinge,1.0,0.0,0.8598673277431064,3.3079139126671686,3.9154245853424072,0.33079139126671686,0.0029283041496657664,0.00029283041496657667,0.020833333333333332,0.036458333333333336,0.0010011856340699727,0.004471786320209503,0.7279999852180481
1,49,adaptive_crosssdc_cmr,hinge,1.0,0.0,0.8570557170444064,3.304829570982191,3.920665158165826,0.3304829570982191,0.002262619440443814,0.00022626194404438139,0.014756944444444444,0.034722222222222224,0.0006058518257406023,0.003745572848452462,0.7250000238418579
1,50,adaptive_crosssdc_cmr,hinge,1.0,0.0,0.8518195417192247,3.2854786184098987,3.9002400504218206,0.3285478618409899,0.0031219689537667567,0.0003121968953766757,0.020833333333333332,0.035590277777777776,0.0011023218846983379,0.004656243241495556,0.7260000109672546
1,51,adaptive_crosssdc_cmr,hinge,1.0,0.0,0.8432970709270902,3.2887520790100098,3.919610712263319,0.328875207901001,0.0031183734794871677,0.0003118373479487168,0.024305555555555556,0.03819444444444445,0.000944631588127878,0.004868581063217587,0.7139999866485596
1,52,adaptive_crosssdc_cmr,hinge,1.0,0.0,0.8372737632857429,3.251663578881158,3.883596181869507,0.3251663578881158,0.0026839059234286347,0.0002683905923428635,0.016493055555555556,0.03819444444444445,0.0006897395683659448,0.004286885675456788,0.7200000286102295
1,53,adaptive_crosssdc_cmr,hinge,1.0,0.0,0.8223197725084093,3.2197497155931263,3.86751749780443,0.32197497155931265,0.002232393120518989,0.0002232393120518989,0.011284722222222222,0.034722222222222224,0.0005275708519750171,0.00366580444905493,0.7210000157356262
1,54,adaptive_crosssdc_cmr,hinge,1.0,0.0,0.8281490802764893,3.261623409059313,3.88763157526652,0.3261623409059313,0.00303080626246002,0.000303080626246002,0.015625,0.044270833333333336,0.000434598575035731,0.00516378382841746,0.7179999947547913
1,55,adaptive_crosssdc_cmr,hinge,1.0,0.0,0.8176516890525818,3.213482485877143,3.894269731309679,0.3213482485877143,0.0026251224076582324,0.00026251224076582325,0.013888888888888888,0.034722222222222224,0.0008945703092548582,0.0038263450066248574,0.718999981880188
1,56,adaptive_crosssdc_cmr,hinge,1.0,0.0,0.8139198554886712,3.2210010157691107,3.8918076621161566,0.3221001015769111,0.003021078093701767,0.0003021078093701767,0.013888888888888888,0.035590277777777776,0.000792196434405115,0.0049091751376787824,0.7210000157356262
1,57,adaptive_crosssdc_cmr,hinge,1.0,0.0,0.8086315128538344,3.1967768404218884,3.898519198099772,0.3196776840421889,0.0034319838353743157,0.0003431983835374316,0.021701388888888888,0.044270833333333336,0.0010117698046896192,0.005392449183596505,0.7350000143051147
1,58,adaptive_crosssdc_cmr,hinge,1.0,0.0,0.8011961778004965,3.1896842320760093,3.9005280600653753,0.31896842320760094,0.0024170621505214106,0.00024170621505214109,0.008680555555555556,0.042534722222222224,0.0003841587652762731,0.004139617085456848,0.7319999933242798
1,59,adaptive_crosssdc_cmr,hinge,1.0,0.0,0.8009355266888937,3.1779180102878146,3.8973143100738525,0.31779180102878146,0.0024165859213098884,0.00024165859213098884,0.014756944444444444,0.030381944444444444,0.0005293509198559655,0.0038968403306272295,0.7310000061988831
1,60,adaptive_crosssdc_cmr,hinge,1.0,0.0,0.8006109131707085,3.1770349078708224,3.8822898864746094,0.31770349078708227,0.0025100525979521787,0.0002510052597952179,0.015625,0.034722222222222224,0.0006317194137308332,0.003899944325288137,0.7300000190734863
1,61,adaptive_crosssdc_cmr,hinge,1.0,0.0,0.8030587832132975,3.1605405277676053,3.892658789952596,0.3160540527767606,0.0025653730457027755,0.00025653730457027757,0.013020833333333334,0.041666666666666664,0.0004807994183566835,0.004402338216702144,0.7310000061988831
1,62,adaptive_crosssdc_cmr,hinge,1.0,0.0,0.7952995035383437,3.1689529418945312,3.8797661463419595,0.31689529418945317,0.0021938333132614693,0.00021938333132614693,0.015625,0.04079861111111111,0.0003185415019591649,0.003788195550441742,0.7329999804496765
1,63,adaptive_crosssdc_cmr,hinge,1.0,0.0,0.7972956366009183,3.1562073495652943,3.9214485751258,0.3156207349565294,0.0026804448829756845,0.00026804448829756845,0.013020833333333334,0.03993055555555555,0.0005554380930132336,0.004434545834859212,0.7319999933242798
1,64,adaptive_crosssdc_cmr,hinge,1.0,0.0,0.787448161178165,3.1541603406270347,3.890547619925605,0.31541603406270347,0.0022092199392823707,0.00022092199392823709,0.019097222222222224,0.029513888888888888,0.0006813419361909231,0.003445712642537223,0.7369999885559082
1,65,adaptive_crosssdc_cmr,hinge,1.0,0.0,0.7822766767607795,3.121577421824137,3.897177563773261,0.31215774218241377,0.0023210104942942658,0.00023210104942942658,0.009548611111111112,0.036458333333333336,0.0002464256766769621,0.004110395080513424,0.7360000014305115
1,66,adaptive_crosssdc_cmr,hinge,1.0,0.0,0.7786215941111246,3.1418139139811196,3.8865368366241455,0.31418139139811196,0.0022268447662807172,0.00022268447662807174,0.012152777777777778,0.0390625,0.00025358630551232234,0.0039125606417655945,0.734000027179718
1,67,adaptive_crosssdc_cmr,hinge,1.0,0.0,0.7688922550943162,3.108118693033854,3.8626144991980658,0.31081186930338545,0.0020444076378933257,0.00020444076378933258,0.008680555555555556,0.0390625,0.00018174987700250413,0.003595499942700068,0.7400000095367432
1,68,adaptive_crosssdc_cmr,hinge,1.0,0.0,0.7628369066450331,3.1190573109520807,3.85957752333747,0.3119057310952081,0.00243575731292367,0.000243575731292367,0.0078125,0.034722222222222224,0.00029399473634031083,0.004247124824259017,0.7329999804496765
1,69,adaptive_crosssdc_cmr,hinge,1.0,0.0,0.7614586154619852,3.09843381245931,3.8556715647379556,0.309843381245931,0.0019564361104534734,0.00019564361104534736,0.013020833333333334,0.03298611111111111,0.0004215430882241991,0.003132689744234085,0.7319999933242798
1,70,adaptive_crosssdc_cmr,hinge,1.0,0.0,0.7622811198234558,3.0815166102515326,3.8501426908704968,0.3081516610251533,0.0012491103261709213,0.00012491103261709214,0.013020833333333334,0.030381944444444444,0.00024508105383978947,0.0020826272666454315,0.7390000224113464
1,71,adaptive_crosssdc_cmr,hinge,1.0,0.0,0.7599288953675164,3.070601330863105,3.868705060746935,0.3070601330863105,0.0021906966447002357,0.00021906966447002359,0.008680555555555556,0.03732638888888889,0.00022973265084955428,0.003940785096751319,0.7300000190734863
1,72,adaptive_crosssdc_cmr,hinge,1.0,0.0,0.7532236708535088,3.0617075761159263,3.860257042778863,0.3061707576115926,0.001926737281286882,0.0001926737281286882,0.011284722222222222,0.033854166666666664,0.0002400219026539061,0.00340737071302202,0.7300000190734863
1,73,adaptive_crosssdc_cmr,hinge,1.0,0.0,0.7555316223038567,3.0710735056135388,3.8585109445783825,0.3071073505613539,0.002021031421867924,0.0002021031421867924,0.006076388888888889,0.034722222222222224,0.0001416131854057312,0.0037363751067055594,0.7329999804496765
1,74,adaptive_crosssdc_cmr,hinge,1.0,0.0,0.7539377278751798,3.0754087501102023,3.875014384587606,0.30754087501102023,0.002222430180861718,0.0002222430180861718,0.009548611111111112,0.035590277777777776,0.0003720981379350026,0.0038061531053649057,0.7350000143051147
1,75,adaptive_crosssdc_cmr,hinge,1.0,0.0,0.7476664384206136,3.08093343840705,3.8832181559668646,0.308093343840705,0.0028116847259095972,0.00028116847259095974,0.012152777777777778,0.046875,0.00027829491429858736,0.004932139896684223,0.7450000047683716
1,76,adaptive_crosssdc_cmr,hinge,1.0,0.0,0.7499788933330112,3.0516634782155356,3.867056237326728,0.3051663478215536,0.0023570987783993282,0.00023570987783993284,0.010416666666666666,0.03732638888888889,0.00023878572715653313,0.004103173398309284,0.7310000061988831
1,77,adaptive_crosssdc_cmr,hinge,1.0,0.0,0.7445349958207872,3.049501074684991,3.8514124287499323,0.3049501074684991,0.002007223620441639,0.0002007223620441639,0.010416666666666666,0.034722222222222224,0.00029539627333482105,0.003447737544775009,0.7400000095367432
1,78,adaptive_crosssdc_cmr,hinge,1.0,0.0,0.7446575694613986,3.0561059051089816,3.860129303402371,0.3056105905108982,0.002216470466616253,0.0002216470466616253,0.017361111111111112,0.03298611111111111,0.00043973388771216076,0.003777734935283661,0.75
1,79,adaptive_crosssdc_cmr,hinge,1.0,0.0,0.7396522561709086,3.040547874238756,3.8666632970174155,0.30405478742387565,0.002629245915967557,0.00026292459159675573,0.010416666666666666,0.044270833333333336,0.00042112564875019924,0.00447134052713712,0.7409999966621399
1,80,adaptive_crosssdc_cmr,hinge,1.0,0.0,0.7353596687316895,3.0244833098517523,3.8413269784715443,0.30244833098517526,0.0023515086181254852,0.00023515086181254854,0.016493055555555556,0.036458333333333336,0.0003427358137236701,0.004048791610532337,0.7419999837875366
1,81,adaptive_crosssdc_cmr,hinge,1.0,0.0,0.7363507019148933,3.0406796667310925,3.855150169796414,0.30406796667310926,0.0018922810753186543,0.00018922810753186544,0.015625,0.03125,0.0006207635419236289,0.0028220580683814157,0.75
1,82,adaptive_crosssdc_cmr,hinge,1.0,0.0,0.7353247536553277,2.9999620384640164,3.8445742660098605,0.29999620384640163,0.0016939542191620502,0.00016939542191620502,0.0078125,0.0390625,0.0002569612115621567,0.0028929582072628867,0.7450000047683716
1,83,adaptive_crosssdc_cmr,hinge,1.0,0.0,0.7248489194446139,3.0136256217956543,3.8616081873575845,0.3013625621795655,0.0022773201473885113,0.00022773201473885114,0.008680555555555556,0.03819444444444445,0.00018423526651329466,0.004045264588461982,0.7279999852180481
1,84,adaptive_crosssdc_cmr,hinge,1.0,0.0,0.7238360709614224,2.9836161136627197,3.8300997151268854,0.298361611366272,0.0017155878077675072,0.00017155878077675072,0.008680555555555556,0.03298611111111111,0.00019613549941115908,0.0030921767983171674,0.7319999933242798
1,85,adaptive_crosssdc_cmr,hinge,1.0,0.0,0.7204419043329027,2.9891879823472767,3.866936869091458,0.29891879823472767,0.0018401462455383604,0.00018401462455383606,0.008680555555555556,0.036458333333333336,0.00021376295222176446,0.0032998153732882608,0.7379999756813049
1,86,adaptive_crosssdc_cmr,hinge,1.0,0.0,0.7132552862167358,2.9896682103474936,3.828628751966688,0.29896682103474936,0.0015257008425477478,0.0001525700842547748,0.006944444444444444,0.027777777777777776,0.00011793110105726455,0.0026361611154344347,0.7300000190734863
1,87,adaptive_crosssdc_cmr,hinge,1.0,0.0,0.7177529798613654,2.9887817435794406,3.885823196834988,0.29887817435794406,0.0022400818997994065,0.00022400818997994067,0.009548611111111112,0.04513888888888889,0.00018301502697997622,0.004024270508024428,0.7350000143051147
1,88,adaptive_crosssdc_cmr,hinge,1.0,0.0,0.7141368256674873,2.9679013093312583,3.8481620682610407,0.29679013093312584,0.0017819144478481677,0.0001781914447848168,0.009548611111111112,0.0390625,0.00018159838186370002,0.003070888419946035,0.7400000095367432
1,89,adaptive_crosssdc_cmr,hinge,1.0,0.0,0.7086739738782247,2.9538420571221247,3.8293880356682672,0.29538420571221247,0.0009437682035948253,9.437682035948254e-05,0.006076388888888889,0.030381944444444444,6.86144663227929e-05,0.0016567562189367083,0.7409999966621399
1,90,adaptive_crosssdc_cmr,hinge,1.0,0.0,0.7095422214931912,2.9696291552649603,3.861614227294922,0.29696291552649606,0.0019464280145863693,0.00019464280145863695,0.009548611111111112,0.0390625,0.00014732881552643247,0.0035278391506936816,0.7350000143051147
1,91,adaptive_crosssdc_cmr,hinge,1.0,0.0,0.7044023871421814,2.939209302266439,3.8333846728006997,0.2939209302266439,0.0018989335617839566,0.00018989335617839568,0.013888888888888888,0.03298611111111111,0.0002901922497484419,0.003309385230143865,0.7409999966621399
1,92,adaptive_crosssdc_cmr,hinge,1.0,0.0,0.7074847486284044,2.9460492663913302,3.853353155983819,0.294604926639133,0.0017586240945901307,0.00017586240945901307,0.0078125,0.030381944444444444,0.00012826816075377993,0.003260637323061625,0.7549999952316284
1,93,adaptive_crosssdc_cmr,hinge,1.0,0.0,0.7075551880730523,2.940733406278822,3.848237329059177,0.2940733406278822,0.001614863487702678,0.0001614863487702678,0.004340277777777778,0.03732638888888889,6.444565951824188e-05,0.0029929752151171365,0.7429999709129333
1,94,adaptive_crosssdc_cmr,hinge,1.0,0.0,0.6966824067963494,2.9404297404819064,3.8524101310306125,0.29404297404819063,0.001951308422980623,0.0001951308422980623,0.006944444444444444,0.03732638888888889,0.00011521329482396443,0.003580266816748513,0.7419999837875366
1,95,adaptive_crosssdc_cmr,hinge,1.0,0.0,0.6965181032816569,2.9509264098273382,3.851438840230306,0.29509264098273386,0.0015365587573291527,0.00015365587573291527,0.003472222222222222,0.034722222222222224,0.00010836662517653572,0.0028230398893356323,0.734000027179718
1,96,adaptive_crosssdc_cmr,hinge,1.0,0.0,0.6903778976864285,2.9192426204681396,3.853720532523261,0.291924262046814,0.0015368466265499592,0.00015368466265499594,0.006944444444444444,0.03732638888888889,0.0001444059113661448,0.002755124949746662,0.746999979019165
1,97,adaptive_crosssdc_cmr,hinge,1.0,0.0,0.6827569206555685,2.8960037231445312,3.815951877170139,0.2896003723144531,0.0014840458946612973,0.00014840458946612975,0.006944444444444444,0.029513888888888888,0.00014267096088992225,0.002613096601433224,0.7390000224113464
1,98,adaptive_crosssdc_cmr,hinge,1.0,0.0,0.6917812360657586,2.9148846202426486,3.8394184642367892,0.29148846202426487,0.001441518905469113,0.0001441518905469113,0.010416666666666666,0.03819444444444445,0.00018551552461253272,0.0025449093017313215,0.7390000224113464
1,99,adaptive_crosssdc_cmr,hinge,1.0,0.0,0.682690269417233,2.9034984641604953,3.8347974353366427,0.29034984641604955,0.0016749679214424556,0.00016749679214424557,0.005208333333333333,0.029513888888888888,8.193651835123698e-05,0.0031382967200544146,0.7490000128746033
1,100,adaptive_crosssdc_cmr,hinge,1.0,0.0,0.6837644974390665,2.8986249234941273,3.8451617293887668,0.28986249234941275,0.0014791226260260576,0.00014791226260260577,0.008680555555555556,0.03211805555555555,0.00014246503512064615,0.002604969259765413,0.7459999918937683
1,101,adaptive_crosssdc_cmr,hinge,1.0,0.0,0.682109554608663,2.8829347557491727,3.8363025983174643,0.2882934755749173,0.0016459050562439694,0.00016459050562439695,0.006944444444444444,0.035590277777777776,0.0001826675401793586,0.0029298096067375606,0.7289999723434448
1,102,adaptive_crosssdc_cmr,hinge,1.0,0.0,0.6893824405140347,2.9010665151807995,3.8356064425574408,0.29010665151807996,0.001203576445631269,0.0001203576445631269,0.0078125,0.029513888888888888,8.31911133395301e-05,0.00217874182595147,0.7350000143051147
1,103,adaptive_crosssdc_cmr,hinge,1.0,0.0,0.6999929745992025,2.906082762612237,3.830075634850396,0.2906082762612237,0.0010425373329780996,0.00010425373329780996,0.013020833333333334,0.03298611111111111,0.00043317675590515137,0.0014206779499848683,0.7390000224113464
1,104,adaptive_crosssdc_cmr,hinge,1.0,0.0,0.693454384803772,2.9114616447024875,3.8348168002234564,0.29114616447024877,0.0011828962435376728,0.00011828962435376729,0.0078125,0.027777777777777776,0.00029407979713545903,0.001886239896217982,0.7400000095367432
1,105,adaptive_crosssdc_cmr,hinge,1.0,0.0,0.696681797504425,2.901183764139811,3.86295575565762,0.29011837641398114,0.002229639852885157,0.0002229639852885157,0.013888888888888888,0.041666666666666664,0.0004513385809130139,0.0036957872410615287,0.7429999709129333
1,106,adaptive_crosssdc_cmr,hinge,1.0,0.0,0.6993134750260247,2.898107926050822,3.8614967399173312,0.2898107926050822,0.002004448945323626,0.0002004448945323626,0.0078125,0.036458333333333336,0.00023530382249090407,0.0035159451266129813,0.7369999885559082
1,107,adaptive_crosssdc_cmr,hinge,1.0,0.0,0.6821064816580878,2.8833042780558267,3.849183532926771,0.28833042780558266,0.0017519263718794617,0.0001751926371879462,0.003472222222222222,0.03819444444444445,3.214677174886068e-05,0.0033753799895445504,0.7459999918937683
1,108,adaptive_crosssdc_cmr,hinge,1.0,0.0,0.6758777035607232,2.871770487891303,3.846408791012234,0.2871770487891303,0.001724329841737118,0.00017243298417371182,0.008680555555555556,0.035590277777777776,0.00015616044402122498,0.0030583391586939492,0.7379999756813049
1,109,adaptive_crosssdc_cmr,hinge,1.0,0.0,0.6761126385794746,2.8588470617930093,3.8431008921729193,0.28588470617930095,0.0020563838382562003,0.00020563838382562004,0.011284722222222222,0.03993055555555555,0.00021233037114143372,0.0036383424368169573,0.7450000047683716
1,110,adaptive_crosssdc_cmr,hinge,1.0,0.0,0.6733300156063504,2.86501047346327,3.843028704325358,0.28650104734632703,0.0013740220282569579,0.00013740220282569578,0.005208333333333333,0.03298611111111111,9.402053223715888e-05,0.002622529450390074,0.7490000128746033
1,111,adaptive_crosssdc_cmr,hinge,1.0,0.0,0.6738452514012655,2.863771120707194,3.840350866317749,0.2863771120707194,0.0013110135979433027,0.00013110135979433027,0.009548611111111112,0.035590277777777776,0.0002371917168299357,0.002254691802793079,0.7519999742507935
1,112,adaptive_crosssdc_cmr,hinge,1.0,0.0,0.6678096784485711,2.848870833714803,3.8366608089870877,0.28488708337148033,0.0015683830198314455,0.00015683830198314456,0.0078125,0.035590277777777776,0.00014643226232793595,0.0027812235057353973,0.7540000081062317
1,113,adaptive_crosssdc_cmr,hinge,1.0,0.0,0.6659776237275865,2.856053802702162,3.84547405772739,0.2856053802702162,0.0018262575095933345,0.00018262575095933346,0.006944444444444444,0.034722222222222224,0.0002173843483130137,0.0032594973842302957,0.7379999756813049
1,114,adaptive_crosssdc_cmr,hinge,1.0,0.0,0.6689135432243347,2.842112355762058,3.8538471592797174,0.2842112355762058,0.0014421497536305753,0.00014421497536305753,0.013020833333333334,0.026909722222222224,0.0003268044028017256,0.0023945876293712193,0.7400000095367432
1,115,adaptive_crosssdc_cmr,hinge,1.0,0.0,0.6834181613392301,2.866178698009915,3.836951388253106,0.2866178698009915,0.0018716625119042066,0.00018716625119042068,0.011284722222222222,0.03125,0.0006228399773438772,0.0028406882451640237,0.7400000095367432
1,116,adaptive_crosssdc_cmr,hinge,1.0,0.0,0.6840370496114095,2.863564862145318,3.8532839351230197,0.2863564862145318,0.001060094698206942,0.00010600946982069421,0.010416666666666666,0.026041666666666668,0.00019427140553792319,0.001768055475420422,0.7459999918937683
1,117,adaptive_crosssdc_cmr,hinge,1.0,0.0,0.6687890688578287,2.8400940895080566,3.8418933550516763,0.2840094089508057,0.001416193411892487,0.0001416193411892487,0.011284722222222222,0.033854166666666664,0.00023463451200061373,0.002447929233312607,0.7450000047683716
1,118,adaptive_crosssdc_cmr,hinge,1.0,0.0,0.6677762269973755,2.8372645643022327,3.8329460620880127,0.28372645643022326,0.0011232120030197417,0.00011232120030197418,0.003472222222222222,0.033854166666666664,4.967633220884535e-05,0.0020772318045298257,0.7440000176429749
1,119,adaptive_crosssdc_cmr,hinge,1.0,0.0,0.6654031674067179,2.835571183098687,3.8336515691545276,0.28355711830986874,0.0016171548017559366,0.00016171548017559367,0.013888888888888888,0.030381944444444444,0.00037046501206027134,0.002650987356901169,0.7509999871253967
1,120,adaptive_crosssdc_cmr,hinge,1.0,0.0,0.6601122352812026,2.826461182700263,3.843640857272678,0.28264611827002634,0.001295168117697661,0.0001295168117697661,0.013020833333333334,0.030381944444444444,0.00026555731892585754,0.0021059206790394252,0.7519999742507935
1,121,adaptive_crosssdc_cmr,hinge,1.0,0.0,0.6590588092803955,2.8225786685943604,3.855892287360297,0.28225786685943605,0.0017975976613039772,0.00017975976613039774,0.009548611111111112,0.03732638888888889,0.00026193861332204606,0.0031739179458883074,0.7419999837875366
1,122,adaptive_crosssdc_cmr,hinge,1.0,0.0,0.6525213983323839,2.80409746699863,3.8353132406870523,0.280409746699863,0.0015550225669155931,0.00015550225669155933,0.006944444444444444,0.03298611111111111,0.00011490223308404286,0.0028242899311913382,0.7459999918937683
1,123,adaptive_crosssdc_cmr,hinge,1.0,0.0,0.6518881320953369,2.813010083304511,3.84440361128913,0.28130100833045113,0.0016255753451130455,0.00016255753451130457,0.004340277777777778,0.036458333333333336,0.00012567266821861267,0.002921990222401089,0.7549999952316284
1,124,adaptive_crosssdc_cmr,hinge,1.0,0.0,0.656729969713423,2.8041526211632624,3.848802434073554,0.2804152621163262,0.0011826105991430166,0.00011826105991430167,0.009548611111111112,0.026909722222222224,0.00026114450560675725,0.0018806031180752648,0.7440000176429749
1,125,adaptive_crosssdc_cmr,hinge,1.0,0.0,0.6467655566003587,2.807144535912408,3.8450662824842663,0.2807144535912408,0.0016660904835185243,0.00016660904835185243,0.009548611111111112,0.035590277777777776,0.00023557452691925896,0.002906589044464959,0.75
1,126,adaptive_crosssdc_cmr,hinge,1.0,0.0,0.6520369185341729,2.8052837583753796,3.831796884536743,0.280528375837538,0.001807617547456175,0.00018076175474561753,0.003472222222222222,0.033854166666666664,6.298369003666771e-05,0.003371734172105789,0.753000020980835
1,127,adaptive_crosssdc_cmr,hinge,1.0,0.0,0.6469938622580634,2.7933913601769342,3.8198901547325983,0.27933913601769345,0.001667144100388719,0.0001667144100388719,0.010416666666666666,0.04079861111111111,0.00019425236516528658,0.002953507834010654,0.746999979019165
1,128,adaptive_crosssdc_cmr,hinge,1.0,0.0,0.6428104705280728,2.782209528817071,3.8294754293229847,0.2782209528817071,0.0012538743192433482,0.00012538743192433484,0.011284722222222222,0.029513888888888888,0.00024439456562201184,0.0021477859053346845,0.7509999871253967
1,129,adaptive_crosssdc_cmr,hinge,1.0,0.0,0.6489143305354648,2.7876343197292752,3.8586449358198376,0.2787634319729275,0.0014681177886409892,0.00014681177886409892,0.004340277777777778,0.03732638888888889,0.0002540507250361972,0.002432815730571747,0.7519999742507935
1,130,adaptive_crosssdc_cmr,hinge,1.0,0.0,0.6462989118364122,2.7825595802730985,3.8199998802608914,0.27825595802730985,0.0017397134344921345,0.00017397134344921346,0.011284722222222222,0.03211805555555555,0.0004674850238694085,0.0026590008702543047,0.7450000047683716
1,131,adaptive_crosssdc_cmr,hinge,1.0,0.0,0.6487781206766764,2.79022659195794,3.8346671793195934,0.279022659195794,0.0015105937943897313,0.00015105937943897313,0.006076388888888889,0.03732638888888889,8.347920245594448e-05,0.002785735246207979,0.7440000176429749
1,132,adaptive_crosssdc_cmr,hinge,1.0,0.0,0.6369159287876553,2.7706857522328696,3.7992107338375516,0.277068575223287,0.0014676176813534563,0.00014676176813534564,0.008680555555555556,0.034722222222222224,0.00020724783341089884,0.0025309667819076115,0.7599999904632568
1,133,adaptive_crosssdc_cmr,hinge,1.0,0.0,0.6396756834454007,2.7667527198791504,3.8510919676886664,0.27667527198791503,0.0015632275964081702,0.00015632275964081702,0.005208333333333333,0.035590277777777776,0.00012689166598849825,0.002789248608880573,0.7450000047683716
1,134,adaptive_crosssdc_cmr,hinge,1.0,0.0,0.6372430589463975,2.759465297063192,3.8072804345024958,0.2759465297063192,0.0008026394482132875,8.026394482132876e-05,0.001736111111111111,0.026909722222222224,3.604508108562893e-05,0.0014523470567332373,0.7549999952316284
1,135,adaptive_crosssdc_cmr,hinge,1.0,0.0,0.6338457928763496,2.752239015367296,3.8214219411214194,0.27522390153672965,0.0016981140167141955,0.00016981140167141956,0.0078125,0.036458333333333336,0.00024943467643525865,0.002970931844578849,0.7459999918937683
1,136,adaptive_crosssdc_cmr,hinge,1.0,0.0,0.6426574654049344,2.768428166707357,3.8574027750227184,0.2768428166707357,0.0012578717497591344,0.00012578717497591343,0.006944444444444444,0.026041666666666668,0.00022841037975417243,0.002146500266260571,0.7450000047683716
1,137,adaptive_crosssdc_cmr,hinge,1.0,0.0,0.6389575931761,2.769269201490614,3.839401854409112,0.2769269201490614,0.0016222119059724112,0.00016222119059724113,0.008680555555555556,0.041666666666666664,0.00022624308864275614,0.0028955907457404667,0.7580000162124634
1,138,adaptive_crosssdc_cmr,hinge,1.0,0.0,0.6328155398368835,2.760464906692505,3.833271132575141,0.2760464906692505,0.0016314026951375934,0.00016314026951375936,0.004340277777777778,0.03993055555555555,6.469835837682088e-05,0.0030427277088165283,0.7490000128746033
1,139,adaptive_crosssdc_cmr,hinge,1.0,0.0,0.6406920287344191,2.7598569922977023,3.8525814745161266,0.27598569922977023,0.0014477205695584416,0.00014477205695584416,0.009548611111111112,0.03298611111111111,0.00030115370949109394,0.0024140746229224736,0.7409999966621399
1,140,adaptive_crosssdc_cmr,hinge,1.0,0.0,0.6387701034545898,2.7574317190382214,3.810374312930637,0.27574317190382214,0.0012639339806305037,0.00012639339806305038,0.010416666666666666,0.025173611111111112,0.0003634194533030192,0.0020429881082640756,0.7310000061988831
1,141,adaptive_crosssdc_cmr,hinge,1.0,0.0,0.6375035577350192,2.760520749621921,3.8100427521599665,0.27605207496219214,0.0014528952306136489,0.0001452895230613649,0.004340277777777778,0.030381944444444444,9.534756342569987e-05,0.0026877688037024606,0.7360000014305115
1,142,adaptive_crosssdc_cmr,hinge,1.0,0.0,0.6443711585468717,2.7426128917270236,3.819722572962443,0.27426128917270237,0.001349145976645458,0.00013491459766454581,0.011284722222222222,0.028645833333333332,0.0003415805598100026,0.0020817286438412136,0.746999979019165
1,143,adaptive_crosssdc_cmr,hinge,1.0,0.0,0.6372722254859077,2.751998874876234,3.808984544542101,0.2751998874876234,0.001059874429807274,0.00010598744298072739,0.013020833333333334,0.021701388888888888,0.0004640465809239282,0.0013576079573896197,0.7429999709129333
1,144,adaptive_crosssdc_cmr,hinge,1.0,0.0,0.6393335792753432,2.7497427463531494,3.8179690308041043,0.27497427463531493,0.0012687210045340988,0.00012687210045340987,0.009548611111111112,0.024305555555555556,0.00025574179987112683,0.00212223952015241,0.753000020980835
1,145,adaptive_crosssdc_cmr,hinge,1.0,0.0,0.6413542694515653,2.749811145994398,3.8449916574690075,0.2749811145994398,0.001728088827803731,0.0001728088827803731,0.0078125,0.0390625,0.0002773081262906392,0.0029542090164290536,0.7450000047683716
1,146,adaptive_crosssdc_cmr,hinge,1.0,0.0,0.6353987455368042,2.7243626647525363,3.8192295498318143,0.27243626647525365,0.0011084109687039421,0.00011084109687039423,0.003472222222222222,0.026041666666666668,0.00010956492688920762,0.00198383629322052,0.7559999823570251
1,147,adaptive_crosssdc_cmr,hinge,1.0,0.0,0.6319805648591783,2.733084201812744,3.835447311401367,0.27330842018127444,0.0012098264819036962,0.00012098264819036963,0.004340277777777778,0.027777777777777776,0.0001455437805917528,0.0022030514147546557,0.75
1,148,adaptive_crosssdc_cmr,hinge,1.0,0.0,0.6331511073642306,2.714472691218058,3.8198594517178006,0.27144726912180583,0.000743907323339954,7.43907323339954e-05,0.009548611111111112,0.025173611111111112,0.00022057402465078566,0.0010819927685790593,0.7490000128746033
1,149,adaptive_crosssdc_cmr,hinge,1.0,0.0,0.6580731537606981,2.7612569332122803,3.850555737813314,0.27612569332122805,0.0021215517643011278,0.0002121551764301128,0.013888888888888888,0.0390625,0.0006570582174592548,0.0033015451497501796,0.7519999742507935
1,150,adaptive_crosssdc_cmr,hinge,1.0,0.0,0.6634309556749132,2.7784126334720187,3.8572014967600503,0.2778412633472019,0.0019390881190904314,0.00019390881190904316,0.014756944444444444,0.041666666666666664,0.000494656256503529,0.003157935208744473,0.7480000257492065
1,151,adaptive_crosssdc_cmr,hinge,1.0,0.0,0.6497292319933573,2.7722951571146646,3.865436421500312,0.2772295157114665,0.0011840564370181204,0.00011840564370181204,0.013020833333333334,0.028645833333333332,0.0003892135702901416,0.0017249894638856251,0.7440000176429749
1,152,adaptive_crosssdc_cmr,hinge,1.0,0.0,0.6338567667537265,2.7383242183261447,3.83412504196167,0.27383242183261447,0.001493236709696551,0.00014932367096965511,0.0078125,0.036458333333333336,0.0001306148866812388,0.002697992655966017,0.7639999985694885
1,153,adaptive_crosssdc_cmr,hinge,1.0,0.0,0.6258943478266398,2.7257520622677274,3.8296181360880532,0.2725752062267727,0.001538288435969864,0.0001538288435969864,0.006076388888888889,0.03211805555555555,0.00018776332338651022,0.0027172089450889165,0.7570000290870667
1,154,adaptive_crosssdc_cmr,hinge,1.0,0.0,0.6209712889459398,2.711562607023451,3.8346432050069175,0.2711562607023451,0.001496570016671386,0.00014965700166713863,0.008680555555555556,0.03819444444444445,0.00024428880876964994,0.002496635334359275,0.7570000290870667
1,155,adaptive_crosssdc_cmr,hinge,1.0,0.0,0.61816981765959,2.693250709109836,3.832741763856676,0.2693250709109836,0.0007656327604005734,7.656327604005734e-05,0.008680555555555556,0.020833333333333332,0.00023784157302644517,0.0011438470747735766,0.7559999823570251
1,156,adaptive_crosssdc_cmr,hinge,1.0,0.0,0.6171970036294725,2.699875752131144,3.845596710840861,0.2699875752131144,0.0012384053584860845,0.00012384053584860847,0.006944444444444444,0.035590277777777776,0.00013617633117569817,0.002244759351015091,0.7459999918937683
1,157,adaptive_crosssdc_cmr,hinge,1.0,0.0,0.6183474726147122,2.709926472769843,3.840613497628106,0.2709926472769843,0.0012607445678440854,0.00012607445678440856,0.006076388888888889,0.024305555555555556,0.0002480819821357727,0.002007557286156548,0.7599999904632568
1,158,adaptive_crosssdc_cmr,hinge,1.0,0.0,0.6252657704883151,2.693089564641317,3.854842609829373,0.2693089564641317,0.0013494633086439637,0.00013494633086439637,0.008680555555555556,0.03819444444444445,0.0003047018415398068,0.0022650228606330026,0.7639999985694885
1,159,adaptive_crosssdc_cmr,hinge,1.0,0.0,0.6169116629494561,2.674286444981893,3.8218115170796714,0.2674286444981893,0.000986545896416323,9.865458964163231e-05,0.006076388888888889,0.025173611111111112,0.00021694269445207383,0.0016170015765560998,0.7590000033378601
1,160,adaptive_crosssdc_cmr,hinge,1.0,0.0,0.6214088135295444,2.698495202594333,3.8230201403299966,0.2698495202594333,0.0013317613888324962,0.00013317613888324964,0.009548611111111112,0.029513888888888888,0.0003660962813430362,0.002072352088159985,0.7480000257492065
1,161,adaptive_crosssdc_cmr,hinge,1.0,0.0,0.6171708438131545,2.691980176501804,3.8253092765808105,0.2691980176501804,0.0017791397015874584,0.00017791397015874585,0.010416666666666666,0.033854166666666664,0.0003098713027106391,0.0029902151889271205,0.7369999885559082
1,162,adaptive_crosssdc_cmr,hinge,1.0,0.0,0.6266997986369662,2.692501836352878,3.8346991803911,0.2692501836352878,0.001554248948296946,0.00015542489482969462,0.015625,0.035590277777777776,0.0005266805075936847,0.0023930946158038247,0.7559999823570251
1,163,adaptive_crosssdc_cmr,hinge,1.0,0.0,0.6207382612758212,2.6783234808180065,3.8307801617516413,0.2678323480818007,0.0012156764585395446,0.00012156764585395446,0.006076388888888889,0.027777777777777776,0.00017584777540630766,0.002146826850043403,0.7580000162124634
1,164,adaptive_crosssdc_cmr,hinge,1.0,0.0,0.6203357908460829,2.6909453603956432,3.8518860605027943,0.26909453603956435,0.0010872069720385803,0.00010872069720385804,0.012152777777777778,0.027777777777777776,0.0003343679838710361,0.001580660127931171,0.7590000033378601
1,165,adaptive_crosssdc_cmr,hinge,1.0,0.0,0.6441715161005656,2.712478425767687,3.8372128274705677,0.2712478425767687,0.001123949895069624,0.0001123949895069624,0.014756944444444444,0.028645833333333332,0.00044848004149066075,0.0015544328424665662,0.7590000033378601
1,166,adaptive_crosssdc_cmr,hinge,1.0,0.0,0.6308527787526449,2.706171539094713,3.814890252219306,0.27061715390947133,0.0012596035408528729,0.0001259603540852873,0.006944444444444444,0.026041666666666668,0.0003023261411322488,0.00206038107474645,0.765999972820282
1,167,adaptive_crosssdc_cmr,hinge,1.0,0.0,0.6253991789287991,2.7065800295935736,3.851052575641208,0.2706580029593574,0.0016462026526116664,0.00016462026526116664,0.006944444444444444,0.035590277777777776,0.0002939531372653113,0.002719228466351827,0.7649999856948853
1,168,adaptive_crosssdc_cmr,hinge,1.0,0.0,0.6111253897349039,2.6740130848354764,3.836020416683621,0.26740130848354765,0.0010069170889942648,0.0001006917088994265,0.011284722222222222,0.026041666666666668,0.0002684249646133847,0.0015929374429914686,0.7480000257492065
1,169,adaptive_crosssdc_cmr,hinge,1.0,0.0,0.6162425809436374,2.6846244070265026,3.846522410710653,0.2684624407026503,0.0015891872551744906,0.00015891872551744907,0.009548611111111112,0.034722222222222224,0.0003859210345480177,0.0026582442224025726,0.7580000162124634
1,170,adaptive_crosssdc_cmr,hinge,1.0,0.0,0.6153397427664863,2.6702149973975287,3.8264282014634876,0.26702149973975287,0.0013623518106113705,0.00013623518106113704,0.014756944444444444,0.03298611111111111,0.0005191519028610653,0.002008649210135142,0.75
1,171,adaptive_crosssdc_cmr,hinge,1.0,0.0,0.61672885550393,2.669158246782091,3.843050400416056,0.2669158246782091,0.0015932378980020683,0.00015932378980020685,0.013020833333333334,0.028645833333333332,0.0006136786606576708,0.0023258162869347464,0.7540000081062317
1,172,adaptive_crosssdc_cmr,hinge,1.0,0.0,0.6187917590141296,2.6814726723564997,3.8409073882632785,0.26814726723564997,0.0016047530872229901,0.000160475308722299,0.012152777777777778,0.036458333333333336,0.0004375850160916646,0.0025777406990528107,0.7540000081062317
1,173,adaptive_crosssdc_cmr,hinge,1.0,0.0,0.6085849404335022,2.66247828801473,3.7968165344662137,0.266247828801473,0.0010394724150602189,0.0001039472415060219,0.009548611111111112,0.025173611111111112,0.00020297285583284166,0.0018294892377323574,0.7580000162124634
1,174,adaptive_crosssdc_cmr,hinge,1.0,0.0,0.6120351023144193,2.659320592880249,3.8199016518063016,0.26593205928802494,0.0015550176224981744,0.00015550176224981747,0.010416666666666666,0.028645833333333332,0.00035868253972795274,0.002548961175812615,0.75
1,175,adaptive_crosssdc_cmr,hinge,1.0,0.0,0.61304771900177,2.663550191455417,3.8368601534101696,0.2663550191455417,0.0014601045469236043,0.00014601045469236044,0.009548611111111112,0.03298611111111111,0.00024072701732317606,0.002511915233400133,0.7540000081062317
1,176,adaptive_crosssdc_cmr,hinge,1.0,0.0,0.6105648742781745,2.648066997528076,3.8419028653038874,0.26480669975280763,0.0013048464703994493,0.00013048464703994494,0.013020833333333334,0.03125,0.000394997497399648,0.0019001753793822394,0.7480000257492065
1,177,adaptive_crosssdc_cmr,hinge,1.0,0.0,0.6212687691052755,2.662925190395779,3.8551207648383246,0.2662925190395779,0.0016014682413596245,0.00016014682413596247,0.009548611111111112,0.03211805555555555,0.00029498918188942806,0.002665066056781345,0.7509999871253967
1,178,adaptive_crosssdc_cmr,hinge,1.0,0.0,0.6140729321373833,2.6490411228603787,3.8186459276411266,0.2649041122860379,0.001227814202947128,0.00012278142029471283,0.003472222222222222,0.03298611111111111,0.0001573030733399921,0.0021911064783732095,0.746999979019165
1,179,adaptive_crosssdc_cmr,hinge,1.0,0.0,0.6084654264979892,2.6341578695509167,3.849345074759589,0.26341578695509166,0.0016327314951922745,0.00016327314951922745,0.012152777777777778,0.03732638888888889,0.00033182981941435073,0.0027275681495666504,0.746999979019165
1,180,adaptive_crosssdc_cmr,hinge,1.0,0.0,0.6194584568341573,2.65881519847446,3.857681459850735,0.265881519847446,0.0015912333102379409,0.0001591233310237941,0.0078125,0.026909722222222224,0.0002749073836538527,0.002747755083772871,0.753000020980835
1,181,adaptive_crosssdc_cmr,hinge,1.0,0.0,0.6019941435919868,2.6589185661739774,3.8240196439954968,0.2658918566173977,0.0009336728706128068,9.336728706128069e-05,0.0078125,0.028645833333333332,0.00031613103217548795,0.001432405991686715,0.7540000081062317
1,182,adaptive_crosssdc_cmr,hinge,1.0,0.0,0.6063515080346001,2.632581419414944,3.853746149275038,0.26325814194149444,0.0013388588946933548,0.0001338858894693355,0.013888888888888888,0.03125,0.00042194128036499023,0.002081948849889967,0.753000020980835
1,183,adaptive_crosssdc_cmr,hinge,1.0,0.0,0.6027694874339633,2.63468517197503,3.834144115447998,0.263468517197503,0.001635493102690412,0.0001635493102690412,0.011284722222222222,0.03125,0.0003900310645500819,0.0026888512074947357,0.7590000033378601
1,184,adaptive_crosssdc_cmr,hinge,1.0,0.0,0.6046111186345419,2.6339349481794567,3.836943096584744,0.26339349481794566,0.0014090444504593809,0.00014090444504593808,0.010416666666666666,0.035590277777777776,0.00026575765675968595,0.002369066079457601,0.7540000081062317
1,185,adaptive_crosssdc_cmr,hinge,1.0,0.0,0.6056185629632738,2.641980383131239,3.845778571234809,0.2641980383131239,0.001543157404133429,0.00015431574041334292,0.014756944444444444,0.028645833333333332,0.00040280032489034865,0.0024962863988346523,0.7549999952316284
1,186,adaptive_crosssdc_cmr,hinge,1.0,0.0,0.6036695837974548,2.642715056737264,3.8552750746409097,0.2642715056737264,0.0008907701897745331,8.907701897745332e-05,0.010416666666666666,0.019965277777777776,0.0002697383364041646,0.0014318728612528907,0.7630000114440918
1,187,adaptive_crosssdc_cmr,hinge,1.0,0.0,0.6062139471371969,2.6303379270765515,3.831879589292738,0.26303379270765515,0.001092700905347657,0.0001092700905347657,0.010416666666666666,0.028645833333333332,0.00029650992817348905,0.001654092636373308,0.7549999952316284
1,188,adaptive_crosssdc_cmr,hinge,1.0,0.0,0.5979156361685859,2.619189315372043,3.8370227813720703,0.2619189315372043,0.0011801428109821347,0.00011801428109821347,0.0078125,0.026909722222222224,0.00017410289082262252,0.0020354435675674016,0.7620000243186951
1,189,adaptive_crosssdc_cmr,hinge,1.0,0.0,0.5966405404938592,2.625425179799398,3.820907645755344,0.2625425179799398,0.0016449211980216205,0.00016449211980216206,0.011284722222222222,0.029513888888888888,0.00032161734998226166,0.0027856971654627058,0.7580000162124634
1,190,adaptive_crosssdc_cmr,hinge,1.0,0.0,0.5922860105832418,2.5978339513142905,3.837097830242581,0.25978339513142906,0.001577679759874526,0.0001577679759874526,0.009548611111111112,0.03211805555555555,0.0004358063969347212,0.0024317349824640485,0.7540000081062317
1,191,adaptive_crosssdc_cmr,hinge,1.0,0.0,0.5983724461661445,2.6163349681430392,3.850601381725735,0.2616334968143039,0.0017467712750658393,0.00017467712750658394,0.011284722222222222,0.03819444444444445,0.00038466788828372955,0.002899499817026986,0.7599999904632568
1,192,adaptive_crosssdc_cmr,hinge,1.0,0.0,0.5986277792188857,2.6011380354563394,3.830066363016764,0.26011380354563396,0.0011731518720302524,0.00011731518720302524,0.008680555555555556,0.030381944444444444,0.0002754612101448907,0.0019188904099994237,0.7509999871253967
1,193,adaptive_crosssdc_cmr,hinge,1.0,0.0,0.5889426403575473,2.6103084087371826,3.8253134621514215,0.26103084087371825,0.001165793700945667,0.00011657937009456671,0.004340277777777778,0.03211805555555555,6.183837023046281e-05,0.002188189989990658,0.7480000257492065
1,194,adaptive_crosssdc_cmr,hinge,1.0,0.0,0.5964009563128153,2.6175755659739175,3.843026055230035,0.26175755659739175,0.0013043767992510563,0.00013043767992510562,0.009548611111111112,0.020833333333333332,0.0004069395363330841,0.0019149316681755914,0.7519999742507935
1,195,adaptive_crosssdc_cmr,hinge,1.0,0.0,0.5955896311336093,2.600399891535441,3.820780144797431,0.2600399891535441,0.0011943566755184697,0.00011943566755184697,0.013020833333333334,0.03211805555555555,0.00043944538467460207,0.0018305397695965236,0.7490000128746033
1,196,adaptive_crosssdc_cmr,hinge,1.0,0.0,0.6003167960378859,2.5972731908162436,3.8253380987379284,0.2597273190816244,0.0010644870635587722,0.00010644870635587723,0.013020833333333334,0.0234375,0.00044094108872943453,0.0014881773127449884,0.746999979019165
1,197,adaptive_crosssdc_cmr,hinge,1.0,0.0,0.5982943905724419,2.6088481744130454,3.7962094148000083,0.26088481744130454,0.0010082389441474031,0.00010082389441474032,0.006076388888888889,0.028645833333333332,0.0003279464112387763,0.0015271314316325718,0.746999979019165
1,198,adaptive_crosssdc_cmr,hinge,1.0,0.0,0.5929286943541633,2.597378624810113,3.8358068466186523,0.25973786248101133,0.0015952348799651696,0.00015952348799651696,0.0078125,0.03732638888888889,0.00021454236573643156,0.0027489190300305686,0.753000020980835
1,199,adaptive_crosssdc_cmr,hinge,1.0,0.0,0.6074493262502882,2.6084873941209583,3.8505729569329157,0.26084873941209585,0.0012156635445232193,0.00012156635445232194,0.006944444444444444,0.0234375,0.00022967677149507735,0.002053994271490309,0.7480000257492065
2,0,adaptive_crosssdc_cmr,hinge,1.0,0.0,2.405392977926466,0.9434775445196364,3.0586668915218778,0.09434775445196364,0.45064465867148507,0.04506446586714851,0.8602430555555556,0.5894097222222222,0.7723562916119894,0.13473608758714464,0.5286666750907898
2,1,adaptive_crosssdc_cmr,hinge,1.0,0.0,1.6478719181484647,0.8563859926329719,3.040646102693346,0.0856385992632972,0.3506761391957601,0.03506761391957601,0.9583333333333334,0.5503472222222222,0.6264339288075765,0.08703950544198354,0.5440000295639038
2,2,adaptive_crosssdc_cmr,hinge,1.0,0.0,1.325920820236206,0.7243195639716254,3.04911912812127,0.07243195639716254,0.24771977961063385,0.024771977961063386,0.9392361111111112,0.5581597222222222,0.4315096338589986,0.07356943397058381,0.5540000200271606
2,3,adaptive_crosssdc_cmr,hinge,1.0,0.0,1.1465916236241658,0.6682959066496955,3.072110335032145,0.06682959066496956,0.20056054327223036,0.020056054327223037,0.9045138888888888,0.5373263888888888,0.3349676297770606,0.07232149028115803,0.5613333582878113
2,4,adaptive_crosssdc_cmr,hinge,1.0,0.0,1.0317892564667597,0.6300327645407783,3.118292623096042,0.06300327645407783,0.15654542214340633,0.015654542214340633,0.8628472222222222,0.5069444444444444,0.2479972226752175,0.06965919749604331,0.5820000171661377
2,5,adaptive_crosssdc_cmr,hinge,1.0,0.0,0.9469739198684692,0.6235987941424052,3.0815980434417725,0.06235987941424052,0.13270294583506054,0.013270294583506054,0.8350694444444444,0.4774305555555556,0.21036473247740003,0.05806379351350996,0.593999981880188
2,6,adaptive_crosssdc_cmr,hinge,1.0,0.0,0.8791325820816888,0.5934128165245056,3.1351322333017984,0.05934128165245056,0.11956098758512074,0.011956098758512074,0.8029513888888888,0.4427083333333333,0.1907154983944363,0.05260319552487797,0.609333336353302
2,7,adaptive_crosssdc_cmr,hinge,1.0,0.0,0.8204531073570251,0.5701229373613993,3.15190151002672,0.05701229373613993,0.10983272310760286,0.010983272310760288,0.8168402777777778,0.421875,0.17375434107250637,0.04927618304888407,0.628000020980835
2,8,adaptive_crosssdc_cmr,hinge,1.0,0.0,0.7870578633414375,0.5640436212221781,3.1238440142737494,0.05640436212221781,0.09005618674887551,0.009005618674887552,0.7621527777777778,0.3793402777777778,0.14111853473716313,0.04181122283140818,0.6420000195503235
2,9,adaptive_crosssdc_cmr,hinge,1.0,0.0,0.7428613040182326,0.5307668480608199,3.1786350674099393,0.05307668480608199,0.08216735555066003,0.008216735555066003,0.71875,0.4045138888888889,0.12385142097870509,0.043476207388771906,0.6506666541099548
2,10,adaptive_crosssdc_cmr,hinge,1.0,0.0,0.7130815850363837,0.5258474151293436,3.1503611405690513,0.052584741512934366,0.07130564914809333,0.007130564914809333,0.6953125,0.3211805555555556,0.11273572676711613,0.032782744616270065,0.6606666445732117
2,11,adaptive_crosssdc_cmr,hinge,1.0,0.0,0.6873443457815382,0.5173752341005537,3.195952150556776,0.05173752341005538,0.0660429493420654,0.0066042949342065395,0.6467013888888888,0.34375,0.10298715780178706,0.03127963302863969,0.6706666946411133
2,12,adaptive_crosssdc_cmr,hinge,1.0,0.0,0.6647060645951165,0.5178032451205783,3.175470723046197,0.05178032451205783,0.06344257833229171,0.006344257833229171,0.6710069444444444,0.3142361111111111,0.09994509071111679,0.028964807589848835,0.6713333129882812
2,13,adaptive_crosssdc_cmr,hinge,1.0,0.0,0.6408886578347948,0.4880014691087935,3.2157002290089927,0.048800146910879354,0.05754226239191161,0.005754226239191161,0.6536458333333334,0.3185763888888889,0.09022609558370379,0.026569552719593048,0.6853333115577698
2,14,adaptive_crosssdc_cmr,hinge,1.0,0.0,0.6210228072272407,0.48520132899284363,3.2405468622843423,0.04852013289928436,0.05253689280814595,0.005253689280814595,0.6015625,0.2595486111111111,0.08644976880815294,0.021197533027993307,0.687333345413208
2,15,adaptive_crosssdc_cmr,hinge,1.0,0.0,0.6048928300539652,0.49566615290111965,3.2129327721065946,0.04956661529011197,0.047814030200242996,0.0047814030200243,0.6059027777777778,0.25,0.07968500256538391,0.01862139544553227,0.6913333535194397
2,16,adaptive_crosssdc_cmr,hinge,1.0,0.0,0.5934043659104241,0.4749005205101437,3.229780832926432,0.04749005205101437,0.042622372094127864,0.004262237209412787,0.5338541666666666,0.2621527777777778,0.06724916191564666,0.019216871509949367,0.6946666836738586
2,17,adaptive_crosssdc_cmr,hinge,1.0,0.0,0.5743639469146729,0.47333550784322953,3.204520834816827,0.047333550784322956,0.042833152330584,0.0042833152330584,0.5564236111111112,0.21788194444444445,0.07142369531922871,0.01577830956214004,0.6986666917800903
2,18,adaptive_crosssdc_cmr,hinge,1.0,0.0,0.5628661645783318,0.48358359932899475,3.197304434246487,0.048358359932899476,0.03703459600607554,0.0037034596006075542,0.5138888888888888,0.21875,0.06439556512567732,0.012223994152413474,0.7046666741371155
2,19,adaptive_crosssdc_cmr,hinge,1.0,0.0,0.5464766687817044,0.4769923786322276,3.219987471898397,0.04769923786322276,0.03695139702823427,0.0036951397028234276,0.5069444444444444,0.19791666666666666,0.061389241367578506,0.014000059208936162,0.7046666741371155
2,20,adaptive_crosssdc_cmr,hinge,1.0,0.0,0.5334844986597697,0.45114756292766994,3.24306419160631,0.045114756292767,0.031994245739446744,0.0031994245739446745,0.4973958333333333,0.19270833333333334,0.05564931117826038,0.01017339506910907,0.7093333601951599
2,21,adaptive_crosssdc_cmr,hinge,1.0,0.0,0.529795851972368,0.48021605279710555,3.197546641031901,0.048021605279710555,0.031016329303383827,0.0031016329303383827,0.4869791666666667,0.20052083333333334,0.051939902620183095,0.01168136629793379,0.7080000042915344
2,22,adaptive_crosssdc_cmr,hinge,1.0,0.0,0.5215696427557204,0.45681388841734993,3.291234466764662,0.045681388841735,0.029162709911664326,0.0029162709911664327,0.4487847222222222,0.1875,0.05014376052551799,0.009485914889309142,0.7200000286102295
2,23,adaptive_crosssdc_cmr,hinge,1.0,0.0,0.5050276948346032,0.44228672981262207,3.248545699649387,0.04422867298126221,0.02849574697514375,0.002849574697514375,0.4592013888888889,0.19791666666666666,0.04687834862205717,0.011504818995793661,0.7206666469573975
2,24,adaptive_crosssdc_cmr,hinge,1.0,0.0,0.4943220350477431,0.44369876715872025,3.2057677110036216,0.04436987671587203,0.024026375263929367,0.002402637526392937,0.4357638888888889,0.1814236111111111,0.041194990277290344,0.008058328595426347,0.7246666550636292
2,25,adaptive_crosssdc_cmr,hinge,1.0,0.0,0.47954047057363725,0.41403276721636456,3.290702131059435,0.04140327672163646,0.02018414396378729,0.0020184143963787294,0.3914930555555556,0.1684027777777778,0.035081219342019826,0.0066846393876605565,0.7253333330154419
2,26,adaptive_crosssdc_cmr,hinge,1.0,0.0,0.47930045591460335,0.4316968123118083,3.3034057882097034,0.04316968123118083,0.020811869245436456,0.0020811869245436457,0.3923611111111111,0.1449652777777778,0.03655362625916799,0.0064418017864227295,0.7326666712760925
2,27,adaptive_crosssdc_cmr,hinge,1.0,0.0,0.47350602679782444,0.4111034307214949,3.3414844142066107,0.041110343072149495,0.020817495675550565,0.0020817495675550567,0.3854166666666667,0.1736111111111111,0.03437072493963771,0.008460979494783614,0.7279999852180481
2,28,adaptive_crosssdc_cmr,hinge,1.0,0.0,0.46769355403052437,0.41908012164963615,3.2833055125342474,0.04190801216496362,0.019024707273476653,0.0019024707273476655,0.3975694444444444,0.1284722222222222,0.03320957554711236,0.005771255327595605,0.7353333234786987
2,29,adaptive_crosssdc_cmr,hinge,1.0,0.0,0.4611891773011949,0.4149910873836941,3.2873795562320285,0.041499108738369414,0.01896509217719237,0.0018965092177192372,0.3776041666666667,0.1684027777777778,0.03158063338034683,0.00715947151184082,0.734666645526886
2,30,adaptive_crosssdc_cmr,hinge,1.0,0.0,0.45203706953260636,0.41357796721988255,3.2862007088131375,0.041357796721988256,0.016989337797794078,0.0016989337797794078,0.3663194444444444,0.1328125,0.02946274189485444,0.005376761572228538,0.7379999756813049
2,31,adaptive_crosssdc_cmr,hinge,1.0,0.0,0.4470444718996684,0.4012282126479679,3.302358759774102,0.04012282126479679,0.0152627762614025,0.0015262776261402503,0.3255208333333333,0.13541666666666666,0.025982510298490524,0.005310502731137806,0.7333333492279053
2,32,adaptive_crosssdc_cmr,hinge,1.0,0.0,0.44265009959538776,0.4120997620953454,3.316534413231744,0.04120997620953454,0.015502742905583646,0.0015502742905583646,0.3480902777777778,0.15104166666666666,0.026780744186706014,0.005539522816737493,0.7406666874885559
2,33,adaptive_crosssdc_cmr,hinge,1.0,0.0,0.4344804022047255,0.38843589689996505,3.3647865454355874,0.03884358968999651,0.014197312709358003,0.0014197312709358003,0.3038194444444444,0.11979166666666667,0.02430414863758617,0.004760233478413688,0.7393333315849304
2,34,adaptive_crosssdc_cmr,hinge,1.0,0.0,0.4258632759253184,0.38849406441052753,3.3268028100331626,0.03884940644105275,0.01323449880712562,0.001323449880712562,0.2951388888888889,0.1171875,0.022316422934333485,0.005156711571746402,0.7433333396911621
2,35,adaptive_crosssdc_cmr,hinge,1.0,0.0,0.4283132619327969,0.3942083219687144,3.350046475728353,0.039420832196871446,0.011091178179615073,0.0011091178179615073,0.2838541666666667,0.11284722222222222,0.01942045862476031,0.003411912669738134,0.7459999918937683
2,36,adaptive_crosssdc_cmr,hinge,1.0,0.0,0.4263063371181488,0.4010489781697591,3.349127663506402,0.04010489781697591,0.011447622233794795,0.0011447622233794795,0.2682291666666667,0.11284722222222222,0.01956999943488174,0.004144240584638383,0.7459999918937683
2,37,adaptive_crosssdc_cmr,hinge,1.0,0.0,0.4139544467131297,0.38645556569099426,3.3437750339508057,0.03864555656909943,0.011434346696154939,0.001143434669615494,0.3029513888888889,0.10850694444444445,0.01954023167490959,0.004181113921933704,0.7440000176429749
2,38,adaptive_crosssdc_cmr,hinge,1.0,0.0,0.41916927033000523,0.3954544530974494,3.3845525052812366,0.039545445309744943,0.010767595428559516,0.0010767595428559516,0.2664930555555556,0.13020833333333334,0.01800672399501006,0.004147847907410728,0.75
2,39,adaptive_crosssdc_cmr,hinge,1.0,0.0,0.4138307571411133,0.39996495511796737,3.357133626937866,0.03999649551179674,0.010357791350947486,0.0010357791350947487,0.2586805555555556,0.10503472222222222,0.017375957013832197,0.0039330389764573835,0.7433333396911621
2,40,adaptive_crosssdc_cmr,hinge,1.0,0.0,0.40629175967640346,0.3800424072477553,3.362061209148831,0.03800424072477553,0.009436258735756079,0.0009436258735756079,0.2560763888888889,0.10243055555555555,0.016282006891237363,0.0032456148829725054,0.7459999918937683
2,41,adaptive_crosssdc_cmr,hinge,1.0,0.0,0.40216531687312657,0.37827751371595597,3.3536651929219565,0.0378277513715956,0.010061810207035806,0.0010061810207035806,0.2664930555555556,0.109375,0.01660346281197336,0.003763216651148266,0.7519999742507935
2,42,adaptive_crosssdc_cmr,hinge,1.0,0.0,0.4008483290672302,0.37778523233201766,3.3776803811391196,0.03777852323320177,0.00945333686346809,0.0009453336863468091,0.23958333333333334,0.09722222222222222,0.016145632912715275,0.0032739821407530042,0.7480000257492065
2,43,adaptive_crosssdc_cmr,hinge,1.0,0.0,0.40623237358199227,0.3760053581661648,3.4152825673421225,0.03760053581661649,0.00958938105031848,0.000958938105031848,0.2586805555555556,0.1076388888888889,0.01651429074505965,0.003222197708156374,0.7519999742507935
2,44,adaptive_crosssdc_cmr,hinge,1.0,0.0,0.39471010367075604,0.3705982334083981,3.3920147154066296,0.03705982334083981,0.008968986777795685,0.0008968986777795686,0.2543402777777778,0.1032986111111111,0.015787779457039304,0.0028389162487453884,0.7506666779518127
2,45,adaptive_crosssdc_cmr,hinge,1.0,0.0,0.3960137632158067,0.37925509611765545,3.3473530875311956,0.03792550961176555,0.00781591371115711,0.000781591371115711,0.2326388888888889,0.09722222222222222,0.013319565604130426,0.0026777187983194986,0.7559999823570251
2,46,adaptive_crosssdc_cmr,hinge,1.0,0.0,0.3835387064350976,0.3684842420948876,3.391004721323649,0.036848424209488764,0.007988250917858548,0.0007988250917858549,0.2300347222222222,0.09027777777777778,0.013902732895480262,0.0026621143851015302,0.7593333125114441
2,47,adaptive_crosssdc_cmr,hinge,1.0,0.0,0.38699112998114693,0.3779461251364814,3.394747018814087,0.03779461251364814,0.00677145520846049,0.0006771455208460491,0.2109375,0.0625,0.01205563565923108,0.0020543738371796077,0.7526666522026062
2,48,adaptive_crosssdc_cmr,hinge,1.0,0.0,0.381131562921736,0.3543550173441569,3.4098653528425427,0.035435501734415696,0.006955404921124379,0.000695540492112438,0.1970486111111111,0.11805555555555555,0.011167339152759977,0.003062622000773748,0.7546666860580444
2,49,adaptive_crosssdc_cmr,hinge,1.0,0.0,0.379070457484987,0.3743613196743859,3.3785180515713162,0.03743613196743859,0.005552384924764435,0.0005552384924764435,0.19618055555555555,0.08680555555555555,0.009146075281831954,0.002214154435528649,0.7593333125114441
2,50,adaptive_crosssdc_cmr,hinge,1.0,0.0,0.3687916133138869,0.35737952921125626,3.3744020991855197,0.03573795292112563,0.006003716313797567,0.0006003716313797568,0.1892361111111111,0.1032986111111111,0.009391732927825715,0.0027412788735495675,0.7620000243186951
2,51,adaptive_crosssdc_cmr,hinge,1.0,0.0,0.3762895531124539,0.38118568393919205,3.383901278177897,0.03811856839391921,0.0049053815762615865,0.0004905381576261587,0.17708333333333334,0.06944444444444445,0.008409057640367083,0.0015558823943138123,0.7593333125114441
2,52,adaptive_crosssdc_cmr,hinge,1.0,0.0,0.36948418948385453,0.35291911164919537,3.43695420689053,0.03529191116491954,0.0052862523847983945,0.0005286252384798395,0.1736111111111111,0.09288194444444445,0.008458994742896821,0.0024084043171670702,0.7573333382606506
2,53,adaptive_crosssdc_cmr,hinge,1.0,0.0,0.36568116810586715,0.3602566354804569,3.407624218198988,0.03602566354804569,0.0042974075250741504,0.00042974075250741507,0.1736111111111111,0.06684027777777778,0.007249184573690097,0.0014792498615052965,0.7606666684150696
2,54,adaptive_crosssdc_cmr,hinge,1.0,0.0,0.36154823501904804,0.35398656460973954,3.3917795287238226,0.035398656460973954,0.005272381292242143,0.0005272381292242143,0.1970486111111111,0.0763888888888889,0.008751999586820602,0.0021172728803422716,0.7593333125114441
2,55,adaptive_crosssdc_cmr,hinge,1.0,0.0,0.358451912800471,0.34976597958140904,3.3948541747199164,0.034976597958140905,0.004808538877922628,0.0004808538877922628,0.16666666666666666,0.0720486111111111,0.008024289790127013,0.0018014961646662818,0.7599999904632568
2,56,adaptive_crosssdc_cmr,hinge,1.0,0.0,0.3581109841664632,0.34458311398824054,3.376331435309516,0.034458311398824056,0.004145842821647723,0.00041458428216477236,0.16145833333333334,0.07378472222222222,0.007087895025809606,0.0014618626899189418,0.7620000243186951
2,57,adaptive_crosssdc_cmr,hinge,1.0,0.0,0.35526668694284225,0.346637229124705,3.3743145995669894,0.0346637229124705,0.00444413330923352,0.00044441333092335204,0.1684027777777778,0.08246527777777778,0.007290240377187729,0.0018941987719800738,0.7620000243186951
2,58,adaptive_crosssdc_cmr,hinge,1.0,0.0,0.35241931676864624,0.34609876407517326,3.437224785486857,0.03460987640751733,0.004403430813302596,0.00044034308133025963,0.171875,0.0798611111111111,0.007407088453571002,0.0015129724310504065,0.7646666765213013
2,59,adaptive_crosssdc_cmr,hinge,1.0,0.0,0.3493087391058604,0.3422487907939487,3.432081619898478,0.03422487907939487,0.0035560466478475267,0.00035560466478475267,0.1545138888888889,0.08072916666666667,0.0057965341127581066,0.0014491863548755646,0.7620000243186951
2,60,adaptive_crosssdc_cmr,hinge,1.0,0.0,0.3485176165898641,0.34019192722108627,3.4390908347235785,0.03401919272210863,0.0035439430891225734,0.0003543943089122574,0.14930555555555555,0.06076388888888889,0.006201746149195565,0.0011190080808268653,0.765333354473114
2,61,adaptive_crosssdc_cmr,hinge,1.0,0.0,0.35309404134750366,0.3342442644966973,3.437564876344469,0.03342442644966973,0.004350172433381279,0.0004350172433381279,0.1657986111111111,0.0763888888888889,0.007337050512433052,0.0016767655809720357,0.7613333463668823
2,62,adaptive_crosssdc_cmr,hinge,1.0,0.0,0.3447229630417294,0.34239401751094395,3.4003492726220026,0.0342394017510944,0.004433337392078506,0.0004433337392078506,0.18489583333333334,0.06336805555555555,0.007721522202094396,0.0013577201300197178,0.7633333206176758
2,63,adaptive_crosssdc_cmr,hinge,1.0,0.0,0.3505804207589891,0.3314976592858632,3.421948379940457,0.033149765928586324,0.004928832899572121,0.0004928832899572122,0.1657986111111111,0.07118055555555555,0.008707920296324624,0.001481708139181137,0.765999972820282
2,64,adaptive_crosssdc_cmr,hinge,1.0,0.0,0.3499453498257531,0.34114598234494525,3.4330769115024142,0.034114598234494524,0.004936819378700521,0.0004936819378700521,0.18055555555555555,0.08680555555555555,0.00827298230595059,0.0020092464983463287,0.765333354473114
2,65,adaptive_crosssdc_cmr,hinge,1.0,0.0,0.3488417367140452,0.3474304477373759,3.430249664518568,0.034743044773737596,0.003961587945620219,0.00039615879456202194,0.1623263888888889,0.06076388888888889,0.006439005749093162,0.00153695543607076,0.7633333206176758
2,66,adaptive_crosssdc_cmr,hinge,1.0,0.0,0.3432155152161916,0.3414125574959649,3.4096231990390353,0.03414125574959649,0.004510920934586061,0.00045109209345860614,0.1501736111111111,0.07725694444444445,0.007292361930012703,0.0018308092322614458,0.7673333287239075
2,67,adaptive_crosssdc_cmr,hinge,1.0,0.0,0.33936865462197197,0.32925598488913643,3.456600719028049,0.032925598488913646,0.0037035297136753798,0.000370352971367538,0.1440972222222222,0.0703125,0.005722382416327794,0.0017608197198973761,0.7620000243186951
2,68,adaptive_crosssdc_cmr,hinge,1.0,0.0,0.34142863419320846,0.3239150842030843,3.492303000556098,0.03239150842030843,0.0034776676911860704,0.0003477667691186071,0.1423611111111111,0.07378472222222222,0.0057833823892805315,0.0013708434998989105,0.765999972820282
2,69,adaptive_crosssdc_cmr,hinge,1.0,0.0,0.33978790375921464,0.32471773359510636,3.426012886895074,0.03247177335951064,0.0063354950915608145,0.0006335495091560815,0.1875,0.058159722222222224,0.011462680581543181,0.0015685173372427623,0.768666684627533
2,70,adaptive_crosssdc_cmr,hinge,1.0,0.0,0.3367645972304874,0.33064036236868966,3.4454420142703586,0.03306403623686897,0.003300747601315379,0.0003300747601315379,0.13975694444444445,0.059027777777777776,0.005378489072124164,0.0013487268653180865,0.765999972820282
2,71,adaptive_crosssdc_cmr,hinge,1.0,0.0,0.3357212543487549,0.3214827941523658,3.4782513512505426,0.03214827941523658,0.003661639121774998,0.00036616391217749985,0.1388888888888889,0.06770833333333333,0.005690876601470841,0.0017432475255595313,0.7580000162124634
2,72,adaptive_crosssdc_cmr,hinge,1.0,0.0,0.33718570073445636,0.32191471921073067,3.442569759156969,0.03219147192107307,0.004683823635180791,0.0004683823635180791,0.14756944444444445,0.08940972222222222,0.007249481562111113,0.0022834597362412345,0.768666684627533
2,73,adaptive_crosssdc_cmr,hinge,1.0,0.0,0.335902859767278,0.3302670419216156,3.40738574663798,0.03302670419216156,0.005455074754233162,0.0005455074754233163,0.1909722222222222,0.06076388888888889,0.009773045985235108,0.0012255190975136226,0.7559999823570251
2,74,adaptive_crosssdc_cmr,hinge,1.0,0.0,0.3355483346515232,0.3311759332815806,3.437682416703966,0.033117593328158064,0.00410931337521308,0.000410931337521308,0.1605902777777778,0.051215277777777776,0.007126641770203908,0.0011292845010757446,0.7606666684150696
2,75,adaptive_crosssdc_cmr,hinge,1.0,0.0,0.33426839113235474,0.33338713977071976,3.4422906239827475,0.03333871397707198,0.003441511899129384,0.00034415118991293846,0.1388888888888889,0.058159722222222224,0.005829370891054471,0.0011481940746307373,0.7706666588783264
2,76,adaptive_crosssdc_cmr,hinge,1.0,0.0,0.3280744089020623,0.3212049967712826,3.4491492642296686,0.03212049967712826,0.002981402251558999,0.0002981402251558999,0.11371527777777778,0.0685763888888889,0.004482581383652157,0.0016323013438118829,0.765999972820282
2,77,adaptive_crosssdc_cmr,hinge,1.0,0.0,0.32478591468599105,0.3211018807358212,3.4034358660380044,0.03211018807358212,0.002787813996999628,0.0002787813996999628,0.11197916666666667,0.059895833333333336,0.004138453346159723,0.0015372054444419013,0.765333354473114
2,78,adaptive_crosssdc_cmr,hinge,1.0,0.0,0.329345875316196,0.3200465672545963,3.4902057912614612,0.03200465672545963,0.003848098942803012,0.00038480989428030124,0.1284722222222222,0.06597222222222222,0.005975687669383155,0.0018002212875419194,0.7646666765213013
2,79,adaptive_crosssdc_cmr,hinge,1.0,0.0,0.3279618157280816,0.3222053183449639,3.4912895361582437,0.03222053183449639,0.003502998087141249,0.0003502998087141249,0.13541666666666666,0.05642361111111111,0.006001564570599132,0.0011286288499832153,0.7666666507720947
2,80,adaptive_crosssdc_cmr,hinge,1.0,0.0,0.3286136057641771,0.31831566823853386,3.4581398169199624,0.03183156682385339,0.0037331078201532364,0.00037331078201532366,0.1371527777777778,0.0685763888888889,0.0060877203941345215,0.0014775950047704908,0.7673333287239075
2,81,adaptive_crosssdc_cmr,hinge,1.0,0.0,0.33123215039571124,0.3136918942133586,3.551773018307156,0.03136918942133586,0.003215520590957668,0.0003215520590957668,0.12152777777777778,0.059027777777777776,0.0052572571569018895,0.0012794286012649536,0.7693333625793457
2,82,adaptive_crosssdc_cmr,hinge,1.0,0.0,0.32581884331173366,0.3069796661535899,3.485865831375122,0.030697966615358993,0.0032992958763821256,0.0003299295876382126,0.125,0.059027777777777776,0.005377534776926041,0.0013065135313404931,0.7706666588783264
2,83,adaptive_crosssdc_cmr,hinge,1.0,0.0,0.3278450866540273,0.32512860496838886,3.4945720301734076,0.03251286049683889,0.003455838524839944,0.0003455838524839944,0.1310763888888889,0.06510416666666667,0.00554282052649392,0.0015136839614974128,0.7706666588783264
2,84,adaptive_crosssdc_cmr,hinge,1.0,0.0,0.319439838329951,0.2989499039120144,3.4308138688405356,0.029894990391201443,0.00285782707699885,0.000285782707699885,0.125,0.05642361111111111,0.004591185185644362,0.001338831666443083,0.7693333625793457
2,85,adaptive_crosssdc_cmr,hinge,1.0,0.0,0.32683323820432025,0.3304837511645423,3.4560971524980335,0.03304837511645423,0.002621989723088013,0.0002621989723088013,0.12152777777777778,0.05555555555555555,0.0037675098412566716,0.0015850654906696742,0.7713333368301392
2,86,adaptive_crosssdc_cmr,hinge,1.0,0.0,0.3214959171083238,0.3000573151641422,3.46706321504381,0.03000573151641422,0.003475388175704413,0.00034753881757044135,0.12760416666666666,0.059895833333333336,0.005634053920706113,0.001325639999575085,0.7706666588783264
2,87,adaptive_crosssdc_cmr,hinge,1.0,0.0,0.32047439946068657,0.3250328567292955,3.44346104727851,0.03250328567292955,0.0022748015148358215,0.00022748015148358215,0.11024305555555555,0.052083333333333336,0.003641649666759703,0.0009247755838765039,0.7699999809265137
2,88,adaptive_crosssdc_cmr,hinge,1.0,0.0,0.31719986928833854,0.3084409170680576,3.477913671069675,0.03084409170680576,0.002266542222868237,0.00022665422228682373,0.10243055555555555,0.052083333333333336,0.0036437178237570655,0.000902963595257865,0.7639999985694885
2,89,adaptive_crosssdc_cmr,hinge,1.0,0.0,0.31636714273028904,0.30574929383065963,3.5094121827019586,0.030574929383065965,0.0025238277804520396,0.00025238277804520394,0.109375,0.0390625,0.0042911192609204184,0.0008051354024145338,0.7706666588783264
2,90,adaptive_crosssdc_cmr,hinge,1.0,0.0,0.31948641273710465,0.31642622417873806,3.4717257022857666,0.03164262241787381,0.0033582594737203587,0.0003358259473720359,0.11805555555555555,0.0546875,0.005454912367794249,0.0013331373532613118,0.7573333382606506
2,91,adaptive_crosssdc_cmr,hinge,1.0,0.0,0.31887509094344246,0.3036589390701718,3.5059566497802734,0.030365893907017178,0.0030745925614610314,0.0003074592561461032,0.1310763888888889,0.052083333333333336,0.005255761659807629,0.000990615536769231,0.7699999809265137
2,92,adaptive_crosssdc_cmr,hinge,1.0,0.0,0.3196357422404819,0.3041931589444478,3.4788518216874866,0.030419315894444784,0.0035977751378797823,0.00035977751378797823,0.1284722222222222,0.06770833333333333,0.005972409206959937,0.0012934332092603047,0.7633333206176758
2,93,adaptive_crosssdc_cmr,hinge,1.0,0.0,0.31209952301449245,0.29701413379775154,3.4956241183810763,0.029701413379775155,0.0030928903724998236,0.00030928903724998237,0.1371527777777778,0.052083333333333336,0.005397498400674926,0.0008406610124640994,0.7666666507720947
2,94,adaptive_crosssdc_cmr,hinge,1.0,0.0,0.30986452102661133,0.2996114426188999,3.4945383071899414,0.02996114426188999,0.00220704314738719,0.00022070431473871898,0.09375,0.042534722222222224,0.0035390940805276236,0.0009134974744584826,0.7706666588783264
2,95,adaptive_crosssdc_cmr,hinge,1.0,0.0,0.3172403971354167,0.3158835868040721,3.460138294431898,0.03158835868040721,0.002855369148568975,0.0002855369148568975,0.0998263888888889,0.06770833333333333,0.00414114569624265,0.0015468373894691467,0.7666666507720947
2,96,adaptive_crosssdc_cmr,hinge,1.0,0.0,0.31051064199871486,0.2911028497748905,3.48651475376553,0.029110284977489048,0.0026949724027266106,0.0002694972402726611,0.10850694444444445,0.04600694444444445,0.004279444201125039,0.0011622980237007141,0.7766666412353516
2,97,adaptive_crosssdc_cmr,hinge,1.0,0.0,0.309358944495519,0.2996210820145077,3.4647501839531794,0.029962108201450774,0.0020672523856369984,0.00020672523856369985,0.09895833333333333,0.046875,0.003354324855738216,0.0008769631385803223,0.7739999890327454
2,98,adaptive_crosssdc_cmr,hinge,1.0,0.0,0.3117455310291714,0.2866756187544929,3.529610183503893,0.02866756187544929,0.0021251326478603813,0.00021251326478603815,0.10416666666666667,0.04513888888888889,0.003594015207555559,0.0006612278521060944,0.7680000066757202
2,99,adaptive_crosssdc_cmr,hinge,1.0,0.0,0.3139379918575287,0.2990759511788686,3.5002209875318737,0.029907595117886862,0.0029944087016499704,0.00029944087016499707,0.1189236111111111,0.050347222222222224,0.005056543896595637,0.001156658348109987,0.7673333287239075
2,100,adaptive_crosssdc_cmr,hinge,1.0,0.0,0.31530604428715175,0.29634600546624923,3.4998776647779675,0.029634600546624923,0.003492164658382535,0.0003492164658382535,0.11458333333333333,0.04600694444444445,0.006011664660440551,0.0010369871225621966,0.768666684627533
2,101,adaptive_crosssdc_cmr,hinge,1.0,0.0,0.32257652282714844,0.2981127036942376,3.493332544962565,0.02981127036942376,0.004786490462720394,0.0004786490462720394,0.14583333333333334,0.06944444444444445,0.007494838701354133,0.0022176731791761187,0.7706666588783264
2,102,adaptive_crosssdc_cmr,hinge,1.0,0.0,0.3450146946642134,0.3054947356383006,3.5033962196773953,0.03054947356383006,0.012938366323295567,0.0012938366323295568,0.22135416666666666,0.08333333333333333,0.022879904343022242,0.0035217218101024628,0.765333354473114
2,103,adaptive_crosssdc_cmr,hinge,1.0,0.0,0.3470987876256307,0.3145702083905538,3.4890786012013755,0.031457020839055376,0.011443776802884208,0.0011443776802884209,0.2230902777777778,0.0703125,0.020364144403073523,0.0029575940635469225,0.7706666588783264
2,104,adaptive_crosssdc_cmr,hinge,1.0,0.0,0.35380730364057755,0.32556960648960537,3.4696419503953724,0.03255696064896054,0.01517870763523711,0.0015178707635237112,0.2534722222222222,0.07899305555555555,0.026474774504701298,0.004469955133067237,0.7573333382606506
2,105,adaptive_crosssdc_cmr,hinge,1.0,0.0,0.33515668246481156,0.3126343886057536,3.4816011587778726,0.03126343886057536,0.011519828707807593,0.0011519828707807593,0.21961805555555555,0.08159722222222222,0.020741082934869662,0.002631194061703152,0.7673333287239075
2,106,adaptive_crosssdc_cmr,hinge,1.0,0.0,0.32240981194708085,0.3015618456734551,3.4823400179545083,0.030156184567345513,0.005345445255645447,0.0005345445255645448,0.14583333333333334,0.0642361111111111,0.00862527597281668,0.002004580779208077,0.7639999985694885
2,107,adaptive_crosssdc_cmr,hinge,1.0,0.0,0.31330206990242004,0.3049657973978255,3.48713657591078,0.03049657973978255,0.00342027652853479,0.000342027652853479,0.10850694444444445,0.044270833333333336,0.005207146621412701,0.0015165391895506117,0.768666684627533
2,108,adaptive_crosssdc_cmr,hinge,1.0,0.0,0.3113054898050096,0.30741380982928806,3.533493995666504,0.030741380982928806,0.0021692559821531177,0.0002169255982153118,0.08072916666666667,0.046875,0.003121401286787457,0.00124859685699145,0.7753333449363708
2,109,adaptive_crosssdc_cmr,hinge,1.0,0.0,0.30248139301935834,0.2919146286116706,3.511840025583903,0.029191462861167063,0.0017020835269552965,0.00017020835269552966,0.059895833333333336,0.04513888888888889,0.0021881196233961317,0.0011808110607994928,0.7793333530426025
2,110,adaptive_crosssdc_cmr,hinge,1.0,0.0,0.30131808254453873,0.2909203933344947,3.5391230053371854,0.029092039333449473,0.0014399604761921284,0.00014399604761921285,0.0703125,0.03211805555555555,0.002379033714532852,0.0005288947787549761,0.7733333110809326
2,111,adaptive_crosssdc_cmr,hinge,1.0,0.0,0.3007585472530789,0.2929023769166734,3.520917918947008,0.029290237691667345,0.0016115771076228055,0.00016115771076228056,0.06510416666666667,0.03732638888888889,0.0024440259569221074,0.0008273041910595364,0.7753333449363708
2,112,adaptive_crosssdc_cmr,hinge,1.0,0.0,0.29520246386528015,0.28424809045261806,3.499685631857978,0.028424809045261807,0.0011692339547961536,0.00011692339547961537,0.06684027777777778,0.03211805555555555,0.0018432227273782094,0.0005013015535142687,0.7720000147819519
2,113,adaptive_crosssdc_cmr,hinge,1.0,0.0,0.2985570165846083,0.29555724726782906,3.5146484904819064,0.029555724726782907,0.001622887574032777,0.0001622887574032777,0.06684027777777778,0.030381944444444444,0.002629130250877804,0.0006320509645673963,0.7746666669845581
2,114,adaptive_crosssdc_cmr,hinge,1.0,0.0,0.29648660288916695,0.2912384668986003,3.5149249500698514,0.02912384668986003,0.0015640745987184346,0.00015640745987184347,0.07378472222222222,0.04513888888888889,0.002287957196434339,0.0008190410832564036,0.7713333368301392
2,115,adaptive_crosssdc_cmr,hinge,1.0,0.0,0.2968011399110158,0.2903553247451782,3.530028952492608,0.029035532474517824,0.0015631502028554678,0.00015631502028554679,0.07725694444444445,0.036458333333333336,0.002417609923415714,0.0006613872117466397,0.7706666588783264
2,116,adaptive_crosssdc_cmr,hinge,1.0,0.0,0.29246365361743504,0.29132605261272854,3.5213878684573703,0.029132605261272856,0.0013034844467054224,0.00013034844467054224,0.06510416666666667,0.044270833333333336,0.0019106554488341014,0.0007324135965771145,0.7753333449363708
2,117,adaptive_crosssdc_cmr,hinge,1.0,0.0,0.292070875565211,0.2839610245492723,3.4976954460144043,0.02839610245492723,0.0013647720980871883,0.00013647720980871885,0.07378472222222222,0.03993055555555555,0.002181166576014625,0.0005808422962824503,0.7720000147819519
2,118,adaptive_crosssdc_cmr,hinge,1.0,0.0,0.29476407170295715,0.2928445637226105,3.51399909125434,0.02928445637226105,0.0011937188036325905,0.00011937188036325905,0.0625,0.03125,0.0018774150974220699,0.0005694801608721415,0.7713333368301392
2,119,adaptive_crosssdc_cmr,hinge,1.0,0.0,0.29062620136472916,0.27561984790696037,3.5027180777655706,0.027561984790696038,0.001187480539859583,0.00011874805398595829,0.0642361111111111,0.03298611111111111,0.0018180848823653327,0.0006148301892810398,0.768666684627533
2,120,adaptive_crosssdc_cmr,hinge,1.0,0.0,0.2943992283609178,0.2923053006331126,3.499346865548028,0.029230530063311264,0.00149560112428541,0.000149560112428541,0.07552083333333333,0.03993055555555555,0.0024541430175304413,0.0006429366767406464,0.7746666669845581
2,121,adaptive_crosssdc_cmr,hinge,1.0,0.0,0.29464201463593376,0.3015403118398454,3.5250146124098034,0.030154031183984544,0.0019407227777669,0.00019407227777669,0.08506944444444445,0.033854166666666664,0.0033821972707907357,0.0005502659413549635,0.7733333110809326
2,122,adaptive_crosssdc_cmr,hinge,1.0,0.0,0.29901131987571716,0.2945476174354553,3.509331809149848,0.029454761743545534,0.002339181723073125,0.0002339181723073125,0.09722222222222222,0.05642361111111111,0.0034468496839205423,0.0012584577004114788,0.7699999809265137
2,123,adaptive_crosssdc_cmr,hinge,1.0,0.0,0.293708946969774,0.2798066834608714,3.5162544515397816,0.027980668346087142,0.0021742544680212936,0.00021742544680212938,0.0954861111111111,0.044270833333333336,0.003468963834974501,0.0009582870536380344,0.7693333625793457
2,124,adaptive_crosssdc_cmr,hinge,1.0,0.0,0.29548730783992344,0.2678024404578739,3.5348413520389133,0.02678024404578739,0.0018544651037599477,0.00018544651037599478,0.08246527777777778,0.042534722222222224,0.002596648409962654,0.0011561823387940724,0.7720000147819519
2,125,adaptive_crosssdc_cmr,hinge,1.0,0.0,0.29234346747398376,0.29353580872217816,3.45239167743259,0.029353580872217816,0.0014935849402617249,0.0001493584940261725,0.06944444444444445,0.044270833333333336,0.0021740500297811297,0.0008698201013935937,0.7713333368301392
2,126,adaptive_crosssdc_cmr,hinge,1.0,0.0,0.290269093381034,0.2697592145866818,3.5169419712490506,0.02697592145866818,0.0017666859138343069,0.0001766685913834307,0.0763888888888889,0.04079861111111111,0.0027859529687298667,0.0007820845478110843,0.7746666669845581
2,127,adaptive_crosssdc_cmr,hinge,1.0,0.0,0.29343582193056744,0.28846357928382027,3.5049547619289823,0.028846357928382027,0.001621040729029725,0.00016210407290297252,0.08072916666666667,0.046875,0.0024284252689944375,0.0008523091673851013,0.7699999809265137
2,128,adaptive_crosssdc_cmr,hinge,1.0,0.0,0.2895723382631938,0.27069056696361965,3.5662703249189587,0.027069056696361966,0.0017073108530085948,0.0001707310853008595,0.09027777777777778,0.029513888888888888,0.0026538699037498897,0.0007792384260230594,0.7739999890327454
2,129,adaptive_crosssdc_cmr,hinge,1.0,0.0,0.2927193244298299,0.2747620890537898,3.5190769831339517,0.027476208905378982,0.0019253883769528733,0.00019253883769528734,0.0842013888888889,0.049479166666666664,0.0029099887857834497,0.0008952845301893023,0.7753333449363708
2,130,adaptive_crosssdc_cmr,hinge,1.0,0.0,0.29986758364571464,0.27623793813917374,3.5453093581729465,0.027623793813917375,0.002452583556684355,0.0002452583556684355,0.10069444444444445,0.036458333333333336,0.004171180642313427,0.0008243351346916623,0.7693333625793457
2,131,adaptive_crosssdc_cmr,hinge,1.0,0.0,0.29578455289204914,0.2802232967482673,3.5200160874260797,0.02802232967482673,0.0022971414210688737,0.00022971414210688738,0.0998263888888889,0.0390625,0.003532740804884169,0.0010939186645878686,0.7639999985694885
2,132,adaptive_crosssdc_cmr,hinge,1.0,0.0,0.2928408881028493,0.2767610450585683,3.523309866587321,0.027676104505856832,0.0019951161165307793,0.00019951161165307794,0.07899305555555555,0.04861111111111111,0.0028006438579824236,0.0011588678591781193,0.7760000228881836
2,133,adaptive_crosssdc_cmr,hinge,1.0,0.0,0.29669314954015946,0.2808046274715,3.5413974391089544,0.02808046274715,0.0018734358923716678,0.0001873435892371668,0.07725694444444445,0.044270833333333336,0.0027624372806813982,0.0009430630339516534,0.7766666412353516
2,134,adaptive_crosssdc_cmr,hinge,1.0,0.0,0.2963067690531413,0.28296930922402275,3.4803940455118814,0.028296930922402277,0.0027043169053892293,0.00027043169053892293,0.11458333333333333,0.0390625,0.004730613281329473,0.0008373169435395135,0.768666684627533
2,135,adaptive_crosssdc_cmr,hinge,1.0,0.0,0.305147969060474,0.2902451753616333,3.4871786170535617,0.029024517536163332,0.004254606293721331,0.00042546062937213314,0.12413194444444445,0.050347222222222224,0.007110423925850127,0.0016266024774975246,0.7713333368301392
2,136,adaptive_crosssdc_cmr,hinge,1.0,0.0,0.30287021067407394,0.275971876250373,3.514537043041653,0.027597187625037302,0.004736991443981727,0.0004736991443981727,0.12239583333333333,0.05295138888888889,0.00759842660692003,0.001978449523448944,0.7746666669845581
2,137,adaptive_crosssdc_cmr,hinge,1.0,0.0,0.30408841371536255,0.2825170093112522,3.522516621483697,0.02825170093112522,0.0042362446353460355,0.00042362446353460355,0.1284722222222222,0.04513888888888889,0.006867036637332704,0.0017372340791755253,0.762666642665863
2,138,adaptive_crosssdc_cmr,hinge,1.0,0.0,0.3062852952215407,0.28253599007924396,3.5118617746565075,0.028253599007924398,0.005664557192681564,0.0005664557192681564,0.1388888888888889,0.06163194444444445,0.008798145585589938,0.002598064641157786,0.7680000066757202
2,139,adaptive_crosssdc_cmr,hinge,1.0,0.0,0.31702880064646405,0.26972654461860657,3.566791984770033,0.02697265446186066,0.008109461050480604,0.0008109461050480604,0.15104166666666666,0.0763888888888889,0.013333527992169062,0.0031369117399056754,0.762666642665863
2,140,adaptive_crosssdc_cmr,hinge,1.0,0.0,0.3123909268114302,0.2807384828726451,3.5354430145687528,0.02807384828726451,0.006667831240014898,0.0006667831240014899,0.1640625,0.051215277777777776,0.011839822348621156,0.001732753382788764,0.7720000147819519
2,141,adaptive_crosssdc_cmr,hinge,1.0,0.0,0.3086477816104889,0.2841520441903008,3.550248490439521,0.028415204419030084,0.004239676339137886,0.00042396763391378857,0.13020833333333334,0.043402777777777776,0.007301463021172417,0.001451403730445438,0.7720000147819519
2,142,adaptive_crosssdc_cmr,hinge,1.0,0.0,0.3068319956461589,0.2754855189058516,3.542991876602173,0.027548551890585162,0.004047396256484919,0.00040473962564849193,0.12760416666666666,0.04513888888888889,0.007038944297366672,0.0010371957388189104,0.7666666507720947
2,143,adaptive_crosssdc_cmr,hinge,1.0,0.0,0.30261462926864624,0.28202317158381146,3.547307676739163,0.028202317158381146,0.003095389744784269,0.0003095389744784269,0.10503472222222222,0.042534722222222224,0.005027201440599229,0.0013545755710866717,0.7720000147819519
2,144,adaptive_crosssdc_cmr,hinge,1.0,0.0,0.2977156804667579,0.25822291274865466,3.572571939892239,0.025822291274865468,0.0029514015057227677,0.0002951401505722768,0.09722222222222222,0.043402777777777776,0.00473625875181622,0.001284329013692008,0.7699999809265137
2,145,adaptive_crosssdc_cmr,hinge,1.0,0.0,0.29556868473688763,0.28732092181841534,3.517749653922187,0.028732092181841536,0.0018528140693282087,0.00018528140693282089,0.0842013888888889,0.025173611111111112,0.0031623654067516327,0.0005652333299318949,0.7739999890327454
2,146,adaptive_crosssdc_cmr,hinge,1.0,0.0,0.29103618529107833,0.290083560678694,3.4924771785736084,0.029008356067869404,0.002345567827837335,0.0002345567827837335,0.08246527777777778,0.043402777777777776,0.003471777256992128,0.001223615888092253,0.777999997138977
2,147,adaptive_crosssdc_cmr,hinge,1.0,0.0,0.2899570365746816,0.2772258387671577,3.519163899951511,0.027722583876715768,0.0015598399913869798,0.000155983999138698,0.0763888888888889,0.028645833333333332,0.0026012944678465524,0.0005574561655521393,0.7713333368301392
2,148,adaptive_crosssdc_cmr,hinge,1.0,0.0,0.2896670434210036,0.27198071943389046,3.5411546495225696,0.027198071943389048,0.0016757355252694753,0.00016757355252694755,0.0685763888888889,0.03125,0.0025186174445682103,0.0009411987331178454,0.7720000147819519
2,149,adaptive_crosssdc_cmr,hinge,1.0,0.0,0.28961309790611267,0.2839049796263377,3.5705632633633084,0.028390497962633772,0.0018743786883230011,0.00018743786883230012,0.07118055555555555,0.050347222222222224,0.0026391388641463388,0.0011688127285904354,0.7706666588783264
2,150,adaptive_crosssdc_cmr,hinge,1.0,0.0,0.28616386983129716,0.2696503831280602,3.548266225390964,0.026965038312806024,0.0010692309426505947,0.00010692309426505948,0.06684027777777778,0.020833333333333332,0.00180729478597641,0.0003997720777988434,0.7773333191871643
2,151,adaptive_crosssdc_cmr,hinge,1.0,0.0,0.2870841920375824,0.2719235403670205,3.5982649326324463,0.02719235403670205,0.0013515201474850376,0.00013515201474850375,0.0642361111111111,0.04079861111111111,0.0017734927435715993,0.0008967949284447564,0.7746666669845581
2,152,adaptive_crosssdc_cmr,hinge,1.0,0.0,0.28433456023534137,0.27485788861910504,3.554700321621365,0.027485788861910505,0.0009918439803489794,9.918439803489795e-05,0.058159722222222224,0.027777777777777776,0.0015800839496983422,0.0004516703387101491,0.768666684627533
2,153,adaptive_crosssdc_cmr,hinge,1.0,0.0,0.2797524366113875,0.277518371740977,3.5698523256513806,0.0277518371740977,0.001157160647886081,0.0001157160647886081,0.059895833333333336,0.029513888888888888,0.0016896455652183956,0.0006422681940926446,0.7733333110809326
2,154,adaptive_crosssdc_cmr,hinge,1.0,0.0,0.28211939003732467,0.2624119222164154,3.57054246796502,0.026241192221641542,0.0011055983292559783,0.00011055983292559783,0.06510416666666667,0.03125,0.0016709127359920079,0.0005622824860943689,0.7760000228881836
2,155,adaptive_crosssdc_cmr,hinge,1.0,0.0,0.2767047385374705,0.2681821684042613,3.5402968989478216,0.02681821684042613,0.0009034203346042583,9.034203346042583e-05,0.05381944444444445,0.017361111111111112,0.0014322615332073635,0.0003739040758874681,0.7733333110809326
2,156,adaptive_crosssdc_cmr,hinge,1.0,0.0,0.2826434506310357,0.27231858836279976,3.585492822859022,0.027231858836279977,0.001077302825352591,0.0001077302825352591,0.05555555555555555,0.030381944444444444,0.0013507542510827382,0.0008093520171112485,0.7786666750907898
2,157,adaptive_crosssdc_cmr,hinge,1.0,0.0,0.2827277117305332,0.27276205354266697,3.5519102414449057,0.027276205354266697,0.0014023892322762145,0.00014023892322762146,0.06336805555555555,0.035590277777777776,0.0020170890622668797,0.0008148935933907827,0.7699999809265137
2,158,adaptive_crosssdc_cmr,hinge,1.0,0.0,0.28254379166497123,0.2640826188855701,3.5347845554351807,0.02640826188855701,0.0014535193008163737,0.00014535193008163738,0.07899305555555555,0.035590277777777776,0.0020816226800282798,0.0008226107392046186,0.7726666927337646
2,159,adaptive_crosssdc_cmr,hinge,1.0,0.0,0.28245142102241516,0.27828021513091195,3.537720388836331,0.027828021513091196,0.0016165436116150683,0.00016165436116150685,0.0763888888888889,0.036458333333333336,0.0024854594634638894,0.0008342361284626855,0.7746666669845581
2,160,adaptive_crosssdc_cmr,hinge,1.0,0.0,0.2863704065481822,0.2766744527551863,3.5784881909688315,0.027667445275518635,0.0016932817654580707,0.00016932817654580708,0.07291666666666667,0.0390625,0.00269270067413648,0.0008253384795453814,0.7693333625793457
2,161,adaptive_crosssdc_cmr,hinge,1.0,0.0,0.2880621718035804,0.26560724443859524,3.6243563493092856,0.026560724443859526,0.0018961445182665354,0.00018961445182665354,0.0859375,0.03125,0.002838237831989924,0.0009188469913270739,0.7713333368301392
2,162,adaptive_crosssdc_cmr,hinge,1.0,0.0,0.28543518318070304,0.28156013290087384,3.543177366256714,0.028156013290087385,0.0016500566659184794,0.00016500566659184796,0.07552083333333333,0.03298611111111111,0.002559265535738733,0.000753253698348999,0.7753333449363708
2,163,adaptive_crosssdc_cmr,hinge,1.0,0.0,0.2823838922712538,0.2617667516072591,3.5833687782287598,0.02617667516072591,0.0021117810651453007,0.00021117810651453007,0.0876736111111111,0.036458333333333336,0.003178257495164871,0.0010905414819717407,0.7699999809265137
2,164,adaptive_crosssdc_cmr,hinge,1.0,0.0,0.28783609138594735,0.27789418233765495,3.5683134661780462,0.027789418233765496,0.00211280411005848,0.000211280411005848,0.0859375,0.03732638888888889,0.003306120220157835,0.000972210533089108,0.7706666588783264
2,165,adaptive_crosssdc_cmr,hinge,1.0,0.0,0.2845165299044715,0.2560799949698978,3.6019170814090304,0.025607999496989782,0.001925331986664484,0.0001925331986664484,0.0763888888888889,0.03125,0.0032712225284841326,0.0006692993144194285,0.7793333530426025
2,166,adaptive_crosssdc_cmr,hinge,1.0,0.0,0.2878962688975864,0.27278105086750454,3.5811089674631753,0.027278105086750454,0.0020559485354978177,0.00020559485354978177,0.08940972222222222,0.042534722222222224,0.003106446729765998,0.0009462311863899231,0.7739999890327454
2,167,adaptive_crosssdc_cmr,hinge,1.0,0.0,0.2832766506406996,0.2622243795129988,3.530619833204481,0.026222437951299884,0.0020205791224725544,0.00020205791224725544,0.0842013888888889,0.034722222222222224,0.003563149314787653,0.0005492779115835825,0.777999997138977
2,168,adaptive_crosssdc_cmr,hinge,1.0,0.0,0.34535427225960624,0.28356345494588214,3.594879706700643,0.028356345494588216,0.018572680205882836,0.0018572680205882837,0.23697916666666666,0.0625,0.03522305521700117,0.0026337632702456582,0.7633333206176758
2,169,adaptive_crosssdc_cmr,hinge,1.0,0.0,0.34923551479975384,0.29396788941489327,3.5402143796284995,0.029396788941489328,0.02339708235942655,0.002339708235942655,0.3012152777777778,0.0685763888888889,0.04429124068054888,0.003001920051044888,0.768666684627533
2,170,adaptive_crosssdc_cmr,hinge,1.0,0.0,0.3166401121351454,0.2861713104777866,3.5352768898010254,0.02861713104777866,0.012721023418837123,0.0012721023418837123,0.23350694444444445,0.06076388888888889,0.02373891116844283,0.0023477793567710454,0.7766666412353516
2,171,adaptive_crosssdc_cmr,hinge,1.0,0.0,0.3208075563112895,0.2828243871529897,3.5403509934743247,0.02828243871529897,0.015377536364313629,0.001537753636431363,0.22569444444444445,0.057291666666666664,0.028509489364094205,0.0029045513106717,0.7726666927337646
2,172,adaptive_crosssdc_cmr,hinge,1.0,0.0,0.3297864894072215,0.29670869641833836,3.508121463987562,0.02967086964183384,0.012778850065337287,0.0012778850065337287,0.20572916666666666,0.0625,0.022699987308846578,0.00289683375093672,0.7760000228881836
2,173,adaptive_crosssdc_cmr,hinge,1.0,0.0,0.31338035066922504,0.28536585138903725,3.517022821638319,0.028536585138903725,0.008827567876627048,0.0008827567876627049,0.19791666666666666,0.06163194444444445,0.015509439839257134,0.0026058831976519693,0.7753333449363708
2,174,adaptive_crosssdc_cmr,hinge,1.0,0.0,0.30901174743970233,0.2749163011709849,3.5733318063947888,0.027491630117098494,0.005367611741854085,0.0005367611741854085,0.14149305555555555,0.04861111111111111,0.008663030341267586,0.0021139735149012674,0.7726666927337646
2,175,adaptive_crosssdc_cmr,hinge,1.0,0.0,0.29420838091108537,0.2715481022993724,3.506755643420749,0.027154810229937237,0.0049288394511677325,0.0004928839451167733,0.11979166666666667,0.0390625,0.008560023994909393,0.0014889890121089087,0.7726666927337646
2,176,adaptive_crosssdc_cmr,hinge,1.0,0.0,0.2895960509777069,0.25836710300710464,3.584142287572225,0.025836710300710466,0.002567000053305593,0.0002567000053305593,0.07899305555555555,0.036458333333333336,0.004139185572663943,0.0010733894175953334,0.7726666927337646
2,177,adaptive_crosssdc_cmr,hinge,1.0,0.0,0.2839973039097256,0.26253821286890244,3.557305018107096,0.026253821286890244,0.0015763355671272923,0.00015763355671272923,0.06163194444444445,0.028645833333333332,0.0024373682422770392,0.000794243895345264,0.7753333449363708
2,178,adaptive_crosssdc_cmr,hinge,1.0,0.0,0.28000087870491874,0.2643607209126155,3.5701672765943737,0.02643607209126155,0.0008063350396696478,8.063350396696478e-05,0.046875,0.019965277777777776,0.0011892803013324738,0.00045642091168297664,0.7786666750907898
2,179,adaptive_crosssdc_cmr,hinge,1.0,0.0,0.2735966344674428,0.25137774811850655,3.579966412650214,0.025137774811850658,0.00069847847852442,6.984784785244199e-05,0.04513888888888889,0.0234375,0.0010523506336741978,0.00035126134753227234,0.7760000228881836
2,180,adaptive_crosssdc_cmr,hinge,1.0,0.0,0.27463136778937447,0.2510998696088791,3.5800414615207248,0.02510998696088791,0.0006669286570589369,6.66928657058937e-05,0.024305555555555556,0.026909722222222224,0.0008357982668611738,0.0005279332399368286,0.777999997138977
2,181,adaptive_crosssdc_cmr,hinge,1.0,0.0,0.27428292565875584,0.25158097181055283,3.576925277709961,0.025158097181055286,0.0008141555089322436,8.141555089322437e-05,0.03993055555555555,0.025173611111111112,0.0010623741481039259,0.0005500126216146681,0.7773333191871643
2,182,adaptive_crosssdc_cmr,hinge,1.0,0.0,0.27345085475179887,0.250247534778383,3.5716201199425592,0.025024753477838304,0.000983560237930053,9.835602379300529e-05,0.04861111111111111,0.030381944444444444,0.0012823279119200176,0.0006706507669554816,0.777999997138977
2,183,adaptive_crosssdc_cmr,hinge,1.0,0.0,0.27336527241600883,0.2581772704919179,3.53302444352044,0.02581772704919179,0.0006822472302398334,6.822472302398334e-05,0.03298611111111111,0.03125,0.0008045219712787204,0.0005602079133192698,0.777999997138977
2,184,adaptive_crosssdc_cmr,hinge,1.0,0.0,0.2772575053903792,0.25723932517899406,3.6132701767815485,0.02572393251789941,0.0011331997617768745,0.00011331997617768746,0.05642361111111111,0.024305555555555556,0.0017809362875090705,0.0005111197630564371,0.7793333530426025
2,185,adaptive_crosssdc_cmr,hinge,1.0,0.0,0.270552118619283,0.24685666958491007,3.605350467893812,0.024685666958491007,0.0011506870570075181,0.00011506870570075181,0.059895833333333336,0.026909722222222224,0.0014808144834306505,0.0008297798534234365,0.7793333530426025
2,186,adaptive_crosssdc_cmr,hinge,1.0,0.0,0.2769031723340352,0.25649399558703107,3.5548486709594727,0.025649399558703108,0.0017887640569824725,0.00017887640569824725,0.06770833333333333,0.03298611111111111,0.0026032767362064784,0.001007072627544403,0.7746666669845581
2,187,adaptive_crosssdc_cmr,hinge,1.0,0.0,0.276279350121816,0.24791650639639962,3.586978859371609,0.024791650639639964,0.0014961548084910545,0.00014961548084910546,0.0703125,0.035590277777777776,0.0021487130886978572,0.0008821657134426965,0.7773333191871643
2,188,adaptive_crosssdc_cmr,hinge,1.0,0.0,0.27615204122331405,0.2482838680346807,3.589704407585992,0.02482838680346807,0.002054005615516669,0.00020540056155166693,0.08333333333333333,0.03819444444444445,0.0031492962605423397,0.0009550804065333472,0.7826666831970215
2,189,adaptive_crosssdc_cmr,hinge,1.0,0.0,0.2780261668894026,0.25538454287581974,3.5808605088127985,0.025538454287581974,0.0011222956786190884,0.00011222956786190885,0.052083333333333336,0.027777777777777776,0.001603266845146815,0.0006880445612801446,0.781333327293396
2,190,adaptive_crosssdc_cmr,hinge,1.0,0.0,0.2798141903347439,0.2526605526606242,3.623063325881958,0.02526605526606242,0.0008217034980286068,8.217034980286068e-05,0.0546875,0.022569444444444444,0.0011462623046504126,0.00046337520082791645,0.7799999713897705
2,191,adaptive_crosssdc_cmr,hinge,1.0,0.0,0.27404099371698165,0.26198464466465843,3.5716275109185114,0.026198464466465843,0.001198512983844719,0.00011985129838447189,0.05555555555555555,0.033854166666666664,0.0016641033192475636,0.0008000276154941983,0.7806666493415833
2,192,adaptive_crosssdc_cmr,hinge,1.0,0.0,0.2796277403831482,0.2543816549910439,3.5677310625712075,0.025438165499104395,0.0012237415454971294,0.00012237415454971294,0.06076388888888889,0.026041666666666668,0.002009443938732147,0.00047185478938950435,0.7793333530426025
2,193,adaptive_crosssdc_cmr,hinge,1.0,0.0,0.2834901942147149,0.2723977532651689,3.581348074807061,0.02723977532651689,0.0017142711440101266,0.00017142711440101268,0.06597222222222222,0.03993055555555555,0.002483552942673365,0.0009936756557888454,0.7786666750907898
2,194,adaptive_crosssdc_cmr,hinge,1.0,0.0,0.2778095503648122,0.24597706728511387,3.631570922003852,0.024597706728511387,0.0020943020418700245,0.00020943020418700246,0.0842013888888889,0.035590277777777776,0.003421685347954432,0.0008082439502080282,0.7760000228881836
2,195,adaptive_crosssdc_cmr,hinge,1.0,0.0,0.27855104870266384,0.2503516475359599,3.619675530327691,0.02503516475359599,0.0016536321232302322,0.00016536321232302323,0.0703125,0.034722222222222224,0.002532532231675254,0.000805247575044632,0.7773333191871643
2,196,adaptive_crosssdc_cmr,hinge,1.0,0.0,0.2743797368473477,0.2568920883867476,3.5395466486612954,0.02568920883867476,0.0011380840248117845,0.00011380840248117845,0.0625,0.028645833333333332,0.0016464338534408146,0.000660830901728736,0.777999997138977
2,197,adaptive_crosssdc_cmr,hinge,1.0,0.0,0.2839860220750173,0.25292810135417515,3.602672126558092,0.025292810135417516,0.0019543135131243616,0.00019543135131243618,0.07378472222222222,0.034722222222222224,0.002888493239879608,0.001042909092373318,0.7799999713897705
2,198,adaptive_crosssdc_cmr,hinge,1.0,0.0,0.2841252817047967,0.2610044876734416,3.5667078495025635,0.02610044876734416,0.002495213437618481,0.0002495213437618481,0.09114583333333333,0.041666666666666664,0.004117147376139958,0.0009793593651718563,0.7693333625793457
2,199,adaptive_crosssdc_cmr,hinge,1.0,0.0,0.2861112091276381,0.2535179770655102,3.6090936130947537,0.02535179770655102,0.002738563059311774,0.0002738563059311774,0.09288194444444445,0.041666666666666664,0.004010332541333305,0.0015642928580443065,0.777999997138977
3,0,adaptive_crosssdc_cmr,hinge,1.0,0.0,2.6555701759126453,0.5962889790534973,2.9392581780751548,0.05962889790534973,0.5592314667171903,0.05592314667171903,0.8619791666666666,0.6822916666666666,0.9102981620364718,0.20622825456990135,0.5665000081062317
3,1,adaptive_crosssdc_cmr,hinge,1.0,0.0,1.7333517604404025,0.6426190733909607,2.880143880844116,0.06426190733909608,0.5304745799965329,0.0530474579996533,0.9887152777777778,0.578125,0.9388900200525919,0.11573293887906605,0.5895000100135803
3,2,adaptive_crosssdc_cmr,hinge,1.0,0.0,1.3468076917860243,0.45840007729000515,2.8918196625179715,0.045840007729000515,0.34340551495552063,0.03434055149555206,0.984375,0.4956597222222222,0.612594895892673,0.06839747271604008,0.5910000205039978
3,3,adaptive_crosssdc_cmr,hinge,1.0,0.0,1.1287353038787842,0.3951357934210036,2.9036061498853893,0.03951357934210036,0.2852550148963928,0.028525501489639282,0.9756944444444444,0.578125,0.4767853187190162,0.08978321237696542,0.5954999923706055
3,4,adaptive_crosssdc_cmr,hinge,1.0,0.0,0.9760953850216336,0.3675753672917684,2.867216216193305,0.03675753672917684,0.24822179310851628,0.02482217931085163,0.9600694444444444,0.5720486111111112,0.4151409301492903,0.08066270914342669,0.5964999794960022
3,5,adaptive_crosssdc_cmr,hinge,1.0,0.0,0.8673963745435079,0.3334742983182271,2.930939727359348,0.03334742983182271,0.20759187638759613,0.020759187638759613,0.9401041666666666,0.5824652777777778,0.3324055075645447,0.08171929087903765,0.6029999852180481
3,6,adaptive_crosssdc_cmr,hinge,1.0,0.0,0.7809501621458266,0.3377542363272773,2.9071766005622015,0.03377542363272773,0.18891407052675882,0.018891407052675883,0.9270833333333334,0.5590277777777778,0.29970307151476544,0.07655311127503713,0.6069999933242798
3,7,adaptive_crosssdc_cmr,hinge,1.0,0.0,0.7166013055377536,0.3103543751769596,2.9342647393544516,0.031035437517695958,0.16376398338211906,0.016376398338211907,0.8836805555555556,0.5052083333333334,0.2614104565646913,0.06712327442235416,0.609499990940094
3,8,adaptive_crosssdc_cmr,hinge,1.0,0.0,0.6714071366522048,0.31120851304796004,2.970797379811605,0.031120851304796006,0.1457325600915485,0.01457325600915485,0.8854166666666666,0.4826388888888889,0.2327432715230518,0.05946244754725032,0.6215000152587891
3,9,adaptive_crosssdc_cmr,hinge,1.0,0.0,0.6320478717486063,0.30581700801849365,2.9218132495880127,0.030581700801849368,0.13122634092966715,0.013122634092966715,0.8619791666666666,0.4539930555555556,0.21482731401920319,0.05019004311826494,0.6230000257492065
3,10,adaptive_crosssdc_cmr,hinge,1.0,0.0,0.6023805273903741,0.29411401020156014,2.9737534523010254,0.029411401020156016,0.12166698856486215,0.012166698856486215,0.8489583333333334,0.4444444444444444,0.19685737126403385,0.04826567404799991,0.6284999847412109
3,11,adaptive_crosssdc_cmr,hinge,1.0,0.0,0.5738427175415887,0.2882290879885356,2.967643976211548,0.02882290879885356,0.11540980140368144,0.011540980140368145,0.8263888888888888,0.4192708333333333,0.1918470859527588,0.042995688401990466,0.637499988079071
3,12,adaptive_crosssdc_cmr,hinge,1.0,0.0,0.5493649376763238,0.27718028757307267,3.0220418771107993,0.027718028757307268,0.10149856987926695,0.010149856987926696,0.8038194444444444,0.3706597222222222,0.17102210223674774,0.03430886069933573,0.6439999938011169
3,13,adaptive_crosssdc_cmr,hinge,1.0,0.0,0.528472363948822,0.2817993693881565,3.004673480987549,0.02817993693881565,0.0957712870505121,0.00957712870505121,0.7838541666666666,0.3559027777777778,0.16321171157889897,0.02995281997654173,0.6464999914169312
3,14,adaptive_crosssdc_cmr,hinge,1.0,0.0,0.5117134518093533,0.27922646204630536,3.003478341632419,0.027922646204630537,0.08851532638072968,0.008851532638072968,0.765625,0.3359375,0.14921935068236458,0.03044601074523396,0.6524999737739563
3,15,adaptive_crosssdc_cmr,hinge,1.0,0.0,0.49492137961917454,0.25497157209449345,3.0126149124569364,0.025497157209449346,0.0803556823068195,0.00803556823068195,0.7552083333333334,0.3038194444444444,0.1375541239976883,0.02567155948943562,0.656499981880188
3,16,adaptive_crosssdc_cmr,hinge,1.0,0.0,0.47771190603574115,0.26250960098372567,3.026859654320611,0.026250960098372567,0.07135657345255216,0.007135657345255216,0.7248263888888888,0.2881944444444444,0.12326629045936796,0.022726805673705205,0.6625000238418579
3,17,adaptive_crosssdc_cmr,hinge,1.0,0.0,0.46602707770135665,0.26108407311969334,3.028706603580051,0.026108407311969336,0.06846251090367635,0.006846251090367635,0.7230902777777778,0.2786458333333333,0.12014949156178369,0.02074190353353818,0.6639999747276306
3,18,adaptive_crosssdc_cmr,hinge,1.0,0.0,0.44974467158317566,0.2528798398044374,3.0677683883243136,0.02528798398044374,0.06318100210693148,0.006318100210693148,0.6927083333333334,0.2699652777777778,0.10970551023880641,0.019257985883288913,0.6660000085830688
3,19,adaptive_crosssdc_cmr,hinge,1.0,0.0,0.44255562954478794,0.2581448273526298,3.016115109125773,0.02581448273526298,0.0574744770096408,0.00574744770096408,0.6762152777777778,0.2465277777777778,0.10227556692229377,0.015961157571938302,0.6669999957084656
3,20,adaptive_crosssdc_cmr,hinge,1.0,0.0,0.43350432647599113,0.24691015150811937,3.027776665157742,0.02469101515081194,0.05550204383002387,0.005550204383002387,0.6571180555555556,0.24305555555555555,0.0986098622282346,0.015495985746383667,0.6685000061988831
3,21,adaptive_crosssdc_cmr,hinge,1.0,0.0,0.4244575997193654,0.2565598852104611,3.0354631741841636,0.02565598852104611,0.048143263492319316,0.004814326349231932,0.6215277777777778,0.1987847222222222,0.08623904403713015,0.01254534845550855,0.6794999837875366
3,22,adaptive_crosssdc_cmr,hinge,1.0,0.0,0.41222164697117275,0.24169843229982588,3.0507774353027344,0.02416984322998259,0.04582730639312002,0.004582730639312002,0.5920138888888888,0.2109375,0.08215568049086465,0.011866074055433273,0.675000011920929
3,23,adaptive_crosssdc_cmr,hinge,1.0,0.0,0.4126993053489261,0.25350431270069546,3.0791989167531333,0.025350431270069546,0.04121929365727636,0.004121929365727636,0.5868055555555556,0.21354166666666666,0.07512561273243692,0.009416753219233619,0.6809999942779541
3,24,adaptive_crosssdc_cmr,hinge,1.0,0.0,0.4035152130656772,0.24663862254884508,3.098720656500922,0.02466386225488451,0.039184033456775874,0.003918403345677587,0.5763888888888888,0.1918402777777778,0.07121623348858622,0.00969455846481853,0.6850000023841858
3,25,adaptive_crosssdc_cmr,hinge,1.0,0.0,0.3919592930210961,0.24342898527781168,3.0447339481777616,0.024342898527781168,0.03679153530134095,0.0036791535301340956,0.5685763888888888,0.16319444444444445,0.06895600300696161,0.006534744054079056,0.6875
3,26,adaptive_crosssdc_cmr,hinge,1.0,0.0,0.38703905211554634,0.23367401957511902,3.0762107902103,0.023367401957511903,0.035979263898399144,0.0035979263898399147,0.5494791666666666,0.21006944444444445,0.06449652049276564,0.009549148794677522,0.6865000128746033
3,27,adaptive_crosssdc_cmr,hinge,1.0,0.0,0.3809280726644728,0.22540531059106192,3.046572632259793,0.022540531059106195,0.034478012886312276,0.0034478012886312278,0.5338541666666666,0.14583333333333334,0.06422096780604786,0.006475401007466846,0.6919999718666077
3,28,adaptive_crosssdc_cmr,hinge,1.0,0.0,0.38002317481570774,0.22713852922121683,3.1384365028805203,0.022713852922121684,0.030403221026062965,0.0030403221026062965,0.5043402777777778,0.16319444444444445,0.05495438724756241,0.007910870843463473,0.6859999895095825
3,29,adaptive_crosssdc_cmr,hinge,1.0,0.0,0.37183011571566266,0.2401814560095469,3.118090444140964,0.024018145600954693,0.029966819203562207,0.002996681920356221,0.5095486111111112,0.1423611111111111,0.05581494544943174,0.006176712198389901,0.6899999976158142
3,30,adaptive_crosssdc_cmr,hinge,1.0,0.0,0.3678155806329515,0.2322497997019026,3.1158277723524304,0.02322497997019026,0.02727405375076665,0.002727405375076665,0.4748263888888889,0.13975694444444445,0.050721869286563664,0.005418792366981506,0.6970000267028809
3,31,adaptive_crosssdc_cmr,hinge,1.0,0.0,0.3625640736685859,0.23532105651166704,3.1367990970611572,0.023532105651166705,0.02588943536910746,0.002588943536910746,0.4565972222222222,0.13541666666666666,0.0477744626502196,0.005539922664562861,0.6930000185966492
3,32,adaptive_crosssdc_cmr,hinge,1.0,0.0,0.3575354317824046,0.23609953622023264,3.0965835518307157,0.023609953622023266,0.023692860785457823,0.0023692860785457827,0.4392361111111111,0.1293402777777778,0.04395694906512896,0.004834476444456313,0.6980000138282776
3,33,adaptive_crosssdc_cmr,hinge,1.0,0.0,0.3537897268931071,0.22325213584634993,3.131434440612793,0.022325213584634993,0.02161207940015528,0.002161207940015528,0.4314236111111111,0.1388888888888889,0.03896002388662762,0.005690033237139384,0.6924999952316284
3,34,adaptive_crosssdc_cmr,hinge,1.0,0.0,0.34559888972176445,0.2255437986718284,3.093518998887804,0.02255437986718284,0.01956829966770278,0.001956829966770278,0.4053819444444444,0.1189236111111111,0.03718731759323014,0.00358775837553872,0.703000009059906
3,35,adaptive_crosssdc_cmr,hinge,1.0,0.0,0.3435094522105323,0.21478355758719975,3.094904475741916,0.021478355758719977,0.019992434316211276,0.0019992434316211277,0.4079861111111111,0.13802083333333334,0.03647504167424308,0.004946903636058171,0.6955000162124634
3,36,adaptive_crosssdc_cmr,hinge,1.0,0.0,0.34020478857888115,0.2104763305849499,3.124357673856947,0.021047633058494993,0.01868568712638484,0.001868568712638484,0.3940972222222222,0.12413194444444445,0.03387910562256972,0.0045448727905750275,0.7105000019073486
3,37,adaptive_crosssdc_cmr,hinge,1.0,0.0,0.341000540388955,0.21506519284513262,3.155846357345581,0.021506519284513262,0.01907193919436799,0.001907193919436799,0.4001736111111111,0.12065972222222222,0.035497487833102546,0.004326900260316001,0.7039999961853027
3,38,adaptive_crosssdc_cmr,hinge,1.0,0.0,0.33626263009177315,0.21133119695716435,3.16296739048428,0.021133119695716435,0.017375140968296263,0.0017375140968296265,0.3854166666666667,0.10850694444444445,0.03253138748308023,0.0036039410365952384,0.6995000243186951
3,39,adaptive_crosssdc_cmr,hinge,1.0,0.0,0.33565950724813676,0.21021034485763973,3.178014702267117,0.021021034485763975,0.01699626331941949,0.0016996263319419488,0.375,0.12065972222222222,0.031525363524754844,0.003698466138707267,0.7074999809265137
3,40,adaptive_crosssdc_cmr,hinge,1.0,0.0,0.3370419641335805,0.204701014690929,3.1523070335388184,0.0204701014690929,0.01716201255718867,0.0017162012557188672,0.3914930555555556,0.09722222222222222,0.03182431786424584,0.003442689362499449,0.7009999752044678
3,41,adaptive_crosssdc_cmr,hinge,1.0,0.0,0.3374575542079078,0.20860599974791208,3.130611525641547,0.02086059997479121,0.019181080679926608,0.001918108067992661,0.3984375,0.11458333333333333,0.03549152302245299,0.0039822616510921055,0.7129999995231628
3,42,adaptive_crosssdc_cmr,hinge,1.0,0.0,0.3391791151629554,0.2111644513077206,3.145738469229804,0.02111644513077206,0.016647928083936375,0.0016647928083936376,0.3619791666666667,0.109375,0.03030763566493988,0.0038897092971536848,0.7059999704360962
3,43,adaptive_crosssdc_cmr,hinge,1.0,0.0,0.3280855847729577,0.21214241948392656,3.1205508444044323,0.021214241948392658,0.013884801003668044,0.0013884801003668044,0.3246527777777778,0.10850694444444445,0.025231719844871096,0.003663112305932575,0.7099999785423279
3,44,adaptive_crosssdc_cmr,hinge,1.0,0.0,0.32667381233639187,0.2032573554250929,3.1482367515563965,0.020325735542509292,0.012609008492694961,0.0012609008492694962,0.3324652777777778,0.10590277777777778,0.023519282332724996,0.0027879211637708875,0.7120000123977661
3,45,adaptive_crosssdc_cmr,hinge,1.0,0.0,0.3208545082145267,0.20955142047670153,3.112414492501153,0.020955142047670156,0.013068011444475915,0.0013068011444475917,0.3151041666666667,0.1076388888888889,0.023624168915881052,0.0031283853782547843,0.7145000100135803
3,46,adaptive_crosssdc_cmr,hinge,1.0,0.0,0.32200273540284896,0.2042489531967375,3.137770069970025,0.02042489531967375,0.012120711099770334,0.0012120711099770335,0.3116319444444444,0.10416666666666667,0.02190412539574835,0.003099103354745441,0.7099999785423279
3,47,adaptive_crosssdc_cmr,hinge,1.0,0.0,0.3156368401315477,0.20769881539874607,3.173025263680352,0.020769881539874607,0.01120912873496612,0.001120912873496612,0.3177083333333333,0.0842013888888889,0.021389041302932635,0.0019088151554266612,0.7164999842643738
3,48,adaptive_crosssdc_cmr,hinge,1.0,0.0,0.31514717804061043,0.2132962296406428,3.1894553237491183,0.02132962296406428,0.009291974465466209,0.000929197446546621,0.2439236111111111,0.0859375,0.016951616025633283,0.0023596820731957755,0.7139999866485596
3,49,adaptive_crosssdc_cmr,hinge,1.0,0.0,0.3079834249284532,0.19590915739536285,3.1715180344051785,0.019590915739536287,0.00877394387498498,0.000877394387498498,0.2647569444444444,0.07552083333333333,0.016067241835925315,0.0021299169295363957,0.7174999713897705
3,50,adaptive_crosssdc_cmr,hinge,1.0,0.0,0.30960211157798767,0.19582864807711708,3.148886309729682,0.01958286480771171,0.010134120989176962,0.0010134120989176963,0.2777777777777778,0.09895833333333333,0.01803281923962964,0.0027719674011071524,0.718500018119812
3,51,adaptive_crosssdc_cmr,hinge,1.0,0.0,0.30996619992785984,0.20576970279216766,3.206694391038683,0.020576970279216768,0.00932214760945903,0.000932214760945903,0.2725694444444444,0.09114583333333333,0.017276856013470225,0.0020930373834239114,0.7164999842643738
3,52,adaptive_crosssdc_cmr,hinge,1.0,0.0,0.3070923089981079,0.18825682500998178,3.1786747773488364,0.01882568250099818,0.009108719519442983,0.0009108719519442983,0.2682291666666667,0.08680555555555555,0.017253996597396,0.0017137829628255633,0.718500018119812
3,53,adaptive_crosssdc_cmr,hinge,1.0,0.0,0.30574239624871147,0.19796639680862427,3.197503434287177,0.019796639680862427,0.008925080351117585,0.0008925080351117585,0.2543402777777778,0.0763888888888889,0.0163696664902899,0.00217715816365348,0.7160000205039978
3,54,adaptive_crosssdc_cmr,hinge,1.0,0.0,0.304891930686103,0.18893686764770085,3.1992144849565296,0.018893686764770087,0.008591913876848089,0.0008591913876848089,0.2578125,0.07725694444444445,0.015284884721040726,0.002463695075776842,0.7135000228881836
3,55,adaptive_crosssdc_cmr,hinge,1.0,0.0,0.3069560792711046,0.18954678873221079,3.1904645495944552,0.01895467887322108,0.009147405081118146,0.0009147405081118146,0.24739583333333334,0.07552083333333333,0.01715337009065681,0.0018746273385153876,0.7200000286102295
3,56,adaptive_crosssdc_cmr,hinge,1.0,0.0,0.30416282018025714,0.20863935351371765,3.1680807802412243,0.020863935351371765,0.008734215878778033,0.0008734215878778034,0.23697916666666666,0.09027777777777778,0.015786239463422034,0.002233354167805778,0.715499997138977
3,57,adaptive_crosssdc_cmr,hinge,1.0,0.0,0.3000793225235409,0.19542597399817574,3.189262125227186,0.019542597399817577,0.007868105649120279,0.000786810564912028,0.2526041666666667,0.07118055555555555,0.01456102149354087,0.001756642841630512,0.715499997138977
3,58,adaptive_crosssdc_cmr,hinge,1.0,0.0,0.3014706141418881,0.19743953148523966,3.1862688859303794,0.019743953148523966,0.00678178792198499,0.0006781787921984991,0.21006944444444445,0.07899305555555555,0.012107094335887168,0.0018678779403368633,0.718999981880188
3,59,adaptive_crosssdc_cmr,hinge,1.0,0.0,0.29469937086105347,0.19385432534747654,3.1640181806352405,0.019385432534747657,0.006228734894345204,0.0006228734894345205,0.2204861111111111,0.0842013888888889,0.011266664705342717,0.0017568982309765285,0.7210000157356262
3,60,adaptive_crosssdc_cmr,hinge,1.0,0.0,0.2956206401189168,0.2030105474922392,3.1546637217203775,0.02030105474922392,0.0076054232971121865,0.0007605423297112187,0.2309027777777778,0.08072916666666667,0.014505831110808585,0.001383497483200497,0.7229999899864197
3,61,adaptive_crosssdc_cmr,hinge,1.0,0.0,0.31815682848294574,0.19982439776261648,3.2051399283938937,0.01998243977626165,0.012898302533560328,0.0012898302533560328,0.2751736111111111,0.11197916666666667,0.022301516806085903,0.0038363594147894117,0.7174999713897705
3,62,adaptive_crosssdc_cmr,hinge,1.0,0.0,0.309029221534729,0.19308925171693167,3.2072503566741943,0.019308925171693168,0.010312583607931932,0.0010312583607931932,0.2769097222222222,0.09461805555555555,0.01851044036448002,0.002585922678311666,0.7229999899864197
3,63,adaptive_crosssdc_cmr,hinge,1.0,0.0,0.30479133129119873,0.19114036361376444,3.2160744667053223,0.019114036361376444,0.010559782178865539,0.001055978217886554,0.2760416666666667,0.08854166666666667,0.018786817582117185,0.002968957854641808,0.7170000076293945
3,64,adaptive_crosssdc_cmr,hinge,1.0,0.0,0.30187502834532,0.19195357627338833,3.1805404557122126,0.019195357627338833,0.007553318670640389,0.000755331867064039,0.21614583333333334,0.0763888888888889,0.013482846319675446,0.0019350320928626591,0.7200000286102295
3,65,adaptive_crosssdc_cmr,hinge,1.0,0.0,0.29745300610860187,0.1950659520096249,3.2133491304185657,0.01950659520096249,0.008171780552301142,0.0008171780552301143,0.2378472222222222,0.06076388888888889,0.01479499600827694,0.0016471445560455322,0.718500018119812
3,66,adaptive_crosssdc_cmr,hinge,1.0,0.0,0.2919098337491353,0.18625524308946398,3.1947034200032554,0.018625524308946397,0.007131720116982858,0.0007131720116982858,0.2204861111111111,0.0703125,0.013160425341791578,0.0016805136369334327,0.7179999947547913
3,67,adaptive_crosssdc_cmr,hinge,1.0,0.0,0.2892679240968492,0.18580064674218497,3.233100493748983,0.018580064674218497,0.005818613183995088,0.0005818613183995088,0.1892361111111111,0.06336805555555555,0.010835594601101346,0.0012217337886492412,0.7235000133514404
3,68,adaptive_crosssdc_cmr,hinge,1.0,0.0,0.283839182721244,0.18412999974356759,3.245934089024862,0.018412999974356758,0.004516433976176713,0.00045164339761767126,0.17274305555555555,0.06597222222222222,0.00791121812330352,0.0013565760519769457,0.7225000262260437
3,69,adaptive_crosssdc_cmr,hinge,1.0,0.0,0.2818983793258667,0.18531899982028538,3.2230169508192272,0.01853189998202854,0.005241980414009756,0.0005241980414009757,0.171875,0.06770833333333333,0.008777985349297523,0.0018393148978551228,0.7229999899864197
3,70,adaptive_crosssdc_cmr,hinge,1.0,0.0,0.2833070026503669,0.18694502115249634,3.1994592348734536,0.018694502115249634,0.004376602695427007,0.00043766026954270075,0.17274305555555555,0.0625,0.00821092062526279,0.0008945171203878191,0.7245000004768372
3,71,adaptive_crosssdc_cmr,hinge,1.0,0.0,0.28224243389235604,0.1868658314148585,3.1963429186079235,0.01868658314148585,0.004735759821616941,0.00047357598216169416,0.18229166666666666,0.06944444444444445,0.008142211784919104,0.0016201030876901415,0.7210000157356262
3,72,adaptive_crosssdc_cmr,hinge,1.0,0.0,0.2794560260242886,0.1910660598013136,3.196325672997369,0.019106605980131364,0.003693028689465589,0.0003693028689465589,0.1440972222222222,0.06163194444444445,0.006365306054552396,0.0013310218022929297,0.722000002861023
3,73,adaptive_crosssdc_cmr,hinge,1.0,0.0,0.27838197019365096,0.18761852549182045,3.2183750205569797,0.018761852549182046,0.004076867959358626,0.0004076867959358626,0.16319444444444445,0.0546875,0.007649201071924633,0.0007536270552211337,0.7204999923706055
3,74,adaptive_crosssdc_cmr,hinge,1.0,0.0,0.27815807196829057,0.1875189244747162,3.181668758392334,0.01875189244747162,0.004364649196051889,0.00043646491960518894,0.1484375,0.052083333333333336,0.007924928019444147,0.0010789893567562103,0.7225000262260437
3,75,adaptive_crosssdc_cmr,hinge,1.0,0.0,0.2766842113600837,0.18142740594016182,3.2069099479251437,0.018142740594016184,0.005470121072398292,0.0005470121072398293,0.19618055555555555,0.08680555555555555,0.009069536709123187,0.002047429068220986,0.7160000205039978
3,76,adaptive_crosssdc_cmr,hinge,1.0,0.0,0.27566005123986137,0.18052018847730425,3.17885250515408,0.018052018847730427,0.004791942166371478,0.0004791942166371478,0.1857638888888889,0.07291666666666667,0.008141350001096725,0.0016700422598256005,0.7315000295639038
3,77,adaptive_crosssdc_cmr,hinge,1.0,0.0,0.27801838517189026,0.18109537329938677,3.2390704684787326,0.01810953732993868,0.004376574678139554,0.0004376574678139555,0.1779513888888889,0.0625,0.007758936120404137,0.0011233310732576582,0.7235000133514404
3,78,adaptive_crosssdc_cmr,hinge,1.0,0.0,0.285712245437834,0.1886256436506907,3.2259203328026667,0.01886256436506907,0.005314306692323751,0.0005314306692323751,0.1987847222222222,0.051215277777777776,0.00980766759150558,0.00114902729789416,0.7264999747276306
3,79,adaptive_crosssdc_cmr,hinge,1.0,0.0,0.2809445593092177,0.1792823870976766,3.2412122885386148,0.01792823870976766,0.005395268969651725,0.0005395268969651725,0.19270833333333334,0.06597222222222222,0.00966560116244687,0.0014658537175920275,0.7204999923706055
3,80,adaptive_crosssdc_cmr,hinge,1.0,0.0,0.2878628240691291,0.1882526692416933,3.1943801244099936,0.01882526692416933,0.006042668828740716,0.0006042668828740716,0.2074652777777778,0.08506944444444445,0.010460173297259543,0.001943201654487186,0.7204999923706055
3,81,adaptive_crosssdc_cmr,hinge,1.0,0.0,0.28279075357649064,0.1928881820705202,3.201468759112888,0.01928881820705202,0.004260581685230136,0.0004260581685230136,0.18663194444444445,0.04861111111111111,0.007906075153085921,0.0009408150282171038,0.7225000262260437
3,82,adaptive_crosssdc_cmr,hinge,1.0,0.0,0.28556714455286664,0.1881966922018263,3.2141933970981174,0.018819669220182633,0.005094743670067853,0.0005094743670067853,0.1675347222222222,0.0625,0.009194487912787331,0.0013496101730399663,0.7254999876022339
3,83,adaptive_crosssdc_cmr,hinge,1.0,0.0,0.27876423796017963,0.18120870159731972,3.2133767075008817,0.01812087015973197,0.005391111881989572,0.0005391111881989573,0.1831597222222222,0.059027777777777776,0.009400811874204211,0.0013857893645763397,0.7260000109672546
3,84,adaptive_crosssdc_cmr,hinge,1.0,0.0,0.2774762014547984,0.1727710250351164,3.251817411846585,0.01727710250351164,0.004127399258626004,0.0004127399258626004,0.16319444444444445,0.058159722222222224,0.00710818399157789,0.0014239499966303508,0.7245000004768372
3,85,adaptive_crosssdc_cmr,hinge,1.0,0.0,0.2730739050441318,0.18134564492437574,3.2004872692955866,0.018134564492437576,0.0036528341782589755,0.00036528341782589757,0.13975694444444445,0.07465277777777778,0.005532164126634598,0.0019361616836653815,0.7239999771118164
3,86,adaptive_crosssdc_cmr,hinge,1.0,0.0,0.2722032434410519,0.17063412566979727,3.2399116622077093,0.017063412566979727,0.002960034878924489,0.0002960034878924489,0.12760416666666666,0.04774305555555555,0.00508790049288008,0.0009259204897615644,0.7214999794960022
3,87,adaptive_crosssdc_cmr,hinge,1.0,0.0,0.2665073772271474,0.17533467710018158,3.218800942103068,0.01753346771001816,0.0038556489550198116,0.0003855648955019812,0.14756944444444445,0.05642361111111111,0.00668365756670634,0.0011953810850779216,0.7239999771118164
3,88,adaptive_crosssdc_cmr,hinge,1.0,0.0,0.2629752821392483,0.17856805357668135,3.206593804889255,0.017856805357668135,0.0025979142843021285,0.00025979142843021285,0.140625,0.052083333333333336,0.004321990948584344,0.0009495375884903802,0.7254999876022339
3,89,adaptive_crosssdc_cmr,hinge,1.0,0.0,0.26822472943200004,0.1762435966067844,3.273276620441013,0.01762435966067844,0.00255793625385397,0.00025579362538539704,0.1171875,0.06076388888888889,0.0038548517558309766,0.0014261661304367913,0.7250000238418579
3,90,adaptive_crosssdc_cmr,hinge,1.0,0.0,0.26461662186516655,0.1813098109430737,3.171781857808431,0.01813098109430737,0.0025263622066833908,0.0002526362206683391,0.11979166666666667,0.049479166666666664,0.004126569670107629,0.0009631742205884722,0.7225000262260437
3,91,adaptive_crosssdc_cmr,hinge,1.0,0.0,0.2657827569378747,0.17868505749437544,3.241359419292874,0.017868505749437543,0.0028359738644212484,0.00028359738644212484,0.13194444444444445,0.04861111111111111,0.004760099367962943,0.0010108670426739587,0.7245000004768372
3,92,adaptive_crosssdc_cmr,hinge,1.0,0.0,0.2613810814089245,0.1707032107644611,3.2378584014044867,0.01707032107644611,0.002040482507759912,0.0002040482507759912,0.10069444444444445,0.044270833333333336,0.0033663976937532425,0.0008113773332701789,0.7254999876022339
3,93,adaptive_crosssdc_cmr,hinge,1.0,0.0,0.26440216104189557,0.17547052767541674,3.2349421977996826,0.017547052767541673,0.0029225545262710918,0.0002922554526271092,0.1388888888888889,0.05642361111111111,0.004885890210668246,0.0010845516290929583,0.7235000133514404
3,94,adaptive_crosssdc_cmr,hinge,1.0,0.0,0.2641061842441559,0.16424171460999382,3.2746649053361683,0.016424171460999382,0.00298549466404236,0.00029854946640423604,0.11979166666666667,0.058159722222222224,0.00455727262629403,0.001626743624607722,0.7229999899864197
3,95,adaptive_crosssdc_cmr,hinge,1.0,0.0,0.2636408077345954,0.1717357188463211,3.237317615085178,0.017173571884632113,0.0025850454112514853,0.00025850454112514855,0.1345486111111111,0.050347222222222224,0.004503411137395435,0.0007826073302163018,0.7264999747276306
3,96,adaptive_crosssdc_cmr,hinge,1.0,0.0,0.26068824860784745,0.17232819232675764,3.204665184020996,0.017232819232675764,0.0023585745754341283,0.00023585745754341284,0.11197916666666667,0.04513888888888889,0.0040588825941085815,0.0007801105578740438,0.7310000061988831
3,97,adaptive_crosssdc_cmr,hinge,1.0,0.0,0.2633284628391266,0.171820773018731,3.222423553466797,0.0171820773018731,0.0028930844920169977,0.00028930844920169977,0.1362847222222222,0.0625,0.004936816998653942,0.0010157769752873315,0.7235000133514404
3,98,adaptive_crosssdc_cmr,hinge,1.0,0.0,0.2652582857343886,0.17274458209673563,3.2875034279293485,0.017274458209673563,0.0028798732932450045,0.00028798732932450047,0.140625,0.04774305555555555,0.0048730648640129305,0.0009310978154341379,0.7254999876022339
3,99,adaptive_crosssdc_cmr,hinge,1.0,0.0,0.26456940836376613,0.1751529855860604,3.248696380191379,0.017515298558606042,0.002770549093838781,0.00027705490938387814,0.1310763888888889,0.052083333333333336,0.004779650312330987,0.0007980871531698438,0.7214999794960022
3,100,adaptive_crosssdc_cmr,hinge,1.0,0.0,0.2677826252248552,0.1721656752957238,3.2238667011260986,0.01721656752957238,0.0030218612583768037,0.0003021861258376804,0.13541666666666666,0.0546875,0.005071593034598563,0.0011079998479949103,0.7354999780654907
3,101,adaptive_crosssdc_cmr,hinge,1.0,0.0,0.26645618346002364,0.17697831326060826,3.24224861462911,0.017697831326060825,0.0033606027718633413,0.00033606027718633417,0.1423611111111111,0.06336805555555555,0.005345470996366607,0.0015122671094205645,0.7250000238418579
3,102,adaptive_crosssdc_cmr,hinge,1.0,0.0,0.2692228721247779,0.1777096622520023,3.260694768693712,0.01777096622520023,0.0030613205809560087,0.0003061320580956009,0.1362847222222222,0.04600694444444445,0.00531804540918933,0.0008432202868991428,0.7379999756813049
3,103,adaptive_crosssdc_cmr,hinge,1.0,0.0,0.2667299144797855,0.17339610722329882,3.240860488679674,0.017339610722329882,0.0033001344418153167,0.0003300134441815317,0.140625,0.057291666666666664,0.005733472191625171,0.0010298734737767114,0.722000002861023
3,104,adaptive_crosssdc_cmr,hinge,1.0,0.0,0.26396246751149494,0.16742110086811912,3.2644343641069202,0.016742110086811913,0.0030007301700404948,0.0003000730170040495,0.13541666666666666,0.05295138888888889,0.0049510349829991656,0.0011435536046822865,0.7289999723434448
3,105,adaptive_crosssdc_cmr,hinge,1.0,0.0,0.262030315068033,0.17618094881375632,3.2174636787838407,0.017618094881375633,0.0024356115350706708,0.00024356115350706708,0.1154513888888889,0.0625,0.003787501197722223,0.0010662534170680577,0.7225000262260437
3,106,adaptive_crosssdc_cmr,hinge,1.0,0.0,0.26316166586346096,0.18287346594863468,3.254691865709093,0.01828734659486347,0.0027177186760430536,0.00027177186760430537,0.11197916666666667,0.044270833333333336,0.004557851908935441,0.0009652955664528741,0.7310000061988831
3,107,adaptive_crosssdc_cmr,hinge,1.0,0.0,0.2604116764333513,0.17373504406876034,3.2299072212643094,0.017373504406876034,0.0029266901676439578,0.00029266901676439577,0.1310763888888889,0.04774305555555555,0.0047346606022781795,0.0011860450936688317,0.7300000190734863
3,108,adaptive_crosssdc_cmr,hinge,1.0,0.0,0.26259605752097237,0.1716124349170261,3.2799114651150174,0.017161243491702612,0.002957998192869127,0.0002957998192869127,0.1171875,0.04774305555555555,0.005048567222224342,0.0009501083857483334,0.7285000085830688
3,109,adaptive_crosssdc_cmr,hinge,1.0,0.0,0.26274159881803727,0.17491207189030117,3.231865326563517,0.017491207189030116,0.002796555921021435,0.0002796555921021435,0.11979166666666667,0.052083333333333336,0.004769679572847154,0.0009814840224054125,0.7365000247955322
3,110,adaptive_crosssdc_cmr,hinge,1.0,0.0,0.2633737093872494,0.16394362681441838,3.276737107170953,0.01639436268144184,0.0037875231484779054,0.0003787523148477906,0.1484375,0.058159722222222224,0.005625298660662439,0.001969579193327162,0.7264999747276306
3,111,adaptive_crosssdc_cmr,hinge,1.0,0.0,0.25785769522190094,0.1693919234805637,3.2017938560909696,0.01693919234805637,0.002711015675837795,0.0002711015675837795,0.11979166666666667,0.046875,0.004655127930972312,0.0009836898081832463,0.7294999957084656
3,112,adaptive_crosssdc_cmr,hinge,1.0,0.0,0.25874907937314773,0.17240590188238356,3.243745115068224,0.017240590188238356,0.0025604722322896123,0.0002560472232289612,0.11805555555555555,0.052083333333333336,0.0038259190817674003,0.0014056381252076891,0.7269999980926514
3,113,adaptive_crosssdc_cmr,hinge,1.0,0.0,0.2566748940282398,0.15807467367913988,3.2619082397884793,0.01580746736791399,0.0025675281778805787,0.0002567528177880579,0.12239583333333333,0.044270833333333336,0.0043600619667106206,0.0009361451698674096,0.7325000166893005
3,114,adaptive_crosssdc_cmr,hinge,1.0,0.0,0.2530926747454537,0.16923575931125218,3.2420088979932995,0.01692357593112522,0.0023236728738993406,0.00023236728738993407,0.12065972222222222,0.05295138888888889,0.003878776811891132,0.0008906589614020453,0.722000002861023
3,115,adaptive_crosssdc_cmr,hinge,1.0,0.0,0.25752169224951005,0.17243522902329764,3.242744525273641,0.017243522902329764,0.003936925094522949,0.000393692509452295,0.13194444444444445,0.04079861111111111,0.00726762931380007,0.0008713983827167087,0.7254999876022339
3,116,adaptive_crosssdc_cmr,hinge,1.0,0.0,0.29659822914335465,0.18303724626700082,3.1735411749945746,0.018303724626700085,0.008388954861503508,0.0008388954861503509,0.2109375,0.0798611111111111,0.015179121452901099,0.00258252728316519,0.7245000004768372
3,117,adaptive_crosssdc_cmr,hinge,1.0,0.0,0.28895140687624615,0.16782121691438887,3.26446000734965,0.016782121691438886,0.0077260141260921955,0.0007726014126092196,0.2265625,0.07725694444444445,0.013052178960707452,0.002810854050848219,0.7204999923706055
3,118,adaptive_crosssdc_cmr,hinge,1.0,0.0,0.28150290581915116,0.18107024994161394,3.2193892267015247,0.018107024994161395,0.006763611376906435,0.0006763611376906435,0.20052083333333334,0.0642361111111111,0.011692737953530418,0.001971367746591568,0.7250000238418579
3,119,adaptive_crosssdc_cmr,hinge,1.0,0.0,0.2727941970030467,0.17889573176701865,3.187753438949585,0.017889573176701864,0.005496395467263129,0.0005496395467263129,0.1684027777777778,0.06684027777777778,0.009183559980657365,0.0018156771030690935,0.7294999957084656
3,120,adaptive_crosssdc_cmr,hinge,1.0,0.0,0.2645154313908683,0.16582703921529982,3.2624317275153265,0.01658270392152998,0.004412413755845692,0.00044124137558456924,0.1293402777777778,0.05295138888888889,0.0075345465706454385,0.0013061538338661194,0.7300000190734863
3,121,adaptive_crosssdc_cmr,hinge,1.0,0.0,0.263646533091863,0.17479845219188267,3.273789167404175,0.01747984521918827,0.0027287460915330383,0.00027287460915330385,0.10069444444444445,0.04600694444444445,0.004493312082356877,0.0010913362105687459,0.7319999933242798
3,122,adaptive_crosssdc_cmr,hinge,1.0,0.0,0.25515052841769326,0.16482463975747427,3.2486680613623724,0.016482463975747427,0.002029411333043956,0.00020294113330439562,0.08159722222222222,0.051215277777777776,0.0031113140285015106,0.0010291060639752282,0.7325000166893005
3,123,adaptive_crosssdc_cmr,hinge,1.0,0.0,0.25259898602962494,0.16419008705351087,3.2373595767550998,0.01641900870535109,0.0015566730871796608,0.00015566730871796608,0.08246527777777778,0.035590277777777776,0.002606785131825341,0.0006158562997976939,0.7300000190734863
3,124,adaptive_crosssdc_cmr,hinge,1.0,0.0,0.2542953971359465,0.1669755263461007,3.2300901412963867,0.01669755263461007,0.0014761128533993745,0.00014761128533993746,0.07378472222222222,0.03211805555555555,0.002560446245802773,0.00046061020758416917,0.7319999933242798
3,125,adaptive_crosssdc_cmr,hinge,1.0,0.0,0.2505897200769848,0.1698696513970693,3.224934313032362,0.01698696513970693,0.0017092797853466538,0.00017092797853466538,0.0876736111111111,0.0390625,0.0027016161216629874,0.0006882088879744211,0.7315000295639038
3,126,adaptive_crosssdc_cmr,hinge,1.0,0.0,0.24989916880925497,0.1751314236058129,3.211916552649604,0.017513142360581293,0.002025444112304184,0.00020254441123041843,0.10416666666666667,0.04774305555555555,0.0031837899651792315,0.0009238310158252716,0.734000027179718
3,127,adaptive_crosssdc_cmr,hinge,1.0,0.0,0.24808828863832685,0.1601152734624015,3.26055113474528,0.016011527346240152,0.0018192244202105536,0.00018192244202105536,0.1015625,0.041666666666666664,0.0029341141796774333,0.0007181171741750506,0.7315000295639038
3,128,adaptive_crosssdc_cmr,hinge,1.0,0.0,0.24273744225502014,0.16203825506899092,3.2188348505232067,0.016203825506899094,0.0014467896156323452,0.00014467896156323453,0.07291666666666667,0.04600694444444445,0.0018564590977297889,0.0011042190922631158,0.7325000166893005
3,129,adaptive_crosssdc_cmr,hinge,1.0,0.0,0.24794264634450278,0.1669863694243961,3.2533954514397516,0.016698636942439612,0.0014102229001259224,0.00014102229001259223,0.07378472222222222,0.04513888888888889,0.002044231320420901,0.0007766940527492099,0.7394999861717224
3,130,adaptive_crosssdc_cmr,hinge,1.0,0.0,0.24898447427484724,0.16855881114800772,3.268389622370402,0.016855881114800773,0.0018845510720792743,0.00018845510720792746,0.10069444444444445,0.046875,0.0029462075067891013,0.0008291800816853842,0.7335000038146973
3,131,adaptive_crosssdc_cmr,hinge,1.0,0.0,0.247433849506908,0.15938190288013881,3.2777172724405923,0.01593819028801388,0.001590502525990208,0.0001590502525990208,0.0798611111111111,0.04774305555555555,0.0020528605414761435,0.0012001887791686589,0.7365000247955322
3,132,adaptive_crosssdc_cmr,hinge,1.0,0.0,0.2448322375615438,0.15891028609540728,3.2466237015194364,0.01589102860954073,0.0012682736657249432,0.00012682736657249432,0.07118055555555555,0.03211805555555555,0.001951154735353258,0.0006791104873021444,0.7325000166893005
3,133,adaptive_crosssdc_cmr,hinge,1.0,0.0,0.24555198517110613,0.1631061683098475,3.250261518690321,0.01631061683098475,0.001838942834486564,0.0001838942834486564,0.08940972222222222,0.04600694444444445,0.002545426289240519,0.0012105537785424127,0.734499990940094
3,134,adaptive_crosssdc_cmr,hinge,1.0,0.0,0.2455743153889974,0.15861410564846462,3.2734290758768716,0.015861410564846464,0.0017773970935700668,0.0001777397093570067,0.09722222222222222,0.0390625,0.002995467848247952,0.0005941105385621389,0.7279999852180481
3,135,adaptive_crosssdc_cmr,hinge,1.0,0.0,0.2461713949839274,0.16136781540181902,3.248853842417399,0.016136781540181902,0.0020859796786680818,0.0002085979678668082,0.10416666666666667,0.04600694444444445,0.0033459290862083435,0.0008788597252633837,0.7409999966621399
3,136,adaptive_crosssdc_cmr,hinge,1.0,0.0,0.24846078952153525,0.16105621722009447,3.2821545600891113,0.01610562172200945,0.0023903869894436663,0.00023903869894436664,0.10503472222222222,0.046875,0.003723080787393782,0.0010423858960469563,0.7294999957084656
3,137,adaptive_crosssdc_cmr,hinge,1.0,0.0,0.24705412652757433,0.1590923700067732,3.258225785361396,0.015909237000677322,0.0018371023793911769,0.0001837102379391177,0.09635416666666667,0.042534722222222224,0.0026110768732097414,0.0010972457627455394,0.7329999804496765
3,138,adaptive_crosssdc_cmr,hinge,1.0,0.0,0.24639078478018442,0.16217654777897728,3.28861747847663,0.016217654777897727,0.0014518432823630671,0.00014518432823630673,0.07725694444444445,0.044270833333333336,0.0020150927205880484,0.000970550709300571,0.7350000143051147
3,139,adaptive_crosssdc_cmr,hinge,1.0,0.0,0.24494971500502694,0.1675167547331916,3.244053734673394,0.016751675473319162,0.001221504191764527,0.0001221504191764527,0.07465277777777778,0.036458333333333336,0.002001809577147166,0.0004722844395372603,0.7335000038146973
3,140,adaptive_crosssdc_cmr,hinge,1.0,0.0,0.2466829733716117,0.16783091260327232,3.2187614705827503,0.016783091260327232,0.0017650528138296471,0.00017650528138296473,0.08333333333333333,0.043402777777777776,0.0025896430015563965,0.0010419053335984547,0.7304999828338623
3,141,adaptive_crosssdc_cmr,hinge,1.0,0.0,0.24840384225050607,0.15756673945320976,3.285036987728543,0.015756673945320977,0.0015555661456245515,0.00015555661456245515,0.09288194444444445,0.0390625,0.0023933748404184976,0.0007008028527100881,0.7329999804496765
3,142,adaptive_crosssdc_cmr,hinge,1.0,0.0,0.24796838892830741,0.16537241141001383,3.251518487930298,0.016537241141001382,0.0019962613134541446,0.00019962613134541447,0.1032986111111111,0.04774305555555555,0.0030670161876413557,0.000874063620964686,0.7354999780654907
3,143,adaptive_crosssdc_cmr,hinge,1.0,0.0,0.24939022130436367,0.17498011887073517,3.239691866768731,0.017498011887073516,0.0021818804347680677,0.00021818804347680678,0.10503472222222222,0.04861111111111111,0.003098884183499548,0.0012446559137768215,0.7260000109672546
3,144,adaptive_crosssdc_cmr,hinge,1.0,0.0,0.24952984849611917,0.16973753604624006,3.2411007351345487,0.016973753604624008,0.002121091432248553,0.0002121091432248553,0.1032986111111111,0.034722222222222224,0.0035780349539385903,0.0007419921457767487,0.7285000085830688
3,145,adaptive_crosssdc_cmr,hinge,1.0,0.0,0.2470675359169642,0.16040881640381283,3.2491991784837513,0.016040881640381283,0.002241178131144908,0.0002241178131144908,0.1032986111111111,0.050347222222222224,0.003461092710494995,0.0010158833530214098,0.7315000295639038
3,146,adaptive_crosssdc_cmr,hinge,1.0,0.0,0.24877100851800707,0.1619995418522093,3.2019576496548123,0.01619995418522093,0.0018901277928509647,0.00018901277928509648,0.1032986111111111,0.04600694444444445,0.0026543870982196596,0.001123403509457906,0.734499990940094
3,147,adaptive_crosssdc_cmr,hinge,1.0,0.0,0.241333598891894,0.15429562164677513,3.2676980760362415,0.015429562164677514,0.001823832869477984,0.0001823832869477984,0.0859375,0.05295138888888889,0.002728779282834795,0.0010125190019607544,0.7319999933242798
3,148,adaptive_crosssdc_cmr,hinge,1.0,0.0,0.24252953628698984,0.16365648640526664,3.283917056189643,0.016365648640526666,0.0013453947418990235,0.00013453947418990236,0.0798611111111111,0.028645833333333332,0.0020617350108093685,0.0006332687205738492,0.7285000085830688
3,149,adaptive_crosssdc_cmr,hinge,1.0,0.0,0.24340559707747567,0.16073976622687447,3.2394081486596003,0.016073976622687447,0.0014893520791600975,0.00014893520791600976,0.0998263888888889,0.036458333333333336,0.0024919816189342076,0.0005391219423876868,0.7400000095367432
3,150,adaptive_crosssdc_cmr,hinge,1.0,0.0,0.24677679273817274,0.16261139512062073,3.251064327028063,0.016261139512062074,0.002182809881762498,0.00021828098817624982,0.08940972222222222,0.0546875,0.003017876711156633,0.0012319816483391656,0.734499990940094
3,151,adaptive_crosssdc_cmr,hinge,1.0,0.0,0.24907182157039642,0.15731895797782475,3.2824743588765464,0.015731895797782475,0.0020884721436434323,0.00020884721436434324,0.09809027777777778,0.046875,0.0031347229248947566,0.0010758932265970442,0.7329999804496765
3,152,adaptive_crosssdc_cmr,hinge,1.0,0.0,0.24427548382017347,0.15341470307774013,3.2715695434146457,0.015341470307774014,0.0018012819863441917,0.00018012819863441918,0.0876736111111111,0.0390625,0.002393372563852204,0.001210884087615543,0.7315000295639038
3,153,adaptive_crosssdc_cmr,hinge,1.0,0.0,0.24019696646266514,0.15018998086452484,3.2817445860968695,0.015018998086452484,0.00160270471436282,0.000160270471436282,0.07725694444444445,0.046875,0.0021968459089597068,0.00100858426756329,0.7329999804496765
3,154,adaptive_crosssdc_cmr,hinge,1.0,0.0,0.2422711087597741,0.1531072970893648,3.264912764231364,0.015310729708936481,0.0009195332337791721,9.195332337791721e-05,0.06076388888888889,0.033854166666666664,0.001326909495724572,0.000533577882581287,0.7365000247955322
3,155,adaptive_crosssdc_cmr,hinge,1.0,0.0,0.24449915356106228,0.16054440206951565,3.2875127527448864,0.016054440206951567,0.0013093651052460903,0.00013093651052460903,0.0798611111111111,0.035590277777777776,0.0020452398392889234,0.0006243147783809238,0.7329999804496765
3,156,adaptive_crosssdc_cmr,hinge,1.0,0.0,0.2434931844472885,0.15843328005737728,3.2798083888159857,0.01584332800573773,0.0020369915162316626,0.00020369915162316628,0.10677083333333333,0.03819444444444445,0.0031734462827444077,0.0009937174618244171,0.7390000224113464
3,157,adaptive_crosssdc_cmr,hinge,1.0,0.0,0.245758389433225,0.16824446121851602,3.2598083284166126,0.0168244461218516,0.0010573932215467924,0.00010573932215467925,0.0798611111111111,0.029513888888888888,0.0016094516548845503,0.0005398218830426534,0.7369999885559082
3,158,adaptive_crosssdc_cmr,hinge,1.0,0.0,0.25427379045221543,0.15615224175983006,3.2795121139950223,0.015615224175983006,0.003871948626409802,0.00038719486264098023,0.13975694444444445,0.050347222222222224,0.006246659283836682,0.00135006383061409,0.7360000014305115
3,159,adaptive_crosssdc_cmr,hinge,1.0,0.0,0.257112733191914,0.15411281254556444,3.267626682917277,0.015411281254556444,0.004318127512103981,0.00043181275121039815,0.140625,0.0685763888888889,0.0066213928576972746,0.002194624808099535,0.7329999804496765
3,160,adaptive_crosssdc_cmr,hinge,1.0,0.0,0.261797739399804,0.1614871554904514,3.2567149533165827,0.01614871554904514,0.0035638801184379393,0.000356388011843794,0.1345486111111111,0.05295138888888889,0.005917046012149917,0.001458201143476698,0.7335000038146973
3,161,adaptive_crosssdc_cmr,hinge,1.0,0.0,0.2629232075479295,0.16434970829221937,3.24608670340644,0.016434970829221938,0.004057060771932204,0.00040570607719322044,0.1388888888888889,0.04600694444444445,0.0071272071864869856,0.001427419897582796,0.7269999980926514
3,162,adaptive_crosssdc_cmr,hinge,1.0,0.0,0.2770841783947415,0.1696268700891071,3.2118917306264243,0.01696268700891071,0.00805934684144126,0.0008059346841441261,0.2092013888888889,0.06510416666666667,0.014134872911704911,0.002508629941278034,0.734499990940094
3,163,adaptive_crosssdc_cmr,hinge,1.0,0.0,0.2750021053685082,0.16485180623001522,3.2738391293419733,0.016485180623001524,0.007174123647726244,0.0007174123647726245,0.16927083333333334,0.06684027777777778,0.012153617002897792,0.002327611462937461,0.7325000166893005
3,164,adaptive_crosssdc_cmr,hinge,1.0,0.0,0.26383355922169155,0.16662226451767814,3.2568762037489147,0.016662226451767816,0.005633439998038941,0.0005633439998038941,0.16493055555555555,0.050347222222222224,0.009381056659751467,0.0022526776625050437,0.7384999990463257
3,165,adaptive_crosssdc_cmr,hinge,1.0,0.0,0.26203715801239014,0.17060403691397774,3.21261994043986,0.017060403691397774,0.0031395320418394273,0.00031395320418394276,0.1111111111111111,0.03732638888888889,0.005294418583313624,0.0011373514102564917,0.7369999885559082
3,166,adaptive_crosssdc_cmr,hinge,1.0,0.0,0.25867147743701935,0.1606599274608824,3.2509906027052136,0.01606599274608824,0.0035574916077570785,0.0003557491607757079,0.109375,0.059027777777777776,0.005150179896089766,0.001879754579729504,0.7335000038146973
3,167,adaptive_crosssdc_cmr,hinge,1.0,0.0,0.262895147005717,0.1610324184099833,3.2222291363610163,0.01610324184099833,0.0038487028278824356,0.0003848702827882436,0.1111111111111111,0.0546875,0.005478911308778657,0.002449247572157118,0.7419999837875366
3,168,adaptive_crosssdc_cmr,hinge,1.0,0.0,0.2656451016664505,0.16494082742267185,3.2680995729234485,0.016494082742267185,0.004878709144476388,0.00048787091444763876,0.14149305555555555,0.05642361111111111,0.008181768159071604,0.0017498346666495006,0.7269999980926514
3,169,adaptive_crosssdc_cmr,hinge,1.0,0.0,0.28565888272391426,0.16468297938505808,3.2710479895273843,0.016468297938505808,0.011420038451130191,0.0011420038451130192,0.20572916666666666,0.059027777777777776,0.02083497949772411,0.002201921823951933,0.7379999756813049
3,170,adaptive_crosssdc_cmr,hinge,1.0,0.0,0.2762155267927382,0.16172071132395002,3.3236345185173883,0.016172071132395004,0.006904979831435614,0.0006904979831435614,0.1753472222222222,0.07118055555555555,0.010391048259205289,0.003828574385907915,0.7335000038146973
3,171,adaptive_crosssdc_cmr,hinge,1.0,0.0,0.26169435845481026,0.17105558514595032,3.239032824834188,0.017105558514595033,0.003744229312158293,0.00037442293121582934,0.12152777777777778,0.0390625,0.006466544336742825,0.001188396993610594,0.734499990940094
3,172,adaptive_crosssdc_cmr,hinge,1.0,0.0,0.2525307883818944,0.1612858772277832,3.280438052283393,0.01612858772277832,0.002010672346740547,0.00020106723467405472,0.07899305555555555,0.03211805555555555,0.003291278456648191,0.0008053493996461233,0.7384999990463257
3,173,adaptive_crosssdc_cmr,hinge,1.0,0.0,0.2466755360364914,0.158940389752388,3.270439757241143,0.015894038975238802,0.002162140215255527,0.0002162140215255527,0.08333333333333333,0.04600694444444445,0.0031183461348215737,0.0012264073722892338,0.7360000014305115
3,174,adaptive_crosssdc_cmr,hinge,1.0,0.0,0.24272861580053964,0.16131394935978782,3.2680205239189997,0.016131394935978784,0.0009413814081603454,9.413814081603455e-05,0.044270833333333336,0.030381944444444444,0.0014571328130033282,0.0005050810674826304,0.7369999885559082
3,175,adaptive_crosssdc_cmr,hinge,1.0,0.0,0.24610469738642374,0.15516722864574856,3.2935267554389105,0.015516722864574856,0.0012983761068123083,0.00012983761068123084,0.058159722222222224,0.03125,0.0021063265287213856,0.0004959433443016476,0.737500011920929
3,176,adaptive_crosssdc_cmr,hinge,1.0,0.0,0.23868895901574028,0.16356271339787376,3.2677578131357827,0.016356271339787377,0.0008226936236800005,8.226936236800006e-05,0.050347222222222224,0.030381944444444444,0.001013258472084999,0.0006256211135122511,0.7384999990463257
3,177,adaptive_crosssdc_cmr,hinge,1.0,0.0,0.23825091620286307,0.15622009999222225,3.252676937315199,0.015622009999222225,0.0012536851314103438,0.00012536851314103438,0.06076388888888889,0.044270833333333336,0.0014165105919043224,0.0010501361555523342,0.7329999804496765
3,178,adaptive_crosssdc_cmr,hinge,1.0,0.0,0.2365823189417521,0.15654289391305712,3.311720609664917,0.015654289391305712,0.0009799536136496398,9.799536136496398e-05,0.0546875,0.036458333333333336,0.0012230086657736036,0.0007211892969078488,0.7404999732971191
3,179,adaptive_crosssdc_cmr,hinge,1.0,0.0,0.23777776956558228,0.1491952339808146,3.276188611984253,0.01491952339808146,0.0008496413449595113,8.496413449595114e-05,0.05295138888888889,0.025173611111111112,0.0012417510151863098,0.00047495091954867047,0.7369999885559082
3,180,adaptive_crosssdc_cmr,hinge,1.0,0.0,0.23899887336624992,0.16409464014901054,3.283625178866916,0.016409464014901055,0.0013083099232365687,0.00013083099232365689,0.06510416666666667,0.042534722222222224,0.001745730224582884,0.0008356393211417728,0.7409999966621399
3,181,adaptive_crosssdc_cmr,hinge,1.0,0.0,0.24064435064792633,0.1597640977965461,3.2596674230363636,0.015976409779654612,0.0011734495055861771,0.00011734495055861772,0.06770833333333333,0.0390625,0.0013794232573774126,0.0009690821170806885,0.7350000143051147
3,182,adaptive_crosssdc_cmr,hinge,1.0,0.0,0.2342019627491633,0.1534724666012658,3.242838223775228,0.01534724666012658,0.0011813182564866212,0.00011813182564866212,0.07291666666666667,0.03125,0.0018116537895467547,0.0005532937745253245,0.7315000295639038
3,183,adaptive_crosssdc_cmr,hinge,1.0,0.0,0.2419664826658037,0.16133616699112785,3.2912146780225964,0.016133616699112785,0.0014422929832815295,0.00014422929832815296,0.07465277777777778,0.03993055555555555,0.002199336886405945,0.0006970129907131195,0.7409999966621399
3,184,adaptive_crosssdc_cmr,hinge,1.0,0.0,0.2342105276054806,0.15048285987642077,3.27408586608039,0.015048285987642077,0.0013239344051625165,0.00013239344051625167,0.07465277777777778,0.03211805555555555,0.00206732667154736,0.0006084115140967899,0.7425000071525574
3,185,adaptive_crosssdc_cmr,hinge,1.0,0.0,0.23358038564523062,0.15378585623370278,3.2310296959347196,0.01537858562337028,0.0011740020903137822,0.00011740020903137823,0.07465277777777778,0.030381944444444444,0.0018125488940212461,0.000562957591480679,0.7394999861717224
3,186,adaptive_crosssdc_cmr,hinge,1.0,0.0,0.23639066517353058,0.16193300485610962,3.2589148680369058,0.016193300485610962,0.0008885643781266279,8.88564378126628e-05,0.057291666666666664,0.03298611111111111,0.0012856916420989567,0.0004829834732744429,0.7379999756813049
3,187,adaptive_crosssdc_cmr,hinge,1.0,0.0,0.23204132086700863,0.15218853950500488,3.279701444837782,0.015218853950500488,0.0007895540038589388,7.895540038589389e-05,0.052083333333333336,0.029513888888888888,0.0009410656574699613,0.0005968155132399665,0.7409999966621399
3,188,adaptive_crosssdc_cmr,hinge,1.0,0.0,0.23585276140107048,0.15977131492561764,3.285737090640598,0.015977131492561764,0.0011563536633426945,0.00011563536633426945,0.059895833333333336,0.03993055555555555,0.0014080910219086541,0.0008642946680386862,0.7404999732971191
3,189,adaptive_crosssdc_cmr,hinge,1.0,0.0,0.24043488005797067,0.16330470310317147,3.316424263848199,0.016330470310317147,0.0012722929144122948,0.0001272292914412295,0.06684027777777778,0.03732638888888889,0.0016693808138370514,0.0008522880574067434,0.7400000095367432
3,190,adaptive_crosssdc_cmr,hinge,1.0,0.0,0.24095593392848969,0.15598386691676247,3.330658965640598,0.015598386691676248,0.0015628926274884078,0.0001562892627488408,0.07725694444444445,0.03125,0.002338016612662209,0.0007907491591241625,0.7329999804496765
3,191,adaptive_crosssdc_cmr,hinge,1.0,0.0,0.23620919386545816,0.15258197320832145,3.2718935277726917,0.015258197320832147,0.001485475119099849,0.0001485475119099849,0.06684027777777778,0.0390625,0.0022461327413717904,0.000758623911274804,0.7425000071525574
3,192,adaptive_crosssdc_cmr,hinge,1.0,0.0,0.23382411731614006,0.15439416964848837,3.2624233033921985,0.015439416964848837,0.00158895096845097,0.000158895096845097,0.0859375,0.036458333333333336,0.0024346978300147587,0.0007418195406595866,0.7354999780654907
3,193,adaptive_crosssdc_cmr,hinge,1.0,0.0,0.23946517209211984,0.1526329302125507,3.2931334707472057,0.015263293021255071,0.00132814797365831,0.000132814797365831,0.07291666666666667,0.03211805555555555,0.001974248637755712,0.0007083188328478071,0.7419999837875366
3,194,adaptive_crosssdc_cmr,hinge,1.0,0.0,0.2379475947883394,0.14254088203112283,3.317103968726264,0.014254088203112284,0.001972013023785419,0.0001972013023785419,0.09114583333333333,0.046875,0.003172165403763453,0.0008414863712257809,0.7279999852180481
3,195,adaptive_crosssdc_cmr,hinge,1.0,0.0,0.24582941664589775,0.152878291077084,3.2804998556772866,0.0152878291077084,0.0023499924896491897,0.00023499924896491897,0.0998263888888889,0.049479166666666664,0.003932720671097438,0.00096042909555965,0.7379999756813049
3,196,adaptive_crosssdc_cmr,hinge,1.0,0.0,0.24897357821464539,0.15684125324090323,3.294992685317993,0.015684125324090324,0.0029984744938297402,0.00029984744938297403,0.10590277777777778,0.04600694444444445,0.004586917658646901,0.0014669824805524615,0.7329999804496765
3,197,adaptive_crosssdc_cmr,hinge,1.0,0.0,0.26253071261776817,0.14804182284408146,3.291718906826443,0.014804182284408147,0.004261625076954563,0.0004261625076954563,0.1267361111111111,0.059027777777777776,0.006805560034182336,0.0018665591875712078,0.7404999732971191
3,198,adaptive_crosssdc_cmr,hinge,1.0,0.0,0.26760542392730713,0.16124881307284036,3.246794727113512,0.016124881307284036,0.006221274845302105,0.0006221274845302105,0.1605902777777778,0.059895833333333336,0.010483556323581271,0.0019277359048525493,0.7409999966621399
3,199,adaptive_crosssdc_cmr,hinge,1.0,0.0,0.2583285603258345,0.16339538660314348,3.236161126030816,0.01633953866031435,0.00531278859772202,0.000531278859772202,0.1484375,0.05381944444444445,0.009265556517574523,0.0016880047818024952,0.7319999933242798
4,0,adaptive_crosssdc_cmr,hinge,1.0,0.0,2.641824801762899,0.5370210078027513,2.665890269809299,0.05370210078027513,0.5848733186721802,0.05848733186721802,0.8697916666666666,0.6710069444444444,0.9531157281663682,0.2047480344772339,0.5748000144958496
4,1,adaptive_crosssdc_cmr,hinge,1.0,0.0,1.7152664131588407,0.4595501191086239,2.553056081136068,0.045955011910862396,0.48105602463086444,0.04810560246308645,0.9913194444444444,0.4904513888888889,0.8627129329575433,0.0936787480281459,0.5935999751091003
4,2,adaptive_crosssdc_cmr,hinge,1.0,0.0,1.3313935067918565,0.2855609522925483,2.668587154812283,0.02855609522925483,0.25764268305566573,0.025764268305566575,0.9557291666666666,0.4696180555555556,0.45855242676205105,0.058371895303328834,0.6047999858856201
4,3,adaptive_crosssdc_cmr,hinge,1.0,0.0,1.1242684258355036,0.2549186150232951,2.643177615271674,0.025491861502329512,0.19431261883841622,0.019431261883841623,0.9296875,0.5902777777777778,0.3114124337832133,0.07994509902265337,0.6075999736785889
4,4,adaptive_crosssdc_cmr,hinge,1.0,0.0,0.9812684456507365,0.2232098231712977,2.6634216838412814,0.02232098231712977,0.1610797726445728,0.01610797726445728,0.8828125,0.6345486111111112,0.2400068226787779,0.0887251454922888,0.6055999994277954
4,5,adaptive_crosssdc_cmr,hinge,1.0,0.0,0.8794187241130405,0.2248412056101693,2.617056952582465,0.02248412056101693,0.14109173582659829,0.01410917358265983,0.8949652777777778,0.5798611111111112,0.2046069022681978,0.08475899199644725,0.6172000169754028
4,6,adaptive_crosssdc_cmr,hinge,1.0,0.0,0.7991026176346673,0.2295349339644114,2.621811125013563,0.022953493396441142,0.1270054371820556,0.01270054371820556,0.8498263888888888,0.5911458333333334,0.1784121890862783,0.08231293906768163,0.6191999912261963
4,7,adaptive_crosssdc_cmr,hinge,1.0,0.0,0.7391956779691908,0.2094731314314736,2.6266029940711126,0.020947313143147364,0.11885018150011699,0.0118850181500117,0.8428819444444444,0.5625,0.16759864654805925,0.07721448606914944,0.6212000250816345
4,8,adaptive_crosssdc_cmr,hinge,1.0,0.0,0.6909287108315362,0.2184633728530672,2.598840448591444,0.02184633728530672,0.10722937517695957,0.010722937517695957,0.8272569444444444,0.5477430555555556,0.14984056850274405,0.0709640093975597,0.623199999332428
4,9,adaptive_crosssdc_cmr,hinge,1.0,0.0,0.6453689138094584,0.20275955730014378,2.6284027099609375,0.02027595573001438,0.09556117984983656,0.009556117984983657,0.7986111111111112,0.4748263888888889,0.13952679269843632,0.057231897695197,0.6263999938964844
4,10,adaptive_crosssdc_cmr,hinge,1.0,0.0,0.61258954472012,0.21561959385871887,2.6301734182569714,0.02156195938587189,0.0917383407553037,0.00917383407553037,0.7777777777777778,0.4704861111111111,0.1278718105620808,0.06284473795029852,0.6248000264167786
4,11,adaptive_crosssdc_cmr,hinge,1.0,0.0,0.5887986222902933,0.20274411141872406,2.649730337990655,0.02027441114187241,0.08674510816733043,0.008674510816733044,0.7638888888888888,0.4227430555555556,0.12637829118304783,0.05414230666226811,0.6276000142097473
4,12,adaptive_crosssdc_cmr,hinge,1.0,0.0,0.5590628650453355,0.2029235131210751,2.6809710131751165,0.02029235131210751,0.07687492420276006,0.007687492420276006,0.7291666666666666,0.4262152777777778,0.10811095436414082,0.051992101387845144,0.6312000155448914
4,13,adaptive_crosssdc_cmr,hinge,1.0,0.0,0.5429492327902052,0.20844962033960554,2.734190411037869,0.020844962033960555,0.0701173883345392,0.0070117388334539205,0.7039930555555556,0.3628472222222222,0.10299792968564564,0.04265675652358267,0.6348000168800354
4,14,adaptive_crosssdc_cmr,hinge,1.0,0.0,0.5164710448847877,0.19431410398748186,2.6983509593539767,0.019431410398748187,0.06336761679914263,0.0063367616799142636,0.6770833333333334,0.3480902777777778,0.09563646299971475,0.03740878320402569,0.6403999924659729
4,15,adaptive_crosssdc_cmr,hinge,1.0,0.0,0.49935007095336914,0.1958998574150933,2.6125351323021784,0.01958998574150933,0.06616411647862858,0.006616411647862858,0.6805555555555556,0.3697916666666667,0.09801908996370104,0.04005808672971196,0.6448000073432922
4,16,adaptive_crosssdc_cmr,hinge,1.0,0.0,0.487759100066291,0.18682213789886898,2.675173627005683,0.0186822137898869,0.05914028195871247,0.005914028195871248,0.6414930555555556,0.3411458333333333,0.08954162398974101,0.03459479452835189,0.6439999938011169
4,17,adaptive_crosssdc_cmr,hinge,1.0,0.0,0.47120772467719185,0.18359113567405277,2.714703506893582,0.01835911356740528,0.060501413626803294,0.0060501413626803295,0.6727430555555556,0.3220486111111111,0.09166988316509458,0.03406236237949795,0.6471999883651733
4,18,adaptive_crosssdc_cmr,hinge,1.0,0.0,0.45952558186319137,0.1889200790060891,2.675625721613566,0.01889200790060891,0.05280535378389888,0.005280535378389888,0.609375,0.2925347222222222,0.08193926761547725,0.028893829219871096,0.6471999883651733
4,19,adaptive_crosssdc_cmr,hinge,1.0,0.0,0.4423709611097972,0.1863635496960746,2.675930049684313,0.01863635496960746,0.04908234253525734,0.004908234253525734,0.5911458333333334,0.2838541666666667,0.0764140494995647,0.026828324215279684,0.6471999883651733
4,20,adaptive_crosssdc_cmr,hinge,1.0,0.0,0.43677212794621784,0.18849555485778385,2.6872842841678195,0.018849555485778387,0.045536373638444476,0.004553637363844448,0.5868055555555556,0.3038194444444444,0.07042859453294012,0.0251365817255444,0.6503999829292297
4,21,adaptive_crosssdc_cmr,hinge,1.0,0.0,0.423188050587972,0.18264483412106833,2.670189142227173,0.018264483412106833,0.044486219684282936,0.004448621968428294,0.5668402777777778,0.2777777777777778,0.07148486706945631,0.022347711647550266,0.6516000032424927
4,22,adaptive_crosssdc_cmr,hinge,1.0,0.0,0.41329748431841534,0.1681174205409156,2.6889062192704944,0.016811742054091562,0.03929605500565635,0.003929605500565635,0.5598958333333334,0.23524305555555555,0.06530372467305925,0.01737379903594653,0.6564000248908997
4,23,adaptive_crosssdc_cmr,hinge,1.0,0.0,0.4129871196217007,0.1798778689569897,2.728330214818319,0.017987786895698972,0.037212132579750486,0.0037212132579750486,0.5260416666666666,0.265625,0.05949219399028354,0.01892734815677007,0.6564000248908997
4,24,adaptive_crosssdc_cmr,hinge,1.0,0.0,0.4014867775970035,0.18041934900813633,2.76566579606798,0.018041934900813635,0.03813958913087845,0.003813958913087845,0.5251736111111112,0.23697916666666666,0.062291874239842095,0.01789380858341853,0.6592000126838684
4,25,adaptive_crosssdc_cmr,hinge,1.0,0.0,0.3889775938457913,0.17725149956014422,2.7281336784362793,0.017725149956014423,0.032226940203044147,0.0032226940203044147,0.4982638888888889,0.23350694444444445,0.05395426642563608,0.013648613666494688,0.6615999937057495
4,26,adaptive_crosssdc_cmr,hinge,1.0,0.0,0.38828616672092015,0.16646258533000946,2.7451366583506265,0.016646258533000946,0.032105371769931584,0.0032105371769931587,0.5,0.2109375,0.05372437751955456,0.013699701469805505,0.6592000126838684
4,27,adaptive_crosssdc_cmr,hinge,1.0,0.0,0.38233448730574715,0.17885397209061515,2.7697885036468506,0.017885397209061515,0.03160030353400442,0.003160030353400442,0.5017361111111112,0.2013888888888889,0.05363120593958431,0.012646611366007064,0.6687999963760376
4,28,adaptive_crosssdc_cmr,hinge,1.0,0.0,0.3757644097010295,0.16165047883987427,2.7975743876563177,0.016165047883987427,0.029982301510042615,0.0029982301510042618,0.4991319444444444,0.2152777777777778,0.050401214924123555,0.012246800793541802,0.6656000018119812
4,29,adaptive_crosssdc_cmr,hinge,1.0,0.0,0.37497380044725204,0.16200393272770774,2.7378199100494385,0.016200393272770775,0.028945696643657155,0.0028945696643657157,0.46875,0.1935763888888889,0.04861200518078274,0.012396007776260376,0.6704000234603882
4,30,adaptive_crosssdc_cmr,hinge,1.0,0.0,0.372976819674174,0.1696420212586721,2.726947996351454,0.01696420212586721,0.026099208742380142,0.0026099208742380144,0.4539930555555556,0.2126736111111111,0.04399517054359118,0.010703686210844252,0.670799970626831
4,31,adaptive_crosssdc_cmr,hinge,1.0,0.0,0.37079119351175094,0.16898547609647116,2.764539612664117,0.016898547609647117,0.027632168183724087,0.0027632168183724087,0.4427083333333333,0.203125,0.046608580069409475,0.011520918665660752,0.6704000234603882
4,32,adaptive_crosssdc_cmr,hinge,1.0,0.0,0.3707115484608544,0.17097872330082786,2.713279379738702,0.017097872330082788,0.02635518482161893,0.002635518482161893,0.4548611111111111,0.19010416666666666,0.04474538481897778,0.010875870577163167,0.6675999760627747
4,33,adaptive_crosssdc_cmr,hinge,1.0,0.0,0.36189039548238117,0.1657013644774755,2.777953995598687,0.01657013644774755,0.02278945843378703,0.002278945843378703,0.4331597222222222,0.1701388888888889,0.04008515882823202,0.007599528878927231,0.6736000180244446
4,34,adaptive_crosssdc_cmr,hinge,1.0,0.0,0.3559047844674852,0.162098142835829,2.725836753845215,0.0162098142835829,0.020866819346944492,0.0020866819346944494,0.4079861111111111,0.1423611111111111,0.03616936132311821,0.007594398740265105,0.6751999855041504
4,35,adaptive_crosssdc_cmr,hinge,1.0,0.0,0.3427528738975525,0.16664538615279728,2.7617203659481473,0.01666453861527973,0.02051396957702107,0.002051396957702107,0.4019097222222222,0.1736111111111111,0.035237121085325875,0.007865664859612783,0.675599992275238
4,36,adaptive_crosssdc_cmr,hinge,1.0,0.0,0.33621277742915684,0.15954455567730796,2.74809463818868,0.015954455567730796,0.017436044497622386,0.0017436044497622387,0.3611111111111111,0.14583333333333334,0.02987146605220106,0.00715733671353923,0.6764000058174133
4,37,adaptive_crosssdc_cmr,hinge,1.0,0.0,0.3373269869221581,0.16158261232905918,2.7368884086608887,0.01615826123290592,0.01712698634299967,0.001712698634299967,0.3715277777777778,0.1640625,0.028459695892201528,0.007227500279744466,0.675599992275238
4,38,adaptive_crosssdc_cmr,hinge,1.0,0.0,0.33200239804055953,0.15623921321498024,2.7505391438802085,0.015623921321498025,0.018543224160869915,0.0018543224160869915,0.3810763888888889,0.16319444444444445,0.031379089794225164,0.007522702631023195,0.6776000261306763
4,39,adaptive_crosssdc_cmr,hinge,1.0,0.0,0.32095976339446175,0.15531001653936174,2.7838620609707303,0.015531001653936175,0.016395031991932128,0.0016395031991932128,0.359375,0.13975694444444445,0.02919860432545344,0.005427663524945577,0.6827999949455261
4,40,adaptive_crosssdc_cmr,hinge,1.0,0.0,0.31968339284261066,0.15352116194036272,2.7895821730295816,0.015352116194036272,0.014163009925848909,0.001416300992584891,0.3315972222222222,0.13368055555555555,0.02436013561156061,0.00541229753030671,0.6812000274658203
4,41,adaptive_crosssdc_cmr,hinge,1.0,0.0,0.3200969596703847,0.15711992151207393,2.799302101135254,0.015711992151207395,0.01376663220839368,0.001376663220839368,0.328125,0.140625,0.02388570995794402,0.004995745089319017,0.6812000274658203
4,42,adaptive_crosssdc_cmr,hinge,1.0,0.0,0.31618421607547337,0.15102061960432264,2.7646321720547147,0.015102061960432265,0.013074520147509046,0.0013074520147509047,0.3229166666666667,0.125,0.02310076169669628,0.004312225927909215,0.6800000071525574
4,43,adaptive_crosssdc_cmr,hinge,1.0,0.0,0.31561848521232605,0.1581331706709332,2.7360898123847113,0.01581331706709332,0.014039822750621371,0.0014039822750621371,0.3246527777777778,0.140625,0.024930305778980255,0.0045495472020573085,0.6791999936103821
4,44,adaptive_crosssdc_cmr,hinge,1.0,0.0,0.31086115042368573,0.1511919680568907,2.775151570638021,0.01511919680568907,0.01205783166612188,0.001205783166612188,0.3064236111111111,0.11805555555555555,0.020744798084100086,0.004568439804845386,0.6823999881744385
4,45,adaptive_crosssdc_cmr,hinge,1.0,0.0,0.31039661831325954,0.15013830860455832,2.781514777077569,0.015013830860455832,0.012419528948764006,0.0012419528948764006,0.3324652777777778,0.1310763888888889,0.022806576349669032,0.0031489477389388615,0.6823999881744385
4,46,adaptive_crosssdc_cmr,hinge,1.0,0.0,0.31863980491956073,0.15392502480083042,2.7958582242329917,0.015392502480083043,0.012576102796528075,0.0012576102796528076,0.3298611111111111,0.12239583333333333,0.022411331120464537,0.004053570744064119,0.6859999895095825
4,47,adaptive_crosssdc_cmr,hinge,1.0,0.0,0.3150843116972182,0.14135480754905277,2.820637332068549,0.014135480754905278,0.011703513252238432,0.0011703513252238433,0.3064236111111111,0.1154513888888889,0.019848224603467517,0.004405999763144387,0.6808000206947327
4,48,adaptive_crosssdc_cmr,hinge,1.0,0.0,0.31276774737570023,0.1498140295346578,2.783395634757148,0.014981402953465782,0.01161812080277337,0.001161812080277337,0.3229166666666667,0.1171875,0.020753325894474983,0.003422033041715622,0.6791999936103821
4,49,adaptive_crosssdc_cmr,hinge,1.0,0.0,0.30914504991637337,0.1518446620967653,2.7498508294423423,0.015184466209676532,0.012104470696714189,0.001210447069671419,0.2873263888888889,0.1293402777777778,0.02087473848627673,0.004324689507484436,0.6855999827384949
4,50,adaptive_crosssdc_cmr,hinge,1.0,0.0,0.30385640263557434,0.14702525403764513,2.7898213863372803,0.014702525403764514,0.012437229458656576,0.0012437229458656576,0.3072916666666667,0.09809027777777778,0.022386181064777903,0.0036738266547520957,0.6880000233650208
4,51,adaptive_crosssdc_cmr,hinge,1.0,0.0,0.3048068881034851,0.1583962788184484,2.7931191391415067,0.01583962788184484,0.010366846289899614,0.0010366846289899614,0.2821180555555556,0.11197916666666667,0.017889599005381267,0.004023260954353545,0.6863999962806702
4,52,adaptive_crosssdc_cmr,hinge,1.0,0.0,0.3076467282242245,0.14727473590109083,2.7851174937354193,0.014727473590109084,0.01214573434036639,0.0012145734340366391,0.2960069444444444,0.13020833333333334,0.021278542569941945,0.004285777608553569,0.6855999827384949
4,53,adaptive_crosssdc_cmr,hinge,1.0,0.0,0.3074412378999922,0.14439455502563053,2.8217345343695746,0.014439455502563054,0.011558620569606623,0.0011558620569606622,0.2829861111111111,0.11458333333333333,0.02007061429321766,0.0038919860704077613,0.6872000098228455
4,54,adaptive_crosssdc_cmr,hinge,1.0,0.0,0.3049972686502669,0.14879800544844735,2.832211891810099,0.014879800544844736,0.01060642684913344,0.001060642684913344,0.2760416666666667,0.140625,0.01734329718682501,0.004907859696282281,0.6876000165939331
4,55,adaptive_crosssdc_cmr,hinge,1.0,0.0,0.3040493428707123,0.14401600923803118,2.832503186331855,0.014401600923803118,0.01016137624780337,0.001016137624780337,0.2725694444444444,0.10243055555555555,0.017514429986476898,0.0036965120169851515,0.6904000043869019
4,56,adaptive_crosssdc_cmr,hinge,1.0,0.0,0.30653652879926896,0.15246726075808206,2.8067183229658337,0.015246726075808207,0.009824538810385598,0.00098245388103856,0.2708333333333333,0.12152777777777778,0.01700432598590851,0.0035661947396066454,0.6899999976158142
4,57,adaptive_crosssdc_cmr,hinge,1.0,0.0,0.31303778621885514,0.15491612255573273,2.8763631449805365,0.015491612255573273,0.012850200188242726,0.0012850200188242727,0.2960069444444444,0.11458333333333333,0.02253724717431598,0.004254174315267139,0.6808000206947327
4,58,adaptive_crosssdc_cmr,hinge,1.0,0.0,0.3048924141459995,0.1456264704465866,2.8109672599368625,0.014562647044658662,0.011214583646506071,0.0011214583646506071,0.2855902777777778,0.11371527777777778,0.01941139188905557,0.003951840102672577,0.6868000030517578
4,59,adaptive_crosssdc_cmr,hinge,1.0,0.0,0.2958846688270569,0.1518201165729099,2.7818559805552163,0.01518201165729099,0.009867324493825436,0.0009867324493825437,0.2664930555555556,0.10850694444444445,0.017001948215895228,0.003715020500951343,0.6883999705314636
4,60,adaptive_crosssdc_cmr,hinge,1.0,0.0,0.2885265780819787,0.15373595886760288,2.761454423268636,0.015373595886760289,0.006710570460806291,0.0006710570460806291,0.21354166666666666,0.08159722222222222,0.011325445026159286,0.0024802804821067387,0.6883999705314636
4,61,adaptive_crosssdc_cmr,hinge,1.0,0.0,0.28328116403685677,0.14487292369206747,2.839728037516276,0.014487292369206747,0.006305171952893336,0.0006305171952893337,0.1987847222222222,0.07552083333333333,0.011200795157088174,0.001891248342063692,0.692799985408783
4,62,adaptive_crosssdc_cmr,hinge,1.0,0.0,0.27989867991871303,0.14733439518345726,2.8409583833482532,0.014733439518345727,0.006712878743807475,0.0006712878743807475,0.2222222222222222,0.09722222222222222,0.011457837083273463,0.0025581978261470795,0.6887999773025513
4,63,adaptive_crosssdc_cmr,hinge,1.0,0.0,0.27894628047943115,0.15349514782428741,2.806801584031847,0.015349514782428741,0.005355244502425194,0.0005355244502425194,0.20399305555555555,0.0763888888888889,0.009804873830742307,0.0013429721196492512,0.6944000124931335
4,64,adaptive_crosssdc_cmr,hinge,1.0,0.0,0.2760763102107578,0.14839561449156868,2.801585700776842,0.014839561449156869,0.005832912348624732,0.0005832912348624732,0.20052083333333334,0.09375,0.009968108808000883,0.002130623906850815,0.6883999705314636
4,65,adaptive_crosssdc_cmr,hinge,1.0,0.0,0.27472742398579914,0.139993021885554,2.8116340107387967,0.013999302188555399,0.005262888605809874,0.0005262888605809874,0.1996527777777778,0.09288194444444445,0.008697827864024375,0.002489770452181498,0.6923999786376953
4,66,adaptive_crosssdc_cmr,hinge,1.0,0.0,0.27227602402369183,0.1462847027513716,2.785865200890435,0.01462847027513716,0.006251841602433059,0.000625184160243306,0.2109375,0.08072916666666667,0.010941183608439233,0.002183631890349918,0.6923999786376953
4,67,adaptive_crosssdc_cmr,hinge,1.0,0.0,0.27555517024464077,0.1439466012848748,2.856979396608141,0.014394660128487481,0.0067780389864411615,0.0006778038986441162,0.21875,0.10850694444444445,0.011444134223792288,0.002760315106974708,0.6952000260353088
4,68,adaptive_crosssdc_cmr,hinge,1.0,0.0,0.2728796336385939,0.14092502991358438,2.8485688898298474,0.01409250299135844,0.005315800042202075,0.0005315800042202075,0.20572916666666666,0.06510416666666667,0.009163540063632859,0.0018427992860476177,0.692799985408783
4,69,adaptive_crosssdc_cmr,hinge,1.0,0.0,0.27298374639617073,0.13000874635246065,2.8769711918301053,0.013000874635246067,0.0044816783629357815,0.0004481678362935782,0.1875,0.0798611111111111,0.007125833382209142,0.0021269689831468794,0.6935999989509583
4,70,adaptive_crosssdc_cmr,hinge,1.0,0.0,0.2780686252646976,0.14063430660300785,2.8605258729722767,0.014063430660300786,0.005942920222878456,0.0005942920222878457,0.20225694444444445,0.08506944444444445,0.010121367871761322,0.002363711181614134,0.6904000043869019
4,71,adaptive_crosssdc_cmr,hinge,1.0,0.0,0.2773332960075802,0.13851062291198307,2.8110514216952853,0.013851062291198308,0.005786593253206875,0.0005786593253206875,0.2092013888888889,0.0920138888888889,0.010219515197806887,0.001863684505224228,0.6891999840736389
4,72,adaptive_crosssdc_cmr,hinge,1.0,0.0,0.28004096613989937,0.13772706190745035,2.85784649848938,0.013772706190745035,0.006546348980110552,0.0006546348980110552,0.2126736111111111,0.0859375,0.011290419639812576,0.002420311172803243,0.6988000273704529
4,73,adaptive_crosssdc_cmr,hinge,1.0,0.0,0.2771311468548245,0.14042949014239842,2.81415065129598,0.014042949014239843,0.006280832445352442,0.0006280832445352443,0.2048611111111111,0.09722222222222222,0.01039623324241903,0.0027109678420755598,0.6959999799728394
4,74,adaptive_crosssdc_cmr,hinge,1.0,0.0,0.27274420195155674,0.13573608961370257,2.845987240473429,0.013573608961370257,0.004773317396433817,0.00047733173964338175,0.1909722222222222,0.0642361111111111,0.008338575354880758,0.0016486108716991213,0.6883999705314636
4,75,adaptive_crosssdc_cmr,hinge,1.0,0.0,0.27142850557963055,0.12997159279055065,2.8751340177324085,0.012997159279055065,0.0055964358357919585,0.0005596435835791959,0.18663194444444445,0.08940972222222222,0.009062176156375144,0.0025057734714614022,0.7008000016212463
4,76,adaptive_crosssdc_cmr,hinge,1.0,0.0,0.2681705057621002,0.1336534089512295,2.8494712776607938,0.013365340895122951,0.004212674503732059,0.0004212674503732059,0.1605902777777778,0.07291666666666667,0.006909685002432929,0.00170981056160397,0.6995999813079834
4,77,adaptive_crosssdc_cmr,hinge,1.0,0.0,0.26810882488886517,0.14392732746071285,2.794499476750692,0.014392732746071286,0.004298400987560551,0.0004298400987560551,0.17274305555555555,0.07291666666666667,0.007386869647436672,0.0016325960556666057,0.6972000002861023
4,78,adaptive_crosssdc_cmr,hinge,1.0,0.0,0.2699087924427456,0.13940868112776014,2.860484970940484,0.013940868112776015,0.00478157214820385,0.000478157214820385,0.15711805555555555,0.0842013888888889,0.007779395207762718,0.002174593508243561,0.6923999786376953
4,79,adaptive_crosssdc_cmr,hinge,1.0,0.0,0.2625744342803955,0.1281905530227555,2.8892025417751737,0.012819055302275551,0.004083829285163019,0.0004083829285163019,0.15364583333333334,0.07291666666666667,0.006602260387606091,0.0019355770200490952,0.6984000205993652
4,80,adaptive_crosssdc_cmr,hinge,1.0,0.0,0.26247933838102555,0.1360878480805291,2.8722333113352456,0.01360878480805291,0.004576430992326803,0.00045764309923268027,0.1753472222222222,0.08506944444444445,0.007688867342140939,0.001969880527920193,0.6935999989509583
4,81,adaptive_crosssdc_cmr,hinge,1.0,0.0,0.2603311538696289,0.13070113294654423,2.8211796283721924,0.013070113294654424,0.003308358731576138,0.00033083587315761384,0.1171875,0.07118055555555555,0.0051071180237664115,0.0017856061458587646,0.6991999745368958
4,82,adaptive_crosssdc_cmr,hinge,1.0,0.0,0.2620138492849138,0.1398903081814448,2.848662667804294,0.01398903081814448,0.0038053755027552447,0.0003805375502755245,0.1597222222222222,0.06770833333333333,0.006486373850040966,0.0015044671793778737,0.696399986743927
4,83,adaptive_crosssdc_cmr,hinge,1.0,0.0,0.26478514075279236,0.14086178110705483,2.8087052239312067,0.014086178110705484,0.004664936542717947,0.0004664936542717947,0.1701388888888889,0.07465277777777778,0.007947416562173102,0.0016871966007683012,0.6967999935150146
4,84,adaptive_crosssdc_cmr,hinge,1.0,0.0,0.26297484503852,0.1364373101128472,2.8375287850697837,0.013643731011284722,0.004123376863491204,0.00041233768634912037,0.1597222222222222,0.0859375,0.006488479052980741,0.0021459654801421696,0.7003999948501587
4,85,adaptive_crosssdc_cmr,hinge,1.0,0.0,0.26237568921513027,0.13168134623103672,2.837029112709893,0.013168134623103673,0.003823717745641867,0.0003823717745641867,0.1545138888888889,0.07118055555555555,0.006562927116950353,0.0015679274996121724,0.6995999813079834
4,86,adaptive_crosssdc_cmr,hinge,1.0,0.0,0.2652555803457896,0.1399996495909161,2.805103487438626,0.01399996495909161,0.004253099724236462,0.00042530997242364623,0.1753472222222222,0.06336805555555555,0.006967773040135701,0.0019071218040254381,0.6984000205993652
4,87,adaptive_crosssdc_cmr,hinge,1.0,0.0,0.2642849451965756,0.13333384858237374,2.861531522538927,0.013333384858237374,0.005325524757305781,0.0005325524757305781,0.18229166666666666,0.0798611111111111,0.008844353465570344,0.002215407374832365,0.7016000151634216
4,88,adaptive_crosssdc_cmr,hinge,1.0,0.0,0.2640618052747514,0.1347212807999717,2.8717060883839927,0.01347212807999717,0.004158998296285669,0.000415899829628567,0.1597222222222222,0.0798611111111111,0.006309218290779326,0.0023654409580760533,0.7020000219345093
4,89,adaptive_crosssdc_cmr,hinge,1.0,0.0,0.2631232440471649,0.1277882605791092,2.919967439439562,0.01277882605791092,0.0035846030029157796,0.00035846030029157796,0.14756944444444445,0.049479166666666664,0.0062903786698977155,0.001072057005431917,0.701200008392334
4,90,adaptive_crosssdc_cmr,hinge,1.0,0.0,0.2590380609035492,0.13456863164901733,2.8695192601945667,0.013456863164901734,0.004272685955382056,0.00042726859553820557,0.17274305555555555,0.07899305555555555,0.006691957720451885,0.0020748782489034864,0.6984000205993652
4,91,adaptive_crosssdc_cmr,hinge,1.0,0.0,0.262320833073722,0.13579733007484013,2.8791498608059354,0.013579733007484013,0.0036301414689256083,0.0003630141468925609,0.1440972222222222,0.06336805555555555,0.006165794821249114,0.001485096083747016,0.7003999948501587
4,92,adaptive_crosssdc_cmr,hinge,1.0,0.0,0.25766896042558884,0.13397285176648033,2.8513934347364636,0.013397285176648033,0.0040586496729196776,0.0004058649672919678,0.1579861111111111,0.07291666666666667,0.006483232809437646,0.0020521204504701826,0.6976000070571899
4,93,adaptive_crosssdc_cmr,hinge,1.0,0.0,0.26310118039449054,0.1404202315542433,2.8427109718322754,0.01404202315542433,0.003383539073790113,0.00033835390737901134,0.1371527777777778,0.06684027777777778,0.005481388005945418,0.001452645907799403,0.701200008392334
4,94,adaptive_crosssdc_cmr,hinge,1.0,0.0,0.26100001235802966,0.13412497109837002,2.8721409108903675,0.013412497109837003,0.004479356989678409,0.0004479356989678409,0.16145833333333334,0.0642361111111111,0.007333298317260212,0.001965729726685418,0.6991999745368958
4,95,adaptive_crosssdc_cmr,hinge,1.0,0.0,0.2725387646092309,0.13809784915712145,2.8624199761284723,0.013809784915712145,0.006414020873813165,0.0006414020873813166,0.1857638888888889,0.0859375,0.010210778771175278,0.0028552131520377267,0.7016000151634216
4,96,adaptive_crosssdc_cmr,hinge,1.0,0.0,0.272198349237442,0.1343371801906162,2.8591983053419323,0.01343371801906162,0.005637638426075379,0.000563763842607538,0.17881944444444445,0.078125,0.00937128791378604,0.002328785757223765,0.6976000070571899
4,97,adaptive_crosssdc_cmr,hinge,1.0,0.0,0.2704644964800941,0.13058562576770782,2.8216326236724854,0.013058562576770783,0.004771664402344161,0.0004771664402344161,0.17447916666666666,0.0859375,0.007425602732433213,0.0023963749408721924,0.7016000151634216
4,98,adaptive_crosssdc_cmr,hinge,1.0,0.0,0.2658374177085029,0.12856766084829965,2.9115374088287354,0.012856766084829966,0.004298341408785846,0.00042983414087858465,0.1623263888888889,0.07552083333333333,0.007045740675595071,0.0019003128012021382,0.7016000151634216
4,99,adaptive_crosssdc_cmr,hinge,1.0,0.0,0.261572884188758,0.12874498632219103,2.885383208592733,0.012874498632219103,0.004062114800843928,0.00040621148008439283,0.13194444444444445,0.0763888888888889,0.0062480030788315665,0.0022521188689602744,0.6991999745368958
4,100,adaptive_crosssdc_cmr,hinge,1.0,0.0,0.2582697073618571,0.12614176836278704,2.8504841327667236,0.012614176836278704,0.0041727883120377856,0.0004172788312037786,0.15104166666666666,0.06597222222222222,0.007094169242514504,0.001563455495569441,0.6976000070571899
4,101,adaptive_crosssdc_cmr,hinge,1.0,0.0,0.2575797008143531,0.1315981141395039,2.8342436684502497,0.01315981141395039,0.0034030622207663124,0.00034030622207663124,0.1310763888888889,0.04774305555555555,0.005782741846309768,0.0011115500496493445,0.7016000151634216
4,102,adaptive_crosssdc_cmr,hinge,1.0,0.0,0.25534264908896553,0.13340981304645538,2.8278414408365884,0.01334098130464554,0.0031984806216011443,0.0003198480621601145,0.1328125,0.07378472222222222,0.004827486144171821,0.0018642532328764598,0.7016000151634216
4,103,adaptive_crosssdc_cmr,hinge,1.0,0.0,0.25679070750872296,0.1251278461681472,2.861073546939426,0.012512784616814722,0.0025868387375440863,0.0002586838737544086,0.11458333333333333,0.05295138888888889,0.0045584696862432696,0.0009673366116152869,0.7020000219345093
4,104,adaptive_crosssdc_cmr,hinge,1.0,0.0,0.2574931002325482,0.13578685373067856,2.8504681057400174,0.013578685373067856,0.002987799014792674,0.0002987799014792674,0.1388888888888889,0.059895833333333336,0.004696942865848541,0.0014460144771469964,0.7039999961853027
4,105,adaptive_crosssdc_cmr,hinge,1.0,0.0,0.2531067083279292,0.12814694394667944,2.905470954047309,0.012814694394667946,0.003231612370452947,0.0003231612370452947,0.1267361111111111,0.07552083333333333,0.004625314846634865,0.0020832502179675633,0.7035999894142151
4,106,adaptive_crosssdc_cmr,hinge,1.0,0.0,0.25717414418856305,0.1417481948932012,2.9346658918592663,0.01417481948932012,0.002844320493750274,0.00028443204937502744,0.11197916666666667,0.06163194444444445,0.004228344601061609,0.0016072260008917914,0.7044000029563904
4,107,adaptive_crosssdc_cmr,hinge,1.0,0.0,0.2530100560850567,0.12580543094211155,2.856364197201199,0.012580543094211156,0.0033812802543656695,0.00033812802543656695,0.1371527777777778,0.049479166666666664,0.005833998529447449,0.0012862516774071588,0.696399986743927
4,108,adaptive_crosssdc_cmr,hinge,1.0,0.0,0.25711141857835984,0.13584429936276543,2.8486786948310003,0.013584429936276544,0.0031746380005238783,0.00031746380005238787,0.1232638888888889,0.0625,0.005271831941273477,0.0012061906357606251,0.7024000287055969
4,109,adaptive_crosssdc_cmr,hinge,1.0,0.0,0.25252162251207566,0.1385833579632971,2.8818340036604138,0.01385833579632971,0.003090466437343922,0.00030904664373439223,0.13541666666666666,0.0625,0.0046286607782046,0.001781569586859809,0.7008000016212463
4,110,adaptive_crosssdc_cmr,hinge,1.0,0.0,0.2509351323048274,0.14602980514367422,2.858791987101237,0.014602980514367423,0.0026704288320615888,0.00026704288320615887,0.125,0.06510416666666667,0.004050172451469634,0.0014824113912052577,0.7024000287055969
4,111,adaptive_crosssdc_cmr,hinge,1.0,0.0,0.2499145915110906,0.1266229185793135,2.9352901776631675,0.01266229185793135,0.0026182656098778048,0.0002618265609877805,0.12065972222222222,0.05381944444444445,0.004181780128015412,0.0013284459710121155,0.7024000287055969
4,112,adaptive_crosssdc_cmr,hinge,1.0,0.0,0.2524322287903892,0.1300476814309756,2.882727066675822,0.01300476814309756,0.002605580854126149,0.0002605580854126149,0.11024305555555555,0.0642361111111111,0.003722145739528868,0.0016757651335663265,0.6991999745368958
4,113,adaptive_crosssdc_cmr,hinge,1.0,0.0,0.25382954213354325,0.1360711372560925,2.8462859524620905,0.01360711372560925,0.002988853465972675,0.0002988853465972675,0.1345486111111111,0.06770833333333333,0.004831440539823638,0.0014465438822905223,0.7024000287055969
4,114,adaptive_crosssdc_cmr,hinge,1.0,0.0,0.2504520052009159,0.13268095172113842,2.8730003039042153,0.013268095172113843,0.0026160908811208275,0.0002616090881120828,0.13020833333333334,0.046875,0.004221802370415794,0.0011835524605380164,0.7044000029563904
4,115,adaptive_crosssdc_cmr,hinge,1.0,0.0,0.24137279225720298,0.12582332475317848,2.869059748119778,0.01258233247531785,0.002030307653411809,0.0002030307653411809,0.0998263888888889,0.04774305555555555,0.003399085667398241,0.0007798307471805149,0.7024000287055969
4,116,adaptive_crosssdc_cmr,hinge,1.0,0.0,0.24642794993188646,0.1315300257669555,2.877678632736206,0.01315300257669555,0.0021092298751076064,0.00021092298751076066,0.11458333333333333,0.06163194444444445,0.003448088342944781,0.0009593206147352854,0.7008000016212463
4,117,adaptive_crosssdc_cmr,hinge,1.0,0.0,0.24796958929962581,0.13162698348363241,2.884146557913886,0.013162698348363241,0.002301780778604249,0.0002301780778604249,0.1154513888888889,0.051215277777777776,0.003596879541873932,0.0012374549276298946,0.7052000164985657
4,118,adaptive_crosssdc_cmr,hinge,1.0,0.0,0.243483144376013,0.12824639098511803,2.8675086233350964,0.012824639098511803,0.0022817633968467512,0.00022817633968467513,0.109375,0.05642361111111111,0.0034981518983840942,0.0012165808843241797,0.6988000273704529
4,119,adaptive_crosssdc_cmr,hinge,1.0,0.0,0.24042869773175982,0.12150364948643579,2.855044682820638,0.012150364948643579,0.002023014524537656,0.00020230145245376562,0.09375,0.059027777777777776,0.002893309626314375,0.0013208625217278798,0.7008000016212463
4,120,adaptive_crosssdc_cmr,hinge,1.0,0.0,0.2448621326022678,0.12548111461930805,2.877251042260064,0.012548111461930807,0.0018721793700630467,0.00018721793700630468,0.1032986111111111,0.046875,0.0028698837591542136,0.0009852126240730286,0.6984000205993652
4,121,adaptive_crosssdc_cmr,hinge,1.0,0.0,0.24425570666790009,0.12631789594888687,2.872252172893948,0.012631789594888688,0.0026658609147287076,0.00026658609147287075,0.1154513888888889,0.05555555555555555,0.004241217341687944,0.001307321505414115,0.6984000205993652
4,122,adaptive_crosssdc_cmr,hinge,1.0,0.0,0.24399280216958788,0.13180126912064022,2.8189349704318576,0.013180126912064022,0.002009962840626637,0.00020099628406266372,0.09288194444444445,0.057291666666666664,0.0028271681318680444,0.001334954881005817,0.7027999758720398
4,123,adaptive_crosssdc_cmr,hinge,1.0,0.0,0.2475478963719474,0.12958961642450756,2.8765017721388073,0.012958961642450757,0.002632056466407246,0.0002632056466407246,0.11197916666666667,0.052083333333333336,0.003891480051808887,0.0014648083597421646,0.7044000029563904
4,124,adaptive_crosssdc_cmr,hinge,1.0,0.0,0.24950426485803393,0.12775306734773847,2.9188939730326333,0.012775306734773848,0.003089525917958882,0.00030895259179588826,0.12152777777777778,0.06510416666666667,0.004731258170472251,0.0017085886663860744,0.7008000016212463
4,125,adaptive_crosssdc_cmr,hinge,1.0,0.0,0.2536764591932297,0.12564204219314787,2.893384403652615,0.012564204219314788,0.002860778878029022,0.0002860778878029022,0.11979166666666667,0.059027777777777776,0.0042908891207642024,0.001466497778892517,0.701200008392334
4,126,adaptive_crosssdc_cmr,hinge,1.0,0.0,0.24877914620770347,0.1307413379351298,2.858236392339071,0.01307413379351298,0.0030589241586211654,0.00030589241586211654,0.1284722222222222,0.0546875,0.004688850914438565,0.0015835610942708121,0.7039999961853027
4,127,adaptive_crosssdc_cmr,hinge,1.0,0.0,0.24898385339313084,0.12731445332368216,2.8712498082054987,0.012731445332368217,0.002995338627240724,0.0002995338627240724,0.1232638888888889,0.0642361111111111,0.004724788582987255,0.0014976875649558173,0.7027999758720398
4,128,adaptive_crosssdc_cmr,hinge,1.0,0.0,0.24615778028964996,0.12377177675565083,2.9024574756622314,0.012377177675565084,0.002757041145943933,0.0002757041145943933,0.13194444444444445,0.05381944444444445,0.004512931323713726,0.0012245517637994555,0.6988000273704529
4,129,adaptive_crosssdc_cmr,hinge,1.0,0.0,0.24756022459930843,0.12642198304335275,2.9520138104756675,0.012642198304335276,0.002118653048657709,0.00021186530486577088,0.1111111111111111,0.043402777777777776,0.0036014169454574585,0.0008861410121122996,0.7016000151634216
4,130,adaptive_crosssdc_cmr,hinge,1.0,0.0,0.2457429071267446,0.12713052994675106,2.8688825766245523,0.012713052994675107,0.0027753615544901956,0.0002775361554490196,0.109375,0.0763888888888889,0.003828127144111527,0.00184966375430425,0.6972000002861023
4,131,adaptive_crosssdc_cmr,hinge,1.0,0.0,0.24540761941009098,0.1296241796678967,2.9032045470343695,0.01296241796678967,0.0018249059341744417,0.0001824905934174442,0.10503472222222222,0.049479166666666664,0.0028087983114851844,0.0009448346164491442,0.6995999813079834
4,132,adaptive_crosssdc_cmr,hinge,1.0,0.0,0.2396912525097529,0.1280366654197375,2.8288751443227134,0.012803666541973749,0.002041232888586819,0.00020412328885868194,0.10416666666666667,0.04774305555555555,0.003258370276954439,0.0009394408100181156,0.701200008392334
4,133,adaptive_crosssdc_cmr,hinge,1.0,0.0,0.24179236756430733,0.12938521636856926,2.845434718661838,0.012938521636856926,0.0017980717044944565,0.00017980717044944566,0.0876736111111111,0.03993055555555555,0.0027567237201664182,0.0009245301286379496,0.7008000016212463
4,134,adaptive_crosssdc_cmr,hinge,1.0,0.0,0.24301106896665362,0.1241117152902815,2.9041150675879583,0.012411171529028152,0.0023629547407229743,0.00023629547407229745,0.11371527777777778,0.05381944444444445,0.003550739131040043,0.001285767803589503,0.701200008392334
4,135,adaptive_crosssdc_cmr,hinge,1.0,0.0,0.24338071876102024,0.11797107093864018,2.858604802025689,0.011797107093864018,0.0020616689774518213,0.00020616689774518215,0.1154513888888889,0.0390625,0.0036100314723120797,0.0006868508127000597,0.7024000287055969
4,136,adaptive_crosssdc_cmr,hinge,1.0,0.0,0.2641070816251967,0.13153285450405544,2.932158523135715,0.013153285450405545,0.007284281439044409,0.000728428143904441,0.17708333333333334,0.08159722222222222,0.012077255174517632,0.0025514898200829825,0.7008000016212463
4,137,adaptive_crosssdc_cmr,hinge,1.0,0.0,0.2697875400384267,0.13181495749288136,2.8291920555962458,0.013181495749288136,0.005815693280763096,0.0005815693280763096,0.17881944444444445,0.07899305555555555,0.009160045948293474,0.0025530834164884356,0.7020000219345093
4,138,adaptive_crosssdc_cmr,hinge,1.0,0.0,0.2666195829709371,0.12998972750372356,2.8897607856326633,0.012998972750372357,0.0052181385560996,0.00052181385560996,0.16319444444444445,0.0703125,0.00831237973438369,0.002121590491798189,0.7044000029563904
4,139,adaptive_crosssdc_cmr,hinge,1.0,0.0,0.2567577924993303,0.12373281684186724,2.9106727970971003,0.012373281684186724,0.004285294691928559,0.00042852946919285593,0.1423611111111111,0.0642361111111111,0.006910363005267249,0.0020120477096902,0.704800009727478
4,140,adaptive_crosssdc_cmr,hinge,1.0,0.0,0.25313058992226917,0.12963011943631703,2.8793210453457303,0.012963011943631704,0.0035410084140797458,0.0003541008414079746,0.11631944444444445,0.06076388888888889,0.005305947115023931,0.0019277023772398632,0.7044000029563904
4,141,adaptive_crosssdc_cmr,hinge,1.0,0.0,0.25475755830605823,0.13447638352711996,2.8976747724745007,0.013447638352711996,0.002920220644834141,0.00029202206448341407,0.11024305555555555,0.050347222222222224,0.004841475851005978,0.001133795827627182,0.7027999758720398
4,142,adaptive_crosssdc_cmr,hinge,1.0,0.0,0.2506189892689387,0.12663809127277798,2.8714687294430203,0.012663809127277798,0.0032684767696385584,0.00032684767696385586,0.1111111111111111,0.0642361111111111,0.004469549697306421,0.002099354647927814,0.7031999826431274
4,143,adaptive_crosssdc_cmr,hinge,1.0,0.0,0.24679593245188394,0.1266792979505327,2.8400764995151095,0.012667929795053271,0.0024376378084222474,0.00024376378084222476,0.11024305555555555,0.049479166666666664,0.0035930698116620383,0.0013621865461270015,0.7003999948501587
4,144,adaptive_crosssdc_cmr,hinge,1.0,0.0,0.24033755560715994,0.12660649749967787,2.895242346657647,0.012660649749967787,0.0021279171342030168,0.0002127917134203017,0.09461805555555555,0.049479166666666664,0.003022620661391152,0.0013119023707177904,0.7027999758720398
4,145,adaptive_crosssdc_cmr,hinge,1.0,0.0,0.23848564591672686,0.12225795537233353,2.872113201353285,0.012225795537233353,0.0018996964467482434,0.00018996964467482436,0.08246527777777778,0.043402777777777776,0.0027540884912014008,0.0010483860969543457,0.7003999948501587
4,146,adaptive_crosssdc_cmr,hinge,1.0,0.0,0.2346186770333184,0.11387366718716091,2.929420656628079,0.011387366718716091,0.0018299785572000677,0.00018299785572000677,0.0798611111111111,0.041666666666666664,0.0026899855583906174,0.0009945593774318695,0.6967999935150146
4,147,adaptive_crosssdc_cmr,hinge,1.0,0.0,0.23713989721404183,0.128333927028709,2.8937541113959417,0.0128333927028709,0.0019100021001779372,0.00019100021001779372,0.09288194444444445,0.041666666666666664,0.0028489285873042215,0.0010032753149668376,0.7099999785423279
4,148,adaptive_crosssdc_cmr,hinge,1.0,0.0,0.2472901294628779,0.1254652440547943,2.9242014620039196,0.012546524405479431,0.0030990390255788546,0.00030990390255788546,0.125,0.04774305555555555,0.005198835912677977,0.0011727151771386464,0.704800009727478
4,149,adaptive_crosssdc_cmr,hinge,1.0,0.0,0.24976208474900988,0.1262684522403611,2.860768503612942,0.01262684522403611,0.003573256066172487,0.00035732560661724875,0.12065972222222222,0.0625,0.005516395800643497,0.0016476168400711482,0.7044000029563904
4,150,adaptive_crosssdc_cmr,hinge,1.0,0.0,0.2502448691262139,0.12706497725513247,2.8914173444112143,0.012706497725513247,0.00344626921772336,0.000344626921772336,0.12413194444444445,0.06076388888888889,0.005253712336222331,0.001679576105541653,0.7035999894142151
4,151,adaptive_crosssdc_cmr,hinge,1.0,0.0,0.24700931708017984,0.12262625826729669,2.8906544314490423,0.01226262582672967,0.002594336401671171,0.0002594336401671171,0.12152777777777778,0.04861111111111111,0.004270111521085103,0.0010221778518623775,0.7008000016212463
4,152,adaptive_crosssdc_cmr,hinge,1.0,0.0,0.26169929239485,0.13125602735413444,2.8719064394632974,0.013125602735413446,0.0045713921750171315,0.00045713921750171316,0.1440972222222222,0.059027777777777776,0.007357285047570865,0.0018463490737809075,0.7020000219345093
4,153,adaptive_crosssdc_cmr,hinge,1.0,0.0,0.27618489000532365,0.1309306025505066,2.9629284275902643,0.01309306025505066,0.007919868609557549,0.0007919868609557549,0.1953125,0.0859375,0.012069629298316108,0.004016494999329249,0.6972000002861023
4,154,adaptive_crosssdc_cmr,hinge,1.0,0.0,0.27220866084098816,0.12054719113641316,2.872344864739312,0.012054719113641317,0.006310562396215068,0.0006310562396215068,0.17100694444444445,0.08333333333333333,0.010268028825521469,0.003025596340497335,0.6980000138282776
4,155,adaptive_crosssdc_cmr,hinge,1.0,0.0,0.25957561532656354,0.132042296230793,2.899170584148831,0.013204229623079301,0.0038940516403979724,0.00038940516403979727,0.1328125,0.044270833333333336,0.0064731863223844105,0.0015368974871105617,0.7056000232696533
4,156,adaptive_crosssdc_cmr,hinge,1.0,0.0,0.2514312383201387,0.11822503639592065,2.85512285762363,0.011822503639592065,0.0037091573596828515,0.00037091573596828516,0.11458333333333333,0.07725694444444445,0.005001801583502028,0.002780375381310781,0.7016000151634216
4,157,adaptive_crosssdc_cmr,hinge,1.0,0.0,0.24323185119363996,0.12517190724611282,2.9124943945142956,0.012517190724611283,0.001955193040582041,0.00019551930405820408,0.08159722222222222,0.042534722222222224,0.00289358612563875,0.0011480972170829773,0.7020000219345093
4,158,adaptive_crosssdc_cmr,hinge,1.0,0.0,0.2376939488781823,0.12852571159601212,2.8469461599985757,0.012852571159601213,0.0012336720376172,0.00012336720376172002,0.0720486111111111,0.03125,0.0019343714747163984,0.0006459011799759335,0.7059999704360962
4,159,adaptive_crosssdc_cmr,hinge,1.0,0.0,0.23461092677381304,0.1239008754491806,2.902340041266547,0.012390087544918061,0.0013211184090727733,0.00013211184090727735,0.06770833333333333,0.041666666666666664,0.0016026443077458276,0.0011053747600979274,0.7056000232696533
4,160,adaptive_crosssdc_cmr,hinge,1.0,0.0,0.23010332220130497,0.12001864280965593,2.889925135506524,0.012001864280965594,0.0012648889193466555,0.00012648889193466554,0.06510416666666667,0.044270833333333336,0.0016382562203539743,0.001013947029908498,0.7035999894142151
4,161,adaptive_crosssdc_cmr,hinge,1.0,0.0,0.22878905965222252,0.11907360702753067,2.8969415028889975,0.011907360702753068,0.0007828707910246319,7.82870791024632e-05,0.05642361111111111,0.03298611111111111,0.0009177285763952467,0.0007006141046682993,0.7039999961853027
4,162,adaptive_crosssdc_cmr,hinge,1.0,0.0,0.22564458515908983,0.12141282194190556,2.8313197824690075,0.012141282194190556,0.0013753080727635985,0.00013753080727635985,0.07378472222222222,0.042534722222222224,0.0020594019442796707,0.0007677421801620059,0.704800009727478
4,163,adaptive_crosssdc_cmr,hinge,1.0,0.0,0.22633754213651022,0.11426223400566313,2.9189034832848444,0.011426223400566314,0.0007526489724922511,7.526489724922512e-05,0.05555555555555555,0.03732638888888889,0.0011217391325367822,0.0004724558028909895,0.7063999772071838
4,164,adaptive_crosssdc_cmr,hinge,1.0,0.0,0.22439250515566933,0.12840592943959767,2.832947466108534,0.012840592943959768,0.0009626190811913046,9.626190811913046e-05,0.050347222222222224,0.034722222222222224,0.0011636529945664937,0.0008072861366801792,0.7039999961853027
4,165,adaptive_crosssdc_cmr,hinge,1.0,0.0,0.22566092014312744,0.12082448850075404,2.8533204131656222,0.012082448850075405,0.0008201355004631397,8.201355004631397e-05,0.05381944444444445,0.03125,0.001109479202164544,0.0005354682604471842,0.7035999894142151
4,166,adaptive_crosssdc_cmr,hinge,1.0,0.0,0.2259228246079551,0.12789618720610937,2.8336650795406766,0.012789618720610938,0.0008146691689034924,8.146691689034924e-05,0.05555555555555555,0.03125,0.0011030112703641255,0.0005961524115668403,0.7080000042915344
4,167,adaptive_crosssdc_cmr,hinge,1.0,0.0,0.22720563411712646,0.13219239976671007,2.918234215842353,0.013219239976671009,0.0008237674741798805,8.237674741798805e-05,0.06076388888888889,0.042534722222222224,0.000996149248547024,0.0006637196573946211,0.7084000110626221
4,168,adaptive_crosssdc_cmr,hinge,1.0,0.0,0.22207988633049858,0.11685675299829906,2.900514390733507,0.011685675299829907,0.0008341957291122526,8.341957291122526e-05,0.0546875,0.034722222222222224,0.0011295891470379299,0.0005924018720785776,0.7031999826431274
4,169,adaptive_crosssdc_cmr,hinge,1.0,0.0,0.22780353327592215,0.12980308963192833,2.8631129794650607,0.012980308963192834,0.0009053378404739002,9.053378404739002e-05,0.057291666666666664,0.04774305555555555,0.001076586130592558,0.0007781605753633711,0.701200008392334
4,170,adaptive_crosssdc_cmr,hinge,1.0,0.0,0.22953466408782536,0.12335833410422008,2.9045125908321805,0.012335833410422008,0.0008408705632771469,8.408705632771469e-05,0.059027777777777776,0.04079861111111111,0.0009637371533446842,0.0007945588893360562,0.7092000246047974
4,171,adaptive_crosssdc_cmr,hinge,1.0,0.0,0.2262360172139274,0.12679906603362825,2.8661196496751575,0.012679906603362826,0.0011233771090499228,0.00011233771090499228,0.0763888888888889,0.03993055555555555,0.0016580582078960207,0.0006781630218029022,0.7056000232696533
4,172,adaptive_crosssdc_cmr,hinge,1.0,0.0,0.23104577759901682,0.12341809189981884,2.8833121988508434,0.012341809189981885,0.0011528237696944012,0.00011528237696944012,0.06770833333333333,0.049479166666666664,0.0013745145665274726,0.0009692828688356611,0.7075999975204468
4,173,adaptive_crosssdc_cmr,hinge,1.0,0.0,0.23825558523337045,0.12041565030813217,2.992466582192315,0.012041565030813217,0.0017784944631987149,0.0001778494463198715,0.09375,0.03819444444444445,0.0028182975947856903,0.0008826355139414469,0.7031999826431274
4,174,adaptive_crosssdc_cmr,hinge,1.0,0.0,0.2368733137845993,0.12263706078131993,2.9156438774532742,0.012263706078131993,0.001709558082640999,0.00017095580826409992,0.09635416666666667,0.044270833333333336,0.0025553016199005973,0.0009363653759161631,0.7107999920845032
4,175,adaptive_crosssdc_cmr,hinge,1.0,0.0,0.26781782507896423,0.12651193307505715,2.923846377266778,0.012651193307505715,0.006934391179432471,0.0006934391179432472,0.17274305555555555,0.09895833333333333,0.010835517404807938,0.00325711319843928,0.7103999853134155
4,176,adaptive_crosssdc_cmr,hinge,1.0,0.0,0.27796103556950885,0.12489724490377638,2.8869474728902182,0.012489724490377638,0.008485731461809741,0.0008485731461809742,0.20225694444444445,0.07899305555555555,0.013472458554638756,0.0036568699611557853,0.7039999961853027
4,177,adaptive_crosssdc_cmr,hinge,1.0,0.0,0.2670009632905324,0.125136432548364,2.8929368125067816,0.012513643254836402,0.007111889103220569,0.000711188910322057,0.18229166666666666,0.06944444444444445,0.011971908518009715,0.002454124184118377,0.7059999704360962
4,178,adaptive_crosssdc_cmr,hinge,1.0,0.0,0.26758524775505066,0.1259513513909446,2.8702535364362927,0.01259513513909446,0.005365072076933252,0.0005365072076933252,0.1623263888888889,0.057291666666666664,0.008772548081146346,0.00223228604429298,0.7016000151634216
4,179,adaptive_crosssdc_cmr,hinge,1.0,0.0,0.2527073671420415,0.12194797065522936,2.890558852089776,0.012194797065522936,0.003647006685949034,0.00036470066859490343,0.1076388888888889,0.059895833333333336,0.005282314080331061,0.0020808225704563987,0.6988000273704529
4,180,adaptive_crosssdc_cmr,hinge,1.0,0.0,0.24730119109153748,0.12535886218150458,2.8891233338250055,0.012535886218150459,0.003194495220668614,0.0003194495220668614,0.1232638888888889,0.043402777777777776,0.0052987999386257595,0.0011146706011560229,0.7052000164985657
4,181,adaptive_crosssdc_cmr,hinge,1.0,0.0,0.24006172517935434,0.11902964197927052,2.8736111323038735,0.011902964197927052,0.002348192585890906,0.0002348192585890906,0.0798611111111111,0.05642361111111111,0.0032988087170653874,0.001605373289850023,0.7035999894142151
4,182,adaptive_crosssdc_cmr,hinge,1.0,0.0,0.23986654645866817,0.12198194281922446,2.8687260945638022,0.012198194281922446,0.0022311309520672592,0.00022311309520672593,0.10069444444444445,0.0390625,0.0037177935656574038,0.000828377902507782,0.7052000164985657
4,183,adaptive_crosssdc_cmr,hinge,1.0,0.0,0.23773070010874006,0.11928506526682112,2.918148093753391,0.011928506526682113,0.0016011568821138805,0.00016011568821138806,0.0798611111111111,0.046875,0.0021272258212169013,0.0011825942330890233,0.7128000259399414
4,184,adaptive_crosssdc_cmr,hinge,1.0,0.0,0.2415890246629715,0.12841308448049757,2.96199017100864,0.012841308448049758,0.001645545171211577,0.00016455451712115771,0.078125,0.036458333333333336,0.002384238772922092,0.0009864204459720189,0.7080000042915344
4,185,adaptive_crosssdc_cmr,hinge,1.0,0.0,0.2373107241259681,0.12228886286417644,2.887559996710883,0.012228886286417644,0.00201107269903231,0.00020110726990323102,0.08940972222222222,0.05295138888888889,0.0027989807228247323,0.0013423889047569698,0.7067999839782715
4,186,adaptive_crosssdc_cmr,hinge,1.0,0.0,0.2355474697219001,0.12972855071226755,2.9435734483930798,0.012972855071226756,0.001770243837705089,0.0001770243837705089,0.07725694444444445,0.04774305555555555,0.0026188786658975813,0.000938624350561036,0.7088000178337097
4,187,adaptive_crosssdc_cmr,hinge,1.0,0.0,0.2373349732822842,0.1201054917441474,2.881890508863661,0.012010549174414742,0.001769948873617169,0.0001769948873617169,0.0798611111111111,0.049479166666666664,0.0025105559163623387,0.0011662522123919593,0.7067999839782715
4,188,adaptive_crosssdc_cmr,hinge,1.0,0.0,0.23418040408028495,0.12276194658544329,2.8282052675882974,0.01227619465854433,0.0019059030261511605,0.00019059030261511605,0.09375,0.04600694444444445,0.002589611957470576,0.0013145129713747236,0.7103999853134155
4,189,adaptive_crosssdc_cmr,hinge,1.0,0.0,0.23324976199203068,0.11556068725056118,2.917676819695367,0.011556068725056119,0.0011084437202144829,0.00011084437202144829,0.07378472222222222,0.028645833333333332,0.0017744975371493234,0.0005124989483091566,0.7107999920845032
4,190,adaptive_crosssdc_cmr,hinge,1.0,0.0,0.23004660175906289,0.12457365128729078,2.8350709544287787,0.01245736512872908,0.0018226977230774032,0.00018226977230774032,0.09375,0.042534722222222224,0.002854339157541593,0.0008891419404082828,0.7116000056266785
4,191,adaptive_crosssdc_cmr,hinge,1.0,0.0,0.23181458976533678,0.12814501259062025,2.8967966768476696,0.012814501259062026,0.0013509936397895217,0.00013509936397895216,0.08506944444444445,0.034722222222222224,0.001975439488887787,0.0008114729490545061,0.7116000056266785
4,192,adaptive_crosssdc_cmr,hinge,1.0,0.0,0.23114388353294796,0.12148043347729577,2.9015106625027127,0.012148043347729579,0.0015352809973086955,0.00015352809973086956,0.07378472222222222,0.033854166666666664,0.0023671448644664553,0.0008521551887194315,0.7088000178337097
4,193,adaptive_crosssdc_cmr,hinge,1.0,0.0,0.2427969972292582,0.11741045034594005,2.8875883420308432,0.011741045034594007,0.005693172169331875,0.0005693172169331875,0.15885416666666666,0.05555555555555555,0.010244682845142152,0.001351492272482978,0.7160000205039978
4,194,adaptive_crosssdc_cmr,hinge,1.0,0.0,0.31516768203841317,0.12344768063889609,2.895513746473524,0.01234476806388961,0.013793458334273763,0.0013793458334273763,0.2378472222222222,0.0998263888888889,0.02294786088168621,0.00516894335548083,0.7035999894142151
4,195,adaptive_crosssdc_cmr,hinge,1.0,0.0,0.2960100968678792,0.1297785457637575,2.865782313876682,0.01297785457637575,0.013535705395042896,0.0013535705395042897,0.2482638888888889,0.1032986111111111,0.02282641124394205,0.00477900645799107,0.7075999975204468
4,196,adaptive_crosssdc_cmr,hinge,1.0,0.0,0.29373223582903546,0.1295567759209209,2.8746344248453775,0.012955677592092091,0.012924296884900995,0.0012924296884900995,0.2265625,0.06944444444444445,0.022864702261156507,0.0036766442159811654,0.7111999988555908
4,197,adaptive_crosssdc_cmr,hinge,1.0,0.0,0.2986791498131222,0.1273359407981237,2.7998464902242026,0.01273359407981237,0.01135612636183699,0.001135612636183699,0.2222222222222222,0.08854166666666667,0.01953034558229976,0.004007974432574378,0.7052000164985657
4,198,adaptive_crosssdc_cmr,hinge,1.0,0.0,0.2669064849615097,0.12588223980532753,2.8585503101348877,0.012588223980532755,0.006617123080003593,0.0006617123080003593,0.1527777777777778,0.06597222222222222,0.01052581456800302,0.0030193010138140786,0.7008000016212463
4,199,adaptive_crosssdc_cmr,hinge,1.0,0.0,0.2483933468659719,0.12735613932212195,2.8418054580688477,0.012735613932212196,0.004255095548513863,0.0004255095548513863,0.1310763888888889,0.051215277777777776,0.007119949907064438,0.0015723576976193322,0.7131999731063843
5,0,adaptive_crosssdc_cmr,hinge,1.0,0.0,2.4737902084986367,0.3271784633398056,2.4541090859307184,0.03271784633398056,0.4769748118188646,0.047697481181886464,0.8559027777777778,0.6649305555555556,0.7309984233644273,0.20167729589674208,0.5863333344459534
5,1,adaptive_crosssdc_cmr,hinge,1.0,0.0,1.616218672858344,0.26537434094482,2.4600109259287515,0.026537434094482,0.34012248118718463,0.03401224811871847,0.9583333333333334,0.6328125,0.5603839721944597,0.11170926690101624,0.5989999771118164
5,2,adaptive_crosssdc_cmr,hinge,1.0,0.0,1.2920263078477647,0.19502821233537462,2.465562343597412,0.019502821233537464,0.20737424658404457,0.02073742465840446,0.8949652777777778,0.6215277777777778,0.30935152371724445,0.10139434122376972,0.6046666502952576
5,3,adaptive_crosssdc_cmr,hinge,1.0,0.0,1.1028658946355183,0.20050603482458326,2.511804368760851,0.020050603482458327,0.17083246178097194,0.017083246178097197,0.8524305555555556,0.6762152777777778,0.23132382995552486,0.10938273949755563,0.6060000061988831
5,4,adaptive_crosssdc_cmr,hinge,1.0,0.0,0.9676628377702501,0.1951100097762214,2.4241909186045327,0.01951100097762214,0.1647481554084354,0.01647481554084354,0.8567708333333334,0.6848958333333334,0.21312661634551155,0.11300260573625565,0.6103333234786987
5,5,adaptive_crosssdc_cmr,hinge,1.0,0.0,0.8585068451033698,0.18219335046079424,2.4342055320739746,0.018219335046079425,0.1424945957130856,0.01424945957130856,0.8272569444444444,0.6423611111111112,0.17878909077909258,0.10768154511849086,0.609333336353302
5,6,adaptive_crosssdc_cmr,hinge,1.0,0.0,0.7878622015317281,0.1772411929236518,2.426039351357354,0.01772411929236518,0.13953425818019444,0.013953425818019444,0.8116319444444444,0.6814236111111112,0.17123379475540584,0.1083765286538336,0.6129999756813049
5,7,adaptive_crosssdc_cmr,hinge,1.0,0.0,0.7279549704657661,0.1743823852803972,2.499121242099338,0.01743823852803972,0.1227131262421608,0.012271312624216081,0.8020833333333334,0.5859375,0.156411897805002,0.09095857789119084,0.6116666793823242
5,8,adaptive_crosssdc_cmr,hinge,1.0,0.0,0.677298194832272,0.17845375835895538,2.4015655517578125,0.01784537583589554,0.12014421820640564,0.012014421820640565,0.7821180555555556,0.609375,0.14994090961085427,0.09200168235434426,0.6136666536331177
5,9,adaptive_crosssdc_cmr,hinge,1.0,0.0,0.6375730898645189,0.16656101081106398,2.4407227304246693,0.0166561010811064,0.10682851490047243,0.010682851490047244,0.7630208333333334,0.5555555555555556,0.13501745379633373,0.08175496177540885,0.6136666536331177
5,10,adaptive_crosssdc_cmr,hinge,1.0,0.0,0.6116321219338311,0.16872090929084355,2.491728517744276,0.016872090929084354,0.09648751633034812,0.009648751633034813,0.7404513888888888,0.5442708333333334,0.12003504484891891,0.0761827180782954,0.6166666746139526
5,11,adaptive_crosssdc_cmr,hinge,1.0,0.0,0.5795515047179328,0.16479087703757817,2.540475289026896,0.016479087703757816,0.09039618488815096,0.009039618488815097,0.7291666666666666,0.5008680555555556,0.11505057083235846,0.06643115480740865,0.6203333139419556
5,12,adaptive_crosssdc_cmr,hinge,1.0,0.0,0.5523780319425795,0.16018973456488717,2.5140895578596325,0.016018973456488717,0.09045159982310401,0.009045159982310402,0.7230902777777778,0.5173611111111112,0.11442454904317856,0.06975009996030065,0.6213333606719971
5,13,adaptive_crosssdc_cmr,hinge,1.0,0.0,0.5314982665909661,0.16198891566859352,2.5075452857547336,0.016198891566859355,0.07794935918516582,0.0077949359185165825,0.6944444444444444,0.4635416666666667,0.10809510283999973,0.04976150683230824,0.6236666440963745
5,14,adaptive_crosssdc_cmr,hinge,1.0,0.0,0.5123341017299228,0.1646718548403846,2.484237300025092,0.01646718548403846,0.07142131361696455,0.007142131361696455,0.6788194444444444,0.4262152777777778,0.09782458262311088,0.04825221457415157,0.6269999742507935
5,15,adaptive_crosssdc_cmr,hinge,1.0,0.0,0.5019732316335043,0.15796892013814715,2.433746576309204,0.015796892013814717,0.0629962765508228,0.00629962765508228,0.6423611111111112,0.4479166666666667,0.08612340357568529,0.04209964122209284,0.6269999742507935
5,16,adaptive_crosssdc_cmr,hinge,1.0,0.0,0.4856727619965871,0.16036896573172676,2.524723344379001,0.016036896573172678,0.06528451666235924,0.006528451666235924,0.6501736111111112,0.4392361111111111,0.09022548463609484,0.043180644512176514,0.628000020980835
5,17,adaptive_crosssdc_cmr,hinge,1.0,0.0,0.4712143540382385,0.1577453762292862,2.4286045763227673,0.01577453762292862,0.05842030172546705,0.005842030172546705,0.6458333333333334,0.3628472222222222,0.0848111543390486,0.03426486336522632,0.6306666731834412
5,18,adaptive_crosssdc_cmr,hinge,1.0,0.0,0.45281869835323757,0.15004641479916042,2.444008138444689,0.015004641479916044,0.052953927881187864,0.005295392788118787,0.6050347222222222,0.3680555555555556,0.07847840297553274,0.03041342418226931,0.6293333172798157
5,19,adaptive_crosssdc_cmr,hinge,1.0,0.0,0.4453151358498467,0.1569601661629147,2.424655702379015,0.01569601661629147,0.05396761124332746,0.005396761124332746,0.5989583333333334,0.3767361111111111,0.07794269588258532,0.03331744629475805,0.6323333382606506
5,20,adaptive_crosssdc_cmr,hinge,1.0,0.0,0.4381111330456204,0.15213369660907322,2.505706204308404,0.015213369660907323,0.04704470146033499,0.004704470146033499,0.5685763888888888,0.3038194444444444,0.07088910705513424,0.026156416162848473,0.6320000290870667
5,21,adaptive_crosssdc_cmr,hinge,1.0,0.0,0.42715079916848075,0.14213110837671492,2.499066220389472,0.014213110837671492,0.04290882663594352,0.0042908826635943515,0.5789930555555556,0.3246527777777778,0.06413609037796657,0.02518130818174945,0.6320000290870667
5,22,adaptive_crosssdc_cmr,hinge,1.0,0.0,0.42349069979455733,0.15497495730717978,2.5261234177483454,0.01549749573071798,0.0425000594307979,0.00425000594307979,0.5564236111111112,0.34375,0.06468555993503994,0.02330005479355653,0.6303333044052124
5,23,adaptive_crosssdc_cmr,hinge,1.0,0.0,0.4136301477750142,0.1424589670366711,2.5589568085140653,0.014245896703667112,0.04031394753191206,0.004031394753191206,0.5434027777777778,0.2795138888888889,0.06261383410957125,0.02083646423286862,0.6333333253860474
5,24,adaptive_crosssdc_cmr,hinge,1.0,0.0,0.4039122462272644,0.14506075448460048,2.514832125769721,0.014506075448460049,0.036416041354338326,0.0036416041354338327,0.5026041666666666,0.3116319444444444,0.05341897656520208,0.022209514760308795,0.6346666812896729
5,25,adaptive_crosssdc_cmr,hinge,1.0,0.0,0.4003685646586948,0.1376926244960891,2.5837618245018854,0.01376926244960891,0.03443908029132419,0.0034439080291324194,0.5095486111111112,0.2777777777777778,0.05341516310969988,0.017517116127742663,0.6333333253860474
5,26,adaptive_crosssdc_cmr,hinge,1.0,0.0,0.3962955176830292,0.14521311554643843,2.5506328211890326,0.014521311554643843,0.03520357029305564,0.003520357029305564,0.4947916666666667,0.2934027777777778,0.052649620506498546,0.02108591588007079,0.6343333125114441
5,27,adaptive_crosssdc_cmr,hinge,1.0,0.0,0.39381054374906754,0.14106411072942945,2.5042208565606012,0.014106411072942946,0.031018346755041018,0.003101834675504102,0.4661458333333333,0.2630208333333333,0.049447295566399894,0.015002056335409483,0.6316666603088379
5,28,adaptive_crosssdc_cmr,hinge,1.0,0.0,0.3872857391834259,0.13764555752277374,2.518513176176283,0.013764555752277375,0.03336799600058132,0.0033367996000581318,0.4947916666666667,0.2682291666666667,0.052567733658684626,0.01696406987806161,0.6320000290870667
5,29,adaptive_crosssdc_cmr,hinge,1.0,0.0,0.3823441068331401,0.13819128771622977,2.5882466634114585,0.013819128771622977,0.02956548560824659,0.002956548560824659,0.4739583333333333,0.23697916666666666,0.04644616010288397,0.015399843454360962,0.6340000033378601
5,30,adaptive_crosssdc_cmr,hinge,1.0,0.0,0.3763126664691501,0.14230052795675066,2.4767324129740396,0.014230052795675067,0.027505250026782353,0.0027505250026782354,0.4513888888888889,0.2543402777777778,0.04252607127030691,0.015557004345787896,0.6389999985694885
5,31,adaptive_crosssdc_cmr,hinge,1.0,0.0,0.3667388988865746,0.1378978027237786,2.526382472780016,0.013789780272377861,0.025336868233150907,0.002533686823315091,0.4288194444444444,0.20399305555555555,0.04068533248371548,0.012103242799639702,0.6370000243186951
5,32,adaptive_crosssdc_cmr,hinge,1.0,0.0,0.36157036821047467,0.137796883781751,2.5171566804250083,0.0137796883781751,0.025325199796093836,0.0025325199796093836,0.4609375,0.24131944444444445,0.03995721787214279,0.012754371389746666,0.6356666684150696
5,33,adaptive_crosssdc_cmr,hinge,1.0,0.0,0.35405829217698837,0.13706333604123858,2.5650076866149902,0.013706333604123858,0.023646811644236248,0.002364681164423625,0.4314236111111111,0.2204861111111111,0.03886657415164842,0.011012539681461122,0.6393333077430725
5,34,adaptive_crosssdc_cmr,hinge,1.0,0.0,0.35244087378184,0.1288367344273461,2.563571903440687,0.012883673442734611,0.022446480476193957,0.002244648047619396,0.4053819444444444,0.2109375,0.035693746681014694,0.010896085037125481,0.6380000114440918
5,35,adaptive_crosssdc_cmr,hinge,1.0,0.0,0.3561391830444336,0.13263399402300516,2.51867593659295,0.013263399402300516,0.020430479819575947,0.0020430479819575948,0.4036458333333333,0.2222222222222222,0.032873390035496816,0.009585501626133919,0.637333333492279
5,36,adaptive_crosssdc_cmr,hinge,1.0,0.0,0.3496784269809723,0.12842517346143723,2.532670948240492,0.012842517346143723,0.022073325390617054,0.0022073325390617056,0.4149305555555556,0.2378472222222222,0.0334539245814085,0.012172757751411863,0.6446666717529297
5,37,adaptive_crosssdc_cmr,hinge,1.0,0.0,0.3459661768542396,0.13162762423356375,2.588845385445489,0.013162762423356376,0.018597313306397863,0.0018597313306397863,0.3784722222222222,0.17881944444444445,0.029133790276116796,0.009802406446801292,0.6426666378974915
5,38,adaptive_crosssdc_cmr,hinge,1.0,0.0,0.3356585701306661,0.1300647970702913,2.5214258564843073,0.013006479707029131,0.018762232839233346,0.0018762232839233347,0.3862847222222222,0.18489583333333334,0.03157914554079374,0.008149616420269012,0.6456666588783264
5,39,adaptive_crosssdc_cmr,hinge,1.0,0.0,0.3324452175034417,0.12863011575407451,2.5796136061350503,0.012863011575407451,0.016331086970037885,0.0016331086970037885,0.3654513888888889,0.19010416666666666,0.026460413303640153,0.007636177043120067,0.643666684627533
5,40,adaptive_crosssdc_cmr,hinge,1.0,0.0,0.3353133069144355,0.12741151452064514,2.538723442289564,0.012741151452064515,0.017017078689403005,0.0017017078689403006,0.3637152777777778,0.17708333333333334,0.026727087588773832,0.0087965184615718,0.6426666378974915
5,41,adaptive_crosssdc_cmr,hinge,1.0,0.0,0.332557029194302,0.1294314588109652,2.5698973337809243,0.012943145881096522,0.01526414571950833,0.001526414571950833,0.3446180555555556,0.1779513888888889,0.024254624214437272,0.008004876474539438,0.643666684627533
5,42,adaptive_crosssdc_cmr,hinge,1.0,0.0,0.32228508591651917,0.1285967139734162,2.516783740785387,0.012859671397341621,0.012655654094285436,0.0012655654094285438,0.3272569444444444,0.1657986111111111,0.021347840627034504,0.005127024319436815,0.6443333625793457
5,43,adaptive_crosssdc_cmr,hinge,1.0,0.0,0.32143710056940716,0.12786679052644306,2.6085253291659884,0.012786679052644308,0.013127170192698637,0.0013127170192698638,0.3350694444444444,0.16145833333333334,0.021421049411098163,0.006130675681763225,0.6453333497047424
5,44,adaptive_crosssdc_cmr,hinge,1.0,0.0,0.3187684847248925,0.13330540888839298,2.586276557710436,0.0133305408888393,0.012596030409137407,0.001259603040913741,0.2925347222222222,0.1657986111111111,0.02043254632088873,0.006140367645356391,0.6449999809265137
5,45,adaptive_crosssdc_cmr,hinge,1.0,0.0,0.3120064934094747,0.12242679960197872,2.59473098648919,0.012242679960197872,0.011865105376475386,0.0011865105376475387,0.3055555555555556,0.1527777777777778,0.018361948016617034,0.00670390741692649,0.6493333578109741
5,46,adaptive_crosssdc_cmr,hinge,1.0,0.0,0.30979957845475936,0.12184949302011067,2.58132365014818,0.012184949302011068,0.012169440794322226,0.0012169440794322227,0.3194444444444444,0.17274305555555555,0.018911064085033204,0.006877513809336556,0.6460000276565552
5,47,adaptive_crosssdc_cmr,hinge,1.0,0.0,0.3091368145412869,0.12923790017763773,2.504092640346951,0.012923790017763774,0.011559496840669049,0.001155949684066905,0.2855902777777778,0.17100694444444445,0.0178350272277991,0.006509937966863315,0.6453333497047424
5,48,adaptive_crosssdc_cmr,hinge,1.0,0.0,0.3127720422214932,0.12441364841328727,2.6235167715284557,0.012441364841328727,0.010941204201016162,0.0010941204201016161,0.3064236111111111,0.15885416666666666,0.016999570445881948,0.005792691475815243,0.6493333578109741
5,49,adaptive_crosssdc_cmr,hinge,1.0,0.0,0.3093100157048967,0.11924793985154894,2.5856811735365124,0.011924793985154895,0.011009140147103203,0.0011009140147103203,0.2690972222222222,0.14756944444444445,0.017272464310129482,0.005968707924087842,0.6460000276565552
5,50,adaptive_crosssdc_cmr,hinge,1.0,0.0,0.30913018849160934,0.11846991628408432,2.572022279103597,0.011846991628408432,0.01142987815870179,0.0011429878158701792,0.3003472222222222,0.1579861111111111,0.019471952898634806,0.004257351780931155,0.6493333578109741
5,51,adaptive_crosssdc_cmr,hinge,1.0,0.0,0.3044799268245697,0.11645744409826067,2.5689705742730036,0.011645744409826068,0.01222970543636216,0.0012229705436362162,0.3003472222222222,0.16145833333333334,0.020225199767284922,0.005271448443333308,0.6483333110809326
5,52,adaptive_crosssdc_cmr,hinge,1.0,0.0,0.3072139753235711,0.12631283038192326,2.5585241582658558,0.012631283038192326,0.011218638366295232,0.0011218638366295231,0.3081597222222222,0.14756944444444445,0.018162846772207156,0.005226081858078639,0.6526666879653931
5,53,adaptive_crosssdc_cmr,hinge,1.0,0.0,0.31411129898495144,0.12727928989463383,2.606109274758233,0.012727928989463384,0.011386653925809596,0.0011386653925809596,0.2977430555555556,0.15364583333333334,0.017596621480253007,0.006210726168420579,0.6503333449363708
5,54,adaptive_crosssdc_cmr,hinge,1.0,0.0,0.30467696322335136,0.12121153540081447,2.5593522919548883,0.012121153540081447,0.009586882311850786,0.0009586882311850786,0.2751736111111111,0.1423611111111111,0.015290442647205459,0.004857684175173442,0.6489999890327454
5,55,adaptive_crosssdc_cmr,hinge,1.0,0.0,0.3013024595048692,0.11926058100329505,2.572253280215793,0.011926058100329505,0.009519233316597011,0.0009519233316597011,0.2690972222222222,0.1440972222222222,0.0144445544315709,0.0053414470619625514,0.6489999890327454
5,56,adaptive_crosssdc_cmr,hinge,1.0,0.0,0.2979622979958852,0.120085376004378,2.55964994430542,0.012008537600437802,0.00865424812460939,0.0008654248124609391,0.2482638888888889,0.1232638888888889,0.013718026793665357,0.004500781082444721,0.6493333578109741
5,57,adaptive_crosssdc_cmr,hinge,1.0,0.0,0.300651619831721,0.12543241762452656,2.619908889134725,0.012543241762452657,0.009232659462011523,0.0009232659462011524,0.2708333333333333,0.13368055555555555,0.015455416921112273,0.004152610484096739,0.6480000019073486
5,58,adaptive_crosssdc_cmr,hinge,1.0,0.0,0.30193444424205357,0.12063474787606134,2.563470999399821,0.012063474787606134,0.009557882996482981,0.0009557882996482982,0.2777777777777778,0.13975694444444445,0.015118953668408923,0.004865206157167752,0.653333306312561
5,59,adaptive_crosssdc_cmr,hinge,1.0,0.0,0.30664263831244576,0.11806083718935649,2.581841574774848,0.011806083718935649,0.010157716357045703,0.0010157716357045703,0.2873263888888889,0.1519097222222222,0.016431248229410913,0.004749179507295291,0.6499999761581421
5,60,adaptive_crosssdc_cmr,hinge,1.0,0.0,0.3085394236776564,0.1256406323777305,2.5821510950724282,0.01256406323777305,0.010820104430119196,0.0010820104430119197,0.2699652777777778,0.1545138888888889,0.01651880020896594,0.006019912453161346,0.6520000100135803
5,61,adaptive_crosssdc_cmr,hinge,1.0,0.0,0.30124396748012966,0.1147045021255811,2.5816915300157337,0.01147045021255811,0.00948071169356505,0.000948071169356505,0.2699652777777778,0.13541666666666666,0.015368304525812468,0.004452733116017448,0.653333306312561
5,62,adaptive_crosssdc_cmr,hinge,1.0,0.0,0.2986666394604577,0.11838597473171023,2.6214101049635143,0.011838597473171023,0.00752457557246089,0.000752457557246089,0.2222222222222222,0.140625,0.011993755276004473,0.0034604474074310726,0.6520000100135803
5,63,adaptive_crosssdc_cmr,hinge,1.0,0.0,0.2920389572779338,0.134825693236457,2.6266327699025473,0.0134825693236457,0.008183427517198853,0.0008183427517198853,0.25,0.12413194444444445,0.012664438742730353,0.004573305861817466,0.6536666750907898
5,64,adaptive_crosssdc_cmr,hinge,1.0,0.0,0.2870070007112291,0.11755224151743783,2.6010351181030273,0.011755224151743784,0.007942780386656523,0.0007942780386656523,0.2309027777777778,0.1293402777777778,0.012175823872288069,0.004098427792390187,0.6526666879653931
5,65,adaptive_crosssdc_cmr,hinge,1.0,0.0,0.28456224666701424,0.1186760672264629,2.5856177541944714,0.011867606722646291,0.007156239046404759,0.000715623904640476,0.20833333333333334,0.11458333333333333,0.010898555525475077,0.004212463895479838,0.6523333191871643
5,66,adaptive_crosssdc_cmr,hinge,1.0,0.0,0.29787547720803154,0.12353343930509356,2.5839049021402993,0.012353343930509356,0.009961121715605259,0.000996112171560526,0.2682291666666667,0.12760416666666666,0.01629541938503583,0.004172093545397122,0.6539999842643738
5,67,adaptive_crosssdc_cmr,hinge,1.0,0.0,0.2881300648053487,0.11662710706392924,2.553739070892334,0.011662710706392925,0.008845481814609634,0.0008845481814609634,0.2534722222222222,0.13020833333333334,0.014180995730890168,0.003982722345325682,0.6526666879653931
5,68,adaptive_crosssdc_cmr,hinge,1.0,0.0,0.2922001580397288,0.12379367152849834,2.6255828274620905,0.012379367152849834,0.007601030429618226,0.0007601030429618227,0.21875,0.14930555555555555,0.0114190640548865,0.004480791588624318,0.656333327293396
5,69,adaptive_crosssdc_cmr,hinge,1.0,0.0,0.28459040655030143,0.10998669515053432,2.641543361875746,0.010998669515053433,0.006843939578781526,0.0006843939578781526,0.2152777777777778,0.125,0.010548397277792295,0.0037420069177945456,0.6549999713897705
5,70,adaptive_crosssdc_cmr,hinge,1.0,0.0,0.2873845828904046,0.11781201428837246,2.6082483662499323,0.011781201428837247,0.0070938233596583205,0.0007093823359658321,0.2152777777777778,0.09895833333333333,0.01110383951001697,0.0036804344918992785,0.6556666493415833
5,71,adaptive_crosssdc_cmr,hinge,1.0,0.0,0.279725323120753,0.10942892316314909,2.5854034423828125,0.01094289231631491,0.006551728376911746,0.0006551728376911747,0.20833333333333334,0.10677083333333333,0.010690528278549513,0.003008174399534861,0.6549999713897705
5,72,adaptive_crosssdc_cmr,hinge,1.0,0.0,0.2808958954281277,0.11858204421069887,2.6016017860836453,0.011858204421069888,0.005539250818805562,0.0005539250818805563,0.1987847222222222,0.12239583333333333,0.008405818914373716,0.003108029150300556,0.652999997138977
5,73,adaptive_crosssdc_cmr,hinge,1.0,0.0,0.27408838272094727,0.11438641862736808,2.573365741305881,0.011438641862736808,0.005867833375102944,0.0005867833375102945,0.20572916666666666,0.1111111111111111,0.009254374644822545,0.003005533375673824,0.6586666703224182
5,74,adaptive_crosssdc_cmr,hinge,1.0,0.0,0.27633712026808,0.12187218914429347,2.639202038447062,0.012187218914429348,0.00531723200240069,0.000531723200240069,0.2126736111111111,0.09114583333333333,0.008955322412980927,0.0020820043153232997,0.656000018119812
5,75,adaptive_crosssdc_cmr,hinge,1.0,0.0,0.2731374303499858,0.1145213320851326,2.5849998527103,0.01145213320851326,0.004703153959578938,0.0004703153959578938,0.1684027777777778,0.10590277777777778,0.007047448307275772,0.00268865790632036,0.6596666574478149
5,76,adaptive_crosssdc_cmr,hinge,1.0,0.0,0.2702432506614261,0.11461449083354738,2.6737418174743652,0.011461449083354738,0.004246495198458433,0.0004246495198458433,0.1605902777777778,0.1015625,0.006797908908791012,0.0021190444628397622,0.6556666493415833
5,77,adaptive_crosssdc_cmr,hinge,1.0,0.0,0.2663624750243293,0.11311260196897718,2.531722519132826,0.011311260196897719,0.004194740412963761,0.0004194740412963761,0.16319444444444445,0.11197916666666667,0.005994755981696976,0.002695391989416546,0.6566666960716248
5,78,adaptive_crosssdc_cmr,hinge,1.0,0.0,0.26292075051201713,0.10915608207384746,2.5650872389475503,0.010915608207384747,0.003997956881196135,0.00039979568811961347,0.1675347222222222,0.09809027777777778,0.005983366734451718,0.0024450624154673684,0.6610000133514404
5,79,adaptive_crosssdc_cmr,hinge,1.0,0.0,0.2732243239879608,0.11659640736050075,2.774647103415595,0.011659640736050076,0.004620737344440486,0.0004620737344440487,0.1753472222222222,0.1032986111111111,0.007041226244635052,0.002562902660833465,0.6576666831970215
5,80,adaptive_crosssdc_cmr,hinge,1.0,0.0,0.2698293063375685,0.11173823475837708,2.593507077958849,0.011173823475837709,0.00491562669372393,0.000491562669372393,0.19270833333333334,0.10069444444444445,0.007916954863402579,0.002246451046731737,0.6616666913032532
5,81,adaptive_crosssdc_cmr,hinge,1.0,0.0,0.26919933822419906,0.11275671091344622,2.672483444213867,0.011275671091344622,0.004659572590349449,0.0004659572590349449,0.1597222222222222,0.109375,0.006730667004982631,0.002761808948384391,0.6570000052452087
5,82,adaptive_crosssdc_cmr,hinge,1.0,0.0,0.26658371422025895,0.11355558700031704,2.672499974568685,0.011355558700031704,0.004369249205208487,0.0004369249205208487,0.1779513888888889,0.09461805555555555,0.007384463730785582,0.001623042341735628,0.6616666913032532
5,83,adaptive_crosssdc_cmr,hinge,1.0,0.0,0.26590053571595085,0.11272223624918196,2.6072219742669,0.011272223624918197,0.0044162889373385245,0.00044162889373385245,0.18489583333333334,0.10677083333333333,0.006499422507153617,0.0024636632038487326,0.6570000052452087
5,84,adaptive_crosssdc_cmr,hinge,1.0,0.0,0.2717922594812181,0.12282952831851111,2.5769638220469155,0.012282952831851112,0.004536245406294863,0.0004536245406294863,0.1875,0.10850694444444445,0.006652858936124378,0.002543660087717904,0.6596666574478149
5,85,adaptive_crosssdc_cmr,hinge,1.0,0.0,0.2674100763267941,0.11758880565563838,2.578475978639391,0.011758880565563838,0.004027891231493818,0.0004027891231493818,0.15711805555555555,0.0998263888888889,0.005672909733321931,0.002488281163904402,0.6596666574478149
5,86,adaptive_crosssdc_cmr,hinge,1.0,0.0,0.26710030767652726,0.10601856973436144,2.647084289126926,0.010601856973436144,0.005056823707289166,0.0005056823707289166,0.1814236111111111,0.11458333333333333,0.007830302748415206,0.002705436199903488,0.6603333353996277
5,87,adaptive_crosssdc_cmr,hinge,1.0,0.0,0.26703909039497375,0.11333183281951481,2.630138185289171,0.011333183281951481,0.004267278799994124,0.00042672787999941243,0.1779513888888889,0.0876736111111111,0.006960912711090512,0.002031325880024168,0.6589999794960022
5,88,adaptive_crosssdc_cmr,hinge,1.0,0.0,0.2695094678137038,0.11351813789871004,2.6258320013682046,0.011351813789871004,0.005280456867896848,0.0005280456867896849,0.2013888888888889,0.10590277777777778,0.008360447982947031,0.0024760555889871386,0.6679999828338623
5,89,adaptive_crosssdc_cmr,hinge,1.0,0.0,0.26617424686749774,0.11507857590913773,2.6116519504123263,0.011507857590913773,0.005027924716058705,0.0005027924716058705,0.19444444444444445,0.09635416666666667,0.007837371279795965,0.0025684581034713322,0.6613333225250244
5,90,adaptive_crosssdc_cmr,hinge,1.0,0.0,0.2686231384674708,0.11307147476408216,2.5639519691467285,0.011307147476408217,0.004631423365531696,0.0004631423365531696,0.1875,0.10590277777777778,0.006999256710211436,0.002518942372666465,0.6660000085830688
5,91,adaptive_crosssdc_cmr,hinge,1.0,0.0,0.277307669321696,0.11304557571808498,2.6465653578440347,0.011304557571808498,0.0050592372556113535,0.0005059237255611354,0.18663194444444445,0.09288194444444445,0.008420388731691573,0.0022237694097889792,0.656000018119812
5,92,adaptive_crosssdc_cmr,hinge,1.0,0.0,0.2859804729620616,0.1186915131078826,2.6298197905222573,0.011869151310788261,0.006441470546027024,0.0006441470546027024,0.2013888888888889,0.1171875,0.010134962490863271,0.002974275913503435,0.6626666784286499
5,93,adaptive_crosssdc_cmr,hinge,1.0,0.0,0.27708447641796535,0.10587038430902693,2.60509016778734,0.010587038430902694,0.00611161259520385,0.000611161259520385,0.1953125,0.10850694444444445,0.010015231453710131,0.002500264181031121,0.6623333096504211
5,94,adaptive_crosssdc_cmr,hinge,1.0,0.0,0.278219610452652,0.11500412887997097,2.6307111846076117,0.011500412887997098,0.005193915218114853,0.0005193915218114853,0.1840277777777778,0.1154513888888889,0.007701280216375987,0.002897649175590939,0.6570000052452087
5,95,adaptive_crosssdc_cmr,hinge,1.0,0.0,0.2805100911193424,0.10834741840759914,2.6461159653133817,0.010834741840759915,0.006208555617680152,0.0006208555617680153,0.20225694444444445,0.10850694444444445,0.00941934809088707,0.0031425104373031193,0.6646666526794434
5,96,adaptive_crosssdc_cmr,hinge,1.0,0.0,0.2712678346369002,0.10857181747754414,2.650469806459215,0.010857181747754414,0.0045739596243947744,0.0004573959624394775,0.18055555555555555,0.08854166666666667,0.007170038090811836,0.00223735844095548,0.6613333225250244
5,97,adaptive_crosssdc_cmr,hinge,1.0,0.0,0.27043236957656014,0.11051196687751347,2.6354075802697077,0.011051196687751348,0.005170375470899873,0.0005170375470899874,0.17881944444444445,0.08940972222222222,0.00815062142080731,0.002361348933643765,0.6633333563804626
5,98,adaptive_crosssdc_cmr,hinge,1.0,0.0,0.26993239257070756,0.11233973171975878,2.681564384036594,0.01123397317197588,0.004604743793606758,0.00046047437936067584,0.16319444444444445,0.1076388888888889,0.007104063613547219,0.0024378440446323818,0.6620000004768372
5,99,adaptive_crosssdc_cmr,hinge,1.0,0.0,0.2743929061624739,0.11921288155847126,2.609829929139879,0.011921288155847127,0.005130188850065072,0.0005130188850065073,0.1875,0.1015625,0.007404348709517055,0.0031645004120137957,0.6626666784286499
5,100,adaptive_crosssdc_cmr,hinge,1.0,0.0,0.27158082524935406,0.10785543339120017,2.632128953933716,0.010785543339120018,0.005237099947407842,0.0005237099947407842,0.1623263888888889,0.1076388888888889,0.007644873112440109,0.0031814140578111014,0.6620000004768372
5,101,adaptive_crosssdc_cmr,hinge,1.0,0.0,0.2834186785750919,0.11571330825487773,2.577275382147895,0.011571330825487773,0.005760897882282734,0.0005760897882282735,0.1875,0.0954861111111111,0.008845289341277547,0.0028439536690711975,0.6669999957084656
5,102,adaptive_crosssdc_cmr,hinge,1.0,0.0,0.2854272590743171,0.11719328413407008,2.6208949353959827,0.01171932841340701,0.006836306458959977,0.0006836306458959978,0.203125,0.109375,0.009936446737911966,0.004073118997944726,0.6639999747276306
5,103,adaptive_crosssdc_cmr,hinge,1.0,0.0,0.2812003360854255,0.10491448558039135,2.63006763988071,0.010491448558039136,0.006357791057477395,0.0006357791057477395,0.1987847222222222,0.09461805555555555,0.009912036566270722,0.0029096611671977574,0.656000018119812
5,104,adaptive_crosssdc_cmr,hinge,1.0,0.0,0.27482422524028355,0.11210941109392378,2.7035163243611655,0.01121094110939238,0.004959891369152401,0.0004959891369152401,0.1831597222222222,0.09809027777777778,0.007954572430915303,0.0023174939884079825,0.6610000133514404
5,105,adaptive_crosssdc_cmr,hinge,1.0,0.0,0.2701658176051246,0.1068587096201049,2.6661217742496066,0.01068587096201049,0.004516286878950066,0.0004516286878950066,0.171875,0.07118055555555555,0.0074775781896379255,0.0017460427350468105,0.6636666655540466
5,106,adaptive_crosssdc_cmr,hinge,1.0,0.0,0.2646629926231172,0.10740393151839574,2.6296852164798312,0.010740393151839575,0.003896653807411591,0.0003896653807411591,0.16319444444444445,0.08680555555555555,0.006014306512143876,0.001861777984433704,0.6660000085830688
5,107,adaptive_crosssdc_cmr,hinge,1.0,0.0,0.2636937697728475,0.10563129683335622,2.572291294733683,0.010563129683335622,0.004115594240526359,0.00041155942405263587,0.14930555555555555,0.0920138888888889,0.006057581553856532,0.0023764224929942023,0.6626666784286499
5,108,adaptive_crosssdc_cmr,hinge,1.0,0.0,0.26713674598269993,0.11637584368387859,2.633217970530192,0.01163758436838786,0.004229058226984408,0.0004229058226984408,0.1423611111111111,0.09809027777777778,0.006342302800880538,0.0023395870294835833,0.6656666398048401
5,109,adaptive_crosssdc_cmr,hinge,1.0,0.0,0.2650478680928548,0.10840211146407658,2.5506382253434925,0.01084021114640766,0.004051860473636124,0.00040518604736361247,0.14583333333333334,0.07899305555555555,0.005776533443066809,0.0024250513977474636,0.6610000133514404
5,110,adaptive_crosssdc_cmr,hinge,1.0,0.0,0.2679460081789229,0.11275353613826963,2.5816211965348987,0.011275353613826963,0.004884753091674712,0.0004884753091674712,0.1753472222222222,0.10416666666666667,0.007356582002507316,0.0027752804259459176,0.6650000214576721
5,111,adaptive_crosssdc_cmr,hinge,1.0,0.0,0.27056921190685695,0.11657082868946923,2.6966946919759116,0.011657082868946924,0.004774769561158286,0.00047747695611582866,0.16927083333333334,0.08246527777777778,0.00737256763709916,0.0022737590803040397,0.6650000214576721
5,112,adaptive_crosssdc_cmr,hinge,1.0,0.0,0.2689156234264374,0.11190922558307648,2.621248059802585,0.011190922558307649,0.0054589872403691215,0.0005458987240369122,0.1736111111111111,0.11024305555555555,0.007560475212004449,0.0035805913309256234,0.6646666526794434
5,113,adaptive_crosssdc_cmr,hinge,1.0,0.0,0.2640829450554318,0.11182559612724516,2.6446492936876087,0.011182559612724517,0.004085152823891904,0.00040851528238919046,0.1440972222222222,0.10850694444444445,0.005357188897000419,0.003005506677760018,0.6646666526794434
5,114,adaptive_crosssdc_cmr,hinge,1.0,0.0,0.2531162483824624,0.10493286616272396,2.572516997655233,0.010493286616272397,0.003243788843974471,0.00032437888439744715,0.1328125,0.08072916666666667,0.004867998469207022,0.0017944176991780598,0.6660000085830688
5,115,adaptive_crosssdc_cmr,hinge,1.0,0.0,0.257294194565879,0.10982801185713874,2.6142483022477894,0.010982801185713875,0.003263203543610871,0.0003263203543610871,0.1328125,0.0685763888888889,0.0053252602616945905,0.0013828095462587145,0.6650000214576721
5,116,adaptive_crosssdc_cmr,hinge,1.0,0.0,0.27362146145767635,0.10895580384466383,2.614986684587267,0.010895580384466384,0.008395682942743102,0.0008395682942743103,0.1953125,0.12760416666666666,0.01345125399529934,0.003408772663937675,0.6660000085830688
5,117,adaptive_crosssdc_cmr,hinge,1.0,0.0,0.2776072124640147,0.10494123978747262,2.5851313273111978,0.010494123978747263,0.0058616002142015435,0.0005861600214201543,0.1840277777777778,0.0876736111111111,0.009011278135908974,0.0028436039057042864,0.6616666913032532
5,118,adaptive_crosssdc_cmr,hinge,1.0,0.0,0.2699441843562656,0.10621989104482862,2.6313969559139676,0.010621989104482863,0.004867819267221623,0.0004867819267221623,0.17708333333333334,0.09375,0.007688225764367316,0.0024698256618446773,0.6650000214576721
5,119,adaptive_crosssdc_cmr,hinge,1.0,0.0,0.26560599274105495,0.10921389361222585,2.6276849375830755,0.010921389361222585,0.00488800682230956,0.000488800682230956,0.1736111111111111,0.08940972222222222,0.007177883759140968,0.002583678811788559,0.6666666865348816
5,120,adaptive_crosssdc_cmr,hinge,1.0,0.0,0.2524827586279975,0.10552343726158142,2.603122684690687,0.010552343726158143,0.00336674850485805,0.000336674850485805,0.1467013888888889,0.0703125,0.005194322102599674,0.0015903450548648834,0.6676666736602783
5,121,adaptive_crosssdc_cmr,hinge,1.0,0.0,0.24998006390200722,0.1118524976902538,2.590583774778578,0.01118524976902538,0.0028056205353803104,0.00028056205353803104,0.1171875,0.06684027777777778,0.003924725784195794,0.0018137188421355353,0.6700000166893005
5,122,adaptive_crosssdc_cmr,hinge,1.0,0.0,0.2415695372554991,0.10599733144044876,2.5737534628974066,0.010599733144044877,0.0023248622375023034,0.00023248622375023035,0.09809027777777778,0.08159722222222222,0.0031123629046810996,0.0016168980962700313,0.6666666865348816
5,123,adaptive_crosssdc_cmr,hinge,1.0,0.0,0.24363784823152754,0.11808392239941491,2.6263786951700845,0.011808392239941491,0.0015253378725093272,0.00015253378725093274,0.0703125,0.059895833333333336,0.0020673763420846728,0.001041202081574334,0.6669999957084656
5,124,adaptive_crosssdc_cmr,hinge,1.0,0.0,0.23837647338708243,0.10370005170504253,2.5950396590762668,0.010370005170504253,0.0015211944442449345,0.00015211944442449345,0.08072916666666667,0.08072916666666667,0.001706132044394811,0.0014971432586510975,0.6653333306312561
5,125,adaptive_crosssdc_cmr,hinge,1.0,0.0,0.2423701203531689,0.1105590702758895,2.667645745807224,0.01105590702758895,0.0019715552658049595,0.00019715552658049597,0.09809027777777778,0.06944444444444445,0.0024754049049483407,0.001521251681778166,0.6663333177566528
5,126,adaptive_crosssdc_cmr,hinge,1.0,0.0,0.23892844220002493,0.10960463848378924,2.6432133515675864,0.010960463848378925,0.0015972011282833086,0.00015972011282833088,0.08854166666666667,0.07725694444444445,0.002065784815284941,0.0012513837880558437,0.6663333177566528
5,127,adaptive_crosssdc_cmr,hinge,1.0,0.0,0.23855768971972996,0.10887251711553997,2.6043435202704535,0.010887251711553997,0.0013610790030927295,0.00013610790030927296,0.07465277777777778,0.06163194444444445,0.0017090911666552226,0.0010417124463452233,0.6666666865348816
5,128,adaptive_crosssdc_cmr,hinge,1.0,0.0,0.2358860688077079,0.10312942498260075,2.6350708272722034,0.010312942498260076,0.001811929124717911,0.0001811929124717911,0.10416666666666667,0.07552083333333333,0.0024792183604505327,0.0012591352893246545,0.6690000295639038
5,129,adaptive_crosssdc_cmr,hinge,1.0,0.0,0.2372316817442576,0.10575394084056218,2.6486687660217285,0.010575394084056219,0.0014908023715381408,0.00014908023715381409,0.10069444444444445,0.06944444444444445,0.0019920586297909417,0.0011171425382296245,0.6663333177566528
5,130,adaptive_crosssdc_cmr,hinge,1.0,0.0,0.23971996704737344,0.1040443405508995,2.6229821046193442,0.01040443405508995,0.001804812681964702,0.0001804812681964702,0.1154513888888889,0.057291666666666664,0.0026060168941815696,0.0010930829577975804,0.668666660785675
5,131,adaptive_crosssdc_cmr,hinge,1.0,0.0,0.23952852686246237,0.10610352704922359,2.6592936515808105,0.01061035270492236,0.0017675710583312644,0.00017675710583312646,0.10590277777777778,0.06770833333333333,0.0024583621157540213,0.0012243129312992096,0.6650000214576721
5,132,adaptive_crosssdc_cmr,hinge,1.0,0.0,0.2390299273861779,0.09880219317144817,2.633388386832343,0.009880219317144818,0.002195580047555268,0.0002195580047555268,0.11024305555555555,0.0763888888888889,0.003057984428273307,0.001387249885333909,0.668666660785675
5,133,adaptive_crosssdc_cmr,hinge,1.0,0.0,0.24332072999742296,0.10661170466078652,2.6575706799825034,0.010661170466078652,0.002086161920386884,0.0002086161920386884,0.12152777777777778,0.09114583333333333,0.002596289747291141,0.0016018106705612606,0.6660000085830688
5,134,adaptive_crosssdc_cmr,hinge,1.0,0.0,0.2406744592719608,0.11135530140664843,2.557034068637424,0.011135530140664844,0.0023525102684895196,0.00023525102684895198,0.11371527777777778,0.07465277777777778,0.003147135799129804,0.0017146861387623681,0.6690000295639038
5,135,adaptive_crosssdc_cmr,hinge,1.0,0.0,0.2388876130183538,0.10607690198553933,2.6448695924546985,0.010607690198553933,0.002217528513736195,0.0002217528513736195,0.11458333333333333,0.09722222222222222,0.00263034924864769,0.0019176794836918514,0.6656666398048401
5,136,adaptive_crosssdc_cmr,hinge,1.0,0.0,0.24116658005449507,0.11601639621787602,2.5954494741227894,0.011601639621787603,0.0020878592299090493,0.00020878592299090494,0.11024305555555555,0.05555555555555555,0.002963806606001324,0.0012253663606113857,0.6693333387374878
5,137,adaptive_crosssdc_cmr,hinge,1.0,0.0,0.2431925353076723,0.11298096428314845,2.6283908949957953,0.011298096428314846,0.0023205035573078524,0.00023205035573078524,0.13194444444444445,0.0720486111111111,0.003220037039783266,0.0014134243958526188,0.6673333048820496
5,138,adaptive_crosssdc_cmr,hinge,1.0,0.0,0.24125989112589094,0.10776884274350272,2.662622822655572,0.010776884274350272,0.0020979572889498537,0.0002097957288949854,0.11458333333333333,0.08159722222222222,0.002774759920106994,0.0015338675843344794,0.6706666946411133
5,139,adaptive_crosssdc_cmr,hinge,1.0,0.0,0.24524418347411686,0.1050027542644077,2.64695488082038,0.01050027542644077,0.0028383606501544514,0.00028383606501544516,0.12586805555555555,0.08506944444444445,0.004164213107691871,0.0017807156675391728,0.6639999747276306
5,140,adaptive_crosssdc_cmr,hinge,1.0,0.0,0.24443599747286904,0.1037944099969334,2.6625779734717474,0.01037944099969334,0.002713153733768397,0.0002713153733768397,0.1345486111111111,0.08940972222222222,0.003593430130018128,0.001949571900897556,0.6703333258628845
5,141,adaptive_crosssdc_cmr,hinge,1.0,0.0,0.24230412476592594,0.10294934031036165,2.707370546129015,0.010294934031036165,0.002297312887902889,0.0002297312887902889,0.1171875,0.06336805555555555,0.003276604124241405,0.0012973898814784156,0.6690000295639038
5,142,adaptive_crosssdc_cmr,hinge,1.0,0.0,0.2423862119515737,0.10203480472167333,2.645619021521674,0.010203480472167334,0.0027134073639495503,0.00027134073639495507,0.1310763888888889,0.0720486111111111,0.004270525856150521,0.0012597528596719105,0.6759999990463257
5,143,adaptive_crosssdc_cmr,hinge,1.0,0.0,0.24309614963001674,0.09961325178543727,2.7068806754218206,0.009961325178543728,0.0028262665469406378,0.0002826266546940638,0.1362847222222222,0.08854166666666667,0.003998044257362683,0.0017754485209782918,0.6663333177566528
5,144,adaptive_crosssdc_cmr,hinge,1.0,0.0,0.24200439121988085,0.1081006411049101,2.68503655327691,0.010810064110491012,0.0026068543860067925,0.00026068543860067924,0.1284722222222222,0.0763888888888889,0.003924090208278762,0.0013291525344053905,0.6679999828338623
5,145,adaptive_crosssdc_cmr,hinge,1.0,0.0,0.24629677169852787,0.10424153837892744,2.644523170259264,0.010424153837892745,0.0031590204388420614,0.0003159020438842062,0.12760416666666666,0.0763888888888889,0.004504529966248406,0.002070171551571952,0.6673333048820496
5,146,adaptive_crosssdc_cmr,hinge,1.0,0.0,0.25027169783910114,0.10253415670659807,2.7254872057172985,0.010253415670659807,0.002820833133430117,0.00028208331334301167,0.12065972222222222,0.0763888888888889,0.0042494916253619725,0.0015863188438945347,0.668666660785675
5,147,adaptive_crosssdc_cmr,hinge,1.0,0.0,0.2549835244814555,0.11221297664774789,2.6765071551005044,0.011221297664774789,0.0038830403548975787,0.0003883040354897579,0.1545138888888889,0.09895833333333333,0.005632476260264714,0.0022407364514138964,0.6676666736602783
5,148,adaptive_crosssdc_cmr,hinge,1.0,0.0,0.2492271446519428,0.10896775126457214,2.591160853703817,0.010896775126457215,0.003261018389215072,0.0003261018389215072,0.12152777777777778,0.08680555555555555,0.00421635765168402,0.002275085283650292,0.6673333048820496
5,149,adaptive_crosssdc_cmr,hinge,1.0,0.0,0.24356506102614933,0.10225873606072532,2.5848662323421903,0.010225873606072532,0.0026269728486012253,0.0002626972848601225,0.1232638888888889,0.06076388888888889,0.004015020198292202,0.0012443814840581682,0.6696666479110718
5,150,adaptive_crosssdc_cmr,hinge,1.0,0.0,0.24252447320355308,0.11363896893130408,2.6043849521213107,0.011363896893130408,0.002056046285563045,0.00020560462855630452,0.09635416666666667,0.0720486111111111,0.00254180199570126,0.0015956084761354658,0.671999990940094
5,151,adaptive_crosssdc_cmr,hinge,1.0,0.0,0.2437551733520296,0.0972909645901786,2.5846288998921714,0.00972909645901786,0.0024569015367887914,0.00024569015367887915,0.10850694444444445,0.0720486111111111,0.0032957357664903006,0.0018260764578978221,0.67166668176651
5,152,adaptive_crosssdc_cmr,hinge,1.0,0.0,0.2394181572728687,0.10102629909912746,2.69474294450548,0.010102629909912746,0.002241855590707726,0.0002241855590707726,0.11458333333333333,0.06336805555555555,0.00281223240825865,0.0017057379914654626,0.6700000166893005
5,153,adaptive_crosssdc_cmr,hinge,1.0,0.0,0.23941832449701098,0.10637478116485807,2.699924177593655,0.010637478116485808,0.0024966868416716657,0.0002496686841671666,0.12413194444444445,0.0685763888888889,0.0036401868694358403,0.0013616892198721569,0.6700000166893005
5,154,adaptive_crosssdc_cmr,hinge,1.0,0.0,0.2395831031931771,0.10925880488422182,2.6510230435265436,0.010925880488422184,0.002194903803885811,0.00021949038038858112,0.10590277777777778,0.0703125,0.002701675312386619,0.0017906042436758678,0.6706666946411133
5,155,adaptive_crosssdc_cmr,hinge,1.0,0.0,0.24276730252636802,0.10309462083710565,2.6338327725728354,0.010309462083710565,0.002483824940605296,0.0002483824940605296,0.11631944444444445,0.07552083333333333,0.0034986676441298593,0.0013987914555602604,0.6713333129882812
5,156,adaptive_crosssdc_cmr,hinge,1.0,0.0,0.24359200066990322,0.10500954422685835,2.6418482992384167,0.010500954422685836,0.003908421585543288,0.0003908421585543288,0.14930555555555555,0.07899305555555555,0.006186632853415277,0.0016664726038773854,0.671999990940094
5,157,adaptive_crosssdc_cmr,hinge,1.0,0.0,0.24200963808430564,0.0991460382938385,2.6424092451731362,0.00991460382938385,0.0029990149196237326,0.0002999014919623733,0.1232638888888889,0.08506944444444445,0.00420801548494233,0.0018980056047439575,0.668666660785675
5,158,adaptive_crosssdc_cmr,hinge,1.0,0.0,0.2436852620707618,0.10614981833431456,2.638621144824558,0.010614981833431457,0.0026273883542873794,0.00026273883542873795,0.1284722222222222,0.07291666666666667,0.003939436127742131,0.0015358080466588337,0.6690000295639038
5,159,adaptive_crosssdc_cmr,hinge,1.0,0.0,0.24995972878403133,0.10651032212707731,2.668701966603597,0.010651032212707731,0.002868630703435176,0.0002868630703435176,0.1189236111111111,0.08246527777777778,0.004495997188819779,0.0015194523665640089,0.6666666865348816
5,160,adaptive_crosssdc_cmr,hinge,1.0,0.0,0.2562359455558989,0.11103774855534236,2.663551542494032,0.011103774855534237,0.0037352248715857663,0.00037352248715857665,0.1579861111111111,0.06944444444444445,0.00584471474091212,0.001672206860449579,0.6690000295639038
5,161,adaptive_crosssdc_cmr,hinge,1.0,0.0,0.25086864001221126,0.10418455468283759,2.5943075815836587,0.010418455468283759,0.003693231691916784,0.0003693231691916784,0.1484375,0.08940972222222222,0.005180646975835164,0.0023397248652246264,0.6700000166893005
5,162,adaptive_crosssdc_cmr,hinge,1.0,0.0,0.25700144635306466,0.10242654962672128,2.6604137420654297,0.010242654962672128,0.004236154465211762,0.0004236154465211762,0.1501736111111111,0.08246527777777778,0.006270138753785027,0.0023277422620190513,0.6713333129882812
5,163,adaptive_crosssdc_cmr,hinge,1.0,0.0,0.25667457116974723,0.10555983169211282,2.578171306186252,0.010555983169211282,0.0039276732390539516,0.00039276732390539516,0.1345486111111111,0.1032986111111111,0.004884613470898734,0.0029937633209758336,0.6669999957084656
5,164,adaptive_crosssdc_cmr,hinge,1.0,0.0,0.25149890118175083,0.1029808587498135,2.5998538070254855,0.01029808587498135,0.00412303848295576,0.0004123038482955761,0.1545138888888889,0.078125,0.005808944089545144,0.0022647533979680804,0.6713333129882812
5,165,adaptive_crosssdc_cmr,hinge,1.0,0.0,0.2463724927769767,0.09728575580649906,2.659676922692193,0.009728575580649906,0.00320771107605348,0.00032077110760534805,0.13020833333333334,0.0798611111111111,0.004668042477634218,0.001770278231965171,0.6733333468437195
5,166,adaptive_crosssdc_cmr,hinge,1.0,0.0,0.25431806842486065,0.09813029070695241,2.672651767730713,0.009813029070695242,0.00419745837441749,0.00041974583744174904,0.14583333333333334,0.08072916666666667,0.00599782769050863,0.0024075586762693194,0.6660000085830688
5,167,adaptive_crosssdc_cmr,hinge,1.0,0.0,0.24872483644220564,0.10599501348204082,2.6265614297654896,0.010599501348204083,0.00323449332629227,0.000323449332629227,0.1371527777777778,0.06770833333333333,0.004572860068745083,0.002056023726860682,0.6710000038146973
5,168,adaptive_crosssdc_cmr,hinge,1.0,0.0,0.24050812588797676,0.10363818373945025,2.6867153644561768,0.010363818373945025,0.0024562009687845907,0.0002456200968784591,0.109375,0.0763888888888889,0.003034901287820604,0.0019493682516945733,0.6723333597183228
5,169,adaptive_crosssdc_cmr,hinge,1.0,0.0,0.23961153129736582,0.10365151862303416,2.586253139707777,0.010365151862303417,0.0019026987590930527,0.00019026987590930528,0.0763888888888889,0.0703125,0.002152534822622935,0.0017789693342314826,0.6706666946411133
5,170,adaptive_crosssdc_cmr,hinge,1.0,0.0,0.2357308997048272,0.10581376403570175,2.646920098198785,0.010581376403570176,0.0020448779428584706,0.00020448779428584708,0.09635416666666667,0.04774305555555555,0.0027909353375434875,0.0012940714756647746,0.6723333597183228
5,171,adaptive_crosssdc_cmr,hinge,1.0,0.0,0.23475953108734554,0.09920603202448951,2.66062233183119,0.009920603202448952,0.0027164264142306317,0.00027164264142306315,0.10850694444444445,0.06770833333333333,0.0041398172163301045,0.0012641466326183742,0.671999990940094
5,172,adaptive_crosssdc_cmr,hinge,1.0,0.0,0.2427203721470303,0.09849228047662312,2.6233444213867188,0.009849228047662313,0.002863868333709737,0.0002863868333709737,0.12065972222222222,0.06684027777777778,0.004178328439593315,0.0017255035539468129,0.6729999780654907
5,173,adaptive_crosssdc_cmr,hinge,1.0,0.0,0.27395231856240165,0.10948094477256139,2.6052166885799832,0.01094809447725614,0.010211411216813657,0.0010211411216813659,0.21180555555555555,0.09809027777777778,0.017337179846233793,0.0029678535130288866,0.6679999828338623
5,174,adaptive_crosssdc_cmr,hinge,1.0,0.0,0.2723226348559062,0.10942057685719596,2.6318501631418862,0.010942057685719597,0.010072365739486284,0.0010072365739486285,0.2152777777777778,0.0876736111111111,0.01676489557656977,0.003480768452088038,0.6743333339691162
5,175,adaptive_crosssdc_cmr,hinge,1.0,0.0,0.26220817698372734,0.10482778731319639,2.611836036046346,0.01048277873131964,0.006211304830180274,0.0006211304830180275,0.1840277777777778,0.1015625,0.009256382576293416,0.0031591148840056527,0.6673333048820496
5,176,adaptive_crosssdc_cmr,hinge,1.0,0.0,0.26453324490123326,0.11344122803873485,2.6435433758629694,0.011344122803873487,0.004817832701115144,0.0004817832701115145,0.14930555555555555,0.09722222222222222,0.006873199509249793,0.0028019013504187265,0.67166668176651
5,177,adaptive_crosssdc_cmr,hinge,1.0,0.0,0.25847966306739384,0.11016245103544658,2.730302651723226,0.01101624510354466,0.004441905404544539,0.0004441905404544539,0.14583333333333334,0.08246527777777778,0.006880125651756923,0.002375611828433143,0.6693333387374878
5,178,adaptive_crosssdc_cmr,hinge,1.0,0.0,0.25392262306478286,0.10853297842873467,2.666665130191379,0.010853297842873469,0.003823346393700275,0.00038233463937002753,0.1440972222222222,0.08159722222222222,0.005333059984776709,0.0023908184634314645,0.675000011920929
5,179,adaptive_crosssdc_cmr,hinge,1.0,0.0,0.24410607748561436,0.09913422829575008,2.60396311018202,0.00991342282957501,0.003361255422027575,0.0003361255422027575,0.12152777777777778,0.06944444444444445,0.004677844958172904,0.002053414781888326,0.6763333082199097
5,180,adaptive_crosssdc_cmr,hinge,1.0,0.0,0.25059302482340073,0.10581088893943363,2.644749297036065,0.010581088893943364,0.0026929258472389644,0.00026929258472389644,0.09635416666666667,0.07291666666666667,0.0033783490459124246,0.002114424688948525,0.6736666560173035
5,181,adaptive_crosssdc_cmr,hinge,1.0,0.0,0.25784416165616775,0.10187570005655289,2.6600746048821344,0.010187570005655289,0.00418248247458703,0.000418248247458703,0.14583333333333334,0.08333333333333333,0.006534836565454801,0.002080150776439243,0.6773333549499512
5,182,adaptive_crosssdc_cmr,hinge,1.0,0.0,0.2509535683525933,0.1033293671078152,2.672309398651123,0.010332936710781521,0.003281442215666175,0.00032814422156661753,0.12413194444444445,0.07899305555555555,0.00473621715274122,0.002036268719368511,0.6706666946411133
5,183,adaptive_crosssdc_cmr,hinge,1.0,0.0,0.24672105577256945,0.10768437633911769,2.7579769293467202,0.010768437633911769,0.002621171892517143,0.0002621171892517143,0.09027777777777778,0.08680555555555555,0.0028789608428875604,0.002486854377720091,0.6743333339691162
5,184,adaptive_crosssdc_cmr,hinge,1.0,0.0,0.2450883554087745,0.10340997576713562,2.607830047607422,0.010340997576713563,0.002537468609969235,0.0002537468609969235,0.10503472222222222,0.06597222222222222,0.003341362708144718,0.001858338713645935,0.6676666736602783
5,185,adaptive_crosssdc_cmr,hinge,1.0,0.0,0.24047982030444676,0.1029791467719608,2.6489733854929605,0.01029791467719608,0.0028609560621488425,0.00028609560621488427,0.1111111111111111,0.07378472222222222,0.0035759471356868744,0.0021421656840377385,0.6759999990463257
5,186,adaptive_crosssdc_cmr,hinge,1.0,0.0,0.24612874620490605,0.11224327898687786,2.616990407307943,0.011224327898687787,0.0023964738162855306,0.00023964738162855306,0.1015625,0.06076388888888889,0.0034742640952269235,0.0013011648423141902,0.6703333258628845
5,187,adaptive_crosssdc_cmr,hinge,1.0,0.0,0.2469196915626526,0.10268592586119969,2.6683247089385986,0.01026859258611997,0.0031347051004154813,0.00031347051004154816,0.12586805555555555,0.0703125,0.004700836415092151,0.0016116996606190999,0.6743333339691162
5,188,adaptive_crosssdc_cmr,hinge,1.0,0.0,0.2483228693405787,0.10186241484350628,2.639005740483602,0.010186241484350628,0.00349105685018003,0.000349105685018003,0.1293402777777778,0.09722222222222222,0.0044809650215837694,0.0026663181682427726,0.6673333048820496
5,189,adaptive_crosssdc_cmr,hinge,1.0,0.0,0.24856773018836975,0.10217348155048159,2.64054626888699,0.01021734815504816,0.003125452824557821,0.0003125452824557821,0.1171875,0.06770833333333333,0.004650484977496995,0.001724511178003417,0.6779999732971191
5,190,adaptive_crosssdc_cmr,hinge,1.0,0.0,0.2510545998811722,0.10513518833451801,2.6938856972588434,0.010513518833451802,0.0038257302819854682,0.00038257302819854683,0.14583333333333334,0.08333333333333333,0.0058717940830522114,0.001956079983048969,0.675000011920929
5,191,adaptive_crosssdc_cmr,hinge,1.0,0.0,0.24720755716164908,0.10140030499961641,2.6301383707258434,0.010140030499961643,0.003707302294464575,0.00037073022944645754,0.140625,0.050347222222222224,0.005857618939545419,0.001590332223309411,0.6723333597183228
5,192,adaptive_crosssdc_cmr,hinge,1.0,0.0,0.24868194427755144,0.10837231493658489,2.6489706304338245,0.01083723149365849,0.003048307682749712,0.0003048307682749712,0.11197916666666667,0.07118055555555555,0.004259864075316323,0.0018882896337244245,0.6746666431427002
5,193,adaptive_crosssdc_cmr,hinge,1.0,0.0,0.24654678338103825,0.10190366042984857,2.7184337774912515,0.010190366042984858,0.003644617546039323,0.0003644617546039323,0.1328125,0.06770833333333333,0.005634468048810959,0.0015670553677611882,0.668666660785675
5,194,adaptive_crosssdc_cmr,hinge,1.0,0.0,0.24871781633959877,0.10385383831130134,2.6573366589016385,0.010385383831130135,0.0026969909409268033,0.00026969909409268035,0.11284722222222222,0.06510416666666667,0.0038125810937749017,0.0016555274940199321,0.6733333468437195
5,195,adaptive_crosssdc_cmr,hinge,1.0,0.0,0.23816057708528307,0.09954813371102016,2.631352663040161,0.009954813371102017,0.002132174701222943,0.0002132174701222943,0.09114583333333333,0.06163194444444445,0.00290902993745274,0.0013890154659748077,0.6703333258628845
5,196,adaptive_crosssdc_cmr,hinge,1.0,0.0,0.23708112372292411,0.10559902257389492,2.622656239403619,0.010559902257389493,0.002609254430151648,0.0002609254430151648,0.10416666666666667,0.0703125,0.003192596344484223,0.002067137716544999,0.6726666688919067
5,197,adaptive_crosssdc_cmr,hinge,1.0,0.0,0.23625318706035614,0.09762259158823225,2.6562455230289035,0.009762259158823226,0.00166604206767968,0.000166604206767968,0.07378472222222222,0.059895833333333336,0.0019907427744732965,0.0012335793839560614,0.6736666560173035
5,198,adaptive_crosssdc_cmr,hinge,1.0,0.0,0.23126134441958535,0.10454000615411335,2.6972862084706626,0.010454000615411336,0.002186470632700043,0.0002186470632700043,0.08333333333333333,0.06684027777777778,0.0028240889724757937,0.001603321068816715,0.67166668176651
5,199,adaptive_crosssdc_cmr,hinge,1.0,0.0,0.23327402439382341,0.1017417303389973,2.6237012810177274,0.010174173033899732,0.0017515456549719805,0.00017515456549719807,0.0842013888888889,0.06076388888888889,0.002040914363331265,0.0014119185507297516,0.6759999990463257
6,0,adaptive_crosssdc_cmr,hinge,1.0,0.0,2.616798506842719,0.3600616140498055,2.1864151689741345,0.03600616140498055,0.45433558689223397,0.0454335586892234,0.8498263888888888,0.6475694444444444,0.7309103210767111,0.1575144280989965,0.5559999942779541
6,1,adaptive_crosssdc_cmr,hinge,1.0,0.0,1.6947588125864665,0.32352425654729206,2.1910542382134333,0.032352425654729206,0.42737571398417157,0.04273757139841716,0.9913194444444444,0.5286458333333334,0.751168343755934,0.08417124052842458,0.5828571319580078
6,2,adaptive_crosssdc_cmr,hinge,1.0,0.0,1.3014025688171387,0.2075005438592699,2.2670492596096463,0.02075005438592699,0.2258763230509228,0.02258763230509228,0.9418402777777778,0.4852430555555556,0.3708832859992981,0.06736548120776813,0.5822857022285461
6,3,adaptive_crosssdc_cmr,hinge,1.0,0.0,1.0896939039230347,0.18012436065408918,2.2348705927530923,0.018012436065408918,0.16488833394315508,0.01648883339431551,0.9010416666666666,0.5269097222222222,0.2608044958776898,0.06482914711038272,0.5882856845855713
6,4,adaptive_crosssdc_cmr,hinge,1.0,0.0,0.9495636820793152,0.16496970918443468,2.2223974333869085,0.01649697091844347,0.14510477582613626,0.014510477582613627,0.8993055555555556,0.5590277777777778,0.21786381635400984,0.06670787764920129,0.5920000076293945
6,5,adaptive_crosssdc_cmr,hinge,1.0,0.0,0.8510632978545295,0.16948281394110787,2.220288223690457,0.016948281394110788,0.1265085389216741,0.012650853892167411,0.8671875,0.5425347222222222,0.18666700025399527,0.06449947464797232,0.593999981880188
6,6,adaptive_crosssdc_cmr,hinge,1.0,0.0,0.7707934114668105,0.16605102519194284,2.201783816019694,0.016605102519194285,0.11791149112913343,0.011791149112913344,0.8689236111111112,0.5017361111111112,0.17691654132472145,0.05757402256131172,0.5945714116096497
6,7,adaptive_crosssdc_cmr,hinge,1.0,0.0,0.7198631895913018,0.1618739383088218,2.2934433354271784,0.01618739383088218,0.10381162497732374,0.010381162497732375,0.8394097222222222,0.4852430555555556,0.15364472733603585,0.05201273701257176,0.5951428413391113
6,8,adaptive_crosssdc_cmr,hinge,1.0,0.0,0.6691685385174222,0.16647647321224213,2.3216121991475425,0.016647647321224212,0.09533065971401003,0.009533065971401003,0.8237847222222222,0.4487847222222222,0.14426990267303255,0.04677483646406068,0.597428560256958
6,9,adaptive_crosssdc_cmr,hinge,1.0,0.0,0.6247807873619927,0.15400242308775583,2.2246876292758517,0.015400242308775583,0.08610806696944767,0.008610806696944768,0.7951388888888888,0.4739583333333333,0.1286519385046429,0.04468452516529295,0.5997142791748047
6,10,adaptive_crosssdc_cmr,hinge,1.0,0.0,0.5921471052699618,0.14991214209132725,2.2660535706414118,0.014991214209132726,0.08108815633588368,0.008108815633588368,0.7708333333333334,0.4149305555555556,0.12349079300959905,0.03853088617324829,0.6002857089042664
6,11,adaptive_crosssdc_cmr,hinge,1.0,0.0,0.5606535143322415,0.15727722975942823,2.179829385545519,0.015727722975942823,0.07823261701398426,0.007823261701398427,0.7612847222222222,0.4175347222222222,0.11787675072749455,0.03972677865789996,0.6022857427597046
6,12,adaptive_crosssdc_cmr,hinge,1.0,0.0,0.5320389668146769,0.1440957718425327,2.1772081587049694,0.01440957718425327,0.06989320905672179,0.00698932090567218,0.7265625,0.4184027777777778,0.10680540402730306,0.0336961584786574,0.6005714535713196
6,13,adaptive_crosssdc_cmr,hinge,1.0,0.0,0.5109191007084317,0.1497722797923618,2.2767425113254123,0.014977227979236181,0.06173836108711031,0.006173836108711032,0.7005208333333334,0.3611111111111111,0.09684070530864927,0.028127930851446256,0.6011428833007812
6,14,adaptive_crosssdc_cmr,hinge,1.0,0.0,0.49532032012939453,0.14164205392201742,2.22308357556661,0.014164205392201742,0.06547761584321658,0.006547761584321659,0.6866319444444444,0.3411458333333333,0.10242168191406462,0.029335855609840818,0.6048571467399597
6,15,adaptive_crosssdc_cmr,hinge,1.0,0.0,0.4801031251748403,0.1497939725716909,2.2482114103105335,0.01497939725716909,0.05685730982157919,0.005685730982157919,0.6779513888888888,0.3272569444444444,0.08862104266881943,0.025894126751356654,0.6031428575515747
6,16,adaptive_crosssdc_cmr,hinge,1.0,0.0,0.4624681969483693,0.14349389572938284,2.2071288691626654,0.014349389572938284,0.050974591738647886,0.005097459173864789,0.6354166666666666,0.3246527777777778,0.08102263261874516,0.021298893209960725,0.6062856912612915
6,17,adaptive_crosssdc_cmr,hinge,1.0,0.0,0.44593286514282227,0.1383698359131813,2.164550118976169,0.01383698359131813,0.047526571485731334,0.004752657148573133,0.6223958333333334,0.2760416666666667,0.07894852509101231,0.0179622583091259,0.6082857251167297
6,18,adaptive_crosssdc_cmr,hinge,1.0,0.0,0.43631576167212593,0.14382890197965834,2.289627578523424,0.014382890197965834,0.04872853226131863,0.004872853226131863,0.6180555555555556,0.2951388888888889,0.07742454691065682,0.020930473796195455,0.6079999804496765
6,19,adaptive_crosssdc_cmr,hinge,1.0,0.0,0.42486270599895054,0.1406326186325815,2.2499636279212103,0.014063261863258151,0.04464464137951533,0.004464464137951533,0.5928819444444444,0.2829861111111111,0.07289238191313213,0.016220746768845454,0.6097142696380615
6,20,adaptive_crosssdc_cmr,hinge,1.0,0.0,0.41780101590686375,0.13110407359070247,2.232830630408393,0.013110407359070248,0.038283298826879926,0.0038283298826879927,0.5746527777777778,0.2751736111111111,0.06260080635547638,0.015280475633011924,0.6079999804496765
6,21,adaptive_crosssdc_cmr,hinge,1.0,0.0,0.41821764906247455,0.1419200681977802,2.4179614649878607,0.01419200681977802,0.0384190504749616,0.0038419050474961603,0.5729166666666666,0.22395833333333334,0.06571472891502911,0.011662668652004667,0.6117143034934998
6,22,adaptive_crosssdc_cmr,hinge,1.0,0.0,0.4046285351117452,0.12662209487623638,2.2136115762922497,0.012662209487623638,0.03688500614629851,0.0036885006146298513,0.5451388888888888,0.2942708333333333,0.05920859260691537,0.01575930706328816,0.6125714182853699
6,23,adaptive_crosssdc_cmr,hinge,1.0,0.0,0.3973296450244056,0.14044823249181113,2.206287595960829,0.014044823249181113,0.03438670374453068,0.003438670374453068,0.5078125,0.2421875,0.05568680167198181,0.013551009818911552,0.6100000143051147
6,24,adaptive_crosssdc_cmr,hinge,1.0,0.0,0.39205097489886814,0.13406766454378763,2.243800083796183,0.013406766454378764,0.030569986750682194,0.0030569986750682196,0.4895833333333333,0.21875,0.051442804435888924,0.009997291904356744,0.6125714182853699
6,25,adaptive_crosssdc_cmr,hinge,1.0,0.0,0.38331667913330925,0.1330105827914344,2.2601086563534207,0.013301058279143442,0.030368757330709033,0.0030368757330709035,0.4826388888888889,0.22916666666666666,0.05103478580713272,0.010685077557961145,0.6171428561210632
6,26,adaptive_crosssdc_cmr,hinge,1.0,0.0,0.37843789325820076,0.12647821671432918,2.298897796207004,0.01264782167143292,0.02600258257653978,0.0026002582576539783,0.4479166666666667,0.1875,0.04314002932773696,0.009484103363421228,0.6162857413291931
6,27,adaptive_crosssdc_cmr,hinge,1.0,0.0,0.3749947150548299,0.13207803749375874,2.2697234948476157,0.013207803749375874,0.027594588903917208,0.002759458890391721,0.4583333333333333,0.2144097222222222,0.04692250241835912,0.009452053863141272,0.6148571372032166
6,28,adaptive_crosssdc_cmr,hinge,1.0,0.0,0.3701070017284817,0.12726750555965635,2.2806383768717446,0.012726750555965637,0.025478946872883372,0.0025478946872883376,0.4652777777777778,0.1987847222222222,0.04258400056925085,0.008676673182182841,0.6157143115997314
6,29,adaptive_crosssdc_cmr,hinge,1.0,0.0,0.36977191434966195,0.13428524964385563,2.399464819166395,0.013428524964385563,0.025198140285081334,0.0025198140285081338,0.4210069444444444,0.2065972222222222,0.04207946277327008,0.009237285703420639,0.6208571195602417
6,30,adaptive_crosssdc_cmr,hinge,1.0,0.0,0.35348642865816754,0.12544460346301398,2.2773065037197537,0.012544460346301398,0.023567851839794055,0.0023567851839794056,0.4288194444444444,0.1701388888888889,0.041125304996967316,0.006638226823674308,0.6208571195602417
6,31,adaptive_crosssdc_cmr,hinge,1.0,0.0,0.3499104744858212,0.12712725086344612,2.315999746322632,0.012712725086344613,0.02256138063967228,0.002256138063967228,0.4097222222222222,0.19444444444444445,0.03785867037044631,0.008162427072723707,0.6205714344978333
6,32,adaptive_crosssdc_cmr,hinge,1.0,0.0,0.34444775183995563,0.1341142099764612,2.3132008181677923,0.01341142099764612,0.020260392791695066,0.002026039279169507,0.3897569444444444,0.1701388888888889,0.03411587907208337,0.006980051183038288,0.6248571276664734
6,33,adaptive_crosssdc_cmr,hinge,1.0,0.0,0.33905617396036786,0.13489050169785818,2.2679597006903753,0.01348905016978582,0.020690864986843534,0.0020690864986843533,0.3984375,0.1753472222222222,0.03543479471570916,0.006482177724440892,0.6242856979370117
6,34,adaptive_crosssdc_cmr,hinge,1.0,0.0,0.3314796421262953,0.12942471520768273,2.3199323548210993,0.012942471520768273,0.018758564152651362,0.0018758564152651363,0.3836805555555556,0.18663194444444445,0.03178577125072479,0.005905085760686133,0.621999979019165
6,35,adaptive_crosssdc_cmr,hinge,1.0,0.0,0.3313482271300422,0.1346600221263038,2.320393191443549,0.01346600221263038,0.01749796647992399,0.001749796647992399,0.3671875,0.1519097222222222,0.032227666220731206,0.003622481185528967,0.6282857060432434
6,36,adaptive_crosssdc_cmr,hinge,1.0,0.0,0.3314822183714973,0.13183800710572136,2.3455925252702503,0.013183800710572137,0.01803663569606013,0.001803663569606013,0.359375,0.15104166666666666,0.032488897235857114,0.004328247573640611,0.6211428642272949
6,37,adaptive_crosssdc_cmr,hinge,1.0,0.0,0.32521042558881974,0.13099461131625706,2.3215817875332303,0.013099461131625707,0.015940573376913864,0.0015940573376913864,0.3463541666666667,0.1597222222222222,0.02782537519103951,0.004825841221544478,0.6291428804397583
6,38,adaptive_crosssdc_cmr,hinge,1.0,0.0,0.3229662709765964,0.11971171945333481,2.304771317376031,0.01197117194533348,0.015037716780271795,0.0015037716780271796,0.3402777777777778,0.13975694444444445,0.026167075253195234,0.0039869362695349585,0.6265714168548584
6,39,adaptive_crosssdc_cmr,hinge,1.0,0.0,0.32505667209625244,0.12579836448033652,2.3592139614952936,0.012579836448033652,0.01501460735582643,0.001501460735582643,0.3376736111111111,0.16666666666666666,0.025464357808232307,0.005238457893331845,0.6277142763137817
6,40,adaptive_crosssdc_cmr,hinge,1.0,0.0,0.3173057470056746,0.12180710004435645,2.292151848475138,0.012180710004435645,0.015228871773514483,0.0015228871773514483,0.3394097222222222,0.1484375,0.025871007806724973,0.004787865612241957,0.6265714168548584
6,41,adaptive_crosssdc_cmr,hinge,1.0,0.0,0.3204829957750108,0.12240909702248043,2.206408553653293,0.012240909702248044,0.015173742444150977,0.0015173742444150977,0.3480902777777778,0.1519097222222222,0.02593333481086625,0.005180540184179942,0.628000020980835
6,42,adaptive_crosssdc_cmr,hinge,1.0,0.0,0.32149966557820636,0.12216150926219092,2.3903786606258817,0.012216150926219093,0.013341552370952236,0.0013341552370952237,0.3229166666666667,0.1284722222222222,0.02388318959209654,0.0037034313297934,0.6228571534156799
6,43,adaptive_crosssdc_cmr,hinge,1.0,0.0,0.3200162682268355,0.12086659421523412,2.2495307392544217,0.012086659421523413,0.013363050607343515,0.0013363050607343517,0.3315972222222222,0.14930555555555555,0.0234310037146012,0.0042607881542709135,0.6299999952316284
6,44,adaptive_crosssdc_cmr,hinge,1.0,0.0,0.3225455946392483,0.12913600520955193,2.3371766408284507,0.012913600520955193,0.01375845493748784,0.0013758454937487842,0.3090277777777778,0.1467013888888889,0.0242424298905664,0.004041177945004569,0.6285714507102966
6,45,adaptive_crosssdc_cmr,hinge,1.0,0.0,0.31672804554303485,0.12031712879737218,2.3513884809282093,0.012031712879737219,0.013345019995338388,0.0013345019995338388,0.2960069444444444,0.14322916666666666,0.02353591016597218,0.0037671255154742133,0.6271428465843201
6,46,adaptive_crosssdc_cmr,hinge,1.0,0.0,0.31611789597405326,0.12948031144009697,2.291881481806437,0.012948031144009699,0.012263231910765171,0.001226323191076517,0.3072916666666667,0.14322916666666666,0.021337451620234385,0.0038225683901045057,0.628000020980835
6,47,adaptive_crosssdc_cmr,hinge,1.0,0.0,0.3163369430436028,0.11214984125561184,2.3351514869266086,0.011214984125561184,0.01228996231738064,0.001228996231738064,0.2838541666666667,0.12152777777777778,0.02109901648428705,0.0038534595320622125,0.6288571357727051
6,48,adaptive_crosssdc_cmr,hinge,1.0,0.0,0.30852405230204266,0.11869339644908905,2.323477453655667,0.011869339644908905,0.011991609146611558,0.001199160914661156,0.3055555555555556,0.12065972222222222,0.02154451546569665,0.0028288327157497406,0.6274285912513733
6,49,adaptive_crosssdc_cmr,hinge,1.0,0.0,0.30333548453119064,0.11982634249660704,2.3056122991773815,0.011982634249660704,0.009806470893737342,0.0009806470893737342,0.2439236111111111,0.11197916666666667,0.017682315781712532,0.0025463571978939902,0.6282857060432434
6,50,adaptive_crosssdc_cmr,hinge,1.0,0.0,0.298337502612008,0.12319654805792703,2.3491622606913247,0.012319654805792703,0.0091098769981828,0.00091098769981828,0.2621527777777778,0.1189236111111111,0.015576716719402207,0.0028900011546081966,0.62971431016922
6,51,adaptive_crosssdc_cmr,hinge,1.0,0.0,0.29331563578711617,0.11308784203396903,2.3608606391482883,0.011308784203396904,0.00973395894592007,0.0009733958945920071,0.2465277777777778,0.12065972222222222,0.017115767838226423,0.0028442032635211945,0.6268571615219116
6,52,adaptive_crosssdc_cmr,hinge,1.0,0.0,0.29642471339967513,0.11953251643313302,2.317827516131931,0.011953251643313303,0.008743533993967705,0.0008743533993967705,0.234375,0.13541666666666666,0.014705716735786863,0.0030750884777969783,0.6285714507102966
6,53,adaptive_crosssdc_cmr,hinge,1.0,0.0,0.2862533860736423,0.12669948571258122,2.2832143306732178,0.012669948571258123,0.008033126644376252,0.0008033126644376252,0.23177083333333334,0.09288194444444445,0.014139840172396766,0.002186260703537199,0.6294285655021667
6,54,adaptive_crosssdc_cmr,hinge,1.0,0.0,0.28290130694707233,0.10973081158267127,2.293748484717475,0.010973081158267128,0.007398119610216882,0.0007398119610216883,0.2309027777777778,0.13368055555555555,0.012245176153050529,0.0032148145967059666,0.6311428546905518
6,55,adaptive_crosssdc_cmr,hinge,1.0,0.0,0.2824491858482361,0.10942855146196154,2.360157940122816,0.010942855146196154,0.007496822314957778,0.0007496822314957778,0.21006944444444445,0.09288194444444445,0.013556175968713231,0.001855027551452319,0.6299999952316284
6,56,adaptive_crosssdc_cmr,hinge,1.0,0.0,0.277743399143219,0.11185446795490053,2.317736413743761,0.011185446795490054,0.006972936499449942,0.0006972936499449943,0.19444444444444445,0.11197916666666667,0.011913589098387294,0.002457754479514228,0.6282857060432434
6,57,adaptive_crosssdc_cmr,hinge,1.0,0.0,0.27814917431937325,0.11698115865389506,2.256504111819797,0.011698115865389507,0.005601291234294574,0.0005601291234294574,0.21006944444444445,0.07465277777777778,0.009892863117986254,0.0014522622028986614,0.6317142844200134
6,58,adaptive_crosssdc_cmr,hinge,1.0,0.0,0.2783687379625108,0.11545124153296153,2.382020182079739,0.011545124153296154,0.00671972774176134,0.0006719727741761341,0.21614583333333334,0.1171875,0.011579527623123594,0.0020889807492494583,0.6305714249610901
6,59,adaptive_crosssdc_cmr,hinge,1.0,0.0,0.27855438656277126,0.11666228539413875,2.3318659464518228,0.011666228539413875,0.006057230910907189,0.000605723091090719,0.2065972222222222,0.1032986111111111,0.010555637379487356,0.0021209840973218284,0.6291428804397583
6,60,adaptive_crosssdc_cmr,hinge,1.0,0.0,0.27871281570858425,0.11083915912442738,2.3187151749928794,0.01108391591244274,0.005811019490162532,0.0005811019490162532,0.2230902777777778,0.09461805555555555,0.010286336143811544,0.0016194428834650251,0.6259999871253967
6,61,adaptive_crosssdc_cmr,hinge,1.0,0.0,0.2759929100672404,0.1137624912791782,2.328415632247925,0.01137624912791782,0.005782445530510611,0.0005782445530510611,0.19444444444444445,0.10590277777777778,0.010060170251462195,0.001971831131312582,0.6305714249610901
6,62,adaptive_crosssdc_cmr,hinge,1.0,0.0,0.27312887377209133,0.11016422013441722,2.3236467838287354,0.011016422013441723,0.005142114228672451,0.0005142114228672451,0.18489583333333334,0.09027777777777778,0.008934833937221102,0.0016242052531904643,0.6308571696281433
6,63,adaptive_crosssdc_cmr,hinge,1.0,0.0,0.27341852254337734,0.11354040106137593,2.373371813032362,0.011354040106137595,0.005019858039708601,0.0005019858039708602,0.1875,0.08940972222222222,0.008638963310254945,0.0015284125175740984,0.6342856884002686
6,64,adaptive_crosssdc_cmr,hinge,1.0,0.0,0.2715631292925941,0.10739607198370828,2.347962591383192,0.010739607198370828,0.005669583618226979,0.0005669583618226979,0.1935763888888889,0.08506944444444445,0.009648665371868346,0.0018002709580792321,0.6305714249610901
6,65,adaptive_crosssdc_cmr,hinge,1.0,0.0,0.27088163958655465,0.1126666482951906,2.3485514322916665,0.01126666482951906,0.004897045282026132,0.0004897045282026131,0.1857638888888889,0.10850694444444445,0.008248273904124895,0.0019026700821187762,0.6282857060432434
6,66,adaptive_crosssdc_cmr,hinge,1.0,0.0,0.2660058769914839,0.10409752941793865,2.3308814101748996,0.010409752941793866,0.00507162726070318,0.000507162726070318,0.1918402777777778,0.0876736111111111,0.008681358769536018,0.001836050922671954,0.6308571696281433
6,67,adaptive_crosssdc_cmr,hinge,1.0,0.0,0.2670665780703227,0.10739752070771323,2.385551505618625,0.010739752070771325,0.004816759067277114,0.0004816759067277114,0.1657986111111111,0.0998263888888889,0.007890603815515837,0.00201930809352133,0.6308571696281433
6,68,adaptive_crosssdc_cmr,hinge,1.0,0.0,0.2649015188217163,0.10645977490478092,2.2739576498667398,0.010645977490478093,0.004597820781378282,0.00045978207813782824,0.17274305555555555,0.0842013888888889,0.007979222055938508,0.0014228175083796184,0.628000020980835
6,69,adaptive_crosssdc_cmr,hinge,1.0,0.0,0.2621063109901216,0.10680338243643443,2.343962457444933,0.010680338243643443,0.005377504457202222,0.0005377504457202223,0.19444444444444445,0.09809027777777778,0.009381261550717883,0.0016470435592863294,0.6331428289413452
6,70,adaptive_crosssdc_cmr,hinge,1.0,0.0,0.26490212480227154,0.11746691664059956,2.3696649604373508,0.011746691664059956,0.004783616970396704,0.0004783616970396704,0.19270833333333334,0.0859375,0.007816370576620102,0.001968356470266978,0.6299999952316284
6,71,adaptive_crosssdc_cmr,hinge,1.0,0.0,0.2641451491249932,0.10909175955586964,2.3681784205966525,0.010909175955586964,0.004821266254617108,0.00048212662546171084,0.18229166666666666,0.0798611111111111,0.008130842198928198,0.0017304263181156581,0.6302857398986816
6,72,adaptive_crosssdc_cmr,hinge,1.0,0.0,0.2626783847808838,0.1094809000690778,2.3245431582132974,0.01094809000690778,0.004095829505887296,0.0004095829505887296,0.1623263888888889,0.08159722222222222,0.006617400174339612,0.00174149043030209,0.6299999952316284
6,73,adaptive_crosssdc_cmr,hinge,1.0,0.0,0.26245025131437516,0.1109732836484909,2.3404540485805936,0.011097328364849092,0.004116875999089744,0.00041168759990897443,0.1579861111111111,0.07118055555555555,0.007129293969935841,0.001266800281074312,0.6334285736083984
6,74,adaptive_crosssdc_cmr,hinge,1.0,0.0,0.2565907720062468,0.10497675753302044,2.2952751053704157,0.010497675753302044,0.0039671167938245665,0.00039671167938245665,0.14756944444444445,0.0954861111111111,0.00617248916791545,0.0018628843956523472,0.6325713992118835
6,75,adaptive_crosssdc_cmr,hinge,1.0,0.0,0.2597770690917969,0.10779888927936554,2.289055479897393,0.010779888927936555,0.004989343048590753,0.0004989343048590753,0.1762152777777778,0.09895833333333333,0.008129502129223611,0.0021067410707473755,0.6325713992118835
6,76,adaptive_crosssdc_cmr,hinge,1.0,0.0,0.2628932131661309,0.10920473022593392,2.400544802347819,0.010920473022593392,0.004207649785611365,0.00042076497856113654,0.15625,0.09288194444444445,0.006566999480128288,0.0019682120117876264,0.6328571438789368
6,77,adaptive_crosssdc_cmr,hinge,1.0,0.0,0.26504896415604484,0.09972560322946972,2.2582927544911704,0.009972560322946973,0.005436983968441685,0.0005436983968441685,0.1918402777777778,0.11458333333333333,0.008315252968006663,0.0029870172341664634,0.6337142586708069
6,78,adaptive_crosssdc_cmr,hinge,1.0,0.0,0.2612640592787001,0.10299290716648102,2.3163720766703286,0.010299290716648103,0.004148469798059927,0.00041484697980599276,0.1675347222222222,0.0642361111111111,0.007111091373695267,0.0014417523311244117,0.6308571696281433
6,79,adaptive_crosssdc_cmr,hinge,1.0,0.0,0.2648191716935899,0.10579700850778156,2.3205672370062933,0.010579700850778157,0.004331347403220004,0.0004331347403220005,0.1909722222222222,0.0842013888888889,0.007191454370816548,0.0016267305860916774,0.6331428289413452
6,80,adaptive_crosssdc_cmr,hinge,1.0,0.0,0.27227936850653756,0.11329348468118244,2.322802437676324,0.011329348468118245,0.003908591137992011,0.00039085911379920115,0.1675347222222222,0.08333333333333333,0.006557974757419692,0.0014373159243000878,0.6308571696281433
6,81,adaptive_crosssdc_cmr,hinge,1.0,0.0,0.27426600456237793,0.11238540046744877,2.3971371120876737,0.011238540046744877,0.005767647461551759,0.000576764746155176,0.17881944444444445,0.1076388888888889,0.009041493551598655,0.0027463543746206495,0.6311428546905518
6,82,adaptive_crosssdc_cmr,hinge,1.0,0.0,0.2796943585077922,0.10496334814363056,2.322520997789171,0.010496334814363057,0.007726906850520108,0.0007726906850520108,0.23177083333333334,0.08159722222222222,0.013465970961583985,0.0023520742025640276,0.631428599357605
6,83,adaptive_crosssdc_cmr,hinge,1.0,0.0,0.31363273991478813,0.10382586469252904,2.3192481199900308,0.010382586469252905,0.010372101329267025,0.0010372101329267026,0.2508680555555556,0.1388888888888889,0.015816180656353634,0.0050274162656731075,0.6311428546905518
6,84,adaptive_crosssdc_cmr,hinge,1.0,0.0,0.30737877554363674,0.11388001508182949,2.3166689342922635,0.011388001508182949,0.009408007738076977,0.0009408007738076978,0.2569444444444444,0.11197916666666667,0.015212042464150323,0.003733458411362436,0.6274285912513733
6,85,adaptive_crosssdc_cmr,hinge,1.0,0.0,0.303425669670105,0.110519473751386,2.3136847813924155,0.0110519473751386,0.009328755291385783,0.0009328755291385783,0.2300347222222222,0.11805555555555555,0.01571062517662843,0.0035919547080993652,0.6288571357727051
6,86,adaptive_crosssdc_cmr,hinge,1.0,0.0,0.2922297716140747,0.10677389221058951,2.2482232782575817,0.010677389221058951,0.00738346731911103,0.000738346731911103,0.21614583333333334,0.10850694444444445,0.012328812438580725,0.002912926177183787,0.6325713992118835
6,87,adaptive_crosssdc_cmr,hinge,1.0,0.0,0.27773550483915543,0.10826255215538873,2.3217727873060436,0.010826255215538873,0.005843030832087,0.0005843030832087,0.18663194444444445,0.08940972222222222,0.009343114371101061,0.0024646148085594177,0.6342856884002686
6,88,adaptive_crosssdc_cmr,hinge,1.0,0.0,0.2723328305615319,0.10030776262283325,2.4148733615875244,0.010030776262283325,0.005403938134097391,0.0005403938134097391,0.18836805555555555,0.07725694444444445,0.009142173247204887,0.0020257594684759774,0.6299999952316284
6,89,adaptive_crosssdc_cmr,hinge,1.0,0.0,0.2664533820417192,0.10225603563918008,2.392760064866808,0.01022560356391801,0.003611596443483399,0.00036115964434833993,0.125,0.078125,0.005340854947765668,0.0019592688315444523,0.6342856884002686
6,90,adaptive_crosssdc_cmr,hinge,1.0,0.0,0.2612905270523495,0.11091909640365177,2.3309157954321966,0.011091909640365178,0.003599166430325972,0.0003599166430325972,0.13194444444444445,0.0685763888888889,0.005607960538731681,0.0016508172783586714,0.6374285817146301
6,91,adaptive_crosssdc_cmr,hinge,1.0,0.0,0.2609183026684655,0.10939794033765793,2.371492385864258,0.010939794033765793,0.003736461486874355,0.0003736461486874355,0.13368055555555555,0.09114583333333333,0.005455950688984659,0.0021540257665846082,0.6374285817146301
6,92,adaptive_crosssdc_cmr,hinge,1.0,0.0,0.25713636312219834,0.10037856962945726,2.4260134961869984,0.010037856962945728,0.0032246983480743235,0.00032246983480743236,0.1284722222222222,0.0763888888888889,0.0052819084376096725,0.0014714039862155914,0.6391428709030151
6,93,adaptive_crosssdc_cmr,hinge,1.0,0.0,0.25430260764227974,0.10461198455757564,2.3050208356645374,0.010461198455757565,0.003557718824595213,0.0003557718824595213,0.12065972222222222,0.0763888888888889,0.005508236380087005,0.001849441064728631,0.6368571519851685
6,94,adaptive_crosssdc_cmr,hinge,1.0,0.0,0.2589308950636122,0.10711478441953659,2.3920289410485163,0.01071147844195366,0.003575001726858318,0.0003575001726858318,0.1371527777777778,0.07291666666666667,0.0056423890507883495,0.001707394089963701,0.6425714492797852
6,95,adaptive_crosssdc_cmr,hinge,1.0,0.0,0.25881416102250415,0.10351854397190942,2.398943715625339,0.010351854397190942,0.003285533826177319,0.0003285533826177319,0.1189236111111111,0.0625,0.005038132891058922,0.0015658603774176703,0.6357142925262451
6,96,adaptive_crosssdc_cmr,hinge,1.0,0.0,0.2572216855155097,0.10811040550470352,2.3434776730007596,0.010811040550470353,0.0039024530496034357,0.0003902453049603436,0.1267361111111111,0.0859375,0.00603380302588145,0.002011854408515824,0.6388571262359619
6,97,adaptive_crosssdc_cmr,hinge,1.0,0.0,0.24894766509532928,0.10788654039303462,2.3263629807366266,0.010788654039303463,0.002544077249088635,0.0002544077249088635,0.12413194444444445,0.0763888888888889,0.0038574313124020896,0.0013809154431025188,0.6391428709030151
6,98,adaptive_crosssdc_cmr,hinge,1.0,0.0,0.2472254302766588,0.10616751594675912,2.238953881793552,0.010616751594675913,0.0021675374979774156,0.00021675374979774156,0.09809027777777778,0.06944444444444445,0.0032788144631518256,0.0013091942916313808,0.6374285817146301
6,99,adaptive_crosssdc_cmr,hinge,1.0,0.0,0.24377654161718157,0.1041078194975853,2.3754937648773193,0.01041078194975853,0.002745790950333079,0.0002745790950333079,0.1111111111111111,0.08159722222222222,0.0042082203759087455,0.0014710790581173366,0.6380000114440918
6,100,adaptive_crosssdc_cmr,hinge,1.0,0.0,0.239179950621393,0.09853888303041458,2.37803938653734,0.009853888303041458,0.002055989888807138,0.0002055989888807138,0.10590277777777778,0.06163194444444445,0.0032126071552435556,0.0010256189852952957,0.6359999775886536
6,101,adaptive_crosssdc_cmr,hinge,1.0,0.0,0.23792450461122724,0.09713306195206112,2.3428556389278836,0.009713306195206113,0.0017006032479306061,0.00017006032479306062,0.10590277777777778,0.051215277777777776,0.002636362901992268,0.0007758008109198676,0.6371428370475769
6,102,adaptive_crosssdc_cmr,hinge,1.0,0.0,0.24018295605977377,0.1059268166621526,2.3541952239142523,0.010592681666215261,0.0020880355732515454,0.00020880355732515456,0.09027777777777778,0.06770833333333333,0.003104756482773357,0.0012815106246206495,0.6374285817146301
6,103,adaptive_crosssdc_cmr,hinge,1.0,0.0,0.25141764680544537,0.10131698764032787,2.415354463789198,0.010131698764032788,0.002335848545448648,0.00023358485454486478,0.10590277777777778,0.0703125,0.0034657325595617294,0.001257063200076421,0.6351428627967834
6,104,adaptive_crosssdc_cmr,hinge,1.0,0.0,0.2493849645058314,0.09493821031517452,2.3157182534535727,0.009493821031517453,0.0034215449769463805,0.00034215449769463806,0.1423611111111111,0.0920138888888889,0.0048902856392992865,0.0020546180506547294,0.6380000114440918
6,105,adaptive_crosssdc_cmr,hinge,1.0,0.0,0.2567138506306542,0.10008133202791214,2.32720677057902,0.010008133202791215,0.004198741219523881,0.00041987412195238806,0.1605902777777778,0.0763888888888889,0.006825140780872769,0.0017617899510595533,0.6320000290870667
6,106,adaptive_crosssdc_cmr,hinge,1.0,0.0,0.26678912507163155,0.1082289492090543,2.4584524631500244,0.010822894920905431,0.004730775771248672,0.00047307757712486723,0.16145833333333334,0.09288194444444445,0.006610661124189694,0.0030426730712254844,0.6391428709030151
6,107,adaptive_crosssdc_cmr,hinge,1.0,0.0,0.2671136690510644,0.1111839868956142,2.369400050905016,0.011118398689561422,0.004882623156946566,0.0004882623156946566,0.17881944444444445,0.0842013888888889,0.007787731579608387,0.0022570881992578506,0.6351428627967834
6,108,adaptive_crosssdc_cmr,hinge,1.0,0.0,0.26302987337112427,0.09951295952002208,2.4073904620276556,0.009951295952002209,0.005062149320211675,0.0005062149320211675,0.1814236111111111,0.09635416666666667,0.007894472943411933,0.0025702284442053903,0.6365714073181152
6,109,adaptive_crosssdc_cmr,hinge,1.0,0.0,0.26744696829054093,0.09796916279527876,2.3708621660868325,0.009796916279527876,0.005543336065279113,0.0005543336065279113,0.1814236111111111,0.08854166666666667,0.008736815303564072,0.0025483260138167273,0.6411428451538086
6,110,adaptive_crosssdc_cmr,hinge,1.0,0.0,0.26223506530125934,0.10524390555090374,2.3293610678778753,0.010524390555090374,0.0037692326069292095,0.00037692326069292095,0.14322916666666666,0.07552083333333333,0.005899743487437566,0.0018093546645508872,0.6377142667770386
6,111,adaptive_crosssdc_cmr,hinge,1.0,0.0,0.27164335714446175,0.10521076619625092,2.346755451626248,0.010521076619625092,0.005113483199642764,0.0005113483199642764,0.1623263888888889,0.09461805555555555,0.008077884299887551,0.002318178200059467,0.6371428370475769
6,112,adaptive_crosssdc_cmr,hinge,1.0,0.0,0.2780543002817366,0.10785506086217032,2.3081133365631104,0.010785506086217034,0.006413694678081406,0.0006413694678081407,0.20399305555555555,0.0859375,0.010295144385761686,0.0027289396772782006,0.6348571181297302
6,113,adaptive_crosssdc_cmr,hinge,1.0,0.0,0.2919677860207028,0.09963607788085938,2.3997711075676813,0.009963607788085938,0.008409721828583214,0.0008409721828583215,0.21006944444444445,0.12065972222222222,0.013072107815080218,0.00399716343316767,0.6391428709030151
6,114,adaptive_crosssdc_cmr,hinge,1.0,0.0,0.29185914993286133,0.09948536588086022,2.3261741002400718,0.009948536588086023,0.006514756500514017,0.0006514756500514018,0.1935763888888889,0.07725694444444445,0.010173929027385183,0.002961913744608561,0.6380000114440918
6,115,adaptive_crosssdc_cmr,hinge,1.0,0.0,0.27057059937053257,0.10151395036114587,2.41902224222819,0.010151395036114588,0.005584074236038659,0.0005584074236038659,0.1736111111111111,0.08680555555555555,0.008430357194609113,0.002796359360218048,0.6380000114440918
6,116,adaptive_crosssdc_cmr,hinge,1.0,0.0,0.25789884063932633,0.09999618844853507,2.3676113022698297,0.009999618844853508,0.0038202021840131944,0.00038202021840131944,0.13020833333333334,0.08854166666666667,0.005122871241635746,0.002566244039270613,0.6405714154243469
6,117,adaptive_crosssdc_cmr,hinge,1.0,0.0,0.25168772207366097,0.10024944444497426,2.336039914025201,0.010024944444497426,0.003654330774831275,0.0003654330774831275,0.12065972222222222,0.0703125,0.005640302474300067,0.0019118566479947832,0.6371428370475769
6,118,adaptive_crosssdc_cmr,hinge,1.0,0.0,0.24705633521080017,0.10085947314898173,2.395213656955295,0.010085947314898175,0.0024677144829183817,0.0002467714482918382,0.10069444444444445,0.06336805555555555,0.0038272448711925084,0.0013237065739101833,0.6420000195503235
6,119,adaptive_crosssdc_cmr,hinge,1.0,0.0,0.24596827725569406,0.10146965665949716,2.4539059003194175,0.010146965665949716,0.0020987837601246107,0.0002098783760124611,0.09027777777777778,0.06076388888888889,0.0030257078922457164,0.0013394980794853633,0.6431428790092468
6,120,adaptive_crosssdc_cmr,hinge,1.0,0.0,0.24157398607995775,0.09715744190745884,2.302029980553521,0.009715744190745884,0.002270641555595729,0.00022706415555957292,0.1015625,0.06076388888888889,0.003296340505282084,0.001431274331278271,0.6414285898208618
6,121,adaptive_crosssdc_cmr,hinge,1.0,0.0,0.24563002751933205,0.10543083979023828,2.375571091969808,0.010543083979023829,0.0023562955644188654,0.00023562955644188655,0.09027777777777778,0.06944444444444445,0.0032328994323809943,0.0016636157201396094,0.6411428451538086
6,122,adaptive_crosssdc_cmr,hinge,1.0,0.0,0.24873702062500846,0.09906596193710963,2.476390997568766,0.009906596193710964,0.002734881864550213,0.0002734881864550213,0.11197916666666667,0.07899305555555555,0.004132571526699596,0.0015492116411526997,0.6399999856948853
6,123,adaptive_crosssdc_cmr,hinge,1.0,0.0,0.24188237554497188,0.09360773447487089,2.312524265713162,0.00936077344748709,0.001967793634523534,0.00019677936345235343,0.0954861111111111,0.05555555555555555,0.0027257493800587123,0.0012523983087804583,0.6408571600914001
6,124,adaptive_crosssdc_cmr,hinge,1.0,0.0,0.23937512271934086,0.10502791984213723,2.3141548103756375,0.010502791984213724,0.0026518991734418604,0.00026518991734418606,0.12413194444444445,0.07899305555555555,0.0040840885291496916,0.001438334584236145,0.6382856965065002
6,125,adaptive_crosssdc_cmr,hinge,1.0,0.0,0.24152108861340416,0.10115974893172582,2.2995648649003773,0.010115974893172583,0.0019361217532099949,0.0001936121753209995,0.08506944444444445,0.05295138888888889,0.002922628488805559,0.0010481439530849457,0.6394285559654236
6,126,adaptive_crosssdc_cmr,hinge,1.0,0.0,0.23811021281613243,0.09812626159853405,2.437016381157769,0.009812626159853406,0.002216304781743222,0.0002216304781743222,0.10243055555555555,0.06076388888888889,0.0034106017814742196,0.001143767601913876,0.6408571600914001
6,127,adaptive_crosssdc_cmr,hinge,1.0,0.0,0.23669212559858957,0.10002244346671635,2.446245034535726,0.010002244346671636,0.0019049398445834715,0.00019049398445834717,0.07899305555555555,0.06076388888888889,0.002448246089948548,0.0014709753708706961,0.6425714492797852
6,128,adaptive_crosssdc_cmr,hinge,1.0,0.0,0.23317961394786835,0.10000196844339371,2.355857504738702,0.010000196844339372,0.001881221645615167,0.00018812216456151672,0.0954861111111111,0.06076388888888889,0.0022868820362620884,0.0014933057957225377,0.6414285898208618
6,129,adaptive_crosssdc_cmr,hinge,1.0,0.0,0.23126874367396036,0.09650448461373647,2.3366310066647,0.009650448461373647,0.001920886415367325,0.00019208864153673252,0.0798611111111111,0.07118055555555555,0.0024825013760063383,0.0014882035967376498,0.6428571343421936
6,130,adaptive_crosssdc_cmr,hinge,1.0,0.0,0.23346780902809566,0.09827071179946263,2.3579994837443032,0.009827071179946264,0.0019851865427982477,0.00019851865427982478,0.09114583333333333,0.0625,0.0029043228262000615,0.0012093070480558607,0.6402857303619385
6,131,adaptive_crosssdc_cmr,hinge,1.0,0.0,0.23315608667002785,0.10489731116427316,2.2875499195522733,0.010489731116427316,0.0017847557416340958,0.0001784755741634096,0.0859375,0.06770833333333333,0.002370077081852489,0.0012130789044830534,0.6402857303619385
6,132,adaptive_crosssdc_cmr,hinge,1.0,0.0,0.2337675458855099,0.09850399444500606,2.3555256525675454,0.009850399444500606,0.0019270922704082397,0.00019270922704082397,0.0859375,0.06336805555555555,0.0027675728003184,0.0011056760946909587,0.6388571262359619
6,133,adaptive_crosssdc_cmr,hinge,1.0,0.0,0.2306158790985743,0.1021795661913024,2.405153512954712,0.01021795661913024,0.0012281893480879564,0.00012281893480879565,0.0720486111111111,0.04513888888888889,0.001899399691157871,0.0006594517164760166,0.6394285559654236
6,134,adaptive_crosssdc_cmr,hinge,1.0,0.0,0.23267173104816014,0.10481594254573186,2.448901096979777,0.010481594254573186,0.0016400402204857932,0.00016400402204857934,0.08159722222222222,0.06336805555555555,0.0022853329363796446,0.001091959989733166,0.6411428451538086
6,135,adaptive_crosssdc_cmr,hinge,1.0,0.0,0.2230138878027598,0.09670111702548133,2.350376155641344,0.009670111702548133,0.0013165530884483208,0.00013165530884483209,0.078125,0.05381944444444445,0.002058100783162647,0.0006811022758483887,0.6394285559654236
6,136,adaptive_crosssdc_cmr,hinge,1.0,0.0,0.2249142047431734,0.09853595660792457,2.402902470694648,0.009853595660792457,0.0012758875770183902,0.00012758875770183903,0.07465277777777778,0.05295138888888889,0.0017934516072273254,0.0008279714319441053,0.6397143006324768
6,137,adaptive_crosssdc_cmr,hinge,1.0,0.0,0.2241028133365843,0.09843434972895516,2.464022265540229,0.009843434972895517,0.001408821211144742,0.00014088212111447421,0.051215277777777776,0.06336805555555555,0.0013817846775054932,0.0015253635744253795,0.6402857303619385
6,138,adaptive_crosssdc_cmr,hinge,1.0,0.0,0.22551827960544163,0.10025604400369856,2.3537678718566895,0.010025604400369856,0.001564714391457124,0.0001564714391457124,0.08072916666666667,0.058159722222222224,0.0022358600464132098,0.0009945519268512726,0.6420000195503235
6,139,adaptive_crosssdc_cmr,hinge,1.0,0.0,0.22828470170497894,0.10249550723367268,2.336929374270969,0.010249550723367268,0.0014653436212231303,0.00014653436212231304,0.0798611111111111,0.04861111111111111,0.0022316349463330377,0.000722431888182958,0.6388571262359619
6,140,adaptive_crosssdc_cmr,hinge,1.0,0.0,0.22515366640355852,0.09903873751560847,2.393635458416409,0.009903873751560849,0.0013845634142247338,0.0001384563414224734,0.0876736111111111,0.05555555555555555,0.002054239105847147,0.0008349273767736223,0.6408571600914001
6,141,adaptive_crosssdc_cmr,hinge,1.0,0.0,0.23073399894767338,0.10823009411493938,2.409580628077189,0.010823009411493938,0.0018740261633259554,0.00018740261633259556,0.09722222222222222,0.07552083333333333,0.002567737673719724,0.001322591056426366,0.6399999856948853
6,142,adaptive_crosssdc_cmr,hinge,1.0,0.0,0.23104198608133528,0.10439729276630613,2.381133688820733,0.010439729276630614,0.002047346419810007,0.0002047346419810007,0.11024305555555555,0.0625,0.0029827052106459937,0.001170688205295139,0.6437143087387085
6,143,adaptive_crosssdc_cmr,hinge,1.0,0.0,0.2320808039771186,0.10012086811992857,2.4112909105088978,0.010012086811992858,0.0021674837917089462,0.00021674837917089464,0.1015625,0.07552083333333333,0.0029040947556495667,0.0015511788013908598,0.6391428709030151
6,144,adaptive_crosssdc_cmr,hinge,1.0,0.0,0.2339372436205546,0.10211592664321263,2.443876716825697,0.010211592664321263,0.002387297663113309,0.00023872976631133093,0.1171875,0.0763888888888889,0.003343513235449791,0.0015526039318905936,0.6397143006324768
6,145,adaptive_crosssdc_cmr,hinge,1.0,0.0,0.23259210089842478,0.09375715504089992,2.355628410975138,0.009375715504089992,0.002352937971914394,0.0002352937971914394,0.09809027777777778,0.06944444444444445,0.003199470125966602,0.0017022939605845346,0.6425714492797852
6,146,adaptive_crosssdc_cmr,hinge,1.0,0.0,0.23314439919259813,0.10065820316473643,2.4150893688201904,0.010065820316473644,0.0024405542062595487,0.00024405542062595488,0.1032986111111111,0.06597222222222222,0.003499307566218906,0.001443039211961958,0.6411428451538086
6,147,adaptive_crosssdc_cmr,hinge,1.0,0.0,0.23002371026409996,0.09339256005154715,2.2933420870039196,0.009339256005154716,0.0023298136269052825,0.00023298136269052827,0.09809027777777778,0.0685763888888889,0.003312874585390091,0.0014988904198010762,0.6405714154243469
6,148,adaptive_crosssdc_cmr,hinge,1.0,0.0,0.23440284695890215,0.10102655655807918,2.3977211581336126,0.010102655655807919,0.0021003480198689634,0.00021003480198689636,0.10850694444444445,0.058159722222222224,0.0028959065675735474,0.0013844441208574506,0.6402857303619385
6,149,adaptive_crosssdc_cmr,hinge,1.0,0.0,0.23839922580454084,0.09965331852436066,2.413706832461887,0.009965331852436067,0.002575533296395507,0.00025755332963955073,0.11631944444444445,0.06163194444444445,0.0037729518695010077,0.001454977732565668,0.6354285478591919
6,150,adaptive_crosssdc_cmr,hinge,1.0,0.0,0.24644472698370615,0.09612085421880086,2.3655540678236218,0.009612085421880086,0.004009760295351346,0.00040097602953513464,0.1484375,0.0798611111111111,0.005895882637964355,0.0021295261879762015,0.6411428451538086
6,151,adaptive_crosssdc_cmr,hinge,1.0,0.0,0.24855574634340075,0.09743783954117033,2.382870356241862,0.009743783954117034,0.003383886017319229,0.00033838860173192293,0.12413194444444445,0.09895833333333333,0.004512268842922317,0.002270446469386419,0.6417142748832703
6,152,adaptive_crosssdc_cmr,hinge,1.0,0.0,0.2470078402095371,0.10314437829785877,2.308980385462443,0.010314437829785878,0.0031405873596668243,0.00031405873596668243,0.13802083333333334,0.06510416666666667,0.004612687768207656,0.0016800517009364234,0.6431428790092468
6,153,adaptive_crosssdc_cmr,hinge,1.0,0.0,0.24995697869194877,0.0965697384542889,2.3926646179623074,0.009656973845428891,0.0033925900546212993,0.00033925900546212995,0.1267361111111111,0.07291666666666667,0.0048131052818563246,0.002023664199643665,0.6408571600914001
6,154,adaptive_crosssdc_cmr,hinge,1.0,0.0,0.24775186512205336,0.10654536386330922,2.419549968507555,0.010654536386330923,0.002829499684998559,0.0002829499684998559,0.10243055555555555,0.0703125,0.003955190173453755,0.0016820356249809265,0.6437143087387085
6,155,adaptive_crosssdc_cmr,hinge,1.0,0.0,0.23362252944045597,0.09007066239913304,2.326288753085666,0.009007066239913304,0.0028130016677702465,0.00028130016677702465,0.10850694444444445,0.0720486111111111,0.004053113775120841,0.0015962583323319752,0.6425714492797852
6,156,adaptive_crosssdc_cmr,hinge,1.0,0.0,0.23698854115274218,0.10369235608312818,2.4695728619893393,0.01036923560831282,0.002131647171659602,0.0002131647171659602,0.10069444444444445,0.05381944444444445,0.003234950825572014,0.0011378512200382021,0.6445714235305786
6,157,adaptive_crosssdc_cmr,hinge,1.0,0.0,0.2290241089132097,0.09154125468598472,2.3757666746775308,0.009154125468598472,0.0019122438259526258,0.00019122438259526258,0.0876736111111111,0.057291666666666664,0.0027588028460741043,0.0012354838351408641,0.6437143087387085
6,158,adaptive_crosssdc_cmr,hinge,1.0,0.0,0.2305783728758494,0.0963271020187272,2.2692178355322943,0.00963271020187272,0.0016709657114309568,0.0001670965711430957,0.08333333333333333,0.059027777777777776,0.00234044488105509,0.0011639890985356437,0.6431428790092468
6,159,adaptive_crosssdc_cmr,hinge,1.0,0.0,0.23658439848158094,0.09988102730777529,2.387705193625556,0.00998810273077753,0.002188923716959026,0.00021889237169590262,0.10850694444444445,0.06076388888888889,0.0032108291569683286,0.0011632883300383885,0.6411428451538086
6,160,adaptive_crosssdc_cmr,hinge,1.0,0.0,0.24403710663318634,0.09887352337439854,2.405772421095106,0.009887352337439856,0.0026361686953653893,0.00026361686953653895,0.10590277777777778,0.08246527777777778,0.003164005155364672,0.002137402279509438,0.6442857384681702
6,161,adaptive_crosssdc_cmr,hinge,1.0,0.0,0.24473327895005545,0.09826238701740901,2.407288286421034,0.009826238701740903,0.002653631019509501,0.0002653631019509501,0.1111111111111111,0.07291666666666667,0.0038059395220544604,0.001531444489955902,0.6465714573860168
6,162,adaptive_crosssdc_cmr,hinge,1.0,0.0,0.24984831445746952,0.09436389721102184,2.35601896709866,0.009436389721102185,0.003710177649433414,0.00037101776494334143,0.1371527777777778,0.06770833333333333,0.005804466704527537,0.001677197093764941,0.6380000114440918
6,163,adaptive_crosssdc_cmr,hinge,1.0,0.0,0.25909477803442216,0.1022580075595114,2.4707989427778454,0.01022580075595114,0.00561038945387635,0.0005610389453876351,0.171875,0.0998263888888889,0.007953380544980368,0.003067835337585873,0.6468571424484253
6,164,adaptive_crosssdc_cmr,hinge,1.0,0.0,0.2640950216187371,0.09924281554089652,2.3759033150143094,0.009924281554089653,0.0053998994796226425,0.0005399899479622643,0.1675347222222222,0.0703125,0.008578704049189886,0.002248935815360811,0.6399999856948853
6,165,adaptive_crosssdc_cmr,hinge,1.0,0.0,0.27822882930437726,0.09992562813891305,2.4627438916100397,0.009992562813891305,0.006888375643433796,0.0006888375643433796,0.16927083333333334,0.10243055555555555,0.00998641157315837,0.00399774747590224,0.6380000114440918
6,166,adaptive_crosssdc_cmr,hinge,1.0,0.0,0.27136305305692887,0.09560329549842411,2.408945189581977,0.009560329549842412,0.006596582527789805,0.0006596582527789805,0.1762152777777778,0.08940972222222222,0.010102144752939543,0.0033552336196104684,0.6420000195503235
6,167,adaptive_crosssdc_cmr,hinge,1.0,0.0,0.3029088079929352,0.09757402373684777,2.416702800326877,0.009757402373684778,0.010307411999545164,0.0010307411999545164,0.22916666666666666,0.0859375,0.017632474708888266,0.0028432655251688426,0.6405714154243469
6,168,adaptive_crosssdc_cmr,hinge,1.0,0.0,0.28615975711080766,0.10118221822712156,2.3577227857377796,0.010118221822712157,0.007935450257112583,0.0007935450257112583,0.1996527777777778,0.09461805555555555,0.011618906632065773,0.0037201129727893406,0.6425714492797852
6,169,adaptive_crosssdc_cmr,hinge,1.0,0.0,0.27133968306912315,0.1070684293905894,2.3172029389275446,0.010706842939058941,0.006166346422914002,0.0006166346422914002,0.1623263888888889,0.08506944444444445,0.009526835133632025,0.0029125925567415026,0.645714282989502
6,170,adaptive_crosssdc_cmr,hinge,1.0,0.0,0.25358934700489044,0.09959332562155193,2.4339544243282742,0.009959332562155193,0.00472964721524881,0.00047296472152488105,0.1362847222222222,0.0685763888888889,0.007468499864141147,0.0020320225093099806,0.6405714154243469
6,171,adaptive_crosssdc_cmr,hinge,1.0,0.0,0.2464363094833162,0.10080971072117488,2.35599684715271,0.010080971072117488,0.0030234724852359956,0.0003023472485235996,0.11024305555555555,0.06597222222222222,0.004653210648232036,0.00149909903605779,0.6460000276565552
6,172,adaptive_crosssdc_cmr,hinge,1.0,0.0,0.24521844585736594,0.09872221863932079,2.365775293774075,0.009872221863932079,0.002717433484374649,0.0002717433484374649,0.0998263888888889,0.058159722222222224,0.004104635781712002,0.0014619285033808814,0.6431428790092468
6,173,adaptive_crosssdc_cmr,hinge,1.0,0.0,0.24119848509629568,0.09094059218962987,2.410975032382541,0.009094059218962986,0.0022194068749538725,0.00022194068749538726,0.07291666666666667,0.06944444444444445,0.0028213796516259513,0.0016678960786925422,0.6477142572402954
6,174,adaptive_crosssdc_cmr,hinge,1.0,0.0,0.23308471673064762,0.09488880385955174,2.3885276317596436,0.009488880385955176,0.0014989272458478808,0.0001498927245847881,0.06684027777777778,0.05381944444444445,0.0020327963348892,0.0010017462902598912,0.6411428451538086
6,175,adaptive_crosssdc_cmr,hinge,1.0,0.0,0.23003281984064314,0.09732444667153889,2.325108766555786,0.00973244466715389,0.001551652210764587,0.0001551652210764587,0.0625,0.049479166666666664,0.001998759392235014,0.001206518875228034,0.6431428790092468
6,176,adaptive_crosssdc_cmr,hinge,1.0,0.0,0.22403166194756827,0.09327670849031872,2.3454909324645996,0.009327670849031872,0.0013017335182262792,0.00013017335182262792,0.057291666666666664,0.050347222222222224,0.0017209305531448787,0.001025560415453381,0.645714282989502
6,177,adaptive_crosssdc_cmr,hinge,1.0,0.0,0.22421399586730534,0.09508934782610999,2.3732890817854138,0.009508934782611,0.0009466548605511586,9.466548605511586e-05,0.04774305555555555,0.04600694444444445,0.001299116967452897,0.0006514444119400448,0.6397143006324768
6,178,adaptive_crosssdc_cmr,hinge,1.0,0.0,0.22466653916570875,0.09884389572673374,2.385884549882677,0.009884389572673374,0.0012632120439472299,0.000126321204394723,0.06684027777777778,0.04513888888888889,0.0016674066169394387,0.0009443037625816134,0.6439999938011169
6,179,adaptive_crosssdc_cmr,hinge,1.0,0.0,0.22241865429613325,0.09835092557801141,2.3425408204396567,0.009835092557801142,0.0010730972507088962,0.00010730972507088963,0.051215277777777776,0.04513888888888889,0.0013450938794347975,0.0008618103133307563,0.6451428532600403
6,180,adaptive_crosssdc_cmr,hinge,1.0,0.0,0.22417327264944711,0.09025865876012379,2.450630161497328,0.00902586587601238,0.0010087600158941415,0.00010087600158941416,0.06510416666666667,0.050347222222222224,0.00118637229833338,0.0009050915638605753,0.6448571681976318
6,181,adaptive_crosssdc_cmr,hinge,1.0,0.0,0.2262080195877287,0.1019620191719797,2.4448877705468073,0.01019620191719797,0.0015117140849017436,0.00015117140849017438,0.0703125,0.06163194444444445,0.0019073949919806586,0.0011701120270623101,0.6434285640716553
6,182,adaptive_crosssdc_cmr,hinge,1.0,0.0,0.2266867889298333,0.09596289445956548,2.4372375276353626,0.009596289445956549,0.0017653967887680563,0.00017653967887680565,0.09375,0.044270833333333336,0.0028393523146708808,0.0007197182211611006,0.6405714154243469
6,183,adaptive_crosssdc_cmr,hinge,1.0,0.0,0.230664966834916,0.09807652648952273,2.3308982849121094,0.009807652648952274,0.001927586453449395,0.0001927586453449395,0.08506944444444445,0.0720486111111111,0.002229554992583063,0.0016459098292721643,0.6445714235305786
6,184,adaptive_crosssdc_cmr,hinge,1.0,0.0,0.24294407334592608,0.09303780479563607,2.431143866644965,0.009303780479563607,0.002700889107978178,0.00027008891079781784,0.12413194444444445,0.07118055555555555,0.003841150552034378,0.001654631561703152,0.6428571343421936
6,185,adaptive_crosssdc_cmr,hinge,1.0,0.0,0.24029346803824106,0.09308584117227131,2.4090055889553494,0.00930858411722713,0.0025322812337738774,0.00025322812337738777,0.10069444444444445,0.05642361111111111,0.0031279104037417304,0.001960722936524285,0.6454285979270935
6,186,adaptive_crosssdc_cmr,hinge,1.0,0.0,0.23818044033315447,0.10199731671147877,2.366999864578247,0.010199731671147877,0.0026338379183370206,0.0002633837918337021,0.10503472222222222,0.06336805555555555,0.0041130172709623975,0.0012369429071744282,0.6451428532600403
6,187,adaptive_crosssdc_cmr,hinge,1.0,0.0,0.2346935106648339,0.0850139922565884,2.358680937025282,0.00850139922565884,0.001615740488179856,0.00016157404881798562,0.07552083333333333,0.0625,0.001999922924571567,0.0012425552639696333,0.6414285898208618
6,188,adaptive_crosssdc_cmr,hinge,1.0,0.0,0.2512659447060691,0.0930155689517657,2.4164744748009577,0.00930155689517657,0.0025273398754911292,0.00025273398754911295,0.11284722222222222,0.0703125,0.0037940368056297302,0.0013972001357211007,0.6431428790092468
6,189,adaptive_crosssdc_cmr,hinge,1.0,0.0,0.24847344391875797,0.09407883882522583,2.399074501461453,0.009407883882522583,0.003871847151054276,0.0003871847151054276,0.1171875,0.08333333333333333,0.005097080229057206,0.0026447661221027374,0.6451428532600403
6,190,adaptive_crosssdc_cmr,hinge,1.0,0.0,0.2486078573597802,0.0953672006726265,2.431257724761963,0.00953672006726265,0.0031481659065725077,0.0003148165906572508,0.09809027777777778,0.08854166666666667,0.0037160776555538177,0.0025381570061047873,0.6451428532600403
6,191,adaptive_crosssdc_cmr,hinge,1.0,0.0,0.2590859466128879,0.10332564844025506,2.365180015563965,0.010332564844025506,0.0038856788693616786,0.0003885678869361679,0.14149305555555555,0.07378472222222222,0.005942842819624477,0.0019263287799225913,0.6445714235305786
6,192,adaptive_crosssdc_cmr,hinge,1.0,0.0,0.2567845649189419,0.09507474965519375,2.3657509485880532,0.009507474965519375,0.0049508769944724106,0.0004950876994472411,0.14322916666666666,0.08159722222222222,0.007212170296245151,0.0026771347555849287,0.6408571600914001
6,193,adaptive_crosssdc_cmr,hinge,1.0,0.0,0.2591200073560079,0.0936204344034195,2.3853406641218395,0.009362043440341949,0.004257162347332471,0.00042571623473324714,0.13194444444444445,0.08072916666666667,0.006153243904312451,0.002489024152358373,0.6442857384681702
6,194,adaptive_crosssdc_cmr,hinge,1.0,0.0,0.2498059802585178,0.09372538328170776,2.3735694090525308,0.009372538328170777,0.0035575988133334452,0.00035575988133334455,0.11979166666666667,0.07465277777777778,0.004587256246142917,0.002596412267949846,0.645714282989502
6,195,adaptive_crosssdc_cmr,hinge,1.0,0.0,0.25763416124714744,0.10710105465518104,2.39371739493476,0.010710105465518104,0.0037025054658038747,0.0003702505465803875,0.1189236111111111,0.0842013888888889,0.005591488546795315,0.0019422864748371972,0.6377142667770386
6,196,adaptive_crosssdc_cmr,hinge,1.0,0.0,0.2511941012408998,0.09533429311381446,2.4116806983947754,0.009533429311381446,0.0035895792663925225,0.0003589579266392523,0.12152777777777778,0.0720486111111111,0.005194499467809995,0.002156204026606348,0.6428571343421936
6,197,adaptive_crosssdc_cmr,hinge,1.0,0.0,0.25011589792039657,0.09410022447506587,2.3433076010810003,0.009410022447506588,0.0038647618817372453,0.00038647618817372456,0.125,0.07291666666666667,0.0055970125314262174,0.0021807505852646297,0.6445714235305786
6,198,adaptive_crosssdc_cmr,hinge,1.0,0.0,0.24621662166383532,0.0946796362598737,2.3368899292416043,0.00946796362598737,0.0032174884238176877,0.0003217488423817688,0.11805555555555555,0.0685763888888889,0.004382855362362332,0.002005053891075982,0.6468571424484253
6,199,adaptive_crosssdc_cmr,hinge,1.0,0.0,0.24333625535170236,0.09677239424652523,2.3611163828108044,0.009677239424652524,0.002715662251123124,0.0002715662251123124,0.0998263888888889,0.0625,0.0037483016235960852,0.0019101070033179389,0.6460000276565552
7,0,adaptive_crosssdc_cmr,hinge,1.0,0.0,2.6725009414884777,0.2849837682313389,2.0078856680128307,0.028498376823133893,0.43530694974793327,0.04353069497479333,0.8524305555555556,0.6510416666666666,0.6983407272232903,0.15576918009254667,0.5572500228881836
7,1,adaptive_crosssdc_cmr,hinge,1.0,0.0,1.7226024733649359,0.2386858794424269,2.009490410486857,0.02386858794424269,0.3463285168011983,0.034632851680119835,0.9704861111111112,0.5477430555555556,0.5937808354695638,0.08065989116827647,0.5702499747276306
7,2,adaptive_crosssdc_cmr,hinge,1.0,0.0,1.3473407559924655,0.17507511377334595,2.1026891469955444,0.017507511377334594,0.17201044162114462,0.017201044162114463,0.8802083333333334,0.5269097222222222,0.2765648381577598,0.06280187889933586,0.5717499852180481
7,3,adaptive_crosssdc_cmr,hinge,1.0,0.0,1.1484316719902887,0.15082997414800856,2.0074142615000405,0.015082997414800856,0.13098173009024727,0.013098173009024728,0.8411458333333334,0.5598958333333334,0.19340387814574772,0.0640193877948655,0.5774999856948853
7,4,adaptive_crosssdc_cmr,hinge,1.0,0.0,1.0200361609458923,0.15734981497128805,2.0140292909410267,0.015734981497128805,0.1294106650683615,0.01294106650683615,0.8324652777777778,0.5824652777777778,0.18697189291318259,0.06793456234865719,0.5757499933242798
7,5,adaptive_crosssdc_cmr,hinge,1.0,0.0,0.9113866488138834,0.15015996827019584,2.079664018419054,0.015015996827019585,0.12230213565958871,0.012230213565958872,0.8194444444444444,0.5711805555555556,0.16810935735702515,0.07288955234818989,0.5772500038146973
7,6,adaptive_crosssdc_cmr,hinge,1.0,0.0,0.8288075659010146,0.13520811001459757,2.019219981299506,0.013520811001459757,0.10193403479125765,0.010193403479125765,0.7890625,0.5798611111111112,0.1363450437784195,0.06543936787380113,0.578249990940094
7,7,adaptive_crosssdc_cmr,hinge,1.0,0.0,0.7703114814228482,0.1401941114001804,2.0716820557912192,0.014019411140018041,0.10064456694655949,0.01006445669465595,0.7890625,0.6015625,0.12871494226985508,0.07012078538537025,0.578000009059906
7,8,adaptive_crosssdc_cmr,hinge,1.0,0.0,0.7207876642545065,0.14332585036754608,2.021124839782715,0.014332585036754608,0.09508062816328472,0.009508062816328473,0.75,0.5546875,0.12133128196001053,0.06697742227050993,0.5817499756813049
7,9,adaptive_crosssdc_cmr,hinge,1.0,0.0,0.6827965908580356,0.14860937661594814,2.1180188126034207,0.014860937661594815,0.08640144103103214,0.008640144103103214,0.7369791666666666,0.5581597222222222,0.11027174194653828,0.060903271867169276,0.5817499756813049
7,10,adaptive_crosssdc_cmr,hinge,1.0,0.0,0.6427875227398343,0.1345854385031594,2.0448927084604898,0.01345854385031594,0.08408363991313511,0.00840836399131351,0.7239583333333334,0.5442708333333334,0.10874970836771859,0.05867689102888107,0.5817499756813049
7,11,adaptive_crosssdc_cmr,hinge,1.0,0.0,0.6228401131100125,0.1365179585085975,2.026474780506558,0.01365179585085975,0.07547173897425334,0.0075471738974253345,0.7178819444444444,0.5069444444444444,0.09599409666326311,0.054114085932572685,0.581250011920929
7,12,adaptive_crosssdc_cmr,hinge,1.0,0.0,0.5888266563415527,0.13849214961131415,2.1008858415815563,0.013849214961131416,0.07387661685546239,0.007387661685546239,0.6996527777777778,0.4965277777777778,0.09250816371705797,0.052523746672603816,0.5827500224113464
7,13,adaptive_crosssdc_cmr,hinge,1.0,0.0,0.572445809841156,0.14724138296312755,1.9988684124416776,0.014724138296312757,0.06859226980143124,0.006859226980143124,0.6501736111111112,0.4661458333333333,0.08867642200655407,0.04807644420199924,0.5864999890327454
7,14,adaptive_crosssdc_cmr,hinge,1.0,0.0,0.5412843823432922,0.13488519274526173,2.0178927183151245,0.013488519274526174,0.06630561707748307,0.006630561707748308,0.6701388888888888,0.4487847222222222,0.08251988225513035,0.04842260624799463,0.5882499814033508
7,15,adaptive_crosssdc_cmr,hinge,1.0,0.0,0.5258469780286154,0.1395741022295422,2.0108847750557794,0.013957410222954221,0.06220131739974022,0.006220131739974022,0.6310763888888888,0.4201388888888889,0.07829126964012782,0.04544281214475632,0.5860000252723694
7,16,adaptive_crosssdc_cmr,hinge,1.0,0.0,0.5125288565953573,0.13777634998162588,2.000218484136793,0.01377763499816259,0.05735282517141766,0.0057352825171417664,0.6119791666666666,0.4357638888888889,0.07260643980569309,0.042599218587080635,0.5849999785423279
7,17,adaptive_crosssdc_cmr,hinge,1.0,0.0,0.4984009994400872,0.13213740620348188,2.1077738338046603,0.01321374062034819,0.05450997791356511,0.005450997791356511,0.6119791666666666,0.4140625,0.06973791784710354,0.03835512056118912,0.5889999866485596
7,18,adaptive_crosssdc_cmr,hinge,1.0,0.0,0.4846751160091824,0.12882218344344032,1.99019275771247,0.012882218344344033,0.05550081572598881,0.005550081572598882,0.6163194444444444,0.3810763888888889,0.073755890958839,0.0374114861090978,0.5892500281333923
7,19,adaptive_crosssdc_cmr,hinge,1.0,0.0,0.4728248318036397,0.1360929310321808,2.018028179804484,0.01360929310321808,0.047744407422012754,0.004774440742201276,0.5868055555555556,0.4019097222222222,0.062379627178112663,0.033090213106738195,0.5892500281333923
7,20,adaptive_crosssdc_cmr,hinge,1.0,0.0,0.4596870508458879,0.12496474716398451,2.048538155025906,0.012496474716398451,0.047191804067956075,0.0047191804067956075,0.5590277777777778,0.3515625,0.06333464798000124,0.030488339563210804,0.5895000100135803
7,21,adaptive_crosssdc_cmr,hinge,1.0,0.0,0.4605676465564304,0.1316107205218739,2.0845184988445706,0.01316107205218739,0.04327439640959104,0.004327439640959104,0.5572916666666666,0.3567708333333333,0.06363453757431772,0.023077799007296562,0.5922499895095825
7,22,adaptive_crosssdc_cmr,hinge,1.0,0.0,0.443599048588011,0.1349155604839325,2.026007135709127,0.01349155604839325,0.04007731253902117,0.004007731253902118,0.5355902777777778,0.3402777777777778,0.05604074108931753,0.023819496855139732,0.5929999947547913
7,23,adaptive_crosssdc_cmr,hinge,1.0,0.0,0.43664635883437264,0.12899102684524325,1.98563904232449,0.012899102684524325,0.041162841435935765,0.004116284143593577,0.5208333333333334,0.3680555555555556,0.05513304016656346,0.027327641016907163,0.5879999995231628
7,24,adaptive_crosssdc_cmr,hinge,1.0,0.0,0.42608220378557843,0.12792987873156866,2.006220963266161,0.012792987873156867,0.03531351644131872,0.0035313516441318723,0.5251736111111112,0.2829861111111111,0.05374204491575559,0.017138652089569304,0.590499997138977
7,25,adaptive_crosssdc_cmr,hinge,1.0,0.0,0.41950702998373246,0.12326352132691278,2.023150430785285,0.012326352132691279,0.03540478253530131,0.0035404782535301315,0.5138888888888888,0.3038194444444444,0.05078378402524524,0.019627937633130286,0.5872499942779541
7,26,adaptive_crosssdc_cmr,hinge,1.0,0.0,0.4111163020133972,0.11977673239178127,1.9878025717205472,0.011977673239178128,0.032725563272833824,0.0032725563272833825,0.5121527777777778,0.2951388888888889,0.048806462436914444,0.016729678958654404,0.5910000205039978
7,27,adaptive_crosssdc_cmr,hinge,1.0,0.0,0.4062555697229173,0.12048093809021844,2.0016214847564697,0.012048093809021845,0.03135717142787245,0.0031357171427872452,0.4809027777777778,0.2986111111111111,0.044562794268131256,0.018003933545615938,0.5892500281333923
7,28,adaptive_crosssdc_cmr,hinge,1.0,0.0,0.3974550995561812,0.12131978240278032,1.9391876988940768,0.012131978240278033,0.02929751533601019,0.0029297515336010192,0.4652777777777778,0.2734375,0.04500199771589703,0.01399149683614572,0.5929999947547913
7,29,adaptive_crosssdc_cmr,hinge,1.0,0.0,0.3882292906443278,0.11330029865105946,2.0357349978552923,0.011330029865105947,0.02910825527376599,0.002910825527376599,0.4565972222222222,0.2786458333333333,0.04528202282057868,0.013876208207673497,0.5879999995231628
7,30,adaptive_crosssdc_cmr,hinge,1.0,0.0,0.3846719000074599,0.12038509216573504,2.07421612739563,0.012038509216573505,0.025506085612707667,0.002550608561270767,0.4496527777777778,0.28125,0.03720038073758284,0.014037732862763934,0.590499997138977
7,31,adaptive_crosssdc_cmr,hinge,1.0,0.0,0.377112219731013,0.12457932614617878,2.0696192582448325,0.012457932614617879,0.023548288477791682,0.0023548288477791683,0.4227430555555556,0.24131944444444445,0.03622634460528692,0.011163672846224573,0.5914999842643738
7,32,adaptive_crosssdc_cmr,hinge,1.0,0.0,0.36995094683435226,0.11633775300449795,2.0631771882375083,0.011633775300449796,0.022221087167660396,0.0022221087167660397,0.4253472222222222,0.2543402777777778,0.0338882507963313,0.010684600099921227,0.5895000100135803
7,33,adaptive_crosssdc_cmr,hinge,1.0,0.0,0.36502745747566223,0.12503529836734137,2.089381376902262,0.012503529836734138,0.021801518690254953,0.002180151869025495,0.40625,0.24739583333333334,0.03485293500125408,0.009122785594728258,0.5912500023841858
7,34,adaptive_crosssdc_cmr,hinge,1.0,0.0,0.3541133801142375,0.11700911737150615,2.0470818413628473,0.011700911737150616,0.018784728418621752,0.0018784728418621754,0.3871527777777778,0.2048611111111111,0.030324395332071517,0.007267424422833655,0.5917500257492065
7,35,adaptive_crosssdc_cmr,hinge,1.0,0.0,0.3535794152153863,0.11627752002742556,2.032364990976122,0.011627752002742556,0.0184213745718201,0.00184213745718201,0.3880208333333333,0.203125,0.030000937895642385,0.0073660628663169015,0.5947499871253967
7,36,adaptive_crosssdc_cmr,hinge,1.0,0.0,0.35109031862682766,0.12287720541159312,2.0706276098887124,0.012287720541159314,0.019516970341404278,0.001951697034140428,0.3819444444444444,0.2204861111111111,0.032559683753384486,0.006823576158947415,0.5920000076293945
7,37,adaptive_crosssdc_cmr,hinge,1.0,0.0,0.3450467387835185,0.11991754008664025,1.9972470601399739,0.011991754008664026,0.018896196451452043,0.0018896196451452043,0.3680555555555556,0.2109375,0.030271967666016683,0.007797237899568345,0.590499997138977
7,38,adaptive_crosssdc_cmr,hinge,1.0,0.0,0.3471142715877957,0.11970106181171206,2.031799210442437,0.011970106181171206,0.01697503092388312,0.0016975030923883122,0.3828125,0.20225694444444445,0.027983757977684338,0.006875130658348401,0.5924999713897705
7,39,adaptive_crosssdc_cmr,hinge,1.0,0.0,0.34081244468688965,0.11648677455054389,2.139866166644626,0.01164867745505439,0.01613986761205726,0.0016139867612057263,0.3619791666666667,0.1996527777777778,0.026986995711922646,0.0057343099680211805,0.5882499814033508
7,40,adaptive_crosssdc_cmr,hinge,1.0,0.0,0.33972223930888706,0.11378683729304208,2.020337051815457,0.011378683729304208,0.014787270066638788,0.0014787270066638789,0.3576388888888889,0.1953125,0.024004147491521306,0.006060619321134355,0.59375
7,41,adaptive_crosssdc_cmr,hinge,1.0,0.0,0.34167060256004333,0.1125367714299096,2.0610939396752253,0.011253677142990961,0.01596954185515642,0.0015969541855156422,0.3802083333333333,0.1987847222222222,0.024765995641549427,0.007201634761359956,0.597000002861023
7,42,adaptive_crosssdc_cmr,hinge,1.0,0.0,0.3368221554491255,0.11945459908909267,2.167326317893134,0.011945459908909268,0.014890171277026335,0.0014890171277026337,0.3454861111111111,0.1935763888888889,0.023644280723399587,0.006362112859884898,0.5929999947547913
7,43,adaptive_crosssdc_cmr,hinge,1.0,0.0,0.3302155401971605,0.1113384680615531,2.061706794632806,0.011133846806155312,0.013722712070577674,0.0013722712070577674,0.3064236111111111,0.1857638888888889,0.02176182468732198,0.005905574808518092,0.593999981880188
7,44,adaptive_crosssdc_cmr,hinge,1.0,0.0,0.32714834147029453,0.1107694837782118,2.0010667509502835,0.01107694837782118,0.013828206807374954,0.0013828206807374956,0.3185763888888889,0.1701388888888889,0.02291502182682355,0.005272461929255062,0.5942500233650208
7,45,adaptive_crosssdc_cmr,hinge,1.0,0.0,0.32313289244969684,0.11130228224727842,2.129409763548109,0.011130228224727843,0.013607485219836235,0.0013607485219836236,0.3159722222222222,0.1657986111111111,0.022641430091526773,0.005180752732687526,0.5950000286102295
7,46,adaptive_crosssdc_cmr,hinge,1.0,0.0,0.3248104353745778,0.10664250453313191,2.1547459496392145,0.010664250453313193,0.01314774238400989,0.0013147742384009892,0.3220486111111111,0.1857638888888889,0.021045242332749896,0.005464089206523365,0.5950000286102295
7,47,adaptive_crosssdc_cmr,hinge,1.0,0.0,0.32847726345062256,0.10932538410027821,2.059538629319933,0.010932538410027823,0.013366783555183146,0.0013366783555183147,0.3107638888888889,0.1918402777777778,0.021463589742779732,0.005836460118492444,0.5927500128746033
7,48,adaptive_crosssdc_cmr,hinge,1.0,0.0,0.3286138243145413,0.11881814400355022,2.0567308266957602,0.011881814400355023,0.013181253957251707,0.0013181253957251708,0.3307291666666667,0.1857638888888889,0.021017935127019882,0.0057749274290270275,0.5929999947547913
7,49,adaptive_crosssdc_cmr,hinge,1.0,0.0,0.32433783676889205,0.11134796010123359,2.0295797718895807,0.01113479601012336,0.012439390540950827,0.001243939054095083,0.3315972222222222,0.16319444444444445,0.020477928842107456,0.004644593430889977,0.5985000133514404
7,50,adaptive_crosssdc_cmr,hinge,1.0,0.0,0.3223494456874,0.1038531255390909,2.0183434751298694,0.010385312553909091,0.013868472952809598,0.00138684729528096,0.3246527777777778,0.1892361111111111,0.02244606117407481,0.005762524488899443,0.5964999794960022
7,51,adaptive_crosssdc_cmr,hinge,1.0,0.0,0.31985201438268024,0.1031077288919025,2.1070293850368924,0.010310772889190252,0.011139529964162244,0.0011139529964162244,0.3029513888888889,0.1605902777777778,0.01803550620873769,0.004821394880612691,0.6004999876022339
7,52,adaptive_crosssdc_cmr,hinge,1.0,0.0,0.3236016035079956,0.11234803083870146,2.119312286376953,0.011234803083870147,0.012740967174371084,0.0012740967174371086,0.2925347222222222,0.15538194444444445,0.02130704600777891,0.004367286546362771,0.5892500281333923
7,53,adaptive_crosssdc_cmr,hinge,1.0,0.0,0.3180549310313331,0.11025726712412304,2.164772378073798,0.011025726712412304,0.010925488960411813,0.0010925488960411814,0.3055555555555556,0.1527777777777778,0.017565075101123914,0.004524375829431746,0.5979999899864197
7,54,adaptive_crosssdc_cmr,hinge,1.0,0.0,0.3117561406559414,0.10234464373853472,2.0692924658457437,0.010234464373853473,0.010971432965662744,0.0010971432965662744,0.2734375,0.16493055555555555,0.017971011499563854,0.004442456902729141,0.5924999713897705
7,55,adaptive_crosssdc_cmr,hinge,1.0,0.0,0.3180405894915263,0.10820738971233368,2.1268211470709906,0.010820738971233368,0.010764090965191523,0.0010764090965191522,0.2769097222222222,0.1371527777777778,0.017799291759729385,0.00399139378633764,0.5985000133514404
7,56,adaptive_crosssdc_cmr,hinge,1.0,0.0,0.30699747800827026,0.10753321978780958,2.013190097279019,0.010753321978780959,0.009725935084538328,0.0009725935084538328,0.2543402777777778,0.14583333333333334,0.017052591053975955,0.002942777756187651,0.5960000157356262
7,57,adaptive_crosssdc_cmr,hinge,1.0,0.0,0.308986140622033,0.11527173221111298,1.998434649573432,0.011527173221111298,0.009479294168866344,0.0009479294168866344,0.2664930555555556,0.14322916666666666,0.016454365725318592,0.0031967138250668845,0.5982499718666077
7,58,adaptive_crosssdc_cmr,hinge,1.0,0.0,0.3055916395452287,0.10791397425863478,2.0274774763319225,0.010791397425863478,0.00863827894338303,0.0008638278943383031,0.2595486111111111,0.1371527777777778,0.013976023842891058,0.0036388273454374736,0.5989999771118164
7,59,adaptive_crosssdc_cmr,hinge,1.0,0.0,0.3046446508831448,0.1033955348862542,2.027214527130127,0.010339553488625421,0.009374071223040422,0.0009374071223040422,0.2734375,0.14583333333333334,0.015999688249495294,0.0031400004194842446,0.5972499847412109
7,60,adaptive_crosssdc_cmr,hinge,1.0,0.0,0.3082494404580858,0.10282023499409358,1.9851412375768025,0.010282023499409359,0.009890592191368341,0.0009890592191368341,0.2682291666666667,0.15885416666666666,0.016277752195795376,0.003931446621815364,0.6029999852180481
7,61,adaptive_crosssdc_cmr,hinge,1.0,0.0,0.3109034167395698,0.10683679994609621,2.165514098273383,0.010683679994609622,0.011223247792157862,0.0011223247792157864,0.2647569444444444,0.16145833333333334,0.017486787711580593,0.005162528198626306,0.5912500023841858
7,62,adaptive_crosssdc_cmr,hinge,1.0,0.0,0.31086131268077427,0.11297476291656494,2.138938029607137,0.011297476291656495,0.010511014920969805,0.0010511014920969806,0.2690972222222222,0.16493055555555555,0.016375889173812337,0.005196121210853259,0.5962499976158142
7,63,adaptive_crosssdc_cmr,hinge,1.0,0.0,0.3080146743191613,0.10790193660391702,2.240181154674954,0.010790193660391703,0.00990014098998573,0.000990014098998573,0.2630208333333333,0.13194444444444445,0.016056066585911646,0.004082663812571102,0.5972499847412109
7,64,adaptive_crosssdc_cmr,hinge,1.0,0.0,0.3021627697679732,0.11225718508164088,2.157829920450846,0.01122571850816409,0.009004119835380051,0.0009004119835380052,0.2595486111111111,0.1371527777777778,0.01496721886926227,0.003351048462920719,0.5975000262260437
7,65,adaptive_crosssdc_cmr,hinge,1.0,0.0,0.29277602831522626,0.10614647136794196,2.0913030438952975,0.010614647136794197,0.008198363913430108,0.0008198363913430108,0.23958333333333334,0.13194444444444445,0.013555094185802672,0.003130832687020302,0.6002500057220459
7,66,adaptive_crosssdc_cmr,hinge,1.0,0.0,0.2887590030829112,0.10258694820933872,2.100986454221937,0.010258694820933873,0.006968449180324872,0.0006968449180324872,0.2074652777777778,0.11805555555555555,0.011361932588948144,0.002755821785993046,0.5997499823570251
7,67,adaptive_crosssdc_cmr,hinge,1.0,0.0,0.2921224567625258,0.10155264867676629,2.1164883507622614,0.010155264867676629,0.008287924341857433,0.0008287924341857434,0.2404513888888889,0.140625,0.013376771161953608,0.0034732655104663637,0.5995000004768372
7,68,adaptive_crosssdc_cmr,hinge,1.0,0.0,0.29693297876252067,0.10484463638729519,2.131360822253757,0.01048446363872952,0.00897978303126163,0.0008979783031261631,0.2465277777777778,0.1388888888888889,0.0142211082081,0.003759103309777048,0.5997499823570251
7,69,adaptive_crosssdc_cmr,hinge,1.0,0.0,0.2943144606219398,0.10146476162804498,2.167561663521661,0.010146476162804499,0.006500662718382146,0.0006500662718382146,0.2361111111111111,0.09461805555555555,0.011026097668541802,0.0021822748498784173,0.5992500185966492
7,70,adaptive_crosssdc_cmr,hinge,1.0,0.0,0.28745071755515206,0.10637052771117952,2.1764709684583874,0.010637052771117953,0.007052760622981522,0.0007052760622981522,0.203125,0.13975694444444445,0.010359786864784028,0.003989985833565394,0.5982499718666077
7,71,adaptive_crosssdc_cmr,hinge,1.0,0.0,0.2874425881438785,0.10799583544333775,2.086516367064582,0.010799583544333776,0.0074479045449859565,0.0007447904544985957,0.21354166666666666,0.11371527777777778,0.012535198281208674,0.0027958734167946708,0.5987499952316284
7,72,adaptive_crosssdc_cmr,hinge,1.0,0.0,0.2815914849440257,0.10931226942274305,2.127944919798109,0.010931226942274306,0.005888007167312834,0.0005888007167312835,0.1970486111111111,0.14756944444444445,0.008515076297852728,0.003305954651700126,0.6000000238418579
7,73,adaptive_crosssdc_cmr,hinge,1.0,0.0,0.2842557926972707,0.10165942625866996,2.0359004735946655,0.010165942625866996,0.00588220776990056,0.000588220776990056,0.20833333333333334,0.1032986111111111,0.009729164135124948,0.0021955840703513888,0.6027500033378601
7,74,adaptive_crosssdc_cmr,hinge,1.0,0.0,0.2777275674872928,0.10147889372375277,2.0567393832736545,0.010147889372375277,0.006226529988149802,0.0006226529988149803,0.2013888888888889,0.12065972222222222,0.010043859274850951,0.002708340891533428,0.5987499952316284
7,75,adaptive_crosssdc_cmr,hinge,1.0,0.0,0.281538016266293,0.11089469492435455,2.1565295855204263,0.011089469492435456,0.00590851716697216,0.0005908517166972161,0.20052083333333334,0.11284722222222222,0.009807500367363295,0.0021953988406393263,0.5954999923706055
7,76,adaptive_crosssdc_cmr,hinge,1.0,0.0,0.27393930819299483,0.10530227505498463,2.088261498345269,0.010530227505498464,0.0055971114585796995,0.00055971114585797,0.1935763888888889,0.12760416666666666,0.008799944072961807,0.002577759325504303,0.6014999747276306
7,77,adaptive_crosssdc_cmr,hinge,1.0,0.0,0.2702101733949449,0.10412243836455876,2.100408766004774,0.010412243836455877,0.0050252169991532964,0.0005025216999153297,0.18055555555555555,0.1111111111111111,0.008088385686278343,0.0021068911171621746,0.5989999771118164
7,78,adaptive_crosssdc_cmr,hinge,1.0,0.0,0.2734141018655565,0.09860019054677752,2.116973532570733,0.009860019054677753,0.004969172127958801,0.0004969172127958801,0.1935763888888889,0.09809027777777778,0.008351536881592538,0.0017321997632582982,0.6004999876022339
7,79,adaptive_crosssdc_cmr,hinge,1.0,0.0,0.2763243350717757,0.10791879809565014,2.0957732730441623,0.010791879809565015,0.005575146810669038,0.0005575146810669039,0.2065972222222222,0.1232638888888889,0.008875772150026428,0.0024387348029348585,0.6002500057220459
7,80,adaptive_crosssdc_cmr,hinge,1.0,0.0,0.2718135979440477,0.1002336053384675,2.0516723129484387,0.01002336053384675,0.004200823061789076,0.0004200823061789076,0.16927083333333334,0.0954861111111111,0.007057452160451148,0.001639803871512413,0.5972499847412109
7,81,adaptive_crosssdc_cmr,hinge,1.0,0.0,0.2756855818960402,0.11077195902665456,2.0971533722347684,0.011077195902665456,0.0050379627177284825,0.0005037962717728483,0.1814236111111111,0.1284722222222222,0.007313832640647888,0.0028938413080241946,0.5985000133514404
7,82,adaptive_crosssdc_cmr,hinge,1.0,0.0,0.2719357709089915,0.0962047850092252,2.0812414089838662,0.00962047850092252,0.004958764132526185,0.0004958764132526186,0.1831597222222222,0.1111111111111111,0.007585872792535358,0.0023886054340336057,0.6010000109672546
7,83,adaptive_crosssdc_cmr,hinge,1.0,0.0,0.2921159631676144,0.10094793803162044,2.053685638639662,0.010094793803162045,0.011078241953833235,0.0011078241953833235,0.28125,0.1371527777777778,0.018210134986374114,0.003958056784338421,0.6035000085830688
7,84,adaptive_crosssdc_cmr,hinge,1.0,0.0,0.2917592161231571,0.1048792873819669,2.014030840661791,0.010487928738196692,0.006893206336018112,0.0006893206336018112,0.2144097222222222,0.140625,0.010401544057660632,0.0035408958792686462,0.597000002861023
7,85,adaptive_crosssdc_cmr,hinge,1.0,0.0,0.294922669728597,0.09115927831994163,2.1528176731533475,0.009115927831994162,0.005912695804403888,0.0005912695804403888,0.2013888888888889,0.0998263888888889,0.009700666285223432,0.0023166626277897093,0.5912500023841858
7,86,adaptive_crosssdc_cmr,hinge,1.0,0.0,0.2935289839903514,0.11013599816295835,2.200249777899848,0.011013599816295835,0.008248316693223186,0.0008248316693223186,0.24131944444444445,0.1501736111111111,0.012827094851268662,0.004012771157754792,0.5982499718666077
7,87,adaptive_crosssdc_cmr,hinge,1.0,0.0,0.28953882720735336,0.09983551171090868,2.1243525743484497,0.00998355117109087,0.006423826950291793,0.0006423826950291793,0.21614583333333334,0.10850694444444445,0.010611764879690276,0.0024082476480139624,0.5957499742507935
7,88,adaptive_crosssdc_cmr,hinge,1.0,0.0,0.28350351254145306,0.09501995891332626,2.085667371749878,0.009501995891332627,0.006121618828425805,0.0006121618828425806,0.1918402777777778,0.11631944444444445,0.00919125953482257,0.0030068539910846287,0.6010000109672546
7,89,adaptive_crosssdc_cmr,hinge,1.0,0.0,0.27699152297443813,0.10278040336238013,2.1187741226620145,0.010278040336238014,0.005977580660126275,0.0005977580660126275,0.19444444444444445,0.1171875,0.008583666756749153,0.003596994404991468,0.6010000109672546
7,90,adaptive_crosssdc_cmr,hinge,1.0,0.0,0.27139286862479317,0.09870705256859462,2.116133371988932,0.009870705256859463,0.00520477785418431,0.000520477785418431,0.1762152777777778,0.10850694444444445,0.007564775024851163,0.0029788551231225333,0.5979999899864197
7,91,adaptive_crosssdc_cmr,hinge,1.0,0.0,0.2672944598727756,0.0921042917503251,2.1107077068752713,0.00921042917503251,0.0042686948112936485,0.0004268694811293649,0.1684027777777778,0.0842013888888889,0.006737636609209908,0.0018552146438095304,0.5992500185966492
7,92,adaptive_crosssdc_cmr,hinge,1.0,0.0,0.2632628281911214,0.09902024103535546,2.0388906796773276,0.009902024103535547,0.003347619824732343,0.0003347619824732343,0.14583333333333334,0.10850694444444445,0.004294257611036301,0.0023445693982972037,0.6010000109672546
7,93,adaptive_crosssdc_cmr,hinge,1.0,0.0,0.2637491325537364,0.09535541964901818,2.0339772701263428,0.00953554196490182,0.003914055155797137,0.00039140551557971374,0.14322916666666666,0.11631944444444445,0.005536536996563275,0.0026060806380377877,0.5989999771118164
7,94,adaptive_crosssdc_cmr,hinge,1.0,0.0,0.255834667219056,0.09228155182467566,2.1413725217183432,0.009228155182467567,0.003782352070427603,0.0003782352070427603,0.1597222222222222,0.0642361111111111,0.006566628399822447,0.0011274090243710412,0.5992500185966492
7,95,adaptive_crosssdc_cmr,hinge,1.0,0.0,0.2639779680305057,0.09904271860917409,2.1634724140167236,0.00990427186091741,0.003896813839673996,0.0003896813839673996,0.1519097222222222,0.09809027777777778,0.005827457747525639,0.002187670518954595,0.6017500162124634
7,96,adaptive_crosssdc_cmr,hinge,1.0,0.0,0.2656440801090664,0.09787498414516449,2.0912598503960504,0.00978749841451645,0.004770445611534847,0.0004770445611534847,0.1597222222222222,0.12413194444444445,0.006745185082157453,0.0029237338652213416,0.6012499928474426
7,97,adaptive_crosssdc_cmr,hinge,1.0,0.0,0.2663709322611491,0.09971291406287087,2.04397013452318,0.009971291406287087,0.004258633875805471,0.00042586338758054715,0.1814236111111111,0.0954861111111111,0.006443013333612018,0.002193142142560747,0.6007500290870667
7,98,adaptive_crosssdc_cmr,hinge,1.0,0.0,0.27105308572451275,0.10142201350794898,2.1932882732815213,0.010142201350794898,0.0051824359430207145,0.0005182435943020715,0.1831597222222222,0.1328125,0.006884315568539832,0.0034979217582278782,0.6002500057220459
7,99,adaptive_crosssdc_cmr,hinge,1.0,0.0,0.26449594895044964,0.09302861657407549,2.1802483399709067,0.00930286165740755,0.00411634320496685,0.000411634320496685,0.15885416666666666,0.1032986111111111,0.0061071183946397566,0.002422722884350353,0.6017500162124634
7,100,adaptive_crosssdc_cmr,hinge,1.0,0.0,0.2640301287174225,0.10369198024272919,2.1579263740115695,0.01036919802427292,0.0041807683236483074,0.0004180768323648308,0.1527777777777778,0.1015625,0.006109235187371572,0.0024705595440334743,0.5995000004768372
7,101,adaptive_crosssdc_cmr,hinge,1.0,0.0,0.2657593290011088,0.10059116780757904,2.1731829113430448,0.010059116780757904,0.004157358107881414,0.0004157358107881414,0.18229166666666666,0.10243055555555555,0.006324366562896305,0.0019604044242037665,0.5987499952316284
7,102,adaptive_crosssdc_cmr,hinge,1.0,0.0,0.2715960277451409,0.09242112686236699,2.1365631686316595,0.0092421126862367,0.004447910546635588,0.00044479105466355877,0.17881944444444445,0.08940972222222222,0.0067866262462404035,0.002204825480779012,0.6010000109672546
7,103,adaptive_crosssdc_cmr,hinge,1.0,0.0,0.2683543430434333,0.09825547950135337,2.0480457544326782,0.009825547950135337,0.005368865767700804,0.0005368865767700805,0.1796875,0.1154513888888889,0.0072551764961746,0.0034752426048119864,0.5975000262260437
7,104,adaptive_crosssdc_cmr,hinge,1.0,0.0,0.27512314584520126,0.0925425531135665,2.1124417781829834,0.00925425531135665,0.00521159777417779,0.000521159777417779,0.1796875,0.11805555555555555,0.007907350858052572,0.00271617683271567,0.6017500162124634
7,105,adaptive_crosssdc_cmr,hinge,1.0,0.0,0.27570923169453937,0.09948621855841742,2.1228886710272894,0.009948621855841742,0.005242875621964534,0.0005242875621964534,0.17274305555555555,0.1111111111111111,0.007380096655752923,0.003216481457153956,0.5964999794960022
7,106,adaptive_crosssdc_cmr,hinge,1.0,0.0,0.27794989612367416,0.10510197364621693,2.1297655635409884,0.010510197364621693,0.005075021957357724,0.0005075021957357725,0.16319444444444445,0.1267361111111111,0.006846776025162803,0.0033019226458337572,0.6012499928474426
7,107,adaptive_crosssdc_cmr,hinge,1.0,0.0,0.27367204758856034,0.09366823815637165,2.11855149269104,0.009366823815637165,0.006068930573140581,0.0006068930573140582,0.20225694444444445,0.10069444444444445,0.009236243036058214,0.0027895013077391517,0.6012499928474426
7,108,adaptive_crosssdc_cmr,hinge,1.0,0.0,0.2756834758652581,0.09704521215624279,2.109534846411811,0.00970452121562428,0.0060898057288593715,0.0006089805728859372,0.18663194444444445,0.11371527777777778,0.008857557136151526,0.003325124995576011,0.5982499718666077
7,109,adaptive_crosssdc_cmr,hinge,1.0,0.0,0.27893152832984924,0.10257791479428609,2.1583208507961698,0.01025779147942861,0.00586354600576063,0.000586354600576063,0.1814236111111111,0.09722222222222222,0.008955195132229064,0.0027161588271458945,0.5985000133514404
7,110,adaptive_crosssdc_cmr,hinge,1.0,0.0,0.2758016751872169,0.09726746877034505,2.104053338368734,0.009726746877034505,0.005361308680019445,0.0005361308680019445,0.1935763888888889,0.10850694444444445,0.008218290698197152,0.0026744643433226477,0.5997499823570251
7,111,adaptive_crosssdc_cmr,hinge,1.0,0.0,0.265185061428282,0.10591633783446418,2.1479163434770374,0.010591633783446418,0.003425827689675821,0.0003425827689675821,0.1388888888888889,0.08854166666666667,0.005132150111926926,0.0018284983105129665,0.6004999876022339
7,112,adaptive_crosssdc_cmr,hinge,1.0,0.0,0.26099927723407745,0.09387009259727266,2.141767316394382,0.009387009259727267,0.004085401150708397,0.0004085401150708397,0.1467013888888889,0.08246527777777778,0.00607330310675833,0.0020061073203881583,0.6042500138282776
7,113,adaptive_crosssdc_cmr,hinge,1.0,0.0,0.2587102386686537,0.1004756713906924,2.185105668173896,0.01004756713906924,0.0031058339324469366,0.00031058339324469366,0.13802083333333334,0.08506944444444445,0.004408290195796225,0.0016747559938165876,0.6052500009536743
7,114,adaptive_crosssdc_cmr,hinge,1.0,0.0,0.25278231170442367,0.08933339185184902,2.073954463005066,0.008933339185184902,0.002657664888021019,0.0002657664888021019,0.11371527777777778,0.07378472222222222,0.003839042451646593,0.0015102496577633752,0.6025000214576721
7,115,adaptive_crosssdc_cmr,hinge,1.0,0.0,0.25488359563880497,0.09710773825645447,2.152730703353882,0.009710773825645447,0.003921224464041491,0.0003921224464041491,0.1388888888888889,0.10416666666666667,0.0058047111249632305,0.002100627455446455,0.6032500267028809
7,116,adaptive_crosssdc_cmr,hinge,1.0,0.0,0.24767742057641348,0.09346035702361001,2.162637790044149,0.009346035702361002,0.002829626694114672,0.0002829626694114672,0.11371527777777778,0.08072916666666667,0.003669000127249294,0.001981556001636717,0.6027500033378601
7,117,adaptive_crosssdc_cmr,hinge,1.0,0.0,0.24570882651540968,0.09093842489851846,2.1848518318600125,0.009093842489851846,0.0027678515244689253,0.00027678515244689255,0.12152777777777778,0.06510416666666667,0.004395610135462549,0.0011944218228260677,0.6014999747276306
7,118,adaptive_crosssdc_cmr,hinge,1.0,0.0,0.2398891978793674,0.08389914366934034,2.0658395952648587,0.008389914366934035,0.0019339369609951973,0.00019339369609951975,0.09809027777777778,0.06510416666666667,0.002725007633368174,0.001210437880622016,0.6065000295639038
7,119,adaptive_crosssdc_cmr,hinge,1.0,0.0,0.2384499791595671,0.08868430968787935,2.044612752066718,0.008868430968787935,0.002430299988999549,0.0002430299988999549,0.12152777777777778,0.08159722222222222,0.0034772931701607173,0.0014275552497969733,0.6000000238418579
7,120,adaptive_crosssdc_cmr,hinge,1.0,0.0,0.24045073489348093,0.08791265967819425,2.137866841422187,0.008791265967819427,0.0017792615625593397,0.000177926156255934,0.09027777777777778,0.07465277777777778,0.0024129971861839294,0.001203846393360032,0.6029999852180481
7,121,adaptive_crosssdc_cmr,hinge,1.0,0.0,0.24026893410417768,0.09038884937763214,2.084552182091607,0.009038884937763215,0.002259670407511294,0.0002259670407511294,0.10243055555555555,0.0954861111111111,0.0027921079761452144,0.001674691422118081,0.6050000190734863
7,122,adaptive_crosssdc_cmr,hinge,1.0,0.0,0.24272950655884212,0.09301691833469602,2.063744717174106,0.009301691833469603,0.0023902077745232317,0.00023902077745232317,0.12239583333333333,0.08333333333333333,0.0032737975319226584,0.001433421133293046,0.6010000109672546
7,123,adaptive_crosssdc_cmr,hinge,1.0,0.0,0.24172963367568123,0.09454160266452366,2.19146826532152,0.009454160266452367,0.0023500003282808596,0.00023500003282808597,0.109375,0.08854166666666667,0.0034437738358974457,0.0013856713970502217,0.6044999957084656
7,124,adaptive_crosssdc_cmr,hinge,1.0,0.0,0.24146501388814715,0.09378968096441692,2.201027578777737,0.009378968096441693,0.002362616062681708,0.00023626160626817082,0.11371527777777778,0.07899305555555555,0.003053756844666269,0.001651098123855061,0.6027500033378601
7,125,adaptive_crosssdc_cmr,hinge,1.0,0.0,0.24063689013322195,0.0988050757182969,2.103282504611545,0.009880507571829691,0.0023736438209501407,0.00023736438209501408,0.10416666666666667,0.09288194444444445,0.0029363632202148438,0.0016841528316338856,0.6057500243186951
7,126,adaptive_crosssdc_cmr,hinge,1.0,0.0,0.2386088420947393,0.09750839074452718,2.157503604888916,0.009750839074452719,0.0018980284221470356,0.00018980284221470356,0.0998263888888889,0.078125,0.0023858046366108786,0.0013260266019238366,0.6022499799728394
7,127,adaptive_crosssdc_cmr,hinge,1.0,0.0,0.23689516385396323,0.09524535139401753,2.0709182951185436,0.009524535139401755,0.002362626087334421,0.00023626260873344212,0.1154513888888889,0.09288194444444445,0.0026780772540304395,0.0019084227581818898,0.6032500267028809
7,128,adaptive_crosssdc_cmr,hinge,1.0,0.0,0.23790579206413692,0.09417819645669726,2.177737580405341,0.009417819645669727,0.0020219345654671392,0.00020219345654671393,0.1189236111111111,0.07291666666666667,0.0029084941165314782,0.001044667429394192,0.6037499904632568
7,129,adaptive_crosssdc_cmr,hinge,1.0,0.0,0.24247542354795668,0.0964486375451088,2.1762532128228083,0.009644863754510881,0.0028064530472167665,0.00028064530472167665,0.125,0.07552083333333333,0.004204935290747219,0.0013828674952189128,0.6029999852180481
7,130,adaptive_crosssdc_cmr,hinge,1.0,0.0,0.24475064873695374,0.09497864130470487,2.063160631391737,0.009497864130470489,0.0031725891814049748,0.0003172589181404975,0.1423611111111111,0.09722222222222222,0.004072227411799961,0.0022775431474049888,0.6010000109672546
7,131,adaptive_crosssdc_cmr,hinge,1.0,0.0,0.25090912481149036,0.09709292650222778,2.125275664859348,0.00970929265022278,0.003324381256889966,0.0003324381256889966,0.1345486111111111,0.0954861111111111,0.003948876841200722,0.0026214967171351113,0.6022499799728394
7,132,adaptive_crosssdc_cmr,hinge,1.0,0.0,0.2446985443433126,0.0952412345343166,2.1021025710635715,0.009524123453431661,0.00296713600659536,0.00029671360065953604,0.1310763888888889,0.10416666666666667,0.0037013598614268834,0.0022829806225167382,0.6025000214576721
7,133,adaptive_crosssdc_cmr,hinge,1.0,0.0,0.25700482063823277,0.0936950362390942,2.1854728857676187,0.00936950362390942,0.004272432351070974,0.0004272432351070974,0.1684027777777778,0.10590277777777778,0.006087505982981788,0.0023910924792289734,0.5972499847412109
7,134,adaptive_crosssdc_cmr,hinge,1.0,0.0,0.26067545347743565,0.08576516641510858,2.147623406516181,0.008576516641510858,0.00556551447759072,0.0005565514477590721,0.20399305555555555,0.09895833333333333,0.008312874577111669,0.002748626387781567,0.6022499799728394
7,135,adaptive_crosssdc_cmr,hinge,1.0,0.0,0.25497398773829144,0.08724500735600789,2.1185231341256037,0.00872450073560079,0.004208304376030962,0.0004208304376030962,0.16927083333333334,0.11371527777777778,0.006051195164521535,0.0024827358623345694,0.6007500290870667
7,136,adaptive_crosssdc_cmr,hinge,1.0,0.0,0.2541952133178711,0.09209302812814713,2.171052190992567,0.009209302812814712,0.003231845899588532,0.0003231845899588532,0.13802083333333334,0.0720486111111111,0.004856522505482038,0.001511067772905032,0.6044999957084656
7,137,adaptive_crosssdc_cmr,hinge,1.0,0.0,0.25046219262811875,0.086688874496354,2.14184922642178,0.0086688874496354,0.003710703484507071,0.00037107034845070713,0.1388888888888889,0.0842013888888889,0.0055606743941704435,0.0018479466024372312,0.6032500267028809
7,138,adaptive_crosssdc_cmr,hinge,1.0,0.0,0.24824588166342842,0.10067466149727504,2.127202855216132,0.010067466149727505,0.0033247519362096987,0.0003324751936209699,0.13194444444444445,0.08940972222222222,0.004447507361570994,0.00218703370127413,0.6014999747276306
7,139,adaptive_crosssdc_cmr,hinge,1.0,0.0,0.24497047397825453,0.09611257331238852,2.094905720816718,0.009611257331238854,0.0022466733482562834,0.00022466733482562836,0.10503472222222222,0.0625,0.003507849242952135,0.0009252921574645572,0.6002500057220459
7,140,adaptive_crosssdc_cmr,hinge,1.0,0.0,0.27856439020898605,0.09652143551243676,2.149579498502943,0.009652143551243678,0.007653015613969829,0.000765301561396983,0.2144097222222222,0.11197916666666667,0.01188567260073291,0.002898057922720909,0.6014999747276306
7,141,adaptive_crosssdc_cmr,hinge,1.0,0.0,0.2750936581028832,0.09812245517969131,2.175743712319268,0.009812245517969132,0.006935974169108603,0.0006935974169108603,0.20399305555555555,0.1171875,0.010235181078314781,0.0031491509742206996,0.6025000214576721
7,142,adaptive_crosssdc_cmr,hinge,1.0,0.0,0.2705313364664714,0.10180302212635677,2.1484034061431885,0.010180302212635677,0.005108733920173513,0.0005108733920173513,0.1605902777777778,0.1076388888888889,0.006509791231817669,0.003537758770916197,0.6027500033378601
7,143,adaptive_crosssdc_cmr,hinge,1.0,0.0,0.280936320622762,0.1044245312611262,2.179923587375217,0.010442453126112621,0.006033432928638326,0.0006033432928638327,0.19444444444444445,0.11458333333333333,0.008916278266244464,0.0029744168536530603,0.5962499976158142
7,144,adaptive_crosssdc_cmr,hinge,1.0,0.0,0.2806631194220649,0.09453180846240786,2.0670507086647882,0.009453180846240786,0.005929353000182245,0.0005929353000182245,0.1796875,0.11197916666666667,0.008574090898036957,0.003450012041462792,0.6042500138282776
7,145,adaptive_crosssdc_cmr,hinge,1.0,0.0,0.2895662850803799,0.09739705754650964,2.208713796403673,0.009739705754650965,0.00702689608765973,0.000702689608765973,0.19791666666666666,0.0954861111111111,0.011453593563702371,0.0026160522053639093,0.6032500267028809
7,146,adaptive_crosssdc_cmr,hinge,1.0,0.0,0.28610378834936356,0.09923705210288365,2.2015726036495633,0.009923705210288366,0.00788248268266519,0.000788248268266519,0.1909722222222222,0.1310763888888889,0.01061925809416506,0.0049635788632763755,0.5962499976158142
7,147,adaptive_crosssdc_cmr,hinge,1.0,0.0,0.29295676284366184,0.0912202646334966,2.042507780922784,0.00912202646334966,0.007449330244627263,0.0007449330244627264,0.20052083333333334,0.1015625,0.01200956768459744,0.0029390346672799853,0.6019999980926514
7,148,adaptive_crosssdc_cmr,hinge,1.0,0.0,0.2742529610792796,0.09330422679583232,2.083842462963528,0.009330422679583233,0.005401194095611572,0.0005401194095611573,0.15538194444444445,0.09635416666666667,0.008135986410909228,0.0029592919680807325,0.6014999747276306
7,149,adaptive_crosssdc_cmr,hinge,1.0,0.0,0.26522910594940186,0.09190245221058528,2.1459091107050576,0.009190245221058529,0.004171580076217651,0.00041715800762176514,0.14756944444444445,0.09027777777777778,0.005643829082449277,0.002728323141733805,0.6014999747276306
7,150,adaptive_crosssdc_cmr,hinge,1.0,0.0,0.25417520271407235,0.08652478042576048,2.1238937377929688,0.008652478042576048,0.004139456302962369,0.00041394563029623695,0.13368055555555555,0.10677083333333333,0.005262848610679309,0.0029078655772738988,0.6019999980926514
7,151,adaptive_crosssdc_cmr,hinge,1.0,0.0,0.24971502522627512,0.09023056013716592,2.126753250757853,0.009023056013716592,0.0027497728070658115,0.00027497728070658117,0.125,0.057291666666666664,0.004076959979203012,0.0013733042611016168,0.6017500162124634
7,152,adaptive_crosssdc_cmr,hinge,1.0,0.0,0.24117713504367405,0.09205324285560185,2.1160554620954724,0.009205324285560186,0.0016195160310922398,0.000161951603109224,0.06944444444444445,0.0625,0.002266081670920054,0.0009454399761226443,0.6027500033378601
7,153,adaptive_crosssdc_cmr,hinge,1.0,0.0,0.24046097695827484,0.09110338158077663,2.08556686507331,0.009110338158077663,0.0021467121809514034,0.00021467121809514035,0.0920138888888889,0.06510416666666667,0.002734543341729376,0.0015339677532513936,0.6000000238418579
7,154,adaptive_crosssdc_cmr,hinge,1.0,0.0,0.2407534039682812,0.0954525801870558,2.00159396065606,0.00954525801870558,0.002379031735472381,0.00023790317354723813,0.1076388888888889,0.08072916666666667,0.0029073204431268903,0.0017360966238710615,0.6052500009536743
7,155,adaptive_crosssdc_cmr,hinge,1.0,0.0,0.2538056953085793,0.09114617274867164,2.1713270081414118,0.009114617274867164,0.003688046721638077,0.0003688046721638077,0.13194444444444445,0.09635416666666667,0.004363411416610082,0.002935939985844824,0.6032500267028809
7,156,adaptive_crosssdc_cmr,hinge,1.0,0.0,0.2637619690762626,0.09070358508163029,2.17185460196601,0.00907035850816303,0.004902035075550278,0.0004902035075550278,0.14930555555555555,0.09722222222222222,0.00615010079410341,0.00344007917576366,0.6037499904632568
7,157,adaptive_crosssdc_cmr,hinge,1.0,0.0,0.26331881682078045,0.09445723311768638,2.150516324573093,0.009445723311768638,0.0033251080248090955,0.0003325108024809096,0.13194444444444445,0.09461805555555555,0.004329406966765721,0.0025044741729895272,0.5989999771118164
7,158,adaptive_crosssdc_cmr,hinge,1.0,0.0,0.2658702962928348,0.08886007385121451,2.17290465037028,0.008886007385121452,0.004934808679131998,0.0004934808679131998,0.17881944444444445,0.10416666666666667,0.007101682532164786,0.0028018889327843985,0.6060000061988831
7,159,adaptive_crosssdc_cmr,hinge,1.0,0.0,0.2743792368306054,0.09909759213527043,2.1515985329945884,0.009909759213527044,0.005224711158209377,0.0005224711158209377,0.1684027777777778,0.09027777777777778,0.007215453311800957,0.0029443643159336513,0.6029999852180481
7,160,adaptive_crosssdc_cmr,hinge,1.0,0.0,0.2799588673644596,0.0956244750155343,2.197829008102417,0.00956244750155343,0.005991066288616922,0.0005991066288616922,0.19444444444444445,0.11284722222222222,0.00855156323975987,0.0031714638074239096,0.6014999747276306
7,161,adaptive_crosssdc_cmr,hinge,1.0,0.0,0.28093218472268844,0.09550980478525162,2.0860672659344144,0.009550980478525163,0.005773273063823581,0.000577327306382358,0.1857638888888889,0.09809027777777778,0.008390995156433847,0.0031517822709348467,0.6054999828338623
7,162,adaptive_crosssdc_cmr,hinge,1.0,0.0,0.27390198243988884,0.09484606981277466,2.190114312701755,0.009484606981277467,0.0048467617274986375,0.00048467617274986375,0.1310763888888889,0.1076388888888889,0.00587146273917622,0.0038307098050912223,0.6004999876022339
7,163,adaptive_crosssdc_cmr,hinge,1.0,0.0,0.2642551196946038,0.09232580578989452,2.046639574898614,0.009232580578989453,0.005254297995836371,0.000525429799583637,0.1684027777777778,0.07725694444444445,0.007859610848956637,0.0025338493287563324,0.5987499952316284
7,164,adaptive_crosssdc_cmr,hinge,1.0,0.0,0.2537819660372204,0.0905116316345003,2.065282861391703,0.00905116316345003,0.0035286572011601594,0.000352865720116016,0.1293402777777778,0.07899305555555555,0.00513499126666122,0.0018575593001312679,0.6010000109672546
7,165,adaptive_crosssdc_cmr,hinge,1.0,0.0,0.2476369407441881,0.09287514703141318,2.0567493968539767,0.009287514703141318,0.0026378612706644666,0.0002637861270664467,0.11979166666666667,0.07725694444444445,0.0035830680280923843,0.0016842380993896061,0.6029999852180481
7,166,adaptive_crosssdc_cmr,hinge,1.0,0.0,0.24694940447807312,0.09039125674300724,2.109548701180352,0.009039125674300725,0.0027451120420462554,0.00027451120420462555,0.10416666666666667,0.07725694444444445,0.0034670188195175594,0.0019905558890766567,0.5979999899864197
7,167,adaptive_crosssdc_cmr,hinge,1.0,0.0,0.2538321978516049,0.0923683891693751,2.2484500408172607,0.009236838916937511,0.002923155087046325,0.00029231550870463253,0.1328125,0.08072916666666667,0.0036440634479125342,0.002223635713259379,0.6017500162124634
7,168,adaptive_crosssdc_cmr,hinge,1.0,0.0,0.2445422328180737,0.09549628694852193,2.1179992887708874,0.009549628694852194,0.003315628713203801,0.0003315628713203801,0.12760416666666666,0.0703125,0.0044851948817571,0.0019904913173781503,0.6047499775886536
7,169,adaptive_crosssdc_cmr,hinge,1.0,0.0,0.24379177722665998,0.09012572384542888,2.1340654691060386,0.009012572384542889,0.0028910196205187175,0.00028910196205187176,0.12065972222222222,0.07899305555555555,0.00399639540248447,0.0017908385230435266,0.6037499904632568
7,170,adaptive_crosssdc_cmr,hinge,1.0,0.0,0.2476247102022171,0.09515820112493303,2.111995365884569,0.009515820112493304,0.0024280044664111403,0.00024280044664111403,0.09635416666666667,0.07552083333333333,0.003129430736104647,0.0016402831921974819,0.6067500114440918
7,171,adaptive_crosssdc_cmr,hinge,1.0,0.0,0.2528768132130305,0.08692544202009837,2.09554562303755,0.008692544202009838,0.0069684610288176276,0.0006968461028817628,0.16666666666666666,0.08246527777777778,0.011182785034179688,0.0021626626451810202,0.6037499904632568
7,172,adaptive_crosssdc_cmr,hinge,1.0,0.0,0.26054762138260734,0.0931917859448327,2.083339982562595,0.00931917859448327,0.004879527621799045,0.0004879527621799045,0.1527777777777778,0.0876736111111111,0.007083661233385404,0.0024982616305351257,0.6029999852180481
7,173,adaptive_crosssdc_cmr,hinge,1.0,0.0,0.24981580509079826,0.09039558635817634,2.1329254309336343,0.009039558635817634,0.003436001923142208,0.0003436001923142208,0.140625,0.07899305555555555,0.005014069999257724,0.0018082039637698068,0.6047499775886536
7,174,adaptive_crosssdc_cmr,hinge,1.0,0.0,0.24437403513325584,0.09054382890462875,2.1571624279022217,0.009054382890462875,0.0029507281012936598,0.000295072810129366,0.11197916666666667,0.07725694444444445,0.003977625113394525,0.0018159705731603834,0.6047499775886536
7,175,adaptive_crosssdc_cmr,hinge,1.0,0.0,0.24199251665009391,0.08909597992897034,2.1404530472225614,0.008909597992897034,0.0020398022865669597,0.000203980228656696,0.08854166666666667,0.06597222222222222,0.0022848008407486808,0.001683027380042606,0.6052500009536743
7,176,adaptive_crosssdc_cmr,hinge,1.0,0.0,0.23502642081843483,0.09261332783434126,2.078927437464396,0.009261332783434125,0.0020184609262893596,0.00020184609262893598,0.1015625,0.0625,0.002661755101548301,0.0012536123394966125,0.6077499985694885
7,177,adaptive_crosssdc_cmr,hinge,1.0,0.0,0.24410774641566807,0.0935593851738506,2.2173509862687855,0.00935593851738506,0.0024608674769600234,0.00024608674769600235,0.1189236111111111,0.0859375,0.0031369939032528135,0.0018094819453027514,0.6039999723434448
7,178,adaptive_crosssdc_cmr,hinge,1.0,0.0,0.24547959367434183,0.0942667888270484,2.178913328382704,0.00942667888270484,0.002379481835911671,0.00023794818359116712,0.09809027777777778,0.06944444444444445,0.002954905852675438,0.0016479069987932842,0.6075000166893005
7,179,adaptive_crosssdc_cmr,hinge,1.0,0.0,0.24171887503729927,0.0899131985174285,2.095098866356744,0.008991319851742851,0.0032399197936885888,0.0003239919793688589,0.11805555555555555,0.0842013888888889,0.004241678449842665,0.00211069422463576,0.6047499775886536
7,180,adaptive_crosssdc_cmr,hinge,1.0,0.0,0.24745606051550972,0.08702588412496778,2.1204112900627985,0.008702588412496779,0.0029248172520763343,0.00029248172520763345,0.11371527777777778,0.07552083333333333,0.003595193848013878,0.0021405344208081565,0.6014999747276306
7,181,adaptive_crosssdc_cmr,hinge,1.0,0.0,0.24061318073007795,0.09286758220858043,2.0758430427975125,0.009286758220858045,0.002895940935963558,0.0002895940935963558,0.10590277777777778,0.08680555555555555,0.0033136018448405797,0.0024255456195937265,0.6025000214576721
7,182,adaptive_crosssdc_cmr,hinge,1.0,0.0,0.23851580917835236,0.09947127766079372,2.13872668478224,0.009947127766079374,0.0021702084793812698,0.000217020847938127,0.10416666666666667,0.07291666666666667,0.0024544609089692435,0.0017610395120249854,0.606249988079071
7,183,adaptive_crosssdc_cmr,hinge,1.0,0.0,0.23468513621224296,0.09575394872162077,2.1459226078457303,0.009575394872162078,0.0018858008552342653,0.00018858008552342654,0.09809027777777778,0.0720486111111111,0.0022257535407940545,0.001554997016986211,0.6027500033378601
7,184,adaptive_crosssdc_cmr,hinge,1.0,0.0,0.2348669187890159,0.09160167889462577,2.177375237147013,0.009160167889462577,0.0021303674309617942,0.00021303674309617942,0.09027777777777778,0.06944444444444445,0.0025910286025868524,0.0015682224184274673,0.6042500138282776
7,185,adaptive_crosssdc_cmr,hinge,1.0,0.0,0.23517502182059818,0.08837604274352391,2.130599710676405,0.008837604274352392,0.0021319891093298793,0.00021319891093298795,0.08854166666666667,0.0763888888888889,0.0025992697725693383,0.0015866530852185355,0.6035000085830688
7,186,adaptive_crosssdc_cmr,hinge,1.0,0.0,0.2395433568292194,0.08431322044796413,2.1686698065863714,0.008431322044796413,0.002252060570754111,0.0002252060570754111,0.10677083333333333,0.08506944444444445,0.0028075728979375628,0.001577403810289171,0.6039999723434448
7,187,adaptive_crosssdc_cmr,hinge,1.0,0.0,0.23494523101382786,0.0838400845726331,2.055534389283922,0.00838400845726331,0.0025572393141272995,0.00025572393141272995,0.10416666666666667,0.0876736111111111,0.0028396880047188867,0.0021654911753204134,0.6007500290870667
7,188,adaptive_crosssdc_cmr,hinge,1.0,0.0,0.2391214817762375,0.09354318098889457,2.116482204861111,0.009354318098889458,0.0026571604733665786,0.00026571604733665786,0.0954861111111111,0.09027777777777778,0.0026011448353528976,0.0026412084698677063,0.6029999852180481
7,189,adaptive_crosssdc_cmr,hinge,1.0,0.0,0.24212551944785649,0.09276456882556279,2.1779961321089,0.009276456882556279,0.0025049103423953056,0.0002504910342395306,0.1076388888888889,0.08246527777777778,0.003078347692886988,0.0019428229166401757,0.6035000085830688
7,190,adaptive_crosssdc_cmr,hinge,1.0,0.0,0.24607864850097233,0.09504017647769716,2.190062072541979,0.009504017647769716,0.002771568516941948,0.0002771568516941948,0.11197916666666667,0.07899305555555555,0.003337504756119516,0.002174460225635105,0.6050000190734863
7,191,adaptive_crosssdc_cmr,hinge,1.0,0.0,0.2445936699708303,0.09214312583208084,2.075557245148553,0.009214312583208085,0.0031610108368719616,0.00031610108368719617,0.1345486111111111,0.08506944444444445,0.0042825982802444035,0.001939353843530019,0.6035000085830688
7,192,adaptive_crosssdc_cmr,hinge,1.0,0.0,0.2483721590704388,0.09079790612061818,2.1318784289889865,0.009079790612061819,0.0036315854069673354,0.00036315854069673357,0.1362847222222222,0.08940972222222222,0.004589140829112794,0.002620748761627409,0.6032500267028809
7,193,adaptive_crosssdc_cmr,hinge,1.0,0.0,0.2514578551054001,0.08810900482866499,2.0647168424394398,0.008810900482866499,0.0032550108670774433,0.00032550108670774435,0.12760416666666666,0.0703125,0.004538274473614163,0.0020062439143657684,0.6010000109672546
7,194,adaptive_crosssdc_cmr,hinge,1.0,0.0,0.24505833122465345,0.08745898140801324,2.192243708504571,0.008745898140801324,0.003395347623154521,0.00033953476231545214,0.12586805555555555,0.10590277777777778,0.003906935453414917,0.002814919584327274,0.6052500009536743
7,195,adaptive_crosssdc_cmr,hinge,1.0,0.0,0.24492165777418348,0.08539649844169617,2.0987787511613636,0.008539649844169618,0.003550407373242908,0.00035504073732429086,0.13802083333333334,0.08506944444444445,0.004848104177249802,0.002124026831653383,0.6069999933242798
7,196,adaptive_crosssdc_cmr,hinge,1.0,0.0,0.24348890946971047,0.0900682442718082,2.1466975477006702,0.00900682442718082,0.002683375975013607,0.00026833759750136073,0.12586805555555555,0.07899305555555555,0.0036946278479364184,0.0016796957287523481,0.6022499799728394
7,197,adaptive_crosssdc_cmr,hinge,1.0,0.0,0.24139755302005345,0.09322694606251186,2.1640648576948376,0.009322694606251186,0.001936715975817707,0.0001936715975817707,0.1076388888888889,0.059027777777777776,0.002594048571255472,0.0012001002000437842,0.6069999933242798
7,198,adaptive_crosssdc_cmr,hinge,1.0,0.0,0.2352964464161131,0.08834635963042577,2.0959719816843667,0.008834635963042577,0.00194646793210672,0.000194646793210672,0.09114583333333333,0.0763888888888889,0.0021100135313140023,0.0016873286416133244,0.6047499775886536
7,199,adaptive_crosssdc_cmr,hinge,1.0,0.0,0.23205435772736868,0.08651505824592379,2.142221318350898,0.008651505824592379,0.0018538552491615217,0.00018538552491615217,0.0920138888888889,0.059895833333333336,0.002537608560588625,0.0011335797607898712,0.6012499928474426
8,0,adaptive_crosssdc_cmr,hinge,1.0,0.0,2.5662385755115085,0.25644493765301174,1.8943499988979764,0.025644493765301174,0.38718411326408386,0.03871841132640839,0.8541666666666666,0.6553819444444444,0.5946158369382223,0.16457975738578373,0.5244444608688354
8,1,adaptive_crosssdc_cmr,hinge,1.0,0.0,1.6791613631778293,0.21131710873709786,1.8053300778071086,0.021131710873709787,0.27201007141007316,0.027201007141007316,0.9522569444444444,0.5659722222222222,0.4480111135376824,0.08581705391407013,0.5357778072357178
8,2,adaptive_crosssdc_cmr,hinge,1.0,0.0,1.2782701121436224,0.14103141923745474,1.8655212455325656,0.014103141923745476,0.15574239856666988,0.01557423985666699,0.8654513888888888,0.6588541666666666,0.20794924596945444,0.10018237266275618,0.5440000295639038
8,3,adaptive_crosssdc_cmr,hinge,1.0,0.0,1.0845101674397786,0.12615954710377586,1.8694047795401678,0.012615954710377587,0.11595335106054942,0.011595335106054943,0.8029513888888888,0.6527777777777778,0.13227163586351606,0.09769589371151394,0.5437777638435364
8,4,adaptive_crosssdc_cmr,hinge,1.0,0.0,0.9437412818272909,0.1400375399324629,1.8405586348639593,0.014003753993246291,0.09814279774824779,0.00981427977482478,0.8055555555555556,0.6449652777777778,0.1099068679743343,0.0863706800672743,0.5408889055252075
8,5,adaptive_crosssdc_cmr,hinge,1.0,0.0,0.8421993851661682,0.1272033436430825,1.8393177853690252,0.01272033436430825,0.09647217310137218,0.00964721731013722,0.7942708333333334,0.6692708333333334,0.09752792202764088,0.09400651438368691,0.5415555834770203
8,6,adaptive_crosssdc_cmr,hinge,1.0,0.0,0.7720668249660068,0.12740978598594666,1.8346910609139337,0.012740978598594667,0.08691560725371043,0.008691560725371044,0.7916666666666666,0.6267361111111112,0.08269061893224716,0.09078691899776459,0.5455555319786072
8,7,adaptive_crosssdc_cmr,hinge,1.0,0.0,0.7084791726536221,0.12453785704241858,1.8412966595755682,0.01245378570424186,0.0740919527080324,0.0074091952708032404,0.7491319444444444,0.5928819444444444,0.07465593351258172,0.07265758762756984,0.5464444160461426
8,8,adaptive_crosssdc_cmr,hinge,1.0,0.0,0.6714324090215895,0.13473443355825213,1.911355521943834,0.013473443355825213,0.06978809088468552,0.006978809088468552,0.7456597222222222,0.5286458333333334,0.07167594052023357,0.06883530484305488,0.5468888878822327
8,9,adaptive_crosssdc_cmr,hinge,1.0,0.0,0.6316394408543905,0.132790916495853,1.940599004427592,0.013279091649585302,0.06602653405732578,0.006602653405732579,0.7092013888888888,0.5095486111111112,0.06991265300247404,0.06249578338530329,0.5486666560173035
8,10,adaptive_crosssdc_cmr,hinge,1.0,0.0,0.6051434609625075,0.134465045399136,1.840537601047092,0.013446504539913601,0.06069025521477064,0.006069025521477064,0.7178819444444444,0.5095486111111112,0.06448458880186081,0.057442068639728755,0.5462222099304199
8,11,adaptive_crosssdc_cmr,hinge,1.0,0.0,0.5757152040799459,0.12942736430300605,1.904985825220744,0.012942736430300606,0.06191359957059225,0.006191359957059225,0.7074652777777778,0.5164930555555556,0.0668974220752716,0.05774917991624938,0.5475555658340454
8,12,adaptive_crosssdc_cmr,hinge,1.0,0.0,0.5470786756939359,0.12423843228154713,1.819887598355611,0.012423843228154714,0.05375442778070768,0.005375442778070769,0.6788194444444444,0.4774305555555556,0.056209854781627655,0.05223157587978575,0.5491111278533936
8,13,adaptive_crosssdc_cmr,hinge,1.0,0.0,0.5316481921407912,0.13203676376077864,1.8850294484032526,0.013203676376077864,0.049493136919207044,0.004949313691920705,0.6927083333333334,0.4236111111111111,0.05795330388678445,0.04198504032360183,0.5471110939979553
8,14,adaptive_crosssdc_cmr,hinge,1.0,0.0,0.5107739071051279,0.1280896920296881,1.9125160773595173,0.01280896920296881,0.04531689981619517,0.004531689981619517,0.6588541666666666,0.4392361111111111,0.05199131121238073,0.04026967080103026,0.5475555658340454
8,15,adaptive_crosssdc_cmr,hinge,1.0,0.0,0.4975757367081112,0.12368759926822451,1.8555141819847956,0.012368759926822452,0.040490693930122584,0.004049069393012259,0.6154513888888888,0.3862847222222222,0.04717650264501572,0.03513602146671878,0.5497778058052063
8,16,adaptive_crosssdc_cmr,hinge,1.0,0.0,0.4785424835152096,0.12446334461371104,1.800430907143487,0.012446334461371104,0.03805358728600873,0.003805358728600873,0.5954861111111112,0.3914930555555556,0.046932355811198555,0.030970510923200183,0.5479999780654907
8,17,adaptive_crosssdc_cmr,hinge,1.0,0.0,0.46646809246804977,0.11987055755323833,1.8281550804773967,0.011987055755323835,0.036765142240458064,0.0036765142240458067,0.6128472222222222,0.3914930555555556,0.04531120591693454,0.028830638569262292,0.5488888621330261
8,18,adaptive_crosssdc_cmr,hinge,1.0,0.0,0.4511881901158227,0.11827099074920018,1.8239211638768513,0.011827099074920019,0.030287441487113636,0.003028744148711364,0.5859375,0.3385416666666667,0.0394441212217013,0.022278969693515036,0.5491111278533936
8,19,adaptive_crosssdc_cmr,hinge,1.0,0.0,0.438486784696579,0.11487507571776708,1.8565964963701036,0.011487507571776709,0.029281553708844714,0.0029281553708844716,0.5546875,0.3185763888888889,0.03875970157484213,0.021075063074628513,0.5491111278533936
8,20,adaptive_crosssdc_cmr,hinge,1.0,0.0,0.43524954385227627,0.12027292284700605,1.8550545242097642,0.012027292284700605,0.03085454615453879,0.0030854546154538793,0.5668402777777778,0.3211805555555556,0.042684879153966904,0.020053914023770228,0.5502222180366516
8,21,adaptive_crosssdc_cmr,hinge,1.0,0.0,0.4170958366658952,0.11574818442265193,1.849311802122328,0.011574818442265194,0.02755817025899887,0.002755817025899887,0.5407986111111112,0.3168402777777778,0.0363287226193481,0.01973048100868861,0.5519999861717224
8,22,adaptive_crosssdc_cmr,hinge,1.0,0.0,0.4113064640098148,0.12218066636059019,1.8605180978775024,0.01221806663605902,0.0250330718441142,0.00250330718441142,0.5434027777777778,0.2838541666666667,0.03402062215738826,0.016900171629256673,0.550000011920929
8,23,adaptive_crosssdc_cmr,hinge,1.0,0.0,0.39946189853880143,0.11693361732694837,1.808447043100993,0.011693361732694838,0.024412728018230863,0.0024412728018230866,0.5121527777777778,0.2960069444444444,0.03308874948157205,0.01718318524459998,0.5524444580078125
8,24,adaptive_crosssdc_cmr,hinge,1.0,0.0,0.3946187098821004,0.11463011884027058,1.8427575959099665,0.011463011884027059,0.023451204929086897,0.00234512049290869,0.5112847222222222,0.2855902777777778,0.032398572812477745,0.015233282620708147,0.5491111278533936
8,25,adaptive_crosssdc_cmr,hinge,1.0,0.0,0.3891533845000797,0.11624857203827964,1.8619258006413777,0.011624857203827964,0.019801189088159137,0.001980118908815914,0.46875,0.2387152777777778,0.028209211097823247,0.012015254133277468,0.5508888959884644
8,26,adaptive_crosssdc_cmr,hinge,1.0,0.0,0.3842460877365536,0.1111614356438319,1.8763840595881145,0.01111614356438319,0.021116208078132734,0.0021116208078132736,0.4861111111111111,0.3003472222222222,0.028457316466503672,0.01447867126100593,0.5535555481910706
8,27,adaptive_crosssdc_cmr,hinge,1.0,0.0,0.3712506790955861,0.10771380696031782,1.8252416849136353,0.010771380696031783,0.016383723976711433,0.0016383723976711433,0.453125,0.21614583333333334,0.024391838452882238,0.00923513745268186,0.554444432258606
8,28,adaptive_crosssdc_cmr,hinge,1.0,0.0,0.37358996272087097,0.10476004663440916,1.8492125007841322,0.010476004663440917,0.018548908539944224,0.0018548908539944226,0.4496527777777778,0.2508680555555556,0.026320513751771715,0.011386740331848463,0.5540000200271606
8,29,adaptive_crosssdc_cmr,hinge,1.0,0.0,0.3701692223548889,0.11071497946977615,1.7856856849458482,0.011071497946977616,0.017200209614303377,0.0017200209614303377,0.4079861111111111,0.2170138888888889,0.024789506569504738,0.010191076745589575,0.5533333420753479
8,30,adaptive_crosssdc_cmr,hinge,1.0,0.0,0.3647986286216312,0.11084860728846656,1.890222258037991,0.011084860728846657,0.016867093327972624,0.0016867093327972626,0.4192708333333333,0.2647569444444444,0.024521833492649928,0.010037286621001031,0.5540000200271606
8,31,adaptive_crosssdc_cmr,hinge,1.0,0.0,0.3537251717514462,0.10425431281328201,1.7680436770121257,0.010425431281328203,0.01656117145386007,0.0016561171453860072,0.4340277777777778,0.2248263888888889,0.024540456632773083,0.009179559225837389,0.5526666641235352
8,32,adaptive_crosssdc_cmr,hinge,1.0,0.0,0.3536050220330556,0.10150718026691014,1.91890553633372,0.010150718026691014,0.014431360591616895,0.0014431360591616897,0.3784722222222222,0.1996527777777778,0.021765464088983007,0.007706228229734633,0.5568888783454895
8,33,adaptive_crosssdc_cmr,hinge,1.0,0.0,0.34949946734640336,0.11072789794868892,1.8691316578123305,0.011072789794868892,0.014816397697561316,0.0014816397697561318,0.4149305555555556,0.21006944444444445,0.02187671305404769,0.008348011308246188,0.5519999861717224
8,34,adaptive_crosssdc_cmr,hinge,1.0,0.0,0.3427775634659661,0.11007699618736903,1.849649363093906,0.011007699618736905,0.01382158531083001,0.001382158531083001,0.390625,0.19791666666666666,0.020716719122396574,0.007943729559580484,0.5528888702392578
8,35,adaptive_crosssdc_cmr,hinge,1.0,0.0,0.34167105952898663,0.11387683285607232,1.9358048571480646,0.011387683285607233,0.01230363030400541,0.0012303630304005412,0.3506944444444444,0.19444444444444445,0.018493283540010452,0.006753199009431733,0.5524444580078125
8,36,adaptive_crosssdc_cmr,hinge,1.0,0.0,0.3350961175229814,0.11048327634731929,1.8165102005004883,0.01104832763473193,0.01266515063535836,0.001266515063535836,0.3602430555555556,0.1814236111111111,0.019843046242992084,0.005855807206696934,0.554888904094696
8,37,adaptive_crosssdc_cmr,hinge,1.0,0.0,0.33059922191831803,0.10559694717327754,1.876981708738539,0.010559694717327754,0.0120964204478595,0.00120964204478595,0.3532986111111111,0.1892361111111111,0.018635253525442548,0.005960885435342789,0.5555555820465088
8,38,adaptive_crosssdc_cmr,hinge,1.0,0.0,0.3287620478206211,0.11009086668491364,1.9020412100685968,0.011009086668491364,0.011114174707068337,0.0011114174707068337,0.3472222222222222,0.19791666666666666,0.017078737417856853,0.005638667899701331,0.5564444661140442
8,39,adaptive_crosssdc_cmr,hinge,1.0,0.0,0.3254491984844208,0.10647732350561354,1.7963021331363254,0.010647732350561354,0.01066530371705691,0.001066530371705691,0.3029513888888889,0.17881944444444445,0.015541736036539078,0.006481003223194016,0.5517777800559998
8,40,adaptive_crosssdc_cmr,hinge,1.0,0.0,0.3294842342535655,0.10487824347284105,1.8535908460617065,0.010487824347284106,0.012394217877752252,0.0012394217877752254,0.3637152777777778,0.1918402777777778,0.01857534319990211,0.007053622148103184,0.5564444661140442
8,41,adaptive_crosssdc_cmr,hinge,1.0,0.0,0.3247549335161845,0.103017824391524,1.874942594104343,0.0103017824391524,0.010759456600579951,0.001075945660057995,0.3211805555555556,0.17274305555555555,0.015841015097167756,0.006184397058354484,0.5555555820465088
8,42,adaptive_crosssdc_cmr,hinge,1.0,0.0,0.3245280219448937,0.104986063308186,1.9705978764428034,0.0104986063308186,0.010035703476104472,0.0010035703476104472,0.3463541666666667,0.16927083333333334,0.014621595334675577,0.005869030952453613,0.5575555562973022
8,43,adaptive_crosssdc_cmr,hinge,1.0,0.0,0.3210871484544542,0.10325429257419375,1.98661294248369,0.010325429257419375,0.010218216209775872,0.0010218216209775873,0.3151041666666667,0.16319444444444445,0.015428060251805518,0.005637276917695999,0.5595555305480957
8,44,adaptive_crosssdc_cmr,hinge,1.0,0.0,0.31990891032748753,0.1084608021709654,1.837333573235406,0.010846080217096541,0.010105764855527215,0.0010105764855527215,0.2934027777777778,0.1762152777777778,0.014187741610738967,0.00627571406463782,0.5531111359596252
8,45,adaptive_crosssdc_cmr,hinge,1.0,0.0,0.32001691063245136,0.11173199117183685,1.8260179625617132,0.011173199117183686,0.01051390626364284,0.0010513906263642841,0.3255208333333333,0.13802083333333334,0.016884207725524902,0.004443396710687214,0.5546666383743286
8,46,adaptive_crosssdc_cmr,hinge,1.0,0.0,0.32197463512420654,0.10500381141901016,1.9118342399597168,0.010500381141901017,0.01086642024003797,0.001086642024003797,0.3177083333333333,0.1918402777777778,0.015807872224185202,0.006066703134112888,0.5568888783454895
8,47,adaptive_crosssdc_cmr,hinge,1.0,0.0,0.3216261565685272,0.10406684709919824,1.8211070166693792,0.010406684709919824,0.01032081303290195,0.001032081303290195,0.3029513888888889,0.1675347222222222,0.01592674499584569,0.005319789879851871,0.559333324432373
8,48,adaptive_crosssdc_cmr,hinge,1.0,0.0,0.3259342908859253,0.09992033739884694,1.8943036397298176,0.009992033739884694,0.01142477761540148,0.001142477761540148,0.3046875,0.1762152777777778,0.016922783727447193,0.006358001174198257,0.5584444403648376
8,49,adaptive_crosssdc_cmr,hinge,1.0,0.0,0.3246288862493303,0.10401870641443464,1.961453874905904,0.010401870641443465,0.010308568728052907,0.0010308568728052906,0.3246527777777778,0.171875,0.015465824347403314,0.005423700229989158,0.5604444742202759
8,50,adaptive_crosssdc_cmr,hinge,1.0,0.0,0.31916815373632645,0.10279056595431434,1.908521122402615,0.010279056595431435,0.008828078344878223,0.0008828078344878224,0.2578125,0.1640625,0.012778377988272242,0.005148960277438164,0.5557777881622314
8,51,adaptive_crosssdc_cmr,hinge,1.0,0.0,0.32298702332708573,0.11039107127322091,1.837471564610799,0.011039107127322091,0.010536814832852947,0.0010536814832852947,0.3003472222222222,0.17100694444444445,0.015647003427147865,0.0056872595515516065,0.5551111102104187
8,52,adaptive_crosssdc_cmr,hinge,1.0,0.0,0.3095615539285872,0.09731046938233906,1.8750797907511394,0.009731046938233907,0.008126293981654776,0.0008126293981654776,0.2595486111111111,0.15538194444444445,0.011915106947223345,0.004933810275461938,0.559333324432373
8,53,adaptive_crosssdc_cmr,hinge,1.0,0.0,0.3034191363387638,0.10073068820767933,1.9175438086191814,0.010073068820767934,0.0073847392987873815,0.0007384739298787382,0.2621527777777778,0.12586805555555555,0.011297099499238862,0.0037222879214419257,0.5613333582878113
8,54,adaptive_crosssdc_cmr,hinge,1.0,0.0,0.29622185892528957,0.09968418545193142,1.9354741308424208,0.009968418545193142,0.006695799477812316,0.0006695799477812317,0.2578125,0.1371527777777778,0.010662090240253342,0.0032484415504667494,0.5588889122009277
8,55,adaptive_crosssdc_cmr,hinge,1.0,0.0,0.289817257059945,0.1051998237768809,1.8512392971250746,0.010519982377688092,0.005823206415192949,0.0005823206415192949,0.1935763888888889,0.12239583333333333,0.007793419063091278,0.003924557939171791,0.5628888607025146
8,56,adaptive_crosssdc_cmr,hinge,1.0,0.0,0.28673072655995685,0.09972177280320062,1.914065546459622,0.009972177280320063,0.005636229360890057,0.0005636229360890057,0.2065972222222222,0.1467013888888889,0.007619024357861943,0.0038363287846247354,0.5615555644035339
8,57,adaptive_crosssdc_cmr,hinge,1.0,0.0,0.28733913434876335,0.09646129194233152,1.8847675853305392,0.009646129194233154,0.005333370115194056,0.0005333370115194056,0.21006944444444445,0.1154513888888889,0.00788003909918997,0.003076820323864619,0.5622222423553467
8,58,adaptive_crosssdc_cmr,hinge,1.0,0.0,0.2834913465711806,0.10195554047822952,1.916662825478448,0.010195554047822953,0.005023205782183343,0.0005023205782183343,0.2152777777777778,0.13020833333333334,0.007244909389151467,0.0029690549191501406,0.559333324432373
8,59,adaptive_crosssdc_cmr,hinge,1.0,0.0,0.28805356555514866,0.10428333199686474,1.9152595202128093,0.010428333199686474,0.00671899142778582,0.000671899142778582,0.2170138888888889,0.1310763888888889,0.010092036798596382,0.0035649987144602668,0.5608888864517212
8,60,adaptive_crosssdc_cmr,hinge,1.0,0.0,0.30054762959480286,0.10353998922639424,1.949783894750807,0.010353998922639425,0.0073183999500340885,0.0007318399950034088,0.22135416666666666,0.15104166666666666,0.010103602376249101,0.004791850224137306,0.5608888864517212
8,61,adaptive_crosssdc_cmr,hinge,1.0,0.0,0.29835209912723964,0.09481367799970838,1.922825084792243,0.009481367799970839,0.00724836645854844,0.000724836645854844,0.2421875,0.140625,0.010486657213833597,0.004462344778908623,0.5611110925674438
8,62,adaptive_crosssdc_cmr,hinge,1.0,0.0,0.2937675648265415,0.0927641052338812,1.9376517004436917,0.009276410523388122,0.0065978252225452,0.00065978252225452,0.24131944444444445,0.1527777777777778,0.009781363109747568,0.0037739314138889313,0.5635555386543274
8,63,adaptive_crosssdc_cmr,hinge,1.0,0.0,0.2906109127733443,0.09102683514356613,1.8977097935146756,0.009102683514356613,0.006497570365253422,0.0006497570365253423,0.2230902777777778,0.11371527777777778,0.00942713539633486,0.003655896418624454,0.5640000104904175
8,64,adaptive_crosssdc_cmr,hinge,1.0,0.0,0.28845442665947807,0.09423135221004486,1.877737323443095,0.009423135221004486,0.005886817247503334,0.0005886817247503334,0.2265625,0.12152777777777778,0.009074038101567162,0.002791240190466245,0.5640000104904175
8,65,adaptive_crosssdc_cmr,hinge,1.0,0.0,0.2851307127210829,0.1013875694738494,1.8649698495864868,0.01013875694738494,0.0048916318402108215,0.0004891631840210822,0.18836805555555555,0.11631944444444445,0.007095778154002296,0.0028354194429185656,0.5653333067893982
8,66,adaptive_crosssdc_cmr,hinge,1.0,0.0,0.27442510591612923,0.09148149854607052,1.8373432556788127,0.009148149854607051,0.00400073505524132,0.000400073505524132,0.1762152777777778,0.1284722222222222,0.0052116382867097855,0.00285870230032338,0.5615555644035339
8,67,adaptive_crosssdc_cmr,hinge,1.0,0.0,0.27336322598987156,0.10165588971641329,1.9344373676511977,0.01016558897164133,0.0050599717328117955,0.0005059971732811796,0.21354166666666666,0.10677083333333333,0.007827880067957772,0.0024489619665675694,0.5642222166061401
8,68,adaptive_crosssdc_cmr,hinge,1.0,0.0,0.2668886681397756,0.09563505235645506,1.9339925977918837,0.009563505235645507,0.00352397122575591,0.000352397122575591,0.1736111111111111,0.11979166666666667,0.004723083848754565,0.0025890645467572743,0.5635555386543274
8,69,adaptive_crosssdc_cmr,hinge,1.0,0.0,0.2655448549323612,0.09396041681369145,1.872301419576009,0.009396041681369146,0.0037173207383602858,0.0003717320738360286,0.17447916666666666,0.12239583333333333,0.004981504339310858,0.0025210059765312406,0.5642222166061401
8,70,adaptive_crosssdc_cmr,hinge,1.0,0.0,0.2662937574916416,0.09547467529773712,1.8717957470152113,0.009547467529773713,0.003473749772335092,0.00034737497723350924,0.1605902777777778,0.11024305555555555,0.004603383441766103,0.0024915490713384417,0.5675555467605591
8,71,adaptive_crosssdc_cmr,hinge,1.0,0.0,0.26399604479471844,0.09257159961594476,1.7655019362767537,0.009257159961594477,0.0033920740760448906,0.00033920740760448907,0.1527777777777778,0.10677083333333333,0.004458802855677075,0.0023974498940838706,0.5644444227218628
8,72,adaptive_crosssdc_cmr,hinge,1.0,0.0,0.272024542093277,0.09630221294032203,1.9842754072613187,0.009630221294032203,0.003770028163368503,0.0003770028163368503,0.19270833333333334,0.11197916666666667,0.005507881235745218,0.0020960610773828295,0.5637778043746948
8,73,adaptive_crosssdc_cmr,hinge,1.0,0.0,0.2626271645228068,0.09439822534720103,1.852833456463284,0.009439822534720104,0.004613520913860864,0.0004613520913860864,0.2065972222222222,0.1076388888888889,0.006796198586622874,0.0024627724455462564,0.5684444308280945
8,74,adaptive_crosssdc_cmr,hinge,1.0,0.0,0.26606662074724835,0.0960525671641032,1.7539195352130466,0.00960525671641032,0.003791902576469713,0.0003791902576469713,0.17274305555555555,0.10503472222222222,0.005423855243457688,0.0022047793285714257,0.5642222166061401
8,75,adaptive_crosssdc_cmr,hinge,1.0,0.0,0.260303548640675,0.09823806915018293,1.8190414243274264,0.009823806915018295,0.003616553084510896,0.0003616553084510896,0.16927083333333334,0.09809027777777778,0.0049148982183800805,0.002415949892666605,0.5644444227218628
8,76,adaptive_crosssdc_cmr,hinge,1.0,0.0,0.26255197988616097,0.09531522459454006,1.7875855101479425,0.009531522459454007,0.0037063834930045735,0.0003706383493004574,0.14930555555555555,0.12586805555555555,0.004984908426801364,0.0026675466861989764,0.5644444227218628
8,77,adaptive_crosssdc_cmr,hinge,1.0,0.0,0.2662113242679172,0.09255518267552058,1.919759750366211,0.00925551826755206,0.003742528691266974,0.0003742528691266974,0.1640625,0.1076388888888889,0.004704701403776805,0.0028968248516321182,0.5653333067893982
8,78,adaptive_crosssdc_cmr,hinge,1.0,0.0,0.2613968849182129,0.0937775249282519,1.8969963788986206,0.009377752492825192,0.003631544972045554,0.0003631544972045554,0.1675347222222222,0.11024305555555555,0.00522451971968015,0.002247876591152615,0.5646666884422302
8,79,adaptive_crosssdc_cmr,hinge,1.0,0.0,0.2656675808959537,0.09887786871857113,1.908105558819241,0.009887786871857113,0.0032844941209380827,0.00032844941209380827,0.15885416666666666,0.10243055555555555,0.004653526883986261,0.0020138476457860735,0.5653333067893982
8,80,adaptive_crosssdc_cmr,hinge,1.0,0.0,0.2633754445446862,0.09430739449130164,1.9190005858739216,0.009430739449130164,0.0038546764343563053,0.00038546764343563053,0.1736111111111111,0.1171875,0.005407650230659379,0.0023796363837189144,0.5668888688087463
8,81,adaptive_crosssdc_cmr,hinge,1.0,0.0,0.2669349213441213,0.09358859641684426,1.9401411215464275,0.009358859641684427,0.0042976623711486655,0.0004297662371148666,0.1736111111111111,0.11197916666666667,0.0061339228931400515,0.0025313453127940497,0.566444456577301
8,82,adaptive_crosssdc_cmr,hinge,1.0,0.0,0.2723900576432546,0.09041499098141988,1.9312467045254178,0.009041499098141987,0.004113382556372219,0.0004113382556372219,0.1675347222222222,0.1189236111111111,0.005851357554395993,0.002400898271136814,0.5655555725097656
8,83,adaptive_crosssdc_cmr,hinge,1.0,0.0,0.2650400631957584,0.09759560310178333,1.9038752449883356,0.009759560310178335,0.004509013146162033,0.00045090131461620334,0.1875,0.09895833333333333,0.006883272901177406,0.0022981777373287412,0.5684444308280945
8,84,adaptive_crosssdc_cmr,hinge,1.0,0.0,0.26836777726809186,0.09409911682208379,1.915629227956136,0.00940991168220838,0.0044306716364290975,0.0004430671636429098,0.1840277777777778,0.12586805555555555,0.005881096132927471,0.0030301304327117074,0.5673333406448364
8,85,adaptive_crosssdc_cmr,hinge,1.0,0.0,0.2654094563590156,0.09200501276387109,1.9919129080242581,0.00920050127638711,0.0034258406505816514,0.0003425840650581652,0.16145833333333334,0.09722222222222222,0.004661032723055946,0.0023038598398367562,0.5695555806159973
8,86,adaptive_crosssdc_cmr,hinge,1.0,0.0,0.26612068878279793,0.09472725374831094,1.9220658673180475,0.009472725374831095,0.003918870196988185,0.00039188701969881853,0.15625,0.1076388888888889,0.005067024173008071,0.0026577717314163842,0.5637778043746948
8,87,adaptive_crosssdc_cmr,hinge,1.0,0.0,0.26633761326471966,0.09387955483463076,1.95848814646403,0.009387955483463077,0.004368806490674615,0.0004368806490674615,0.1935763888888889,0.12152777777777778,0.006301614145437877,0.002559446005357636,0.5699999928474426
8,88,adaptive_crosssdc_cmr,hinge,1.0,0.0,0.26716100176175434,0.096908005575339,1.9212995105319552,0.0096908005575339,0.004041455944793092,0.0004041455944793092,0.15364583333333334,0.1015625,0.005391225011812316,0.0027176843335231147,0.5686666369438171
8,89,adaptive_crosssdc_cmr,hinge,1.0,0.0,0.26768055227067733,0.0966736450791359,1.9527320331997342,0.00966736450791359,0.004629103363388115,0.0004629103363388115,0.1701388888888889,0.1171875,0.006286785213483704,0.003085212988985909,0.5713333487510681
8,90,adaptive_crosssdc_cmr,hinge,1.0,0.0,0.268675833940506,0.08955965687831242,1.8380764722824097,0.008955965687831243,0.003970957762147818,0.0003970957762147818,0.171875,0.10503472222222222,0.005749741569161415,0.00220627523958683,0.5659999847412109
8,91,adaptive_crosssdc_cmr,hinge,1.0,0.0,0.2694007125165727,0.0928436807460255,1.9322063260608249,0.009284368074602551,0.004757031022260587,0.0004757031022260587,0.17881944444444445,0.1310763888888889,0.006280881456202931,0.003345886245369911,0.5668888688087463
8,92,adaptive_crosssdc_cmr,hinge,1.0,0.0,0.27190544539027744,0.09298613419135411,1.9386312166849773,0.009298613419135411,0.004304186984275778,0.00043041869842757783,0.1527777777777778,0.09461805555555555,0.005732564048634635,0.002834634648429023,0.5684444308280945
8,93,adaptive_crosssdc_cmr,hinge,1.0,0.0,0.26617200507058036,0.09078865912225512,1.7849384016460843,0.009078865912225512,0.004370229862009485,0.00043702298620094856,0.16927083333333334,0.11197916666666667,0.006085046877463658,0.00283716329269939,0.5688889026641846
8,94,adaptive_crosssdc_cmr,hinge,1.0,0.0,0.2631416271130244,0.0899834434191386,1.8253433969285753,0.00899834434191386,0.003283667326387432,0.0003283667326387432,0.15538194444444445,0.10677083333333333,0.004533122604091962,0.002152407334910499,0.56977778673172
8,95,adaptive_crosssdc_cmr,hinge,1.0,0.0,0.2584966950946384,0.09171517772807015,1.8480261299345229,0.009171517772807015,0.004779230673900909,0.0004779230673900909,0.1519097222222222,0.109375,0.006218975202904807,0.0033098446826140084,0.5682222247123718
8,96,adaptive_crosssdc_cmr,hinge,1.0,0.0,0.25989505814181435,0.09470202691025204,2.0216818385654025,0.009470202691025205,0.0039744811236030525,0.00039744811236030526,0.16145833333333334,0.1154513888888889,0.005456734241710769,0.002641376314891709,0.5691111087799072
8,97,adaptive_crosssdc_cmr,hinge,1.0,0.0,0.26205981771151227,0.09450817687643899,1.9577959246105618,0.0094508176876439,0.0035597264714952973,0.00035597264714952974,0.14149305555555555,0.09895833333333333,0.005061128073268467,0.0021274718973371717,0.5688889026641846
8,98,adaptive_crosssdc_cmr,hinge,1.0,0.0,0.264435609181722,0.09093056122461955,1.8690273231930203,0.009093056122461956,0.0029676061434050402,0.00029676061434050406,0.1362847222222222,0.0798611111111111,0.004379138764407899,0.0016403144432438745,0.5688889026641846
8,99,adaptive_crosssdc_cmr,hinge,1.0,0.0,0.2574516170554691,0.0903310552239418,1.928583820660909,0.009033105522394181,0.003489231069882711,0.0003489231069882711,0.13194444444444445,0.11284722222222222,0.003981438775857289,0.002958771048320664,0.5713333487510681
8,100,adaptive_crosssdc_cmr,hinge,1.0,0.0,0.2571206854449378,0.09659657378991444,1.8455840481652155,0.009659657378991444,0.0032584961865925128,0.0003258496186592513,0.1371527777777778,0.08159722222222222,0.004674428866969215,0.001873947059114774,0.5744444727897644
8,101,adaptive_crosssdc_cmr,hinge,1.0,0.0,0.25896088944541085,0.09410311281681061,1.8932766517003377,0.009410311281681061,0.0034824161298779976,0.0003482416129877998,0.15625,0.0920138888888889,0.004841068759560585,0.0020615847574339975,0.5704444646835327
8,102,adaptive_crosssdc_cmr,hinge,1.0,0.0,0.26317387488153243,0.08845276882251103,1.8741024335225422,0.008845276882251103,0.004804587741899822,0.0004804587741899822,0.17100694444444445,0.09895833333333333,0.007049407189091046,0.002692576911714342,0.5715555548667908
8,103,adaptive_crosssdc_cmr,hinge,1.0,0.0,0.25896790126959485,0.09357708113061057,1.9023665852016873,0.009357708113061058,0.0035160157001680797,0.000351601570016808,0.1362847222222222,0.10069444444444445,0.004546039013399018,0.002523427415225241,0.5720000267028809
8,104,adaptive_crosssdc_cmr,hinge,1.0,0.0,0.2608013368315167,0.08831903421216541,1.886137498749627,0.008831903421216541,0.0034797126039241752,0.00034797126039241757,0.1527777777777778,0.0842013888888889,0.005209250375628471,0.0018055962605608834,0.5648888945579529
8,105,adaptive_crosssdc_cmr,hinge,1.0,0.0,0.26099463138315415,0.09396032078398599,1.858380569352044,0.009396032078398599,0.003502656446976794,0.0003502656446976794,0.1440972222222222,0.09461805555555555,0.0048976923442549175,0.002160461205575201,0.5677777528762817
8,106,adaptive_crosssdc_cmr,hinge,1.0,0.0,0.25781159434053635,0.08708619988626903,1.8512534432941012,0.008708619988626903,0.0031760973053880865,0.00031760973053880865,0.15364583333333334,0.09027777777777778,0.004208016105824047,0.0020596500900056628,0.5702221989631653
8,107,adaptive_crosssdc_cmr,hinge,1.0,0.0,0.25644461810588837,0.08933347132470873,1.8998182614644368,0.008933347132470874,0.0032596905301842424,0.00032596905301842424,0.12152777777777778,0.11197916666666667,0.004023228875464863,0.002587165269586775,0.5684444308280945
8,108,adaptive_crosssdc_cmr,hinge,1.0,0.0,0.25659532017178005,0.09031443960136837,1.9512551360660129,0.009031443960136836,0.0028937296269254554,0.00028937296269254556,0.12413194444444445,0.10416666666666667,0.0037364311930206087,0.0020559258345100614,0.5686666369438171
8,109,adaptive_crosssdc_cmr,hinge,1.0,0.0,0.24653619693385231,0.08704958607753117,1.9959328704410129,0.008704958607753117,0.0024350572946584886,0.00024350572946584887,0.0998263888888889,0.0859375,0.0028257620417409474,0.0019808844145801333,0.5751110911369324
8,110,adaptive_crosssdc_cmr,hinge,1.0,0.0,0.2415574093659719,0.0901752006676462,1.8889087968402438,0.009017520066764621,0.0016226164880208671,0.00016226164880208673,0.09027777777777778,0.0763888888888889,0.0019201050615972942,0.0013241840319501029,0.5728889107704163
8,111,adaptive_crosssdc_cmr,hinge,1.0,0.0,0.24017047550943163,0.08747325009769863,1.9391785462697346,0.008747325009769864,0.0021030556979692644,0.00021030556979692645,0.10416666666666667,0.07899305555555555,0.0026189744886424807,0.0015929827673567666,0.5724444389343262
8,112,adaptive_crosssdc_cmr,hinge,1.0,0.0,0.24162019126945072,0.08539006610711415,1.8649487362967596,0.008539006610711415,0.0017502576358512873,0.00017502576358512873,0.08854166666666667,0.06770833333333333,0.002161787615882026,0.00134179906712638,0.5733333230018616
8,113,adaptive_crosssdc_cmr,hinge,1.0,0.0,0.2373848623699612,0.08481514288319482,1.9609995815489027,0.008481514288319482,0.0019144838443025947,0.00019144838443025948,0.11631944444444445,0.08854166666666667,0.0023199195663134256,0.0014859632485442692,0.5737777948379517
8,114,adaptive_crosssdc_cmr,hinge,1.0,0.0,0.24155056642161477,0.0816876490910848,1.9603679180145264,0.00816876490910848,0.002289506011745996,0.00022895060117459958,0.09722222222222222,0.08506944444444445,0.0027716848999261856,0.0018420542279879253,0.5717777609825134
8,115,adaptive_crosssdc_cmr,hinge,1.0,0.0,0.24414907892545065,0.09070069922341241,1.8772620624966092,0.009070069922341242,0.0023187376662260955,0.00023187376662260956,0.11197916666666667,0.0842013888888889,0.003037582668993208,0.001559549942612648,0.5722222328186035
8,116,adaptive_crosssdc_cmr,hinge,1.0,0.0,0.24350511531035104,0.08666795740524928,1.89179793993632,0.00866679574052493,0.00199261995860272,0.00019926199586027201,0.0920138888888889,0.09288194444444445,0.0022452931023306316,0.0017924617148107952,0.5711110830307007
8,117,adaptive_crosssdc_cmr,hinge,1.0,0.0,0.25063080754545,0.08851159612337749,1.9276276694403753,0.008851159612337749,0.0026776915830042628,0.00026776915830042627,0.13802083333333334,0.078125,0.0038177226152684954,0.0015327520668506622,0.5720000267028809
8,118,adaptive_crosssdc_cmr,hinge,1.0,0.0,0.24507307840718162,0.09049367904663086,1.8406266636318631,0.009049367904663087,0.002493908473600944,0.0002493908473600944,0.1171875,0.09722222222222222,0.002743493972553147,0.002181757241487503,0.5726666450500488
8,119,adaptive_crosssdc_cmr,hinge,1.0,0.0,0.24688070019086203,0.09030243092113072,1.9565090735753377,0.009030243092113073,0.002676447724095649,0.0002676447724095649,0.12586805555555555,0.08680555555555555,0.003656029908193482,0.0017331188751591577,0.5706666707992554
8,120,adaptive_crosssdc_cmr,hinge,1.0,0.0,0.25872014959653217,0.0914735777510537,1.9608998166190252,0.00914735777510537,0.0034027217447550762,0.00034027217447550763,0.1284722222222222,0.10590277777777778,0.004396295174956322,0.00251135416328907,0.5717777609825134
8,121,adaptive_crosssdc_cmr,hinge,1.0,0.0,0.25409020317925346,0.08911779191758898,1.9226791858673096,0.008911779191758899,0.0030195770992173087,0.0003019577099217309,0.1310763888888889,0.09461805555555555,0.004131595086720254,0.0019374899566173553,0.56977778673172
8,122,adaptive_crosssdc_cmr,hinge,1.0,0.0,0.2506034043100145,0.08543956279754639,1.8550208806991577,0.00854395627975464,0.0035034779899029266,0.0003503477989902927,0.15104166666666666,0.09375,0.004767673710982005,0.0021380364067024654,0.5726666450500488
8,123,adaptive_crosssdc_cmr,hinge,1.0,0.0,0.2585667024056117,0.08968560563193427,1.9619457324345906,0.008968560563193428,0.004412356608857711,0.00044123566088577113,0.1579861111111111,0.109375,0.005598675045702193,0.0030781018237272897,0.5704444646835327
8,124,adaptive_crosssdc_cmr,hinge,1.0,0.0,0.25934722357326084,0.09855923470523623,1.9568406211005316,0.009855923470523623,0.003753818907878465,0.0003753818907878465,0.14583333333333334,0.10243055555555555,0.005174716313680013,0.0023379696326123346,0.5735555291175842
8,125,adaptive_crosssdc_cmr,hinge,1.0,0.0,0.25854024125470054,0.0859312183327145,1.9378104872173734,0.00859312183327145,0.004038985585793853,0.0004038985585793853,0.1675347222222222,0.10503472222222222,0.005649308363596599,0.00254175066947937,0.5717777609825134
8,126,adaptive_crosssdc_cmr,hinge,1.0,0.0,0.26042430930667454,0.0899370080894894,1.9043497774336073,0.008993700808948941,0.0035953353055649334,0.00035953353055649337,0.140625,0.1032986111111111,0.004828963014814589,0.002304665951265229,0.5740000009536743
8,127,adaptive_crosssdc_cmr,hinge,1.0,0.0,0.25583399335543316,0.08932185173034668,1.847842468155755,0.008932185173034669,0.0035792143058238756,0.0003579214305823876,0.1467013888888889,0.08940972222222222,0.005181900742981169,0.0020789880719449786,0.5733333230018616
8,128,adaptive_crosssdc_cmr,hinge,1.0,0.0,0.25752920740180546,0.0849171711338891,1.9733838902579413,0.00849171711338891,0.003568453998822305,0.0003568453998822305,0.15538194444444445,0.08159722222222222,0.005188491402400864,0.0020421745462550055,0.5744444727897644
8,129,adaptive_crosssdc_cmr,hinge,1.0,0.0,0.26004841261439854,0.08840977483325535,1.9310455189810858,0.008840977483325536,0.003296410639045967,0.0003296410639045967,0.1371527777777778,0.08333333333333333,0.00467481588323911,0.002064961733089553,0.56977778673172
8,130,adaptive_crosssdc_cmr,hinge,1.0,0.0,0.26372061173121136,0.08689328614208433,1.8703349828720093,0.008689328614208434,0.005088741968696316,0.0005088741968696316,0.1501736111111111,0.11284722222222222,0.006739292914668719,0.0034180587778488794,0.5753333568572998
8,131,adaptive_crosssdc_cmr,hinge,1.0,0.0,0.2620771245823966,0.08469212469127443,1.951682209968567,0.008469212469127444,0.0038278826201955476,0.00038278826201955477,0.1284722222222222,0.0876736111111111,0.005011177311340968,0.002758809675772985,0.5751110911369324
8,132,adaptive_crosssdc_cmr,hinge,1.0,0.0,0.2620890769693587,0.08925190816322963,1.8381242354710896,0.008925190816322964,0.004540521780856782,0.0004540521780856782,0.1423611111111111,0.10416666666666667,0.006433895685606533,0.002575244754552841,0.5657777786254883
8,133,adaptive_crosssdc_cmr,hinge,1.0,0.0,0.2583252390225728,0.08267233024040858,1.9317244953579373,0.008267233024040858,0.004432034213095903,0.0004432034213095904,0.1597222222222222,0.1076388888888889,0.006180276059442096,0.002740878611803055,0.5731111168861389
8,134,adaptive_crosssdc_cmr,hinge,1.0,0.0,0.25073880122767556,0.09183758000532787,1.9636429018444486,0.009183758000532788,0.003424367324138681,0.0003424367324138681,0.1284722222222222,0.0798611111111111,0.004495903228720029,0.0021268725395202637,0.5755555629730225
8,135,adaptive_crosssdc_cmr,hinge,1.0,0.0,0.2437887407011456,0.08894089029894935,1.9598233964708116,0.008894089029894935,0.0024836293111244836,0.0002483629311124484,0.09375,0.07465277777777778,0.0033738907012674543,0.001640869097577201,0.5713333487510681
8,136,adaptive_crosssdc_cmr,hinge,1.0,0.0,0.24485035075081718,0.08549154301484425,1.8588809304767184,0.008549154301484426,0.0026725182542577386,0.0002672518254257739,0.1171875,0.0763888888888889,0.0036267398132218253,0.0016722062395678626,0.5735555291175842
8,137,adaptive_crosssdc_cmr,hinge,1.0,0.0,0.2382012903690338,0.08757590750853221,1.9152362081739638,0.00875759075085322,0.0019388802918708986,0.00019388802918708986,0.09895833333333333,0.06510416666666667,0.0024315733462572098,0.0013800952583551407,0.5759999752044678
8,138,adaptive_crosssdc_cmr,hinge,1.0,0.0,0.23646446896923912,0.0910532491074668,1.9097901715172663,0.009105324910746681,0.0016722689615562558,0.0001672268961556256,0.0685763888888889,0.07899305555555555,0.0019471397002538045,0.0013500994278324975,0.5720000267028809
8,139,adaptive_crosssdc_cmr,hinge,1.0,0.0,0.23098038799232906,0.08454903629091051,1.9061484071943495,0.008454903629091052,0.0016400373101027475,0.00016400373101027477,0.08680555555555555,0.08159722222222222,0.0017213883499304454,0.0016138913730780284,0.5724444389343262
8,140,adaptive_crosssdc_cmr,hinge,1.0,0.0,0.23761721286508772,0.09192661941051483,1.9832226302888658,0.009192661941051483,0.002099466510117054,0.0002099466510117054,0.10069444444444445,0.09027777777777778,0.0024684137768215602,0.001735921742187606,0.5751110911369324
8,141,adaptive_crosssdc_cmr,hinge,1.0,0.0,0.23231510486867693,0.08855217860804664,1.947133673561944,0.008855217860804664,0.0014799429724613826,0.00014799429724613827,0.08506944444444445,0.0642361111111111,0.0017661150130960676,0.0011316223276986016,0.5733333230018616
8,142,adaptive_crosssdc_cmr,hinge,1.0,0.0,0.23546786771880257,0.08923901534742779,1.9756454759173923,0.00892390153474278,0.0019637210191124016,0.00019637210191124019,0.0859375,0.08159722222222222,0.00213814630276627,0.0017422367301252154,0.5688889026641846
8,143,adaptive_crosssdc_cmr,hinge,1.0,0.0,0.23503256175253126,0.08948743757274416,1.9550100962320964,0.008948743757274417,0.0017055371879703468,0.0001705537187970347,0.08333333333333333,0.08246527777777778,0.0018124265803231134,0.0015100439389546712,0.5717777609825134
8,144,adaptive_crosssdc_cmr,hinge,1.0,0.0,0.2329715391000112,0.08451756586631139,1.9852590428458319,0.008451756586631139,0.0018928233766928315,0.00018928233766928317,0.09288194444444445,0.08159722222222222,0.0022783157312207753,0.0015201111220651204,0.5724444389343262
8,145,adaptive_crosssdc_cmr,hinge,1.0,0.0,0.2342716803153356,0.0891737730966674,1.9723342524634466,0.008917377309666739,0.0018732217916597922,0.00018732217916597922,0.10416666666666667,0.08072916666666667,0.00247173880537351,0.0012577080892191993,0.5728889107704163
8,146,adaptive_crosssdc_cmr,hinge,1.0,0.0,0.23596732980675167,0.09759238031175402,1.9329968293507893,0.009759238031175402,0.0016688614268787205,0.00016688614268787206,0.08680555555555555,0.07552083333333333,0.0016795570651690166,0.0015948089874453014,0.5731111168861389
8,147,adaptive_crosssdc_cmr,hinge,1.0,0.0,0.2321177903148863,0.08509868797328737,1.9463511175579495,0.008509868797328738,0.0017104028180862467,0.00017104028180862468,0.0859375,0.07118055555555555,0.001993398285574383,0.0013708610915475422,0.5715555548667908
8,148,adaptive_crosssdc_cmr,hinge,1.0,0.0,0.23155572182602352,0.08327957325511509,1.8889696333143446,0.008327957325511509,0.002201154375345343,0.0002201154375345343,0.10069444444444445,0.09027777777777778,0.002664111140701506,0.0016746299548281564,0.5731111168861389
8,149,adaptive_crosssdc_cmr,hinge,1.0,0.0,0.23518496420648363,0.08673607475227779,1.9371623992919922,0.008673607475227779,0.0018581609603845412,0.00018581609603845412,0.10590277777777778,0.07291666666666667,0.002445036545395851,0.0012296309901608361,0.5744444727897644
8,150,adaptive_crosssdc_cmr,hinge,1.0,0.0,0.2349435653951433,0.08157859825425678,1.8867479430304632,0.00815785982542568,0.0019676756605298985,0.00019676756605298986,0.10243055555555555,0.08506944444444445,0.0022794585675001144,0.0015877758463223775,0.574222207069397
8,151,adaptive_crosssdc_cmr,hinge,1.0,0.0,0.23656405839655134,0.08854814949962828,1.9573556184768677,0.008854814949962828,0.0020461587054241034,0.00020461587054241035,0.109375,0.08072916666666667,0.002453764486644003,0.001606527715921402,0.5735555291175842
8,152,adaptive_crosssdc_cmr,hinge,1.0,0.0,0.2402055412530899,0.08802727030383216,2.0322053962283664,0.008802727030383217,0.0028869170928373933,0.0002886917092837393,0.1284722222222222,0.0859375,0.003829845123820835,0.0018247119668457243,0.5706666707992554
8,153,adaptive_crosssdc_cmr,hinge,1.0,0.0,0.23889450232187906,0.08066690547598733,1.9352108769946628,0.008066690547598733,0.0023809716027850905,0.00023809716027850905,0.10243055555555555,0.0859375,0.002403266520963775,0.002358136491643058,0.5740000009536743
8,154,adaptive_crosssdc_cmr,hinge,1.0,0.0,0.2423009971777598,0.0871773867143525,1.8744003110461764,0.00871773867143525,0.0032559730138422716,0.0003255973013842272,0.11284722222222222,0.0876736111111111,0.004314985954099231,0.0022629048261377546,0.5731111168861389
8,155,adaptive_crosssdc_cmr,hinge,1.0,0.0,0.2447492993540234,0.09022422300444709,1.9517096281051636,0.00902242230044471,0.0033826483154876363,0.00033826483154876367,0.13194444444444445,0.109375,0.003921668769584762,0.002645164521204101,0.5726666450500488
8,156,adaptive_crosssdc_cmr,hinge,1.0,0.0,0.2530290236075719,0.08204748729864757,1.9056545231077406,0.008204748729864757,0.0037179027632292774,0.00037179027632292774,0.14322916666666666,0.09722222222222222,0.004781628441479471,0.0026883211814694935,0.578000009059906
8,157,adaptive_crosssdc_cmr,hinge,1.0,0.0,0.25882436003949905,0.0868258857064777,1.8271472056706746,0.00868258857064777,0.0037945944867614242,0.0003794594486761424,0.13541666666666666,0.1015625,0.004596290695998404,0.003078931114739842,0.5722222328186035
8,158,adaptive_crosssdc_cmr,hinge,1.0,0.0,0.2579064932134416,0.08913448866870669,1.9548116657469008,0.008913448866870668,0.003524844198384219,0.0003524844198384219,0.1423611111111111,0.07725694444444445,0.004637647834089067,0.0022394427408774695,0.5704444646835327
8,159,adaptive_crosssdc_cmr,hinge,1.0,0.0,0.252346267302831,0.08643269787232082,1.9089293082555134,0.008643269787232082,0.004016947389269869,0.0004016947389269869,0.14930555555555555,0.09635416666666667,0.005208360238207711,0.002897888422012329,0.574222207069397
8,160,adaptive_crosssdc_cmr,hinge,1.0,0.0,0.25364913377496934,0.09084352023071712,1.9743986394670274,0.009084352023071713,0.003266849968996313,0.0003266849968996313,0.13541666666666666,0.08680555555555555,0.0041791947765482795,0.0023592900898721484,0.5768888592720032
8,161,adaptive_crosssdc_cmr,hinge,1.0,0.0,0.2511424372593562,0.09065393772390154,1.928225623236762,0.009065393772390155,0.0028674492884116867,0.00028674492884116866,0.1189236111111111,0.0798611111111111,0.003595636950598823,0.002031726555691825,0.5720000267028809
8,162,adaptive_crosssdc_cmr,hinge,1.0,0.0,0.24621113141377768,0.0874093630247646,1.9801016913519964,0.00874093630247646,0.0029014050184438625,0.00029014050184438623,0.11197916666666667,0.08506944444444445,0.003623234522011545,0.002066072697440783,0.5722222328186035
8,163,adaptive_crosssdc_cmr,hinge,1.0,0.0,0.23720987968974644,0.0868203341960907,1.9118248886532254,0.00868203341960907,0.0022524872717137137,0.00022524872717137137,0.10243055555555555,0.08506944444444445,0.0026576800478829276,0.0018488967584239112,0.5728889107704163
8,164,adaptive_crosssdc_cmr,hinge,1.0,0.0,0.2320780787203047,0.08298593676752514,1.9397983021206326,0.008298593676752513,0.001680203545321193,0.00016802035453211933,0.0842013888888889,0.06944444444444445,0.002239800368746122,0.0011391066428687838,0.5788888931274414
8,165,adaptive_crosssdc_cmr,hinge,1.0,0.0,0.23043426209025913,0.08327088670598136,1.8738380405637953,0.008327088670598136,0.0016568261780776083,0.00016568261780776085,0.0763888888888889,0.07291666666666667,0.0015519358631637362,0.0017286214149660533,0.56977778673172
8,166,adaptive_crosssdc_cmr,hinge,1.0,0.0,0.2317782094081243,0.08610024303197861,1.983673678504096,0.008610024303197862,0.0018357804446067247,0.00018357804446067247,0.09027777777777778,0.0703125,0.0020641320281558568,0.001548509837852584,0.5753333568572998
8,167,adaptive_crosssdc_cmr,hinge,1.0,0.0,0.2243754913409551,0.08771683275699615,1.956018606821696,0.008771683275699617,0.0013373006626756655,0.00013373006626756656,0.07552083333333333,0.0642361111111111,0.001523309697707494,0.0011412797288762198,0.574222207069397
8,168,adaptive_crosssdc_cmr,hinge,1.0,0.0,0.22632642421457502,0.08509979562626944,1.911701175901625,0.008509979562626944,0.0014482921881911655,0.00014482921881911655,0.06597222222222222,0.08940972222222222,0.0009950372493929332,0.0018324578801790874,0.5733333230018616
8,169,adaptive_crosssdc_cmr,hinge,1.0,0.0,0.22711841596497429,0.08597647895415624,1.9116900894376967,0.008597647895415624,0.0015670242201950815,0.00015670242201950817,0.06684027777777778,0.07899305555555555,0.0017223947991927464,0.0013711419370439318,0.5724444389343262
8,170,adaptive_crosssdc_cmr,hinge,1.0,0.0,0.22538408471478355,0.0841632013519605,1.9538390503989325,0.00841632013519605,0.0015988210345514947,0.00015988210345514947,0.06597222222222222,0.07118055555555555,0.0015906509425905016,0.0016094156437449986,0.5733333230018616
8,171,adaptive_crosssdc_cmr,hinge,1.0,0.0,0.23774572875764635,0.08780154585838318,2.037465665075514,0.008780154585838319,0.0025205451917524138,0.0002520545191752414,0.1032986111111111,0.08854166666666667,0.0030350198762284387,0.0019671211226118934,0.574222207069397
8,172,adaptive_crosssdc_cmr,hinge,1.0,0.0,0.2338053219848209,0.08804244299729665,1.9242538346184626,0.008804244299729666,0.002182494616135955,0.0002182494616135955,0.09809027777777778,0.07378472222222222,0.0026188834259907403,0.00162826602657636,0.5759999752044678
8,173,adaptive_crosssdc_cmr,hinge,1.0,0.0,0.23003489938047197,0.08598454462157355,2.020288281970554,0.008598454462157356,0.002402041857648227,0.0002402041857648227,0.11284722222222222,0.08940972222222222,0.00259414232439465,0.0021791180802716147,0.5711110830307007
8,174,adaptive_crosssdc_cmr,hinge,1.0,0.0,0.23652092781331804,0.087775024274985,1.896383179558648,0.0087775024274985,0.0027383067386431825,0.00027383067386431827,0.0954861111111111,0.09027777777777778,0.002599897070063485,0.0026054133971532187,0.5773333311080933
8,175,adaptive_crosssdc_cmr,hinge,1.0,0.0,0.25028935074806213,0.0845401104953554,1.9336511294047039,0.00845401104953554,0.004120003432035446,0.0004120003432035446,0.1484375,0.078125,0.006382306209868855,0.0016719475388526917,0.5704444646835327
8,176,adaptive_crosssdc_cmr,hinge,1.0,0.0,0.2567851510312822,0.08200288729535209,1.8862429327434964,0.008200288729535208,0.004370073606777523,0.0004370073606777523,0.1484375,0.109375,0.005616454614533318,0.0030320967651075786,0.5722222328186035
8,177,adaptive_crosssdc_cmr,hinge,1.0,0.0,0.2562068982256783,0.08630676153633329,1.9175912141799927,0.00863067615363333,0.0041613147412944175,0.0004161314741294418,0.14583333333333334,0.0876736111111111,0.005927057729827033,0.0022806262390481103,0.5699999928474426
8,178,adaptive_crosssdc_cmr,hinge,1.0,0.0,0.2499334712823232,0.08181205226315393,1.9637045462926228,0.008181205226315392,0.004471684185167153,0.0004471684185167154,0.13368055555555555,0.10503472222222222,0.005237574171688821,0.003554945190747579,0.5784444212913513
8,179,adaptive_crosssdc_cmr,hinge,1.0,0.0,0.24543527927663591,0.0867145996954706,1.8681890302234225,0.00867145996954706,0.0037988499065654147,0.0003798849906565415,0.12760416666666666,0.09461805555555555,0.004795040935277939,0.0027277817328770957,0.5722222328186035
8,180,adaptive_crosssdc_cmr,hinge,1.0,0.0,0.25024105939600205,0.08730334954129325,1.8779187732272677,0.008730334954129325,0.003235253440733585,0.0003235253440733585,0.14930555555555555,0.06684027777777778,0.004811698570847511,0.0015631313953134748,0.5777778029441833
8,181,adaptive_crosssdc_cmr,hinge,1.0,0.0,0.24698486261897618,0.0852892655465338,1.88437905576494,0.00852892655465338,0.0026409684602792063,0.00026409684602792064,0.1284722222222222,0.0685763888888889,0.003883502549595303,0.0014350486712323295,0.5715555548667908
8,182,adaptive_crosssdc_cmr,hinge,1.0,0.0,0.2552201930019591,0.08737655480702718,2.050393912527296,0.008737655480702718,0.003684538390694393,0.0003684538390694393,0.13541666666666666,0.09809027777777778,0.004669140817390548,0.0026922735075155893,0.5775555372238159
8,183,adaptive_crosssdc_cmr,hinge,1.0,0.0,0.2469057490428289,0.07945265869299571,1.8941486014260187,0.007945265869299572,0.0026750680731816422,0.00026750680731816423,0.1076388888888889,0.07725694444444445,0.0033809534377521938,0.0019033456014262305,0.5782222151756287
8,184,adaptive_crosssdc_cmr,hinge,1.0,0.0,0.24441045025984445,0.08640612247917387,1.9799422290590074,0.008640612247917387,0.002760076546110213,0.0002760076546110213,0.10590277777777778,0.0842013888888889,0.0032341376774840886,0.002211598058541616,0.5706666707992554
8,185,adaptive_crosssdc_cmr,hinge,1.0,0.0,0.24497662981351218,0.08863862603902817,1.910395039452447,0.008863862603902817,0.0030038535284499326,0.00030038535284499326,0.11805555555555555,0.0763888888888889,0.00415968398253123,0.0018329939080609216,0.5762222409248352
8,186,adaptive_crosssdc_cmr,hinge,1.0,0.0,0.23547941943009695,0.08504235247770946,1.9632422129313152,0.008504235247770947,0.0019761971262697545,0.00019761971262697545,0.0763888888888889,0.07118055555555555,0.0022342600342300204,0.0016750281469689475,0.5766666531562805
8,187,adaptive_crosssdc_cmr,hinge,1.0,0.0,0.23169041838910845,0.08385968456665675,1.998975223965115,0.008385968456665676,0.0018397812576343615,0.00018397812576343616,0.08333333333333333,0.0642361111111111,0.0021871690534883076,0.0015098229050636292,0.5726666450500488
8,188,adaptive_crosssdc_cmr,hinge,1.0,0.0,0.2275317046377394,0.08741936749882168,1.8622803290685017,0.008741936749882167,0.0016737204019187225,0.00016737204019187226,0.07465277777777778,0.06597222222222222,0.001739645790722635,0.001440958430369695,0.5737777948379517
8,189,adaptive_crosssdc_cmr,hinge,1.0,0.0,0.22649740179379782,0.08513381994432873,1.9886272880766127,0.008513381994432873,0.0013151900234839155,0.00013151900234839155,0.07118055555555555,0.06510416666666667,0.0015142057090997696,0.0011851295000976985,0.5713333487510681
8,190,adaptive_crosssdc_cmr,hinge,1.0,0.0,0.2239081925816006,0.07290034327242109,1.7996490266587999,0.007290034327242109,0.001520445208168692,0.0001520445208168692,0.07118055555555555,0.06163194444444445,0.0019305050373077393,0.0010663308203220367,0.574222207069397
8,191,adaptive_crosssdc_cmr,hinge,1.0,0.0,0.22269250618086922,0.0861991834309366,1.8987695508533053,0.00861991834309366,0.0012042322842818168,0.00012042322842818168,0.06510416666666667,0.06597222222222222,0.0011461139139201906,0.0011813061104880439,0.5784444212913513
8,192,adaptive_crosssdc_cmr,hinge,1.0,0.0,0.2237601230541865,0.0824612354238828,1.9558515548706055,0.00824612354238828,0.0016483921143743726,0.00016483921143743729,0.08072916666666667,0.06944444444444445,0.0015463121235370636,0.001648545265197754,0.5717777609825134
8,193,adaptive_crosssdc_cmr,hinge,1.0,0.0,0.22379275990857017,0.0840137352546056,2.0172510279549494,0.00840137352546056,0.0013781310537726516,0.00013781310537726516,0.06076388888888889,0.06770833333333333,0.0014274480442206066,0.0012883512924114864,0.5768888592720032
8,194,adaptive_crosssdc_cmr,hinge,1.0,0.0,0.22647355165746477,0.0884670548968845,1.9372768667009141,0.008846705489688451,0.0017019426967534754,0.00017019426967534754,0.08159722222222222,0.07725694444444445,0.0020396080281999377,0.0012012084739075766,0.5762222409248352
8,195,adaptive_crosssdc_cmr,hinge,1.0,0.0,0.2283389369646708,0.0837944754295879,2.0341005987591214,0.00837944754295879,0.0016483359957217341,0.00016483359957217343,0.07118055555555555,0.07378472222222222,0.0016345011277331247,0.0016090867833958732,0.5728889107704163
8,196,adaptive_crosssdc_cmr,hinge,1.0,0.0,0.22857188350624508,0.08813966065645218,2.011211249563429,0.008813966065645218,0.0020306779640830224,0.00020306779640830226,0.1015625,0.0798611111111111,0.0024309524645407996,0.0015916280034515592,0.574222207069397
8,197,adaptive_crosssdc_cmr,hinge,1.0,0.0,0.22792832222249773,0.0854713006152047,1.9735901885562472,0.008547130061520471,0.0014565991263629661,0.0001456599126362966,0.06510416666666667,0.0763888888888889,0.0012415370179547204,0.0015936971952517827,0.5737777948379517
8,198,adaptive_crosssdc_cmr,hinge,1.0,0.0,0.22796291609605154,0.0801293659541342,1.8979975250032213,0.00801293659541342,0.0021186116565432814,0.00021186116565432816,0.09288194444444445,0.0703125,0.0023300649805201423,0.0017307450373967488,0.5755555629730225
8,199,adaptive_crosssdc_cmr,hinge,1.0,0.0,0.22482377290725708,0.08376918153630362,1.8101569149229262,0.008376918153630362,0.0017242783473597632,0.00017242783473597634,0.08246527777777778,0.078125,0.0018991792781485452,0.0015320173568195766,0.5717777609825134
9,0,adaptive_crosssdc_cmr,hinge,1.0,0.0,2.8869951566060386,0.2660421406229337,1.72271019882626,0.02660421406229337,0.40631818440225387,0.04063181844022539,0.8515625,0.6536458333333334,0.642211205429501,0.15410629908243814,0.49300000071525574
9,1,adaptive_crosssdc_cmr,hinge,1.0,0.0,1.7481803231769137,0.22617867754565346,1.6890887551837497,0.022617867754565348,0.3511958287821876,0.03511958287821876,0.9809027777777778,0.4809027777777778,0.6158241795168983,0.07324791244334644,0.5081999897956848
9,2,adaptive_crosssdc_cmr,hinge,1.0,0.0,1.313278595606486,0.14493660380442938,1.7765079471800063,0.01449366038044294,0.18209740022818247,0.018209740022818246,0.9149305555555556,0.5451388888888888,0.2891729060146544,0.06545502112971412,0.5228000283241272
9,3,adaptive_crosssdc_cmr,hinge,1.0,0.0,1.09760586420695,0.12887882524066502,1.7493109305699666,0.012887882524066502,0.1066926701201333,0.010669267012013331,0.8359375,0.5477430555555556,0.15032493074735007,0.0611379672255781,0.5194000005722046
9,4,adaptive_crosssdc_cmr,hinge,1.0,0.0,0.9533063305748833,0.13298976752493116,1.6245587931738958,0.013298976752493117,0.0998340571920077,0.009983405719200771,0.8168402777777778,0.5442708333333334,0.13177447269360223,0.06574862657321824,0.5253999829292297
9,5,adaptive_crosssdc_cmr,hinge,1.0,0.0,0.855898121992747,0.13063238230016497,1.6915434996287029,0.013063238230016497,0.0969295385811064,0.00969295385811064,0.8333333333333334,0.5182291666666666,0.13201737817790773,0.057941731065511703,0.52920001745224
9,6,adaptive_crosssdc_cmr,hinge,1.0,0.0,0.7880109681023492,0.12778853376706442,1.716390437550015,0.012778853376706444,0.07457168731424543,0.0074571687314245435,0.796875,0.4696180555555556,0.10260102980666691,0.04432339842120806,0.5296000242233276
9,7,adaptive_crosssdc_cmr,hinge,1.0,0.0,0.7223973804050021,0.11497386710511313,1.7555683851242065,0.011497386710511315,0.07481727749109268,0.007481727749109268,0.8064236111111112,0.4982638888888889,0.09892259620957905,0.04878878303700023,0.5278000235557556
9,8,adaptive_crosssdc_cmr,hinge,1.0,0.0,0.6799977156851027,0.12270556969775094,1.7222398784425523,0.012270556969775095,0.07011395610041088,0.007011395610041088,0.7734375,0.4921875,0.09458304776085748,0.04361308697197172,0.5306000113487244
9,9,adaptive_crosssdc_cmr,hinge,1.0,0.0,0.6401256985134549,0.117237635784679,1.7509213023715549,0.0117237635784679,0.06198086424006356,0.006198086424006356,0.7447916666666666,0.4670138888888889,0.08235096351967917,0.04063489163915316,0.5307999849319458
9,10,adaptive_crosssdc_cmr,hinge,1.0,0.0,0.605899817413754,0.11855314423640569,1.780379679467943,0.01185531442364057,0.05725756618711683,0.005725756618711684,0.7560763888888888,0.4296875,0.07983873536189397,0.034208795676628746,0.5320000052452087
9,11,adaptive_crosssdc_cmr,hinge,1.0,0.0,0.5763509207301669,0.12581241627534231,1.8354402515623305,0.012581241627534233,0.051456922044356666,0.005145692204435667,0.7083333333333334,0.4453125,0.07350016468101078,0.028867331229978137,0.5299999713897705
9,12,adaptive_crosssdc_cmr,hinge,1.0,0.0,0.5489039752218459,0.11517466770278083,1.6953496138254802,0.011517466770278083,0.05099748488929537,0.005099748488929537,0.7291666666666666,0.4010416666666667,0.07460919933186637,0.026437177633245785,0.5311999917030334
9,13,adaptive_crosssdc_cmr,hinge,1.0,0.0,0.5269381999969482,0.11233777304490407,1.6810899310641818,0.011233777304490407,0.04674419512351354,0.004674419512351354,0.6996527777777778,0.3758680555555556,0.06549552207191785,0.027461453444427915,0.5311999917030334
9,14,adaptive_crosssdc_cmr,hinge,1.0,0.0,0.5158778429031372,0.12268903189235264,1.7869037124845717,0.012268903189235264,0.04155771227346526,0.004155771227346526,0.6553819444444444,0.3541666666666667,0.06023330158657498,0.022833247151639726,0.5311999917030334
9,15,adaptive_crosssdc_cmr,hinge,1.0,0.0,0.4953380160861545,0.11552981866730584,1.6650172869364421,0.011552981866730585,0.042612729801072016,0.004261272980107202,0.6623263888888888,0.3706597222222222,0.06281539921959241,0.022072520313991442,0.5311999917030334
9,16,adaptive_crosssdc_cmr,hinge,1.0,0.0,0.4797053535779317,0.11346692260768679,1.6530055205027263,0.01134669226076868,0.038651646632287234,0.0038651646632287236,0.6345486111111112,0.3402777777777778,0.05481715334786309,0.021838243222898908,0.5320000052452087
9,17,adaptive_crosssdc_cmr,hinge,1.0,0.0,0.4706602030330234,0.11193590694003636,1.6595051553514268,0.011193590694003636,0.03860796201560232,0.003860796201560232,0.6380208333333334,0.3515625,0.05712735694315699,0.019819116012917623,0.5321999788284302
9,18,adaptive_crosssdc_cmr,hinge,1.0,0.0,0.45722359750005936,0.11390129228432973,1.7024935616387262,0.011390129228432973,0.03323991265561846,0.003323991265561846,0.5998263888888888,0.3098958333333333,0.05055680415696568,0.016303016079796687,0.5320000052452087
9,19,adaptive_crosssdc_cmr,hinge,1.0,0.0,0.4409043888250987,0.11364609003067017,1.6941373215781317,0.011364609003067017,0.03306444672246774,0.0033064446722467743,0.5963541666666666,0.3350694444444444,0.05034664563006825,0.01596571236020989,0.5320000052452087
9,20,adaptive_crosssdc_cmr,hinge,1.0,0.0,0.43405072887738544,0.11101674371295506,1.7224689192242093,0.011101674371295507,0.03274043545954757,0.0032740435459547574,0.59375,0.3107638888888889,0.049670443766646914,0.014841323304507468,0.5307999849319458
9,21,adaptive_crosssdc_cmr,hinge,1.0,0.0,0.4234141442510817,0.1182635087105963,1.6470047103034124,0.01182635087105963,0.028532311734226014,0.0028532311734226017,0.5685763888888888,0.2638888888888889,0.044033903214666575,0.012801375654008653,0.5324000120162964
9,22,adaptive_crosssdc_cmr,hinge,1.0,0.0,0.41417209307352704,0.10879916532172097,1.6048039860195584,0.010879916532172098,0.027751380163762305,0.0027751380163762306,0.5277777777777778,0.3116319444444444,0.04139676731493738,0.014220508850283094,0.5303999781608582
9,23,adaptive_crosssdc_cmr,hinge,1.0,0.0,0.4041389326254527,0.11162390311559041,1.6756401989195082,0.011162390311559042,0.027683908740679424,0.0027683908740679425,0.5677083333333334,0.2586805555555556,0.04464639061027103,0.010591678321361542,0.5289999842643738
9,24,adaptive_crosssdc_cmr,hinge,1.0,0.0,0.3933637605773078,0.10789546204937829,1.6675085094239976,0.01078954620493783,0.023208688116735883,0.0023208688116735884,0.5208333333333334,0.2847222222222222,0.035139026327265635,0.010859243985679414,0.5306000113487244
9,25,adaptive_crosssdc_cmr,hinge,1.0,0.0,0.3849327166875203,0.10340475373797947,1.703870455423991,0.010340475373797947,0.024682412751846843,0.0024682412751846844,0.5321180555555556,0.25,0.03948083106014463,0.009714873714579476,0.526199996471405
9,26,adaptive_crosssdc_cmr,hinge,1.0,0.0,0.3919219738907284,0.11192536188496484,1.670612096786499,0.011192536188496485,0.02323622815310955,0.002323622815310955,0.5190972222222222,0.2673611111111111,0.03740339270896382,0.009408607251114316,0.5306000113487244
9,27,adaptive_crosssdc_cmr,hinge,1.0,0.0,0.3909917374451955,0.10461507903205024,1.6951838069491916,0.010461507903205025,0.02142153452667925,0.0021421534526679252,0.4522569444444444,0.21180555555555555,0.03383016876048512,0.009108212673001818,0.5329999923706055
9,28,adaptive_crosssdc_cmr,hinge,1.0,0.0,0.39036955767207676,0.10312324596775903,1.6150203280978732,0.010312324596775904,0.022764277540975146,0.0022764277540975146,0.4809027777777778,0.2630208333333333,0.03515513820780648,0.010701553896069527,0.5338000059127808
9,29,adaptive_crosssdc_cmr,hinge,1.0,0.0,0.3989729020330641,0.10516231258710225,1.7180620961719089,0.010516231258710226,0.024758520018723276,0.0024758520018723276,0.4713541666666667,0.2673611111111111,0.03712789072758622,0.01284259267979198,0.5278000235557556
9,30,adaptive_crosssdc_cmr,hinge,1.0,0.0,0.39818816383679706,0.1092914342880249,1.7388250165515475,0.01092914342880249,0.022778348790274724,0.0022778348790274726,0.4678819444444444,0.2361111111111111,0.03392152260575029,0.011731039939655198,0.527400016784668
9,31,adaptive_crosssdc_cmr,hinge,1.0,0.0,0.3897552258438534,0.1026904649204678,1.616296304596795,0.01026904649204678,0.023019180943568546,0.002301918094356855,0.4809027777777778,0.2282986111111111,0.034908282260100044,0.011171229183673859,0.531000018119812
9,32,adaptive_crosssdc_cmr,hinge,1.0,0.0,0.3760925531387329,0.10909292764133877,1.8011455535888672,0.010909292764133877,0.02037663695712884,0.0020376636957128843,0.421875,0.2152777777777778,0.0293594714668062,0.011329726833436225,0.5235999822616577
9,33,adaptive_crosssdc_cmr,hinge,1.0,0.0,0.36069046788745457,0.10183014389541414,1.617023640208774,0.010183014389541415,0.020272839814424515,0.0020272839814424516,0.4279513888888889,0.21961805555555555,0.032544351286358304,0.008210576863752471,0.5306000113487244
9,34,adaptive_crosssdc_cmr,hinge,1.0,0.0,0.3532625999715593,0.10084054370721181,1.6250940296385024,0.010084054370721181,0.018325626539687317,0.0018325626539687319,0.4444444444444444,0.21180555555555555,0.02862935492561923,0.008460438292887475,0.5307999849319458
9,35,adaptive_crosssdc_cmr,hinge,1.0,0.0,0.33760355909665424,0.10131229211886723,1.7419956657621596,0.010131229211886724,0.01600260618660185,0.0016002606186601852,0.4288194444444444,0.1545138888888889,0.026546834864550166,0.00560475740995672,0.5289999842643738
9,36,adaptive_crosssdc_cmr,hinge,1.0,0.0,0.32994573646121556,0.09533859541018803,1.6385310888290405,0.009533859541018805,0.015203912638955645,0.0015203912638955645,0.4019097222222222,0.1831597222222222,0.023136789807014994,0.007346060333980454,0.5317999720573425
9,37,adaptive_crosssdc_cmr,hinge,1.0,0.0,0.3250905242231157,0.10150816705491808,1.688178539276123,0.010150816705491809,0.01330605097528961,0.001330605097528961,0.3663194444444444,0.1779513888888889,0.020810081106093194,0.006080964580178261,0.5270000100135803
9,38,adaptive_crosssdc_cmr,hinge,1.0,0.0,0.3145551350381639,0.09524527026547326,1.6515754328833685,0.009524527026547326,0.012989251667426692,0.0012989251667426694,0.3793402777777778,0.15538194444444445,0.021078133955597878,0.005273005614678065,0.5306000113487244
9,39,adaptive_crosssdc_cmr,hinge,1.0,0.0,0.3196309573120541,0.10064055936204062,1.7752988470925226,0.010064055936204063,0.012755984854367044,0.0012755984854367045,0.375,0.17274305555555555,0.020537915743059583,0.005275841802358627,0.5288000106811523
9,40,adaptive_crosssdc_cmr,hinge,1.0,0.0,0.3059266871876187,0.0907069519162178,1.617427044444614,0.009070695191621781,0.010478899089826478,0.0010478899089826478,0.3498263888888889,0.1519097222222222,0.016873960486716695,0.0043182602773110075,0.5267999768257141
9,41,adaptive_crosssdc_cmr,hinge,1.0,0.0,0.3110211458471086,0.10234217428498799,1.6753062142266169,0.0102342174284988,0.010971640133195452,0.0010971640133195452,0.3463541666666667,0.16493055555555555,0.018877573104368314,0.0034159556445148257,0.5311999917030334
9,42,adaptive_crosssdc_cmr,hinge,1.0,0.0,0.30637164579497445,0.0985746251212226,1.9573548767301772,0.00985746251212226,0.009576263734036021,0.0009576263734036021,0.3289930555555556,0.16319444444444445,0.015438771496216456,0.003846471922265159,0.5297999978065491
9,43,adaptive_crosssdc_cmr,hinge,1.0,0.0,0.30282629198498195,0.09663106501102448,1.7910675472683377,0.009663106501102449,0.009996643341663811,0.0009996643341663811,0.3255208333333333,0.1545138888888889,0.015834597456786368,0.00429740051428477,0.5271999835968018
9,44,adaptive_crosssdc_cmr,hinge,1.0,0.0,0.2991064687569936,0.09487903200917774,1.7749278412924872,0.009487903200917774,0.009542730222973559,0.000954273022297356,0.3229166666666667,0.1519097222222222,0.015077530716856321,0.00410688751273685,0.5314000248908997
9,45,adaptive_crosssdc_cmr,hinge,1.0,0.0,0.2977608409192827,0.09999327196015252,1.7457673417197332,0.009999327196015253,0.007920508065985309,0.0007920508065985309,0.3125,0.1440972222222222,0.013566886799203025,0.0027127787470817566,0.5275999903678894
9,46,adaptive_crosssdc_cmr,hinge,1.0,0.0,0.30128638943036395,0.09852807968854904,1.7323406140009563,0.009852807968854904,0.008484623964048095,0.0008484623964048095,0.3237847222222222,0.1519097222222222,0.014349221769306395,0.002909025384320153,0.5299999713897705
9,47,adaptive_crosssdc_cmr,hinge,1.0,0.0,0.29747946394814384,0.09526575356721878,1.673602302869161,0.009526575356721878,0.010344807679454485,0.0010344807679454485,0.3315972222222222,0.1857638888888889,0.015357165700859494,0.0053881098412805134,0.5302000045776367
9,48,adaptive_crosssdc_cmr,hinge,1.0,0.0,0.29950373371442157,0.10160273561875026,1.7150333325068157,0.010160273561875027,0.007742999638948176,0.0007742999638948177,0.2855902777777778,0.13975694444444445,0.012136340762178103,0.003455730982952648,0.5302000045776367
9,49,adaptive_crosssdc_cmr,hinge,1.0,0.0,0.29850847522417706,0.09889073835478888,1.7425146102905273,0.00988907383547889,0.009232727707260184,0.0009232727707260184,0.3003472222222222,0.16666666666666666,0.01422982331779268,0.004427692749434047,0.52920001745224
9,50,adaptive_crosssdc_cmr,hinge,1.0,0.0,0.30021697613928056,0.09451890902386771,1.6870739195081923,0.009451890902386772,0.008192079917838177,0.0008192079917838177,0.2829861111111111,0.1519097222222222,0.0118664029157824,0.004312906414270401,0.5260000228881836
9,51,adaptive_crosssdc_cmr,hinge,1.0,0.0,0.29448169469833374,0.0905570967329873,1.6851856311162312,0.00905570967329873,0.008329406225432953,0.0008329406225432953,0.3090277777777778,0.1467013888888889,0.0131681975391176,0.0034888676471180385,0.527999997138977
9,52,adaptive_crosssdc_cmr,hinge,1.0,0.0,0.2931515607568953,0.09672473205460443,1.758751630783081,0.009672473205460443,0.008412638989587625,0.0008412638989587625,0.296875,0.1484375,0.013157707949479422,0.003908781541718377,0.5296000242233276
9,53,adaptive_crosssdc_cmr,hinge,1.0,0.0,0.28732551137606305,0.10045877264605628,1.7589622073703342,0.010045877264605629,0.006296632914907402,0.0006296632914907403,0.2517361111111111,0.12586805555555555,0.00985769782629278,0.0027213748544454575,0.525600016117096
9,54,adaptive_crosssdc_cmr,hinge,1.0,0.0,0.28818490107854206,0.0967751724852456,1.7267245981428359,0.00967751724852456,0.0072580186857117545,0.0007258018685711755,0.2751736111111111,0.1328125,0.01115257955259747,0.0034215963549084133,0.5320000052452087
9,55,adaptive_crosssdc_cmr,hinge,1.0,0.0,0.29028864039315116,0.09611473315291935,1.5932956801520453,0.009611473315291936,0.007009149115118716,0.0007009149115118716,0.2717013888888889,0.16145833333333334,0.010417260229587555,0.003907765572269757,0.525600016117096
9,56,adaptive_crosssdc_cmr,hinge,1.0,0.0,0.292248891459571,0.09313973784446716,1.7063692013422649,0.009313973784446717,0.007610626104805205,0.0007610626104805206,0.2769097222222222,0.14149305555555555,0.012080774539046817,0.003156425638331307,0.5278000235557556
9,57,adaptive_crosssdc_cmr,hinge,1.0,0.0,0.28955857621298897,0.08878145863612492,1.6821490791108873,0.008878145863612493,0.0078312112018466,0.00078312112018466,0.2699652777777778,0.13541666666666666,0.011986732689870728,0.003699423538313972,0.5332000255584717
9,58,adaptive_crosssdc_cmr,hinge,1.0,0.0,0.2861057784822252,0.09014876849121517,1.6646495395236545,0.009014876849121518,0.005790368653833866,0.0005790368653833866,0.2421875,0.1267361111111111,0.008578591462638643,0.002985290769073698,0.527400016784668
9,59,adaptive_crosssdc_cmr,hinge,1.0,0.0,0.28001681301328873,0.08992488268348905,1.7040668461057875,0.008992488268348905,0.005857264053904348,0.0005857264053904348,0.2404513888888889,0.11979166666666667,0.00925021804869175,0.0025742087099287245,0.5317999720573425
9,60,adaptive_crosssdc_cmr,hinge,1.0,0.0,0.2752214339044359,0.09142101142141554,1.7163257598876953,0.009142101142141553,0.006114300961295764,0.0006114300961295765,0.2387152777777778,0.12760416666666666,0.009601343009206984,0.0026607273353470694,0.531000018119812
9,61,adaptive_crosssdc_cmr,hinge,1.0,0.0,0.27606257134013706,0.09400768246915606,1.733862214618259,0.009400768246915606,0.005197560673372613,0.0005197560673372613,0.23697916666666666,0.1171875,0.00829797714120812,0.0022336269418398538,0.5270000100135803
9,62,adaptive_crosssdc_cmr,hinge,1.0,0.0,0.2784249782562256,0.09422299265861511,1.6930431922276814,0.009422299265861512,0.005513507226068113,0.0005513507226068113,0.22569444444444445,0.11979166666666667,0.008729381486773491,0.0024036957571903863,0.5297999978065491
9,63,adaptive_crosssdc_cmr,hinge,1.0,0.0,0.27465419967969257,0.09249913444121678,1.839148720105489,0.009249913444121679,0.0052863500443183714,0.0005286350044318371,0.21614583333333334,0.13368055555555555,0.007282667896813816,0.0031741451885965136,0.5299999713897705
9,64,adaptive_crosssdc_cmr,hinge,1.0,0.0,0.27639206250508624,0.0882899057534006,1.7273628579245672,0.00882899057534006,0.005990671304364999,0.0005990671304364999,0.2439236111111111,0.1284722222222222,0.008915336802601814,0.003113026006354226,0.5285999774932861
9,65,adaptive_crosssdc_cmr,hinge,1.0,0.0,0.28115391068988377,0.09101934648222393,1.7816775374942355,0.009101934648222393,0.004870406507203977,0.0004870406507203977,0.2170138888888889,0.125,0.007046575554543071,0.0027776027305258643,0.5293999910354614
9,66,adaptive_crosssdc_cmr,hinge,1.0,0.0,0.27532366911570233,0.08847755524847242,1.7437090476353962,0.008847755524847243,0.005264602265217238,0.0005264602265217239,0.2092013888888889,0.12586805555555555,0.008045009854767058,0.0025289037989245523,0.5306000113487244
9,67,adaptive_crosssdc_cmr,hinge,1.0,0.0,0.2757509748140971,0.098078067931864,1.8559599849912856,0.0098078067931864,0.0048383793069256675,0.0004838379306925668,0.2092013888888889,0.1232638888888889,0.007222577929496765,0.002490929431385464,0.5266000032424927
9,68,adaptive_crosssdc_cmr,hinge,1.0,0.0,0.2643296784824795,0.08528233071168263,1.616237958272298,0.008528233071168264,0.004411588190123439,0.0004411588190123439,0.21354166666666666,0.1171875,0.006665071265565025,0.0021821229408184686,0.5333999991416931
9,69,adaptive_crosssdc_cmr,hinge,1.0,0.0,0.26503497030999923,0.08306026872661379,1.7083914015028212,0.00830602687266138,0.003937248011223144,0.0003937248011223144,0.1987847222222222,0.1032986111111111,0.0058423369708988405,0.002013016699088944,0.5267999768257141
9,70,adaptive_crosssdc_cmr,hinge,1.0,0.0,0.26319677299923366,0.08681688788864347,1.7460716432995267,0.008681688788864347,0.004215241953109701,0.00042152419531097014,0.1831597222222222,0.1171875,0.006014295957154698,0.0023651104420423508,0.5289999842643738
9,71,adaptive_crosssdc_cmr,hinge,1.0,0.0,0.26768769489394295,0.08416867090596093,1.7058007452223036,0.008416867090596093,0.004510194037316574,0.0004510194037316574,0.20833333333333334,0.1189236111111111,0.006826712646418148,0.0022353403684165743,0.5271999835968018
9,72,adaptive_crosssdc_cmr,hinge,1.0,0.0,0.2776862283547719,0.0934227854013443,1.7772023280461628,0.009342278540134431,0.005863427805403869,0.0005863427805403869,0.22395833333333334,0.1232638888888889,0.008879750967025757,0.002684605825278494,0.5303999781608582
9,73,adaptive_crosssdc_cmr,hinge,1.0,0.0,0.2825357913970947,0.09097383088535732,1.7618002891540527,0.009097383088535733,0.006143651566364699,0.0006143651566364699,0.21961805555555555,0.14583333333333334,0.008835249270002047,0.0032091238018539217,0.527400016784668
9,74,adaptive_crosssdc_cmr,hinge,1.0,0.0,0.2878128058380551,0.08881421635548274,1.7139595614539251,0.008881421635548274,0.006796454234669606,0.0006796454234669607,0.2673611111111111,0.11371527777777778,0.010412287794881396,0.0032763791580994925,0.5299999713897705
9,75,adaptive_crosssdc_cmr,hinge,1.0,0.0,0.2889556023809645,0.09207111679845387,1.673241376876831,0.009207111679845387,0.006000072747055028,0.0006000072747055028,0.23524305555555555,0.11458333333333333,0.00919791952603393,0.0030359795524014365,0.5252000093460083
9,76,adaptive_crosssdc_cmr,hinge,1.0,0.0,0.2852582236131032,0.09238818453417884,1.7857238319185045,0.009238818453417884,0.007085071462723944,0.0007085071462723945,0.24913194444444445,0.14322916666666666,0.010588367780049643,0.003596955289443334,0.5297999978065491
9,77,adaptive_crosssdc_cmr,hinge,1.0,0.0,0.28988243142763775,0.0876307263970375,1.731578336821662,0.00876307263970375,0.0073169138179057175,0.0007316913817905718,0.2248263888888889,0.1501736111111111,0.010408589823378457,0.004368071547812886,0.5335999727249146
9,78,adaptive_crosssdc_cmr,hinge,1.0,0.0,0.2993386387825012,0.09309141503440009,1.776993579334683,0.00930914150344001,0.00696511933993962,0.0006965119339939621,0.2526041666666667,0.11371527777777778,0.010962351742717955,0.0030407580650515026,0.5293999910354614
9,79,adaptive_crosssdc_cmr,hinge,1.0,0.0,0.30333584547042847,0.08914826810359955,1.7972800466749403,0.008914826810359955,0.006718779344939523,0.0006718779344939524,0.2282986111111111,0.14583333333333334,0.009655995501412286,0.004027697361177868,0.5288000106811523
9,80,adaptive_crosssdc_cmr,hinge,1.0,0.0,0.3018043703503079,0.08505880418750975,1.7396281825171576,0.008505880418750975,0.008053726775364744,0.0008053726775364744,0.2552083333333333,0.12413194444444445,0.012511719432142045,0.0036473857859770456,0.5297999978065491
9,81,adaptive_crosssdc_cmr,hinge,1.0,0.0,0.2946731547514598,0.08381848120027119,1.759699238671197,0.00838184812002712,0.007154362069235908,0.0007154362069235909,0.22395833333333334,0.1388888888888889,0.010167912269632021,0.004105153390102916,0.5324000120162964
9,82,adaptive_crosssdc_cmr,hinge,1.0,0.0,0.27731993794441223,0.08374096287621392,1.7953689760631986,0.008374096287621393,0.004771415842697024,0.00047714158426970243,0.19444444444444445,0.09635416666666667,0.007436951208445761,0.0022636865162187153,0.5297999978065491
9,83,adaptive_crosssdc_cmr,hinge,1.0,0.0,0.26674813363287186,0.08250142633914948,1.7376263274086847,0.008250142633914949,0.004150607079888384,0.0004150607079888384,0.15625,0.1032986111111111,0.006148274574014876,0.0020856993893782296,0.531000018119812
9,84,adaptive_crosssdc_cmr,hinge,1.0,0.0,0.26293961041503483,0.08843250986602572,1.7788004610273573,0.008843250986602573,0.0036254567611548635,0.0003625456761154864,0.1640625,0.08159722222222222,0.005489824753668573,0.0016575281818707783,0.5297999978065491
9,85,adaptive_crosssdc_cmr,hinge,1.0,0.0,0.2607647445466783,0.08291170166598426,1.7051545646455553,0.008291170166598427,0.0029605963370866245,0.00029605963370866247,0.1467013888888889,0.09288194444444445,0.0038217266814576257,0.0020349733531475067,0.532800018787384
9,86,adaptive_crosssdc_cmr,hinge,1.0,0.0,0.25720712376965416,0.08748539537191391,1.7866457435819838,0.008748539537191392,0.0032178942346945405,0.00032178942346945406,0.1449652777777778,0.11284722222222222,0.0040335288892189665,0.0024718991998169157,0.5353999733924866
9,87,adaptive_crosssdc_cmr,hinge,1.0,0.0,0.2577766478061676,0.08608840240372552,1.8364489078521729,0.008608840240372553,0.0031540444146634806,0.0003154044414663481,0.16319444444444445,0.0859375,0.004813238978385925,0.0014668363663885328,0.5267999768257141
9,88,adaptive_crosssdc_cmr,hinge,1.0,0.0,0.2649916609128316,0.08594347536563873,1.6987692647510104,0.008594347536563874,0.0033638239838182926,0.0003363823983818293,0.16927083333333334,0.09722222222222222,0.004623280010289616,0.002066257099310557,0.5314000248908997
9,89,adaptive_crosssdc_cmr,hinge,1.0,0.0,0.2691116664144728,0.09303040305773418,1.8337043788697984,0.009303040305773417,0.0037892985209408733,0.00037892985209408736,0.15885416666666666,0.12152777777777778,0.004811183445983463,0.0027993741548723644,0.532800018787384
9,90,adaptive_crosssdc_cmr,hinge,1.0,0.0,0.26676057775815326,0.08885879069566727,1.9307942920260959,0.008885879069566727,0.004832327702186174,0.0004832327702186174,0.18836805555555555,0.11631944444444445,0.006766627853115399,0.0027282355974117913,0.534600019454956
9,91,adaptive_crosssdc_cmr,hinge,1.0,0.0,0.2679341932137807,0.08969173249271181,1.8757682641347249,0.008969173249271182,0.004074883181601763,0.0004074883181601763,0.1701388888888889,0.12065972222222222,0.005018428795867496,0.0029683011687464183,0.5321999788284302
9,92,adaptive_crosssdc_cmr,hinge,1.0,0.0,0.2658953236209022,0.0866560505496131,1.8034741481145222,0.008665605054961311,0.0035890534054487944,0.0003589053405448795,0.1640625,0.10850694444444445,0.00495048819316758,0.002106020020114051,0.52920001745224
9,93,adaptive_crosssdc_cmr,hinge,1.0,0.0,0.26369988090462154,0.0866768467757437,1.7868369023005168,0.00866768467757437,0.0037937775616430575,0.0003793777561643058,0.17274305555555555,0.10677083333333333,0.005583828729059961,0.0020832024100753996,0.5320000052452087
9,94,adaptive_crosssdc_cmr,hinge,1.0,0.0,0.2614525622791714,0.08954118854469723,1.7237084706624348,0.008954118854469723,0.0031862272234219643,0.00031862272234219643,0.14930555555555555,0.09722222222222222,0.004348944044775433,0.0020854853921466405,0.5325999855995178
9,95,adaptive_crosssdc_cmr,hinge,1.0,0.0,0.2605297995938195,0.0890611501203643,1.7653577327728271,0.00890611501203643,0.0035545058393230042,0.00035545058393230046,0.15885416666666666,0.09809027777777778,0.005200096095601718,0.002006759453150961,0.5343999862670898
9,96,adaptive_crosssdc_cmr,hinge,1.0,0.0,0.26041041480170357,0.08418986532423231,1.745115081469218,0.008418986532423232,0.004321545595303178,0.0004321545595303178,0.19270833333333334,0.10590277777777778,0.005849599424335692,0.0026418715715408325,0.5297999978065491
9,97,adaptive_crosssdc_cmr,hinge,1.0,0.0,0.2688983082771301,0.08371561103396946,1.8104532294803195,0.008371561103396947,0.004082748666405678,0.0004082748666405678,0.1701388888888889,0.12065972222222222,0.005257618303100268,0.002949371106094784,0.5320000052452087
9,98,adaptive_crosssdc_cmr,hinge,1.0,0.0,0.2683645056353675,0.08554731474982367,1.8208124770058527,0.008554731474982367,0.003742836674468385,0.0003742836674468385,0.16666666666666666,0.10677083333333333,0.005057141391767396,0.002379773184657097,0.531000018119812
9,99,adaptive_crosssdc_cmr,hinge,1.0,0.0,0.2684357232517666,0.0837544591890441,1.816773706012302,0.008375445918904411,0.004048269267918335,0.00040482692679183355,0.171875,0.1111111111111111,0.005342547471324603,0.00261626144250234,0.5302000045776367
9,100,adaptive_crosssdc_cmr,hinge,1.0,0.0,0.2554110454188453,0.08296806530819999,1.680126494831509,0.00829680653082,0.0032680456190266544,0.00032680456190266544,0.16666666666666666,0.08159722222222222,0.004609617094198863,0.0018745784958203633,0.5314000248908997
9,101,adaptive_crosssdc_cmr,hinge,1.0,0.0,0.25349145962132347,0.08437130765782462,1.7585123909844294,0.008437130765782463,0.0026933768143256507,0.0002693376814325651,0.12586805555555555,0.0842013888888889,0.003678014708889855,0.0017464570701122284,0.5325999855995178
9,102,adaptive_crosssdc_cmr,hinge,1.0,0.0,0.2497247424390581,0.08635719865560532,1.6826430691613092,0.008635719865560531,0.0028570956136617395,0.00028570956136617396,0.1362847222222222,0.08246527777777778,0.003986684812439812,0.001640386465522978,0.532800018787384
9,103,adaptive_crosssdc_cmr,hinge,1.0,0.0,0.2523432953490151,0.08185924506849712,1.759271780649821,0.008185924506849712,0.003064653577489985,0.0003064653577489985,0.1579861111111111,0.09288194444444445,0.0044321854495339924,0.0017367317858669492,0.5320000052452087
9,104,adaptive_crosssdc_cmr,hinge,1.0,0.0,0.2520783328347736,0.08854238606161541,1.8439301252365112,0.008854238606161541,0.0027524682615573206,0.0002752468261557321,0.1362847222222222,0.09722222222222222,0.0035941975398196113,0.0018912675893969005,0.5306000113487244
9,105,adaptive_crosssdc_cmr,hinge,1.0,0.0,0.25669347908761764,0.08826506055063671,1.9032080438401964,0.008826506055063672,0.0029560655433063707,0.00029560655433063707,0.1362847222222222,0.0998263888888889,0.0038976259529590607,0.001999426219198439,0.5335999727249146
9,106,adaptive_crosssdc_cmr,hinge,1.0,0.0,0.2582632799943288,0.0786224835448795,1.7168530623118083,0.00786224835448795,0.0037178308314954243,0.00037178308314954247,0.15104166666666666,0.10503472222222222,0.005055242114596897,0.002288367185327742,0.5317999720573425
9,107,adaptive_crosssdc_cmr,hinge,1.0,0.0,0.2529077198770311,0.08384432726436192,1.8130475282669067,0.008384432726436191,0.0028983860716430675,0.0002898386071643068,0.1371527777777778,0.09375,0.00321569438609812,0.0025140858358807033,0.5357999801635742
9,108,adaptive_crosssdc_cmr,hinge,1.0,0.0,0.25131210519207847,0.08452557606829537,1.851251694891188,0.008452557606829537,0.0026910754127634894,0.000269107541276349,0.13194444444444445,0.08680555555555555,0.0035014345000187555,0.0018084835675027636,0.5347999930381775
9,109,adaptive_crosssdc_cmr,hinge,1.0,0.0,0.2441023803419537,0.08494700243075688,1.8293751345740423,0.008494700243075689,0.0022826664822383057,0.0002282666482238306,0.11371527777777778,0.08246527777777778,0.0031998900489674676,0.0013318606134918001,0.5347999930381775
9,110,adaptive_crosssdc_cmr,hinge,1.0,0.0,0.23955408732096353,0.08281424558824962,1.634774989551968,0.008281424558824963,0.002278957761720651,0.00022789577617206508,0.12065972222222222,0.08680555555555555,0.0030648441364367804,0.001329926566945182,0.5315999984741211
9,111,adaptive_crosssdc_cmr,hinge,1.0,0.0,0.243127735124694,0.08884551127751668,1.8580503596199884,0.008884551127751668,0.001889205473061237,0.0001889205473061237,0.11458333333333333,0.08506944444444445,0.002452636965447002,0.0013045136713319356,0.5333999991416931
9,112,adaptive_crosssdc_cmr,hinge,1.0,0.0,0.24558496309651268,0.08311102208164003,1.8084672821892633,0.008311102208164004,0.001891616369701094,0.00018916163697010942,0.1111111111111111,0.08333333333333333,0.0022537155697743096,0.001475505530834198,0.534600019454956
9,113,adaptive_crosssdc_cmr,hinge,1.0,0.0,0.24734566609064737,0.08787727687093946,1.8368898497687445,0.008787727687093946,0.002762769129023784,0.0002762769129023784,0.1501736111111111,0.08506944444444445,0.003792962266339196,0.0015806501938237085,0.534600019454956
9,114,adaptive_crosssdc_cmr,hinge,1.0,0.0,0.2515930301613278,0.08264649742179447,1.7011788156297472,0.008264649742179447,0.003584074542029864,0.00035840745420298646,0.15885416666666666,0.10850694444444445,0.0045317668053838946,0.0024441302650504643,0.5333999991416931
9,115,adaptive_crosssdc_cmr,hinge,1.0,0.0,0.24673499829239315,0.0813123227821456,1.6472094456354778,0.008131232278214561,0.0028512278933905894,0.00028512278933905897,0.1449652777777778,0.0859375,0.003596667821208636,0.002039354087577926,0.5303999781608582
9,116,adaptive_crosssdc_cmr,hinge,1.0,0.0,0.25248274041546714,0.08431056555774477,1.8626737462149725,0.008431056555774478,0.002732246234599087,0.0002732246234599087,0.12586805555555555,0.09375,0.0034406857772005927,0.001895232746998469,0.5338000059127808
9,117,adaptive_crosssdc_cmr,hinge,1.0,0.0,0.2502964784701665,0.07967398481236564,1.7422207593917847,0.007967398481236563,0.0024995726481493977,0.00024995726481493976,0.1467013888888889,0.09288194444444445,0.0032157163239187663,0.0017194627887672847,0.5335999727249146
9,118,adaptive_crosssdc_cmr,hinge,1.0,0.0,0.24936706158849928,0.08386110679970847,1.6651201115714178,0.008386110679970847,0.0029190248913235134,0.00029190248913235135,0.15364583333333334,0.0876736111111111,0.004086132264799542,0.0015980257756180232,0.5343999862670898
9,119,adaptive_crosssdc_cmr,hinge,1.0,0.0,0.24605444735950893,0.0791069111890263,1.7756241427527533,0.00791069111890263,0.0024931561977912984,0.0002493156197791298,0.1171875,0.09288194444444445,0.003032650798559189,0.0018628421756956312,0.5353999733924866
9,120,adaptive_crosssdc_cmr,hinge,1.0,0.0,0.24502763483259413,0.07811383820242351,1.7838640213012695,0.007811383820242351,0.00259130600736373,0.000259130600736373,0.12760416666666666,0.08246527777777778,0.003204046231177118,0.001889497662583987,0.5364000201225281
9,121,adaptive_crosssdc_cmr,hinge,1.0,0.0,0.24508486522568596,0.08162609818908903,1.7784829669528537,0.008162609818908904,0.0025201213106306065,0.00025201213106306066,0.1449652777777778,0.0920138888888889,0.003190208019481765,0.0015815548184845182,0.534600019454956
9,122,adaptive_crosssdc_cmr,hinge,1.0,0.0,0.24507732192675272,0.08658138414223988,1.8177157375547621,0.00865813841422399,0.0023885322023286587,0.00023885322023286588,0.1154513888888889,0.09114583333333333,0.0027394766608874,0.0019132174137565824,0.534600019454956
9,123,adaptive_crosssdc_cmr,hinge,1.0,0.0,0.2453200469414393,0.0851295077138477,1.7973299423853557,0.00851295077138477,0.0023108290818830333,0.00023108290818830334,0.1293402777777778,0.08854166666666667,0.0027286753886275822,0.0018082863340775173,0.5343999862670898
9,124,adaptive_crosssdc_cmr,hinge,1.0,0.0,0.24437460634443495,0.08001488778326246,1.794196883837382,0.008001488778326247,0.002322738175280392,0.00023227381752803923,0.11805555555555555,0.0798611111111111,0.0027585704293515948,0.001748754953344663,0.5350000262260437
9,125,adaptive_crosssdc_cmr,hinge,1.0,0.0,0.25240200923548806,0.08948343826664819,1.9225938320159912,0.00894834382666482,0.002721388707868755,0.0002721388707868755,0.140625,0.08333333333333333,0.003567845250169436,0.001656304837928878,0.5324000120162964
9,126,adaptive_crosssdc_cmr,hinge,1.0,0.0,0.2442486865652932,0.0813145140806834,1.6696441438462999,0.00813145140806834,0.0021928357633037698,0.000219283576330377,0.11284722222222222,0.0876736111111111,0.00229597898821036,0.002044336663352119,0.5378000140190125
9,127,adaptive_crosssdc_cmr,hinge,1.0,0.0,0.2405576722489463,0.08204727619886398,1.7711264159944322,0.0082047276198864,0.0016529752174392343,0.00016529752174392344,0.09375,0.06597222222222222,0.001954995716611544,0.0012429426941606733,0.5356000065803528
9,128,adaptive_crosssdc_cmr,hinge,1.0,0.0,0.24604030946890512,0.08676774303118388,1.7927991019354925,0.008676774303118388,0.0024374960080927443,0.00024374960080927443,0.1076388888888889,0.0954861111111111,0.00305196704963843,0.001856571270359887,0.5321999788284302
9,129,adaptive_crosssdc_cmr,hinge,1.0,0.0,0.24780783388349745,0.08249816050132115,1.784128917588128,0.008249816050132116,0.0029626557499998147,0.0002962655749999815,0.14322916666666666,0.0998263888888889,0.0039547839098506505,0.0019412940988938014,0.5370000004768372
9,130,adaptive_crosssdc_cmr,hinge,1.0,0.0,0.2445615977048874,0.07895241429408391,1.800672796037462,0.007895241429408392,0.0030467542560978066,0.0003046754256097807,0.14583333333333334,0.10243055555555555,0.0036599375307559967,0.002250968168179194,0.5379999876022339
9,131,adaptive_crosssdc_cmr,hinge,1.0,0.0,0.2451949268579483,0.08182331174612045,1.682493633694119,0.008182331174612046,0.002162302333292448,0.0002162302333292448,0.1154513888888889,0.0842013888888889,0.0028225179347727033,0.0014635007828474045,0.534600019454956
9,132,adaptive_crosssdc_cmr,hinge,1.0,0.0,0.24338755342695448,0.0834986741344134,1.72098089589013,0.00834986741344134,0.002439220888643629,0.0002439220888643629,0.1362847222222222,0.0842013888888889,0.0030420345978604425,0.0017910612126191456,0.5379999876022339
9,133,adaptive_crosssdc_cmr,hinge,1.0,0.0,0.24544347988234627,0.08339864429500368,1.8593710793389215,0.008339864429500368,0.002474283715451343,0.0002474283715451343,0.1154513888888889,0.08506944444444445,0.002806730361448394,0.0020620007481839922,0.5382000207901001
9,134,adaptive_crosssdc_cmr,hinge,1.0,0.0,0.24829538663228354,0.08007936179637909,1.7100236945682101,0.008007936179637909,0.0028188652100248467,0.00028188652100248466,0.1345486111111111,0.08333333333333333,0.0039049432509475285,0.0016172019143899281,0.5357999801635742
9,135,adaptive_crosssdc_cmr,hinge,1.0,0.0,0.252484573258294,0.08335377938217586,1.6949682633082073,0.008335377938217587,0.003189547575958487,0.0003189547575958487,0.13975694444444445,0.08506944444444445,0.004574269263280762,0.0016045580721563762,0.5335999727249146
9,136,adaptive_crosssdc_cmr,hinge,1.0,0.0,0.25575511323081124,0.08060722053050995,1.8866911861631606,0.008060722053050995,0.003794652345176372,0.00037946523451763724,0.1675347222222222,0.10069444444444445,0.004713866652713882,0.002728184478150474,0.5393999814987183
9,137,adaptive_crosssdc_cmr,hinge,1.0,0.0,0.2602410399251514,0.08519963009489907,1.766731447643704,0.008519963009489907,0.002962679356440074,0.0002962679356440074,0.1345486111111111,0.11197916666666667,0.0031852045406897864,0.002521063511570295,0.5365999937057495
9,138,adaptive_crosssdc_cmr,hinge,1.0,0.0,0.257015112373564,0.08096111979749468,1.696068565050761,0.008096111979749469,0.003110676124278042,0.0003110676124278042,0.140625,0.09114583333333333,0.004342442585362328,0.0018211180965105693,0.5320000052452087
9,139,adaptive_crosssdc_cmr,hinge,1.0,0.0,0.2638650635878245,0.08194937722550498,1.8101889822218153,0.008194937722550498,0.004317215126421716,0.00043172151264217164,0.1623263888888889,0.0998263888888889,0.0052957723124159705,0.0030784128854672113,0.5374000072479248
9,140,adaptive_crosssdc_cmr,hinge,1.0,0.0,0.26338790191544426,0.0823304264081849,1.7615726391474407,0.00823304264081849,0.003660231285418073,0.00036602312854180734,0.1371527777777778,0.11371527777777778,0.004384675787554847,0.0027495895822842917,0.5368000268936157
9,141,adaptive_crosssdc_cmr,hinge,1.0,0.0,0.2654301904969745,0.08256432082917955,1.9236315488815308,0.008256432082917957,0.00427000335831609,0.000427000335831609,0.1753472222222222,0.08940972222222222,0.005662533144156138,0.0028008477141459784,0.5360000133514404
9,142,adaptive_crosssdc_cmr,hinge,1.0,0.0,0.26216601332028705,0.07913595189650853,1.7138188944922552,0.007913595189650853,0.003150158704051541,0.0003150158704051541,0.1501736111111111,0.08333333333333333,0.004280435956186718,0.001858588308095932,0.5389999747276306
9,143,adaptive_crosssdc_cmr,hinge,1.0,0.0,0.26513762606514824,0.08365880780749851,1.7891853517956204,0.008365880780749851,0.003785674608985169,0.0003785674608985169,0.1779513888888889,0.08159722222222222,0.005643634539511468,0.0018144285099373923,0.534600019454956
9,144,adaptive_crosssdc_cmr,hinge,1.0,0.0,0.26859836942619747,0.08337278995249006,1.7745372454325359,0.008337278995249007,0.004560598120507266,0.00045605981205072666,0.16145833333333334,0.11631944444444445,0.006121909038888084,0.0029786069773965413,0.5388000011444092
9,145,adaptive_crosssdc_cmr,hinge,1.0,0.0,0.2814513560798433,0.08079713665776783,1.7640021509594388,0.008079713665776783,0.005956586424468292,0.0005956586424468292,0.18836805555555555,0.09809027777777778,0.008473789733317163,0.003179620330532392,0.5342000126838684
9,146,adaptive_crosssdc_cmr,hinge,1.0,0.0,0.2684950894779629,0.07771503842539257,1.7592319779925876,0.007771503842539257,0.004731571301817894,0.00047315713018178943,0.1675347222222222,0.10850694444444445,0.005940826195809577,0.0033857240859005186,0.5397999882698059
9,147,adaptive_crosssdc_cmr,hinge,1.0,0.0,0.26104046901067096,0.08143224732743369,1.8303090333938599,0.008143224732743369,0.003716101714720329,0.0003716101714720329,0.14149305555555555,0.09027777777777778,0.004841132710377376,0.0026990998950269488,0.5388000011444092
9,148,adaptive_crosssdc_cmr,hinge,1.0,0.0,0.2588576806916131,0.08018666174676684,1.7796406481001112,0.008018666174676684,0.0032207552317736875,0.0003220755231773688,0.13802083333333334,0.07465277777777778,0.004540897905826569,0.0018073550115029018,0.5418000221252441
9,149,adaptive_crosssdc_cmr,hinge,1.0,0.0,0.24768219888210297,0.07823822067843543,1.6460110346476238,0.007823822067843543,0.002914041216071281,0.0002914041216071281,0.12152777777777778,0.08246527777777778,0.003420300781726837,0.0021998133096430036,0.5364000201225281
9,150,adaptive_crosssdc_cmr,hinge,1.0,0.0,0.2469091018040975,0.08069735517104466,1.8271667427486844,0.008069735517104467,0.0024305102286032504,0.00024305102286032506,0.1076388888888889,0.07725694444444445,0.002747061765856213,0.0019322759989235136,0.5386000275611877
9,151,adaptive_crosssdc_cmr,hinge,1.0,0.0,0.24365359710322487,0.08174675785832936,1.8389707273907132,0.008174675785832936,0.0022401741136693293,0.00022401741136693294,0.10850694444444445,0.07725694444444445,0.002778272247976727,0.0016977869802051121,0.5364000201225281
9,152,adaptive_crosssdc_cmr,hinge,1.0,0.0,0.24189624852604336,0.08175968047645357,1.7923050191667345,0.008175968047645357,0.0023684103766249288,0.0002368410376624929,0.10590277777777778,0.06684027777777778,0.0030692217664586175,0.0014047351562314564,0.5400000214576721
9,153,adaptive_crosssdc_cmr,hinge,1.0,0.0,0.2378588600291146,0.08472139222754373,1.7609640094969008,0.008472139222754372,0.0022480688833942017,0.00022480688833942017,0.1189236111111111,0.06944444444444445,0.002673662785026762,0.0016353173802296321,0.5361999869346619
9,154,adaptive_crosssdc_cmr,hinge,1.0,0.0,0.23707370294464958,0.07877245048681895,1.8123837047153049,0.007877245048681895,0.0019473897603650887,0.00019473897603650888,0.09114583333333333,0.08333333333333333,0.002167887571785185,0.0016355324122640821,0.5383999943733215
9,155,adaptive_crosssdc_cmr,hinge,1.0,0.0,0.2313254094786114,0.0815683321820365,1.6728081040912204,0.00815683321820365,0.0015691665660900374,0.00015691665660900374,0.0920138888888889,0.06076388888888889,0.002040037057465977,0.0009768458290232553,0.5370000004768372
9,156,adaptive_crosssdc_cmr,hinge,1.0,0.0,0.23229197495513493,0.0791817232966423,1.6921280887391832,0.007918172329664231,0.0015036040179741879,0.00015036040179741879,0.09288194444444445,0.06770833333333333,0.0019643261200851863,0.0010626183615790473,0.5407999753952026
9,157,adaptive_crosssdc_cmr,hinge,1.0,0.0,0.23344241744942135,0.08413054876857334,1.8670556412802801,0.008413054876857335,0.0016327007001058923,0.00016327007001058923,0.08506944444444445,0.06163194444444445,0.002054661305414306,0.001046755247645908,0.5374000072479248
9,158,adaptive_crosssdc_cmr,hinge,1.0,0.0,0.225794717669487,0.08090140587753719,1.7548477119869657,0.00809014058775372,0.0012329595047049224,0.00012329595047049226,0.06770833333333333,0.059895833333333336,0.0013245954695675108,0.0010725624031490749,0.5375999808311462
9,159,adaptive_crosssdc_cmr,hinge,1.0,0.0,0.22767978409926096,0.08031448225180308,1.7688380347357855,0.008031448225180308,0.0015072761194056107,0.00015072761194056107,0.08854166666666667,0.07118055555555555,0.001729763216442532,0.001122764829132292,0.5396000146865845
9,160,adaptive_crosssdc_cmr,hinge,1.0,0.0,0.22581753962569767,0.08304981804556316,1.7063946591483221,0.008304981804556317,0.001309453244579749,0.0001309453244579749,0.07465277777777778,0.06684027777777778,0.0012758676376607683,0.0012336253292030757,0.5400000214576721
9,161,adaptive_crosssdc_cmr,hinge,1.0,0.0,0.23140045172638363,0.07796885073184967,1.6751551230748494,0.0077968850731849676,0.0019211683862118258,0.00019211683862118258,0.09288194444444445,0.08506944444444445,0.0020570821232265895,0.0017145025647348827,0.5386000275611877
9,162,adaptive_crosssdc_cmr,hinge,1.0,0.0,0.22890640960799324,0.07599259167909622,1.8257090912924872,0.0075992591679096225,0.001910149967039211,0.0001910149967039211,0.10503472222222222,0.08072916666666667,0.0023144491844707066,0.0013139378279447556,0.5392000079154968
9,163,adaptive_crosssdc_cmr,hinge,1.0,0.0,0.23245197700129616,0.08058012856377496,1.8092063665390015,0.008058012856377497,0.0015164796172434257,0.00015164796172434259,0.0842013888888889,0.07725694444444445,0.001396279161175092,0.00154388551082876,0.5404000282287598
9,164,adaptive_crosssdc_cmr,hinge,1.0,0.0,0.22960731221569908,0.08214835822582245,1.7500458161036174,0.008214835822582246,0.0016920162856371866,0.00016920162856371866,0.09722222222222222,0.08333333333333333,0.0016835081494516796,0.0016696202672190135,0.5364000201225281
9,165,adaptive_crosssdc_cmr,hinge,1.0,0.0,0.2335918065574434,0.07824547754393683,1.7327912913428412,0.007824547754393684,0.0019917916829904746,0.00019917916829904748,0.10069444444444445,0.08246527777777778,0.0020635856522454154,0.0018032778882318074,0.5383999943733215
9,166,adaptive_crosssdc_cmr,hinge,1.0,0.0,0.23630288077725303,0.0799241413672765,1.7306785980860393,0.007992414136727652,0.002639670157805085,0.0002639670157805085,0.1154513888888889,0.0954861111111111,0.0032198160058922237,0.0019051672683821784,0.5392000079154968
9,167,adaptive_crosssdc_cmr,hinge,1.0,0.0,0.2405664904250039,0.07969661884837681,1.7283921904034085,0.007969661884837682,0.0023969764556063134,0.00023969764556063135,0.1371527777777778,0.07552083333333333,0.003191909442345301,0.0014116925497849782,0.5382000207901001
9,168,adaptive_crosssdc_cmr,hinge,1.0,0.0,0.2381388826502694,0.08036870840522978,1.7907639741897583,0.008036870840522977,0.0021606919860156872,0.00021606919860156872,0.10503472222222222,0.07552083333333333,0.002706843117872874,0.0014734700736072329,0.5410000085830688
9,169,adaptive_crosssdc_cmr,hinge,1.0,0.0,0.23772300945387947,0.08232005354430941,1.835120677947998,0.008232005354430942,0.0020965025630883044,0.00020965025630883044,0.10069444444444445,0.08333333333333333,0.002461681349409951,0.0016163757277859582,0.5386000275611877
9,170,adaptive_crosssdc_cmr,hinge,1.0,0.0,0.2364852014515135,0.07378040999174118,1.7530837456385295,0.007378040999174118,0.0023214221259372104,0.00023214221259372104,0.11458333333333333,0.0642361111111111,0.0031681714786423575,0.00135531152288119,0.5393999814987183
9,171,adaptive_crosssdc_cmr,hinge,1.0,0.0,0.23522713283697763,0.0811276485522588,1.806168211830987,0.008112764855225881,0.0022505026103721727,0.00022505026103721728,0.11371527777777778,0.08940972222222222,0.0025755551954110465,0.0018091222478283776,0.5406000018119812
9,172,adaptive_crosssdc_cmr,hinge,1.0,0.0,0.23411702613035837,0.0731342410047849,1.7745554976993136,0.00731342410047849,0.0019040986986106469,0.0001904098698610647,0.09895833333333333,0.06163194444444445,0.0025300251113043893,0.0010741125378343794,0.5378000140190125
9,173,adaptive_crosssdc_cmr,hinge,1.0,0.0,0.23446240690019396,0.07794267187515895,1.7267157369189792,0.007794267187515896,0.0018770406152018243,0.00018770406152018244,0.10069444444444445,0.078125,0.0019975356343719694,0.001646470692422655,0.5414000153541565
9,174,adaptive_crosssdc_cmr,hinge,1.0,0.0,0.24403681688838536,0.07974800136354235,1.7539012432098389,0.007974800136354236,0.002410331844455666,0.0002410331844455666,0.11805555555555555,0.09114583333333333,0.0031755645242002276,0.0015540524489349788,0.5422000288963318
9,175,adaptive_crosssdc_cmr,hinge,1.0,0.0,0.24639191064569685,0.08286572496096294,1.72483139567905,0.008286572496096293,0.002917325615675913,0.0002917325615675913,0.1310763888888889,0.078125,0.003536712792184618,0.0020602556566397348,0.5382000207901001
9,176,adaptive_crosssdc_cmr,hinge,1.0,0.0,0.2415679610437817,0.07567295432090759,1.705663588311937,0.00756729543209076,0.002623976285879811,0.0002623976285879811,0.10416666666666667,0.0798611111111111,0.0031628132694297368,0.0019650544143385356,0.5429999828338623
9,177,adaptive_crosssdc_cmr,hinge,1.0,0.0,0.243680273493131,0.08265209197998047,1.7744953102535672,0.008265209197998048,0.002320830593816936,0.0002320830593816936,0.11024305555555555,0.07378472222222222,0.002852921270661884,0.0016212484074963464,0.5364000201225281
9,178,adaptive_crosssdc_cmr,hinge,1.0,0.0,0.2449537052048577,0.0835840826233228,1.7804856830173068,0.00835840826233228,0.0030809325916278693,0.00030809325916278694,0.1267361111111111,0.08854166666666667,0.004004860296845436,0.0019143188579214944,0.5425999760627747
9,179,adaptive_crosssdc_cmr,hinge,1.0,0.0,0.24336029920313093,0.07741185939974254,1.7897213167614408,0.007741185939974255,0.002657206664379272,0.00026572066643792725,0.11979166666666667,0.07725694444444445,0.003456032317545679,0.0017360585431257884,0.5404000282287598
9,180,adaptive_crosssdc_cmr,hinge,1.0,0.0,0.24862652685907152,0.0848438325855467,1.913050068749322,0.00848438325855467,0.0022306397764219176,0.00022306397764219177,0.0954861111111111,0.08246527777777778,0.0024321373138162824,0.001873187513815032,0.5407999753952026
9,181,adaptive_crosssdc_cmr,hinge,1.0,0.0,0.2479786839750078,0.07830864439407985,1.8081333504782782,0.007830864439407986,0.003152111984996332,0.0003152111984996332,0.12760416666666666,0.08333333333333333,0.004104026489787632,0.0020546664794286094,0.5389999747276306
9,182,adaptive_crosssdc_cmr,hinge,1.0,0.0,0.25429585576057434,0.07995636926756965,1.7832907438278198,0.007995636926756965,0.0036231477020515334,0.00036231477020515337,0.1440972222222222,0.09722222222222222,0.004316018273433049,0.002886015921831131,0.5410000085830688
9,183,adaptive_crosssdc_cmr,hinge,1.0,0.0,0.2521001680029763,0.07736518979072571,1.7333402103847928,0.007736518979072571,0.0035584742565535838,0.0003558474256553584,0.13975694444444445,0.09114583333333333,0.004722663718793128,0.0023617208417918947,0.5383999943733215
9,184,adaptive_crosssdc_cmr,hinge,1.0,0.0,0.25391893751091427,0.08160427295499378,1.774819466802809,0.008160427295499378,0.0028889120763374698,0.000288891207633747,0.1189236111111111,0.07899305555555555,0.003417253080341551,0.002083613019850519,0.5425999760627747
9,185,adaptive_crosssdc_cmr,hinge,1.0,0.0,0.2577279872364468,0.07836650146378411,1.8349978923797607,0.007836650146378412,0.00412475002101726,0.000412475002101726,0.1527777777777778,0.09375,0.005317277999387847,0.0027233947896295125,0.5406000018119812
9,186,adaptive_crosssdc_cmr,hinge,1.0,0.0,0.255402073264122,0.07994197474585639,1.7519872188568115,0.00799419747458564,0.003874961571354005,0.00038749615713540053,0.1371527777777778,0.09809027777777778,0.004765441848172082,0.0027724140220218236,0.5475999712944031
9,187,adaptive_crosssdc_cmr,hinge,1.0,0.0,0.24895169999864367,0.07828827036751641,1.7904755406909518,0.007828827036751642,0.0037741551900075544,0.00037741551900075544,0.125,0.09114583333333333,0.004361265649398168,0.0028290150480137933,0.5404000282287598
9,188,adaptive_crosssdc_cmr,hinge,1.0,0.0,0.2389112545384301,0.07843114932378133,1.782177792655097,0.007843114932378133,0.0023705887401269544,0.00023705887401269545,0.10416666666666667,0.08854166666666667,0.0026467152767711217,0.0019731767889526156,0.5410000085830688
9,189,adaptive_crosssdc_cmr,hinge,1.0,0.0,0.234645062022739,0.07977192103862762,1.7450074354807537,0.007977192103862763,0.001943524590589934,0.0001943524590589934,0.08854166666666667,0.0625,0.0024545122351911333,0.0012719250387615627,0.5415999889373779
9,190,adaptive_crosssdc_cmr,hinge,1.0,0.0,0.24346186220645905,0.07629688911967808,1.7411247889200847,0.0076296889119678085,0.00302954763174057,0.000302954763174057,0.11371527777777778,0.0798611111111111,0.0037587949385245643,0.0021752259797520107,0.5404000282287598
9,191,adaptive_crosssdc_cmr,hinge,1.0,0.0,0.24595980015065935,0.08156848036580616,1.7943207025527954,0.008156848036580617,0.002743349449398617,0.0002743349449398617,0.109375,0.08159722222222222,0.002823771701918708,0.002393667275706927,0.5447999835014343
9,192,adaptive_crosssdc_cmr,hinge,1.0,0.0,0.2420874552594291,0.07594861172967488,1.7802405224906073,0.007594861172967488,0.0029536912398826745,0.0002953691239882675,0.109375,0.08680555555555555,0.0033121067616674635,0.002339822757575247,0.5454000234603882
9,193,adaptive_crosssdc_cmr,hinge,1.0,0.0,0.23710790276527405,0.07867945151196586,1.670572280883789,0.007867945151196586,0.0025675388428175617,0.0002567538842817562,0.11197916666666667,0.06684027777777778,0.0034384429454803467,0.0015280027356412676,0.5411999821662903
9,194,adaptive_crosssdc_cmr,hinge,1.0,0.0,0.23040924304061466,0.07082401216030121,1.669911715719435,0.007082401216030121,0.001455472468579602,0.0001455472468579602,0.0859375,0.057291666666666664,0.0016716623471842872,0.0010365444338983959,0.5429999828338623
9,195,adaptive_crosssdc_cmr,hinge,1.0,0.0,0.22537940740585327,0.0760453086760309,1.6441007985009088,0.007604530867603091,0.0014153172507778639,0.00014153172507778638,0.07378472222222222,0.06076388888888889,0.0012606177479028702,0.0013869833201169968,0.5429999828338623
9,196,adaptive_crosssdc_cmr,hinge,1.0,0.0,0.2233403225739797,0.0753219798207283,1.807022147708469,0.00753219798207283,0.0009977452055965033,9.977452055965034e-05,0.059895833333333336,0.059895833333333336,0.0009143149687184228,0.0010034479200839996,0.5407999753952026
9,197,adaptive_crosssdc_cmr,hinge,1.0,0.0,0.22418529788653055,0.07935527877675162,1.7662984000311956,0.007935527877675163,0.0012801993418381447,0.00012801993418381447,0.0720486111111111,0.07291666666666667,0.0011272175858418147,0.001319370749923918,0.5436000227928162
9,198,adaptive_crosssdc_cmr,hinge,1.0,0.0,0.2242343674103419,0.07676820705334346,1.8100626998477511,0.0076768207053343465,0.0011639483079003792,0.00011639483079003792,0.07552083333333333,0.050347222222222224,0.0014499396913581425,0.0007526172945896784,0.5465999841690063
9,199,adaptive_crosssdc_cmr,hinge,1.0,0.0,0.22648422254456413,0.08189341591464148,1.8173807197146945,0.00818934159146415,0.0014591645643425484,0.00014591645643425484,0.0703125,0.08246527777777778,0.0010320740855402416,0.0017740941709942287,0.5424000024795532
