step,epoch,rd_mode,cmr_penalty,cmr_scale,cmr_tolerance,train_loss,cross_sdc_i,cross_sdc_c,weighted_cross_sdc,cmr,weighted_cmr,cmr_active_a_from_v,cmr_active_v_from_a,mean_deficit_a_from_v,mean_deficit_v_from_a,val_acc
0,0,adaptive_crosssdc_cmr,hinge,1.0,0.01,2.0015242099761963,0.0,0.0,0.0,0.0,0.0,0.0,0.0,0.0,0.0,0.421999990940094
0,1,adaptive_crosssdc_cmr,hinge,1.0,0.01,1.4064602189593844,0.0,0.0,0.0,0.0,0.0,0.0,0.0,0.0,0.0,0.5839999914169312
0,2,adaptive_crosssdc_cmr,hinge,1.0,0.01,1.0728703737258911,0.0,0.0,0.0,0.0,0.0,0.0,0.0,0.0,0.0,0.6959999799728394
0,3,adaptive_crosssdc_cmr,hinge,1.0,0.01,0.8251169522603353,0.0,0.0,0.0,0.0,0.0,0.0,0.0,0.0,0.0,0.7319999933242798
0,4,adaptive_crosssdc_cmr,hinge,1.0,0.01,0.6503091785642836,0.0,0.0,0.0,0.0,0.0,0.0,0.0,0.0,0.0,0.7820000052452087
0,5,adaptive_crosssdc_cmr,hinge,1.0,0.01,0.5188259184360504,0.0,0.0,0.0,0.0,0.0,0.0,0.0,0.0,0.0,0.8220000267028809
0,6,adaptive_crosssdc_cmr,hinge,1.0,0.01,0.445449087354872,0.0,0.0,0.0,0.0,0.0,0.0,0.0,0.0,0.0,0.8320000171661377
0,7,adaptive_crosssdc_cmr,hinge,1.0,0.01,0.362661749124527,0.0,0.0,0.0,0.0,0.0,0.0,0.0,0.0,0.0,0.8360000252723694
0,8,adaptive_crosssdc_cmr,hinge,1.0,0.01,0.3096738424566057,0.0,0.0,0.0,0.0,0.0,0.0,0.0,0.0,0.0,0.878000020980835
0,9,adaptive_crosssdc_cmr,hinge,1.0,0.01,0.2642807712157567,0.0,0.0,0.0,0.0,0.0,0.0,0.0,0.0,0.0,0.8600000143051147
0,10,adaptive_crosssdc_cmr,hinge,1.0,0.01,0.2172549996111128,0.0,0.0,0.0,0.0,0.0,0.0,0.0,0.0,0.0,0.871999979019165
0,11,adaptive_crosssdc_cmr,hinge,1.0,0.01,0.18249966866440243,0.0,0.0,0.0,0.0,0.0,0.0,0.0,0.0,0.0,0.8740000128746033
0,12,adaptive_crosssdc_cmr,hinge,1.0,0.01,0.15929872625403935,0.0,0.0,0.0,0.0,0.0,0.0,0.0,0.0,0.0,0.871999979019165
0,13,adaptive_crosssdc_cmr,hinge,1.0,0.01,0.13810276902384228,0.0,0.0,0.0,0.0,0.0,0.0,0.0,0.0,0.0,0.8899999856948853
0,14,adaptive_crosssdc_cmr,hinge,1.0,0.01,0.11155229475763109,0.0,0.0,0.0,0.0,0.0,0.0,0.0,0.0,0.0,0.8920000195503235
0,15,adaptive_crosssdc_cmr,hinge,1.0,0.01,0.10104220608870189,0.0,0.0,0.0,0.0,0.0,0.0,0.0,0.0,0.0,0.8799999952316284
0,16,adaptive_crosssdc_cmr,hinge,1.0,0.01,0.08208020776510239,0.0,0.0,0.0,0.0,0.0,0.0,0.0,0.0,0.0,0.871999979019165
0,17,adaptive_crosssdc_cmr,hinge,1.0,0.01,0.070187635305855,0.0,0.0,0.0,0.0,0.0,0.0,0.0,0.0,0.0,0.8880000114440918
0,18,adaptive_crosssdc_cmr,hinge,1.0,0.01,0.07127730548381805,0.0,0.0,0.0,0.0,0.0,0.0,0.0,0.0,0.0,0.8820000290870667
0,19,adaptive_crosssdc_cmr,hinge,1.0,0.01,0.05955424697862731,0.0,0.0,0.0,0.0,0.0,0.0,0.0,0.0,0.0,0.878000020980835
0,20,adaptive_crosssdc_cmr,hinge,1.0,0.01,0.049850888550281525,0.0,0.0,0.0,0.0,0.0,0.0,0.0,0.0,0.0,0.8759999871253967
0,21,adaptive_crosssdc_cmr,hinge,1.0,0.01,0.04465956116716067,0.0,0.0,0.0,0.0,0.0,0.0,0.0,0.0,0.0,0.8840000033378601
0,22,adaptive_crosssdc_cmr,hinge,1.0,0.01,0.042184559835328,0.0,0.0,0.0,0.0,0.0,0.0,0.0,0.0,0.0,0.8740000128746033
0,23,adaptive_crosssdc_cmr,hinge,1.0,0.01,0.03546296991407871,0.0,0.0,0.0,0.0,0.0,0.0,0.0,0.0,0.0,0.8880000114440918
0,24,adaptive_crosssdc_cmr,hinge,1.0,0.01,0.032286086637112826,0.0,0.0,0.0,0.0,0.0,0.0,0.0,0.0,0.0,0.8799999952316284
0,25,adaptive_crosssdc_cmr,hinge,1.0,0.01,0.028883387231164508,0.0,0.0,0.0,0.0,0.0,0.0,0.0,0.0,0.0,0.8859999775886536
0,26,adaptive_crosssdc_cmr,hinge,1.0,0.01,0.02767082014017635,0.0,0.0,0.0,0.0,0.0,0.0,0.0,0.0,0.0,0.8799999952316284
0,27,adaptive_crosssdc_cmr,hinge,1.0,0.01,0.026555944234132767,0.0,0.0,0.0,0.0,0.0,0.0,0.0,0.0,0.0,0.8759999871253967
0,28,adaptive_crosssdc_cmr,hinge,1.0,0.01,0.025200164566437405,0.0,0.0,0.0,0.0,0.0,0.0,0.0,0.0,0.0,0.8840000033378601
0,29,adaptive_crosssdc_cmr,hinge,1.0,0.01,0.02362084637085597,0.0,0.0,0.0,0.0,0.0,0.0,0.0,0.0,0.0,0.8820000290870667
0,30,adaptive_crosssdc_cmr,hinge,1.0,0.01,0.02275406838291221,0.0,0.0,0.0,0.0,0.0,0.0,0.0,0.0,0.0,0.8759999871253967
0,31,adaptive_crosssdc_cmr,hinge,1.0,0.01,0.02197848901980453,0.0,0.0,0.0,0.0,0.0,0.0,0.0,0.0,0.0,0.8820000290870667
0,32,adaptive_crosssdc_cmr,hinge,1.0,0.01,0.021339666926198535,0.0,0.0,0.0,0.0,0.0,0.0,0.0,0.0,0.0,0.878000020980835
0,33,adaptive_crosssdc_cmr,hinge,1.0,0.01,0.020200689012805622,0.0,0.0,0.0,0.0,0.0,0.0,0.0,0.0,0.0,0.8799999952316284
0,34,adaptive_crosssdc_cmr,hinge,1.0,0.01,0.019014062877330516,0.0,0.0,0.0,0.0,0.0,0.0,0.0,0.0,0.0,0.8740000128746033
0,35,adaptive_crosssdc_cmr,hinge,1.0,0.01,0.017923508460323017,0.0,0.0,0.0,0.0,0.0,0.0,0.0,0.0,0.0,0.8759999871253967
0,36,adaptive_crosssdc_cmr,hinge,1.0,0.01,0.016969066216713853,0.0,0.0,0.0,0.0,0.0,0.0,0.0,0.0,0.0,0.8799999952316284
0,37,adaptive_crosssdc_cmr,hinge,1.0,0.01,0.016739867938061554,0.0,0.0,0.0,0.0,0.0,0.0,0.0,0.0,0.0,0.8740000128746033
0,38,adaptive_crosssdc_cmr,hinge,1.0,0.01,0.01587329287495878,0.0,0.0,0.0,0.0,0.0,0.0,0.0,0.0,0.0,0.878000020980835
0,39,adaptive_crosssdc_cmr,hinge,1.0,0.01,0.015253086884816488,0.0,0.0,0.0,0.0,0.0,0.0,0.0,0.0,0.0,0.8840000033378601
0,40,adaptive_crosssdc_cmr,hinge,1.0,0.01,0.014275324013498094,0.0,0.0,0.0,0.0,0.0,0.0,0.0,0.0,0.0,0.8820000290870667
0,41,adaptive_crosssdc_cmr,hinge,1.0,0.01,0.013896275104747878,0.0,0.0,0.0,0.0,0.0,0.0,0.0,0.0,0.0,0.8820000290870667
0,42,adaptive_crosssdc_cmr,hinge,1.0,0.01,0.013719984951118628,0.0,0.0,0.0,0.0,0.0,0.0,0.0,0.0,0.0,0.8820000290870667
0,43,adaptive_crosssdc_cmr,hinge,1.0,0.01,0.01358727127727535,0.0,0.0,0.0,0.0,0.0,0.0,0.0,0.0,0.0,0.8820000290870667
0,44,adaptive_crosssdc_cmr,hinge,1.0,0.01,0.013395755137834284,0.0,0.0,0.0,0.0,0.0,0.0,0.0,0.0,0.0,0.8679999709129333
0,45,adaptive_crosssdc_cmr,hinge,1.0,0.01,0.012762389663192961,0.0,0.0,0.0,0.0,0.0,0.0,0.0,0.0,0.0,0.8899999856948853
0,46,adaptive_crosssdc_cmr,hinge,1.0,0.01,0.013279477341307534,0.0,0.0,0.0,0.0,0.0,0.0,0.0,0.0,0.0,0.8759999871253967
0,47,adaptive_crosssdc_cmr,hinge,1.0,0.01,0.01352290322797166,0.0,0.0,0.0,0.0,0.0,0.0,0.0,0.0,0.0,0.8740000128746033
0,48,adaptive_crosssdc_cmr,hinge,1.0,0.01,0.01255625548462073,0.0,0.0,0.0,0.0,0.0,0.0,0.0,0.0,0.0,0.8759999871253967
0,49,adaptive_crosssdc_cmr,hinge,1.0,0.01,0.012224117086993324,0.0,0.0,0.0,0.0,0.0,0.0,0.0,0.0,0.0,0.8799999952316284
0,50,adaptive_crosssdc_cmr,hinge,1.0,0.01,0.01136000526862012,0.0,0.0,0.0,0.0,0.0,0.0,0.0,0.0,0.0,0.8840000033378601
0,51,adaptive_crosssdc_cmr,hinge,1.0,0.01,0.011751409723526902,0.0,0.0,0.0,0.0,0.0,0.0,0.0,0.0,0.0,0.8799999952316284
0,52,adaptive_crosssdc_cmr,hinge,1.0,0.01,0.010787270238829983,0.0,0.0,0.0,0.0,0.0,0.0,0.0,0.0,0.0,0.8799999952316284
0,53,adaptive_crosssdc_cmr,hinge,1.0,0.01,0.010390929981238313,0.0,0.0,0.0,0.0,0.0,0.0,0.0,0.0,0.0,0.8840000033378601
0,54,adaptive_crosssdc_cmr,hinge,1.0,0.01,0.010255006245440908,0.0,0.0,0.0,0.0,0.0,0.0,0.0,0.0,0.0,0.8799999952316284
0,55,adaptive_crosssdc_cmr,hinge,1.0,0.01,0.010492361150681973,0.0,0.0,0.0,0.0,0.0,0.0,0.0,0.0,0.0,0.8799999952316284
0,56,adaptive_crosssdc_cmr,hinge,1.0,0.01,0.010512146995299392,0.0,0.0,0.0,0.0,0.0,0.0,0.0,0.0,0.0,0.8840000033378601
0,57,adaptive_crosssdc_cmr,hinge,1.0,0.01,0.010342097323801782,0.0,0.0,0.0,0.0,0.0,0.0,0.0,0.0,0.0,0.878000020980835
0,58,adaptive_crosssdc_cmr,hinge,1.0,0.01,0.009781250833637185,0.0,0.0,0.0,0.0,0.0,0.0,0.0,0.0,0.0,0.878000020980835
0,59,adaptive_crosssdc_cmr,hinge,1.0,0.01,0.009742674366053607,0.0,0.0,0.0,0.0,0.0,0.0,0.0,0.0,0.0,0.8740000128746033
0,60,adaptive_crosssdc_cmr,hinge,1.0,0.01,0.00933478120714426,0.0,0.0,0.0,0.0,0.0,0.0,0.0,0.0,0.0,0.8840000033378601
0,61,adaptive_crosssdc_cmr,hinge,1.0,0.01,0.009616629324025579,0.0,0.0,0.0,0.0,0.0,0.0,0.0,0.0,0.0,0.8840000033378601
0,62,adaptive_crosssdc_cmr,hinge,1.0,0.01,0.009338694003721079,0.0,0.0,0.0,0.0,0.0,0.0,0.0,0.0,0.0,0.8740000128746033
0,63,adaptive_crosssdc_cmr,hinge,1.0,0.01,0.008895126844031943,0.0,0.0,0.0,0.0,0.0,0.0,0.0,0.0,0.0,0.878000020980835
0,64,adaptive_crosssdc_cmr,hinge,1.0,0.01,0.008792293206271198,0.0,0.0,0.0,0.0,0.0,0.0,0.0,0.0,0.0,0.8820000290870667
0,65,adaptive_crosssdc_cmr,hinge,1.0,0.01,0.008897145123531422,0.0,0.0,0.0,0.0,0.0,0.0,0.0,0.0,0.0,0.878000020980835
0,66,adaptive_crosssdc_cmr,hinge,1.0,0.01,0.008569241708351506,0.0,0.0,0.0,0.0,0.0,0.0,0.0,0.0,0.0,0.8840000033378601
0,67,adaptive_crosssdc_cmr,hinge,1.0,0.01,0.008358602153344287,0.0,0.0,0.0,0.0,0.0,0.0,0.0,0.0,0.0,0.878000020980835
0,68,adaptive_crosssdc_cmr,hinge,1.0,0.01,0.008466917814479934,0.0,0.0,0.0,0.0,0.0,0.0,0.0,0.0,0.0,0.8799999952316284
0,69,adaptive_crosssdc_cmr,hinge,1.0,0.01,0.008107558720641665,0.0,0.0,0.0,0.0,0.0,0.0,0.0,0.0,0.0,0.8799999952316284
0,70,adaptive_crosssdc_cmr,hinge,1.0,0.01,0.008234191892875565,0.0,0.0,0.0,0.0,0.0,0.0,0.0,0.0,0.0,0.8840000033378601
0,71,adaptive_crosssdc_cmr,hinge,1.0,0.01,0.008073936371753613,0.0,0.0,0.0,0.0,0.0,0.0,0.0,0.0,0.0,0.8759999871253967
0,72,adaptive_crosssdc_cmr,hinge,1.0,0.01,0.007722320552501414,0.0,0.0,0.0,0.0,0.0,0.0,0.0,0.0,0.0,0.878000020980835
0,73,adaptive_crosssdc_cmr,hinge,1.0,0.01,0.007886188001268439,0.0,0.0,0.0,0.0,0.0,0.0,0.0,0.0,0.0,0.8799999952316284
0,74,adaptive_crosssdc_cmr,hinge,1.0,0.01,0.00768737458727426,0.0,0.0,0.0,0.0,0.0,0.0,0.0,0.0,0.0,0.8759999871253967
0,75,adaptive_crosssdc_cmr,hinge,1.0,0.01,0.007643227879371908,0.0,0.0,0.0,0.0,0.0,0.0,0.0,0.0,0.0,0.8740000128746033
0,76,adaptive_crosssdc_cmr,hinge,1.0,0.01,0.007570174005296495,0.0,0.0,0.0,0.0,0.0,0.0,0.0,0.0,0.0,0.878000020980835
0,77,adaptive_crosssdc_cmr,hinge,1.0,0.01,0.0074989466100103324,0.0,0.0,0.0,0.0,0.0,0.0,0.0,0.0,0.0,0.8740000128746033
0,78,adaptive_crosssdc_cmr,hinge,1.0,0.01,0.007211982169085079,0.0,0.0,0.0,0.0,0.0,0.0,0.0,0.0,0.0,0.878000020980835
0,79,adaptive_crosssdc_cmr,hinge,1.0,0.01,0.007033560166342391,0.0,0.0,0.0,0.0,0.0,0.0,0.0,0.0,0.0,0.8700000047683716
0,80,adaptive_crosssdc_cmr,hinge,1.0,0.01,0.006897553491095702,0.0,0.0,0.0,0.0,0.0,0.0,0.0,0.0,0.0,0.8759999871253967
0,81,adaptive_crosssdc_cmr,hinge,1.0,0.01,0.006913236652811368,0.0,0.0,0.0,0.0,0.0,0.0,0.0,0.0,0.0,0.8759999871253967
0,82,adaptive_crosssdc_cmr,hinge,1.0,0.01,0.007417223674969541,0.0,0.0,0.0,0.0,0.0,0.0,0.0,0.0,0.0,0.8700000047683716
0,83,adaptive_crosssdc_cmr,hinge,1.0,0.01,0.007633664903955327,0.0,0.0,0.0,0.0,0.0,0.0,0.0,0.0,0.0,0.8759999871253967
0,84,adaptive_crosssdc_cmr,hinge,1.0,0.01,0.00748941736916701,0.0,0.0,0.0,0.0,0.0,0.0,0.0,0.0,0.0,0.878000020980835
0,85,adaptive_crosssdc_cmr,hinge,1.0,0.01,0.007048686966300011,0.0,0.0,0.0,0.0,0.0,0.0,0.0,0.0,0.0,0.8759999871253967
0,86,adaptive_crosssdc_cmr,hinge,1.0,0.01,0.0064100852857033415,0.0,0.0,0.0,0.0,0.0,0.0,0.0,0.0,0.0,0.871999979019165
0,87,adaptive_crosssdc_cmr,hinge,1.0,0.01,0.006626018892145819,0.0,0.0,0.0,0.0,0.0,0.0,0.0,0.0,0.0,0.878000020980835
0,88,adaptive_crosssdc_cmr,hinge,1.0,0.01,0.006874048409776555,0.0,0.0,0.0,0.0,0.0,0.0,0.0,0.0,0.0,0.8679999709129333
0,89,adaptive_crosssdc_cmr,hinge,1.0,0.01,0.007139369069288175,0.0,0.0,0.0,0.0,0.0,0.0,0.0,0.0,0.0,0.8700000047683716
0,90,adaptive_crosssdc_cmr,hinge,1.0,0.01,0.006780245341360569,0.0,0.0,0.0,0.0,0.0,0.0,0.0,0.0,0.0,0.871999979019165
0,91,adaptive_crosssdc_cmr,hinge,1.0,0.01,0.007141497555292315,0.0,0.0,0.0,0.0,0.0,0.0,0.0,0.0,0.0,0.8759999871253967
0,92,adaptive_crosssdc_cmr,hinge,1.0,0.01,0.006817876568271054,0.0,0.0,0.0,0.0,0.0,0.0,0.0,0.0,0.0,0.8740000128746033
0,93,adaptive_crosssdc_cmr,hinge,1.0,0.01,0.006346341222524643,0.0,0.0,0.0,0.0,0.0,0.0,0.0,0.0,0.0,0.8679999709129333
0,94,adaptive_crosssdc_cmr,hinge,1.0,0.01,0.006508396317561467,0.0,0.0,0.0,0.0,0.0,0.0,0.0,0.0,0.0,0.8740000128746033
0,95,adaptive_crosssdc_cmr,hinge,1.0,0.01,0.0059970721291999025,0.0,0.0,0.0,0.0,0.0,0.0,0.0,0.0,0.0,0.8759999871253967
0,96,adaptive_crosssdc_cmr,hinge,1.0,0.01,0.006079027377482917,0.0,0.0,0.0,0.0,0.0,0.0,0.0,0.0,0.0,0.8560000061988831
0,97,adaptive_crosssdc_cmr,hinge,1.0,0.01,0.005599760864343908,0.0,0.0,0.0,0.0,0.0,0.0,0.0,0.0,0.0,0.871999979019165
0,98,adaptive_crosssdc_cmr,hinge,1.0,0.01,0.005894864133248727,0.0,0.0,0.0,0.0,0.0,0.0,0.0,0.0,0.0,0.878000020980835
0,99,adaptive_crosssdc_cmr,hinge,1.0,0.01,0.005890571564022038,0.0,0.0,0.0,0.0,0.0,0.0,0.0,0.0,0.0,0.8600000143051147
0,100,adaptive_crosssdc_cmr,hinge,1.0,0.01,0.005861984928035074,0.0,0.0,0.0,0.0,0.0,0.0,0.0,0.0,0.0,0.8740000128746033
0,101,adaptive_crosssdc_cmr,hinge,1.0,0.01,0.005398707619557778,0.0,0.0,0.0,0.0,0.0,0.0,0.0,0.0,0.0,0.8659999966621399
0,102,adaptive_crosssdc_cmr,hinge,1.0,0.01,0.005262140805522601,0.0,0.0,0.0,0.0,0.0,0.0,0.0,0.0,0.0,0.8759999871253967
0,103,adaptive_crosssdc_cmr,hinge,1.0,0.01,0.005393084759513537,0.0,0.0,0.0,0.0,0.0,0.0,0.0,0.0,0.0,0.8799999952316284
0,104,adaptive_crosssdc_cmr,hinge,1.0,0.01,0.00525555857974622,0.0,0.0,0.0,0.0,0.0,0.0,0.0,0.0,0.0,0.8640000224113464
0,105,adaptive_crosssdc_cmr,hinge,1.0,0.01,0.005305201798263524,0.0,0.0,0.0,0.0,0.0,0.0,0.0,0.0,0.0,0.8700000047683716
0,106,adaptive_crosssdc_cmr,hinge,1.0,0.01,0.005546038556430075,0.0,0.0,0.0,0.0,0.0,0.0,0.0,0.0,0.0,0.8759999871253967
0,107,adaptive_crosssdc_cmr,hinge,1.0,0.01,0.0054646275627116365,0.0,0.0,0.0,0.0,0.0,0.0,0.0,0.0,0.0,0.8740000128746033
0,108,adaptive_crosssdc_cmr,hinge,1.0,0.01,0.005313042913460069,0.0,0.0,0.0,0.0,0.0,0.0,0.0,0.0,0.0,0.8700000047683716
0,109,adaptive_crosssdc_cmr,hinge,1.0,0.01,0.005111967420412434,0.0,0.0,0.0,0.0,0.0,0.0,0.0,0.0,0.0,0.8619999885559082
0,110,adaptive_crosssdc_cmr,hinge,1.0,0.01,0.00507860594532556,0.0,0.0,0.0,0.0,0.0,0.0,0.0,0.0,0.0,0.8740000128746033
0,111,adaptive_crosssdc_cmr,hinge,1.0,0.01,0.005287134347276555,0.0,0.0,0.0,0.0,0.0,0.0,0.0,0.0,0.0,0.8740000128746033
0,112,adaptive_crosssdc_cmr,hinge,1.0,0.01,0.005329723573393292,0.0,0.0,0.0,0.0,0.0,0.0,0.0,0.0,0.0,0.8700000047683716
0,113,adaptive_crosssdc_cmr,hinge,1.0,0.01,0.004978221427235339,0.0,0.0,0.0,0.0,0.0,0.0,0.0,0.0,0.0,0.8759999871253967
0,114,adaptive_crosssdc_cmr,hinge,1.0,0.01,0.005110654203842084,0.0,0.0,0.0,0.0,0.0,0.0,0.0,0.0,0.0,0.8799999952316284
0,115,adaptive_crosssdc_cmr,hinge,1.0,0.01,0.004981538953466548,0.0,0.0,0.0,0.0,0.0,0.0,0.0,0.0,0.0,0.871999979019165
0,116,adaptive_crosssdc_cmr,hinge,1.0,0.01,0.0050631794923295574,0.0,0.0,0.0,0.0,0.0,0.0,0.0,0.0,0.0,0.8679999709129333
0,117,adaptive_crosssdc_cmr,hinge,1.0,0.01,0.004893726565771633,0.0,0.0,0.0,0.0,0.0,0.0,0.0,0.0,0.0,0.8700000047683716
0,118,adaptive_crosssdc_cmr,hinge,1.0,0.01,0.004925307972977559,0.0,0.0,0.0,0.0,0.0,0.0,0.0,0.0,0.0,0.8700000047683716
0,119,adaptive_crosssdc_cmr,hinge,1.0,0.01,0.005022483670877086,0.0,0.0,0.0,0.0,0.0,0.0,0.0,0.0,0.0,0.8679999709129333
0,120,adaptive_crosssdc_cmr,hinge,1.0,0.01,0.0051275623134440845,0.0,0.0,0.0,0.0,0.0,0.0,0.0,0.0,0.0,0.8679999709129333
0,121,adaptive_crosssdc_cmr,hinge,1.0,0.01,0.005044570140954521,0.0,0.0,0.0,0.0,0.0,0.0,0.0,0.0,0.0,0.8619999885559082
0,122,adaptive_crosssdc_cmr,hinge,1.0,0.01,0.004984140137417449,0.0,0.0,0.0,0.0,0.0,0.0,0.0,0.0,0.0,0.871999979019165
0,123,adaptive_crosssdc_cmr,hinge,1.0,0.01,0.004864427933676375,0.0,0.0,0.0,0.0,0.0,0.0,0.0,0.0,0.0,0.8700000047683716
0,124,adaptive_crosssdc_cmr,hinge,1.0,0.01,0.004537701917191346,0.0,0.0,0.0,0.0,0.0,0.0,0.0,0.0,0.0,0.8640000224113464
0,125,adaptive_crosssdc_cmr,hinge,1.0,0.01,0.004623714368790388,0.0,0.0,0.0,0.0,0.0,0.0,0.0,0.0,0.0,0.8659999966621399
0,126,adaptive_crosssdc_cmr,hinge,1.0,0.01,0.004458290628261036,0.0,0.0,0.0,0.0,0.0,0.0,0.0,0.0,0.0,0.8700000047683716
0,127,adaptive_crosssdc_cmr,hinge,1.0,0.01,0.004475854777006639,0.0,0.0,0.0,0.0,0.0,0.0,0.0,0.0,0.0,0.8640000224113464
0,128,adaptive_crosssdc_cmr,hinge,1.0,0.01,0.004502398375835683,0.0,0.0,0.0,0.0,0.0,0.0,0.0,0.0,0.0,0.8740000128746033
0,129,adaptive_crosssdc_cmr,hinge,1.0,0.01,0.004629399161785841,0.0,0.0,0.0,0.0,0.0,0.0,0.0,0.0,0.0,0.871999979019165
0,130,adaptive_crosssdc_cmr,hinge,1.0,0.01,0.004194210361068447,0.0,0.0,0.0,0.0,0.0,0.0,0.0,0.0,0.0,0.871999979019165
0,131,adaptive_crosssdc_cmr,hinge,1.0,0.01,0.004182020383369591,0.0,0.0,0.0,0.0,0.0,0.0,0.0,0.0,0.0,0.8659999966621399
0,132,adaptive_crosssdc_cmr,hinge,1.0,0.01,0.004044339552314745,0.0,0.0,0.0,0.0,0.0,0.0,0.0,0.0,0.0,0.8659999966621399
0,133,adaptive_crosssdc_cmr,hinge,1.0,0.01,0.004345337446365092,0.0,0.0,0.0,0.0,0.0,0.0,0.0,0.0,0.0,0.8679999709129333
0,134,adaptive_crosssdc_cmr,hinge,1.0,0.01,0.004171257191855047,0.0,0.0,0.0,0.0,0.0,0.0,0.0,0.0,0.0,0.8640000224113464
0,135,adaptive_crosssdc_cmr,hinge,1.0,0.01,0.004286649429963695,0.0,0.0,0.0,0.0,0.0,0.0,0.0,0.0,0.0,0.8759999871253967
0,136,adaptive_crosssdc_cmr,hinge,1.0,0.01,0.004432413338993986,0.0,0.0,0.0,0.0,0.0,0.0,0.0,0.0,0.0,0.8679999709129333
0,137,adaptive_crosssdc_cmr,hinge,1.0,0.01,0.004357272655599647,0.0,0.0,0.0,0.0,0.0,0.0,0.0,0.0,0.0,0.8679999709129333
0,138,adaptive_crosssdc_cmr,hinge,1.0,0.01,0.003991852074654566,0.0,0.0,0.0,0.0,0.0,0.0,0.0,0.0,0.0,0.8659999966621399
0,139,adaptive_crosssdc_cmr,hinge,1.0,0.01,0.0040840258200963335,0.0,0.0,0.0,0.0,0.0,0.0,0.0,0.0,0.0,0.8700000047683716
0,140,adaptive_crosssdc_cmr,hinge,1.0,0.01,0.004017812251630757,0.0,0.0,0.0,0.0,0.0,0.0,0.0,0.0,0.0,0.8700000047683716
0,141,adaptive_crosssdc_cmr,hinge,1.0,0.01,0.003903141555686792,0.0,0.0,0.0,0.0,0.0,0.0,0.0,0.0,0.0,0.8640000224113464
0,142,adaptive_crosssdc_cmr,hinge,1.0,0.01,0.003825813609485825,0.0,0.0,0.0,0.0,0.0,0.0,0.0,0.0,0.0,0.8640000224113464
0,143,adaptive_crosssdc_cmr,hinge,1.0,0.01,0.0038021131315165097,0.0,0.0,0.0,0.0,0.0,0.0,0.0,0.0,0.0,0.8619999885559082
0,144,adaptive_crosssdc_cmr,hinge,1.0,0.01,0.003771834282411469,0.0,0.0,0.0,0.0,0.0,0.0,0.0,0.0,0.0,0.8679999709129333
0,145,adaptive_crosssdc_cmr,hinge,1.0,0.01,0.003971564428259929,0.0,0.0,0.0,0.0,0.0,0.0,0.0,0.0,0.0,0.8679999709129333
0,146,adaptive_crosssdc_cmr,hinge,1.0,0.01,0.004340469216307004,0.0,0.0,0.0,0.0,0.0,0.0,0.0,0.0,0.0,0.8659999966621399
0,147,adaptive_crosssdc_cmr,hinge,1.0,0.01,0.0046873940413610805,0.0,0.0,0.0,0.0,0.0,0.0,0.0,0.0,0.0,0.8659999966621399
0,148,adaptive_crosssdc_cmr,hinge,1.0,0.01,0.004407050139788125,0.0,0.0,0.0,0.0,0.0,0.0,0.0,0.0,0.0,0.8679999709129333
0,149,adaptive_crosssdc_cmr,hinge,1.0,0.01,0.004702750852124559,0.0,0.0,0.0,0.0,0.0,0.0,0.0,0.0,0.0,0.8619999885559082
0,150,adaptive_crosssdc_cmr,hinge,1.0,0.01,0.004369529636783732,0.0,0.0,0.0,0.0,0.0,0.0,0.0,0.0,0.0,0.8579999804496765
0,151,adaptive_crosssdc_cmr,hinge,1.0,0.01,0.004098942762033807,0.0,0.0,0.0,0.0,0.0,0.0,0.0,0.0,0.0,0.8659999966621399
0,152,adaptive_crosssdc_cmr,hinge,1.0,0.01,0.003854998956537909,0.0,0.0,0.0,0.0,0.0,0.0,0.0,0.0,0.0,0.8619999885559082
0,153,adaptive_crosssdc_cmr,hinge,1.0,0.01,0.003817265128923787,0.0,0.0,0.0,0.0,0.0,0.0,0.0,0.0,0.0,0.8679999709129333
0,154,adaptive_crosssdc_cmr,hinge,1.0,0.01,0.003555899097894629,0.0,0.0,0.0,0.0,0.0,0.0,0.0,0.0,0.0,0.8619999885559082
0,155,adaptive_crosssdc_cmr,hinge,1.0,0.01,0.0033754370589223173,0.0,0.0,0.0,0.0,0.0,0.0,0.0,0.0,0.0,0.8640000224113464
0,156,adaptive_crosssdc_cmr,hinge,1.0,0.01,0.003545905566877789,0.0,0.0,0.0,0.0,0.0,0.0,0.0,0.0,0.0,0.8679999709129333
0,157,adaptive_crosssdc_cmr,hinge,1.0,0.01,0.003649838449847367,0.0,0.0,0.0,0.0,0.0,0.0,0.0,0.0,0.0,0.8659999966621399
0,158,adaptive_crosssdc_cmr,hinge,1.0,0.01,0.0035568550746474,0.0,0.0,0.0,0.0,0.0,0.0,0.0,0.0,0.0,0.8659999966621399
0,159,adaptive_crosssdc_cmr,hinge,1.0,0.01,0.003641189334707128,0.0,0.0,0.0,0.0,0.0,0.0,0.0,0.0,0.0,0.8659999966621399
0,160,adaptive_crosssdc_cmr,hinge,1.0,0.01,0.0034723382494929764,0.0,0.0,0.0,0.0,0.0,0.0,0.0,0.0,0.0,0.8579999804496765
0,161,adaptive_crosssdc_cmr,hinge,1.0,0.01,0.003812852677785688,0.0,0.0,0.0,0.0,0.0,0.0,0.0,0.0,0.0,0.8759999871253967
0,162,adaptive_crosssdc_cmr,hinge,1.0,0.01,0.004215932502928708,0.0,0.0,0.0,0.0,0.0,0.0,0.0,0.0,0.0,0.8679999709129333
0,163,adaptive_crosssdc_cmr,hinge,1.0,0.01,0.004694005784889062,0.0,0.0,0.0,0.0,0.0,0.0,0.0,0.0,0.0,0.8640000224113464
0,164,adaptive_crosssdc_cmr,hinge,1.0,0.01,0.004664018853671021,0.0,0.0,0.0,0.0,0.0,0.0,0.0,0.0,0.0,0.8679999709129333
0,165,adaptive_crosssdc_cmr,hinge,1.0,0.01,0.004007507374303209,0.0,0.0,0.0,0.0,0.0,0.0,0.0,0.0,0.0,0.8659999966621399
0,166,adaptive_crosssdc_cmr,hinge,1.0,0.01,0.003392164595425129,0.0,0.0,0.0,0.0,0.0,0.0,0.0,0.0,0.0,0.8640000224113464
0,167,adaptive_crosssdc_cmr,hinge,1.0,0.01,0.0030935147984160315,0.0,0.0,0.0,0.0,0.0,0.0,0.0,0.0,0.0,0.8539999723434448
0,168,adaptive_crosssdc_cmr,hinge,1.0,0.01,0.003230759925726387,0.0,0.0,0.0,0.0,0.0,0.0,0.0,0.0,0.0,0.8700000047683716
0,169,adaptive_crosssdc_cmr,hinge,1.0,0.01,0.0032381669411228765,0.0,0.0,0.0,0.0,0.0,0.0,0.0,0.0,0.0,0.8600000143051147
0,170,adaptive_crosssdc_cmr,hinge,1.0,0.01,0.0031778003451310927,0.0,0.0,0.0,0.0,0.0,0.0,0.0,0.0,0.0,0.8640000224113464
0,171,adaptive_crosssdc_cmr,hinge,1.0,0.01,0.003215312207531598,0.0,0.0,0.0,0.0,0.0,0.0,0.0,0.0,0.0,0.8640000224113464
0,172,adaptive_crosssdc_cmr,hinge,1.0,0.01,0.0032109401137050656,0.0,0.0,0.0,0.0,0.0,0.0,0.0,0.0,0.0,0.8600000143051147
0,173,adaptive_crosssdc_cmr,hinge,1.0,0.01,0.0038625035538441604,0.0,0.0,0.0,0.0,0.0,0.0,0.0,0.0,0.0,0.8640000224113464
0,174,adaptive_crosssdc_cmr,hinge,1.0,0.01,0.00497471225551433,0.0,0.0,0.0,0.0,0.0,0.0,0.0,0.0,0.0,0.8659999966621399
0,175,adaptive_crosssdc_cmr,hinge,1.0,0.01,0.004904682385838694,0.0,0.0,0.0,0.0,0.0,0.0,0.0,0.0,0.0,0.8600000143051147
0,176,adaptive_crosssdc_cmr,hinge,1.0,0.01,0.004340607465969192,0.0,0.0,0.0,0.0,0.0,0.0,0.0,0.0,0.0,0.871999979019165
0,177,adaptive_crosssdc_cmr,hinge,1.0,0.01,0.0041506529733952545,0.0,0.0,0.0,0.0,0.0,0.0,0.0,0.0,0.0,0.8659999966621399
0,178,adaptive_crosssdc_cmr,hinge,1.0,0.01,0.0037942081431133878,0.0,0.0,0.0,0.0,0.0,0.0,0.0,0.0,0.0,0.8659999966621399
0,179,adaptive_crosssdc_cmr,hinge,1.0,0.01,0.003990148064783878,0.0,0.0,0.0,0.0,0.0,0.0,0.0,0.0,0.0,0.8679999709129333
0,180,adaptive_crosssdc_cmr,hinge,1.0,0.01,0.003994912038453751,0.0,0.0,0.0,0.0,0.0,0.0,0.0,0.0,0.0,0.8619999885559082
0,181,adaptive_crosssdc_cmr,hinge,1.0,0.01,0.005761973973777559,0.0,0.0,0.0,0.0,0.0,0.0,0.0,0.0,0.0,0.871999979019165
0,182,adaptive_crosssdc_cmr,hinge,1.0,0.01,0.0039054257277813223,0.0,0.0,0.0,0.0,0.0,0.0,0.0,0.0,0.0,0.871999979019165
0,183,adaptive_crosssdc_cmr,hinge,1.0,0.01,0.003230563649493787,0.0,0.0,0.0,0.0,0.0,0.0,0.0,0.0,0.0,0.8600000143051147
0,184,adaptive_crosssdc_cmr,hinge,1.0,0.01,0.0026485553632179895,0.0,0.0,0.0,0.0,0.0,0.0,0.0,0.0,0.0,0.8659999966621399
0,185,adaptive_crosssdc_cmr,hinge,1.0,0.01,0.0025409841392603186,0.0,0.0,0.0,0.0,0.0,0.0,0.0,0.0,0.0,0.8640000224113464
0,186,adaptive_crosssdc_cmr,hinge,1.0,0.01,0.0024399651317960685,0.0,0.0,0.0,0.0,0.0,0.0,0.0,0.0,0.0,0.8679999709129333
0,187,adaptive_crosssdc_cmr,hinge,1.0,0.01,0.002453156876274281,0.0,0.0,0.0,0.0,0.0,0.0,0.0,0.0,0.0,0.8700000047683716
0,188,adaptive_crosssdc_cmr,hinge,1.0,0.01,0.0024685077369213104,0.0,0.0,0.0,0.0,0.0,0.0,0.0,0.0,0.0,0.8659999966621399
0,189,adaptive_crosssdc_cmr,hinge,1.0,0.01,0.002392417984083295,0.0,0.0,0.0,0.0,0.0,0.0,0.0,0.0,0.0,0.8640000224113464
0,190,adaptive_crosssdc_cmr,hinge,1.0,0.01,0.0024757188382662004,0.0,0.0,0.0,0.0,0.0,0.0,0.0,0.0,0.0,0.8700000047683716
0,191,adaptive_crosssdc_cmr,hinge,1.0,0.01,0.0025602441229340103,0.0,0.0,0.0,0.0,0.0,0.0,0.0,0.0,0.0,0.8659999966621399
0,192,adaptive_crosssdc_cmr,hinge,1.0,0.01,0.002598128980025649,0.0,0.0,0.0,0.0,0.0,0.0,0.0,0.0,0.0,0.8640000224113464
0,193,adaptive_crosssdc_cmr,hinge,1.0,0.01,0.002727121813222766,0.0,0.0,0.0,0.0,0.0,0.0,0.0,0.0,0.0,0.8619999885559082
0,194,adaptive_crosssdc_cmr,hinge,1.0,0.01,0.0026795287978731925,0.0,0.0,0.0,0.0,0.0,0.0,0.0,0.0,0.0,0.8659999966621399
0,195,adaptive_crosssdc_cmr,hinge,1.0,0.01,0.002861540816310379,0.0,0.0,0.0,0.0,0.0,0.0,0.0,0.0,0.0,0.8640000224113464
0,196,adaptive_crosssdc_cmr,hinge,1.0,0.01,0.003087855875492096,0.0,0.0,0.0,0.0,0.0,0.0,0.0,0.0,0.0,0.8659999966621399
0,197,adaptive_crosssdc_cmr,hinge,1.0,0.01,0.00290068451108204,0.0,0.0,0.0,0.0,0.0,0.0,0.0,0.0,0.0,0.8640000224113464
0,198,adaptive_crosssdc_cmr,hinge,1.0,0.01,0.0028970892696330943,0.0,0.0,0.0,0.0,0.0,0.0,0.0,0.0,0.0,0.8679999709129333
0,199,adaptive_crosssdc_cmr,hinge,1.0,0.01,0.0028086635025425088,0.0,0.0,0.0,0.0,0.0,0.0,0.0,0.0,0.0,0.8659999966621399
1,0,adaptive_crosssdc_cmr,hinge,1.0,0.01,3.424492438634237,4.457582155863444,4.378520647684733,1.31355619430542,0.031126826380689938,0.0031126826380689938,0.4791666666666667,0.3680555555555556,0.04724681832724147,0.014118263290988075,0.45100000500679016
1,1,adaptive_crosssdc_cmr,hinge,1.0,0.01,2.8173706266615124,4.387217627631293,4.313837422264947,1.2941512266794841,0.03699361077613301,0.003699361077613301,0.5147569444444444,0.4053819444444444,0.046048847751484975,0.025567503852976695,0.5059999823570251
1,2,adaptive_crosssdc_cmr,hinge,1.0,0.01,2.6101047462887235,4.361153072781033,4.281421661376953,1.284426498413086,0.025636833988957934,0.0025636833988957938,0.453125,0.3611111111111111,0.030351081242163975,0.02340600887934367,0.5239999890327454
1,3,adaptive_crosssdc_cmr,hinge,1.0,0.01,2.4752729998694525,4.311047765943739,4.247643735673693,1.2742931207021078,0.013660704303118918,0.0013660704303118918,0.3185763888888889,0.22743055555555555,0.01571130980220106,0.013945959094497893,0.5569999814033508
1,4,adaptive_crosssdc_cmr,hinge,1.0,0.01,2.3934329880608454,4.293447918362087,4.23484632703993,1.270453898111979,0.009094375910030471,0.0009094375910030472,0.1875,0.1519097222222222,0.01027543366783195,0.009514999886353811,0.5600000023841858
1,5,adaptive_crosssdc_cmr,hinge,1.0,0.01,2.328685681025187,4.236325369940864,4.211313989427355,1.2633941968282063,0.007769040970338715,0.0007769040970338715,0.1501736111111111,0.14149305555555555,0.008405672800209787,0.008746204897761345,0.5809999704360962
1,6,adaptive_crosssdc_cmr,hinge,1.0,0.01,2.2733334170447455,4.20707893371582,4.16670740975274,1.250012222925822,0.006156873423606157,0.0006156873423606157,0.1076388888888889,0.09114583333333333,0.006927634071972635,0.005814623087644577,0.5759999752044678
1,7,adaptive_crosssdc_cmr,hinge,1.0,0.01,2.211576567755805,4.132298045688206,4.114611254798041,1.2343833764394123,0.004697953790633215,0.0004697953790633215,0.0798611111111111,0.059895833333333336,0.006071125674578879,0.00364785889784495,0.6010000109672546
1,8,adaptive_crosssdc_cmr,hinge,1.0,0.01,2.1915025446150036,4.138576189676921,4.139059543609619,1.2417178630828858,0.0031678536518787346,0.00031678536518787347,0.06336805555555555,0.028645833333333332,0.005387232535415226,0.0018183928396966723,0.6060000061988831
1,9,adaptive_crosssdc_cmr,hinge,1.0,0.01,2.1442308160993786,4.113259898291694,4.106145169999865,1.2318435509999592,0.005137979001220729,0.000513797900122073,0.06510416666666667,0.033854166666666664,0.006938794420825111,0.002957671880722046,0.6230000257492065
1,10,adaptive_crosssdc_cmr,hinge,1.0,0.01,2.124119758605957,4.104881869422065,4.097679562038845,1.2293038686116535,0.003282908583059907,0.0003282908583059907,0.058159722222222224,0.020833333333333332,0.004758206920491325,0.0017966673605971867,0.621999979019165
1,11,adaptive_crosssdc_cmr,hinge,1.0,0.01,2.0828119119008384,4.036192576090495,4.046821541256374,1.2140464623769123,0.0030758632864389154,0.00030758632864389155,0.04774305555555555,0.012152777777777778,0.004929649747080273,0.0008667111396789551,0.625
1,12,adaptive_crosssdc_cmr,hinge,1.0,0.01,2.054965297381083,4.008728133307563,4.022179020775689,1.2066537062327067,0.003994215279817581,0.00039942152798175815,0.05642361111111111,0.018229166666666668,0.006013222245706452,0.0014597098860475752,0.6340000033378601
1,13,adaptive_crosssdc_cmr,hinge,1.0,0.01,2.0342331727345786,3.996575567457411,4.032753600014581,1.209826080004374,0.0024183880030048182,0.00024183880030048183,0.03732638888888889,0.013020833333333334,0.004069179917375247,0.000877052131626341,0.6340000033378601
1,14,adaptive_crosssdc_cmr,hinge,1.0,0.01,2.0127670764923096,3.9655285676320395,4.012709935506185,1.2038129806518554,0.0030607959617757136,0.0003060795961775714,0.051215277777777776,0.008680555555555556,0.005051717369092835,0.0006283091174231635,0.6449999809265137
1,15,adaptive_crosssdc_cmr,hinge,1.0,0.01,1.993020945125156,3.9291852050357394,4.004668182796902,1.2014004548390704,0.0026714780930584916,0.0002671478093058492,0.03993055555555555,0.013020833333333334,0.004088990804221895,0.0010800924566056994,0.6480000019073486
1,16,adaptive_crosssdc_cmr,hinge,1.0,0.01,1.9632135497199164,3.8867565790812173,3.973525603612264,1.1920576810836792,0.0017720377784118885,0.00017720377784118886,0.024305555555555556,0.010416666666666666,0.0022181574669149187,0.00074627043472396,0.6510000228881836
1,17,adaptive_crosssdc_cmr,hinge,1.0,0.01,1.9581682946946886,3.898760027355618,3.9759651819864907,1.1927895545959473,0.0025361660065957243,0.00025361660065957245,0.04079861111111111,0.006076388888888889,0.0043039315690596896,0.00038515403866767883,0.656000018119812
1,18,adaptive_crosssdc_cmr,hinge,1.0,0.01,1.933573802312215,3.8492929935455322,3.947015815311008,1.1841047445933024,0.0011770102428272367,0.00011770102428272368,0.026041666666666668,0.0078125,0.002181527308291859,0.00030613276693556044,0.6679999828338623
1,19,adaptive_crosssdc_cmr,hinge,1.0,0.01,1.9246780342525907,3.8524370193481445,3.9583178096347384,1.1874953428904216,0.0016213912911350941,0.00016213912911350944,0.026909722222222224,0.001736111111111111,0.00323845280541314,4.521715972158644e-05,0.656000018119812
1,20,adaptive_crosssdc_cmr,hinge,1.0,0.01,1.9023392332924738,3.828537490632799,3.9221951961517334,1.17665855884552,0.0019505716675970082,0.00019505716675970083,0.027777777777777776,0.005208333333333333,0.0034364956534571117,0.0001647422711054484,0.6669999957084656
1,21,adaptive_crosssdc_cmr,hinge,1.0,0.01,1.882649302482605,3.7863354947831898,3.913403113683065,1.1740209341049195,0.0008094538772840881,8.09453877284088e-05,0.015625,0.005208333333333333,0.001635253636373414,0.0001583380831612481,0.6650000214576721
1,22,adaptive_crosssdc_cmr,hinge,1.0,0.01,1.8732406695683796,3.784188085132175,3.9228089915381537,1.176842697461446,0.0016265873629082409,0.0001626587362908241,0.030381944444444444,0.003472222222222222,0.0029593377063671746,6.739753815862868e-05,0.6759999990463257
1,23,adaptive_crosssdc_cmr,hinge,1.0,0.01,1.8541231287850275,3.764017793867323,3.8972470495435925,1.1691741148630777,0.001828941869057922,0.0001828941869057922,0.027777777777777776,0.0,0.0029587623559766347,0.0,0.6679999828338623
1,24,adaptive_crosssdc_cmr,hinge,1.0,0.01,1.8443403906292386,3.7637190553877087,3.8799363242255316,1.1639808972676595,0.0018321798286504215,0.00018321798286504215,0.027777777777777776,0.001736111111111111,0.003111940084232224,2.8512958023283216e-05,0.6790000200271606
1,25,adaptive_crosssdc_cmr,hinge,1.0,0.01,1.8282034132215712,3.7388588322533503,3.875584496392144,1.1626753489176431,0.0012392928474582732,0.0001239292847458273,0.024305555555555556,0.001736111111111111,0.0021392531279060575,3.74068816502889e-05,0.6769999861717224
1,26,adaptive_crosssdc_cmr,hinge,1.0,0.01,1.8356331984202068,3.7377305825551352,3.8829682403140597,1.164890472094218,0.0009660684930471083,9.660684930471083e-05,0.022569444444444444,0.0,0.0016281226028998692,0.0,0.6800000071525574
1,27,adaptive_crosssdc_cmr,hinge,1.0,0.01,1.8124480115042791,3.704037215974596,3.8706682523091636,1.161200475692749,0.0010593553306534886,0.00010593553306534887,0.016493055555555556,0.0,0.0018662948989205891,0.0,0.6880000233650208
1,28,adaptive_crosssdc_cmr,hinge,1.0,0.01,1.7936682966020372,3.6900384426116943,3.84873980946011,1.154621942838033,0.0008185291404111518,8.185291404111519e-05,0.013020833333333334,0.0,0.0014217493848668204,0.0,0.6930000185966492
1,29,adaptive_crosssdc_cmr,hinge,1.0,0.01,1.7845759921603732,3.659180164337158,3.8339627848731146,1.1501888354619343,0.0009087402755135878,9.087402755135878e-05,0.014756944444444444,0.0,0.001459185861878925,0.0,0.6859999895095825
1,30,adaptive_crosssdc_cmr,hinge,1.0,0.01,1.769434650739034,3.6372605429755316,3.807842175165812,1.1423526525497436,0.0004534446610099015,4.534446610099015e-05,0.010416666666666666,0.0,0.0008268993761804369,0.0,0.6899999976158142
1,31,adaptive_crosssdc_cmr,hinge,1.0,0.01,1.7629307508468628,3.651551432079739,3.8228153917524548,1.1468446175257363,0.0006595573116404315,6.595573116404316e-05,0.011284722222222222,0.0,0.0010048142737812465,0.0,0.6909999847412109
1,32,adaptive_crosssdc_cmr,hinge,1.0,0.01,1.744043270746867,3.6013629701402454,3.780480570263333,1.134144171079,0.00020962091609059522,2.0962091609059524e-05,0.0078125,0.0,0.0004348692794640859,0.0,0.699999988079071
1,33,adaptive_crosssdc_cmr,hinge,1.0,0.01,1.7393182118733723,3.5979685253567166,3.783501466115316,1.1350504398345946,0.00034140563730034046,3.414056373003405e-05,0.010416666666666666,0.0,0.0005903469605578317,0.0,0.6970000267028809
1,34,adaptive_crosssdc_cmr,hinge,1.0,0.01,1.7518088552686903,3.6194845040639243,3.8139124976264105,1.1441737492879231,0.0005129847138757921,5.1298471387579215e-05,0.013888888888888888,0.0,0.0009280029270384046,0.0,0.7009999752044678
1,35,adaptive_crosssdc_cmr,hinge,1.0,0.01,1.7369105815887451,3.5939499272240534,3.804109070036146,1.1412327210108437,0.000321729592138177,3.2172959213817706e-05,0.012152777777777778,0.0,0.0007485708014832602,0.0,0.7020000219345093
1,36,adaptive_crosssdc_cmr,hinge,1.0,0.01,1.7221522198783026,3.5783299605051675,3.7850767506493463,1.1355230251948039,1.0128256286002903e-05,1.0128256286002904e-06,0.001736111111111111,0.0,3.609392378065321e-05,0.0,0.7099999785423279
1,37,adaptive_crosssdc_cmr,hinge,1.0,0.01,1.7139881319469876,3.5687155458662243,3.776927762561374,1.1330783287684123,0.00011718979254106266,1.1718979254106267e-05,0.004340277777777778,0.0,0.0002551827993657854,0.0,0.7049999833106995
1,38,adaptive_crosssdc_cmr,hinge,1.0,0.01,1.705153637462192,3.552930063671536,3.7738755544026694,1.1321626663208009,0.00017020123292847225,1.7020123292847224e-05,0.006076388888888889,0.0,0.0003140961958302392,0.0,0.7049999833106995
1,39,adaptive_crosssdc_cmr,hinge,1.0,0.01,1.6849827898873224,3.5198571152157254,3.747136116027832,1.1241408348083495,0.00010416123344233104,1.0416123344233105e-05,0.006944444444444444,0.0,0.00029764345122708217,0.0,0.7129999995231628
1,40,adaptive_crosssdc_cmr,hinge,1.0,0.01,1.6883470879660711,3.5303529368506537,3.7455992698669434,1.123679780960083,8.54971763652025e-05,8.54971763652025e-06,0.003472222222222222,0.0,0.00015751210351785025,0.0,0.7170000076293945
1,41,adaptive_crosssdc_cmr,hinge,1.0,0.01,1.6705318027072482,3.509433322482639,3.7309016386667886,1.1192704916000364,0.00010898881919274572,1.0898881919274573e-05,0.006944444444444444,0.0,0.000231734166542689,0.0,0.7179999947547913
1,42,adaptive_crosssdc_cmr,hinge,1.0,0.01,1.6874270306693182,3.5341619650522866,3.776590453253852,1.1329771359761556,0.000115116856351152,1.1511685635115201e-05,0.008680555555555556,0.0,0.0004322208050224516,0.0,0.7250000238418579
1,43,adaptive_crosssdc_cmr,hinge,1.0,0.01,1.6684829129113092,3.503225247065226,3.746874597337511,1.1240623792012532,7.178819295303483e-05,7.1788192953034834e-06,0.005208333333333333,0.0,0.00017575795451800028,0.0,0.7160000205039978
1,44,adaptive_crosssdc_cmr,hinge,1.0,0.01,1.6627996895048354,3.502198961046007,3.742197487089369,1.1226592461268106,4.44485437280188e-05,4.44485437280188e-06,0.003472222222222222,0.0,0.00010110272301567925,0.0,0.7149999737739563
1,45,adaptive_crosssdc_cmr,hinge,1.0,0.01,1.6460589965184529,3.468502495023939,3.709377500745985,1.1128132502237955,4.381161225966126e-05,4.3811612259661266e-06,0.003472222222222222,0.0,0.00011863600876596238,0.0,0.7250000238418579
1,46,adaptive_crosssdc_cmr,hinge,1.0,0.01,1.6426235172483656,3.468558602862888,3.72343373298645,1.117030119895935,6.592487685945041e-05,6.592487685945041e-06,0.006076388888888889,0.0,0.00017123669385910034,0.0,0.7250000238418579
1,47,adaptive_crosssdc_cmr,hinge,1.0,0.01,1.646058268017239,3.4792651070488825,3.7248481909434,1.1174544572830198,6.144473768977655e-05,6.1444737689776555e-06,0.0026041666666666665,0.0,0.00011382624506950378,0.0,0.7269999980926514
1,48,adaptive_crosssdc_cmr,hinge,1.0,0.01,1.6395962370766535,3.4532770580715604,3.709358957078722,1.1128076871236166,2.6552563415154713e-05,2.6552563415154714e-06,0.003472222222222222,0.0,8.496269583702087e-05,0.0,0.7269999980926514
1,49,adaptive_crosssdc_cmr,hinge,1.0,0.01,1.6369152201546564,3.454759120941162,3.7142443127102323,1.1142732938130697,5.8491951980007194e-05,5.8491951980007195e-06,0.006076388888888889,0.0,0.00015910383727815416,0.0,0.7279999852180481
1,50,adaptive_crosssdc_cmr,hinge,1.0,0.01,1.6293731530507405,3.446099784639147,3.7012841436598034,1.110385243097941,8.328228432219476e-06,8.328228432219476e-07,0.0008680555555555555,0.0,2.1031333340538873e-05,0.0,0.7289999723434448
1,51,adaptive_crosssdc_cmr,hinge,1.0,0.01,1.626946210861206,3.459421979056464,3.7076271375020347,1.1122881412506103,4.240650964170022e-05,4.240650964170022e-06,0.005208333333333333,0.0,0.00016487824420134226,0.0,0.7200000286102295
1,52,adaptive_crosssdc_cmr,hinge,1.0,0.01,1.6144019232855902,3.4303883446587458,3.6790134376949735,1.103704031308492,1.255859226350569e-05,1.2558592263505692e-06,0.0008680555555555555,0.0,3.718088070551554e-05,0.0,0.7310000061988831
1,53,adaptive_crosssdc_cmr,hinge,1.0,0.01,1.6027421951293945,3.4007328616248236,3.663270182079739,1.0989810546239216,4.355817868094568e-05,4.3558178680945686e-06,0.005208333333333333,0.0,0.00012204547723134358,0.0,0.7139999866485596
1,54,adaptive_crosssdc_cmr,hinge,1.0,0.01,1.6094490422142878,3.44655974706014,3.6851187811957464,1.105535634358724,5.774562547837074e-06,5.774562547837074e-07,0.0008680555555555555,0.0,2.4766557746463353e-05,0.0,0.7269999980926514
1,55,adaptive_crosssdc_cmr,hinge,1.0,0.01,1.597965783543057,3.400640196270413,3.677169402440389,1.1031508207321168,1.765274848569081e-06,1.7652748485690812e-07,0.0008680555555555555,0.0,1.5922304656770495e-05,0.0,0.7160000205039978
1,56,adaptive_crosssdc_cmr,hinge,1.0,0.01,1.5936334530512493,3.4153614309098987,3.6812887456681995,1.1043866237004598,2.4942316182811436e-07,2.4942316182811436e-08,0.0008680555555555555,0.0,1.9579297966427272e-05,0.0,0.7260000109672546
1,57,adaptive_crosssdc_cmr,hinge,1.0,0.01,1.5835588508182101,3.4017840491400824,3.666242520014445,1.0998727560043333,0.0,0.0,0.0,0.0,3.157390488518609e-06,0.0,0.7409999966621399
1,58,adaptive_crosssdc_cmr,hinge,1.0,0.01,1.578191704220242,3.3929704825083413,3.674104372660319,1.1022313117980955,0.0,0.0,0.0,0.0,1.037244995435079e-05,0.0,0.7300000190734863
1,59,adaptive_crosssdc_cmr,hinge,1.0,0.01,1.5804647869533963,3.3928249412112765,3.676537619696723,1.1029612859090168,5.824092315581058e-06,5.824092315581058e-07,0.001736111111111111,0.0,2.6593605677286785e-05,0.0,0.7319999933242798
1,60,adaptive_crosssdc_cmr,hinge,1.0,0.01,1.5780458980136447,3.3938322597079806,3.6678485340542264,1.1003545602162679,2.787214015143036e-09,2.787214015143036e-10,0.0008680555555555555,0.0,1.0300427675247192e-05,0.0,0.7350000143051147
1,61,adaptive_crosssdc_cmr,hinge,1.0,0.01,1.5771386755837336,3.383556048075358,3.6613446606530085,1.0984033981959025,5.949691007521728e-07,5.9496910075217284e-08,0.0008680555555555555,0.0,1.7411179012722438e-05,0.0,0.7350000143051147
1,62,adaptive_crosssdc_cmr,hinge,1.0,0.01,1.5671803024080064,3.397908157772488,3.6520997683207193,1.0956299304962158,0.0,0.0,0.0,0.0,1.4081597328186035e-06,0.0,0.7329999804496765
1,63,adaptive_crosssdc_cmr,hinge,1.0,0.01,1.574759046236674,3.3907779587639704,3.6801396475897894,1.1040418942769368,2.1854013741378567e-06,2.1854013741378567e-07,0.0008680555555555555,0.0,1.2403147088156806e-05,0.0,0.7350000143051147
1,64,adaptive_crosssdc_cmr,hinge,1.0,0.01,1.5638939407136705,3.392492824130588,3.6619653436872692,1.0985896031061808,2.321715227379981e-06,2.321715227379981e-07,0.0008680555555555555,0.0,1.896959212091234e-05,0.0,0.7350000143051147
1,65,adaptive_crosssdc_cmr,hinge,1.0,0.01,1.5637342532475789,3.374581125047472,3.659463961919149,1.0978391885757446,4.352938251233556e-06,4.352938251233556e-07,0.0008680555555555555,0.0,1.9492374526129828e-05,0.0,0.7369999885559082
1,66,adaptive_crosssdc_cmr,hinge,1.0,0.01,1.558196292983161,3.3911342355940075,3.6608561409844294,1.0982568422953287,0.0,0.0,0.0,0.0,0.0,0.0,0.7360000014305115
1,67,adaptive_crosssdc_cmr,hinge,1.0,0.01,1.5435340404510498,3.3579055203331842,3.6323531203799777,1.0897059361139934,0.0,0.0,0.0,0.0,0.0,0.0,0.7409999966621399
1,68,adaptive_crosssdc_cmr,hinge,1.0,0.01,1.5398850440979004,3.365597751405504,3.628054724799262,1.0884164174397786,0.0,0.0,0.0,0.0,0.0,0.0,0.7379999756813049
1,69,adaptive_crosssdc_cmr,hinge,1.0,0.01,1.544323245684306,3.361963801913791,3.633740504582723,1.090122151374817,3.192970527581767e-06,3.192970527581767e-07,0.0008680555555555555,0.0,2.462541063626607e-05,0.0,0.7260000109672546
1,70,adaptive_crosssdc_cmr,hinge,1.0,0.01,1.539972186088562,3.3465719487931995,3.618169969982571,1.0854509909947714,0.0,0.0,0.0,0.0,7.76723027229309e-06,0.0,0.7409999966621399
1,71,adaptive_crosssdc_cmr,hinge,1.0,0.01,1.5385209057066176,3.3429852061801486,3.6276155842675104,1.088284675280253,0.0,0.0,0.0,0.0,0.0,0.0,0.7310000061988831
1,72,adaptive_crosssdc_cmr,hinge,1.0,0.01,1.5328428480360243,3.3381577597724066,3.6275462839338513,1.0882638851801554,0.0,0.0,0.0,0.0,0.0,0.0,0.7310000061988831
1,73,adaptive_crosssdc_cmr,hinge,1.0,0.01,1.5339997741911147,3.3532750606536865,3.6292125119103327,1.0887637535730998,0.0,0.0,0.0,0.0,0.0,0.0,0.7419999837875366
1,74,adaptive_crosssdc_cmr,hinge,1.0,0.01,1.5294632779227362,3.3624362415737576,3.6273031499650745,1.0881909449895224,0.0,0.0,0.0,0.0,0.0,0.0,0.7319999933242798
1,75,adaptive_crosssdc_cmr,hinge,1.0,0.01,1.5268096923828125,3.380158477359348,3.6408602131737604,1.092258063952128,0.0,0.0,0.0,0.0,0.0,0.0,0.7379999756813049
1,76,adaptive_crosssdc_cmr,hinge,1.0,0.01,1.5271405246522691,3.342097944683499,3.6208146942986383,1.0862444082895915,0.0,0.0,0.0,0.0,0.0,0.0,0.7369999885559082
1,77,adaptive_crosssdc_cmr,hinge,1.0,0.01,1.5158038139343262,3.33540407816569,3.608546574910482,1.0825639724731446,0.0,0.0,0.0,0.0,0.0,0.0,0.7379999756813049
1,78,adaptive_crosssdc_cmr,hinge,1.0,0.01,1.5181796418295965,3.353030549155341,3.6211776203579373,1.0863532861073812,0.0,0.0,0.0,0.0,6.160802311367459e-06,0.0,0.7360000014305115
1,79,adaptive_crosssdc_cmr,hinge,1.0,0.01,1.5169793367385864,3.3437390327453613,3.619695636961195,1.0859086910883584,0.0,0.0,0.0,0.0,0.0,0.0,0.7369999885559082
1,80,adaptive_crosssdc_cmr,hinge,1.0,0.01,1.5127463075849745,3.345170842276679,3.6095154815249972,1.0828546444574991,0.0,0.0,0.0,0.0,0.0,0.0,0.7419999837875366
1,81,adaptive_crosssdc_cmr,hinge,1.0,0.01,1.510146313243442,3.3486292362213135,3.614384995566474,1.0843154986699421,0.0,0.0,0.0,0.0,0.0,0.0,0.7490000128746033
1,82,adaptive_crosssdc_cmr,hinge,1.0,0.01,1.5135487980312772,3.3181322945488825,3.6023852825164795,1.080715584754944,0.0,0.0,0.0,0.0,0.0,0.0,0.7310000061988831
1,83,adaptive_crosssdc_cmr,hinge,1.0,0.01,1.505853043662177,3.329893562528822,3.611428525712755,1.0834285577138265,0.0,0.0,0.0,0.0,0.0,0.0,0.7319999933242798
1,84,adaptive_crosssdc_cmr,hinge,1.0,0.01,1.5013461510340373,3.3073256810506186,3.5882683859931097,1.076480515797933,0.0,0.0,0.0,0.0,0.0,0.0,0.7409999966621399
1,85,adaptive_crosssdc_cmr,hinge,1.0,0.01,1.5049538082546658,3.3200908501942954,3.611629088719686,1.0834887266159057,0.0,0.0,0.0,0.0,0.0,0.0,0.7570000290870667
1,86,adaptive_crosssdc_cmr,hinge,1.0,0.01,1.496855205959744,3.325042804082235,3.59461686346266,1.078385059038798,0.0,0.0,0.0,0.0,0.0,0.0,0.7390000224113464
1,87,adaptive_crosssdc_cmr,hinge,1.0,0.01,1.5062901973724365,3.336337937249078,3.621110094918145,1.0863330284754436,0.0,0.0,0.0,0.0,0.0,0.0,0.7229999899864197
1,88,adaptive_crosssdc_cmr,hinge,1.0,0.01,1.4987807936138577,3.313239097595215,3.5961040920681424,1.0788312276204426,0.0,0.0,0.0,0.0,0.0,0.0,0.7400000095367432
1,89,adaptive_crosssdc_cmr,hinge,1.0,0.01,1.4875325361887615,3.293030261993408,3.5817492538028293,1.0745247761408487,0.0,0.0,0.0,0.0,0.0,0.0,0.75
1,90,adaptive_crosssdc_cmr,hinge,1.0,0.01,1.4927734666400485,3.342723978890313,3.6023465262518988,1.0807039578755695,0.0,0.0,0.0,0.0,0.0,0.0,0.746999979019165
1,91,adaptive_crosssdc_cmr,hinge,1.0,0.01,1.4737139675352309,3.295213566886054,3.5728921625349255,1.0718676487604777,0.0,0.0,0.0,0.0,0.0,0.0,0.7369999885559082
1,92,adaptive_crosssdc_cmr,hinge,1.0,0.01,1.4820595979690552,3.3046574327680798,3.589198668797811,1.0767596006393432,0.0,0.0,0.0,0.0,0.0,0.0,0.746999979019165
1,93,adaptive_crosssdc_cmr,hinge,1.0,0.01,1.4858548508750067,3.308091163635254,3.5946151150597467,1.078384534517924,0.0,0.0,0.0,0.0,0.0,0.0,0.7549999952316284
1,94,adaptive_crosssdc_cmr,hinge,1.0,0.01,1.4752934508853488,3.3169769975874157,3.5907779004838734,1.077233370145162,0.0,0.0,0.0,0.0,0.0,0.0,0.7400000095367432
1,95,adaptive_crosssdc_cmr,hinge,1.0,0.01,1.4750219848420885,3.3240746921963162,3.5921463701460095,1.0776439110438027,0.0,0.0,0.0,0.0,0.0,0.0,0.7419999837875366
1,96,adaptive_crosssdc_cmr,hinge,1.0,0.01,1.4685376087824504,3.301462252934774,3.5810868210262723,1.0743260463078816,0.0,0.0,0.0,0.0,0.0,0.0,0.753000020980835
1,97,adaptive_crosssdc_cmr,hinge,1.0,0.01,1.4547848966386583,3.2796927558051214,3.555861711502075,1.0667585134506226,0.0,0.0,0.0,0.0,0.0,0.0,0.7549999952316284
1,98,adaptive_crosssdc_cmr,hinge,1.0,0.01,1.4698815478218927,3.302003171708849,3.578746451271905,1.0736239353815715,0.0,0.0,0.0,0.0,0.0,0.0,0.7509999871253967
1,99,adaptive_crosssdc_cmr,hinge,1.0,0.01,1.4608469671673245,3.2867353757222495,3.5713948408762612,1.0714184522628782,0.0,0.0,0.0,0.0,0.0,0.0,0.7570000290870667
1,100,adaptive_crosssdc_cmr,hinge,1.0,0.01,1.4630363782246907,3.2968534098731146,3.5726320213741727,1.0717896064122518,0.0,0.0,0.0,0.0,0.0,0.0,0.7490000128746033
1,101,adaptive_crosssdc_cmr,hinge,1.0,0.01,1.4567619562149048,3.286237054400974,3.566148598988851,1.0698445796966554,0.0,0.0,0.0,0.0,0.0,0.0,0.7639999985694885
1,102,adaptive_crosssdc_cmr,hinge,1.0,0.01,1.463006893793742,3.300236596001519,3.56702454884847,1.070107364654541,0.0,0.0,0.0,0.0,0.0,0.0,0.746999979019165
1,103,adaptive_crosssdc_cmr,hinge,1.0,0.01,1.4574080573187933,3.2906368838416205,3.5562771956125894,1.0668831586837768,0.0,0.0,0.0,0.0,0.0,0.0,0.7509999871253967
1,104,adaptive_crosssdc_cmr,hinge,1.0,0.01,1.461273921860589,3.3018964926401773,3.5731339719560413,1.0719401915868123,0.0,0.0,0.0,0.0,0.0,0.0,0.7440000176429749
1,105,adaptive_crosssdc_cmr,hinge,1.0,0.01,1.4641002549065485,3.2986287805769177,3.5787112183041043,1.0736133654912312,0.0,0.0,0.0,0.0,0.0,0.0,0.7599999904632568
1,106,adaptive_crosssdc_cmr,hinge,1.0,0.01,1.4706221289104886,3.3027440706888833,3.5850526226891413,1.0755157868067424,0.0,0.0,0.0,0.0,0.0,0.0,0.7580000162124634
1,107,adaptive_crosssdc_cmr,hinge,1.0,0.01,1.4584429264068604,3.2891703446706138,3.567863490846422,1.0703590472539266,0.0,0.0,0.0,0.0,0.0,0.0,0.7419999837875366
1,108,adaptive_crosssdc_cmr,hinge,1.0,0.01,1.4575835069020588,3.294611506991916,3.5703848467932806,1.0711154540379841,0.0,0.0,0.0,0.0,0.0,0.0,0.7419999837875366
1,109,adaptive_crosssdc_cmr,hinge,1.0,0.01,1.4806138144599066,3.302530633078681,3.570834848615858,1.0712504545847574,2.702999982931134e-05,2.702999982931134e-06,0.0008680555555555555,0.0,5.245539877149794e-05,0.0,0.7599999904632568
1,110,adaptive_crosssdc_cmr,hinge,1.0,0.01,1.4697165091832478,3.3081643846299915,3.574699136945936,1.0724097410837807,0.0,0.0,0.0,0.0,0.0,0.0,0.7490000128746033
1,111,adaptive_crosssdc_cmr,hinge,1.0,0.01,1.4648149145974054,3.308378908369276,3.575794299443563,1.0727382898330688,0.0,0.0,0.0,0.0,0.0,0.0,0.7490000128746033
1,112,adaptive_crosssdc_cmr,hinge,1.0,0.01,1.453743537267049,3.2936063607533774,3.568757269117567,1.07062718073527,0.0,0.0,0.0,0.0,0.0,0.0,0.7590000033378601
1,113,adaptive_crosssdc_cmr,hinge,1.0,0.01,1.4429424338870578,3.289836221271091,3.561608076095581,1.0684824228286742,0.0,0.0,0.0,0.0,0.0,0.0,0.7649999856948853
1,114,adaptive_crosssdc_cmr,hinge,1.0,0.01,1.4446105427212186,3.291902038786146,3.5639014508989124,1.0691704352696736,0.0,0.0,0.0,0.0,0.0,0.0,0.7519999742507935
1,115,adaptive_crosssdc_cmr,hinge,1.0,0.01,1.4475079907311335,3.2940223746829562,3.559888866212633,1.0679666598637898,0.0,0.0,0.0,0.0,0.0,0.0,0.7490000128746033
1,116,adaptive_crosssdc_cmr,hinge,1.0,0.01,1.4474021328820124,3.2854100598229303,3.5625764264000788,1.0687729279200235,0.0,0.0,0.0,0.0,0.0,0.0,0.75
1,117,adaptive_crosssdc_cmr,hinge,1.0,0.01,1.4388968414730496,3.2738875018225775,3.555531766679552,1.0666595300038655,0.0,0.0,0.0,0.0,0.0,0.0,0.7459999918937683
1,118,adaptive_crosssdc_cmr,hinge,1.0,0.01,1.4370992051230536,3.2830927107069225,3.549736181894938,1.0649208545684814,0.0,0.0,0.0,0.0,0.0,0.0,0.7590000033378601
1,119,adaptive_crosssdc_cmr,hinge,1.0,0.01,1.4386897749371,3.28065652317471,3.557478215959337,1.067243464787801,0.0,0.0,0.0,0.0,0.0,0.0,0.7649999856948853
1,120,adaptive_crosssdc_cmr,hinge,1.0,0.01,1.436169081264072,3.278338326348199,3.5566190083821616,1.0669857025146485,0.0,0.0,0.0,0.0,0.0,0.0,0.7649999856948853
1,121,adaptive_crosssdc_cmr,hinge,1.0,0.01,1.4434504111607869,3.2921440071529813,3.567833556069268,1.0703500668207804,0.0,0.0,0.0,0.0,0.0,0.0,0.7549999952316284
1,122,adaptive_crosssdc_cmr,hinge,1.0,0.01,1.4333688153160944,3.278729730182224,3.5481306976742215,1.0644392093022663,0.0,0.0,0.0,0.0,0.0,0.0,0.7559999823570251
1,123,adaptive_crosssdc_cmr,hinge,1.0,0.01,1.44332136048211,3.296869224972195,3.5617658297220864,1.0685297489166259,0.0,0.0,0.0,0.0,0.0,0.0,0.7609999775886536
1,124,adaptive_crosssdc_cmr,hinge,1.0,0.01,1.445907089445326,3.2847452693515353,3.555219358868069,1.0665658076604208,0.0,0.0,0.0,0.0,0.0,0.0,0.7419999837875366
1,125,adaptive_crosssdc_cmr,hinge,1.0,0.01,1.4376016060511272,3.2967898315853543,3.569386190838284,1.0708158572514852,0.0,0.0,0.0,0.0,0.0,0.0,0.7490000128746033
1,126,adaptive_crosssdc_cmr,hinge,1.0,0.01,1.4405186706119113,3.295341067843967,3.5542113251156278,1.0662633975346882,0.0,0.0,0.0,0.0,0.0,0.0,0.7599999904632568
1,127,adaptive_crosssdc_cmr,hinge,1.0,0.01,1.4386521048016019,3.2833818594614663,3.5519576602511935,1.065587298075358,0.0,0.0,0.0,0.0,0.0,0.0,0.7459999918937683
1,128,adaptive_crosssdc_cmr,hinge,1.0,0.01,1.4278492795096502,3.276533047358195,3.546198421054416,1.0638595263163249,0.0,0.0,0.0,0.0,0.0,0.0,0.7390000224113464
1,129,adaptive_crosssdc_cmr,hinge,1.0,0.01,1.4326309627956815,3.281026522318522,3.5544166564941406,1.0663249969482422,0.0,0.0,0.0,0.0,0.0,0.0,0.7490000128746033
1,130,adaptive_crosssdc_cmr,hinge,1.0,0.01,1.419160736931695,3.2714540693495007,3.5329836474524603,1.0598950942357381,0.0,0.0,0.0,0.0,0.0,0.0,0.7670000195503235
1,131,adaptive_crosssdc_cmr,hinge,1.0,0.01,1.4267857207192316,3.288932058546278,3.5420213540395102,1.062606406211853,0.0,0.0,0.0,0.0,0.0,0.0,0.7559999823570251
1,132,adaptive_crosssdc_cmr,hinge,1.0,0.01,1.4156566196017795,3.2665517330169678,3.528092039955987,1.0584276119867961,0.0,0.0,0.0,0.0,0.0,0.0,0.7570000290870667
1,133,adaptive_crosssdc_cmr,hinge,1.0,0.01,1.4269743760426838,3.278063429726495,3.551319440205892,1.0653958320617676,0.0,0.0,0.0,0.0,0.0,0.0,0.746999979019165
1,134,adaptive_crosssdc_cmr,hinge,1.0,0.01,1.4172948731316461,3.257716284857856,3.5163226657443576,1.0548967997233072,0.0,0.0,0.0,0.0,0.0,0.0,0.7379999756813049
1,135,adaptive_crosssdc_cmr,hinge,1.0,0.01,1.4165564245647855,3.254572179582384,3.52671315934923,1.058013947804769,0.0,0.0,0.0,0.0,0.0,0.0,0.7519999742507935
1,136,adaptive_crosssdc_cmr,hinge,1.0,0.01,1.4385487371020846,3.289321502049764,3.5601588355170355,1.0680476506551106,3.0144508653191024e-06,3.014450865319103e-07,0.0008680555555555555,0.0,1.3813790347841052e-05,0.0,0.7450000047683716
1,137,adaptive_crosssdc_cmr,hinge,1.0,0.01,1.4319645033942328,3.289930237664117,3.5543181896209717,1.0662954568862915,0.0,0.0,0.0,0.0,0.0,0.0,0.7540000081062317
1,138,adaptive_crosssdc_cmr,hinge,1.0,0.01,1.419078654713101,3.285113043255276,3.5371158917744956,1.0611347675323486,0.0,0.0,0.0,0.0,0.0,0.0,0.7559999823570251
1,139,adaptive_crosssdc_cmr,hinge,1.0,0.01,1.4344451030095418,3.286127355363634,3.5480279657575817,1.0644083897272745,0.0,0.0,0.0,0.0,0.0,0.0,0.7519999742507935
1,140,adaptive_crosssdc_cmr,hinge,1.0,0.01,1.4263704220453899,3.2744935618506537,3.5289318561553955,1.0586795568466185,1.1028365406673402e-05,1.1028365406673402e-06,0.0008680555555555555,0.0,3.104408582051595e-05,0.0,0.7549999952316284
1,141,adaptive_crosssdc_cmr,hinge,1.0,0.01,1.4264791938993666,3.278638866212633,3.5364867051442466,1.0609460115432738,0.0,0.0,0.0,0.0,0.0,0.0,0.7490000128746033
1,142,adaptive_crosssdc_cmr,hinge,1.0,0.01,1.4228330188327365,3.2619400024414062,3.5256003538767495,1.0576801061630248,0.0,0.0,0.0,0.0,0.0,0.0,0.746999979019165
1,143,adaptive_crosssdc_cmr,hinge,1.0,0.01,1.4097664488686457,3.254271798663669,3.516492896609836,1.0549478689829508,0.0,0.0,0.0,0.0,0.0,0.0,0.7450000047683716
1,144,adaptive_crosssdc_cmr,hinge,1.0,0.01,1.41568922996521,3.2703961531321206,3.525288846757677,1.0575866540273031,0.0,0.0,0.0,0.0,0.0,0.0,0.7549999952316284
1,145,adaptive_crosssdc_cmr,hinge,1.0,0.01,1.4187587764528062,3.2816626760694714,3.536609967549642,1.0609829902648926,0.0,0.0,0.0,0.0,0.0,0.0,0.753000020980835
1,146,adaptive_crosssdc_cmr,hinge,1.0,0.01,1.4086902009116278,3.2600216070810952,3.516097651587592,1.0548292954762777,0.0,0.0,0.0,0.0,0.0,0.0,0.7609999775886536
1,147,adaptive_crosssdc_cmr,hinge,1.0,0.01,1.4112961292266846,3.2695278061760797,3.5356458822886148,1.0606937646865844,0.0,0.0,0.0,0.0,0.0,0.0,0.7509999871253967
1,148,adaptive_crosssdc_cmr,hinge,1.0,0.01,1.403974387380812,3.248791880077786,3.5177383422851562,1.055321502685547,0.0,0.0,0.0,0.0,0.0,0.0,0.7670000195503235
1,149,adaptive_crosssdc_cmr,hinge,1.0,0.01,1.4222624964184232,3.275325298309326,3.5405899948543973,1.0621769984563192,0.0,0.0,0.0,0.0,0.0,0.0,0.7570000290870667
1,150,adaptive_crosssdc_cmr,hinge,1.0,0.01,1.4238642586602106,3.2792122893863254,3.5475868119133844,1.0642760435740153,0.0,0.0,0.0,0.0,0.0,0.0,0.7549999952316284
1,151,adaptive_crosssdc_cmr,hinge,1.0,0.01,1.4158510234620836,3.2884608109792075,3.550979879167345,1.0652939637502035,0.0,0.0,0.0,0.0,0.0,0.0,0.7519999742507935
1,152,adaptive_crosssdc_cmr,hinge,1.0,0.01,1.4098452197180853,3.2734628783331976,3.5338029066721597,1.0601408720016479,0.0,0.0,0.0,0.0,0.0,0.0,0.7599999904632568
1,153,adaptive_crosssdc_cmr,hinge,1.0,0.01,1.4066041310628254,3.2656944592793784,3.533538473976983,1.0600615421930948,0.0,0.0,0.0,0.0,0.0,0.0,0.7670000195503235
1,154,adaptive_crosssdc_cmr,hinge,1.0,0.01,1.404022561179267,3.2656790680355496,3.5298968156178794,1.0589690446853637,0.0,0.0,0.0,0.0,0.0,0.0,0.7519999742507935
1,155,adaptive_crosssdc_cmr,hinge,1.0,0.01,1.4008894099129572,3.2473538716634116,3.524220863978068,1.0572662591934203,0.0,0.0,0.0,0.0,0.0,0.0,0.7630000114440918
1,156,adaptive_crosssdc_cmr,hinge,1.0,0.01,1.4002080625957913,3.2672708299424915,3.5320181051890054,1.0596054315567016,0.0,0.0,0.0,0.0,0.0,0.0,0.7559999823570251
1,157,adaptive_crosssdc_cmr,hinge,1.0,0.01,1.4012739923265245,3.274325450261434,3.5320972071753607,1.0596291621526082,2.1048832018600983e-06,2.1048832018600983e-07,0.0008680555555555555,0.0,1.6166518131891888e-05,0.0,0.7509999871253967
1,158,adaptive_crosssdc_cmr,hinge,1.0,0.01,1.4118890629874334,3.2723497814602323,3.538558748033312,1.0615676244099934,0.0,0.0,0.0,0.0,0.0,0.0,0.7749999761581421
1,159,adaptive_crosssdc_cmr,hinge,1.0,0.01,1.4287901984320746,3.2591213120354547,3.529755539364285,1.0589266618092854,0.0,0.0,0.0,0.0,2.838257286283705e-06,0.0,0.7599999904632568
1,160,adaptive_crosssdc_cmr,hinge,1.0,0.01,1.4220538801617093,3.2766132089826794,3.537214173210992,1.0611642519632976,2.577154898770257e-06,2.5771548987702575e-07,0.0008680555555555555,0.0,1.2922204203075833e-05,0.0,0.7490000128746033
1,161,adaptive_crosssdc_cmr,hinge,1.0,0.01,1.4105662769741483,3.274726973639594,3.5249602529737682,1.0574880758921303,0.0,0.0,0.0,0.0,0.0,0.0,0.7540000081062317
1,162,adaptive_crosssdc_cmr,hinge,1.0,0.01,1.4085412820180256,3.2696501678890653,3.5276679197947183,1.0583003759384155,1.261214654530502e-05,1.2612146545305021e-06,0.0008680555555555555,0.0,2.9028703769048054e-05,0.0,0.7620000243186951
1,163,adaptive_crosssdc_cmr,hinge,1.0,0.01,1.4057985544204712,3.2622273763020835,3.528417216406928,1.0585251649220784,0.0,0.0,0.0,0.0,2.9135909345414902e-06,0.0,0.7599999904632568
1,164,adaptive_crosssdc_cmr,hinge,1.0,0.01,1.4111834367116292,3.2686039871639676,3.5444157123565674,1.0633247137069701,0.0,0.0,0.0,0.0,0.0,0.0,0.75
1,165,adaptive_crosssdc_cmr,hinge,1.0,0.01,1.40951579146915,3.266872273551093,3.530903074476454,1.0592709223429362,0.0,0.0,0.0,0.0,0.0,0.0,0.7540000081062317
1,166,adaptive_crosssdc_cmr,hinge,1.0,0.01,1.3948821624120076,3.248494095272488,3.5072516865200467,1.052175505956014,0.0,0.0,0.0,0.0,0.0,0.0,0.7609999775886536
1,167,adaptive_crosssdc_cmr,hinge,1.0,0.01,1.4013557698991563,3.2722197108798556,3.52872461742825,1.0586173852284748,0.0,0.0,0.0,0.0,0.0,0.0,0.7480000257492065
1,168,adaptive_crosssdc_cmr,hinge,1.0,0.01,1.3932679891586304,3.2615791691674128,3.5169604619344077,1.0550881385803224,0.0,0.0,0.0,0.0,0.0,0.0,0.7710000276565552
1,169,adaptive_crosssdc_cmr,hinge,1.0,0.01,1.4024751583735149,3.2712677319844565,3.5288114812639026,1.0586434443791708,0.0,0.0,0.0,0.0,0.0,0.0,0.7590000033378601
1,170,adaptive_crosssdc_cmr,hinge,1.0,0.01,1.3992998997370403,3.254474825329251,3.516664293077257,1.054999287923177,0.0,0.0,0.0,0.0,0.0,0.0,0.7620000243186951
1,171,adaptive_crosssdc_cmr,hinge,1.0,0.01,1.4011197884877522,3.2557032903035483,3.5261565579308405,1.057846967379252,2.2720189816835853e-05,2.2720189816835854e-06,0.0008680555555555555,0.0,4.615055190192329e-05,0.0,0.7639999985694885
1,172,adaptive_crosssdc_cmr,hinge,1.0,0.01,1.4096471865971882,3.2736768457624645,3.5354419549306235,1.060632586479187,0.0,0.0,0.0,0.0,0.0,0.0,0.7730000019073486
1,173,adaptive_crosssdc_cmr,hinge,1.0,0.01,1.3931040896309748,3.2439501020643444,3.501644002066718,1.0504932006200154,3.9234048977555685e-06,3.9234048977555687e-07,0.001736111111111111,0.0,2.4023155371348064e-05,0.0,0.777999997138977
1,174,adaptive_crosssdc_cmr,hinge,1.0,0.01,1.4027207030190363,3.2506260871887207,3.5175695684221058,1.0552708705266316,0.0,0.0,0.0,0.0,0.0,0.0,0.7559999823570251
1,175,adaptive_crosssdc_cmr,hinge,1.0,0.01,1.4028422832489014,3.2617114120059543,3.523422029283312,1.0570266087849935,9.213703581028514e-06,9.213703581028514e-07,0.0008680555555555555,0.0,2.3733824491500854e-05,0.0,0.7570000290870667
1,176,adaptive_crosssdc_cmr,hinge,1.0,0.01,1.4004634486304388,3.252336687511868,3.5258908536699085,1.0577672561009726,0.0,0.0,0.0,0.0,1.834498511420356e-06,0.0,0.7409999966621399
1,177,adaptive_crosssdc_cmr,hinge,1.0,0.01,1.4177018801371257,3.277755339940389,3.5492959022521973,1.0647887706756591,0.0,0.0,0.0,0.0,6.238205565346612e-06,0.0,0.7590000033378601
1,178,adaptive_crosssdc_cmr,hinge,1.0,0.01,1.3931698401769002,3.242477019627889,3.4959282875061035,1.048778486251831,1.1985242357089494e-06,1.1985242357089494e-07,0.0008680555555555555,0.0,1.3587789403067694e-05,0.0,0.7599999904632568
1,179,adaptive_crosssdc_cmr,hinge,1.0,0.01,1.3941946824391682,3.2441091537475586,3.5166685581207275,1.0550005674362182,0.0,0.0,0.0,0.0,0.0,0.0,0.7540000081062317
1,180,adaptive_crosssdc_cmr,hinge,1.0,0.01,1.3934318621953328,3.267234537336561,3.521258142259386,1.0563774426778159,0.0,0.0,0.0,0.0,0.0,0.0,0.7609999775886536
1,181,adaptive_crosssdc_cmr,hinge,1.0,0.01,1.3726465834511652,3.2495618396335177,3.497970210181342,1.0493910630544026,0.0,0.0,0.0,0.0,1.948326826095581e-06,0.0,0.7519999742507935
1,182,adaptive_crosssdc_cmr,hinge,1.0,0.01,1.3904397090276082,3.2509017255571155,3.521788332197401,1.0565364996592204,0.0,0.0,0.0,0.0,5.121860239240858e-06,0.0,0.753000020980835
1,183,adaptive_crosssdc_cmr,hinge,1.0,0.01,1.3841925726996527,3.2504026095072427,3.507524463865492,1.0522573391596475,9.715847934583306e-06,9.715847934583305e-07,0.001736111111111111,0.0,3.282684418890211e-05,0.0,0.7630000114440918
1,184,adaptive_crosssdc_cmr,hinge,1.0,0.01,1.3874108261532254,3.25292174021403,3.509030818939209,1.0527092456817626,4.585824677229135e-06,4.5858246772291353e-07,0.0008680555555555555,0.0,1.6212877300050524e-05,0.0,0.7580000162124634
1,185,adaptive_crosssdc_cmr,hinge,1.0,0.01,1.3917778465482924,3.2570777204301624,3.524708535936144,1.0574125607808431,0.0,0.0,0.0,0.0,0.0,0.0,0.7620000243186951
1,186,adaptive_crosssdc_cmr,hinge,1.0,0.01,1.3916410870022244,3.2653017044067383,3.5238337251875134,1.0571501175562539,0.0,0.0,0.0,0.0,0.0,0.0,0.7699999809265137
1,187,adaptive_crosssdc_cmr,hinge,1.0,0.01,1.38841003841824,3.2479987939198813,3.5052717791663275,1.0515815337498982,3.2072811235492636e-06,3.2072811235492636e-07,0.0008680555555555555,0.0,1.378688547346327e-05,0.0,0.7570000290870667
1,188,adaptive_crosssdc_cmr,hinge,1.0,0.01,1.3811844852235582,3.2503433757358127,3.5051543712615967,1.0515463113784789,0.0,0.0,0.0,0.0,0.0,0.0,0.7590000033378601
1,189,adaptive_crosssdc_cmr,hinge,1.0,0.01,1.380783862537808,3.2512126763661704,3.499811808268229,1.0499435424804686,0.0,0.0,0.0,0.0,0.0,0.0,0.753000020980835
1,190,adaptive_crosssdc_cmr,hinge,1.0,0.01,1.3869030475616455,3.2425811290740967,3.5031287140316434,1.050938614209493,0.0,0.0,0.0,0.0,0.0,0.0,0.7630000114440918
1,191,adaptive_crosssdc_cmr,hinge,1.0,0.01,1.4081510967678494,3.2676006423102484,3.526725583606296,1.0580176750818888,0.0,0.0,0.0,0.0,0.0,0.0,0.7549999952316284
1,192,adaptive_crosssdc_cmr,hinge,1.0,0.01,1.4051569700241089,3.251752005683051,3.5086494551764593,1.0525948365529378,0.0,0.0,0.0,0.0,0.0,0.0,0.7570000290870667
1,193,adaptive_crosssdc_cmr,hinge,1.0,0.01,1.3970130417082045,3.2591546376546225,3.5055093235439725,1.0516527970631917,0.0,0.0,0.0,0.0,0.0,0.0,0.7730000019073486
1,194,adaptive_crosssdc_cmr,hinge,1.0,0.01,1.4107826550801594,3.2666202121310763,3.5327446195814343,1.0598233858744301,0.0,0.0,0.0,0.0,0.0,0.0,0.7440000176429749
1,195,adaptive_crosssdc_cmr,hinge,1.0,0.01,1.402327921655443,3.255804114871555,3.5081526703304715,1.0524458010991413,0.0,0.0,0.0,0.0,7.0217582914564346e-06,0.0,0.7609999775886536
1,196,adaptive_crosssdc_cmr,hinge,1.0,0.01,1.3973140451643202,3.247403542200724,3.5072488254970975,1.0521746476491292,6.792885768744681e-06,6.792885768744681e-07,0.0008680555555555555,0.0,1.984048220846388e-05,0.0,0.7549999952316284
1,197,adaptive_crosssdc_cmr,hinge,1.0,0.01,1.3829190068774753,3.2475313080681696,3.4911035431755915,1.0473310629526773,0.0,0.0,0.0,0.0,6.27421670489841e-06,0.0,0.7519999742507935
1,198,adaptive_crosssdc_cmr,hinge,1.0,0.01,1.3864698542488947,3.2529888417985706,3.508518483903673,1.052555545171102,0.0,0.0,0.0,0.0,0.0,0.0,0.7689999938011169
1,199,adaptive_crosssdc_cmr,hinge,1.0,0.01,1.3907686207029555,3.2586939334869385,3.5188117027282715,1.0556435108184814,0.0,0.0,0.0,0.0,0.0,0.0,0.7509999871253967
2,0,adaptive_crosssdc_cmr,hinge,1.0,0.01,3.3003008895450168,1.133280250761244,2.846689224243164,0.8540067672729492,0.5824985305468241,0.058249853054682416,0.8706597222222222,0.6875,0.9709797832700942,0.2096587833431032,0.5080000162124634
2,1,adaptive_crosssdc_cmr,hinge,1.0,0.01,2.479334831237793,1.0916003386179607,2.7273723814222546,0.8182117144266764,0.5069576965437995,0.050695769654379955,0.9921875,0.703125,0.8568097684118483,0.1702306734191047,0.5519999861717224
2,2,adaptive_crosssdc_cmr,hinge,1.0,0.01,2.131151649687025,1.0046936339802213,2.6763625939687095,0.8029087781906128,0.3872096472316318,0.038720964723163186,0.9800347222222222,0.7465277777777778,0.6344459255536398,0.15967108640405867,0.562666654586792
2,3,adaptive_crosssdc_cmr,hinge,1.0,0.01,1.9373532798555162,0.9980389674504598,2.625294049580892,0.7875882148742676,0.32998653252919513,0.032998653252919515,0.9782986111111112,0.6701388888888888,0.5406626065572103,0.1357756323284573,0.5853333473205566
2,4,adaptive_crosssdc_cmr,hinge,1.0,0.01,1.8199577331542969,0.9902471833758884,2.6149764590793185,0.7844929377237956,0.2864532603157891,0.028645326031578912,0.9774305555555556,0.59375,0.4604002700911628,0.12516138123141396,0.5986666679382324
2,5,adaptive_crosssdc_cmr,hinge,1.0,0.01,1.7232412099838257,0.9993377791510688,2.5770437717437744,0.7731131315231323,0.2509065154525969,0.02509065154525969,0.96875,0.5815972222222222,0.41110870573255753,0.10434822820954853,0.6079999804496765
2,6,adaptive_crosssdc_cmr,hinge,1.0,0.01,1.6607148382398818,0.9985695348845588,2.585540877448188,0.7756622632344563,0.21846038268672097,0.021846038268672097,0.9401041666666666,0.5190972222222222,0.3610408537917667,0.0885360994272762,0.621999979019165
2,7,adaptive_crosssdc_cmr,hinge,1.0,0.01,1.5943307081858318,0.9946994582811991,2.552070591184828,0.7656211773554483,0.20703654984633127,0.020703654984633127,0.9348958333333334,0.4401041666666667,0.35093729032410514,0.0754180649916331,0.6359999775886536
2,8,adaptive_crosssdc_cmr,hinge,1.0,0.01,1.5475386910968356,1.0069856246312459,2.5089712142944336,0.7526913642883301,0.1777807871500651,0.01777807871500651,0.9097222222222222,0.4114583333333333,0.3063594665792253,0.06243893628319105,0.6460000276565552
2,9,adaptive_crosssdc_cmr,hinge,1.0,0.01,1.5120065079794989,1.0005612704488966,2.5300250318315296,0.7590075095494588,0.15674768222702873,0.015674768222702872,0.8802083333333334,0.3559027777777778,0.27239568365944755,0.0533733322388596,0.6626666784286499
2,10,adaptive_crosssdc_cmr,hinge,1.0,0.01,1.4713881810506184,1.007780909538269,2.49643784099155,0.748931352297465,0.14655072573158476,0.014655072573158477,0.8767361111111112,0.3359375,0.2611551698711183,0.044609000699387655,0.6653333306312561
2,11,adaptive_crosssdc_cmr,hinge,1.0,0.01,1.4453346861733332,1.020305746131473,2.4898989730411105,0.7469696919123331,0.13189531614383063,0.013189531614383063,0.8411458333333334,0.2907986111111111,0.23806065817674002,0.037219620827171535,0.6713333129882812
2,12,adaptive_crosssdc_cmr,hinge,1.0,0.01,1.4150657388899062,1.0347731113433838,2.470298422707452,0.7410895268122355,0.12525764438841078,0.012525764438841078,0.828125,0.2847222222222222,0.22377031379275852,0.03787247919374042,0.6819999814033508
2,13,adaptive_crosssdc_cmr,hinge,1.0,0.01,1.3902790281507704,1.0172572334607441,2.4644306235843234,0.739329187075297,0.1098126040564643,0.010981260405646431,0.8064236111111112,0.23958333333333334,0.19894296593136257,0.03085451241996553,0.6913333535194397
2,14,adaptive_crosssdc_cmr,hinge,1.0,0.01,1.3689966864056058,1.045628587404887,2.463997893863254,0.7391993681589762,0.10447819862100813,0.010447819862100813,0.7916666666666666,0.2065972222222222,0.19297371970282662,0.026202756083673902,0.6993333101272583
2,15,adaptive_crosssdc_cmr,hinge,1.0,0.01,1.3476339711083307,1.0506170855628119,2.442467371622721,0.7327402114868163,0.0931259079111947,0.00931259079111947,0.7578125,0.21006944444444445,0.17207221024566227,0.023789939781030018,0.7020000219345093
2,16,adaptive_crosssdc_cmr,hinge,1.0,0.01,1.3365755610995822,1.0619959036509197,2.443102889590793,0.732930866877238,0.0817215202583207,0.008172152025832071,0.6927083333333334,0.1796875,0.15321108864413369,0.01924004488521152,0.7086666822433472
2,17,adaptive_crosssdc_cmr,hinge,1.0,0.01,1.3085388607449002,1.0676693386501737,2.4116665522257485,0.7234999656677246,0.08664551791217592,0.008664551791217593,0.7144097222222222,0.1605902777777778,0.16211597455872429,0.019758574664592743,0.7093333601951599
2,18,adaptive_crosssdc_cmr,hinge,1.0,0.01,1.2989372544818454,1.0889772044287787,2.4176431232028537,0.7252929369608561,0.07596725970506668,0.0075967259705066684,0.6935763888888888,0.1449652777777778,0.14662397570080227,0.013787219921747843,0.7139999866485596
2,19,adaptive_crosssdc_cmr,hinge,1.0,0.01,1.2825095256169636,1.0894406371646457,2.4129215346442328,0.7238764603932698,0.07565808627340528,0.007565808627340529,0.671875,0.13975694444444445,0.14318387707074484,0.016110801034503512,0.7193333506584167
2,20,adaptive_crosssdc_cmr,hinge,1.0,0.01,1.2651311424043443,1.0871674087312486,2.3954823546939426,0.7186447064081828,0.06638375462757216,0.006638375462757216,0.6432291666666666,0.1171875,0.1293304810921351,0.010859224945306778,0.718666672706604
2,21,adaptive_crosssdc_cmr,hinge,1.0,0.01,1.2592295408248901,1.116871886783176,2.397023412916395,0.7191070238749185,0.06461189480291472,0.006461189480291472,0.6267361111111112,0.14322916666666666,0.12309954977697796,0.013487308389610715,0.7266666889190674
2,22,adaptive_crosssdc_cmr,hinge,1.0,0.01,1.249453412161933,1.1054328282674153,2.399079932106866,0.7197239796320597,0.05651341502865156,0.0056513415028651565,0.5763888888888888,0.1154513888888889,0.1105912865863906,0.009341081811322106,0.7293333411216736
2,23,adaptive_crosssdc_cmr,hinge,1.0,0.01,1.2264331446753607,1.1178538534376357,2.3728091451856823,0.7118427435557046,0.057623989466163844,0.005762398946616384,0.5772569444444444,0.11371527777777778,0.11103912442922592,0.011131253507402208,0.7379999756813049
2,24,adaptive_crosssdc_cmr,hinge,1.0,0.01,1.2100941472583346,1.1178672181235418,2.35725646548801,0.7071769396464029,0.050313291864262685,0.005031329186426269,0.5434027777777778,0.11805555555555555,0.09799275712834464,0.009674153394169278,0.7360000014305115
2,25,adaptive_crosssdc_cmr,hinge,1.0,0.01,1.2007062170240614,1.1049528651767306,2.3640114466349282,0.7092034339904785,0.044772197802861534,0.0044772197802861536,0.5078125,0.08680555555555555,0.08798243270979987,0.00782147753569815,0.7419999837875366
2,26,adaptive_crosssdc_cmr,hinge,1.0,0.01,1.2012799448437161,1.142214059829712,2.368615812725491,0.7105847438176472,0.0461714623702897,0.00461714623702897,0.5199652777777778,0.09114583333333333,0.0928356684744358,0.0059221577313211225,0.7393333315849304
2,27,adaptive_crosssdc_cmr,hinge,1.0,0.01,1.2015302446153429,1.1278293000327215,2.3903818925221763,0.7171145677566528,0.04610747968157133,0.004610747968157133,0.515625,0.08854166666666667,0.0916415626804034,0.00666921916935179,0.7400000095367432
2,28,adaptive_crosssdc_cmr,hinge,1.0,0.01,1.1786263783772786,1.1441909207238092,2.348459800084432,0.7045379400253297,0.04026081185373995,0.004026081185373995,0.4791666666666667,0.08159722222222222,0.08046512719657686,0.005369416955444548,0.7419999837875366
2,29,adaptive_crosssdc_cmr,hinge,1.0,0.01,1.1682720184326172,1.1446713738971286,2.337145858340793,0.7011437575022379,0.03925148273507754,0.003925148273507754,0.4852430555555556,0.08506944444444445,0.07746230479743746,0.00662415474653244,0.7473333477973938
2,30,adaptive_crosssdc_cmr,hinge,1.0,0.01,1.1587732632954915,1.1661120918061998,2.33585516611735,0.700756549835205,0.04049753790928258,0.004049753790928258,0.4835069444444444,0.0798611111111111,0.0806034757859177,0.006207881288395988,0.7453333139419556
2,31,adaptive_crosssdc_cmr,hinge,1.0,0.01,1.1497827238506741,1.144713322321574,2.324697838889228,0.6974093516667683,0.032761368486616343,0.0032761368486616347,0.4487847222222222,0.06944444444444445,0.06620971403188175,0.004974050240384208,0.7493333220481873
2,32,adaptive_crosssdc_cmr,hinge,1.0,0.01,1.1512432098388672,1.1812781360414293,2.345008214314779,0.7035024642944336,0.029025344385041132,0.0029025344385041132,0.4131944444444444,0.06336805555555555,0.05999812318219079,0.003268119361665514,0.75
2,33,adaptive_crosssdc_cmr,hinge,1.0,0.01,1.147142834133572,1.1785873969395955,2.350284867816501,0.7050854603449503,0.02982989822824796,0.0029829898228247963,0.4027777777777778,0.0720486111111111,0.06091599497530195,0.003534273554881414,0.7493333220481873
2,34,adaptive_crosssdc_cmr,hinge,1.0,0.01,1.1280219554901123,1.1705878045823839,2.319006151623196,0.6957018454869588,0.029969345157345135,0.002996934515734514,0.40625,0.05555555555555555,0.060609193725718394,0.003997337073087692,0.753333330154419
2,35,adaptive_crosssdc_cmr,hinge,1.0,0.01,1.1274460819032457,1.2039380073547363,2.3180684248606362,0.6954205274581908,0.025111745215124555,0.0025111745215124557,0.3993055555555556,0.04600694444444445,0.05261819768283102,0.002054257111416923,0.7513333559036255
2,36,adaptive_crosssdc_cmr,hinge,1.0,0.01,1.1241679588953655,1.2110066546334162,2.3254630035824246,0.6976389010747274,0.024180470655361812,0.0024180470655361815,0.3576388888888889,0.04861111111111111,0.04888574033975601,0.003481465909216139,0.7519999742507935
2,37,adaptive_crosssdc_cmr,hinge,1.0,0.01,1.1059374279446073,1.2005008724000719,2.298073132832845,0.6894219398498536,0.026508537845479116,0.0026508537845479118,0.3836805555555556,0.0546875,0.05415409844782618,0.0031935994823773703,0.75
2,38,adaptive_crosssdc_cmr,hinge,1.0,0.01,1.1159525447421603,1.2270442644755046,2.321525600221422,0.6964576800664266,0.02580905829866727,0.002580905829866727,0.359375,0.050347222222222224,0.053680511398447886,0.002172131919198566,0.7526666522026062
2,39,adaptive_crosssdc_cmr,hinge,1.0,0.01,1.1139541864395142,1.2566876146528456,2.3309238221910267,0.699277146657308,0.02061813821395238,0.0020618138213952383,0.3298611111111111,0.04861111111111111,0.0417686580783791,0.003073126905494266,0.7540000081062317
2,40,adaptive_crosssdc_cmr,hinge,1.0,0.01,1.0944501558939617,1.2317664755715265,2.2970319059160023,0.6891095717748007,0.021156993177202012,0.0021156993177202012,0.3194444444444444,0.04513888888888889,0.04316904147466024,0.0030769705772399902,0.7559999823570251
2,41,adaptive_crosssdc_cmr,hinge,1.0,0.01,1.0828668408923678,1.2277239428626165,2.2811582353379993,0.6843474706013998,0.020749156259828143,0.0020749156259828143,0.3454861111111111,0.04861111111111111,0.04306649540861448,0.002566312336259418,0.7546666860580444
2,42,adaptive_crosssdc_cmr,hinge,1.0,0.01,1.083784235848321,1.2379257943895128,2.287122779422336,0.6861368338267008,0.02199559099972248,0.002199559099972248,0.3211805555555556,0.04861111111111111,0.04550139978528023,0.0025322267578707803,0.7566666603088379
2,43,adaptive_crosssdc_cmr,hinge,1.0,0.01,1.0947579940160115,1.2481460571289062,2.311276488833957,0.6933829466501872,0.019399410631093714,0.0019399410631093716,0.3359375,0.04079861111111111,0.04037674102518293,0.002352201690276464,0.7580000162124634
2,44,adaptive_crosssdc_cmr,hinge,1.0,0.01,1.0775749286015828,1.2608784437179565,2.2895594437917075,0.6868678331375122,0.01789307056201829,0.0017893070562018292,0.3046875,0.03298611111111111,0.03746168646547529,0.00184572653637992,0.7613333463668823
2,45,adaptive_crosssdc_cmr,hinge,1.0,0.01,1.0720822148852878,1.2722277376386855,2.2714381482866077,0.6814314444859823,0.016799955525332026,0.0016799955525332027,0.2855902777777778,0.04774305555555555,0.034645288768741817,0.0022326840294731986,0.7566666603088379
2,46,adaptive_crosssdc_cmr,hinge,1.0,0.01,1.066036926375495,1.272844221856859,2.278997474246555,0.6836992422739664,0.01799178423566951,0.0017991784235669508,0.3072916666666667,0.04513888888888889,0.03709583936466111,0.0024831390215290915,0.765999972820282
2,47,adaptive_crosssdc_cmr,hinge,1.0,0.01,1.0687258376015558,1.2896290355258517,2.2828648620181613,0.6848594586054484,0.016337816396521196,0.0016337816396521196,0.2777777777777778,0.03125,0.03383286214537091,0.0020054603616396585,0.7573333382606506
2,48,adaptive_crosssdc_cmr,hinge,1.0,0.01,1.0700283580356174,1.2699962589475844,2.2755084567599826,0.6826525370279948,0.01449792387170924,0.001449792387170924,0.2760416666666667,0.03819444444444445,0.03086594699157609,0.001437762545214759,0.7673333287239075
2,49,adaptive_crosssdc_cmr,hinge,1.0,0.01,1.071077134874132,1.3020315302742853,2.287417279349433,0.6862251838048299,0.01419373353322347,0.001419373353322347,0.2543402777777778,0.042534722222222224,0.02859881313310729,0.0029075538946522605,0.7599999904632568
2,50,adaptive_crosssdc_cmr,hinge,1.0,0.01,1.051468915409512,1.2827077441745334,2.2486857308281794,0.6746057192484538,0.0161445586838656,0.00161445586838656,0.2769097222222222,0.042534722222222224,0.03303557137648264,0.0024272058573034075,0.765999972820282
2,51,adaptive_crosssdc_cmr,hinge,1.0,0.01,1.0578998592164781,1.3082908656862047,2.271548271179199,0.6814644813537597,0.01254409561968512,0.0012544095619685123,0.24305555555555555,0.025173611111111112,0.02678792385591401,0.0012922878894540998,0.765999972820282
2,52,adaptive_crosssdc_cmr,hinge,1.0,0.01,1.0521248976389568,1.3162093030081854,2.272361252042982,0.6817083756128947,0.014294002463834153,0.0014294002463834153,0.2482638888888889,0.030381944444444444,0.029820924831761256,0.0014652121398184034,0.7639999985694885
2,53,adaptive_crosssdc_cmr,hinge,1.0,0.01,1.040801419152154,1.3192574712965224,2.2551558547549777,0.6765467564264933,0.010502011566940282,0.0010502011566940282,0.2204861111111111,0.029513888888888888,0.022174403485324647,0.001411505871348911,0.7606666684150696
2,54,adaptive_crosssdc_cmr,hinge,1.0,0.01,1.0351382626427545,1.3245621257358127,2.24910921520657,0.6747327645619711,0.013675844710734155,0.0013675844710734155,0.2534722222222222,0.033854166666666664,0.0280640899307198,0.002331947700844871,0.7673333287239075
2,55,adaptive_crosssdc_cmr,hinge,1.0,0.01,1.0284479591581557,1.308828420109219,2.2429883744981556,0.6728965123494467,0.012812212109565735,0.0012812212109565735,0.2456597222222222,0.026909722222222224,0.02708193576998181,0.0011964196132289039,0.765333354473114
2,56,adaptive_crosssdc_cmr,hinge,1.0,0.01,1.024834328227573,1.3199472030003865,2.2357644769880505,0.6707293430964151,0.010713515389296744,0.0010713515389296744,0.2109375,0.03211805555555555,0.022718530976110034,0.0012269260154830085,0.7713333368301392
2,57,adaptive_crosssdc_cmr,hinge,1.0,0.01,1.019121117062039,1.307657453748915,2.2188505861494274,0.6656551758448283,0.012363344844844606,0.0012363344844844608,0.23697916666666666,0.027777777777777776,0.025190474258528814,0.0023994027740425533,0.765333354473114
2,58,adaptive_crosssdc_cmr,hinge,1.0,0.01,1.020118984911177,1.3332492907842,2.2373639477623835,0.671209184328715,0.011022686596131988,0.001102268659613199,0.23177083333333334,0.026909722222222224,0.02301602189739545,0.0015549233390225305,0.7720000147819519
2,59,adaptive_crosssdc_cmr,hinge,1.0,0.01,1.0151627990934584,1.338174647755093,2.2342003451453314,0.6702601035435994,0.00984189830099543,0.000984189830099543,0.1996527777777778,0.03211805555555555,0.020044751465320587,0.001815682484043969,0.762666642665863
2,60,adaptive_crosssdc_cmr,hinge,1.0,0.01,1.0174426900015936,1.3585672643449571,2.2491741445329456,0.6747522433598837,0.01100767445233133,0.001100767445233133,0.23350694444444445,0.03125,0.023415921876827877,0.0014921786884466808,0.768666684627533
2,61,adaptive_crosssdc_cmr,hinge,1.0,0.01,1.0192377037472196,1.3480585681067572,2.2448758019341364,0.6734627405802409,0.010862541281514697,0.0010862541281514697,0.21614583333333334,0.026041666666666668,0.023222984539137945,0.0011041632129086389,0.7699999809265137
2,62,adaptive_crosssdc_cmr,hinge,1.0,0.01,0.9982591867446899,1.3437354962031047,2.2105635007222495,0.6631690502166748,0.01036717090755701,0.001036717090755701,0.2074652777777778,0.024305555555555556,0.022189733468823962,0.0010952320363786486,0.7693333625793457
2,63,adaptive_crosssdc_cmr,hinge,1.0,0.01,1.0076437923643324,1.356270604663425,2.2322610219319663,0.6696783065795898,0.008295220271166828,0.0008295220271166828,0.1875,0.026041666666666668,0.017829363958703145,0.0011092080838150447,0.7666666507720947
2,64,adaptive_crosssdc_cmr,hinge,1.0,0.01,1.0071127282248602,1.3602087365256414,2.232127798928155,0.6696383396784464,0.010005524278514914,0.0010005524278514915,0.20572916666666666,0.018229166666666668,0.021641038358211517,0.0007116066084967719,0.7713333368301392
2,65,adaptive_crosssdc_cmr,hinge,1.0,0.01,1.0114184617996216,1.396282606654697,2.2428967157999673,0.6728690147399902,0.007891259104427364,0.0007891259104427364,0.1779513888888889,0.024305555555555556,0.01678513776924875,0.0010744647847281562,0.7706666588783264
2,66,adaptive_crosssdc_cmr,hinge,1.0,0.01,0.9980998833974203,1.3895040618048773,2.2145768536461725,0.6643730560938518,0.009917478077113628,0.000991747807711363,0.2065972222222222,0.03125,0.020669305904044047,0.001654921720425288,0.765999972820282
2,67,adaptive_crosssdc_cmr,hinge,1.0,0.01,0.9982008337974548,1.3765908479690552,2.2255618572235107,0.6676685571670532,0.008565646751473347,0.0008565646751473347,0.19618055555555555,0.019965277777777776,0.018101702961656783,0.001196956882874171,0.7693333625793457
2,68,adaptive_crosssdc_cmr,hinge,1.0,0.01,1.0002813869052463,1.390102744102478,2.2262699604034424,0.6678809881210327,0.007728364422089524,0.0007728364422089525,0.17708333333333334,0.022569444444444444,0.01625098039706548,0.001116346153948042,0.7693333625793457
2,69,adaptive_crosssdc_cmr,hinge,1.0,0.01,0.9869826833407084,1.3905109961827595,2.2036835882398815,0.6611050764719645,0.008037148146993585,0.0008037148146993585,0.1779513888888889,0.025173611111111112,0.017133000410265393,0.0009472846157020993,0.7699999809265137
2,70,adaptive_crosssdc_cmr,hinge,1.0,0.01,0.991863661342197,1.3978801170984905,2.2168785995907254,0.6650635798772176,0.006788753438740969,0.000678875343874097,0.1579861111111111,0.015625,0.014873236003849242,0.0005790239406956567,0.7693333625793457
2,71,adaptive_crosssdc_cmr,hinge,1.0,0.01,1.0058289501402113,1.410160117679172,2.2162011199527316,0.6648603359858195,0.009891755258043608,0.000989175525804361,0.1892361111111111,0.022569444444444444,0.020545436690251034,0.0011183884408738879,0.7666666507720947
2,72,adaptive_crosssdc_cmr,hinge,1.0,0.01,1.0092646810743544,1.3953222036361694,2.2070794105529785,0.6621238231658936,0.013184429353310002,0.0013184429353310003,0.2092013888888889,0.027777777777777776,0.027123189220825832,0.0013028159737586975,0.768666684627533
2,73,adaptive_crosssdc_cmr,hinge,1.0,0.01,0.993775122695499,1.3994521962271795,2.1914391252729626,0.6574317375818888,0.009835647315614753,0.0009835647315614754,0.20052083333333334,0.014756944444444444,0.021118854482968647,0.0008058593504958682,0.7680000066757202
2,74,adaptive_crosssdc_cmr,hinge,1.0,0.01,0.9988004234102037,1.4204051362143622,2.2029824256896973,0.6608947277069092,0.009510001219395135,0.0009510001219395135,0.1814236111111111,0.022569444444444444,0.019630672203169927,0.0015302391515837775,0.7673333287239075
2,75,adaptive_crosssdc_cmr,hinge,1.0,0.01,1.0008267627822027,1.4368483755323622,2.2180214722951255,0.6654064416885376,0.010072132262090841,0.001007213226209084,0.18836805555555555,0.019097222222222224,0.02136184150973956,0.001099877887301975,0.765333354473114
2,76,adaptive_crosssdc_cmr,hinge,1.0,0.01,0.9920328987969292,1.4100790288713243,2.2099370691511364,0.6629811207453409,0.010188961970723338,0.001018896197072334,0.1857638888888889,0.025173611111111112,0.02118860599067476,0.0012146892646948497,0.765999972820282
2,77,adaptive_crosssdc_cmr,hinge,1.0,0.01,0.9773102071550157,1.4189401865005493,2.1800168090396457,0.6540050427118936,0.008903781676457988,0.0008903781676457989,0.1814236111111111,0.0234375,0.019052618079715304,0.0008531237641970316,0.7646666765213013
2,78,adaptive_crosssdc_cmr,hinge,1.0,0.01,0.9883113702138265,1.4282193316353693,2.210182852215237,0.6630548556645711,0.0074747840666936505,0.0007474784066693651,0.1701388888888889,0.015625,0.01645120233297348,0.0005245957937505511,0.7680000066757202
2,79,adaptive_crosssdc_cmr,hinge,1.0,0.01,0.9886499577098422,1.4467760192023382,2.213327752219306,0.6639983256657918,0.006876770432831513,0.0006876770432831513,0.1605902777777778,0.019965277777777776,0.014806874510314729,0.0008169752028253344,0.7639999985694885
2,80,adaptive_crosssdc_cmr,hinge,1.0,0.01,0.9847844507959154,1.4384661515553792,2.1918310589260526,0.6575493176778158,0.010363081625352303,0.0010363081625352304,0.1814236111111111,0.024305555555555556,0.021203861054446962,0.001388481921619839,0.7693333625793457
2,81,adaptive_crosssdc_cmr,hinge,1.0,0.01,1.0004588696691725,1.461025357246399,2.2365387280782065,0.6709616184234619,0.008519209248738157,0.0008519209248738157,0.1701388888888889,0.019097222222222224,0.017900291830301285,0.0007821855445702871,0.7666666507720947
2,82,adaptive_crosssdc_cmr,hinge,1.0,0.01,0.982851054933336,1.4651516940858629,2.1993212699890137,0.6597963809967041,0.008677943143993616,0.0008677943143993617,0.18229166666666666,0.017361111111111112,0.018660934848917857,0.0007742229435178968,0.7673333287239075
2,83,adaptive_crosssdc_cmr,hinge,1.0,0.01,0.9842666586240133,1.4832779963811238,2.220293813281589,0.6660881439844767,0.00709098618891504,0.000709098618891504,0.1597222222222222,0.025173611111111112,0.014871244629224142,0.001097573588291804,0.7739999890327454
2,84,adaptive_crosssdc_cmr,hinge,1.0,0.01,0.961715386973487,1.4517984522713556,2.1780227555169,0.65340682665507,0.006544895521882508,0.0006544895521882508,0.1449652777777778,0.013888888888888888,0.014115411788225174,0.0006242539319727155,0.7706666588783264
2,85,adaptive_crosssdc_cmr,hinge,1.0,0.01,0.9742358128229777,1.4771090348561604,2.2068868478139243,0.6620660543441773,0.006164569252481063,0.0006164569252481064,0.1345486111111111,0.016493055555555556,0.013010089182191424,0.0008149391247166528,0.765999972820282
2,86,adaptive_crosssdc_cmr,hinge,1.0,0.01,0.9543329808447096,1.45101175043318,2.168669515185886,0.6506008545557658,0.006072734844767385,0.0006072734844767385,0.1293402777777778,0.022569444444444444,0.012517055289612876,0.001045390549633238,0.7693333625793457
2,87,adaptive_crosssdc_cmr,hinge,1.0,0.01,0.9578350451257494,1.4627602497736614,2.183201313018799,0.6549603939056396,0.005371649206305544,0.0005371649206305545,0.13802083333333334,0.012152777777777778,0.0117778769797749,0.0005170562201076084,0.7633333206176758
2,88,adaptive_crosssdc_cmr,hinge,1.0,0.01,0.9542193942599826,1.4601259231567383,2.1777563624911838,0.6533269087473551,0.005482381390821602,0.0005482381390821602,0.1423611111111111,0.019965277777777776,0.011887754417128034,0.000559823794497384,0.7713333368301392
2,89,adaptive_crosssdc_cmr,hinge,1.0,0.01,0.9579534265730116,1.4797157049179077,2.1967489984300403,0.6590246995290121,0.005203803975342048,0.0005203803975342049,0.14149305555555555,0.014756944444444444,0.011757820430729125,0.00045721688204341463,0.7673333287239075
2,90,adaptive_crosssdc_cmr,hinge,1.0,0.01,0.9560948941442702,1.4889935652414958,2.189207580354479,0.6567622741063436,0.005373998984901441,0.0005373998984901442,0.1423611111111111,0.010416666666666666,0.012009958840078779,0.00026915719111760456,0.7720000147819519
2,91,adaptive_crosssdc_cmr,hinge,1.0,0.01,0.9489742318789164,1.4653518729739718,2.176423708597819,0.6529271125793457,0.005325794892592562,0.0005325794892592563,0.11458333333333333,0.009548611111111112,0.011537580854362912,0.00044723682933383517,0.7713333368301392
2,92,adaptive_crosssdc_cmr,hinge,1.0,0.01,0.9607235921753777,1.4905008607440524,2.1758980221218533,0.652769406636556,0.008268942487322621,0.0008268942487322621,0.16927083333333334,0.017361111111111112,0.017685975051588483,0.0005284671982129415,0.7706666588783264
2,93,adaptive_crosssdc_cmr,hinge,1.0,0.01,0.961799250708686,1.4791693422529433,2.186739895078871,0.6560219685236612,0.00762527518802219,0.000762527518802219,0.15104166666666666,0.013020833333333334,0.01626501687698894,0.0004816941089100308,0.7680000066757202
2,94,adaptive_crosssdc_cmr,hinge,1.0,0.01,0.9554736680454678,1.4868830442428589,2.17864998181661,0.6535949945449829,0.0052723099167148275,0.0005272309916714827,0.1388888888888889,0.018229166666666668,0.010838715980450312,0.0011377765072716607,0.7673333287239075
2,95,adaptive_crosssdc_cmr,hinge,1.0,0.01,0.9530937274297079,1.5042659176720514,2.1743014918433294,0.6522904475529988,0.005020687020280295,0.0005020687020280295,0.12239583333333333,0.022569444444444444,0.010443162586953905,0.0009802915155887604,0.768666684627533
2,96,adaptive_crosssdc_cmr,hinge,1.0,0.01,0.9470765391985575,1.4817207124498155,2.1659468015034995,0.6497840404510499,0.00601764729556938,0.000601764729556938,0.13194444444444445,0.014756944444444444,0.01268854033615854,0.0007257589863406287,0.7726666927337646
2,97,adaptive_crosssdc_cmr,hinge,1.0,0.01,0.9423526790406969,1.4975109497706096,2.1617003546820746,0.6485101064046224,0.004772790759387944,0.0004772790759387944,0.11458333333333333,0.015625,0.01015759880344073,0.0006530657410621643,0.7713333368301392
2,98,adaptive_crosssdc_cmr,hinge,1.0,0.01,0.9439179367489285,1.4960581991407607,2.172652800877889,0.6517958402633667,0.004230303974408243,0.0004230303974408243,0.10850694444444445,0.013888888888888888,0.009270559582445357,0.00039879770742522343,0.7726666927337646
2,99,adaptive_crosssdc_cmr,hinge,1.0,0.01,0.9375447962019179,1.5083271265029907,2.1670529577467175,0.6501158873240153,0.004295109331400858,0.00042951093314008584,0.09809027777777778,0.009548611111111112,0.009376308570305506,0.000361034439669715,0.7726666927337646
2,100,adaptive_crosssdc_cmr,hinge,1.0,0.01,0.9390665358967252,1.5180736912621393,2.177746878729926,0.6533240636189778,0.004487915999359555,0.0004487915999359555,0.11805555555555555,0.009548611111111112,0.00977685757809215,0.00042837609847386676,0.7726666927337646
2,101,adaptive_crosssdc_cmr,hinge,1.0,0.01,0.936879297097524,1.5190842284096613,2.1715599166022406,0.6514679749806721,0.004014477677022417,0.0004014477677022417,0.0998263888888889,0.015625,0.008260026160213683,0.0008966372244887882,0.7720000147819519
2,102,adaptive_crosssdc_cmr,hinge,1.0,0.01,0.9382297264205085,1.5143039756351047,2.166346629460653,0.6499039888381958,0.0051425376182629,0.00051425376182629,0.12413194444444445,0.010416666666666666,0.01136628496978018,0.0003658698664771186,0.7746666669845581
2,103,adaptive_crosssdc_cmr,hinge,1.0,0.01,0.9396257532967461,1.5277762015660603,2.1661781469980874,0.6498534440994262,0.0041261876596965725,0.0004126187659696573,0.10416666666666667,0.013020833333333334,0.008590252863036262,0.0008879113528463575,0.7746666669845581
2,104,adaptive_crosssdc_cmr,hinge,1.0,0.01,0.940413667096032,1.519107633166843,2.1831603580050998,0.6549481074015299,0.003805783486718105,0.0003805783486718105,0.11197916666666667,0.014756944444444444,0.008280623290273879,0.0005817164977391561,0.7760000228881836
2,105,adaptive_crosssdc_cmr,hinge,1.0,0.01,0.9315266013145447,1.5255623658498128,2.163818465338813,0.6491455396016438,0.0036644262662674817,0.0003664426266267482,0.10503472222222222,0.006944444444444444,0.008322731902201971,0.0002819589442676968,0.777999997138977
2,106,adaptive_crosssdc_cmr,hinge,1.0,0.01,0.9319605429967245,1.521649506356981,2.159849855634901,0.6479549566904703,0.0037370804800755447,0.00037370804800755447,0.09114583333333333,0.0078125,0.008151766326692369,0.0003879111674096849,0.7706666588783264
2,107,adaptive_crosssdc_cmr,hinge,1.0,0.01,0.9252085222138299,1.5225474039713542,2.1497385766771107,0.6449215730031331,0.004649137327861454,0.00046491373278614547,0.109375,0.008680555555555556,0.009976053403483497,0.00044097254673639935,0.7739999890327454
2,108,adaptive_crosssdc_cmr,hinge,1.0,0.01,0.9391914274957445,1.559859527481927,2.1901369359758167,0.657041080792745,0.004034601307163636,0.00040346013071636364,0.1111111111111111,0.015625,0.008804223603672452,0.0004878826439380646,0.7739999890327454
2,109,adaptive_crosssdc_cmr,hinge,1.0,0.01,0.9268249604437087,1.537197126282586,2.1598295635647244,0.6479488690694173,0.0036935510062095192,0.0003693551006209519,0.10503472222222222,0.014756944444444444,0.008161495957109664,0.00045021830333603755,0.7773333191871643
2,110,adaptive_crosssdc_cmr,hinge,1.0,0.01,0.9315508140458001,1.5566351811091106,2.1678360833062067,0.650350824991862,0.0033245006084649097,0.000332450060846491,0.09895833333333333,0.006944444444444444,0.007639346851242913,0.00024864118960168626,0.7733333110809326
2,111,adaptive_crosssdc_cmr,hinge,1.0,0.01,0.9612938298119439,1.556311633851793,2.1634011533525257,0.6490203460057576,0.012086739660137229,0.001208673966013723,0.18663194444444445,0.019097222222222224,0.02507092472579744,0.0008509039051002926,0.7760000228881836
2,112,adaptive_crosssdc_cmr,hinge,1.0,0.01,1.0064938730663724,1.5546604924731784,2.1657513777414956,0.6497254133224487,0.021074598965545494,0.0021074598965545497,0.2361111111111111,0.011284722222222222,0.043666270871957145,0.0004492327570915222,0.7713333368301392
2,113,adaptive_crosssdc_cmr,hinge,1.0,0.01,0.9814954068925645,1.5644499725765653,2.179571178224352,0.6538713534673055,0.01637849465219511,0.0016378494652195112,0.2309027777777778,0.012152777777777778,0.0340373023516602,0.000631915612353219,0.7633333206176758
2,114,adaptive_crosssdc_cmr,hinge,1.0,0.01,0.9678730964660645,1.5499594344033136,2.174235847261217,0.6522707541783651,0.009407863383077912,0.0009407863383077913,0.1875,0.014756944444444444,0.019765306264162064,0.0007160318394502004,0.7713333368301392
2,115,adaptive_crosssdc_cmr,hinge,1.0,0.01,0.94899496767256,1.5500913858413696,2.1652413739098444,0.6495724121729533,0.006218000936011474,0.0006218000936011474,0.1440972222222222,0.017361111111111112,0.013377036485407088,0.0007020628286732568,0.7746666669845581
2,116,adaptive_crosssdc_cmr,hinge,1.0,0.01,0.9321503572993808,1.5426455073886447,2.1502420372433133,0.645072611172994,0.005139434451444281,0.0005139434451444281,0.1154513888888889,0.013888888888888888,0.01096352893445227,0.00048737476269404095,0.7746666669845581
2,117,adaptive_crosssdc_cmr,hinge,1.0,0.01,0.9231061670515273,1.5463398430082533,2.142204682032267,0.6426614046096801,0.004114363834054934,0.0004114363834054934,0.11024305555555555,0.010416666666666666,0.008939408593707614,0.000511303957965639,0.7693333625793457
2,118,adaptive_crosssdc_cmr,hinge,1.0,0.01,0.9318221145206027,1.5722620752122667,2.169913477367825,0.6509740432103475,0.002933290334314936,0.0002933290334314936,0.07725694444444445,0.011284722222222222,0.0063316648205121355,0.0003632600936624739,0.7746666669845581
2,119,adaptive_crosssdc_cmr,hinge,1.0,0.01,0.9153149790234036,1.5368985732396443,2.132383214102851,0.6397149642308553,0.002776741528780096,0.0002776741528780096,0.07291666666666667,0.009548611111111112,0.006193519052531984,0.0003456874854034848,0.7766666412353516
2,120,adaptive_crosssdc_cmr,hinge,1.0,0.01,0.917689581712087,1.559626128938463,2.1442308160993786,0.6432692448298135,0.0032260830695223478,0.0003226083069522348,0.09635416666666667,0.013020833333333334,0.0071671828627586365,0.0003722930947939555,0.7726666927337646
2,121,adaptive_crosssdc_cmr,hinge,1.0,0.01,0.9225976864496866,1.565404428376092,2.1641906102498374,0.6492571830749512,0.003749736946903997,0.00037497369469039973,0.09809027777777778,0.006944444444444444,0.008427816960546706,0.00016785081889894273,0.7773333191871643
2,122,adaptive_crosssdc_cmr,hinge,1.0,0.01,0.920916908317142,1.5826066864861383,2.1556465890672474,0.6466939767201741,0.0034933281131088734,0.00034933281131088734,0.0920138888888889,0.012152777777777778,0.007447532067696254,0.0004346047838528951,0.7746666669845581
2,123,adaptive_crosssdc_cmr,hinge,1.0,0.01,0.9089541435241699,1.5498964654074774,2.129704819785224,0.6389114459355671,0.0027111389855336812,0.0002711138985533681,0.08854166666666667,0.0078125,0.005960423913266923,0.00030854468544324237,0.7746666669845581
2,124,adaptive_crosssdc_cmr,hinge,1.0,0.01,0.911626762813992,1.57113782564799,2.1371773878733316,0.6411532163619994,0.002987412283093565,0.00029874122830935655,0.078125,0.010416666666666666,0.006259666548834907,0.0005682752364211612,0.7746666669845581
2,125,adaptive_crosssdc_cmr,hinge,1.0,0.01,0.9129920336935256,1.5745382971233792,2.1420671145121255,0.6426201343536376,0.003324562864792016,0.0003324562864792016,0.10069444444444445,0.015625,0.007303489579094781,0.0004950687289237976,0.7753333449363708
2,126,adaptive_crosssdc_cmr,hinge,1.0,0.01,0.9075017041630216,1.5673628780576918,2.1256466971503363,0.6376940091451009,0.004141985257673595,0.0004141985257673595,0.10069444444444445,0.008680555555555556,0.009071918825308481,0.0003379339145289527,0.7766666412353516
2,127,adaptive_crosssdc_cmr,hinge,1.0,0.01,0.9132642348607382,1.5813645389344957,2.14607400364346,0.6438222010930379,0.003238035547029641,0.0003238035547029641,0.0859375,0.009548611111111112,0.0072514646583133275,0.0002537535296546088,0.7793333530426025
2,128,adaptive_crosssdc_cmr,hinge,1.0,0.01,0.9159638815455966,1.5822215610080295,2.1654524008433023,0.6496357202529907,0.003214652960499128,0.00032146529604991283,0.08159722222222222,0.006076388888888889,0.007045901070038478,0.0003070181442631616,0.7760000228881836
2,129,adaptive_crosssdc_cmr,hinge,1.0,0.01,0.9100222123993768,1.5901958280139499,2.142254590988159,0.6426763772964478,0.0026984072367971144,0.00026984072367971146,0.09027777777777778,0.006944444444444444,0.006339907232258055,0.00019811673296822442,0.7753333449363708
2,130,adaptive_crosssdc_cmr,hinge,1.0,0.01,0.9162963496314155,1.5799704260296292,2.1576371457841663,0.6472911437352499,0.0030532015435811547,0.00030532015435811547,0.08854166666666667,0.006944444444444444,0.006963135881556405,0.00023653027084138658,0.7746666669845581
2,131,adaptive_crosssdc_cmr,hinge,1.0,0.01,0.9090616040759616,1.579728364944458,2.1456811692979603,0.643704350789388,0.002662855510910352,0.0002662855510910352,0.08072916666666667,0.0026041666666666665,0.00611526146531105,4.379534059100681e-05,0.7733333110809326
2,132,adaptive_crosssdc_cmr,hinge,1.0,0.01,0.905380560292138,1.5965924792819552,2.133092482884725,0.6399277448654175,0.003520931841598617,0.0003520931841598617,0.09635416666666667,0.003472222222222222,0.007828213688400056,0.00013983373840649924,0.7733333110809326
2,133,adaptive_crosssdc_cmr,hinge,1.0,0.01,0.918945418463813,1.5945723321702745,2.1589971913231745,0.6476991573969523,0.003159384501891004,0.0003159384501891004,0.08072916666666667,0.0078125,0.007011653234561284,0.00026132621698909334,0.7713333368301392
2,134,adaptive_crosssdc_cmr,hinge,1.0,0.01,0.9069280094570584,1.595236685540941,2.132924450768365,0.6398773352305095,0.0028817140264436603,0.000288171402644366,0.09027777777777778,0.005208333333333333,0.006496407091617584,0.0001819837424490187,0.7806666493415833
2,135,adaptive_crosssdc_cmr,hinge,1.0,0.01,0.9095989664395651,1.6033458179897733,2.138892491658529,0.6416677474975586,0.0027947436060963404,0.00027947436060963405,0.07725694444444445,0.006944444444444444,0.006285979515976376,0.0002520626617802514,0.7786666750907898
2,136,adaptive_crosssdc_cmr,hinge,1.0,0.01,0.9018469320403205,1.5812813970777724,2.1269942654503717,0.6380982796351115,0.0027394703485899502,0.00027394703485899506,0.09635416666666667,0.006944444444444444,0.006383587916692098,0.0002233961390124427,0.7726666927337646
2,137,adaptive_crosssdc_cmr,hinge,1.0,0.01,0.9095810916688707,1.5984987020492554,2.1302276452382407,0.6390682935714722,0.003364186281234854,0.0003364186281234854,0.09635416666666667,0.010416666666666666,0.007309502197636498,0.00032196690638860065,0.7739999890327454
2,138,adaptive_crosssdc_cmr,hinge,1.0,0.01,0.9161903924412198,1.593007591035631,2.140749798880683,0.6422249396642049,0.0042739285595922005,0.0004273928559592201,0.109375,0.006944444444444444,0.009429013977448145,0.00024306360218260024,0.7699999809265137
2,139,adaptive_crosssdc_cmr,hinge,1.0,0.01,0.9202033546235826,1.5939557287428114,2.1309617360432944,0.6392885208129883,0.005059369270586305,0.0005059369270586305,0.10677083333333333,0.009548611111111112,0.010939424650536643,0.0003885792361365424,0.7726666927337646
2,140,adaptive_crosssdc_cmr,hinge,1.0,0.01,0.9158163136906095,1.5896711746851604,2.1380894449022083,0.6414268334706624,0.004051196906301711,0.0004051196906301711,0.11197916666666667,0.004340277777777778,0.009061421785089705,0.0001795569227801429,0.7706666588783264
2,141,adaptive_crosssdc_cmr,hinge,1.0,0.01,0.9231627318594191,1.614551928308275,2.1549704339769153,0.6464911301930746,0.0032970496686175466,0.00032970496686175467,0.10243055555555555,0.011284722222222222,0.00738986043466462,0.00035173984037505253,0.7773333191871643
2,142,adaptive_crosssdc_cmr,hinge,1.0,0.01,0.9207588831583658,1.6186326344807942,2.1499937110477023,0.6449981133143107,0.003689705083767573,0.0003689705083767573,0.09461805555555555,0.006076388888888889,0.00792766734957695,0.00046427051226298016,0.7713333368301392
2,143,adaptive_crosssdc_cmr,hinge,1.0,0.01,0.9172260297669305,1.6138418118158977,2.1399766869015164,0.641993006070455,0.0043755888990643955,0.00043755888990643955,0.1154513888888889,0.011284722222222222,0.009152585433589088,0.0006492518716388278,0.7739999890327454
2,144,adaptive_crosssdc_cmr,hinge,1.0,0.01,0.9162529706954956,1.6112470891740587,2.136535750495063,0.6409607251485189,0.003598684315673179,0.0003598684315673179,0.09461805555555555,0.006944444444444444,0.007960243771473566,0.0002179605265458425,0.7733333110809326
2,145,adaptive_crosssdc_cmr,hinge,1.0,0.01,0.9148895078235202,1.6220422055986192,2.144594430923462,0.6433783292770385,0.003293410991318524,0.0003293410991318524,0.07899305555555555,0.0078125,0.0072488610943158465,0.0003611271580060323,0.7739999890327454
2,146,adaptive_crosssdc_cmr,hinge,1.0,0.01,0.9108058346642388,1.6330250104268391,2.138808806737264,0.6416426420211793,0.0032808582505418193,0.00032808582505418197,0.09027777777777778,0.004340277777777778,0.007332794368267059,0.00015064328908920288,0.7726666927337646
2,147,adaptive_crosssdc_cmr,hinge,1.0,0.01,0.9070022371080186,1.6116792625851102,2.136276774936252,0.6408830324808756,0.0029748076857585046,0.00029748076857585046,0.10503472222222222,0.0026041666666666665,0.006993242849906285,6.978089610735576e-05,0.7760000228881836
2,148,adaptive_crosssdc_cmr,hinge,1.0,0.01,0.909356004661984,1.6195391019185383,2.141260544459025,0.6423781633377075,0.0038686359249469307,0.0003868635924946931,0.10590277777777778,0.006076388888888889,0.008487414568662643,0.00026731565594673157,0.7786666750907898
2,149,adaptive_crosssdc_cmr,hinge,1.0,0.01,0.9148617651727464,1.6406222979227703,2.1592489083607993,0.6477746725082397,0.003019855293031368,0.0003019855293031368,0.0798611111111111,0.012152777777777778,0.006360069745116764,0.0005438079436620077,0.7739999890327454
2,150,adaptive_crosssdc_cmr,hinge,1.0,0.01,0.9097125596470303,1.6141736639870539,2.135126617219713,0.640537985165914,0.0025432435456120097,0.000254324354561201,0.0876736111111111,0.004340277777777778,0.005914597461620967,0.00012957221931881376,0.7693333625793457
2,151,adaptive_crosssdc_cmr,hinge,1.0,0.01,0.9194796217812432,1.644200947549608,2.1647575166490345,0.6494272549947103,0.003943625941044754,0.00039436259410447546,0.09722222222222222,0.0078125,0.008552967260281244,0.00028102555208735995,0.7746666669845581
2,152,adaptive_crosssdc_cmr,hinge,1.0,0.01,0.9143418735928006,1.648053036795722,2.147791412141588,0.6443374236424765,0.004224315440903108,0.0004224315440903108,0.11024305555555555,0.008680555555555556,0.009149447083473206,0.00036640465259552,0.7786666750907898
2,153,adaptive_crosssdc_cmr,hinge,1.0,0.01,0.9129009975327386,1.6263189713160198,2.1387262609269886,0.6416178782780966,0.00435821774105231,0.000435821774105231,0.11197916666666667,0.006944444444444444,0.009517540948258506,0.00029939826991822984,0.7766666412353516
2,154,adaptive_crosssdc_cmr,hinge,1.0,0.01,0.9084652529822456,1.6295416355133057,2.131623241636488,0.6394869724909463,0.0031409383647971684,0.00031409383647971686,0.09461805555555555,0.006076388888888889,0.007123253411716885,0.00013436128695805868,0.7753333449363708
2,155,adaptive_crosssdc_cmr,hinge,1.0,0.01,0.8994616270065308,1.6305248339970906,2.128521892759535,0.6385565678278604,0.002522185509507027,0.0002522185509507027,0.078125,0.005208333333333333,0.005730915400716994,0.00017294246289465163,0.7766666412353516
2,156,adaptive_crosssdc_cmr,hinge,1.0,0.01,0.9193102452490065,1.6509144173728094,2.141255431705051,0.6423766295115153,0.004199138467407061,0.0004199138467407061,0.09895833333333333,0.0078125,0.008992942257059945,0.0003603419495953454,0.7766666412353516
2,157,adaptive_crosssdc_cmr,hinge,1.0,0.01,0.9174425072140164,1.631182657347785,2.134644216961331,0.6403932650883992,0.004040727521189385,0.00040407275211893853,0.1015625,0.005208333333333333,0.008824948635366228,0.000174061291747623,0.765333354473114
2,158,adaptive_crosssdc_cmr,hinge,1.0,0.01,0.9147123760647244,1.635280172030131,2.124515665902032,0.6373546997706095,0.004631750453780923,0.0004631750453780923,0.10503472222222222,0.004340277777777778,0.010011940780613158,0.0001851787997616662,0.7746666669845581
2,159,adaptive_crosssdc_cmr,hinge,1.0,0.01,0.9154611163669162,1.6373521751827664,2.13349978129069,0.6400499343872069,0.004860653930033247,0.0004860653930033247,0.1111111111111111,0.006944444444444444,0.010224339448743396,0.0004094884627395206,0.7760000228881836
2,160,adaptive_crosssdc_cmr,hinge,1.0,0.01,0.9178400569491916,1.6501229206720989,2.1468594074249268,0.644057822227478,0.0038373000505897733,0.00038373000505897737,0.0998263888888889,0.008680555555555556,0.008060806327395968,0.0004405888418356578,0.7753333449363708
2,161,adaptive_crosssdc_cmr,hinge,1.0,0.01,0.9194316797786288,1.656690067715115,2.1620047092437744,0.6486014127731323,0.003685959543670631,0.0003685959543670631,0.09461805555555555,0.0078125,0.008093544178538851,0.00029654759499761794,0.7739999890327454
2,162,adaptive_crosssdc_cmr,hinge,1.0,0.01,0.9252095752292209,1.6772596438725789,2.163660208384196,0.6490980625152587,0.003791632661078539,0.0003791632661078539,0.0859375,0.006944444444444444,0.008045013166136213,0.0002412113050619761,0.7766666412353516
2,163,adaptive_crosssdc_cmr,hinge,1.0,0.01,0.9038136866357591,1.6341615782843695,2.1262923876444497,0.6378877162933348,0.0035355956836914024,0.00035355956836914025,0.0763888888888889,0.006944444444444444,0.007333621382713318,0.00042703375220298767,0.7766666412353516
2,164,adaptive_crosssdc_cmr,hinge,1.0,0.01,0.9119224283430312,1.6699972682529025,2.158605787489149,0.6475817362467448,0.0035496955970302224,0.0003549695597030223,0.0998263888888889,0.005208333333333333,0.00784532849987348,0.0002763043675157759,0.7733333110809326
2,165,adaptive_crosssdc_cmr,hinge,1.0,0.01,0.9218296541108025,1.6536892652511597,2.137943161858453,0.6413829485575359,0.007811369322654273,0.0007811369322654274,0.1284722222222222,0.008680555555555556,0.016233087413840823,0.0004621106717321608,0.7760000228881836
2,166,adaptive_crosssdc_cmr,hinge,1.0,0.01,0.925951725906796,1.66012524233924,2.146978431277805,0.6440935293833414,0.005948103033006191,0.0005948103033006192,0.1328125,0.0078125,0.012669875803920958,0.00042814471655421786,0.7733333110809326
2,167,adaptive_crosssdc_cmr,hinge,1.0,0.01,0.907152983877394,1.6397762960857816,2.1117790010240345,0.6335337003072103,0.0047720192103750175,0.00047720192103750176,0.0998263888888889,0.0078125,0.010110396063990064,0.0004246566030714247,0.7699999809265137
2,168,adaptive_crosssdc_cmr,hinge,1.0,0.01,0.9120980434947543,1.6604177554448445,2.1445598867204456,0.6433679660161337,0.0038268010571805965,0.0003826801057180597,0.0920138888888889,0.005208333333333333,0.008300233218404982,0.00020577386021614075,0.777999997138977
2,169,adaptive_crosssdc_cmr,hinge,1.0,0.01,0.9054368336995443,1.6559835142559476,2.1377398702833386,0.6413219610850015,0.0029327113879844546,0.0002932711387984455,0.08854166666666667,0.006944444444444444,0.006371496452225579,0.00037383950418896146,0.777999997138977
2,170,adaptive_crosssdc_cmr,hinge,1.0,0.01,0.8970245255364312,1.637590726216634,2.130866289138794,0.6392598867416381,0.003204464679583907,0.00032044646795839073,0.08680555555555555,0.003472222222222222,0.0071385374499691855,0.00010254689388804966,0.7753333449363708
2,171,adaptive_crosssdc_cmr,hinge,1.0,0.01,0.8872941003905402,1.6387479702631633,2.11293986108568,0.6338819583257039,0.001928350545414206,0.00019283505454142062,0.06770833333333333,0.003472222222222222,0.004503460394011604,9.829095668262905e-05,0.7773333191871643
2,172,adaptive_crosssdc_cmr,hinge,1.0,0.01,0.8970151013798184,1.6661225027508206,2.13730886247423,0.6411926587422689,0.00234531715977937,0.000234531715977937,0.06597222222222222,0.005208333333333333,0.005220130085945129,0.00023525746332274543,0.777999997138977
2,173,adaptive_crosssdc_cmr,hinge,1.0,0.01,0.8886819415622287,1.6535495387183294,2.113058884938558,0.6339176654815674,0.0022738909012534553,0.00022738909012534554,0.059027777777777776,0.006076388888888889,0.004874352365732193,0.00024918756551212736,0.7746666669845581
2,174,adaptive_crosssdc_cmr,hinge,1.0,0.01,0.8957661853896247,1.6601248979568481,2.1259978612264,0.6377993583679199,0.001550998739225583,0.0001550998739225583,0.06163194444444445,0.0026041666666666665,0.003602873533964157,0.00018814744220839607,0.7773333191871643
2,175,adaptive_crosssdc_cmr,hinge,1.0,0.01,0.8815405435032315,1.662756774160597,2.10533430841234,0.631600292523702,0.0018577190074008992,0.00018577190074008993,0.05642361111111111,0.003472222222222222,0.004164477603303062,0.00017459856139289009,0.781333327293396
2,176,adaptive_crosssdc_cmr,hinge,1.0,0.01,0.8861820300420126,1.6404887702729967,2.116688781314426,0.6350066343943278,0.0014747640234418213,0.00014747640234418215,0.0642361111111111,0.006944444444444444,0.003486728088723289,0.00020637652940220304,0.7760000228881836
2,177,adaptive_crosssdc_cmr,hinge,1.0,0.01,0.902444428867764,1.6489178074730768,2.103953388002184,0.6311860164006552,0.0034607465042629177,0.0003460746504262918,0.07725694444444445,0.006944444444444444,0.007436777568525738,0.0002984408703115251,0.7706666588783264
2,178,adaptive_crosssdc_cmr,hinge,1.0,0.01,0.9093149834209018,1.6584421263800726,2.135764863755968,0.6407294591267904,0.003169394719103972,0.00031693947191039723,0.07725694444444445,0.0078125,0.006768977062569724,0.0003713973694377475,0.7760000228881836
2,179,adaptive_crosssdc_cmr,hinge,1.0,0.01,0.8904150062137179,1.6534472041659884,2.0989454057481556,0.6296836217244467,0.0025512023518482843,0.00025512023518482844,0.09114583333333333,0.004340277777777778,0.005872909807496601,0.0001561600301000807,0.7746666669845581
2,180,adaptive_crosssdc_cmr,hinge,1.0,0.01,0.8957498007350497,1.6684221161736383,2.1153609487745495,0.6346082846323648,0.002304876216739002,0.00023048762167390022,0.0763888888888889,0.005208333333333333,0.005234908726480272,0.00020915642380714417,0.7746666669845581
2,181,adaptive_crosssdc_cmr,hinge,1.0,0.01,0.8923522167735629,1.6724972195095487,2.1194358931647406,0.6358307679494222,0.0021327173130379785,0.00021327173130379786,0.06510416666666667,0.003472222222222222,0.004613202065229416,0.00021924575169881186,0.777999997138977
2,182,adaptive_crosssdc_cmr,hinge,1.0,0.01,0.8895582424269782,1.6488664150238037,2.108174112108019,0.6324522336324057,0.002314147604111996,0.0002314147604111996,0.07465277777777778,0.0078125,0.005140194876326455,0.00041804669631852046,0.7746666669845581
2,183,adaptive_crosssdc_cmr,hinge,1.0,0.01,0.8896589875221252,1.6569616397221882,2.1067299842834473,0.6320189952850341,0.002189405226898897,0.0002189405226898897,0.0720486111111111,0.0026041666666666665,0.004945458637343513,5.263793799612257e-05,0.7766666412353516
2,184,adaptive_crosssdc_cmr,hinge,1.0,0.01,0.8952701952722337,1.6753689845403035,2.1273050838046603,0.6381915251413981,0.002336678146902058,0.0002336678146902058,0.0859375,0.005208333333333333,0.0053301652272542315,0.0002675631807910071,0.781333327293396
2,185,adaptive_crosssdc_cmr,hinge,1.0,0.01,0.8811241653230455,1.6594301727082994,2.1075761053297253,0.6322728315989176,0.0018895666289608926,0.00018895666289608926,0.0685763888888889,0.0026041666666666665,0.004238477183712853,9.887375765376621e-05,0.7746666669845581
2,186,adaptive_crosssdc_cmr,hinge,1.0,0.01,0.882374087969462,1.6529464854134455,2.0980536142985025,0.6294160842895508,0.0021727363346144557,0.00021727363346144558,0.06336805555555555,0.001736111111111111,0.0048282163010703195,7.042247388097976e-05,0.7786666750907898
2,187,adaptive_crosssdc_cmr,hinge,1.0,0.01,0.882455050945282,1.663562297821045,2.112921873728434,0.6338765621185302,0.0016005128187922917,0.0001600512818792292,0.0546875,0.001736111111111111,0.003646140711175071,6.943485803074307e-05,0.7799999713897705
2,188,adaptive_crosssdc_cmr,hinge,1.0,0.01,0.8838421702384949,1.6687663396199544,2.1115077601538763,0.6334523280461629,0.0021475718822330236,0.00021475718822330239,0.06944444444444445,0.004340277777777778,0.0049288310110569,0.00011746750937567817,0.7773333191871643
2,189,adaptive_crosssdc_cmr,hinge,1.0,0.01,0.8926235768530104,1.6872460312313504,2.129371033774482,0.6388113101323445,0.001899593781369428,0.0001899593781369428,0.06076388888888889,0.001736111111111111,0.004276150630580055,7.702493005328708e-05,0.7786666750907898
2,190,adaptive_crosssdc_cmr,hinge,1.0,0.01,0.8958318365944756,1.685451626777649,2.1347081661224365,0.640412449836731,0.002131905115675181,0.00021319051156751812,0.06944444444444445,0.003472222222222222,0.004839397552940581,0.00011156251033147176,0.7786666750907898
2,191,adaptive_crosssdc_cmr,hinge,1.0,0.01,0.8831477032767402,1.676315810945299,2.1126438246832953,0.6337931474049886,0.002409729220542229,0.0002409729220542229,0.07291666666666667,0.001736111111111111,0.005517382588651445,6.50079713927375e-05,0.7760000228881836
2,192,adaptive_crosssdc_cmr,hinge,1.0,0.01,0.8864680992232429,1.6756945848464966,2.111424763997396,0.6334274291992188,0.0026640003909253413,0.00026640003909253414,0.0720486111111111,0.005208333333333333,0.00569293275475502,0.00030408551295598346,0.7793333530426025
2,193,adaptive_crosssdc_cmr,hinge,1.0,0.01,0.8971278270085653,1.7197840213775635,2.146538813908895,0.6439616441726684,0.002038405580808305,0.00020384055808083052,0.0625,0.005208333333333333,0.004540727784236272,0.00015162469612227546,0.7766666412353516
2,194,adaptive_crosssdc_cmr,hinge,1.0,0.01,0.8823982940779792,1.6662915680143568,2.109333250257704,0.6327999750773111,0.0015803431290098363,0.00015803431290098365,0.052083333333333336,0.0008680555555555555,0.0036641330354743535,2.1334323618147108e-05,0.7746666669845581
2,195,adaptive_crosssdc_cmr,hinge,1.0,0.01,0.8838403026262919,1.6896802054511175,2.1197598775227866,0.635927963256836,0.0015526755531835887,0.00015526755531835887,0.06163194444444445,0.004340277777777778,0.003608929200304879,0.0002036388549539778,0.7739999890327454
2,196,adaptive_crosssdc_cmr,hinge,1.0,0.01,0.8722828560405307,1.6643225219514635,2.0923778216044107,0.6277133464813232,0.0021496981175409425,0.00021496981175409425,0.06684027777777778,0.006076388888888889,0.004720324029525121,0.00024617546134524874,0.7706666588783264
2,197,adaptive_crosssdc_cmr,hinge,1.0,0.01,0.8890657623608907,1.6837449471155803,2.123593224419488,0.6370779673258463,0.0017388219712302089,0.0001738821971230209,0.06684027777777778,0.001736111111111111,0.003996130906873279,0.00011897832155227661,0.7760000228881836
2,198,adaptive_crosssdc_cmr,hinge,1.0,0.01,0.8881569504737854,1.69791046778361,2.1196167998843722,0.6358850399653116,0.002589094927922512,0.0002589094927922512,0.0685763888888889,0.004340277777777778,0.0055673449403709835,0.00024181604385375977,0.7793333530426025
2,199,adaptive_crosssdc_cmr,hinge,1.0,0.01,0.8882049454583062,1.6796514458126492,2.119343943066067,0.6358031829198202,0.001609394056787197,0.0001609394056787197,0.059027777777777776,0.0026041666666666665,0.0037189597884813943,0.00015814809335602654,0.777999997138977
3,0,adaptive_crosssdc_cmr,hinge,1.0,0.01,3.4378527800242105,0.803516278664271,2.405582004123264,0.7216746012369791,0.7210119830237495,0.07210119830237495,0.8671875,0.765625,1.0921050045225356,0.33575177523824906,0.5609999895095825
3,1,adaptive_crosssdc_cmr,hinge,1.0,0.01,2.451399246851603,0.8663240141338773,2.3233104281955295,0.6969931284586588,0.6406844920582242,0.06406844920582243,0.9861111111111112,0.7526041666666666,1.0211936169200473,0.2556843426492479,0.5899999737739563
3,2,adaptive_crosssdc_cmr,hinge,1.0,0.01,2.0344603194130793,0.763541128900316,2.2334058019849987,0.6700217405954996,0.4611506362756093,0.04611506362756093,0.984375,0.7508680555555556,0.7248620920711093,0.19647632704840767,0.5849999785423279
3,3,adaptive_crosssdc_cmr,hinge,1.0,0.01,1.804099202156067,0.7491995824707879,2.178834570778741,0.6536503712336222,0.3734590841664208,0.037345908416642086,0.9782986111111112,0.7109375,0.5896162655618455,0.1649633530113432,0.5870000123977661
3,4,adaptive_crosssdc_cmr,hinge,1.0,0.01,1.64191472530365,0.7404543624983894,2.1318601767222085,0.6395580530166626,0.3501543237103356,0.035015432371033564,0.9600694444444444,0.7256944444444444,0.5312727789084116,0.17413006557358635,0.5945000052452087
3,5,adaptive_crosssdc_cmr,hinge,1.0,0.01,1.5399968094295926,0.7426645027266608,2.1329358683692083,0.6398807605107625,0.29154393408033585,0.029154393408033587,0.9626736111111112,0.6675347222222222,0.4425967269473606,0.14610091514057583,0.6004999876022339
3,6,adaptive_crosssdc_cmr,hinge,1.0,0.01,1.4447746674219768,0.7533670994970534,2.1174826622009277,0.6352447986602783,0.2718144887023502,0.02718144887023502,0.9618055555555556,0.6128472222222222,0.42522572146521675,0.12631481223636204,0.6079999804496765
3,7,adaptive_crosssdc_cmr,hinge,1.0,0.01,1.372947335243225,0.7476698425081041,2.0833230018615723,0.6249969005584717,0.2295641303062439,0.02295641303062439,0.9201388888888888,0.5486111111111112,0.3662988344828288,0.10144140074650447,0.6190000176429749
3,8,adaptive_crosssdc_cmr,hinge,1.0,0.01,1.3331678708394368,0.7747013635105557,2.100884622997708,0.6302653868993123,0.208250030875206,0.0208250030875206,0.9201388888888888,0.5303819444444444,0.3353360758887397,0.09078087574905819,0.625
3,9,adaptive_crosssdc_cmr,hinge,1.0,0.01,1.2841245200898912,0.7820398939980401,2.0669460031721325,0.6200838009516397,0.18246006468931833,0.018246006468931833,0.8984375,0.4548611111111111,0.30298863848050434,0.0717693538301521,0.6334999799728394
3,10,adaptive_crosssdc_cmr,hinge,1.0,0.01,1.2596600982877943,0.7845966352356805,2.0743670993381076,0.6223101298014323,0.17147327959537506,0.017147327959537505,0.8741319444444444,0.4131944444444444,0.28544681933191085,0.06437271295322312,0.6384999752044678
3,11,adaptive_crosssdc_cmr,hinge,1.0,0.01,1.2256393432617188,0.7850766711764865,2.0591339800092907,0.6177401940027872,0.15510580937067667,0.015510580937067668,0.8454861111111112,0.4131944444444444,0.26137325829929775,0.05745020177629259,0.6470000147819519
3,12,adaptive_crosssdc_cmr,hinge,1.0,0.01,1.1990925073623657,0.7806089056862725,2.0461973349253335,0.6138592004776,0.1349194049835205,0.013491940498352051,0.8151041666666666,0.3324652777777778,0.23012576169437832,0.046338390145036906,0.656499981880188
3,13,adaptive_crosssdc_cmr,hinge,1.0,0.01,1.1719302468829684,0.8050673405329386,2.0248299174838595,0.6074489752451578,0.1322756889793608,0.01322756889793608,0.8298611111111112,0.3151041666666667,0.23151956498622894,0.03908912340799967,0.659500002861023
3,14,adaptive_crosssdc_cmr,hinge,1.0,0.01,1.1616847515106201,0.8241275813844469,2.0499875280592175,0.6149962584177652,0.1139372628596094,0.01139372628596094,0.7708333333333334,0.2881944444444444,0.20060849024189842,0.03476421038309733,0.6639999747276306
3,15,adaptive_crosssdc_cmr,hinge,1.0,0.01,1.1257710456848145,0.7947175635231866,1.9814345571729872,0.5944303671518961,0.10779617147313224,0.010779617147313224,0.7387152777777778,0.2508680555555556,0.1902861495812734,0.032450773235824376,0.6725000143051147
3,16,adaptive_crosssdc_cmr,hinge,1.0,0.01,1.1152270899878607,0.8062176240815057,2.0073457956314087,0.6022037386894226,0.0935435758696662,0.00935435758696662,0.7022569444444444,0.2282986111111111,0.16643101970354715,0.02755038978324996,0.6759999990463257
3,17,adaptive_crosssdc_cmr,hinge,1.0,0.01,1.096735676129659,0.8181499176555209,1.9895946052339342,0.5968783815701802,0.09213326209121281,0.009213326209121282,0.703125,0.21006944444444445,0.16675939659277597,0.02406381939848264,0.6754999756813049
3,18,adaptive_crosssdc_cmr,hinge,1.0,0.01,1.080937663714091,0.8280228575070699,1.9795011546876695,0.5938503464063009,0.08605961915519503,0.008605961915519503,0.6649305555555556,0.2048611111111111,0.15354648977518082,0.024115942418575287,0.6775000095367432
3,19,adaptive_crosssdc_cmr,hinge,1.0,0.01,1.0765033695432875,0.8352943592601352,1.9931169086032443,0.5979350725809732,0.0781716795431243,0.007817167954312431,0.6467013888888888,0.1736111111111111,0.14386828326516682,0.018280639002720516,0.684499979019165
3,20,adaptive_crosssdc_cmr,hinge,1.0,0.01,1.0610607200198703,0.8510064548916287,1.970391207271152,0.5911173621813456,0.07415361371305254,0.007415361371305254,0.6267361111111112,0.17274305555555555,0.1356050024429957,0.01813170810540517,0.6865000128746033
3,21,adaptive_crosssdc_cmr,hinge,1.0,0.01,1.0465242332882352,0.8649408353699578,1.9618138074874878,0.5885441422462463,0.06311710096067852,0.006311710096067852,0.5946180555555556,0.14583333333333334,0.11823461204767227,0.012735536528958214,0.6894999742507935
3,22,adaptive_crosssdc_cmr,hinge,1.0,0.01,1.0294941928651598,0.8525200618637933,1.9472726715935602,0.5841818014780681,0.060292236506938934,0.006029223650693894,0.5737847222222222,0.14583333333333334,0.11151372806893455,0.014096263382169936,0.6924999952316284
3,23,adaptive_crosssdc_cmr,hinge,1.0,0.01,1.0434818532731798,0.8906871742672391,1.9949053128560383,0.5984715938568115,0.051816509001784854,0.005181650900178486,0.5260416666666666,0.1171875,0.09845557726091808,0.00987242783109347,0.6919999718666077
3,24,adaptive_crosssdc_cmr,hinge,1.0,0.01,1.03217527601454,0.8917993836932712,1.9871145486831665,0.59613436460495,0.05200213980343607,0.005200213980343607,0.5407986111111112,0.13020833333333334,0.09849183261394501,0.010590198967191908,0.6945000290870667
3,25,adaptive_crosssdc_cmr,hinge,1.0,0.01,1.004841963450114,0.8634510503874885,1.939043680826823,0.5817131042480469,0.05113472623957528,0.005113472623957529,0.5217013888888888,0.1154513888888889,0.09844980885585149,0.008051312218109766,0.7005000114440918
3,26,adaptive_crosssdc_cmr,hinge,1.0,0.01,0.9971908132235209,0.8650309377246432,1.9259790579477947,0.5777937173843384,0.04858615001042684,0.004858615001042684,0.5199652777777778,0.12152777777777778,0.09225863383875953,0.009504343900415633,0.6970000267028809
3,27,adaptive_crosssdc_cmr,hinge,1.0,0.01,0.9883718755510118,0.8904037674268087,1.9071125719282362,0.5721337715784709,0.046641470243533455,0.004664147024353345,0.4921875,0.1015625,0.08827459812164307,0.008859938217533959,0.7085000276565552
3,28,adaptive_crosssdc_cmr,hinge,1.0,0.01,1.0002104176415338,0.8977554241816202,1.9594183100594416,0.5878254930178325,0.039076866375075445,0.003907686637507545,0.4722222222222222,0.09027777777777778,0.07561926378144158,0.006912379215161006,0.7064999938011169
3,29,adaptive_crosssdc_cmr,hinge,1.0,0.01,0.9870266119639078,0.9242756697866652,1.9451752503712971,0.5835525751113891,0.039555648548735514,0.003955564854873551,0.4722222222222222,0.0876736111111111,0.0788917483554946,0.004809419727987713,0.7124999761581421
3,30,adaptive_crosssdc_cmr,hinge,1.0,0.01,0.9771262672212389,0.9177397357092963,1.9269560045666165,0.5780868013699849,0.03389549400243494,0.003389549400243494,0.421875,0.07378472222222222,0.0671250033709738,0.004250470962789323,0.7114999890327454
3,31,adaptive_crosssdc_cmr,hinge,1.0,0.01,0.9800137546327379,0.9448629220326742,1.9581621487935383,0.5874486446380615,0.034286068131526314,0.0034286068131526314,0.4470486111111111,0.08940972222222222,0.06676704974638091,0.005857427914937337,0.7110000252723694
3,32,adaptive_crosssdc_cmr,hinge,1.0,0.01,0.9685954848925272,0.9305780861112807,1.9374926487604778,0.5812477946281434,0.030609029862615798,0.00306090298626158,0.3984375,0.07378472222222222,0.06064249947667122,0.003911238991551929,0.7120000123977661
3,33,adaptive_crosssdc_cmr,hinge,1.0,0.01,0.9583703676859537,0.9251309765709771,1.916495720545451,0.5749487161636353,0.027652253086368244,0.0027652253086368245,0.3958333333333333,0.07378472222222222,0.05455747495094935,0.004713219900925954,0.7105000019073486
3,34,adaptive_crosssdc_cmr,hinge,1.0,0.01,0.9457506338755289,0.9387237495846219,1.9020311832427979,0.5706093549728394,0.025234750161568325,0.0025234750161568327,0.3689236111111111,0.057291666666666664,0.051200681262546115,0.0025589482651816476,0.7135000228881836
3,35,adaptive_crosssdc_cmr,hinge,1.0,0.01,0.9366974631945292,0.9362805088361105,1.8829294045766194,0.5648788213729858,0.0242862059838242,0.0024286205983824203,0.3637152777777778,0.059895833333333336,0.048566228399674095,0.0034320143361886344,0.7149999737739563
3,36,adaptive_crosssdc_cmr,hinge,1.0,0.01,0.9312358167436388,0.9245857265260484,1.875212033589681,0.5625636100769043,0.02494147978723049,0.002494147978723049,0.3637152777777778,0.059027777777777776,0.04946053193675147,0.0033446624875068665,0.7149999737739563
3,37,adaptive_crosssdc_cmr,hinge,1.0,0.01,0.9434234433703952,0.962740851773156,1.9150047567155626,0.5745014270146688,0.023559171085556347,0.002355917108555635,0.3463541666666667,0.05381944444444445,0.047687890835934214,0.003143809735774994,0.7174999713897705
3,38,adaptive_crosssdc_cmr,hinge,1.0,0.01,0.9344201816452874,0.9482391410403781,1.8890228933758206,0.5667068680127462,0.021755892369482253,0.0021755892369482253,0.3489583333333333,0.04861111111111111,0.04407978430390358,0.002970968269639545,0.7204999923706055
3,39,adaptive_crosssdc_cmr,hinge,1.0,0.01,0.9348195195198059,0.977546837594774,1.9006261825561523,0.5701878547668456,0.021137041143245168,0.002113704114324517,0.3229166666666667,0.049479166666666664,0.043501375450028315,0.0018889539771609837,0.7195000052452087
3,40,adaptive_crosssdc_cmr,hinge,1.0,0.01,0.9337712791230943,0.954100125365787,1.879966722594367,0.5639900167783101,0.017857678545018036,0.0017857678545018037,0.2890625,0.05555555555555555,0.03522983524534437,0.003169014636013243,0.718500018119812
3,41,adaptive_crosssdc_cmr,hinge,1.0,0.01,0.915179106924269,0.9512836005952623,1.8518166939417522,0.5555450081825256,0.019790233112871647,0.0019790233112871648,0.3168402777777778,0.051215277777777776,0.03966191824939516,0.0028592145277394187,0.7204999923706055
3,42,adaptive_crosssdc_cmr,hinge,1.0,0.01,0.9253276586532593,0.9879616167810228,1.8833438952763875,0.5650031685829162,0.016818998174534902,0.0016818998174534903,0.3046875,0.035590277777777776,0.034928496099180646,0.0014957537253697712,0.7210000157356262
3,43,adaptive_crosssdc_cmr,hinge,1.0,0.01,0.9150435460938348,0.983526779545678,1.872530010011461,0.5617590030034383,0.015128121090432009,0.001512812109043201,0.2569444444444444,0.03125,0.030742014447848003,0.0017960750394397313,0.7250000238418579
3,44,adaptive_crosssdc_cmr,hinge,1.0,0.01,0.909011529551612,0.9796692066722446,1.86001631948683,0.558004895846049,0.01427921187132597,0.0014279211871325971,0.265625,0.03732638888888889,0.02884094499879413,0.002177892873684565,0.7235000133514404
3,45,adaptive_crosssdc_cmr,hinge,1.0,0.01,0.8918833202785916,0.9979787402682834,1.8345042864481609,0.5503512859344483,0.014837203857799372,0.0014837203857799373,0.2647569444444444,0.049479166666666664,0.02990099291006724,0.0021640679074658286,0.7289999723434448
3,46,adaptive_crosssdc_cmr,hinge,1.0,0.01,0.9006302091810439,1.0019659068849351,1.8606237173080444,0.5581871151924133,0.01261348132457998,0.0012613481324579982,0.24913194444444445,0.04079861111111111,0.025645637677775487,0.0020934740702311196,0.7245000004768372
3,47,adaptive_crosssdc_cmr,hinge,1.0,0.01,0.893969370259179,1.0101740492714777,1.8553899261686537,0.556616977850596,0.012187699269917276,0.0012187699269917277,0.234375,0.04079861111111111,0.024834085255861282,0.0017931535840034485,0.7300000190734863
3,48,adaptive_crosssdc_cmr,hinge,1.0,0.01,0.900539497534434,1.029739260673523,1.882351729604933,0.5647055188814799,0.012941152685218386,0.0012941152685218386,0.2456597222222222,0.03125,0.026510803649822872,0.0017056510680251652,0.7275000214576721
3,49,adaptive_crosssdc_cmr,hinge,1.0,0.01,0.8799736499786377,1.0038716793060303,1.8327494992150202,0.5498248497645061,0.009383600619104173,0.0009383600619104174,0.2248263888888889,0.028645833333333332,0.020149541811810598,0.0009376435644096798,0.7294999957084656
3,50,adaptive_crosssdc_cmr,hinge,1.0,0.01,0.8814769784609476,1.018481069140964,1.832032839457194,0.5496098518371582,0.010098044915745655,0.0010098044915745656,0.2204861111111111,0.04079861111111111,0.02063325709766812,0.0019572170244322885,0.7300000190734863
3,51,adaptive_crosssdc_cmr,hinge,1.0,0.01,0.8887171347935995,1.0328828361299303,1.8585025469462078,0.5575507640838623,0.009691662724233337,0.0009691662724233337,0.20572916666666666,0.034722222222222224,0.019969501429133944,0.0016933754086494446,0.7285000085830688
3,52,adaptive_crosssdc_cmr,hinge,1.0,0.01,0.8785910209019979,1.0099965665075514,1.8363068103790283,0.5508920431137084,0.009878034082551798,0.0009878034082551799,0.2065972222222222,0.028645833333333332,0.02024705418282085,0.0013571890691916149,0.7335000038146973
3,53,adaptive_crosssdc_cmr,hinge,1.0,0.01,0.8808053665690951,1.0563864045672946,1.851884126663208,0.5555652379989624,0.009316387482815318,0.0009316387482815318,0.2013888888888889,0.03211805555555555,0.018754153615898557,0.001786281665166219,0.7325000166893005
3,54,adaptive_crosssdc_cmr,hinge,1.0,0.01,0.8717431227366129,1.0304750071631537,1.8292526801427205,0.5487758040428161,0.008454770936320225,0.0008454770936320226,0.1909722222222222,0.03125,0.017707991517252393,0.0012095181478394403,0.7304999828338623
3,55,adaptive_crosssdc_cmr,hinge,1.0,0.01,0.8670779665311178,1.0285155243343778,1.820604099167718,0.5461812297503154,0.007354817301448848,0.0007354817301448848,0.1640625,0.03125,0.01510866234699885,0.0012802655498186748,0.7335000038146973
3,56,adaptive_crosssdc_cmr,hinge,1.0,0.01,0.8730352520942688,1.0587005615234375,1.8496758143107097,0.5549027442932128,0.006333423183403081,0.0006333423183403082,0.1623263888888889,0.025173611111111112,0.013849446756972207,0.0009805361429850261,0.7325000166893005
3,57,adaptive_crosssdc_cmr,hinge,1.0,0.01,0.8652352094650269,1.0631801552242703,1.83875748846266,0.551627246538798,0.007961937588536076,0.0007961937588536077,0.17881944444444445,0.033854166666666664,0.016754017521937687,0.0011833161115646362,0.7315000295639038
3,58,adaptive_crosssdc_cmr,hinge,1.0,0.01,0.8653796513875326,1.0595940748850505,1.8334227270550199,0.5500268181165059,0.006525466425551308,0.0006525466425551309,0.16145833333333334,0.026909722222222224,0.013447709381580353,0.0012345007724232143,0.734499990940094
3,59,adaptive_crosssdc_cmr,hinge,1.0,0.01,0.8525940047370063,1.0498075750139024,1.8114914629194472,0.5434474388758341,0.005892566094795863,0.0005892566094795864,0.1388888888888889,0.021701388888888888,0.012640139708916346,0.0007260615626970927,0.7350000143051147
3,60,adaptive_crosssdc_cmr,hinge,1.0,0.01,0.8535843756463792,1.0784128109614055,1.8256446785397,0.54769340356191,0.007126002572476864,0.0007126002572476865,0.16493055555555555,0.026909722222222224,0.01477338249484698,0.001143422391679552,0.7365000247955322
3,61,adaptive_crosssdc_cmr,hinge,1.0,0.01,0.8568765653504266,1.0750716394848294,1.8366409407721624,0.5509922822316488,0.006246005133208301,0.0006246005133208302,0.1371527777777778,0.033854166666666664,0.012418777992328009,0.0016852981514400905,0.7360000014305115
3,62,adaptive_crosssdc_cmr,hinge,1.0,0.01,0.8446961641311646,1.0639273193147447,1.8158641523785062,0.5447592457135518,0.005612228453780214,0.0005612228453780215,0.1423611111111111,0.03298611111111111,0.011462623874346415,0.0013264065815342797,0.7390000224113464
3,63,adaptive_crosssdc_cmr,hinge,1.0,0.01,0.8440707657072279,1.069375819630093,1.8195619848039415,0.5458685954411824,0.005249120139827331,0.000524912013982733,0.1440972222222222,0.0234375,0.01134717216094335,0.00083126500248909,0.737500011920929
3,64,adaptive_crosssdc_cmr,hinge,1.0,0.01,0.8458523220486112,1.0862122509214613,1.8167637586593628,0.5450291275978089,0.004745951129330529,0.0004745951129330529,0.1310763888888889,0.026909722222222224,0.009702200276984109,0.0011732735567622716,0.7369999885559082
3,65,adaptive_crosssdc_cmr,hinge,1.0,0.01,0.8436171015103658,1.1042897701263428,1.8132857481638591,0.5439857244491577,0.005031755556248956,0.0005031755556248956,0.1371527777777778,0.014756944444444444,0.010845072567462921,0.0007891787423027887,0.7360000014305115
3,66,adaptive_crosssdc_cmr,hinge,1.0,0.01,0.8348455958896213,1.0797578361299303,1.8009293344285753,0.5402788003285726,0.004784032702445984,0.0004784032702445984,0.13194444444444445,0.028645833333333332,0.009796637627813552,0.0012729792959160274,0.7365000247955322
3,67,adaptive_crosssdc_cmr,hinge,1.0,0.01,0.8429703315099081,1.0979993873172336,1.828448494275411,0.5485345482826233,0.005217993295648032,0.0005217993295648032,0.1293402777777778,0.019965277777777776,0.010933891352679994,0.0007495764229032728,0.7379999756813049
3,68,adaptive_crosssdc_cmr,hinge,1.0,0.01,0.8330690264701843,1.0963485373391046,1.8000627491209242,0.5400188247362773,0.004215765175306135,0.00042157651753061353,0.12760416666666666,0.019965277777777776,0.009132494115167193,0.0006968188616964552,0.7350000143051147
3,69,adaptive_crosssdc_cmr,hinge,1.0,0.01,0.8318076597319709,1.0915153821309407,1.794691522916158,0.5384074568748474,0.004609210287324256,0.00046092102873242566,0.12065972222222222,0.019965277777777776,0.009415064420964982,0.0010845098230573866,0.7365000247955322
3,70,adaptive_crosssdc_cmr,hinge,1.0,0.01,0.8447566827138265,1.1297663847605388,1.8302060498131647,0.5490618149439493,0.0035965650006093914,0.00035965650006093914,0.11197916666666667,0.021701388888888888,0.007833588454458449,0.0007362237407101525,0.7360000014305115
3,71,adaptive_crosssdc_cmr,hinge,1.0,0.01,0.8307281931241354,1.1004395882288616,1.7828962140613132,0.534868864218394,0.005236315540969372,0.0005236315540969372,0.1267361111111111,0.029513888888888888,0.010899477948745092,0.0010250802669260236,0.7400000095367432
3,72,adaptive_crosssdc_cmr,hinge,1.0,0.01,0.8373215529653761,1.1178614166047838,1.8029315339194403,0.5408794601758321,0.004404482431709766,0.00044044824317097665,0.10850694444444445,0.021701388888888888,0.009491638176971011,0.0007237597472137875,0.7390000224113464
3,73,adaptive_crosssdc_cmr,hinge,1.0,0.01,0.8361711965666877,1.129466454188029,1.8070618046654596,0.5421185413996379,0.005100075491807527,0.0005100075491807527,0.13541666666666666,0.028645833333333332,0.01044883785976304,0.0011515791217486064,0.7360000014305115
3,74,adaptive_crosssdc_cmr,hinge,1.0,0.01,0.833026303185357,1.1170715226067438,1.8032714658313327,0.5409814397493998,0.004352453397586942,0.00043524533975869417,0.1267361111111111,0.03211805555555555,0.00896876429518064,0.0012420920862091912,0.7365000247955322
3,75,adaptive_crosssdc_cmr,hinge,1.0,0.01,0.8198882804976569,1.1105859809451633,1.7714415656195746,0.5314324696858723,0.004244153206754062,0.00042441532067540624,0.11979166666666667,0.013888888888888888,0.008915783630477058,0.0007681279546684689,0.734499990940094
3,76,adaptive_crosssdc_cmr,hinge,1.0,0.01,0.8164995180235969,1.11052578025394,1.7751355568567913,0.5325406670570374,0.0039011542426629197,0.000390115424266292,0.10503472222222222,0.026909722222222224,0.007824128286706077,0.0011833769579728444,0.7369999885559082
3,77,adaptive_crosssdc_cmr,hinge,1.0,0.01,0.8210252987013923,1.1417112350463867,1.798205600844489,0.5394616802533467,0.003052011429746118,0.0003052011429746118,0.09027777777777778,0.019097222222222224,0.006393147425519096,0.0007668837077087826,0.7394999861717224
3,78,adaptive_crosssdc_cmr,hinge,1.0,0.01,0.8251079055998061,1.1462402211295233,1.7979221608903673,0.5393766482671102,0.00316465071712931,0.00031646507171293104,0.10590277777777778,0.019097222222222224,0.00694415345788002,0.0006738706595367856,0.7350000143051147
3,79,adaptive_crosssdc_cmr,hinge,1.0,0.01,0.8209855622715421,1.1331424978044298,1.7986563444137573,0.5395969033241271,0.00344783927883125,0.000344783927883125,0.09895833333333333,0.010416666666666666,0.00734947994351387,0.0005278231369124518,0.7400000095367432
3,80,adaptive_crosssdc_cmr,hinge,1.0,0.01,0.8259535299407111,1.150547464688619,1.7937304841147528,0.5381191452344258,0.0039368269758092034,0.00039368269758092034,0.10243055555555555,0.018229166666666668,0.008302729162904952,0.0006931920846303304,0.7379999756813049
3,81,adaptive_crosssdc_cmr,hinge,1.0,0.01,0.831961883438958,1.1629222234090169,1.8090630504820082,0.5427189151446025,0.0039033832727000117,0.0003903383272700012,0.10590277777777778,0.019965277777777776,0.008126394202311834,0.0007890404926406012,0.734000027179718
3,82,adaptive_crosssdc_cmr,hinge,1.0,0.01,0.837327327993181,1.1657150586446126,1.8094487720065646,0.5428346316019693,0.004859979652489225,0.00048599796524892257,0.1171875,0.025173611111111112,0.009980298578739166,0.0009435353179772695,0.7360000014305115
3,83,adaptive_crosssdc_cmr,hinge,1.0,0.01,0.8182638155089484,1.1373414198557537,1.775823672612508,0.5327471017837524,0.0036598717949042716,0.0003659871794904272,0.09635416666666667,0.026041666666666668,0.007137724922762977,0.0013155440489451091,0.7404999732971191
3,84,adaptive_crosssdc_cmr,hinge,1.0,0.01,0.8128038313653734,1.1280012130737305,1.767102837562561,0.5301308512687682,0.0028103148603501418,0.0002810314860350142,0.08854166666666667,0.019097222222222224,0.005901763008700477,0.0008437323073546091,0.7390000224113464
3,85,adaptive_crosssdc_cmr,hinge,1.0,0.01,0.8119126624531217,1.1529119809468586,1.7726203733020358,0.5317861119906108,0.002863784902729094,0.0002863784902729094,0.08940972222222222,0.0234375,0.005959646569357978,0.000994906657271915,0.7354999780654907
3,86,adaptive_crosssdc_cmr,hinge,1.0,0.01,0.8080443210071988,1.155833986070421,1.7617257038752239,0.5285177111625672,0.0037479091746111712,0.0003747909174611171,0.0920138888888889,0.016493055555555556,0.007599413808849122,0.0008651634885205163,0.7350000143051147
3,87,adaptive_crosssdc_cmr,hinge,1.0,0.01,0.8032319015926785,1.1601372824774847,1.7686147292455037,0.530584418773651,0.003803017187035746,0.0003803017187035746,0.1015625,0.019965277777777776,0.0078095611598756574,0.0007765624258253309,0.7390000224113464
3,88,adaptive_crosssdc_cmr,hinge,1.0,0.01,0.7987396319707235,1.1553024583392673,1.7566725015640259,0.5270017504692077,0.0032769872988056806,0.00032769872988056806,0.0954861111111111,0.020833333333333332,0.006795773489607705,0.0008169607155852848,0.737500011920929
3,89,adaptive_crosssdc_cmr,hinge,1.0,0.01,0.8151683211326599,1.1845991479025946,1.7902047369215224,0.5370614210764567,0.003308670297782454,0.00033086702977824545,0.09895833333333333,0.017361111111111112,0.006932058682044347,0.000796242720550961,0.737500011920929
3,90,adaptive_crosssdc_cmr,hinge,1.0,0.01,0.8030630018975999,1.1786014371448092,1.7619097232818604,0.5285729169845581,0.0028953515381241837,0.00028953515381241837,0.08680555555555555,0.018229166666666668,0.005922397805584801,0.0008043886886702643,0.737500011920929
3,91,adaptive_crosssdc_cmr,hinge,1.0,0.01,0.8250928653611077,1.176019271214803,1.780784010887146,0.5342352032661438,0.00348669042189916,0.000348669042189916,0.10243055555555555,0.019965277777777776,0.0074727485577265424,0.0007014833390712738,0.7319999933242798
3,92,adaptive_crosssdc_cmr,hinge,1.0,0.01,0.811617030037774,1.1773614353603787,1.7651794486575656,0.5295538345972697,0.0040564199443906546,0.0004056419944390655,0.1015625,0.024305555555555556,0.00809747932685746,0.0011443172891934712,0.7335000038146973
3,93,adaptive_crosssdc_cmr,hinge,1.0,0.01,0.8132589128282335,1.1787529521518283,1.7773167954550848,0.5331950386365254,0.0032768743112683296,0.00032768743112683297,0.08854166666666667,0.018229166666666668,0.006854421976539824,0.0006503135793738895,0.734000027179718
3,94,adaptive_crosssdc_cmr,hinge,1.0,0.01,0.806005941496955,1.1639780468410916,1.7626055743959215,0.5287816723187764,0.003228422965750926,0.00032284229657509266,0.08246527777777778,0.022569444444444444,0.0064207543101575636,0.0009431582358148363,0.7354999780654907
3,95,adaptive_crosssdc_cmr,hinge,1.0,0.01,0.8086620105637444,1.1853495836257935,1.7710332208209567,0.531309966246287,0.0037714689711315762,0.00037714689711315766,0.09288194444444445,0.021701388888888888,0.007398857010735406,0.0010059446924262578,0.7390000224113464
3,96,adaptive_crosssdc_cmr,hinge,1.0,0.01,0.8009443150626289,1.182209889094035,1.7617692020204332,0.5285307606061299,0.002604270095212592,0.0002604270095212592,0.07725694444444445,0.015625,0.005316827032301161,0.0007142677075333066,0.7350000143051147
3,97,adaptive_crosssdc_cmr,hinge,1.0,0.01,0.8022605445649889,1.1783373223410711,1.7648994260364108,0.5294698278109232,0.0018425578924102916,0.00018425578924102917,0.06597222222222222,0.009548611111111112,0.004120216601424747,0.00029965821239683364,0.7379999756813049
3,98,adaptive_crosssdc_cmr,hinge,1.0,0.01,0.8052820099724664,1.203113807572259,1.7858597569995456,0.5357579270998637,0.0025058884768643314,0.00025058884768643314,0.07465277777777778,0.018229166666666668,0.005031321611669328,0.000810508926709493,0.7404999732971191
3,99,adaptive_crosssdc_cmr,hinge,1.0,0.01,0.7988191578123305,1.2056797742843628,1.7725293768776789,0.5317588130633036,0.0025925006872663894,0.00025925006872663895,0.078125,0.016493055555555556,0.005252550045649211,0.0007290314469072553,0.7400000095367432
3,100,adaptive_crosssdc_cmr,hinge,1.0,0.01,0.7909717294904921,1.1868445210986667,1.7426453431447346,0.5227936029434204,0.002217290224507451,0.0002217290224507451,0.059895833333333336,0.014756944444444444,0.004625305533409119,0.0004951490296257867,0.7384999990463257
3,101,adaptive_crosssdc_cmr,hinge,1.0,0.01,0.7997165520985922,1.212048053741455,1.7832661734686956,0.5349798520406087,0.0020225987278131973,0.00020225987278131975,0.06163194444444445,0.013888888888888888,0.004428595304489136,0.00039905392461352877,0.7400000095367432
3,102,adaptive_crosssdc_cmr,hinge,1.0,0.01,0.7989085581567552,1.2265632417466905,1.7784253623750474,0.5335276087125143,0.0022515287144213086,0.00022515287144213086,0.0763888888888889,0.009548611111111112,0.00511622428894043,0.0002541898025406732,0.7400000095367432
3,103,adaptive_crosssdc_cmr,hinge,1.0,0.01,0.7880068487591214,1.2061178949144151,1.7676144176059299,0.5302843252817789,0.0018958350798736017,0.0001895835079873602,0.06076388888888889,0.014756944444444444,0.004055158545573552,0.00045524992876582674,0.7379999756813049
3,104,adaptive_crosssdc_cmr,hinge,1.0,0.01,0.7811123993661668,1.195094625155131,1.74918622440762,0.524755867322286,0.0014919023314076993,0.00014919023314076993,0.059027777777777776,0.013888888888888888,0.00305832177400589,0.0005983110103342268,0.7350000143051147
3,105,adaptive_crosssdc_cmr,hinge,1.0,0.01,0.7818735043207804,1.2074720859527588,1.7478147347768147,0.5243444204330444,0.0014226510926770668,0.00014226510926770668,0.05295138888888889,0.019097222222222224,0.0029914014869266087,0.0005524820751614041,0.734499990940094
3,106,adaptive_crosssdc_cmr,hinge,1.0,0.01,0.7913139594925774,1.227413747045729,1.772850751876831,0.5318552255630493,0.0017541138739842507,0.00017541138739842507,0.05381944444444445,0.017361111111111112,0.0034972793526119655,0.0006777577930026584,0.7379999756813049
3,107,adaptive_crosssdc_cmr,hinge,1.0,0.01,0.8044668700959947,1.2224293152491252,1.7645625803205702,0.529368774096171,0.006027206015359197,0.0006027206015359198,0.0998263888888889,0.012152777777777778,0.012137423786852095,0.0005545789996782938,0.7304999828338623
3,108,adaptive_crosssdc_cmr,hinge,1.0,0.01,0.8332498470942179,1.237215280532837,1.786361747317844,0.5359085241953532,0.0055634041006366415,0.0005563404100636641,0.1076388888888889,0.015625,0.01101960324578815,0.0009664508203665415,0.7315000295639038
3,109,adaptive_crosssdc_cmr,hinge,1.0,0.01,0.8205767605039809,1.22632454501258,1.777767949634128,0.5333303848902384,0.005315232414027883,0.0005315232414027883,0.109375,0.028645833333333332,0.010567465590106117,0.0012577068474557665,0.7354999780654907
3,110,adaptive_crosssdc_cmr,hinge,1.0,0.01,0.8026482529110379,1.2010542816585965,1.753569073147244,0.5260707219441731,0.003451160051756435,0.0003451160051756435,0.07899305555555555,0.020833333333333332,0.00615177634689543,0.0016098655760288239,0.7400000095367432
3,111,adaptive_crosssdc_cmr,hinge,1.0,0.01,0.7881021632088555,1.2081844276852078,1.7372594409518771,0.5211778322855631,0.002459448209265247,0.00024594482092652473,0.07118055555555555,0.016493055555555556,0.004999443474743102,0.0007359936005539364,0.7384999990463257
3,112,adaptive_crosssdc_cmr,hinge,1.0,0.01,0.7898733152283562,1.2200023200776842,1.7545514106750488,0.5263654232025147,0.0019959041383117437,0.00019959041383117438,0.06684027777777778,0.015625,0.0041017722752359174,0.0006908434960577223,0.7335000038146973
3,113,adaptive_crosssdc_cmr,hinge,1.0,0.01,0.7765706446435716,1.200626532236735,1.7325326204299927,0.5197597861289978,0.0017996289728519816,0.00017996289728519816,0.058159722222222224,0.016493055555555556,0.003781714787085851,0.0004801241060098012,0.7354999780654907
3,114,adaptive_crosssdc_cmr,hinge,1.0,0.01,0.7803568575117323,1.2327295276853774,1.7622218396928575,0.5286665519078573,0.0019593301048088404,0.00019593301048088406,0.058159722222222224,0.016493055555555556,0.003995142463180754,0.000620029866695404,0.7369999885559082
3,115,adaptive_crosssdc_cmr,hinge,1.0,0.01,0.77174397971895,1.2241870297325983,1.7492460409800212,0.5247738122940063,0.0011865556718678111,0.00011865556718678111,0.033854166666666664,0.009548611111111112,0.0022365819248888227,0.0005527134570810529,0.7379999756813049
3,116,adaptive_crosssdc_cmr,hinge,1.0,0.01,0.7837842835320367,1.2548305590947468,1.766145043902927,0.5298435131708781,0.0013034226722083986,0.00013034226722083986,0.05381944444444445,0.011284722222222222,0.002962804916832182,0.00032635322875446745,0.7400000095367432
3,117,adaptive_crosssdc_cmr,hinge,1.0,0.01,0.7720006306966146,1.2148371007707384,1.7470025486416287,0.5241007645924886,0.001162007502797577,0.00011620075027975771,0.05295138888888889,0.008680555555555556,0.0027157229681809745,0.00026494554347462125,0.7384999990463257
3,118,adaptive_crosssdc_cmr,hinge,1.0,0.01,0.7745994991726346,1.2403267754448786,1.7604324287838407,0.5281297286351522,0.0010046194115097427,0.00010046194115097428,0.033854166666666664,0.018229166666666668,0.00179227234588729,0.0007390727599461874,0.7384999990463257
3,119,adaptive_crosssdc_cmr,hinge,1.0,0.01,0.770319488313463,1.2450773980882432,1.7420959207746718,0.5226287762324016,0.0009795018122531474,9.795018122531474e-05,0.04513888888888889,0.013888888888888888,0.0021716865400473275,0.0003800570136970944,0.7390000224113464
3,120,adaptive_crosssdc_cmr,hinge,1.0,0.01,0.766789608531528,1.2203227811389499,1.7377550337049696,0.5213265101114909,0.0010842144159444918,0.00010842144159444918,0.041666666666666664,0.010416666666666666,0.0023394620252980124,0.00032931400669945613,0.7400000095367432
3,121,adaptive_crosssdc_cmr,hinge,1.0,0.01,0.7816338539123535,1.2721145815319486,1.7774419519636366,0.5332325855890909,0.000914079560768894,9.140795607688941e-05,0.04774305555555555,0.011284722222222222,0.0020931450029214225,0.0003354863988028632,0.7394999861717224
3,122,adaptive_crosssdc_cmr,hinge,1.0,0.01,0.7661010556750827,1.238323410352071,1.732936872376336,0.5198810617129008,0.0021733393142413762,0.00021733393142413763,0.06597222222222222,0.0078125,0.004713391264279683,0.00030632317066192627,0.7409999966621399
3,123,adaptive_crosssdc_cmr,hinge,1.0,0.01,0.78215934170617,1.240282204416063,1.7471347120073106,0.5241404136021932,0.0037230020000909767,0.0003723002000090977,0.0763888888888889,0.012152777777777778,0.0075461359487639535,0.0005820782648192511,0.7440000176429749
3,124,adaptive_crosssdc_cmr,hinge,1.0,0.01,0.7939494384659661,1.2375753455691867,1.7426964971754286,0.5228089491526285,0.002953792663498057,0.00029537926634980573,0.0798611111111111,0.015625,0.005880213446087307,0.0008913361363940769,0.7369999885559082
3,125,adaptive_crosssdc_cmr,hinge,1.0,0.01,0.7892932693163554,1.2238296800189548,1.7374060286415949,0.5212218085924785,0.0032470590667799115,0.00032470590667799115,0.08246527777777778,0.013020833333333334,0.006733486635817422,0.0005832004050413767,0.7379999756813049
3,126,adaptive_crosssdc_cmr,hinge,1.0,0.01,0.7814666562610202,1.2463086048762004,1.7416687806447346,0.5225006341934204,0.002267169151713865,0.0002267169151713865,0.06336805555555555,0.012152777777777778,0.004904154688119888,0.00040463854869206745,0.7350000143051147
3,127,adaptive_crosssdc_cmr,hinge,1.0,0.01,0.7752949198087057,1.2412956953048706,1.7347974909676447,0.5204392472902933,0.002074835414532572,0.0002074835414532572,0.059895833333333336,0.012152777777777778,0.004335160884592269,0.0004948133395777808,0.7440000176429749
3,128,adaptive_crosssdc_cmr,hinge,1.0,0.01,0.7594215671221415,1.2269283798005846,1.7171898153093126,0.5151569445927937,0.0009263092385178121,9.263092385178122e-05,0.0390625,0.0078125,0.001796229018105401,0.0005175082219971551,0.7419999837875366
3,129,adaptive_crosssdc_cmr,hinge,1.0,0.01,0.7760825554529825,1.2622460391786363,1.762198461426629,0.5286595384279887,0.0018702730012591928,0.0001870273001259193,0.06336805555555555,0.014756944444444444,0.0037853034834067025,0.0006421216660075717,0.7434999942779541
3,130,adaptive_crosssdc_cmr,hinge,1.0,0.01,0.773114820321401,1.2619776990678575,1.7568982707129583,0.5270694812138875,0.0012676139724337393,0.00012676139724337394,0.04513888888888889,0.011284722222222222,0.0025892145931720734,0.0005275747842258877,0.7379999756813049
3,131,adaptive_crosssdc_cmr,hinge,1.0,0.01,0.7658370667033725,1.2455376651551988,1.739003790749444,0.5217011372248331,0.0009501634890006648,9.501634890006648e-05,0.042534722222222224,0.013020833333333334,0.0019914760357803768,0.00040680749548806087,0.7425000071525574
3,132,adaptive_crosssdc_cmr,hinge,1.0,0.01,0.7560932437578837,1.2367451323403253,1.713520222240024,0.5140560666720072,0.00109026594630753,0.000109026594630753,0.036458333333333336,0.010416666666666666,0.00232219903005494,0.00032642939024501375,0.7415000200271606
3,133,adaptive_crosssdc_cmr,hinge,1.0,0.01,0.7606256935331557,1.2540238168504503,1.7256718476613362,0.5177015542984008,0.0009413913487353259,9.413913487353259e-05,0.043402777777777776,0.0078125,0.002044617301887936,0.00039309139053026837,0.7400000095367432
3,134,adaptive_crosssdc_cmr,hinge,1.0,0.01,0.7601902219984267,1.2416765689849854,1.7188579903708563,0.5156573971112569,0.0016342748066462162,0.00016342748066462164,0.04774305555555555,0.012152777777777778,0.0034085938500033486,0.00043861112660831876,0.7404999732971191
3,135,adaptive_crosssdc_cmr,hinge,1.0,0.01,0.7628250453207228,1.2619924677742853,1.7328460216522217,0.5198538064956665,0.0010460967670143065,0.00010460967670143065,0.043402777777777776,0.0078125,0.0023073566456635794,0.000294364160961575,0.7394999861717224
3,136,adaptive_crosssdc_cmr,hinge,1.0,0.01,0.7614350782500373,1.2428813378016155,1.7278166479534574,0.5183449943860372,0.0012674455776707167,0.00012674455776707168,0.046875,0.014756944444444444,0.0025601465668943194,0.0005328597293959723,0.7404999732971191
3,137,adaptive_crosssdc_cmr,hinge,1.0,0.01,0.7641509241527982,1.2682605452007718,1.729211648305257,0.5187634944915771,0.0007754451879817578,7.754451879817578e-05,0.03819444444444445,0.011284722222222222,0.0017254137330585057,0.00033272761437628005,0.7354999780654907
3,138,adaptive_crosssdc_cmr,hinge,1.0,0.01,0.7696208092901442,1.2821425729327731,1.7519716554217868,0.525591496626536,0.001191384644092371,0.00011913846440923711,0.04600694444444445,0.008680555555555556,0.002593534274233712,0.00035739938418070477,0.7365000247955322
3,139,adaptive_crosssdc_cmr,hinge,1.0,0.01,0.7630671064058939,1.2775755325953166,1.7393398417366877,0.5218019525210063,0.0010175009374506772,0.00010175009374506772,0.03993055555555555,0.015625,0.0021555746595064798,0.0004523123304049174,0.7384999990463257
3,140,adaptive_crosssdc_cmr,hinge,1.0,0.01,0.7609005769093832,1.2752356396781073,1.728743354479472,0.5186230063438415,0.0011443475005863649,0.0001144347500586365,0.03993055555555555,0.006944444444444444,0.0023720997075239816,0.0003187412189112769,0.7400000095367432
3,141,adaptive_crosssdc_cmr,hinge,1.0,0.01,0.7639930182033114,1.2597509490119085,1.7255719767676458,0.5176715930302938,0.0014666050491440627,0.00014666050491440627,0.05295138888888889,0.008680555555555556,0.0030278832548194462,0.0004399220148722331,0.7319999933242798
3,142,adaptive_crosssdc_cmr,hinge,1.0,0.01,0.7678657571474711,1.2795376645194159,1.7422778606414795,0.5226833581924438,0.001148545050657251,0.00011485450506572509,0.046875,0.011284722222222222,0.002364775372876061,0.0003992037640677558,0.7360000014305115
3,143,adaptive_crosssdc_cmr,hinge,1.0,0.01,0.7692414787080553,1.2806941668192546,1.7417970365948148,0.5225391109784444,0.0013585592257893747,0.00013585592257893747,0.046875,0.015625,0.002779284285174476,0.0004796899027294583,0.7394999861717224
3,144,adaptive_crosssdc_cmr,hinge,1.0,0.01,0.7691390713055929,1.2908139493730333,1.7442650000254314,0.5232795000076294,0.0013003623155075023,0.00013003623155075024,0.050347222222222224,0.009548611111111112,0.002699462076028188,0.0004925872716638777,0.737500011920929
3,145,adaptive_crosssdc_cmr,hinge,1.0,0.01,0.7687398062811958,1.2760238779915705,1.7420432037777371,0.5226129611333211,0.00150026379722274,0.000150026379722274,0.04600694444444445,0.014756944444444444,0.0029144100844860077,0.000631317910220888,0.7319999933242798
3,146,adaptive_crosssdc_cmr,hinge,1.0,0.01,0.7658745845158895,1.2619889709684584,1.7150433990690443,0.5145130197207133,0.001909782624958704,0.0001909782624958704,0.04513888888888889,0.013020833333333334,0.0033878369463814628,0.0009607180125183529,0.7354999780654907
3,147,adaptive_crosssdc_cmr,hinge,1.0,0.01,0.7635064389970567,1.271379166179233,1.724609997537401,0.5173829992612202,0.0012480005065703557,0.00012480005065703558,0.052083333333333336,0.010416666666666666,0.0028061560458607143,0.0002945007549391852,0.7350000143051147
3,148,adaptive_crosssdc_cmr,hinge,1.0,0.01,0.7647130290667216,1.2765696843465169,1.7352019548416138,0.5205605864524842,0.0015004077771057684,0.00015004077771057687,0.05555555555555555,0.008680555555555556,0.0033372284637557138,0.00026948460274272494,0.7394999861717224
3,149,adaptive_crosssdc_cmr,hinge,1.0,0.01,0.7593975530730354,1.271470268567403,1.7204968002107408,0.5161490400632223,0.0011114226751184713,0.00011114226751184713,0.042534722222222224,0.012152777777777778,0.0021931156516075134,0.0005632071859306759,0.7369999885559082
3,150,adaptive_crosssdc_cmr,hinge,1.0,0.01,0.7691170904371474,1.2976909081141155,1.742478609085083,0.5227435827255249,0.0016060293548636967,0.0001606029354863697,0.051215277777777776,0.011284722222222222,0.003246552414364285,0.0005502208239502377,0.737500011920929
3,151,adaptive_crosssdc_cmr,hinge,1.0,0.01,0.7695927752388848,1.276826752556695,1.7301026847627428,0.5190308054288229,0.0014680241907222404,0.00014680241907222405,0.04861111111111111,0.013888888888888888,0.002968642446729872,0.0005739956266350216,0.734000027179718
3,152,adaptive_crosssdc_cmr,hinge,1.0,0.01,0.7673689987924364,1.2745099200142755,1.7121685610877142,0.5136505683263143,0.003002994587101663,0.00030029945871016633,0.06597222222222222,0.013020833333333334,0.0062202682925595176,0.0005171837078200446,0.7434999942779541
3,153,adaptive_crosssdc_cmr,hinge,1.0,0.01,0.7652095357577006,1.2693205144670274,1.7111653751797147,0.5133496125539144,0.0022222440974372956,0.00022222440974372957,0.0546875,0.012152777777777778,0.004460419631666607,0.000617044253481759,0.737500011920929
3,154,adaptive_crosssdc_cmr,hinge,1.0,0.01,0.7892603145705329,1.2970732980304294,1.7284910678863525,0.5185473203659058,0.007145487780993183,0.0007145487780993183,0.09375,0.011284722222222222,0.01420400126112832,0.0006127494076887766,0.7329999804496765
3,155,adaptive_crosssdc_cmr,hinge,1.0,0.01,0.8359385000334846,1.3011066648695204,1.736371848318312,0.5209115544954935,0.011281852455188831,0.001128185245518883,0.13368055555555555,0.020833333333333332,0.021715292086203892,0.0011596033970514934,0.7285000085830688
3,156,adaptive_crosssdc_cmr,hinge,1.0,0.01,0.8127773536576165,1.2944775687323675,1.74143119653066,0.522429358959198,0.008139480784949329,0.0008139480784949329,0.12413194444444445,0.024305555555555556,0.015527913139926063,0.001450630525747935,0.7325000166893005
3,157,adaptive_crosssdc_cmr,hinge,1.0,0.01,0.8052612145741781,1.324035922686259,1.7640932930840387,0.5292279879252116,0.004715547198429704,0.0004715547198429704,0.09635416666666667,0.019097222222222224,0.009121951543622546,0.0010686156650384266,0.7390000224113464
3,158,adaptive_crosssdc_cmr,hinge,1.0,0.01,0.7835946745342679,1.2949056095547147,1.7314628495110407,0.5194388548533122,0.0019858956479260493,0.00019858956479260493,0.046875,0.018229166666666668,0.003574014123943117,0.0009501775105794271,0.7415000200271606
3,159,adaptive_crosssdc_cmr,hinge,1.0,0.01,0.7775289018948873,1.3053397999869452,1.7427043120066326,0.5228112936019897,0.001704404246993363,0.0001704404246993363,0.050347222222222224,0.017361111111111112,0.003256478657325109,0.0008406196203496722,0.7369999885559082
3,160,adaptive_crosssdc_cmr,hinge,1.0,0.01,0.7662428617477417,1.263861311806573,1.7142531606886122,0.5142759482065836,0.0010813774165904357,0.00010813774165904357,0.041666666666666664,0.0078125,0.00236306960384051,0.00030270591378211975,0.737500011920929
3,161,adaptive_crosssdc_cmr,hinge,1.0,0.01,0.7691721783743964,1.2995454735226102,1.7438346279991999,0.5231503883997599,0.001259077126936366,0.0001259077126936366,0.044270833333333336,0.009548611111111112,0.0022913585934374067,0.0006632916629314423,0.7365000247955322
3,162,adaptive_crosssdc_cmr,hinge,1.0,0.01,0.7626119256019592,1.2953614526324801,1.7254570987489488,0.5176371296246847,0.0011003237612183308,0.0001100323761218331,0.03125,0.018229166666666668,0.0016382001340389252,0.0009577530953619215,0.7390000224113464
3,163,adaptive_crosssdc_cmr,hinge,1.0,0.01,0.7694220013088651,1.3258457051383123,1.7546308040618896,0.5263892412185669,0.00113891516553445,0.00011389151655344501,0.0390625,0.012152777777777778,0.002331610769033432,0.00039347633719444275,0.7369999885559082
3,164,adaptive_crosssdc_cmr,hinge,1.0,0.01,0.7481654749976264,1.2743340333302815,1.7142119142744277,0.5142635742823283,0.0007021557378013515,7.021557378013514e-05,0.026041666666666668,0.006076388888888889,0.001471592320336236,0.0002428293228149414,0.7429999709129333
3,165,adaptive_crosssdc_cmr,hinge,1.0,0.01,0.7550449305110507,1.3075297408633761,1.7319579389360216,0.5195873816808064,0.0006397970977963673,6.397970977963672e-05,0.027777777777777776,0.008680555555555556,0.0014164646466573079,0.00026729909910096065,0.7404999732971191
3,166,adaptive_crosssdc_cmr,hinge,1.0,0.01,0.7473359704017639,1.288185675938924,1.7178061405817668,0.51534184217453,0.0006298425718745824,6.298425718745825e-05,0.030381944444444444,0.005208333333333333,0.0014044389956527287,0.00019327385558022393,0.7394999861717224
3,167,adaptive_crosssdc_cmr,hinge,1.0,0.01,0.7493201626671685,1.3002723587883844,1.7107435862223308,0.5132230758666992,0.000567111823733689,5.671118237336891e-05,0.0234375,0.0078125,0.001099918865495258,0.0003682879938019647,0.7394999861717224
3,168,adaptive_crosssdc_cmr,hinge,1.0,0.01,0.7506408227814568,1.3035899798075359,1.7323969602584839,0.5197190880775452,0.0005728961679980987,5.728961679980987e-05,0.03125,0.005208333333333333,0.0013626635902457768,0.00013047622309790718,0.7400000095367432
3,169,adaptive_crosssdc_cmr,hinge,1.0,0.01,0.7592838737699721,1.32463448577457,1.7509177923202515,0.5252753376960754,0.0007859351915410823,7.859351915410824e-05,0.034722222222222224,0.006076388888888889,0.0017510582175519732,0.00020170542928907607,0.7369999885559082
3,170,adaptive_crosssdc_cmr,hinge,1.0,0.01,0.755623910162184,1.3187397056155734,1.7482520076963637,0.5244756023089091,0.000547515529130275,5.47515529130275e-05,0.026909722222222224,0.006076388888888889,0.0012239234315024482,0.00018537541230519614,0.7400000095367432
3,171,adaptive_crosssdc_cmr,hinge,1.0,0.01,0.7477969262335036,1.3237555027008057,1.7255249950620863,0.5176574985186259,0.000507438898138288,5.07438898138288e-05,0.019965277777777776,0.009548611111111112,0.0009224406547016568,0.00037541861335436505,0.7394999861717224
3,172,adaptive_crosssdc_cmr,hinge,1.0,0.01,0.7555076413684421,1.315789368417528,1.7415772941377428,0.5224731882413228,0.0006300423831109785,6.300423831109786e-05,0.026909722222222224,0.009548611111111112,0.00130564636654324,0.00030585543976889714,0.7369999885559082
3,173,adaptive_crosssdc_cmr,hinge,1.0,0.01,0.7562326126628451,1.3315864668952093,1.7403497695922852,0.5221049308776855,0.0010097354881711202,0.00010097354881711202,0.0390625,0.0078125,0.0021903105080127716,0.0002687995632489522,0.7394999861717224
3,174,adaptive_crosssdc_cmr,hinge,1.0,0.01,0.7559434771537781,1.3269107341766357,1.7418467336230807,0.5225540200869242,0.0006829391568317078,6.829391568317079e-05,0.03125,0.004340277777777778,0.0015500295493337843,0.00018231074015299478,0.7384999990463257
3,175,adaptive_crosssdc_cmr,hinge,1.0,0.01,0.7566982242796156,1.322381615638733,1.7375188536114163,0.5212556560834248,0.0007055598479281697,7.055598479281697e-05,0.025173611111111112,0.012152777777777778,0.001158763137128618,0.0006124551097551981,0.7409999966621399
3,176,adaptive_crosssdc_cmr,hinge,1.0,0.01,0.7520264387130737,1.3389430973264906,1.7393957376480103,0.5218187212944031,0.0008420449869138085,8.420449869138086e-05,0.035590277777777776,0.008680555555555556,0.0018117055296897888,0.0002860141297181447,0.7384999990463257
3,177,adaptive_crosssdc_cmr,hinge,1.0,0.01,0.7472958498530917,1.3079109721713595,1.7170250945621066,0.5151075283686319,0.0007849467672511108,7.849467672511109e-05,0.033854166666666664,0.011284722222222222,0.001674402505159378,0.0003163160549269782,0.7450000047683716
3,178,adaptive_crosssdc_cmr,hinge,1.0,0.01,0.7507236732376946,1.3240505192014906,1.7423179414537218,0.5226953824361165,0.0006407937439184429,6.407937439184429e-05,0.03211805555555555,0.006944444444444444,0.001443500320116679,0.0002417291204134623,0.7409999966621399
3,179,adaptive_crosssdc_cmr,hinge,1.0,0.01,0.7432576219240824,1.299892822901408,1.7102802859412298,0.513084085782369,0.0008347224373008228,8.347224373008229e-05,0.035590277777777776,0.008680555555555556,0.0017011215289433796,0.0003678773840268453,0.7434999942779541
3,180,adaptive_crosssdc_cmr,hinge,1.0,0.01,0.7490604586071439,1.3321822616789076,1.7315361897150676,0.5194608569145203,0.0004750629919322415,4.750629919322415e-05,0.030381944444444444,0.004340277777777778,0.0011427911619345348,0.00015689142876201205,0.7390000224113464
3,181,adaptive_crosssdc_cmr,hinge,1.0,0.01,0.7470828625890944,1.335523181491428,1.7263047165340848,0.5178914149602254,0.0005805587150259978,5.805587150259979e-05,0.025173611111111112,0.005208333333333333,0.001239074601067437,0.00016518640849325393,0.7404999732971191
3,182,adaptive_crosssdc_cmr,hinge,1.0,0.01,0.7370039886898465,1.310899509323968,1.7145063877105713,0.5143519163131713,0.0005646488405343714,5.6464884053437145e-05,0.0234375,0.006076388888888889,0.0011875331401824951,0.0002407688233587477,0.7425000071525574
3,183,adaptive_crosssdc_cmr,hinge,1.0,0.01,0.7530046237839593,1.334969335132175,1.7519696818457708,0.5255909045537313,0.0003600393473688099,3.600393473688099e-05,0.024305555555555556,0.009548611111111112,0.0008154685298601786,0.00028289978702863056,0.7440000176429749
3,184,adaptive_crosssdc_cmr,hinge,1.0,0.01,0.7304525507820977,1.2881874640782673,1.6909466981887817,0.5072840094566345,0.0006642455304649451,6.642455304649452e-05,0.027777777777777776,0.013020833333333334,0.0013637000487910376,0.00038145606716473895,0.7384999990463257
3,185,adaptive_crosssdc_cmr,hinge,1.0,0.01,0.7387349804242452,1.3297461403740778,1.713936686515808,0.5141810059547424,0.00045514645413883653,4.551464541388366e-05,0.026909722222222224,0.005208333333333333,0.0010967660281393263,0.0001663507686720954,0.7360000014305115
3,186,adaptive_crosssdc_cmr,hinge,1.0,0.01,0.744961506790585,1.3197115792168512,1.7180315256118774,0.5154094576835632,0.000627144354641334,6.27144354641334e-05,0.026909722222222224,0.006944444444444444,0.0012454527119795482,0.00029157143500116136,0.7425000071525574
3,187,adaptive_crosssdc_cmr,hinge,1.0,0.01,0.7396635678079393,1.3012312518225775,1.7023724185095892,0.5107117255528767,0.0007712487713433802,7.712487713433802e-05,0.033854166666666664,0.008680555555555556,0.0015961829986837176,0.00038408694995774166,0.737500011920929
3,188,adaptive_crosssdc_cmr,hinge,1.0,0.01,0.7576038307613797,1.3476492431428697,1.7412986490461562,0.5223895947138468,0.0009933622075348264,9.933622075348264e-05,0.03125,0.014756944444444444,0.0017236032419734532,0.0006461681591139899,0.7404999732971191
3,189,adaptive_crosssdc_cmr,hinge,1.0,0.01,0.7827934622764587,1.3736431731118097,1.7747605509228177,0.5324281652768453,0.0015153968351013544,0.00015153968351013544,0.0546875,0.0078125,0.00329472745458285,0.0003221788340144687,0.7365000247955322
3,190,adaptive_crosssdc_cmr,hinge,1.0,0.01,0.7771163847711351,1.356892122162713,1.7623319890764024,0.5286995967229207,0.0019485944487516666,0.00019485944487516668,0.05642361111111111,0.012152777777777778,0.0038739248282379573,0.0006178903083006541,0.7400000095367432
3,191,adaptive_crosssdc_cmr,hinge,1.0,0.01,0.7513239449924893,1.3066370354758368,1.7031013435787625,0.5109304030736287,0.0011932411936060009,0.0001193241193606001,0.046875,0.0078125,0.002622258332040575,0.000359539356496599,0.7390000224113464
3,192,adaptive_crosssdc_cmr,hinge,1.0,0.01,0.7511819667286344,1.310263408554925,1.6973010169135199,0.5091903050740559,0.0013769284155892415,0.00013769284155892416,0.046875,0.006944444444444444,0.002839293744828966,0.00035454250044292875,0.7379999756813049
3,193,adaptive_crosssdc_cmr,hinge,1.0,0.01,0.7578409181700813,1.3380185498131647,1.7217381397883098,0.516521441936493,0.001156388070537812,0.00011563880705378122,0.04079861111111111,0.011284722222222222,0.0022677510148949092,0.0005299854609701368,0.7415000200271606
3,194,adaptive_crosssdc_cmr,hinge,1.0,0.01,0.7433069811926948,1.3046310875150893,1.7008568313386705,0.5102570494016011,0.000622088584350422,6.22088584350422e-05,0.028645833333333332,0.009548611111111112,0.0011617177062564427,0.0004444060226281484,0.7379999756813049
3,195,adaptive_crosssdc_cmr,hinge,1.0,0.01,0.7538914415571425,1.3391362958484225,1.7359816630681355,0.5207944989204406,0.0010317577345833545,0.00010317577345833547,0.03732638888888889,0.0078125,0.0020743906497955322,0.000383983055750529,0.7400000095367432
3,196,adaptive_crosssdc_cmr,hinge,1.0,0.01,0.7436507609155443,1.3212204774220784,1.7265288167529635,0.5179586450258891,0.0006506075717172482,6.506075717172482e-05,0.033854166666666664,0.008680555555555556,0.001343297047747506,0.00035164256890614826,0.7400000095367432
3,197,adaptive_crosssdc_cmr,hinge,1.0,0.01,0.7380932437049018,1.3171248965793185,1.7017705308066473,0.5105311592419942,0.0006341229260821516,6.341229260821516e-05,0.026909722222222224,0.006076388888888889,0.0013850484457280901,0.00018727655212084451,0.7404999732971191
3,198,adaptive_crosssdc_cmr,hinge,1.0,0.01,0.7453391750653585,1.3286632829242282,1.7181802723142836,0.5154540816942851,0.0005183089354735179,5.183089354735179e-05,0.024305555555555556,0.006944444444444444,0.0012173760268423292,0.00015196121401256986,0.7390000224113464
3,199,adaptive_crosssdc_cmr,hinge,1.0,0.01,0.7362193928824531,1.3180261188083224,1.7002028624216716,0.5100608587265014,0.0007198057218273687,7.198057218273687e-05,0.029513888888888888,0.0078125,0.0014190661410490673,0.00040576068891419307,0.7434999942779541
4,0,adaptive_crosssdc_cmr,hinge,1.0,0.01,3.3222611215379505,0.7246466279029846,2.0520078341166177,0.6156023502349853,0.7328164312574599,0.07328164312574599,0.8758680555555556,0.7248263888888888,1.170591738488939,0.2886662516329024,0.5856000185012817
4,1,adaptive_crosssdc_cmr,hinge,1.0,0.01,2.3682755364312067,0.7255193856027391,1.9284855789608426,0.5785456736882527,0.686356610722012,0.0686356610722012,0.9930555555555556,0.6440972222222222,1.1921459436416626,0.17995036393404007,0.5996000170707703
4,2,adaptive_crosssdc_cmr,hinge,1.0,0.01,1.9621574216418796,0.5996714101897346,1.9012518061531916,0.5703755418459574,0.42244181368086076,0.04224418136808608,0.9722222222222222,0.6814236111111112,0.6903667085700564,0.16046069065729776,0.6039999723434448
4,3,adaptive_crosssdc_cmr,hinge,1.0,0.01,1.7355454365412395,0.5774347715907626,1.8455995983547635,0.553679879506429,0.2866567803753747,0.02866567803753747,0.9253472222222222,0.7109375,0.43098173207706875,0.1555420739783181,0.6100000143051147
4,4,adaptive_crosssdc_cmr,hinge,1.0,0.01,1.5789225101470947,0.5610688394970365,1.8071476883358426,0.5421443065007527,0.23277577757835388,0.02327757775783539,0.8958333333333334,0.6710069444444444,0.32901327146424186,0.1538893530766169,0.6079999804496765
4,5,adaptive_crosssdc_cmr,hinge,1.0,0.01,1.4732805622948542,0.5747511386871338,1.7836904658211603,0.535107139746348,0.22224926120705074,0.022224926120705077,0.8958333333333334,0.6666666666666666,0.3116442428694831,0.14859471718470255,0.6119999885559082
4,6,adaptive_crosssdc_cmr,hinge,1.0,0.01,1.3861854606204562,0.5827784869405959,1.77078558339013,0.5312356750170389,0.19852024813493094,0.019852024813493095,0.8871527777777778,0.6284722222222222,0.27881232566303676,0.13186618602938122,0.6204000115394592
4,7,adaptive_crosssdc_cmr,hinge,1.0,0.01,1.3220343457327948,0.5845512880219353,1.7462556097242568,0.523876682917277,0.18212322725190055,0.018212322725190057,0.8532986111111112,0.6067708333333334,0.24853002859486473,0.12980405241250992,0.6223999857902527
4,8,adaptive_crosssdc_cmr,hinge,1.0,0.01,1.265440543492635,0.6065693034066094,1.7355403900146484,0.5206621170043945,0.16059196988741556,0.016059196988741555,0.8524305555555556,0.5529513888888888,0.2322103116247389,0.10249731855260001,0.6251999735832214
4,9,adaptive_crosssdc_cmr,hinge,1.0,0.01,1.2119810448752508,0.608714309003618,1.7177632252375286,0.5153289675712586,0.14771132833427852,0.014771132833427854,0.8263888888888888,0.5034722222222222,0.21858778927061293,0.08940494971142875,0.6263999938964844
4,10,adaptive_crosssdc_cmr,hinge,1.0,0.01,1.1836535665724013,0.6368963321050009,1.7327173683378432,0.5198152105013529,0.14163817962010702,0.014163817962010702,0.7847222222222222,0.4930555555555556,0.2054745720492469,0.0910955775115225,0.6295999884605408
4,11,adaptive_crosssdc_cmr,hinge,1.0,0.01,1.1523783206939697,0.6338393224610223,1.7050261365042791,0.5115078409512838,0.12970052162806192,0.012970052162806193,0.7777777777777778,0.4418402777777778,0.19522408809926775,0.07755122913254632,0.6331999897956848
4,12,adaptive_crosssdc_cmr,hinge,1.0,0.01,1.1238902807235718,0.6371910174687704,1.7214627663294475,0.5164388298988343,0.12009200205405553,0.012009200205405553,0.7413194444444444,0.4236111111111111,0.17728666133350796,0.07451749593019485,0.6359999775886536
4,13,adaptive_crosssdc_cmr,hinge,1.0,0.01,1.1124273671044245,0.6664528648058573,1.7451099024878607,0.5235329707463582,0.10583203285932541,0.010583203285932541,0.7309027777777778,0.390625,0.16162003742323983,0.06079832133319643,0.6399999856948853
4,14,adaptive_crosssdc_cmr,hinge,1.0,0.01,1.07166322072347,0.6519238617685106,1.6964488161934748,0.5089346448580424,0.1034505921933386,0.01034505921933386,0.7074652777777778,0.3628472222222222,0.16066870093345642,0.05715782857603497,0.6467999815940857
4,15,adaptive_crosssdc_cmr,hinge,1.0,0.01,1.040001372496287,0.6559548841582404,1.6443193488650851,0.4932958046595255,0.10241461462444729,0.010241461462444729,0.7013888888888888,0.3602430555555556,0.1552270253499349,0.060074244936307274,0.647599995136261
4,16,adaptive_crosssdc_cmr,hinge,1.0,0.01,1.0335606336593628,0.6492741770214505,1.655240045653449,0.4965720136960347,0.08889125370317036,0.008889125370317037,0.6710069444444444,0.3159722222222222,0.13990588900115755,0.04830604377720091,0.6507999897003174
4,17,adaptive_crosssdc_cmr,hinge,1.0,0.01,1.0168188479211595,0.6675197879473368,1.6598337888717651,0.49795013666152954,0.08601134022076924,0.008601134022076925,0.6501736111111112,0.3263888888888889,0.13256912926832834,0.04848975357082155,0.6535999774932861
4,18,adaptive_crosssdc_cmr,hinge,1.0,0.01,0.9987346993552314,0.6710276736153497,1.6468417644500732,0.494052529335022,0.07342193027337392,0.007342193027337392,0.6519097222222222,0.2751736111111111,0.1200322268737687,0.03702741157677439,0.6564000248908997
4,19,adaptive_crosssdc_cmr,hinge,1.0,0.01,0.980287664466434,0.7033109797371758,1.648852785428365,0.49465583562850945,0.06848243623971939,0.00684824362397194,0.6137152777777778,0.2508680555555556,0.11365312586228053,0.032066873378223844,0.6571999788284302
4,20,adaptive_crosssdc_cmr,hinge,1.0,0.01,0.9785999059677124,0.7025959690411886,1.6668156385421753,0.5000446915626525,0.06672010198235512,0.006672010198235512,0.5789930555555556,0.2751736111111111,0.10672559671931797,0.03594063719113668,0.6592000126838684
4,21,adaptive_crosssdc_cmr,hinge,1.0,0.01,0.9535820881525675,0.7075438764360216,1.6308341026306152,0.48925023078918456,0.061773837440543704,0.006177383744054371,0.5772569444444444,0.22916666666666666,0.10203436099820667,0.029391148851977453,0.6571999788284302
4,22,adaptive_crosssdc_cmr,hinge,1.0,0.01,0.9360167781511942,0.6931552026006911,1.6012334956063166,0.4803700486818949,0.0568184939523538,0.00568184939523538,0.5659722222222222,0.2204861111111111,0.09420016821887758,0.027439016848802567,0.6603999733924866
4,23,adaptive_crosssdc_cmr,hinge,1.0,0.01,0.950001855691274,0.7127850519286262,1.64855776892768,0.494567330678304,0.05143808200955391,0.005143808200955391,0.5251736111111112,0.22135416666666666,0.0845687844687038,0.026392882482873067,0.6636000275611877
4,24,adaptive_crosssdc_cmr,hinge,1.0,0.01,0.9374380244149102,0.7280750142203437,1.6497154235839844,0.4949146270751953,0.050388394544521965,0.005038839454452197,0.5243055555555556,0.234375,0.08455713424417707,0.02399758870402972,0.6651999950408936
4,25,adaptive_crosssdc_cmr,hinge,1.0,0.01,0.9196218914455838,0.7376538515090942,1.6280123657650418,0.4884037097295125,0.04663657976521386,0.004663657976521386,0.5095486111111112,0.171875,0.08151555185516675,0.018763497057888243,0.66839998960495
4,26,adaptive_crosssdc_cmr,hinge,1.0,0.01,0.909147646692064,0.712795078754425,1.6025682157940335,0.48077046473821006,0.04413024750020769,0.004413024750020769,0.4956597222222222,0.17447916666666666,0.07647082871860927,0.01894024552570449,0.6679999828338623
4,27,adaptive_crosssdc_cmr,hinge,1.0,0.01,0.9140366978115506,0.7663739919662476,1.6377540429433186,0.49132621288299555,0.04497323392166032,0.004497323392166032,0.5034722222222222,0.1840277777777778,0.08098753955629137,0.0164605254928271,0.6751999855041504
4,28,adaptive_crosssdc_cmr,hinge,1.0,0.01,0.8995654119385613,0.743352558877733,1.6177623007032607,0.4853286902109782,0.03726994329028659,0.0037269943290286593,0.4635416666666667,0.171875,0.0667758621275425,0.014681172453694873,0.6696000099182129
4,29,adaptive_crosssdc_cmr,hinge,1.0,0.01,0.8819416562716166,0.7395811279614767,1.5832550790574815,0.4749765237172444,0.035854477849271565,0.0035854477849271565,0.4296875,0.15625,0.06323172648747762,0.014455783698293898,0.6740000247955322
4,30,adaptive_crosssdc_cmr,hinge,1.0,0.01,0.8749532368448045,0.7545706166161431,1.5818414158291287,0.4745524247487386,0.032842946549256645,0.0032842946549256646,0.40625,0.1519097222222222,0.057558817581997976,0.013938795775175095,0.6732000112533569
4,31,adaptive_crosssdc_cmr,hinge,1.0,0.01,0.8818257649739584,0.7505456209182739,1.6117898093329535,0.483536942799886,0.03164448030292988,0.003164448030292988,0.4140625,0.1371527777777778,0.055590324103832245,0.013402081612083647,0.6772000193595886
4,32,adaptive_crosssdc_cmr,hinge,1.0,0.01,0.8653227024608188,0.7492464317215813,1.5694986316892836,0.47084958950678507,0.02969276201393869,0.0029692762013938693,0.3828125,0.1267361111111111,0.05287261514200105,0.012186223434077369,0.6800000071525574
4,33,adaptive_crosssdc_cmr,hinge,1.0,0.01,0.8691788779364692,0.7812269528706869,1.6069230900870428,0.4820769270261128,0.027821793738338683,0.0027821793738338685,0.3932291666666667,0.1345486111111111,0.049862237026294075,0.011258978396654129,0.6779999732971191
4,34,adaptive_crosssdc_cmr,hinge,1.0,0.01,0.8519434597757127,0.7674389150407579,1.5550096962187026,0.46650290886561074,0.024820609018206596,0.0024820609018206597,0.3472222222222222,0.12586805555555555,0.04417707729670736,0.010484895772404142,0.6851999759674072
4,35,adaptive_crosssdc_cmr,hinge,1.0,0.01,0.8563612169689603,0.7883107728428311,1.5981397363874648,0.4794419209162394,0.027123639567030802,0.0027123639567030802,0.3619791666666667,0.125,0.04903810678256883,0.010119692318969302,0.6808000206947327
4,36,adaptive_crosssdc_cmr,hinge,1.0,0.01,0.8384895457161797,0.7711758216222128,1.559918310907152,0.46797549327214555,0.02114173159417179,0.002114173159417179,0.3246527777777778,0.0954861111111111,0.04019323653644986,0.007385273774464925,0.6823999881744385
4,37,adaptive_crosssdc_cmr,hinge,1.0,0.01,0.8367252813445197,0.7742516332202487,1.5614122152328491,0.46842366456985474,0.021359287202358246,0.0021359287202358246,0.3237847222222222,0.10503472222222222,0.038127294845051236,0.008614298784070544,0.6832000017166138
4,38,adaptive_crosssdc_cmr,hinge,1.0,0.01,0.8329402671919929,0.7871954838434855,1.5647547642389934,0.469426429271698,0.020161763454476993,0.0020161763454476993,0.3090277777777778,0.11197916666666667,0.03651711510287391,0.00824228177467982,0.6855999827384949
4,39,adaptive_crosssdc_cmr,hinge,1.0,0.01,0.8194133241971334,0.7776870330174764,1.552478207482232,0.4657434622446696,0.018305207188758586,0.0018305207188758586,0.2873263888888889,0.0842013888888889,0.03393252566456795,0.006669042425023185,0.6899999976158142
4,40,adaptive_crosssdc_cmr,hinge,1.0,0.01,0.8220987386173673,0.8027540644009908,1.5708339744144015,0.4712501923243204,0.01699407481484943,0.001699407481484943,0.2881944444444444,0.1032986111111111,0.03095658330453767,0.007289727942811118,0.6880000233650208
4,41,adaptive_crosssdc_cmr,hinge,1.0,0.01,0.8223778274324205,0.7904445860120985,1.5759273105197482,0.47277819315592445,0.01707518556051784,0.0017075185560517841,0.2673611111111111,0.08506944444444445,0.030497356007496517,0.007216090543402566,0.6868000030517578
4,42,adaptive_crosssdc_cmr,hinge,1.0,0.01,0.8085329333941141,0.77726239628262,1.5399430460400052,0.4619829138120015,0.01592537502033843,0.001592537502033843,0.2725694444444444,0.0859375,0.030751457230912313,0.005329466114441554,0.6859999895095825
4,43,adaptive_crosssdc_cmr,hinge,1.0,0.01,0.8022677368587918,0.8007410367329916,1.53282630443573,0.45984789133071896,0.01590133375591702,0.0015901333755917021,0.2699652777777778,0.0720486111111111,0.03000594758325153,0.005355050166447957,0.6859999895095825
4,44,adaptive_crosssdc_cmr,hinge,1.0,0.01,0.798464318116506,0.8113391002019247,1.5307216114468045,0.4592164834340413,0.015424457275205188,0.0015424457275205188,0.2647569444444444,0.0798611111111111,0.027733332580990262,0.006505994333161248,0.6912000179290771
4,45,adaptive_crosssdc_cmr,hinge,1.0,0.01,0.7960864305496216,0.8264802098274231,1.5314715835783217,0.4594414750734965,0.014711804894937409,0.001471180489493741,0.2508680555555556,0.08246527777777778,0.027078757683436077,0.005446392628881667,0.6868000030517578
4,46,adaptive_crosssdc_cmr,hinge,1.0,0.01,0.8062473005718656,0.8269278208414713,1.5606649849149916,0.46819949547449746,0.014721778531869253,0.0014721778531869255,0.23697916666666666,0.08506944444444445,0.02611637943320804,0.006444241851568222,0.6904000043869019
4,47,adaptive_crosssdc_cmr,hinge,1.0,0.01,0.7908403277397156,0.8073457876841227,1.5220530298021104,0.4566159089406331,0.012594602277709378,0.001259460227770938,0.22569444444444445,0.0720486111111111,0.023845385760068893,0.004186637699604034,0.6916000247001648
4,48,adaptive_crosssdc_cmr,hinge,1.0,0.01,0.7915724251005385,0.8279494179619683,1.5338745382097032,0.46016236146291095,0.011367087200697925,0.0011367087200697926,0.21354166666666666,0.07465277777777778,0.021136074430412717,0.00431736848420567,0.6923999786376953
4,49,adaptive_crosssdc_cmr,hinge,1.0,0.01,0.78527303536733,0.8248935143152872,1.5322444438934326,0.4596733331680298,0.012378576004670726,0.0012378576004670727,0.2378472222222222,0.0763888888888889,0.02227956760260794,0.005380504247215059,0.6923999786376953
4,50,adaptive_crosssdc_cmr,hinge,1.0,0.01,0.7755398485395644,0.825200100739797,1.50915437274509,0.452746311823527,0.010233193222019408,0.0010233193222019409,0.2144097222222222,0.06684027777777778,0.019860454731517367,0.00380756085117658,0.6904000043869019
4,51,adaptive_crosssdc_cmr,hinge,1.0,0.01,0.7799250549740262,0.8432018558184305,1.5283136367797852,0.4584940910339355,0.010767850041803386,0.0010767850041803386,0.2065972222222222,0.06076388888888889,0.019899815320968628,0.004228479746315215,0.6931999921798706
4,52,adaptive_crosssdc_cmr,hinge,1.0,0.01,0.7727539406882392,0.8353864418135749,1.510687232017517,0.4532061696052551,0.009553615521225665,0.0009553615521225665,0.2048611111111111,0.07118055555555555,0.017756880157523684,0.004250369138187832,0.6940000057220459
4,53,adaptive_crosssdc_cmr,hinge,1.0,0.01,0.7721503575642904,0.8490745358996921,1.5212030940585666,0.45636092821756996,0.008274504138777653,0.0008274504138777654,0.17708333333333334,0.057291666666666664,0.015287221305900149,0.0034971299270788827,0.6923999786376953
4,54,adaptive_crosssdc_cmr,hinge,1.0,0.01,0.7789571616384718,0.8682831062210931,1.5481401284535725,0.46444203853607174,0.009590298040873475,0.0009590298040873476,0.20399305555555555,0.07378472222222222,0.01776694009701411,0.004180673509836197,0.6923999786376953
4,55,adaptive_crosssdc_cmr,hinge,1.0,0.01,0.7697089976734586,0.8564305437935723,1.5192442999945746,0.45577328999837236,0.0076547628786000944,0.0007654762878600094,0.1753472222222222,0.057291666666666664,0.014661256223917007,0.0029649780028396184,0.6940000057220459
4,56,adaptive_crosssdc_cmr,hinge,1.0,0.01,0.7668539219432406,0.8697710765732659,1.525762054655287,0.4577286163965861,0.005794117071976264,0.0005794117071976265,0.15711805555555555,0.05295138888888889,0.011314035289817385,0.002365806450446447,0.6923999786376953
4,57,adaptive_crosssdc_cmr,hinge,1.0,0.01,0.7724802096684774,0.8805457088682387,1.5459767050213284,0.4637930115063985,0.007502933601952261,0.0007502933601952262,0.1762152777777778,0.050347222222222224,0.014643891817993589,0.002621768663326899,0.696399986743927
4,58,adaptive_crosssdc_cmr,hinge,1.0,0.01,0.7667138444052802,0.8882650931676229,1.5336424112319946,0.4600927233695984,0.007354899206095272,0.0007354899206095272,0.1675347222222222,0.06770833333333333,0.013114370819595125,0.003952258163028293,0.6948000192642212
4,59,adaptive_crosssdc_cmr,hinge,1.0,0.01,0.7584219111336602,0.8744959235191345,1.511823574701945,0.4535470724105835,0.007161439551661412,0.0007161439551661413,0.1605902777777778,0.06163194444444445,0.01324380561709404,0.003573711547586653,0.6955999732017517
4,60,adaptive_crosssdc_cmr,hinge,1.0,0.01,0.7576034863789877,0.8870766758918762,1.5157112280527751,0.45471336841583254,0.0057322754421167904,0.000573227544211679,0.1440972222222222,0.043402777777777776,0.011073463906844458,0.0021096430718898773,0.6923999786376953
4,61,adaptive_crosssdc_cmr,hinge,1.0,0.01,0.7644715772734748,0.9054075015915765,1.5413124561309814,0.4623937368392944,0.00548630440607667,0.000548630440607667,0.13802083333333334,0.046875,0.010826982971694734,0.002020332548353407,0.6944000124931335
4,62,adaptive_crosssdc_cmr,hinge,1.0,0.01,0.7561384307013618,0.8849590486950345,1.5205979744593303,0.4561793923377991,0.007010896845410268,0.0007010896845410268,0.1467013888888889,0.05381944444444445,0.013362523168325424,0.002602311886019177,0.696399986743927
4,63,adaptive_crosssdc_cmr,hinge,1.0,0.01,0.7543202439943949,0.8882607883877225,1.5223468012279935,0.456704040368398,0.0063920726792679895,0.0006392072679267989,0.15538194444444445,0.04513888888888889,0.011922332975599501,0.0027609500620100233,0.6976000070571899
4,64,adaptive_crosssdc_cmr,hinge,1.0,0.01,0.7541792591412863,0.9116796917385526,1.520483308368259,0.4561449925104777,0.00582567597221997,0.000582567597221997,0.13020833333333334,0.049479166666666664,0.011012400603956647,0.0025429046816296047,0.6976000070571899
4,65,adaptive_crosssdc_cmr,hinge,1.0,0.01,0.7433466381496854,0.8809820281134711,1.5031210846371121,0.4509363253911336,0.006588323197017114,0.0006588323197017114,0.1423611111111111,0.050347222222222224,0.012108027935028076,0.0028836545017030504,0.6988000273704529
4,66,adaptive_crosssdc_cmr,hinge,1.0,0.01,0.7390020489692688,0.9036501977178786,1.4990880224439833,0.44972640673319497,0.00444766315114167,0.000444766315114167,0.1267361111111111,0.04774305555555555,0.00822960626747873,0.0024308678176667956,0.6972000002861023
4,67,adaptive_crosssdc_cmr,hinge,1.0,0.01,0.7481143209669325,0.9021254777908325,1.5172924200693767,0.455187726020813,0.005040582062469589,0.0005040582062469589,0.12586805555555555,0.04513888888888889,0.009129058983590867,0.0025597293343808916,0.6988000273704529
4,68,adaptive_crosssdc_cmr,hinge,1.0,0.01,0.7940110696686639,0.8992995156182183,1.5029194090101454,0.4508758227030436,0.011663220408889983,0.0011663220408889984,0.2092013888888889,0.046875,0.022787866906987295,0.002578247752454546,0.6972000002861023
4,69,adaptive_crosssdc_cmr,hinge,1.0,0.01,0.7719249327977499,0.910627908176846,1.509673171573215,0.4529019514719645,0.008423087859733237,0.0008423087859733237,0.15364583333333334,0.07291666666666667,0.014250043779611588,0.00459705251786444,0.6916000247001648
4,70,adaptive_crosssdc_cmr,hinge,1.0,0.01,0.7642131315337287,0.9211717910236783,1.5186812347835965,0.45560437043507895,0.006600678794913822,0.0006600678794913822,0.15538194444444445,0.06076388888888889,0.012419326023923026,0.0028161133329073587,0.6995999813079834
4,71,adaptive_crosssdc_cmr,hinge,1.0,0.01,0.7500637968381246,0.9113373425271776,1.5033684306674533,0.451010529200236,0.004808262870129611,0.00048082628701296115,0.12760416666666666,0.050347222222222224,0.008827404015594058,0.002323108414808909,0.6967999935150146
4,72,adaptive_crosssdc_cmr,hinge,1.0,0.01,0.7488600413004557,0.9196150898933411,1.5131512615415785,0.4539453784624735,0.006696906949703892,0.0006696906949703892,0.12760416666666666,0.049479166666666664,0.012188751664426591,0.0024726767506864336,0.6972000002861023
4,73,adaptive_crosssdc_cmr,hinge,1.0,0.01,0.7328164378801981,0.9116335047615899,1.48020781411065,0.444062344233195,0.005209126483855976,0.0005209126483855976,0.12065972222222222,0.057291666666666664,0.008724506116575666,0.003235091765721639,0.6959999799728394
4,74,adaptive_crosssdc_cmr,hinge,1.0,0.01,0.7306095229254829,0.8986693024635315,1.4815445608562894,0.4444633682568868,0.004450956773426797,0.0004450956773426797,0.11284722222222222,0.03819444444444445,0.00846807575888104,0.001661451326476203,0.7027999758720398
4,75,adaptive_crosssdc_cmr,hinge,1.0,0.01,0.7216677731937833,0.9015378091070387,1.4668588903215196,0.4400576670964559,0.0037770616666724286,0.0003777061666672429,0.1111111111111111,0.03732638888888889,0.00739094904727406,0.0015887506306171417,0.6988000273704529
4,76,adaptive_crosssdc_cmr,hinge,1.0,0.01,0.7252964443630643,0.9183985392252604,1.4854887194103665,0.44564661582310994,0.004278396126917667,0.0004278396126917667,0.12152777777777778,0.034722222222222224,0.008448178983396955,0.001460663146442837,0.704800009727478
4,77,adaptive_crosssdc_cmr,hinge,1.0,0.01,0.7267224656211005,0.9296443661053976,1.4841573105918036,0.4452471931775411,0.003974608365549809,0.000397460836554981,0.10850694444444445,0.041666666666666664,0.007682713783449597,0.0018041237360901302,0.7039999961853027
4,78,adaptive_crosssdc_cmr,hinge,1.0,0.01,0.7301723824607002,0.9320254657003615,1.4957486523522272,0.44872459570566814,0.0037345087880061734,0.00037345087880061734,0.11197916666666667,0.03298611111111111,0.007288061910205417,0.001578145143058565,0.7035999894142151
4,79,adaptive_crosssdc_cmr,hinge,1.0,0.01,0.7215622597270541,0.9098009467124939,1.481850504875183,0.4445551514625549,0.0034227685537189245,0.0003422768553718925,0.09895833333333333,0.046875,0.006002323495017158,0.002150018182065752,0.7003999948501587
4,80,adaptive_crosssdc_cmr,hinge,1.0,0.01,0.7235518164104886,0.9431431028578017,1.5030280616548326,0.45090841849644975,0.003531032552321752,0.00035310325523217525,0.10850694444444445,0.036458333333333336,0.006861714439259635,0.0016613495018747118,0.7008000016212463
4,81,adaptive_crosssdc_cmr,hinge,1.0,0.01,0.713951481713189,0.9223316179381477,1.4726753234863281,0.4418025970458984,0.002265361034207874,0.0002265361034207874,0.07899305555555555,0.028645833333333332,0.00432966152826945,0.0012445714738633898,0.7059999704360962
4,82,adaptive_crosssdc_cmr,hinge,1.0,0.01,0.723850753572252,0.9486158953772651,1.4916211234198675,0.44748633702596025,0.0031971874543362195,0.000319718745433622,0.0920138888888889,0.04079861111111111,0.006058176772461997,0.0016986636651886834,0.7056000232696533
4,83,adaptive_crosssdc_cmr,hinge,1.0,0.01,0.7239590287208557,0.9500096109178331,1.4890558587180243,0.44671675761540725,0.0035908817986233365,0.00035908817986233366,0.09461805555555555,0.027777777777777776,0.007199992322259479,0.0011929464009073046,0.7024000287055969
4,84,adaptive_crosssdc_cmr,hinge,1.0,0.01,0.7202196452352736,0.9546663562456766,1.48754796716902,0.44626439015070596,0.002952401500402225,0.00029524015004022254,0.0954861111111111,0.0390625,0.0051864927841557395,0.0019559363524119058,0.7008000016212463
4,85,adaptive_crosssdc_cmr,hinge,1.0,0.01,0.7182583080397712,0.9349595440758599,1.4734810988108318,0.4420443296432495,0.002989739114936027,0.0002989739114936027,0.09635416666666667,0.04079861111111111,0.005465493020084169,0.0018770976199044122,0.7056000232696533
4,86,adaptive_crosssdc_cmr,hinge,1.0,0.01,0.7202104992336698,0.9450181126594543,1.4682033326890733,0.440460999806722,0.003671061454547776,0.00036710614545477764,0.10416666666666667,0.044270833333333336,0.006624145640267266,0.002092652436759737,0.7008000016212463
4,87,adaptive_crosssdc_cmr,hinge,1.0,0.01,0.7167869475152757,0.9341603914896647,1.4635255734125774,0.4390576720237732,0.003771433425653312,0.0003771433425653312,0.08940972222222222,0.043402777777777776,0.006589396546284358,0.0020765463511149087,0.7016000151634216
4,88,adaptive_crosssdc_cmr,hinge,1.0,0.01,0.7209606634245979,0.9514049092928568,1.481264246834649,0.44437927405039473,0.003986055548820231,0.00039860555488202315,0.1015625,0.03819444444444445,0.007354496253861321,0.0017571383052402073,0.7016000151634216
4,89,adaptive_crosssdc_cmr,hinge,1.0,0.01,0.7263256642553542,0.9490865733888414,1.4842911296420627,0.4452873388926188,0.0035389269339955514,0.0003538926933995552,0.11197916666666667,0.0390625,0.006920294629202949,0.0015583609541257222,0.7088000178337097
4,90,adaptive_crosssdc_cmr,hinge,1.0,0.01,0.7248394224378798,0.9730640583568149,1.4926182561450534,0.447785476843516,0.004161027415345113,0.0004161027415345113,0.11631944444444445,0.03298611111111111,0.008396111842658784,0.0013866730862193638,0.7020000219345093
4,91,adaptive_crosssdc_cmr,hinge,1.0,0.01,0.7280013759930929,0.984697679678599,1.4956079986360338,0.44868239959081013,0.0036542487408344946,0.0003654248740834495,0.09114583333333333,0.03993055555555555,0.006667020420233409,0.0017861372066868676,0.7095999717712402
4,92,adaptive_crosssdc_cmr,hinge,1.0,0.01,0.7125165992312961,0.9591308898395963,1.463794880443149,0.4391384641329447,0.0034863497647974226,0.0003486349764797423,0.11284722222222222,0.027777777777777776,0.006596648858653175,0.0015813095702065362,0.7071999907493591
4,93,adaptive_crosssdc_cmr,hinge,1.0,0.01,0.7305734422471788,0.9742061495780945,1.4831432633929782,0.4449429790178934,0.003235169117235475,0.00032351691172354755,0.09114583333333333,0.034722222222222224,0.005921827008326848,0.0016065649688243866,0.7059999704360962
4,94,adaptive_crosssdc_cmr,hinge,1.0,0.01,0.727927929825253,0.977523148059845,1.4988239871131048,0.44964719613393145,0.003158110607829359,0.0003158110607829359,0.08680555555555555,0.03732638888888889,0.005181816716988881,0.0021055075857374403,0.704800009727478
4,95,adaptive_crosssdc_cmr,hinge,1.0,0.01,0.7296641733911302,0.9936476879649692,1.4992353253894382,0.4497705976168314,0.004073123033675883,0.0004073123033675883,0.1015625,0.043402777777777776,0.007225272556145986,0.0020844129224618277,0.7059999704360962
4,96,adaptive_crosssdc_cmr,hinge,1.0,0.01,0.7149832977188958,0.9533949229452345,1.4612988101111517,0.4383896430333455,0.003668676052863399,0.0003668676052863399,0.08333333333333333,0.03993055555555555,0.005999569263723161,0.0022638721598519217,0.7071999907493591
4,97,adaptive_crosssdc_cmr,hinge,1.0,0.01,0.7000751230451796,0.9606861670811971,1.4426508214738634,0.432795246442159,0.002318089633869628,0.0002318089633869628,0.06770833333333333,0.025173611111111112,0.004336952749225829,0.0011187969810432857,0.7056000232696533
4,98,adaptive_crosssdc_cmr,hinge,1.0,0.01,0.7084908154275682,0.9807306196954515,1.4805934694078233,0.44417804082234696,0.0022796152754583294,0.00022796152754583294,0.0703125,0.024305555555555556,0.004415915658076604,0.0010277641316254933,0.7084000110626221
4,99,adaptive_crosssdc_cmr,hinge,1.0,0.01,0.7027108007007175,0.9745957454045614,1.4677156739764743,0.4403147021929423,0.0023408434483119184,0.00023408434483119186,0.06944444444444445,0.026041666666666668,0.004193997631470363,0.0013892754084534114,0.7111999988555908
4,100,adaptive_crosssdc_cmr,hinge,1.0,0.01,0.6897818711068895,0.9658425450325012,1.4479272895389133,0.43437818686167395,0.0024988726363517344,0.00024988726363517344,0.07465277777777778,0.027777777777777776,0.004444401297304366,0.0014572938283284504,0.7067999839782715
4,101,adaptive_crosssdc_cmr,hinge,1.0,0.01,0.6874047782686021,0.9627245333459642,1.4426944785647922,0.43280834356943765,0.0016573989737985863,0.00016573989737985863,0.06163194444444445,0.029513888888888888,0.00298985093832016,0.0011967909004953173,0.7103999853134155
4,102,adaptive_crosssdc_cmr,hinge,1.0,0.01,0.6864315138922797,0.9847443434927199,1.454258680343628,0.43627760410308836,0.0017261641591580377,0.00017261641591580378,0.06944444444444445,0.025173611111111112,0.0030448478129174975,0.001301825460460451,0.7107999920845032
4,103,adaptive_crosssdc_cmr,hinge,1.0,0.01,0.6898568140135871,0.9802679287062751,1.4533282385932074,0.4359984715779622,0.002025804980399294,0.0002025804980399294,0.06076388888888889,0.029513888888888888,0.0035242272747887503,0.0013353828754689959,0.7143999934196472
4,104,adaptive_crosssdc_cmr,hinge,1.0,0.01,0.695648107263777,0.9798049926757812,1.4595373604032729,0.43786120812098184,0.0019908455627349517,0.00019908455627349518,0.06684027777777778,0.033854166666666664,0.0034652302662531533,0.0015077491601308186,0.7124000191688538
4,105,adaptive_crosssdc_cmr,hinge,1.0,0.01,0.695902042918735,0.9960521658261617,1.4681540462705824,0.4404462138811747,0.0017803967251287152,0.00017803967251287152,0.0625,0.03125,0.003227514939175712,0.0011283598012394374,0.7099999785423279
4,106,adaptive_crosssdc_cmr,hinge,1.0,0.01,0.7121682431962755,1.0452360378371344,1.523851341671414,0.45715540250142417,0.0015962948867430289,0.0001596294886743029,0.05642361111111111,0.027777777777777776,0.0029640023907025657,0.0009782177706559498,0.7084000110626221
4,107,adaptive_crosssdc_cmr,hinge,1.0,0.01,0.6855746176507738,0.9703160656823052,1.4429949919382732,0.43289849758148197,0.001870417637595286,0.0001870417637595286,0.0625,0.028645833333333332,0.0034153126180171967,0.001073535531759262,0.7095999717712402
4,108,adaptive_crosssdc_cmr,hinge,1.0,0.01,0.6965674757957458,0.9991921782493591,1.4688496722115412,0.44065490166346233,0.0015981234674755898,0.000159812346747559,0.059027777777777776,0.026041666666666668,0.0029130379358927407,0.0010572212437788646,0.7107999920845032
4,109,adaptive_crosssdc_cmr,hinge,1.0,0.01,0.6920965909957886,0.9970609479480319,1.4698467916912503,0.4409540375073751,0.001635823851554758,0.0001635823851554758,0.05381944444444445,0.025173611111111112,0.002691770593325297,0.0012766346335411072,0.7116000056266785
4,110,adaptive_crosssdc_cmr,hinge,1.0,0.01,0.7032770845625136,1.0337753825717502,1.4915353457132976,0.44746060371398927,0.002204585380645262,0.0002204585380645262,0.07291666666666667,0.04079861111111111,0.0035743361545933616,0.0018910206854343414,0.7111999988555908
4,111,adaptive_crosssdc_cmr,hinge,1.0,0.01,0.70427538951238,1.022754238711463,1.4827365080515544,0.4448209524154663,0.0023241108800801965,0.00023241108800801968,0.07465277777777778,0.026041666666666668,0.004330132156610489,0.0011728923353883955,0.7092000246047974
4,112,adaptive_crosssdc_cmr,hinge,1.0,0.01,0.7010740240414938,0.998004502720303,1.4628443320592244,0.4388532996177673,0.0018585846410132945,0.00018585846410132945,0.0685763888888889,0.0234375,0.0034125815663072798,0.0011382711430390675,0.7075999975204468
4,113,adaptive_crosssdc_cmr,hinge,1.0,0.01,0.7077308164702522,1.0202691753705342,1.4668093125025432,0.44004279375076294,0.003144274349324405,0.00031442743493244053,0.0842013888888889,0.035590277777777776,0.005353173034058677,0.0018738719324270885,0.7084000110626221
4,114,adaptive_crosssdc_cmr,hinge,1.0,0.01,0.7041393319765726,1.0254190762837727,1.475726392534044,0.4427179177602132,0.0020094044416004587,0.00020094044416004588,0.06336805555555555,0.03298611111111111,0.0032631850077046286,0.0015860957403977711,0.7107999920845032
4,115,adaptive_crosssdc_cmr,hinge,1.0,0.01,0.7613880104488797,0.9922745294041104,1.439990719159444,0.43199721574783323,0.006347654865951174,0.0006347654865951174,0.12586805555555555,0.03732638888888889,0.011528891821702322,0.002398751676082611,0.7052000164985657
4,116,adaptive_crosssdc_cmr,hinge,1.0,0.01,0.7481881048944261,1.0050850576824613,1.469900369644165,0.4409701108932495,0.00711473822593689,0.000711473822593689,0.1310763888888889,0.04861111111111111,0.012520042144589953,0.0033314439157644906,0.7080000042915344
4,117,adaptive_crosssdc_cmr,hinge,1.0,0.01,0.7431737515661452,1.0219826300938923,1.4724757273991902,0.441742718219757,0.007244062040828996,0.0007244062040828997,0.13020833333333334,0.03819444444444445,0.012690628982252546,0.0030833586222595638,0.7128000259399414
4,118,adaptive_crosssdc_cmr,hinge,1.0,0.01,0.72752978404363,1.01120529572169,1.4752493566936917,0.44257480700810753,0.0038889257702976465,0.0003888925770297647,0.0798611111111111,0.04513888888888889,0.006254564556810591,0.0025023561384942797,0.7084000110626221
4,119,adaptive_crosssdc_cmr,hinge,1.0,0.01,0.6955313020282321,0.9817122883266873,1.4220586087968614,0.4266175826390584,0.0021984534493337073,0.00021984534493337075,0.06770833333333333,0.028645833333333332,0.00370783731341362,0.0014629479911592272,0.7111999988555908
4,120,adaptive_crosssdc_cmr,hinge,1.0,0.01,0.6937906675868564,1.0021265149116516,1.449124190542433,0.4347372571627299,0.002295326211929528,0.00022953262119295283,0.0703125,0.03993055555555555,0.003610981007417043,0.0019053638809257084,0.7099999785423279
4,121,adaptive_crosssdc_cmr,hinge,1.0,0.01,0.6858942707379659,1.001545594798194,1.4494393136766222,0.4348317941029866,0.0010474397503356966,0.00010474397503356967,0.043402777777777776,0.019965277777777776,0.0019140843715932635,0.0008471641275617811,0.7099999785423279
4,122,adaptive_crosssdc_cmr,hinge,1.0,0.01,0.6822095182206895,1.016389509042104,1.4449571900897555,0.43348715702692664,0.0015985830040234658,0.00015985830040234658,0.04079861111111111,0.03732638888888889,0.0020652413368225098,0.0017869211733341217,0.7111999988555908
4,123,adaptive_crosssdc_cmr,hinge,1.0,0.01,0.6821221311887106,1.0278964572482638,1.4530185328589544,0.4359055598576863,0.00135504388405631,0.000135504388405631,0.044270833333333336,0.027777777777777776,0.002226412296295166,0.0010654222634103564,0.7088000178337097
4,124,adaptive_crosssdc_cmr,hinge,1.0,0.01,0.68840182489819,1.0307317309909396,1.471804804272122,0.4415414412816366,0.0011071766170466112,0.00011071766170466112,0.03993055555555555,0.026041666666666668,0.0017036505871348912,0.0011235053340593975,0.7128000259399414
4,125,adaptive_crosssdc_cmr,hinge,1.0,0.01,0.6899730496936374,1.029440118206872,1.4659904506471422,0.43979713519414265,0.0015246289775758567,0.00015246289775758568,0.04774305555555555,0.028645833333333332,0.0023249565727180904,0.0014471399287382762,0.7067999839782715
4,126,adaptive_crosssdc_cmr,hinge,1.0,0.01,0.6807568536864387,1.013228906525506,1.4496766726175945,0.43490300178527835,0.001165703171864152,0.0001165703171864152,0.04861111111111111,0.017361111111111112,0.002247815744744407,0.0007008806698852115,0.7095999717712402
4,127,adaptive_crosssdc_cmr,hinge,1.0,0.01,0.6844207776917351,1.0399967829386394,1.45433595445421,0.436300786336263,0.001390205984029712,0.0001390205984029712,0.057291666666666664,0.03211805555555555,0.0024198322660393184,0.0012446542580922444,0.7107999920845032
4,128,adaptive_crosssdc_cmr,hinge,1.0,0.01,0.6795185009638468,1.025284104877048,1.4439896080229018,0.43319688240687054,0.0016252796890007125,0.00016252796890007127,0.05295138888888889,0.024305555555555556,0.002588282028834025,0.0013631126946873134,0.7128000259399414
4,129,adaptive_crosssdc_cmr,hinge,1.0,0.01,0.6892398926946852,1.0403836170832317,1.4718046055899725,0.44154138167699175,0.001037788590312832,0.00010377885903128321,0.0390625,0.018229166666666668,0.0018199702931774987,0.0008371062576770782,0.7107999920845032
4,130,adaptive_crosssdc_cmr,hinge,1.0,0.01,0.6785262955559624,1.0193832649124994,1.4426193767123752,0.43278581301371255,0.0014736066837536378,0.0001473606683753638,0.05642361111111111,0.018229166666666668,0.002684365130133099,0.0009119105007913378,0.7135999798774719
4,131,adaptive_crosssdc_cmr,hinge,1.0,0.01,0.6929344534873962,1.0609001451068454,1.4825662904315524,0.4447698871294657,0.0019197229315371562,0.00019197229315371563,0.04861111111111111,0.03298611111111111,0.0028268301652537454,0.001695686744319068,0.7124000191688538
4,132,adaptive_crosssdc_cmr,hinge,1.0,0.01,0.6718287732866075,1.0104464424981012,1.4213216702143352,0.42639650106430055,0.0021993747731256816,0.00021993747731256818,0.06163194444444445,0.026909722222222224,0.003935104029046165,0.001262684249215656,0.7143999934196472
4,133,adaptive_crosssdc_cmr,hinge,1.0,0.01,0.6791643301645914,1.0150702397028606,1.4320431152979534,0.429612934589386,0.002081134925699896,0.00020811349256998963,0.059895833333333336,0.03211805555555555,0.003215838223695755,0.001764434493250317,0.7111999988555908
4,134,adaptive_crosssdc_cmr,hinge,1.0,0.01,0.681444075372484,1.030019952191247,1.4448171854019165,0.43344515562057495,0.0016215372662473884,0.00016215372662473884,0.05555555555555555,0.026909722222222224,0.002786007606320911,0.0011911619868543413,0.7120000123977661
4,135,adaptive_crosssdc_cmr,hinge,1.0,0.01,0.6687911417749193,1.0094865096939936,1.4143920474582248,0.42431761423746744,0.0009633236833097828,9.633236833097828e-05,0.03732638888888889,0.018229166666666668,0.0017190414170424144,0.0007972663475407495,0.7120000123977661
4,136,adaptive_crosssdc_cmr,hinge,1.0,0.01,0.7193804515732659,1.0702986319859822,1.493331856197781,0.4479995568593343,0.004168943993540274,0.0004168943993540274,0.0859375,0.026909722222222224,0.007790915668010712,0.001339154111014472,0.7071999907493591
4,137,adaptive_crosssdc_cmr,hinge,1.0,0.01,0.7171612713072035,1.0466164085600111,1.4449272553126018,0.4334781765937805,0.003983944706204865,0.00039839447062048653,0.09722222222222222,0.042534722222222224,0.007048364728689194,0.002081776244772805,0.7107999920845032
4,138,adaptive_crosssdc_cmr,hinge,1.0,0.01,0.7129164669248793,1.0615944332546658,1.4676407443152533,0.44029222329457596,0.0028526486518482366,0.00028526486518482366,0.07725694444444445,0.027777777777777776,0.005437334378560384,0.0012349536021550496,0.7120000123977661
4,139,adaptive_crosssdc_cmr,hinge,1.0,0.01,0.6919887993070815,1.0430844757292006,1.4489702118767633,0.434691063563029,0.0029328948197265467,0.0002932894819726547,0.06597222222222222,0.03732638888888889,0.004113183253341251,0.002514343708753586,0.7124000191688538
4,140,adaptive_crosssdc_cmr,hinge,1.0,0.01,0.6891135109795464,1.0296237270037334,1.4555443392859564,0.4366633017857869,0.0019128428409910863,0.00019128428409910864,0.05555555555555555,0.027777777777777776,0.0029470432135793897,0.0015820024742020501,0.7099999785423279
4,141,adaptive_crosssdc_cmr,hinge,1.0,0.01,0.6823931071493361,1.068062769042121,1.4640671014785767,0.439220130443573,0.0013673323232473598,0.000136733232324736,0.051215277777777776,0.018229166666666668,0.0022961791190836164,0.0010428743229971991,0.7139999866485596
4,142,adaptive_crosssdc_cmr,hinge,1.0,0.01,0.6725363267792596,1.0454864766862657,1.438887635866801,0.4316662907600403,0.001120533606606639,0.00011205336066066391,0.03819444444444445,0.0234375,0.001888316124677658,0.0009237159457471636,0.7111999988555908
4,143,adaptive_crosssdc_cmr,hinge,1.0,0.01,0.6655677027172513,1.0231233967675104,1.4234011835522122,0.42702035506566366,0.0009414581614287777,9.414581614287778e-05,0.033854166666666664,0.020833333333333332,0.001537291126118766,0.0008923713531759051,0.7124000191688538
4,144,adaptive_crosssdc_cmr,hinge,1.0,0.01,0.6685836844974093,1.0349401765399509,1.45196885532803,0.435590656598409,0.0012000617765200634,0.00012000617765200635,0.04513888888888889,0.0234375,0.002191777444548077,0.0008265322281254663,0.7128000259399414
4,145,adaptive_crosssdc_cmr,hinge,1.0,0.01,0.6587101485994127,1.0260027117199368,1.4237307972378201,0.42711923917134603,0.0006555264925635937,6.555264925635937e-05,0.035590277777777776,0.014756944444444444,0.0012036826875474718,0.0005439933803346422,0.7120000123977661
4,146,adaptive_crosssdc_cmr,hinge,1.0,0.01,0.6572954389784071,1.0321943759918213,1.4205618302027385,0.4261685490608215,0.0010623021225910634,0.00010623021225910635,0.041666666666666664,0.019097222222222224,0.0017433311376306745,0.0008678465253776974,0.7131999731063843
4,147,adaptive_crosssdc_cmr,hinge,1.0,0.01,0.6711676915486654,1.0593198670281305,1.4564340247048273,0.43693020741144817,0.001100385147664282,0.0001100385147664282,0.03993055555555555,0.020833333333333332,0.0017827144927448696,0.0009532239702012804,0.7103999853134155
4,148,adaptive_crosssdc_cmr,hinge,1.0,0.01,0.6731491088867188,1.0660648478402033,1.4628996849060059,0.43886990547180177,0.0011362887291599894,0.00011362887291599894,0.03819444444444445,0.028645833333333332,0.0016661534706751506,0.0012105550203058454,0.7131999731063843
4,149,adaptive_crosssdc_cmr,hinge,1.0,0.01,0.6550593972206116,1.0345715085665386,1.42157600985633,0.426472802956899,0.0008276752042648797,8.276752042648797e-05,0.03298611111111111,0.016493055555555556,0.0014072983629173702,0.0007326648467116886,0.7156000137329102
4,150,adaptive_crosssdc_cmr,hinge,1.0,0.01,0.6671428084373474,1.0667573743396335,1.4568774435255263,0.4370632330576579,0.001156495224374036,0.00011564952243740362,0.041666666666666664,0.020833333333333332,0.0018079723748895857,0.001054160710838106,0.7143999934196472
4,151,adaptive_crosssdc_cmr,hinge,1.0,0.01,0.6579324139489068,1.0571956369611952,1.435302244292365,0.4305906732877095,0.0007217349710925999,7.217349710926e-05,0.033854166666666664,0.019965277777777776,0.0012897464136282604,0.000649721258216434,0.7099999785423279
4,152,adaptive_crosssdc_cmr,hinge,1.0,0.01,0.6657831999990675,1.0659378899468317,1.458292113410102,0.43748763402303054,0.0009037168371529939,9.037168371529939e-05,0.03819444444444445,0.017361111111111112,0.0017429751654465993,0.0006187802387608422,0.7103999853134155
4,153,adaptive_crosssdc_cmr,hinge,1.0,0.01,0.6700559192233615,1.0723020368152194,1.4726484484142728,0.4417945345242818,0.00077485467368711,7.7485467368711e-05,0.034722222222222224,0.019965277777777776,0.0015343022015359667,0.0005569135149319967,0.7139999866485596
4,154,adaptive_crosssdc_cmr,hinge,1.0,0.01,0.6509023308753967,1.0317285855611165,1.4161426623662312,0.42484279870986935,0.00047590422521655756,4.759042252165576e-05,0.027777777777777776,0.012152777777777778,0.0009670447972085741,0.00047359946701261733,0.7103999853134155
4,155,adaptive_crosssdc_cmr,hinge,1.0,0.01,0.6680207053820292,1.0658482445610895,1.4611680905024211,0.4383504271507263,0.0007670741963213206,7.670741963213207e-05,0.033854166666666664,0.014756944444444444,0.001310765329334471,0.0007626911004384359,0.7135999798774719
4,156,adaptive_crosssdc_cmr,hinge,1.0,0.01,0.6545150478680929,1.043822513686286,1.422961460219489,0.4268884380658467,0.0011348019777667811,0.00011348019777667812,0.04079861111111111,0.027777777777777776,0.0015799709492259556,0.0012649479839536878,0.7148000001907349
4,157,adaptive_crosssdc_cmr,hinge,1.0,0.01,0.6635366810692681,1.066854543156094,1.453193571832445,0.4359580715497335,0.0010058227877986308,0.00010058227877986308,0.03125,0.027777777777777776,0.001374448753065533,0.0012110579344961378,0.7128000259399414
4,158,adaptive_crosssdc_cmr,hinge,1.0,0.01,0.6588733593622843,1.0581077867084079,1.4413149886661105,0.43239449659983314,0.0008151277757456733,8.151277757456734e-05,0.04513888888888889,0.020833333333333332,0.0017386480338043636,0.0005736400683720907,0.7139999866485596
4,159,adaptive_crosssdc_cmr,hinge,1.0,0.01,0.6599810520807902,1.051557633611891,1.4337913062837389,0.4301373918851216,0.0009140389358637751,9.140389358637752e-05,0.0390625,0.014756944444444444,0.0016485924522082012,0.0006309205459223853,0.7131999731063843
4,160,adaptive_crosssdc_cmr,hinge,1.0,0.01,0.6586410601933798,1.05725540055169,1.4386001030604045,0.43158003091812136,0.0006856526726753347,6.856526726753348e-05,0.036458333333333336,0.016493055555555556,0.0012963016827901204,0.0005695823993947771,0.7164000272750854
4,161,adaptive_crosssdc_cmr,hinge,1.0,0.01,0.6598623196283976,1.0608773761325412,1.4328050480948553,0.4298415144284566,0.0010253182974540526,0.00010253182974540526,0.03211805555555555,0.021701388888888888,0.0015329432984193165,0.0010354547864860958,0.7124000191688538
4,162,adaptive_crosssdc_cmr,hinge,1.0,0.01,0.6487120191256205,1.034081220626831,1.4018923971388075,0.42056771914164226,0.0010170336010762388,0.00010170336010762388,0.043402777777777776,0.015625,0.002187069919374254,0.0004377290606498718,0.7148000001907349
4,163,adaptive_crosssdc_cmr,hinge,1.0,0.01,0.6613005995750427,1.0602587527698941,1.425718175040351,0.42771545251210524,0.0014862787275989023,0.00014862787275989024,0.05642361111111111,0.015625,0.002628683629963133,0.0008706173135174646,0.717199981212616
4,164,adaptive_crosssdc_cmr,hinge,1.0,0.01,0.6581774883800082,1.0491516987482707,1.424756407737732,0.42742692232131957,0.0012786615277744,0.00012786615277744,0.04513888888888889,0.019097222222222224,0.0023526321682665083,0.0007932281328572168,0.7135999798774719
4,165,adaptive_crosssdc_cmr,hinge,1.0,0.01,0.6627227266629537,1.0627131462097168,1.4221335914399889,0.42664007743199667,0.0012479601815963786,0.00012479601815963787,0.041666666666666664,0.024305555555555556,0.0021048341360357073,0.001004124681154887,0.7124000191688538
4,166,adaptive_crosssdc_cmr,hinge,1.0,0.01,0.665975358751085,1.0593660142686632,1.4244362513224285,0.42733087539672854,0.0016175282136019734,0.00016175282136019734,0.05381944444444445,0.019965277777777776,0.0030907632576094735,0.0008292574849393633,0.7107999920845032
4,167,adaptive_crosssdc_cmr,hinge,1.0,0.01,0.683987643983629,1.100312352180481,1.4842775265375774,0.4452832579612732,0.0015267999972113306,0.00015267999972113307,0.0625,0.025173611111111112,0.0028296526935365465,0.0010699323481983608,0.7103999853134155
4,168,adaptive_crosssdc_cmr,hinge,1.0,0.01,0.6624276770485772,1.0472158988316853,1.42191833919949,0.426575501759847,0.0016802833011348008,0.0001680283301134801,0.050347222222222224,0.0234375,0.0028653894033696917,0.001094054016802046,0.7107999920845032
4,169,adaptive_crosssdc_cmr,hinge,1.0,0.01,0.670754591623942,1.0718166033426921,1.4416037268108792,0.4324811180432638,0.001123771077901539,0.0001123771077901539,0.04079861111111111,0.019965277777777776,0.001854162249300215,0.0009512048628595141,0.7120000123977661
4,170,adaptive_crosssdc_cmr,hinge,1.0,0.01,0.6721611420313517,1.075564490424262,1.4528507259156969,0.43585521777470904,0.0009834016980473986,9.834016980473986e-05,0.036458333333333336,0.016493055555555556,0.0017122332420614031,0.0007432939277754889,0.7131999731063843
4,171,adaptive_crosssdc_cmr,hinge,1.0,0.01,0.6648740172386169,1.0689818064371746,1.4351875119739108,0.43055625359217325,0.001317549031227827,0.0001317549031227827,0.04079861111111111,0.019965277777777776,0.0020175373388661277,0.0010645654466417101,0.7116000056266785
4,172,adaptive_crosssdc_cmr,hinge,1.0,0.01,0.6704220771789551,1.0749055676990085,1.437199592590332,0.4311598777770996,0.0016374426615786636,0.00016374426615786637,0.05295138888888889,0.0234375,0.002887547430064943,0.0011566231648127239,0.7139999866485596
4,173,adaptive_crosssdc_cmr,hinge,1.0,0.01,0.6863066487842135,1.096817413965861,1.4717423253589206,0.44152269760767615,0.0019701030493403473,0.00019701030493403474,0.05381944444444445,0.026041666666666668,0.003243887590037452,0.0013405693074067433,0.7084000110626221
4,174,adaptive_crosssdc_cmr,hinge,1.0,0.01,0.6812716854943169,1.0860865248574152,1.445085604985555,0.43352568149566645,0.0021434352707324755,0.00021434352707324755,0.0625,0.020833333333333332,0.003957505027453105,0.0009848301609357197,0.7152000069618225
4,175,adaptive_crosssdc_cmr,hinge,1.0,0.01,0.6896198921733432,1.0800322691599529,1.4518033398522272,0.43554100195566814,0.0023211829797623474,0.00023211829797623474,0.052083333333333336,0.03211805555555555,0.0034704754749933877,0.0019298357268174489,0.7156000137329102
4,176,adaptive_crosssdc_cmr,hinge,1.0,0.01,0.684324324131012,1.087430198987325,1.4448661141925387,0.43345983425776163,0.0024964267181025613,0.00024964267181025614,0.059895833333333336,0.026041666666666668,0.004295823060803943,0.0013480012615521748,0.7124000191688538
4,177,adaptive_crosssdc_cmr,hinge,1.0,0.01,0.68078127834532,1.0705022944344416,1.435779743724399,0.43073392311731973,0.003956759270901482,0.0003956759270901482,0.0798611111111111,0.016493055555555556,0.007924918499257829,0.0008361815578407712,0.7192000150680542
4,178,adaptive_crosssdc_cmr,hinge,1.0,0.01,0.6765711175070869,1.077586121029324,1.4314106040530734,0.429423181215922,0.0013552434878268589,0.0001355243487826859,0.03993055555555555,0.021701388888888888,0.0022751883500152165,0.0009046453568670484,0.7084000110626221
4,179,adaptive_crosssdc_cmr,hinge,1.0,0.01,0.6658189098040262,1.0782745281855266,1.4355689684549968,0.43067069053649903,0.0017304996476418132,0.00017304996476418132,0.04079861111111111,0.034722222222222224,0.002277579986386829,0.0017287578019830915,0.7116000056266785
4,180,adaptive_crosssdc_cmr,hinge,1.0,0.01,0.6680834690729777,1.079593790902032,1.4421618911955092,0.43264856735865276,0.0010936565328544627,0.00010936565328544628,0.041666666666666664,0.015625,0.001983600358168284,0.0007249178985754648,0.7111999988555908
4,181,adaptive_crosssdc_cmr,hinge,1.0,0.01,0.6581387321154276,1.0506187015109592,1.4158605866962009,0.42475817600886023,0.0012117783189751208,0.00012117783189751208,0.042534722222222224,0.019097222222222224,0.002112494574652778,0.0008687074813577863,0.7120000123977661
4,182,adaptive_crosssdc_cmr,hinge,1.0,0.01,0.686484138170878,1.0904815859264798,1.431174291504754,0.42935228745142623,0.0032298784871171746,0.0003229878487117175,0.07899305555555555,0.024305555555555556,0.0057229238251845045,0.001547388732433319,0.7148000001907349
4,183,adaptive_crosssdc_cmr,hinge,1.0,0.01,0.7022585272789001,1.0802262624104817,1.433793028195699,0.4301379084587097,0.002247246053432011,0.00022472460534320111,0.05555555555555555,0.03211805555555555,0.004033694250716103,0.0012376312580373553,0.7111999988555908
4,184,adaptive_crosssdc_cmr,hinge,1.0,0.01,0.7187380525800917,1.1367253065109253,1.496992243660821,0.4490976730982463,0.00273041273208542,0.000273041273208542,0.0625,0.024305555555555556,0.004904297490914662,0.0012416077984703912,0.7160000205039978
4,185,adaptive_crosssdc_cmr,hinge,1.0,0.01,0.6867548094855415,1.0670630137125652,1.418055772781372,0.4254167318344116,0.0031768828242396316,0.0003176882824239632,0.06510416666666667,0.021701388888888888,0.005194550587071313,0.0017833039164543152,0.7059999704360962
4,186,adaptive_crosssdc_cmr,hinge,1.0,0.01,0.7110433909628127,1.1360761059655085,1.492559340265062,0.4477678020795186,0.003368073401765691,0.00033680734017656915,0.07552083333333333,0.0390625,0.005701086173454921,0.0019297078251838684,0.7099999785423279
4,187,adaptive_crosssdc_cmr,hinge,1.0,0.01,0.690923704041375,1.0876544978883531,1.4397069348229303,0.43191208044687907,0.002893766677718506,0.0002893766677718506,0.057291666666666664,0.030381944444444444,0.004784969819916619,0.001786705106496811,0.7116000056266785
4,188,adaptive_crosssdc_cmr,hinge,1.0,0.01,0.6683876315752665,1.0638006528218586,1.4138912624782987,0.4241673787434896,0.0024208827073582346,0.00024208827073582347,0.06510416666666667,0.026041666666666668,0.004317019962602192,0.0012761193017164867,0.7103999853134155
4,189,adaptive_crosssdc_cmr,hinge,1.0,0.01,0.6643591324488322,1.0690808693567913,1.4238991075091891,0.42716973225275673,0.0011700282921083272,0.00011700282921083272,0.036458333333333336,0.017361111111111112,0.001881447931130727,0.0009250686400466495,0.717199981212616
4,190,adaptive_crosssdc_cmr,hinge,1.0,0.01,0.6629107726944817,1.0815169148974948,1.4333386951022677,0.4300016085306803,0.001549491435677434,0.00015494914356774342,0.03993055555555555,0.0234375,0.0024392277830176884,0.0011631113787492116,0.7175999879837036
4,191,adaptive_crosssdc_cmr,hinge,1.0,0.01,0.6690432627995809,1.1025752888785467,1.4607673618528578,0.4382302085558573,0.0009016838319237448,9.016838319237449e-05,0.034722222222222224,0.013020833333333334,0.0016721656752957238,0.0005436278879642487,0.7175999879837036
4,192,adaptive_crosssdc_cmr,hinge,1.0,0.01,0.6586316691504585,1.0901622242397733,1.442994819747077,0.4328984459241231,0.0010355603784167517,0.00010355603784167518,0.029513888888888888,0.018229166666666668,0.001536369737651613,0.0009746286604139539,0.7148000001907349
4,193,adaptive_crosssdc_cmr,hinge,1.0,0.01,0.6455435819096036,1.0524941152996488,1.4154765605926514,0.4246429681777954,0.0007996482114928464,7.996482114928465e-05,0.026909722222222224,0.018229166666666668,0.00127483531832695,0.0007130292554696401,0.7131999731063843
4,194,adaptive_crosssdc_cmr,hinge,1.0,0.01,0.6422431733873155,1.052281339963277,1.3999853796429105,0.41999561389287315,0.0007558281358797103,7.558281358797104e-05,0.021701388888888888,0.013888888888888888,0.0011782116360134548,0.0006047462423642477,0.7139999866485596
4,195,adaptive_crosssdc_cmr,hinge,1.0,0.01,0.6537854936387804,1.0999240610334609,1.442206038369073,0.43266181151072186,0.0007119949295883998,7.119949295883999e-05,0.022569444444444444,0.016493055555555556,0.001042550222741233,0.0007630975710021125,0.7152000069618225
4,196,adaptive_crosssdc_cmr,hinge,1.0,0.01,0.6475811865594652,1.0977722273932562,1.4290790160497029,0.42872370481491084,0.0006804910630712078,6.804910630712079e-05,0.03211805555555555,0.015625,0.0011943566302458446,0.0006507332954141828,0.7152000069618225
4,197,adaptive_crosssdc_cmr,hinge,1.0,0.01,0.6382407678498162,1.0519863499535456,1.3974955744213529,0.41924867232640584,0.0005566276959143579,5.5662769591435795e-05,0.026909722222222224,0.014756944444444444,0.0009418378273646036,0.0005231127142906189,0.7143999934196472
4,198,adaptive_crosssdc_cmr,hinge,1.0,0.01,0.6419204473495483,1.078896509276496,1.4138088358773127,0.4241426507631938,0.000585459549458594,5.85459549458594e-05,0.029513888888888888,0.013888888888888888,0.001088990933365292,0.00046985968947410583,0.717199981212616
4,199,adaptive_crosssdc_cmr,hinge,1.0,0.01,0.6434316436449686,1.0716535515255399,1.4256948894924588,0.4277084668477376,0.0005929636277465357,5.9296362774653575e-05,0.026041666666666668,0.012152777777777778,0.0009428912566767798,0.0006218494640456305,0.7156000137329102
5,0,adaptive_crosssdc_cmr,hinge,1.0,0.01,3.0854837629530163,0.5599240064620972,1.7280553446875677,0.5184166034062703,0.619056847360399,0.061905684736039905,0.8628472222222222,0.7013888888888888,0.946676406595442,0.27550434735086227,0.5843333601951599
5,1,adaptive_crosssdc_cmr,hinge,1.0,0.01,2.230095704396566,0.5385795500543382,1.690162181854248,0.5070486545562743,0.4806421730253432,0.04806421730253432,0.9435763888888888,0.6579861111111112,0.7878155840767754,0.16906464099884033,0.6016666889190674
5,2,adaptive_crosssdc_cmr,hinge,1.0,0.01,1.8345878389146593,0.47202077839109635,1.6179014841715496,0.48537044525146483,0.2708498752779431,0.02708498752779431,0.8836805555555556,0.703125,0.38987767696380615,0.16138463219006857,0.609333336353302
5,3,adaptive_crosssdc_cmr,hinge,1.0,0.01,1.6499237881766424,0.4910164839691586,1.6240497297710843,0.4872149189313253,0.2069053269094891,0.02069053269094891,0.8671875,0.6727430555555556,0.2801225980122884,0.14527854157818687,0.6156666874885559
5,4,adaptive_crosssdc_cmr,hinge,1.0,0.01,1.499060074488322,0.48348984784550136,1.5591006014082167,0.467730180422465,0.19327647487322488,0.01932764748732249,0.8402777777777778,0.6692708333333334,0.2500896867778566,0.14503769907686445,0.6129999756813049
5,5,adaptive_crosssdc_cmr,hinge,1.0,0.01,1.381193929248386,0.5051461027728187,1.5427427821689181,0.4628228346506754,0.17807621426052517,0.01780762142605252,0.8463541666666666,0.6371527777777778,0.22835361460844675,0.13830449680487314,0.6113333106040955
5,6,adaptive_crosssdc_cmr,hinge,1.0,0.01,1.3086916738086276,0.4984514680173662,1.5399149656295776,0.4619744896888733,0.16542237997055054,0.016542237997055054,0.8489583333333334,0.6206597222222222,0.21787960661782158,0.12177852458424038,0.6129999756813049
5,7,adaptive_crosssdc_cmr,hinge,1.0,0.01,1.244571606318156,0.5115205645561218,1.5343544615639582,0.46030633846918745,0.15301190813382468,0.015301190813382468,0.8133680555555556,0.5607638888888888,0.20340790847937265,0.11230430669254726,0.6136666536331177
5,8,adaptive_crosssdc_cmr,hinge,1.0,0.01,1.1771554152170818,0.5282967819107903,1.4847527609931097,0.4454258282979329,0.1405366419090165,0.014053664190901649,0.8107638888888888,0.5269097222222222,0.19148259196016523,0.10071197814411587,0.6119999885559082
5,9,adaptive_crosssdc_cmr,hinge,1.0,0.01,1.1355573998557196,0.5180017285876803,1.4744265741772122,0.44232797225316367,0.12325441506173876,0.012325441506173877,0.7413194444444444,0.4826388888888889,0.15942039257950252,0.09758508122629589,0.6136666536331177
5,10,adaptive_crosssdc_cmr,hinge,1.0,0.01,1.1226304637061224,0.5281050933731927,1.5224752293692694,0.4567425688107808,0.11790233105421066,0.011790233105421067,0.7265625,0.4930555555555556,0.1572696566581726,0.08858595954047309,0.6200000047683716
5,11,adaptive_crosssdc_cmr,hinge,1.0,0.01,1.0855636994043987,0.5379107329580519,1.522081520822313,0.4566244562466939,0.1106350107325448,0.01106350107325448,0.7196180555555556,0.4652777777777778,0.1455797188811832,0.08254004352622563,0.625333309173584
5,12,adaptive_crosssdc_cmr,hinge,1.0,0.01,1.0501613749398127,0.5535294612248739,1.4913814730114408,0.4474144419034322,0.1075571874777476,0.010755718747774761,0.7118055555555556,0.4835069444444444,0.13997866875595516,0.08497689250442717,0.6256666779518127
5,13,adaptive_crosssdc_cmr,hinge,1.0,0.01,1.0369701385498047,0.5591191980573866,1.5181265274683635,0.45543795824050903,0.0903285178873274,0.00903285178873274,0.6892361111111112,0.3784722222222222,0.12982682469818327,0.058819804754522115,0.6290000081062317
5,14,adaptive_crosssdc_cmr,hinge,1.0,0.01,1.0019391775131226,0.5710034171740214,1.4818862279256184,0.4445658683776855,0.08635621186759737,0.008635621186759737,0.6432291666666666,0.3541666666666667,0.11874356700314416,0.06223095663719707,0.6326666474342346
5,15,adaptive_crosssdc_cmr,hinge,1.0,0.01,0.9856009019745721,0.5586833953857422,1.4567737446890936,0.4370321234067281,0.07407473276058833,0.007407473276058833,0.6059027777777778,0.3515625,0.10312612603108089,0.0532154825826486,0.6336666941642761
5,16,adaptive_crosssdc_cmr,hinge,1.0,0.01,0.9828191598256429,0.5770576927396986,1.5018634266323514,0.4505590279897054,0.07915894438823064,0.007915894438823064,0.6241319444444444,0.3663194444444444,0.10960980504751205,0.05746602639555931,0.6363333463668823
5,17,adaptive_crosssdc_cmr,hinge,1.0,0.01,0.9535586304134793,0.5776706006791856,1.4430129792955186,0.43290389378865557,0.0651899269885487,0.00651899269885487,0.5720486111111112,0.2795138888888889,0.099002486301793,0.038057251936859555,0.6353333592414856
5,18,adaptive_crosssdc_cmr,hinge,1.0,0.01,0.9260085556242201,0.5690701603889465,1.4153890079922147,0.4246167023976644,0.0666929359237353,0.006669293592373531,0.5512152777777778,0.3168402777777778,0.09670274704694748,0.044158019539382726,0.6366666555404663
5,19,adaptive_crosssdc_cmr,hinge,1.0,0.01,0.9132888052198622,0.5964976218011644,1.4171557823816936,0.4251467347145081,0.06027287865678469,0.006027287865678469,0.5147569444444444,0.2951388888888889,0.08665972782505883,0.041677397986253105,0.6370000243186951
5,20,adaptive_crosssdc_cmr,hinge,1.0,0.01,0.9177538090282016,0.594859798749288,1.4600823455386691,0.43802470366160073,0.054886146965954036,0.005488614696595404,0.4982638888888889,0.2630208333333333,0.081766776740551,0.03583382566769918,0.6393333077430725
5,21,adaptive_crosssdc_cmr,hinge,1.0,0.01,0.8969767689704895,0.5795907576878866,1.4189182652367487,0.4256754795710246,0.049893378383583493,0.00498933783835835,0.4861111111111111,0.2560763888888889,0.07520270140634643,0.03256204475959142,0.6389999985694885
5,22,adaptive_crosssdc_cmr,hinge,1.0,0.01,0.9006371233198378,0.6315320134162903,1.4534744554095798,0.4360423366228739,0.04795031829012765,0.0047950318290127655,0.4661458333333333,0.2682291666666667,0.07159341292248832,0.03233172992865244,0.6389999985694885
5,23,adaptive_crosssdc_cmr,hinge,1.0,0.01,0.883154465092553,0.5777218143145243,1.4392698340945773,0.4317809502283732,0.04332469610704316,0.004332469610704316,0.4678819444444444,0.22743055555555555,0.06875477275914615,0.02518898207280371,0.6430000066757202
5,24,adaptive_crosssdc_cmr,hinge,1.0,0.01,0.870282961262597,0.5974024136861166,1.4247368176778157,0.4274210453033447,0.04067435902025965,0.004067435902025965,0.421875,0.2378472222222222,0.05943542222181956,0.029144761463006336,0.6399999856948853
5,25,adaptive_crosssdc_cmr,hinge,1.0,0.01,0.8752909435166253,0.6096581088172065,1.4464841418796115,0.43394524256388345,0.037700690122114286,0.003770069012211429,0.4131944444444444,0.20052083333333334,0.05917252931329939,0.022672635399632983,0.6416666507720947
5,26,adaptive_crosssdc_cmr,hinge,1.0,0.01,0.8655238350232443,0.6307574179437425,1.43615726629893,0.43084717988967897,0.039480785114897624,0.003948078511489763,0.4114583333333333,0.2309027777777778,0.059636702554093465,0.02573418865601222,0.6439999938011169
5,27,adaptive_crosssdc_cmr,hinge,1.0,0.01,0.8486265010303922,0.607637365659078,1.3993187215593126,0.4197956164677938,0.03278055311077171,0.003278055311077171,0.3784722222222222,0.18663194444444445,0.05011576579676734,0.02109495426217715,0.6466666460037231
5,28,adaptive_crosssdc_cmr,hinge,1.0,0.01,0.8438514934645759,0.6312752366065979,1.4075724681218464,0.4222717404365539,0.03468011112676726,0.0034680111126767265,0.3993055555555556,0.18055555555555555,0.05583134334948328,0.019970102856556576,0.6443333625793457
5,29,adaptive_crosssdc_cmr,hinge,1.0,0.01,0.8473125365045335,0.635039660665724,1.4361863401201036,0.4308559020360311,0.03197393276625209,0.0031973932766252095,0.3567708333333333,0.18489583333333334,0.05248190462589264,0.0176412347290251,0.6466666460037231
5,30,adaptive_crosssdc_cmr,hinge,1.0,0.01,0.8219651381174723,0.6142803496784635,1.383545411957635,0.4150636235872905,0.02868474709490935,0.0028684747094909354,0.3532986111111111,0.1753472222222222,0.04789392939872212,0.0161879054374165,0.6483333110809326
5,31,adaptive_crosssdc_cmr,hinge,1.0,0.01,0.8166342245207893,0.6495116750399271,1.4016711976793077,0.4205013593037923,0.022993334672517247,0.002299333467251725,0.3298611111111111,0.1310763888888889,0.04114422988560465,0.010217470841275321,0.6453333497047424
5,32,adaptive_crosssdc_cmr,hinge,1.0,0.01,0.810695211092631,0.6213938660091824,1.4004475010765924,0.42013425032297774,0.02347662837968932,0.0023476628379689325,0.3394097222222222,0.1579861111111111,0.041371825668546885,0.011005457904603746,0.6470000147819519
5,33,adaptive_crosssdc_cmr,hinge,1.0,0.01,0.809395882818434,0.6508183744218614,1.4048979414833918,0.4214693824450175,0.02275749792655309,0.002275749792655309,0.3246527777777778,0.11805555555555555,0.04016912066274219,0.010583618448840247,0.6526666879653931
5,34,adaptive_crosssdc_cmr,hinge,1.0,0.01,0.798050668504503,0.6460960838529799,1.3848348988427057,0.4154504696528117,0.021428624168038368,0.002142862416803837,0.3046875,0.1449652777777778,0.03580817538830969,0.012116934690210555,0.6460000276565552
5,35,adaptive_crosssdc_cmr,hinge,1.0,0.01,0.7953902284304301,0.6619286139806112,1.3786035776138306,0.41358107328414917,0.02072456841253572,0.002072456841253572,0.3072916666666667,0.1501736111111111,0.035996108833286494,0.01015512603852484,0.6510000228881836
5,36,adaptive_crosssdc_cmr,hinge,1.0,0.01,0.786005695660909,0.6376308865017362,1.3740317291683621,0.41220951875050865,0.017921652127471235,0.0017921652127471236,0.28125,0.13368055555555555,0.03058470081951883,0.01062705491979917,0.6449999809265137
5,37,adaptive_crosssdc_cmr,hinge,1.0,0.01,0.7929180595609877,0.6671295232243009,1.4044500589370728,0.4213350176811218,0.017328957199222512,0.0017328957199222513,0.2777777777777778,0.1154513888888889,0.03000236012869411,0.009100540230671564,0.6480000019073486
5,38,adaptive_crosssdc_cmr,hinge,1.0,0.01,0.7702774935298495,0.6467736694547865,1.363817188474867,0.40914515654246014,0.016830585586527985,0.0016830585586527986,0.2855902777777778,0.12760416666666666,0.02935751506851779,0.009033080604341295,0.6499999761581421
5,39,adaptive_crosssdc_cmr,hinge,1.0,0.01,0.7745069993866814,0.6656140353944566,1.3863142331441243,0.41589426994323725,0.016204698011279106,0.0016204698011279108,0.2725694444444444,0.1189236111111111,0.02903349490629302,0.00765090642703904,0.653333306312561
5,40,adaptive_crosssdc_cmr,hinge,1.0,0.01,0.766456769572364,0.6608028213183085,1.3662622107399836,0.40987866322199507,0.014914566030104956,0.0014914566030104956,0.2378472222222222,0.09461805555555555,0.02707065973016951,0.006985749221510357,0.6473333239555359
5,41,adaptive_crosssdc_cmr,hinge,1.0,0.01,0.770494904783037,0.6600241131252713,1.3831944863001506,0.41495834589004515,0.013907382161253028,0.0013907382161253029,0.23958333333333334,0.09027777777777778,0.025521628351675138,0.006093615045150121,0.653333306312561
5,42,adaptive_crosssdc_cmr,hinge,1.0,0.01,0.7598820527394613,0.6675004031923082,1.361737026108636,0.40852110783259077,0.013736581947240565,0.0013736581947240566,0.234375,0.10503472222222222,0.024576378158397146,0.0068777865833706325,0.6516666412353516
5,43,adaptive_crosssdc_cmr,hinge,1.0,0.01,0.7754216061698066,0.6947481830914816,1.4061103529400296,0.4218331058820089,0.012620922902392017,0.0012620922902392018,0.22569444444444445,0.11197916666666667,0.021750285393661924,0.00723464869790607,0.6499999761581421
5,44,adaptive_crosssdc_cmr,hinge,1.0,0.01,0.7676191131273905,0.6799204150835673,1.3812052541308932,0.41436157623926795,0.012633372926049762,0.0012633372926049763,0.23524305555555555,0.0876736111111111,0.023949192836880684,0.004816160847743352,0.6520000100135803
5,45,adaptive_crosssdc_cmr,hinge,1.0,0.01,0.7610005206531949,0.6837108068996005,1.3694710069232516,0.4108413020769755,0.010912264697253704,0.0010912264697253704,0.2126736111111111,0.08159722222222222,0.021355636624826327,0.0040983437663979,0.6513333320617676
5,46,adaptive_crosssdc_cmr,hinge,1.0,0.01,0.7500758303536309,0.6791873772939047,1.3470187054740057,0.4041056116422017,0.011729396672712432,0.0011729396672712433,0.22135416666666666,0.0998263888888889,0.02082033082842827,0.0065305886997116935,0.656000018119812
5,47,adaptive_crosssdc_cmr,hinge,1.0,0.01,0.7472784982787238,0.6963788138495551,1.340808219379849,0.4022424658139547,0.010803776896662183,0.0010803776896662184,0.2074652777777778,0.0998263888888889,0.02021218753523297,0.00530212413933542,0.6489999890327454
5,48,adaptive_crosssdc_cmr,hinge,1.0,0.01,0.7565805315971375,0.668991764386495,1.3780599037806194,0.4134179711341858,0.010412003017134137,0.0010412003017134137,0.1918402777777778,0.0842013888888889,0.018586697470810678,0.005358328835831748,0.6506666541099548
5,49,adaptive_crosssdc_cmr,hinge,1.0,0.01,0.7438558472527398,0.6825006471739875,1.3573565085728962,0.40720695257186884,0.01051762317203813,0.001051762317203813,0.1953125,0.09722222222222222,0.018583390447828505,0.005848287708229489,0.6526666879653931
5,50,adaptive_crosssdc_cmr,hinge,1.0,0.01,0.7349541849560208,0.6771331893073188,1.3297867245144315,0.39893601735432943,0.010412666894909408,0.0010412666894909408,0.19618055555555555,0.08506944444444445,0.019777745422389772,0.0043214187026023865,0.6539999842643738
5,51,adaptive_crosssdc_cmr,hinge,1.0,0.01,0.7364748848809136,0.6872378455268012,1.3325378364986844,0.3997613509496053,0.009626512363966968,0.0009626512363966968,0.1840277777777778,0.09895833333333333,0.0174484851045741,0.0052813986937205,0.6513333320617676
5,52,adaptive_crosssdc_cmr,hinge,1.0,0.01,0.7421055171224806,0.6992244720458984,1.347848825984531,0.4043546477953593,0.009934181502709786,0.0009934181502709786,0.1953125,0.07725694444444445,0.018931851204898622,0.0039372216496202685,0.6583333611488342
5,53,adaptive_crosssdc_cmr,hinge,1.0,0.01,0.754434671666887,0.7205462124612596,1.3698404100206163,0.4109521230061849,0.009959943282107512,0.0009959943282107512,0.1779513888888889,0.07465277777777778,0.017895313600699108,0.004830279697974523,0.6496666669845581
5,54,adaptive_crosssdc_cmr,hinge,1.0,0.01,0.7333993779288398,0.6922373109393649,1.3310820526546903,0.39932461579640705,0.01008153846487403,0.0010081538464874029,0.18663194444444445,0.078125,0.018250636756420135,0.004726661990086238,0.652999997138977
5,55,adaptive_crosssdc_cmr,hinge,1.0,0.01,0.7332954539193047,0.7035690347353617,1.3290530973010592,0.3987159291903178,0.008366154920723703,0.0008366154920723703,0.1623263888888889,0.08854166666666667,0.014589678910043504,0.004568731205330955,0.6526666879653931
5,56,adaptive_crosssdc_cmr,hinge,1.0,0.01,0.7311224142710367,0.7051867710219489,1.3400156365500555,0.4020046909650166,0.007969523314386606,0.0007969523314386607,0.1753472222222222,0.0720486111111111,0.01570218325489097,0.0033226307067606184,0.6579999923706055
5,57,adaptive_crosssdc_cmr,hinge,1.0,0.01,0.7379096878899468,0.723931266201867,1.3659256961610582,0.40977770884831743,0.008127826059030162,0.0008127826059030163,0.1762152777777778,0.0546875,0.01655602351658874,0.002486687981420093,0.6546666622161865
5,58,adaptive_crosssdc_cmr,hinge,1.0,0.01,0.7254510919253031,0.7181447545687357,1.3389360109965007,0.40168080329895023,0.006807619447095526,0.0006807619447095527,0.1388888888888889,0.078125,0.012268798011872504,0.0036941456298033395,0.6576666831970215
5,59,adaptive_crosssdc_cmr,hinge,1.0,0.01,0.7100312577353584,0.7055828306410048,1.3074148231082492,0.39222444693247477,0.006469122599810362,0.0006469122599810362,0.15104166666666666,0.057291666666666664,0.013497145018643804,0.002227894961833954,0.6579999923706055
5,60,adaptive_crosssdc_cmr,hinge,1.0,0.01,0.7224176128705343,0.719053738647037,1.350146598286099,0.40504397948582965,0.006547007968442308,0.0006547007968442308,0.13802083333333334,0.07118055555555555,0.011365563919146856,0.003845423873927858,0.6543333530426025
5,61,adaptive_crosssdc_cmr,hinge,1.0,0.01,0.7045470542377896,0.7324352992905511,1.318652007314894,0.39559560219446815,0.00526111288410094,0.000526111288410094,0.12239583333333333,0.058159722222222224,0.009970995287100473,0.002741136070754793,0.6600000262260437
5,62,adaptive_crosssdc_cmr,hinge,1.0,0.01,0.7164661486943563,0.7371756699350145,1.3523992564943101,0.40571977694829303,0.00400713293088807,0.000400713293088807,0.1232638888888889,0.05555555555555555,0.008033162189854516,0.002035521384742525,0.6546666622161865
5,63,adaptive_crosssdc_cmr,hinge,1.0,0.01,0.7189907961421542,0.7678210404184129,1.3700161245134141,0.4110048373540242,0.005967906288181742,0.0005967906288181742,0.1345486111111111,0.0642361111111111,0.01068472738067309,0.0036823037597868177,0.6586666703224182
5,64,adaptive_crosssdc_cmr,hinge,1.0,0.01,0.6990449825922648,0.7309160696135627,1.323328521516588,0.3969985564549764,0.004660390291569961,0.00046603902915699617,0.10243055555555555,0.06163194444444445,0.007840825244784355,0.0034799029429753623,0.652999997138977
5,65,adaptive_crosssdc_cmr,hinge,1.0,0.01,0.6972177624702454,0.7158398826917013,1.3257016208436754,0.3977104862531026,0.006615088968020346,0.0006615088968020346,0.125,0.06944444444444445,0.01149619867404302,0.0037488767670260537,0.6583333611488342
5,66,adaptive_crosssdc_cmr,hinge,1.0,0.01,0.7008127371470133,0.7505501508712769,1.3327412207921345,0.39982236623764034,0.005156380926362342,0.0005156380926362342,0.12413194444444445,0.058159722222222224,0.00993615657918983,0.0024481573038631016,0.6606666445732117
5,67,adaptive_crosssdc_cmr,hinge,1.0,0.01,0.690988216135237,0.7401963671048483,1.302161071035597,0.3906483213106791,0.00529858167283237,0.000529858167283237,0.11631944444444445,0.052083333333333336,0.010091808314124743,0.002511819617615806,0.6603333353996277
5,68,adaptive_crosssdc_cmr,hinge,1.0,0.01,0.7072435087627835,0.7673317790031433,1.3470109038882785,0.40410327116648354,0.004737294020338191,0.0004737294020338191,0.11631944444444445,0.05381944444444445,0.00879691375626458,0.002610108090771569,0.6566666960716248
5,69,adaptive_crosssdc_cmr,hinge,1.0,0.01,0.6986753940582275,0.7546642223993937,1.3367658853530884,0.4010297656059265,0.00692317052744329,0.000692317052744329,0.1345486111111111,0.052083333333333336,0.013418632249037424,0.002535185052288903,0.6610000133514404
5,70,adaptive_crosssdc_cmr,hinge,1.0,0.01,0.6948916978306241,0.7441455721855164,1.3231637345419989,0.39694912036259966,0.00423201189065973,0.000423201189065973,0.1032986111111111,0.06163194444444445,0.008058497889174355,0.0024123916195498574,0.656333327293396
5,71,adaptive_crosssdc_cmr,hinge,1.0,0.01,0.6853298478656344,0.7413661612404717,1.2959734863705106,0.3887920459111532,0.004383345613152617,0.0004383345613152617,0.11197916666666667,0.04079861111111111,0.008523315605190065,0.00187784805893898,0.6589999794960022
5,72,adaptive_crosssdc_cmr,hinge,1.0,0.01,0.6947091950310601,0.7531412442525228,1.3156595759921603,0.39469787279764806,0.005240465488491787,0.0005240465488491787,0.10503472222222222,0.0703125,0.008917051470941968,0.003596136139498817,0.6576666831970215
5,73,adaptive_crosssdc_cmr,hinge,1.0,0.01,0.6824423339631822,0.7414828009075589,1.2884327835506864,0.3865298350652059,0.005390726029872894,0.0005390726029872895,0.1111111111111111,0.049479166666666664,0.010648342056406869,0.0022040228876802656,0.6616666913032532
5,74,adaptive_crosssdc_cmr,hinge,1.0,0.01,0.7055239213837518,0.7717935641606649,1.3488060103522406,0.40464180310567216,0.004578349465090368,0.0004578349465090368,0.11631944444444445,0.03732638888888889,0.009073475582732094,0.0015915830930074055,0.6570000052452087
5,75,adaptive_crosssdc_cmr,hinge,1.0,0.01,0.6972977717717489,0.7520250545607673,1.3108464479446411,0.39325393438339235,0.00638337360901965,0.0006383373609019651,0.1232638888888889,0.07291666666666667,0.011711502447724342,0.0033853588004906974,0.6629999876022339
5,76,adaptive_crosssdc_cmr,hinge,1.0,0.01,0.7051692340109084,0.7666817373699613,1.3295451137754652,0.3988635341326396,0.005327308550477028,0.0005327308550477028,0.11979166666666667,0.0625,0.009895473304722045,0.002856513692273034,0.6576666831970215
5,77,adaptive_crosssdc_cmr,hinge,1.0,0.01,0.6828037235471938,0.7476150194803873,1.27033531665802,0.381100594997406,0.004872846210168468,0.0004872846210168468,0.10850694444444445,0.05555555555555555,0.009474823044406043,0.0023086671200063494,0.6613333225250244
5,78,adaptive_crosssdc_cmr,hinge,1.0,0.01,0.682709084616767,0.7351613442103068,1.2764132420221965,0.38292397260665895,0.004965679745914208,0.0004965679745914208,0.10416666666666667,0.06336805555555555,0.00820297458105617,0.0033609519402186074,0.6666666865348816
5,79,adaptive_crosssdc_cmr,hinge,1.0,0.01,0.7233225835694207,0.8218631280793084,1.4070024887720745,0.42210074663162234,0.005027264485963517,0.0005027264485963517,0.1015625,0.043402777777777776,0.009629237155119577,0.0019639461404747432,0.6600000262260437
5,80,adaptive_crosssdc_cmr,hinge,1.0,0.01,0.6854814092318217,0.7645003265804715,1.2916148900985718,0.3874844670295715,0.005680988102944361,0.0005680988102944361,0.10590277777777778,0.059027777777777776,0.009765332357750999,0.0034127827319833967,0.6610000133514404
5,81,adaptive_crosssdc_cmr,hinge,1.0,0.01,0.7034218907356262,0.7933916913138496,1.3460763030582004,0.4038228909174601,0.004648263540325893,0.0004648263540325893,0.09895833333333333,0.050347222222222224,0.008782704671223959,0.0021322477194998,0.6639999747276306
5,82,adaptive_crosssdc_cmr,hinge,1.0,0.01,0.6894022756152682,0.7853433423572116,1.3256095515357122,0.3976828654607137,0.003612875692649848,0.0003612875692649848,0.1032986111111111,0.0390625,0.007053024239010281,0.0019408526519934337,0.6600000262260437
5,83,adaptive_crosssdc_cmr,hinge,1.0,0.01,0.6763976679907905,0.7693701982498169,1.3036364714304607,0.3910909414291382,0.004262811840615339,0.0004262811840615339,0.09114583333333333,0.06163194444444445,0.007211549828449885,0.0029138165215651193,0.6629999876022339
5,84,adaptive_crosssdc_cmr,hinge,1.0,0.01,0.6864672303199768,0.7991214593251547,1.3196411795086331,0.3958923538525899,0.0027838979278587634,0.00027838979278587637,0.07899305555555555,0.04600694444444445,0.005179567055569755,0.0019577625725004408,0.6603333353996277
5,85,adaptive_crosssdc_cmr,hinge,1.0,0.01,0.6745685405201383,0.7934226658609178,1.3055073022842407,0.3916521906852722,0.0028989778624640573,0.0002898977862464057,0.0842013888888889,0.04600694444444445,0.005380851940976249,0.0019183730085690816,0.6656666398048401
5,86,adaptive_crosssdc_cmr,hinge,1.0,0.01,0.6782530479960971,0.7895263963275485,1.3100840780470107,0.3930252234141032,0.0036871242854330274,0.0003687124285433028,0.09114583333333333,0.059895833333333336,0.006552478505505456,0.0026589975588851506,0.6589999794960022
5,87,adaptive_crosssdc_cmr,hinge,1.0,0.01,0.6790412730640836,0.7885367406739129,1.3101643191443548,0.39304929574330644,0.003395249316882756,0.00033952493168827564,0.0842013888888889,0.030381944444444444,0.006855445189608468,0.0012779082689020368,0.659333348274231
5,88,adaptive_crosssdc_cmr,hinge,1.0,0.01,0.6824342078632779,0.7924062079853482,1.31962079472012,0.395886238416036,0.004439507145434618,0.0004439507145434618,0.10677083333333333,0.05555555555555555,0.007406482266055213,0.0030473627977901036,0.6633333563804626
5,89,adaptive_crosssdc_cmr,hinge,1.0,0.01,0.6751105520460341,0.787448008855184,1.2960381640328302,0.38881144920984906,0.0029807643602705663,0.0002980764360270567,0.0920138888888889,0.051215277777777776,0.005843506505091985,0.001798418660958608,0.6603333353996277
5,90,adaptive_crosssdc_cmr,hinge,1.0,0.01,0.6809339655770196,0.770218743218316,1.3018927971522014,0.3905678391456604,0.00407112376867897,0.00040711237686789697,0.10243055555555555,0.04861111111111111,0.00768264921175109,0.0019918311801221636,0.6623333096504211
5,91,adaptive_crosssdc_cmr,hinge,1.0,0.01,0.6804097824626498,0.7956184678607516,1.3092052671644423,0.39276158014933266,0.004034160610495342,0.0004034160610495342,0.0998263888888889,0.04600694444444445,0.007570364822944005,0.002038804607258903,0.6610000133514404
5,92,adaptive_crosssdc_cmr,hinge,1.0,0.01,0.6919193002912734,0.8000761402977837,1.3393919335471258,0.40181758006413776,0.0033487077000447446,0.0003348707700044745,0.0876736111111111,0.03993055555555555,0.005621340125799179,0.002223375356859631,0.6623333096504211
5,93,adaptive_crosssdc_cmr,hinge,1.0,0.01,0.6687788102361891,0.7790747218661838,1.2788597610261705,0.3836579283078511,0.003146775429033571,0.0003146775429033571,0.08940972222222222,0.041666666666666664,0.005860454092423121,0.0017194305029180315,0.6636666655540466
5,94,adaptive_crosssdc_cmr,hinge,1.0,0.01,0.6740005943510268,0.7892065975401137,1.2948724296357896,0.3884617288907369,0.0029731082807605467,0.0002973108280760547,0.07378472222222222,0.04079861111111111,0.004744843890269597,0.0022696682976351846,0.6620000004768372
5,95,adaptive_crosssdc_cmr,hinge,1.0,0.01,0.6826108561621772,0.8012471993764242,1.3102297915352716,0.39306893746058147,0.0033898345556937987,0.0003389834555693799,0.09027777777777778,0.041666666666666664,0.0069584233893288504,0.0015319213271141052,0.6660000085830688
5,96,adaptive_crosssdc_cmr,hinge,1.0,0.01,0.6740044686529372,0.7966102957725525,1.3071281645033095,0.39213844935099285,0.0027247293684114185,0.0002724729368411419,0.07552083333333333,0.03819444444444445,0.004959332032336129,0.0016737389895651075,0.6626666784286499
5,97,adaptive_crosssdc_cmr,hinge,1.0,0.01,0.6704533365037706,0.7912264466285706,1.3023485077752008,0.39070455233256024,0.0036376812365940875,0.00036376812365940877,0.08159722222222222,0.049479166666666664,0.006036515451139874,0.0024397195213370854,0.6693333387374878
5,98,adaptive_crosssdc_cmr,hinge,1.0,0.01,0.6755715409914652,0.8171257442898221,1.3203248845206366,0.39609746535619095,0.002790701025838239,0.00027907010258382395,0.07465277777777778,0.04861111111111111,0.004618911279572381,0.0023487330310874516,0.6690000295639038
5,99,adaptive_crosssdc_cmr,hinge,1.0,0.01,0.6799023747444153,0.8385911915037367,1.3241795433892145,0.39725386301676435,0.0037203761490268838,0.0003720376149026884,0.09288194444444445,0.04774305555555555,0.006825663149356842,0.001891876674360699,0.6636666655540466
5,100,adaptive_crosssdc_cmr,hinge,1.0,0.01,0.6646415061420865,0.7855663034651015,1.2809775405459933,0.384293262163798,0.003182180678575403,0.00031821806785754033,0.0703125,0.05295138888888889,0.005145498861869176,0.002546939171022839,0.6636666655540466
5,101,adaptive_crosssdc_cmr,hinge,1.0,0.01,0.6709413064850701,0.8040098614162869,1.2939768102433946,0.3881930430730184,0.003485189259259237,0.00034851892592592374,0.07899305555555555,0.036458333333333336,0.006374508970313602,0.001666720128721661,0.6700000166893005
5,102,adaptive_crosssdc_cmr,hinge,1.0,0.01,0.6837941143247817,0.8307986855506897,1.3107318480809529,0.39321955442428586,0.004180313928777145,0.00041803139287771454,0.0876736111111111,0.036458333333333336,0.0075140417450004155,0.0019250089923540752,0.6663333177566528
5,103,adaptive_crosssdc_cmr,hinge,1.0,0.01,0.6656241483158536,0.8028932876057095,1.2820550070868597,0.3846165021260579,0.0030771125780625474,0.00030771125780625476,0.07378472222222222,0.03298611111111111,0.005838154918617672,0.0013657104637887743,0.6673333048820496
5,104,adaptive_crosssdc_cmr,hinge,1.0,0.01,0.6730868750148349,0.827378147178226,1.3350533379448786,0.40051600138346355,0.003167309183886068,0.0003167309183886068,0.08159722222222222,0.04774305555555555,0.0053900037374761366,0.002252413580814997,0.6639999747276306
5,105,adaptive_crosssdc_cmr,hinge,1.0,0.01,0.6613446076711019,0.8117212454477946,1.2938664886686537,0.3881599466005961,0.002971651200722489,0.0002971651200722489,0.08506944444444445,0.043402777777777776,0.005174595034784741,0.001960816482702891,0.6613333225250244
5,106,adaptive_crosssdc_cmr,hinge,1.0,0.01,0.6547704935073853,0.8002114759551154,1.2662281195322673,0.37986843585968016,0.00321099944671409,0.00032109994467140906,0.07118055555555555,0.044270833333333336,0.00587279349565506,0.0017737907667954762,0.6706666946411133
5,107,adaptive_crosssdc_cmr,hinge,1.0,0.01,0.6470556722746955,0.7796365486250983,1.2528317901823256,0.37584953705469765,0.002159973386571639,0.00021599733865716394,0.058159722222222224,0.028645833333333332,0.0039381517304314505,0.0013167584935824077,0.6620000004768372
5,108,adaptive_crosssdc_cmr,hinge,1.0,0.01,0.6682914098103842,0.8320776422818502,1.3042429685592651,0.39127289056777953,0.0029727549731938373,0.00029727549731938376,0.07552083333333333,0.042534722222222224,0.005317431771092945,0.0018209843999809688,0.6656666398048401
5,109,adaptive_crosssdc_cmr,hinge,1.0,0.01,0.6567442615826925,0.8072234855757819,1.2652918497721355,0.37958755493164065,0.002691333880648017,0.0002691333880648017,0.078125,0.03211805555555555,0.005259500609503852,0.001246697786781523,0.6666666865348816
5,110,adaptive_crosssdc_cmr,hinge,1.0,0.01,0.656465106540256,0.8005700177616544,1.2730223602718778,0.3819067080815633,0.003364768655349811,0.00033647686553498114,0.08246527777777778,0.03819444444444445,0.0058626217974556815,0.0019961053298579324,0.6639999747276306
5,111,adaptive_crosssdc_cmr,hinge,1.0,0.01,0.6725475854343839,0.8531117571724786,1.344252308209737,0.4032756924629211,0.0023592256345889634,0.00023592256345889636,0.06336805555555555,0.044270833333333336,0.00373462297850185,0.0019288799828953212,0.6650000214576721
5,112,adaptive_crosssdc_cmr,hinge,1.0,0.01,0.6527668502595689,0.8170516226026747,1.2817241085900202,0.38451723257700604,0.0036602710218479237,0.0003660271021847924,0.08072916666666667,0.04600694444444445,0.005408157491021686,0.00290359142753813,0.6690000295639038
5,113,adaptive_crosssdc_cmr,hinge,1.0,0.01,0.6575402816136678,0.8296013805601332,1.2900810771518283,0.38702432314554847,0.00260361866094172,0.000260361866094172,0.0625,0.042534722222222224,0.004508499470021989,0.0018025748431682587,0.6650000214576721
5,114,adaptive_crosssdc_cmr,hinge,1.0,0.01,0.6457440588209364,0.8068470491303338,1.262767752011617,0.37883032560348506,0.0030645837800370324,0.0003064583780037033,0.06597222222222222,0.0390625,0.005081230153640111,0.0018543452024459839,0.6633333563804626
5,115,adaptive_crosssdc_cmr,hinge,1.0,0.01,0.6527765128347609,0.8267300923665365,1.2799415323469374,0.38398245970408124,0.002090133849479672,0.00020901338494796722,0.0720486111111111,0.03125,0.003885959585507711,0.0014024252692858379,0.668666660785675
5,116,adaptive_crosssdc_cmr,hinge,1.0,0.01,0.6523076163397895,0.8271128137906393,1.2814153830210369,0.384424614906311,0.002705650125992381,0.0002705650125992381,0.06684027777777778,0.03993055555555555,0.0049507154358757865,0.001566508991850747,0.6666666865348816
5,117,adaptive_crosssdc_cmr,hinge,1.0,0.01,0.6520481771892972,0.8135789301660326,1.2742792897754245,0.3822837869326273,0.002649604135917293,0.0002649604135917293,0.06684027777777778,0.03125,0.0043685514893796705,0.0017803145779503717,0.6663333177566528
5,118,adaptive_crosssdc_cmr,hinge,1.0,0.01,0.6491862270567152,0.8253239459461637,1.2769933409161038,0.38309800227483115,0.002521997143048793,0.00025219971430487934,0.051215277777777776,0.04079861111111111,0.0035282745957374573,0.0024089705612924364,0.6663333177566528
5,119,adaptive_crosssdc_cmr,hinge,1.0,0.01,0.6406583587328593,0.8206591341230605,1.2738556067148845,0.38215668201446534,0.002436544209356523,0.00024365442093565232,0.06684027777777778,0.0390625,0.004277763681279289,0.0015821817020575206,0.6669999957084656
5,120,adaptive_crosssdc_cmr,hinge,1.0,0.01,0.6336250636312697,0.8135087556309171,1.2652879423565335,0.37958638270696005,0.002256527439587646,0.00022565274395876462,0.0703125,0.03819444444444445,0.00384725464714898,0.0015692123108439976,0.6663333177566528
5,121,adaptive_crosssdc_cmr,hinge,1.0,0.01,0.6412853532367282,0.8367259767320421,1.2862671216328938,0.38588013648986813,0.0016268194885924459,0.0001626819488592446,0.04513888888888889,0.027777777777777776,0.0030628244082132974,0.0008885434104336633,0.6666666865348816
5,122,adaptive_crosssdc_cmr,hinge,1.0,0.01,0.6287244955698649,0.808315204249488,1.2563374439875286,0.37690123319625857,0.0016504344918454688,0.0001650434491845469,0.052083333333333336,0.028645833333333332,0.0030112043023109436,0.0012057597438494365,0.6653333306312561
5,123,adaptive_crosssdc_cmr,hinge,1.0,0.01,0.6486224267217848,0.8571296135584513,1.313814361890157,0.3941443085670471,0.0016252307040202948,0.0001625230704020295,0.052083333333333336,0.03125,0.0028307061228487226,0.0012899997333685558,0.6713333129882812
5,124,adaptive_crosssdc_cmr,hinge,1.0,0.01,0.6303891672028435,0.8296719193458557,1.2624201509687636,0.3787260452906291,0.0018528421771609122,0.00018528421771609122,0.05381944444444445,0.034722222222222224,0.0034288929568396676,0.0011523440480232239,0.6669999957084656
5,125,adaptive_crosssdc_cmr,hinge,1.0,0.01,0.6501537031597562,0.8539312548107572,1.3095734516779582,0.39287203550338745,0.001818118506990787,0.0001818118506990787,0.050347222222222224,0.033854166666666664,0.0029714670446183947,0.0014587769077883826,0.6676666736602783
5,126,adaptive_crosssdc_cmr,hinge,1.0,0.01,0.6379800571335686,0.830947995185852,1.276867641343011,0.38306029240290324,0.002563949868393441,0.00025639498683934414,0.057291666666666664,0.04774305555555555,0.003749503857559628,0.002295982920461231,0.6679999828338623
5,127,adaptive_crosssdc_cmr,hinge,1.0,0.01,0.6537932289971246,0.8331476913558112,1.2671750121646457,0.3801525036493937,0.0035118383433048925,0.0003511838343304893,0.0859375,0.03298611111111111,0.006263838873969184,0.001658986426062054,0.6693333387374878
5,128,adaptive_crosssdc_cmr,hinge,1.0,0.01,0.6563482019636366,0.8234441743956672,1.2724270423253377,0.38172811269760126,0.0032202084936822453,0.0003220208493682245,0.07725694444444445,0.044270833333333336,0.005353634970055686,0.002008912050061756,0.6666666865348816
5,129,adaptive_crosssdc_cmr,hinge,1.0,0.01,0.6611757212214999,0.8450514872868856,1.280348499615987,0.3841045498847961,0.0030441269433746734,0.00030441269433746735,0.0720486111111111,0.029513888888888888,0.00581385816136996,0.0012181703415181902,0.6666666865348816
5,130,adaptive_crosssdc_cmr,hinge,1.0,0.01,0.6590634518199496,0.8320242365201315,1.2715995046827528,0.3814798514048258,0.0035382939968258142,0.00035382939968258147,0.07552083333333333,0.043402777777777776,0.00575151253077719,0.0022564339968893263,0.6666666865348816
5,131,adaptive_crosssdc_cmr,hinge,1.0,0.01,0.6613277461793687,0.8739110231399536,1.2972431580225627,0.38917294740676883,0.002983838552609086,0.00029838385526090864,0.0685763888888889,0.03732638888888889,0.004909729378090965,0.0018773534231715733,0.668666660785675
5,132,adaptive_crosssdc_cmr,hinge,1.0,0.01,0.6367234720124139,0.8213597138722738,1.2386068635516696,0.37158205906550085,0.002764635564138492,0.0002764635564138492,0.0642361111111111,0.04079861111111111,0.003958986451228459,0.0024824734363291,0.6743333339691162
5,133,adaptive_crosssdc_cmr,hinge,1.0,0.01,0.6457964645491706,0.8526900808016459,1.277829435136583,0.3833488305409749,0.0023787466084791552,0.00023787466084791554,0.06597222222222222,0.035590277777777776,0.0039760950538847185,0.0016938700444168514,0.6643333435058594
5,134,adaptive_crosssdc_cmr,hinge,1.0,0.01,0.6353572209676107,0.8352692127227783,1.2635760969585843,0.3790728290875753,0.0015801181531666468,0.0001580118153166647,0.046875,0.03732638888888889,0.002519359605179893,0.001586642944150501,0.6690000295639038
5,135,adaptive_crosssdc_cmr,hinge,1.0,0.01,0.6342244214481778,0.8520395888222588,1.2722093264261882,0.38166279792785646,0.0021228527960677943,0.00021228527960677945,0.0546875,0.036458333333333336,0.003301911469962862,0.0017231305440266926,0.6673333048820496
5,136,adaptive_crosssdc_cmr,hinge,1.0,0.01,0.6317980223231845,0.8411134680112203,1.2709081040488348,0.38127243121465043,0.001445611796548797,0.0001445611796548797,0.036458333333333336,0.026041666666666668,0.002469755295250151,0.0009955453375975292,0.6729999780654907
5,137,adaptive_crosssdc_cmr,hinge,1.0,0.01,0.6412766377131144,0.8662040034929911,1.2993877331415813,0.3898163199424744,0.001977189689771169,0.0001977189689771169,0.0546875,0.026909722222222224,0.0032834062973658242,0.0013961394627888997,0.668666660785675
5,138,adaptive_crosssdc_cmr,hinge,1.0,0.01,0.6331090132395426,0.8701804743872749,1.2901086807250977,0.3870326042175293,0.0015132706741698915,0.00015132706741698916,0.0390625,0.028645833333333332,0.0022794649832778508,0.0014621247020032671,0.6703333258628845
5,139,adaptive_crosssdc_cmr,hinge,1.0,0.01,0.6239344014061822,0.8420865072144402,1.263382911682129,0.37901487350463864,0.0014551399864204642,0.00014551399864204642,0.041666666666666664,0.030381944444444444,0.00233274574081103,0.0013674282365375096,0.6679999828338623
5,140,adaptive_crosssdc_cmr,hinge,1.0,0.01,0.6255043281449212,0.8399833109643724,1.2741454442342122,0.3822436332702636,0.001765716575189597,0.0001765716575189597,0.05642361111111111,0.03298611111111111,0.0029143388900491926,0.0015333365235063764,0.6713333129882812
5,141,adaptive_crosssdc_cmr,hinge,1.0,0.01,0.6236466301812066,0.8524766233232286,1.2783779833051894,0.3835133949915568,0.001564207428600639,0.00015642074286006393,0.052083333333333336,0.03125,0.0023601866430706447,0.0014499533507559034,0.6673333048820496
5,142,adaptive_crosssdc_cmr,hinge,1.0,0.01,0.6166569789250692,0.8359377582867941,1.248577316602071,0.3745731949806213,0.0015073495839412014,0.00015073495839412017,0.052083333333333336,0.027777777777777776,0.002724212490850025,0.0010649081733491686,0.6746666431427002
5,143,adaptive_crosssdc_cmr,hinge,1.0,0.01,0.6273299323187934,0.8669850826263428,1.2839306328031752,0.38517918984095256,0.0010650831520453924,0.00010650831520453925,0.041666666666666664,0.03993055555555555,0.0015759141080909306,0.0012982682221465642,0.6700000166893005
5,144,adaptive_crosssdc_cmr,hinge,1.0,0.01,0.6297732061809964,0.8878199789259169,1.2972934378518,0.38918803135554,0.0015877570905205277,0.00015877570905205277,0.051215277777777776,0.024305555555555556,0.0028701573610305786,0.0010422675145996942,0.6759999990463257
5,145,adaptive_crosssdc_cmr,hinge,1.0,0.01,0.625000105963813,0.8564766645431519,1.2733207941055298,0.3819962382316589,0.0012062274682749477,0.00012062274682749478,0.034722222222222224,0.03298611111111111,0.00170709275537067,0.001301391257180108,0.6679999828338623
5,146,adaptive_crosssdc_cmr,hinge,1.0,0.01,0.632035924328698,0.8771615094608731,1.303284486134847,0.3909853458404541,0.0011657868744805455,0.00011657868744805456,0.035590277777777776,0.024305555555555556,0.001870556010140313,0.0010216811464892493,0.671999990940094
5,147,adaptive_crosssdc_cmr,hinge,1.0,0.01,0.6321362786822848,0.8833975394566854,1.2965307235717773,0.3889592170715332,0.0015062814992335108,0.00015062814992335109,0.058159722222222224,0.03211805555555555,0.0029174586137135825,0.0010629267328315312,0.6700000166893005
5,148,adaptive_crosssdc_cmr,hinge,1.0,0.01,0.6230228079689873,0.8566431932979159,1.2739363378948636,0.38218090136845906,0.0013831199483118123,0.00013831199483118123,0.03993055555555555,0.03211805555555555,0.002082358631822798,0.0013595914675129785,0.6703333258628845
5,149,adaptive_crosssdc_cmr,hinge,1.0,0.01,0.6096290018823411,0.8404852814144559,1.2361561059951782,0.37084683179855343,0.001738784996430493,0.0001738784996430493,0.03993055555555555,0.03298611111111111,0.0025335587561130524,0.0015718514720598857,0.6683333516120911
5,150,adaptive_crosssdc_cmr,hinge,1.0,0.01,0.6217127707269456,0.8707563545968797,1.271775762240092,0.3815327286720276,0.0009522405485363884,9.522405485363885e-05,0.0390625,0.0234375,0.0017972046302424537,0.0007868115272786883,0.668666660785675
5,151,adaptive_crosssdc_cmr,hinge,1.0,0.01,0.611463189125061,0.8358907964494493,1.2363199128044977,0.3708959738413493,0.001513330278814667,0.0001513330278814667,0.04774305555555555,0.033854166666666664,0.0024344035320811802,0.0014956415527396733,0.6676666736602783
5,152,adaptive_crosssdc_cmr,hinge,1.0,0.01,0.6190266542964511,0.8658638397852579,1.2735412385728624,0.3820623715718587,0.0014077183053207893,0.00014077183053207894,0.03993055555555555,0.028645833333333332,0.0022432737880282933,0.0011936223341359033,0.6690000295639038
5,153,adaptive_crosssdc_cmr,hinge,1.0,0.01,0.6262777513927884,0.8739870919121636,1.2989179558224149,0.3896753867467245,0.0016214632018495144,0.00016214632018495144,0.046875,0.030381944444444444,0.002269179042842653,0.0017135772440168592,0.6710000038146973
5,154,adaptive_crosssdc_cmr,hinge,1.0,0.01,0.6247141162554423,0.8810864686965942,1.29128278626336,0.387384835879008,0.0016323906489156394,0.00016323906489156394,0.042534722222222224,0.036458333333333336,0.002171655082040363,0.0018056134382883708,0.6706666946411133
5,155,adaptive_crosssdc_cmr,hinge,1.0,0.01,0.6239727404382494,0.8605113691753812,1.2688310808605618,0.38064932425816855,0.0015910776112125153,0.00015910776112125155,0.058159722222222224,0.029513888888888888,0.002715599619679981,0.0013087652623653412,0.668666660785675
5,156,adaptive_crosssdc_cmr,hinge,1.0,0.01,0.6325435572200351,0.8698122037781609,1.2824863725238376,0.3847459117571513,0.002346191872169988,0.00023461918721699883,0.06944444444444445,0.026909722222222224,0.00407811916536755,0.0013499889108869764,0.6676666736602783
5,157,adaptive_crosssdc_cmr,hinge,1.0,0.01,0.6218954854541354,0.855527036719852,1.2548347579108343,0.3764504273732503,0.0017891696576649945,0.00017891696576649945,0.05381944444444445,0.034722222222222224,0.0028304412133163875,0.0014346552391846974,0.6653333306312561
5,158,adaptive_crosssdc_cmr,hinge,1.0,0.01,0.6272363397810194,0.8762078218989902,1.2708453469806247,0.3812536040941874,0.004073531263404422,0.0004073531263404423,0.07899305555555555,0.03298611111111111,0.007221158179971907,0.0018586768872208064,0.6729999780654907
5,159,adaptive_crosssdc_cmr,hinge,1.0,0.01,0.6280143857002258,0.8663634459177653,1.2696068154440985,0.38088204463322956,0.001456818139154671,0.0001456818139154671,0.04600694444444445,0.03298611111111111,0.002233970496389601,0.0014824498858716753,0.6729999780654907
5,160,adaptive_crosssdc_cmr,hinge,1.0,0.01,0.6319356494479709,0.8892732196384006,1.2881976630952623,0.38645929892857867,0.0018021499983862871,0.0001802149998386287,0.05642361111111111,0.030381944444444444,0.0030921432707044813,0.0012418023414081996,0.6646666526794434
5,161,adaptive_crosssdc_cmr,hinge,1.0,0.01,0.6105144619941711,0.8495172195964389,1.2350372870763142,0.37051118612289424,0.001762822089302871,0.0001762822089302871,0.04861111111111111,0.029513888888888888,0.002849574304289288,0.0014725679324732886,0.6683333516120911
5,162,adaptive_crosssdc_cmr,hinge,1.0,0.01,0.6258783804045783,0.8770885136392381,1.2771586974461873,0.38314760923385616,0.0015095787869843964,0.00015095787869843965,0.035590277777777776,0.027777777777777776,0.0019240457978513506,0.0016915984451770782,0.67166668176651
5,163,adaptive_crosssdc_cmr,hinge,1.0,0.01,0.6121932201915317,0.8626555336846246,1.2364195452796087,0.37092586358388263,0.0016641987086687651,0.00016641987086687653,0.041666666666666664,0.028645833333333332,0.002520818677213457,0.0013624367614587147,0.6710000038146973
5,164,adaptive_crosssdc_cmr,hinge,1.0,0.01,0.6160400840971205,0.8788406915134854,1.2571124765608046,0.37713374296824137,0.001455560320108715,0.0001455560320108715,0.041666666666666664,0.03125,0.0023019355204370287,0.0013421376546223958,0.6679999828338623
5,165,adaptive_crosssdc_cmr,hinge,1.0,0.01,0.6210087140401205,0.8456269767549303,1.2399431334601507,0.3719829400380452,0.0024134923910929095,0.00024134923910929096,0.059895833333333336,0.03125,0.004316197915209664,0.0012013626595338185,0.6643333435058594
5,166,adaptive_crosssdc_cmr,hinge,1.0,0.01,0.6353330678410001,0.8725724154048495,1.2546212010913425,0.37638636032740275,0.002799566188413236,0.0002799566188413236,0.06510416666666667,0.03298611111111111,0.004498040096627342,0.0018831996454132928,0.6700000166893005
5,167,adaptive_crosssdc_cmr,hinge,1.0,0.01,0.6332435541682773,0.8780557778146532,1.2542003393173218,0.37626010179519653,0.0019319228207071621,0.00019319228207071622,0.06076388888888889,0.033854166666666664,0.0031609725621011523,0.0014897013703982036,0.6650000214576721
5,168,adaptive_crosssdc_cmr,hinge,1.0,0.01,0.6272645261552598,0.8850468662050035,1.2664274639553494,0.37992823918660484,0.0018888061943774421,0.00018888061943774423,0.050347222222222224,0.033854166666666664,0.0026336312294006348,0.0018267536328898536,0.6669999957084656
5,169,adaptive_crosssdc_cmr,hinge,1.0,0.01,0.618391924434238,0.8669453197055392,1.2495198647181194,0.3748559594154358,0.0013874746024763833,0.00013874746024763833,0.04513888888888889,0.026909722222222224,0.002471812069416046,0.0010741270250744289,0.6669999957084656
5,170,adaptive_crosssdc_cmr,hinge,1.0,0.01,0.6158662570847405,0.8791314827071296,1.26473155286577,0.379419465859731,0.0009341275306522019,9.341275306522019e-05,0.03125,0.020833333333333332,0.001535950435532464,0.0008962270286348131,0.6713333129882812
5,171,adaptive_crosssdc_cmr,hinge,1.0,0.01,0.6092721819877625,0.8606267902586195,1.2432111766603258,0.37296335299809774,0.0013410436157654556,0.00013410436157654558,0.0390625,0.03125,0.0019507793088754017,0.0014069134162531958,0.6703333258628845
5,172,adaptive_crosssdc_cmr,hinge,1.0,0.01,0.6074461804495918,0.854919347498152,1.2349992195765178,0.37049976587295536,0.0009337977260454661,9.337977260454663e-05,0.03732638888888889,0.026909722222222224,0.0015801567998197344,0.0008898629910416073,0.6679999828338623
5,173,adaptive_crosssdc_cmr,hinge,1.0,0.01,0.6105681856473287,0.889537513256073,1.2540937529669867,0.37622812589009597,0.0011926071828282955,0.00011926071828282956,0.04079861111111111,0.021701388888888888,0.002190289398034414,0.0007914631730980343,0.6723333597183228
5,174,adaptive_crosssdc_cmr,hinge,1.0,0.01,0.6214553846253289,0.896414683924781,1.278974387380812,0.38369231621424355,0.0012738480258526073,0.00012738480258526073,0.042534722222222224,0.027777777777777776,0.0022251357634862265,0.0009485735661453671,0.6696666479110718
5,175,adaptive_crosssdc_cmr,hinge,1.0,0.01,0.6103116936153836,0.8791207273801168,1.2472790347205267,0.374183710416158,0.001121120247666517,0.00011211202476665171,0.03732638888888889,0.033854166666666664,0.001613803207874298,0.001289821747276518,0.668666660785675
5,176,adaptive_crosssdc_cmr,hinge,1.0,0.01,0.6360457605785794,0.9024030566215515,1.2861785888671875,0.38585357666015624,0.0021033216811095676,0.00021033216811095677,0.05381944444444445,0.025173611111111112,0.0033227139049106175,0.001562595781352785,0.6673333048820496
5,177,adaptive_crosssdc_cmr,hinge,1.0,0.01,0.644593682554033,0.9224940405951606,1.3215216133329604,0.3964564839998881,0.0016995369870629576,0.00016995369870629576,0.042534722222222224,0.027777777777777776,0.0024326108396053314,0.0015474756558736165,0.6693333387374878
5,178,adaptive_crosssdc_cmr,hinge,1.0,0.01,0.6332279642422994,0.8904320067829556,1.2798472510443792,0.3839541753133138,0.0024441194125554627,0.00024441194125554626,0.051215277777777776,0.04600694444444445,0.0027953191763824886,0.0026960762010680307,0.6669999957084656
5,179,adaptive_crosssdc_cmr,hinge,1.0,0.01,0.6121753917800056,0.8739659852451749,1.220526761478848,0.36615802844365436,0.0018809093033067053,0.00018809093033067054,0.04861111111111111,0.030381944444444444,0.0032643460565143162,0.0012680590152740479,0.6683333516120911
5,180,adaptive_crosssdc_cmr,hinge,1.0,0.01,0.6288103328810798,0.895798126856486,1.264749116367764,0.3794247349103292,0.0020788269854771593,0.00020788269854771593,0.046875,0.034722222222222224,0.0030059549543592664,0.0018361285328865051,0.6656666398048401
5,181,adaptive_crosssdc_cmr,hinge,1.0,0.01,0.6376033160421584,0.8857807715733846,1.2648134628931682,0.3794440388679505,0.003830294312340104,0.0003830294312340104,0.0685763888888889,0.029513888888888888,0.00688146592842208,0.0013653780851099226,0.6683333516120911
5,182,adaptive_crosssdc_cmr,hinge,1.0,0.01,0.6558066341612074,0.9051629702250162,1.2756149503919814,0.3826844851175944,0.004347725292771227,0.0004347725292771227,0.07465277777777778,0.028645833333333332,0.007048846532901128,0.0021632214387257895,0.6639999747276306
5,183,adaptive_crosssdc_cmr,hinge,1.0,0.01,0.6646330952644348,0.9303105473518372,1.319795118437873,0.3959385355313619,0.0030510707163355416,0.00030510707163355417,0.06684027777777778,0.035590277777777776,0.005314026855760151,0.0015627799762619867,0.6706666946411133
5,184,adaptive_crosssdc_cmr,hinge,1.0,0.01,0.6427501175138686,0.8902027673191495,1.2537560595406427,0.3761268178621928,0.002591585546421508,0.0002591585546421508,0.05555555555555555,0.035590277777777776,0.003926883555120892,0.001872003906302982,0.6663333177566528
5,185,adaptive_crosssdc_cmr,hinge,1.0,0.01,0.6369881100124783,0.8866394691997104,1.258779486020406,0.3776338458061218,0.00246200782001122,0.00024620078200112203,0.058159722222222224,0.03819444444444445,0.0037401653826236725,0.002020294467608134,0.6656666398048401
5,186,adaptive_crosssdc_cmr,hinge,1.0,0.01,0.645079513390859,0.9150811102655199,1.2808936834335327,0.3842681050300598,0.0027701549503641822,0.00027701549503641825,0.0546875,0.04513888888888889,0.0035429630014631483,0.0026670851641231114,0.6669999957084656
5,187,adaptive_crosssdc_cmr,hinge,1.0,0.01,0.6412077082528008,0.9115398393736945,1.2729741599824693,0.3818922479947408,0.0028025811253529456,0.0002802581125352946,0.06944444444444445,0.027777777777777776,0.004906295902199215,0.0013626706269052294,0.6706666946411133
5,188,adaptive_crosssdc_cmr,hinge,1.0,0.01,0.6382817029953003,0.8942186501291063,1.2641152805752225,0.3792345841725667,0.0020977218712990484,0.00020977218712990486,0.050347222222222224,0.03125,0.0034659281373023987,0.0013839792874124316,0.6696666479110718
5,189,adaptive_crosssdc_cmr,hinge,1.0,0.01,0.6285881797472636,0.9051182866096497,1.263989872402615,0.3791969617207845,0.0021865659865498957,0.00021865659865498958,0.044270833333333336,0.028645833333333332,0.0033162178264723886,0.0015455442998144361,0.6710000038146973
5,190,adaptive_crosssdc_cmr,hinge,1.0,0.01,0.6319352189699808,0.9093458851178488,1.279106405046251,0.3837319215138753,0.001601905245883649,0.0001601905245883649,0.03732638888888889,0.030381944444444444,0.0019097071554925707,0.0018624253571033478,0.6696666479110718
5,191,adaptive_crosssdc_cmr,hinge,1.0,0.01,0.6098131073845757,0.8882394631703695,1.2313691112730238,0.36941073338190716,0.001562463937767057,0.0001562463937767057,0.042534722222222224,0.026909722222222224,0.002230916586187151,0.0015219888753361171,0.6706666946411133
5,192,adaptive_crosssdc_cmr,hinge,1.0,0.01,0.6235516998502943,0.9048406746652391,1.2718498441908095,0.3815549532572428,0.0008288562514482894,8.288562514482895e-05,0.026909722222222224,0.021701388888888888,0.0014090372456444635,0.0007463126546806759,0.6729999780654907
5,193,adaptive_crosssdc_cmr,hinge,1.0,0.01,0.6192915572060479,0.9023601743910048,1.2735276089774237,0.3820582826932271,0.0015782716994484265,0.00015782716994484265,0.044270833333333336,0.0234375,0.002491857028669781,0.0012484151456091139,0.6663333177566528
5,194,adaptive_crosssdc_cmr,hinge,1.0,0.01,0.6296519173516167,0.9136543009016249,1.275649865468343,0.3826949596405029,0.0016216284323794146,0.00016216284323794148,0.04079861111111111,0.03211805555555555,0.002150940398375193,0.0017472497291035121,0.67166668176651
5,195,adaptive_crosssdc_cmr,hinge,1.0,0.01,0.61506321032842,0.8931984371609158,1.2482749356163874,0.3744824806849162,0.0016485518814685445,0.00016485518814685445,0.036458333333333336,0.03819444444444445,0.002042530725399653,0.0018427885240978664,0.6666666865348816
5,196,adaptive_crosssdc_cmr,hinge,1.0,0.01,0.6223902702331543,0.9096037348111471,1.2714986006418865,0.3814495801925659,0.0010884169573223011,0.00010884169573223011,0.03125,0.020833333333333332,0.0017042731245358784,0.0009640360044108497,0.6703333258628845
5,197,adaptive_crosssdc_cmr,hinge,1.0,0.01,0.6155666576491462,0.883280442820655,1.2376990450753107,0.3713097135225932,0.0016443525350445674,0.00016443525350445676,0.044270833333333336,0.029513888888888888,0.0025554725693331826,0.0013222781320412953,0.6693333387374878
5,198,adaptive_crosssdc_cmr,hinge,1.0,0.01,0.6275618606143527,0.9175850616561042,1.2846399413214789,0.3853919823964436,0.0015036359545774758,0.0001503635954577476,0.043402777777777776,0.021701388888888888,0.0024095790253745187,0.0010743439197540283,0.6703333258628845
5,199,adaptive_crosssdc_cmr,hinge,1.0,0.01,0.6121295955446031,0.8775651852289835,1.2319030099444919,0.36957090298334755,0.0017597281192946765,0.00017597281192946766,0.04861111111111111,0.034722222222222224,0.002653451015551885,0.0016263135605388218,0.6660000085830688
6,0,adaptive_crosssdc_cmr,hinge,1.0,0.01,3.331904729207357,0.603979574309455,1.4811636606852214,0.4443490982055664,0.582432938946618,0.0582432938946618,0.859375,0.6979166666666666,0.8873915274937948,0.2520592593484455,0.5514285564422607
6,1,adaptive_crosssdc_cmr,hinge,1.0,0.01,2.2768710719214544,0.5597433116700914,1.4368569056193035,0.43105707168579105,0.4947142932150099,0.049471429321501,0.9704861111111112,0.6024305555555556,0.8611140383614434,0.11901839822530746,0.5839999914169312
6,2,adaptive_crosssdc_cmr,hinge,1.0,0.01,1.8227060635884602,0.4988657765918308,1.433640758196513,0.43009222745895387,0.2638772461149428,0.02638772461149428,0.9236111111111112,0.5364583333333334,0.44470306899812484,0.0836631018254492,0.584857165813446
6,3,adaptive_crosssdc_cmr,hinge,1.0,0.01,1.5769700871573553,0.47423595521185136,1.3728545506795247,0.4118563652038574,0.18187498715188768,0.01818749871518877,0.8611111111111112,0.5182291666666666,0.2855233914322323,0.08596895635128021,0.5857142806053162
6,4,adaptive_crosssdc_cmr,hinge,1.0,0.01,1.4229158163070679,0.4714176654815674,1.3552338017357721,0.40657014052073165,0.166696740521325,0.0166696740521325,0.859375,0.5373263888888888,0.25284696453147465,0.08518836067782508,0.5894285440444946
6,5,adaptive_crosssdc_cmr,hinge,1.0,0.01,1.310856236351861,0.4798717366324531,1.3329959975348578,0.3998987992604573,0.1550044963757197,0.01550044963757197,0.8402777777777778,0.5182291666666666,0.2317957596646415,0.08294675085279676,0.5917142629623413
6,6,adaptive_crosssdc_cmr,hinge,1.0,0.01,1.2267330090204875,0.4795997242132823,1.320968468983968,0.3962905406951904,0.1422458009587394,0.014224580095873941,0.8307291666666666,0.5086805555555556,0.21302619079748789,0.07523613712853855,0.5931428670883179
6,7,adaptive_crosssdc_cmr,hinge,1.0,0.01,1.189618017938402,0.5003193981117673,1.3701651228798761,0.41104953686396284,0.1259742925564448,0.01259742925564448,0.8055555555555556,0.4670138888888889,0.19312254587809244,0.06329048466351297,0.592285692691803
6,8,adaptive_crosssdc_cmr,hinge,1.0,0.01,1.1439041561550565,0.5231246716446347,1.39426412847307,0.41827923854192095,0.12041681839360131,0.012041681839360132,0.75,0.4618055555555556,0.17820299665133157,0.0648661098546452,0.5985714197158813
6,9,adaptive_crosssdc_cmr,hinge,1.0,0.01,1.0753073030047946,0.48255610797140336,1.3198488420910306,0.39595465262730917,0.10370476792256038,0.010370476792256039,0.7404513888888888,0.4340277777777778,0.1526682608657413,0.060310427099466324,0.5985714197158813
6,10,adaptive_crosssdc_cmr,hinge,1.0,0.01,1.043271369404263,0.5007816089524163,1.3217531442642212,0.3965259432792663,0.09640814198387994,0.009640814198387995,0.6935763888888888,0.4157986111111111,0.14767162005106607,0.0498094397286574,0.6028571724891663
6,11,adaptive_crosssdc_cmr,hinge,1.0,0.01,0.9936846627129449,0.5059281256463792,1.2628769742117987,0.3788630922635396,0.09113200174437629,0.00911320017443763,0.6883680555555556,0.3862847222222222,0.1397648114297125,0.04730442249112659,0.602571427822113
6,12,adaptive_crosssdc_cmr,hinge,1.0,0.01,0.955270402961307,0.4652368161413405,1.2409064372380574,0.3722719311714172,0.08121589654021794,0.008121589654021794,0.6414930555555556,0.3715277777777778,0.12256658491161135,0.04429844435718325,0.6065714359283447
6,13,adaptive_crosssdc_cmr,hinge,1.0,0.01,0.9563727113935683,0.5275802546077304,1.3131604724460177,0.3939481417338053,0.07381461726294623,0.007381461726294624,0.6180555555555556,0.3532986111111111,0.10930389165878296,0.04366610530349943,0.6091428399085999
6,14,adaptive_crosssdc_cmr,hinge,1.0,0.01,0.926516612370809,0.48814189434051514,1.2777633799446955,0.38332901398340863,0.07697929110791948,0.007697929110791949,0.6215277777777778,0.3072916666666667,0.11820091141594781,0.039046058224307165,0.6111428737640381
6,15,adaptive_crosssdc_cmr,hinge,1.0,0.01,0.9174396461910672,0.5331327451599969,1.3036317295498319,0.3910895188649495,0.06679386604163381,0.0066793866041633815,0.578125,0.2925347222222222,0.10241715527243084,0.034629332522551216,0.6097142696380615
6,16,adaptive_crosssdc_cmr,hinge,1.0,0.01,0.8895517322752211,0.5136366585890452,1.2738452355066936,0.38215357065200806,0.06016469539867507,0.0060164695398675075,0.5355902777777778,0.3090277777777778,0.09123809966776106,0.03270570644074016,0.6094285845756531
6,17,adaptive_crosssdc_cmr,hinge,1.0,0.01,0.8649499615033468,0.5147644446955787,1.2461138698789809,0.37383416096369426,0.05357994718684091,0.005357994718684091,0.5182291666666666,0.2482638888888889,0.08515525029765235,0.025733371989594564,0.6131428480148315
6,18,adaptive_crosssdc_cmr,hinge,1.0,0.01,0.867177234755622,0.5401707887649536,1.2968628936343722,0.38905886809031165,0.05352211702201101,0.005352211702201102,0.4991319444444444,0.2708333333333333,0.08105612339244948,0.028826256179147296,0.6145714521408081
6,19,adaptive_crosssdc_cmr,hinge,1.0,0.01,0.8435978492101034,0.5120342572530111,1.2611671156353421,0.37835013469060264,0.05015340902739101,0.005015340902739101,0.4852430555555556,0.2387152777777778,0.07880963467889363,0.024147127237584855,0.6182857155799866
6,20,adaptive_crosssdc_cmr,hinge,1.0,0.01,0.8332670529683431,0.5002546376652188,1.2393212450875177,0.37179637352625533,0.045698621620734535,0.004569862162073454,0.4756944444444444,0.22743055555555555,0.07489109163482983,0.020308867924743228,0.6128571629524231
6,21,adaptive_crosssdc_cmr,hinge,1.0,0.01,0.8610113329357572,0.5656365553538004,1.3549401892556086,0.40648205677668253,0.03919134371810489,0.003919134371810489,0.4427083333333333,0.2092013888888889,0.06716237920853826,0.015371962553924985,0.6179999709129333
6,22,adaptive_crosssdc_cmr,hinge,1.0,0.01,0.8006956775983175,0.5159348216321733,1.2082459926605225,0.36247379779815675,0.04169120639562607,0.004169120639562607,0.4487847222222222,0.23958333333333334,0.06514260172843933,0.022185528857840434,0.6222857236862183
6,23,adaptive_crosssdc_cmr,hinge,1.0,0.01,0.8027897543377347,0.5387508736716377,1.2504623068703546,0.3751386920611064,0.03696951994465457,0.003696951994465457,0.3871527777777778,0.1892361111111111,0.059360346032513514,0.01646368495292134,0.6194285750389099
6,24,adaptive_crosssdc_cmr,hinge,1.0,0.01,0.7882844010988871,0.5315326518482633,1.222498099009196,0.3667494297027588,0.03398661046392388,0.003398661046392388,0.3810763888888889,0.1762152777777778,0.05615743580791685,0.01410507783293724,0.62028568983078
6,25,adaptive_crosssdc_cmr,hinge,1.0,0.01,0.793187055322859,0.5366057621108161,1.258471687634786,0.37754150629043576,0.031181190369857684,0.0031181190369857685,0.3628472222222222,0.1597222222222222,0.052020920233594045,0.012339384191566043,0.621999979019165
6,26,adaptive_crosssdc_cmr,hinge,1.0,0.01,0.7806544767485725,0.5301413668526543,1.2422939538955688,0.37268818616867067,0.027001359189550083,0.0027001359189550087,0.3229166666666667,0.1501736111111111,0.04282184690237045,0.013175778090953827,0.6231428384780884
6,27,adaptive_crosssdc_cmr,hinge,1.0,0.01,0.7775963544845581,0.553797635767195,1.2402755684322782,0.3720826705296834,0.030440050073795848,0.003044005007379585,0.3585069444444444,0.1484375,0.05177121940586302,0.011495429194635816,0.6245714426040649
6,28,adaptive_crosssdc_cmr,hinge,1.0,0.01,0.7678305572933621,0.5287498897976346,1.2275881104999118,0.36827643314997355,0.026763718161318038,0.002676371816131804,0.3454861111111111,0.1345486111111111,0.04571367924412092,0.010197547160916857,0.6217142939567566
6,29,adaptive_crosssdc_cmr,hinge,1.0,0.01,0.790200432141622,0.5652512047025893,1.2993829250335693,0.38981487751007077,0.027631444649563894,0.0027631444649563897,0.3420138888888889,0.14583333333333334,0.045748463521401085,0.011806983914640214,0.6225714087486267
6,30,adaptive_crosssdc_cmr,hinge,1.0,0.01,0.7593599557876587,0.5455946723620096,1.2367805772357516,0.37103417317072546,0.02407560000816981,0.0024075600008169815,0.3246527777777778,0.11024305555555555,0.041304520848724574,0.008183744218614366,0.6288571357727051
6,31,adaptive_crosssdc_cmr,hinge,1.0,0.01,0.7633852561314901,0.5787435173988342,1.2516248226165771,0.37548744678497314,0.022250892801417246,0.002225089280141725,0.3046875,0.12239583333333333,0.03663088008761406,0.009653911408450868,0.6277142763137817
6,32,adaptive_crosssdc_cmr,hinge,1.0,0.01,0.7623745203018188,0.5893496407402886,1.2627909580866497,0.3788372874259949,0.02070542797446251,0.002070542797446251,0.2803819444444444,0.1232638888888889,0.033770074446996055,0.009380374517705705,0.6291428804397583
6,33,adaptive_crosssdc_cmr,hinge,1.0,0.01,0.7495323618253072,0.570999436908298,1.2425322532653809,0.37275967597961424,0.02080050441953871,0.002080050441953871,0.2847222222222222,0.11024305555555555,0.035333451711469226,0.00805362355377939,0.6265714168548584
6,34,adaptive_crosssdc_cmr,hinge,1.0,0.01,0.7377147608333163,0.5732185509469774,1.236522422896491,0.3709567268689473,0.01943876925441954,0.001943876925441954,0.2725694444444444,0.11631944444444445,0.03487110593252712,0.005585516906446881,0.6285714507102966
6,35,adaptive_crosssdc_cmr,hinge,1.0,0.01,0.7439187433984544,0.5977379149860806,1.255201392703586,0.3765604178110758,0.019335198009179697,0.0019335198009179698,0.2534722222222222,0.10677083333333333,0.03263609028524823,0.007672083460622364,0.6302857398986816
6,36,adaptive_crosssdc_cmr,hinge,1.0,0.01,0.7410202357504103,0.583785163031684,1.2494647635353937,0.3748394290606181,0.017984122555289004,0.0017984122555289004,0.2552083333333333,0.1032986111111111,0.030147054336137243,0.007531654917531543,0.631428599357605
6,37,adaptive_crosssdc_cmr,hinge,1.0,0.01,0.7311292158232795,0.6065274410777621,1.2455654541651409,0.37366963624954225,0.015137987883968486,0.0015137987883968487,0.21354166666666666,0.11024305555555555,0.024948255055480532,0.006972447865539127,0.6357142925262451
6,38,adaptive_crosssdc_cmr,hinge,1.0,0.01,0.7132610811127557,0.5847280157936944,1.2049089670181274,0.3614726901054382,0.015875045210123062,0.0015875045210123062,0.2465277777777778,0.09114583333333333,0.02676188862986035,0.006594161606497235,0.6305714249610901
6,39,adaptive_crosssdc_cmr,hinge,1.0,0.01,0.7262012759844462,0.5949857897228665,1.2396683030658298,0.3719004909197489,0.017186831475959882,0.0017186831475959883,0.2456597222222222,0.09461805555555555,0.02911121232642068,0.0069502488606505925,0.6340000033378601
6,40,adaptive_crosssdc_cmr,hinge,1.0,0.01,0.7026681568887498,0.5857034855418735,1.2082349061965942,0.36247047185897824,0.014579459507432248,0.001457945950743225,0.2065972222222222,0.09635416666666667,0.02357653487059805,0.006687111738655303,0.6345714330673218
6,41,adaptive_crosssdc_cmr,hinge,1.0,0.01,0.6840710441271464,0.5606529845131768,1.1668672959009807,0.3500601887702942,0.01160502816653914,0.001160502816653914,0.17274305555555555,0.07725694444444445,0.01967082627945476,0.0049125345216857064,0.6351428627967834
6,42,adaptive_crosssdc_cmr,hinge,1.0,0.01,0.7085644470320808,0.5902022123336792,1.238969988293118,0.3716909964879354,0.010909900741858615,0.0010909900741858615,0.1857638888888889,0.07899305555555555,0.019484729402595095,0.004440166883998447,0.6345714330673218
6,43,adaptive_crosssdc_cmr,hinge,1.0,0.01,0.6908410323990716,0.5882389611668057,1.1908810138702393,0.35726430416107174,0.0107934577907953,0.00107934577907953,0.1935763888888889,0.078125,0.018786516040563583,0.004460796299907897,0.631428599357605
6,44,adaptive_crosssdc_cmr,hinge,1.0,0.01,0.7089516388045417,0.6226007541020712,1.2482684055964153,0.3744805216789246,0.011438424595528178,0.0011438424595528178,0.19270833333333334,0.08333333333333333,0.019874901407294802,0.0042296892238987815,0.6337142586708069
6,45,adaptive_crosssdc_cmr,hinge,1.0,0.01,0.6970234778192308,0.584897776444753,1.2189645502302382,0.36568936506907146,0.010324692094905509,0.0010324692094905508,0.16493055555555555,0.0685763888888889,0.018014310548702877,0.003917711476484935,0.6328571438789368
6,46,adaptive_crosssdc_cmr,hinge,1.0,0.01,0.6961566209793091,0.5947987304793464,1.2155953115887113,0.36467859347661336,0.008774397946480248,0.0008774397946480248,0.17447916666666666,0.059027777777777776,0.016335667835341558,0.002858517070611318,0.6348571181297302
6,47,adaptive_crosssdc_cmr,hinge,1.0,0.01,0.6917273799578348,0.6088702943589952,1.214995304743449,0.3644985914230347,0.01196794408477015,0.0011967944084770152,0.19010416666666666,0.08246527777777778,0.020069305267598894,0.00489068693584866,0.6351428627967834
6,48,adaptive_crosssdc_cmr,hinge,1.0,0.01,0.6834176248974271,0.58687957127889,1.199579781956143,0.35987393458684286,0.009568324829969142,0.0009568324829969142,0.1484375,0.06770833333333333,0.016072408192687564,0.003950644284486771,0.6348571181297302
6,49,adaptive_crosssdc_cmr,hinge,1.0,0.01,0.6889779898855422,0.6063160167800056,1.2006872097651164,0.36020616292953495,0.009573499051233133,0.0009573499051233133,0.16493055555555555,0.06510416666666667,0.01722217682335112,0.003357837183607949,0.6331428289413452
6,50,adaptive_crosssdc_cmr,hinge,1.0,0.01,0.6923547055986192,0.5947741932339139,1.2215598424275715,0.36646795272827143,0.009334515418029495,0.0009334515418029495,0.15538194444444445,0.0720486111111111,0.015644454293780856,0.0040391311049461365,0.6345714330673218
6,51,adaptive_crosssdc_cmr,hinge,1.0,0.01,0.684008452627394,0.6040327284071181,1.1990078157848783,0.3597023447354635,0.007297940810935365,0.0007297940810935366,0.14756944444444445,0.04861111111111111,0.013195300267802345,0.002419324384795295,0.6320000290870667
6,52,adaptive_crosssdc_cmr,hinge,1.0,0.01,0.685154398282369,0.6109712587462531,1.1930022239685059,0.35790066719055175,0.007454814803269174,0.0007454814803269174,0.14583333333333334,0.06944444444444445,0.01263483241200447,0.003444405479563607,0.6359999775886536
6,53,adaptive_crosssdc_cmr,hinge,1.0,0.01,0.6779092285368178,0.6190295020739237,1.191859934065077,0.3575579802195231,0.009626974920845695,0.0009626974920845695,0.1579861111111111,0.07118055555555555,0.0160749318699042,0.0037768102354473537,0.6325713992118835
6,54,adaptive_crosssdc_cmr,hinge,1.0,0.01,0.6691329015625848,0.5979074902004666,1.1641025013393826,0.3492307504018148,0.0075761104882177376,0.0007576110488217738,0.13975694444444445,0.06684027777777778,0.013223637723260455,0.0033767695228258767,0.6345714330673218
6,55,adaptive_crosssdc_cmr,hinge,1.0,0.01,0.6780656642384,0.6186758875846863,1.2051865259806316,0.3615559577941895,0.008225877769291401,0.0008225877769291401,0.14322916666666666,0.08072916666666667,0.012899535397688547,0.004611414339807298,0.6334285736083984
6,56,adaptive_crosssdc_cmr,hinge,1.0,0.01,0.658482637670305,0.5948943694432577,1.1635269191530015,0.3490580757459005,0.006363096233043406,0.0006363096233043407,0.1293402777777778,0.059895833333333336,0.010433822042412229,0.003422561205095715,0.6359999775886536
6,57,adaptive_crosssdc_cmr,hinge,1.0,0.01,0.6566638350486755,0.6014442178938124,1.157059219148424,0.3471177657445272,0.0070087961697330075,0.0007008796169733007,0.13975694444444445,0.05642361111111111,0.012154488927788205,0.0026151446832550895,0.6348571181297302
6,58,adaptive_crosssdc_cmr,hinge,1.0,0.01,0.6685588161150614,0.6220320065816244,1.2095009353425767,0.362850280602773,0.00589358850589229,0.000589358850589229,0.11805555555555555,0.051215277777777776,0.010917688823408551,0.0021062567830085754,0.6368571519851685
6,59,adaptive_crosssdc_cmr,hinge,1.0,0.01,0.6612675587336222,0.6424942745102776,1.1929725408554077,0.3578917622566223,0.005030253203585744,0.0005030253203585745,0.1076388888888889,0.058159722222222224,0.008795837147368325,0.00239723962214258,0.6357142925262451
6,60,adaptive_crosssdc_cmr,hinge,1.0,0.01,0.6524543431070116,0.5978847742080688,1.1620644066068861,0.34861932198206586,0.005778775938476126,0.0005778775938476125,0.12413194444444445,0.046875,0.010650154203176498,0.0018264175289207036,0.6357142925262451
6,61,adaptive_crosssdc_cmr,hinge,1.0,0.01,0.6561775339974297,0.6195292340384589,1.1832701762517293,0.3549810528755188,0.0059305771719664335,0.0005930577171966434,0.10069444444444445,0.050347222222222224,0.00933419457740254,0.003056022028128306,0.6351428627967834
6,62,adaptive_crosssdc_cmr,hinge,1.0,0.01,0.6482486128807068,0.6073819465107388,1.1657838026682537,0.3497351408004761,0.005205528267348806,0.0005205528267348806,0.12065972222222222,0.051215277777777776,0.008766727728976144,0.0026099160313606262,0.6351428627967834
6,63,adaptive_crosssdc_cmr,hinge,1.0,0.01,0.6630040539635552,0.6325279341803657,1.2070253557629056,0.36210760672887166,0.005628703627735376,0.0005628703627735377,0.11805555555555555,0.05555555555555555,0.00900293348564042,0.003050008167823156,0.6348571181297302
6,64,adaptive_crosssdc_cmr,hinge,1.0,0.01,0.6503367755148146,0.6225028567843967,1.1720812453163996,0.3516243735949199,0.0058104917665736545,0.0005810491766573654,0.12760416666666666,0.042534722222222224,0.010223290158642663,0.002185293369823032,0.6348571181297302
6,65,adaptive_crosssdc_cmr,hinge,1.0,0.01,0.6494360168774923,0.6177857783105638,1.1687973340352376,0.35063920021057127,0.005184679447362821,0.000518467944736282,0.1111111111111111,0.05555555555555555,0.008788514054483838,0.0027511993216143716,0.6351428627967834
6,66,adaptive_crosssdc_cmr,hinge,1.0,0.01,0.6426834728982713,0.6208345823817782,1.1588123506969876,0.34764370520909627,0.004600061517622735,0.00046000615176227354,0.11805555555555555,0.041666666666666664,0.00812257867720392,0.0020519946184423235,0.6388571262359619
6,67,adaptive_crosssdc_cmr,hinge,1.0,0.01,0.6545759704377916,0.6399055984285142,1.190049820476108,0.3570149461428324,0.004563924882354008,0.0004563924882354008,0.1111111111111111,0.06076388888888889,0.0076545605229006875,0.002686707095967399,0.6337142586708069
6,68,adaptive_crosssdc_cmr,hinge,1.0,0.01,0.6320492492781745,0.6129871010780334,1.1217606597476535,0.33652819792429606,0.005207940806738204,0.0005207940806738205,0.1032986111111111,0.049479166666666664,0.008634863214360343,0.0024275601738029057,0.6371428370475769
6,69,adaptive_crosssdc_cmr,hinge,1.0,0.01,0.6348561843236288,0.633559935622745,1.1511103577084012,0.34533310731252037,0.004994222066468663,0.0004994222066468663,0.1076388888888889,0.049479166666666664,0.008795997748772303,0.0020855122970210183,0.6337142586708069
6,70,adaptive_crosssdc_cmr,hinge,1.0,0.01,0.6558964053789774,0.6795449521806505,1.2216283745235867,0.366488512357076,0.003374787577841845,0.0003374787577841845,0.08940972222222222,0.050347222222222224,0.00540899278389083,0.0022914856672286987,0.6357142925262451
6,71,adaptive_crosssdc_cmr,hinge,1.0,0.01,0.6374003754721748,0.6472273866335551,1.1711275709999933,0.351338271299998,0.004870886034849618,0.00048708860348496176,0.09635416666666667,0.04600694444444445,0.007995424171288809,0.002318444765276379,0.6402857303619385
6,72,adaptive_crosssdc_cmr,hinge,1.0,0.01,0.6391234927707248,0.6438890165752835,1.1754884984758165,0.35264654954274494,0.003733625874802884,0.00037336258748028845,0.0859375,0.04600694444444445,0.006626164747609032,0.0016606375575065613,0.6368571519851685
6,73,adaptive_crosssdc_cmr,hinge,1.0,0.01,0.6358146667480469,0.6541674931844076,1.167464706632826,0.3502394119898478,0.003800042077071137,0.0003800042077071137,0.09288194444444445,0.03298611111111111,0.006963185552093718,0.0013479205469290416,0.6411428451538086
6,74,adaptive_crosssdc_cmr,hinge,1.0,0.01,0.6228038403722975,0.6371556851598952,1.1380512449476454,0.3414153734842936,0.0033042082925223643,0.00033042082925223643,0.07899305555555555,0.0390625,0.005472818596495522,0.001884732809331682,0.6342856884002686
6,75,adaptive_crosssdc_cmr,hinge,1.0,0.01,0.6272180014186435,0.6473611262109544,1.143211351500617,0.3429634054501851,0.003782989069198569,0.0003782989069198569,0.0720486111111111,0.043402777777777776,0.005963769637876087,0.0020560291078355578,0.6351428627967834
6,76,adaptive_crosssdc_cmr,hinge,1.0,0.01,0.638469570212894,0.6566605634159512,1.1828511555989583,0.3548553466796875,0.003468292196177774,0.0003468292196177774,0.09288194444444445,0.049479166666666664,0.005773090240028169,0.0023462321195337507,0.6391428709030151
6,77,adaptive_crosssdc_cmr,hinge,1.0,0.01,0.6137562261687385,0.6223518980873955,1.1096684402889676,0.3329005320866903,0.003105665815787183,0.0003105665815787183,0.0859375,0.03819444444444445,0.005126716362105476,0.0020028332041369546,0.6351428627967834
6,78,adaptive_crosssdc_cmr,hinge,1.0,0.01,0.6288686196009318,0.6450671553611755,1.1464134852091472,0.34392404556274414,0.004679701588530507,0.00046797015885305073,0.0954861111111111,0.041666666666666664,0.007667754673295551,0.0023216307163238525,0.6422857046127319
6,79,adaptive_crosssdc_cmr,hinge,1.0,0.01,0.632000207901001,0.6583469112714132,1.1525360080930922,0.34576080242792767,0.004400173926519023,0.0004400173926519023,0.09809027777777778,0.03993055555555555,0.0072393231093883514,0.0022502268354098,0.6371428370475769
6,80,adaptive_crosssdc_cmr,hinge,1.0,0.01,0.6361091335614523,0.6665659215715196,1.157612403233846,0.34728372097015375,0.003652601270005107,0.0003652601270005107,0.078125,0.05381944444444445,0.005154776904318068,0.002892832789156172,0.6377142667770386
6,81,adaptive_crosssdc_cmr,hinge,1.0,0.01,0.6476697855525546,0.6701394187079536,1.1928551726871066,0.35785655180613196,0.0038985312114366228,0.0003898531211436623,0.0859375,0.04513888888888889,0.006418452494674259,0.0021344617837005192,0.6402857303619385
6,82,adaptive_crosssdc_cmr,hinge,1.0,0.01,0.6248111062579684,0.6363490753703647,1.133249772919549,0.3399749318758647,0.0034303217091494137,0.0003430321709149414,0.08072916666666667,0.03732638888888889,0.006106511586242252,0.0015283264219760895,0.6357142925262451
6,83,adaptive_crosssdc_cmr,hinge,1.0,0.01,0.6212606827418009,0.6344995829794142,1.1280236111746893,0.33840708335240677,0.003777854713714785,0.00037778547137147853,0.08246527777777778,0.03993055555555555,0.006252855062484741,0.0018830812639660304,0.6385714411735535
6,84,adaptive_crosssdc_cmr,hinge,1.0,0.01,0.6283568143844604,0.6687908172607422,1.1630016697777643,0.3489005009333293,0.0035499761320857536,0.0003549976132085754,0.0842013888888889,0.034722222222222224,0.006185868134101232,0.001524429354402754,0.6362857222557068
6,85,adaptive_crosssdc_cmr,hinge,1.0,0.01,0.6271706091033088,0.6760143902566698,1.1452442010243733,0.343573260307312,0.002942765429098573,0.0002942765429098573,0.0720486111111111,0.043402777777777776,0.00396025429169337,0.002900499850511551,0.6417142748832703
6,86,adaptive_crosssdc_cmr,hinge,1.0,0.01,0.6148167384995354,0.6370381050639682,1.1179383198420207,0.3353814959526062,0.00274560680716402,0.000274560680716402,0.08159722222222222,0.04513888888888889,0.004535856760210461,0.001900142679611842,0.6342856884002686
6,87,adaptive_crosssdc_cmr,hinge,1.0,0.01,0.6215064724286398,0.6596801280975342,1.1547928386264377,0.3464378515879313,0.002886575801918904,0.0002886575801918904,0.0703125,0.03732638888888889,0.004771238399876488,0.001692033890220854,0.6408571600914001
6,88,adaptive_crosssdc_cmr,hinge,1.0,0.01,0.6252045565181308,0.6660142805841234,1.161360462506612,0.3484081387519836,0.0033791943116941387,0.00033791943116941387,0.0763888888888889,0.04600694444444445,0.0055367785195509596,0.0020324885845184326,0.6405714154243469
6,89,adaptive_crosssdc_cmr,hinge,1.0,0.01,0.627366218301985,0.6763477987713284,1.1611892912122939,0.34835678736368814,0.0034890249630229343,0.0003489024963022934,0.08680555555555555,0.042534722222222224,0.005455113533470366,0.0022763051092624664,0.6377142667770386
6,90,adaptive_crosssdc_cmr,hinge,1.0,0.01,0.6361876858605279,0.681423564751943,1.1700181431240506,0.3510054429372152,0.0038441656053894097,0.000384416560538941,0.0842013888888889,0.04079861111111111,0.006761062062448925,0.0016856019695599873,0.6428571343421936
6,91,adaptive_crosssdc_cmr,hinge,1.0,0.01,0.6299470927980211,0.668286058637831,1.1537481016582913,0.34612443049748737,0.003673143917694688,0.0003673143917694688,0.08506944444444445,0.051215277777777776,0.006162360310554504,0.002110843857129415,0.645714282989502
6,92,adaptive_crosssdc_cmr,hinge,1.0,0.01,0.6303038464652168,0.6850131617652045,1.1659271054797702,0.34977813164393107,0.0032968756147763794,0.000329687561477638,0.08506944444444445,0.044270833333333336,0.00571501503388087,0.001815533886353175,0.6368571519851685
6,93,adaptive_crosssdc_cmr,hinge,1.0,0.01,0.6096164319250319,0.6718457274966769,1.1237337191899617,0.33712011575698847,0.0035089620440784427,0.0003508962044078443,0.0720486111111111,0.0390625,0.0054393476910061305,0.0023250654339790344,0.6414285898208618
6,94,adaptive_crosssdc_cmr,hinge,1.0,0.01,0.6292322145568,0.6975371175342135,1.178747706943088,0.3536243120829264,0.0030998970356045496,0.000309989703560455,0.08246527777777778,0.044270833333333336,0.0051276253329383,0.0019868604011005825,0.6411428451538086
6,95,adaptive_crosssdc_cmr,hinge,1.0,0.01,0.6232617033852471,0.6910540395312839,1.1750221649805705,0.35250664949417115,0.002575450861412618,0.0002575450861412618,0.06770833333333333,0.03732638888888889,0.004410529302226173,0.0014317317141426934,0.6448571681976318
6,96,adaptive_crosssdc_cmr,hinge,1.0,0.01,0.6142195529407926,0.6717693474557664,1.1504950258466933,0.34514850775400796,0.0023149459480514955,0.00023149459480514955,0.05295138888888889,0.03298611111111111,0.003651729474465052,0.0015388942427105373,0.6397143006324768
6,97,adaptive_crosssdc_cmr,hinge,1.0,0.01,0.6105076008372836,0.6889354851510789,1.143779198328654,0.3431337594985962,0.0028145742318075565,0.00028145742318075567,0.07291666666666667,0.043402777777777776,0.0043277136153644985,0.0021177741388479867,0.6422857046127319
6,98,adaptive_crosssdc_cmr,hinge,1.0,0.01,0.5984094871415032,0.6603631443447537,1.119187421268887,0.3357562263806661,0.0017000465110565226,0.00017000465110565227,0.05555555555555555,0.03732638888888889,0.002640357034073936,0.001493058270878262,0.6408571600914001
6,99,adaptive_crosssdc_cmr,hinge,1.0,0.01,0.6019390689002143,0.6746119989289178,1.1441357930501301,0.343240737915039,0.002213732604610009,0.00022137326046100093,0.0685763888888889,0.03298611111111111,0.0037462934851646423,0.0014465840326415168,0.6402857303619385
6,100,adaptive_crosssdc_cmr,hinge,1.0,0.01,0.5947644578086005,0.670793248547448,1.1305847432878282,0.33917542298634845,0.001786970012795387,0.00017869700127953872,0.0546875,0.03993055555555555,0.002933423552248213,0.00151450890633795,0.6417142748832703
6,101,adaptive_crosssdc_cmr,hinge,1.0,0.01,0.5933218267228868,0.6763081418143378,1.1186912324693468,0.335607369740804,0.0019634425924676987,0.00019634425924676987,0.0703125,0.035590277777777776,0.003375339839193556,0.0013778544962406158,0.6397143006324768
6,102,adaptive_crosssdc_cmr,hinge,1.0,0.01,0.6067166990704007,0.692334857251909,1.158556169933743,0.3475668509801229,0.0023547346354462206,0.00023547346354462208,0.05381944444444445,0.035590277777777776,0.0035816973282231223,0.0016078121132320827,0.6397143006324768
6,103,adaptive_crosssdc_cmr,hinge,1.0,0.01,0.6047981116506789,0.6976183520423042,1.1575435797373455,0.34726307392120365,0.0020001669116835627,0.0002000166911683563,0.0546875,0.036458333333333336,0.0031623898280991446,0.001530583533975813,0.6411428451538086
6,104,adaptive_crosssdc_cmr,hinge,1.0,0.01,0.5845969054434035,0.6510420044263204,1.1019770834181044,0.3305931250254313,0.0018065209280596012,0.00018065209280596013,0.059027777777777776,0.026041666666666668,0.003249837706486384,0.000977216081486808,0.6422857046127319
6,105,adaptive_crosssdc_cmr,hinge,1.0,0.01,0.5899403227700127,0.6746527420149909,1.109507891866896,0.33285236756006875,0.002343255172794064,0.00023432551727940642,0.06076388888888889,0.04079861111111111,0.0034616622659895155,0.0020274780690670013,0.6454285979270935
6,106,adaptive_crosssdc_cmr,hinge,1.0,0.01,0.6175957719484965,0.7172047562069364,1.1843364503648546,0.3553009351094564,0.0022175946117689214,0.00022175946117689214,0.0625,0.035590277777777776,0.0031381787525282968,0.001995452576213413,0.6434285640716553
6,107,adaptive_crosssdc_cmr,hinge,1.0,0.01,0.6081478595733643,0.7196383873621622,1.1540405220455594,0.34621215661366783,0.0018547999271605578,0.0001854799927160558,0.05381944444444445,0.03732638888888889,0.002898426933421029,0.0015633321470684474,0.6428571343421936
6,108,adaptive_crosssdc_cmr,hinge,1.0,0.01,0.6044105225139194,0.6942808826764425,1.1430678764979045,0.34292036294937134,0.0023275153168166676,0.00023275153168166677,0.0685763888888889,0.026041666666666668,0.004233385539717144,0.0010523208313518101,0.6425714492797852
6,109,adaptive_crosssdc_cmr,hinge,1.0,0.01,0.607878241274092,0.6945607595973544,1.1334590779410467,0.340037723382314,0.0027463741005501812,0.00027463741005501815,0.06510416666666667,0.04600694444444445,0.0038838634888331094,0.002288874238729477,0.6434285640716553
6,110,adaptive_crosssdc_cmr,hinge,1.0,0.01,0.6016178462240431,0.6750920746061537,1.1202523310979207,0.3360756993293762,0.002254232634893722,0.0002254232634893722,0.0685763888888889,0.03211805555555555,0.003861552725235621,0.0014200740390353734,0.6451428532600403
6,111,adaptive_crosssdc_cmr,hinge,1.0,0.01,0.6100488503774008,0.7038933700985379,1.153405163023207,0.3460215489069621,0.0017434501334921354,0.00017434501334921357,0.04079861111111111,0.0390625,0.002292904174990124,0.0017609840465916528,0.6420000195503235
6,112,adaptive_crosssdc_cmr,hinge,1.0,0.01,0.5988917681905959,0.6960099405712552,1.1332674423853557,0.3399802327156067,0.001908298135579874,0.00019082981355798742,0.04774305555555555,0.03125,0.002708911481830809,0.0016715679731633929,0.6417142748832703
6,113,adaptive_crosssdc_cmr,hinge,1.0,0.01,0.5975794063674079,0.688936193784078,1.1449024942186143,0.34347074826558427,0.002177290747770005,0.0002177290747770005,0.0685763888888889,0.036458333333333336,0.003619707706901762,0.0014837562210030025,0.647428572177887
6,114,adaptive_crosssdc_cmr,hinge,1.0,0.01,0.5864278674125671,0.6769457128312852,1.1093422969182332,0.33280268907546995,0.0019000099402748877,0.00019000099402748878,0.052083333333333336,0.028645833333333332,0.0027929163641399806,0.001466244873073366,0.6414285898208618
6,115,adaptive_crosssdc_cmr,hinge,1.0,0.01,0.5946180754237704,0.6897629234525893,1.1372301313612196,0.3411690394083659,0.001613682575730814,0.0001613682575730814,0.04774305555555555,0.03732638888888889,0.002321093032757441,0.0016638657285107507,0.6437143087387085
6,116,adaptive_crosssdc_cmr,hinge,1.0,0.01,0.5804920262760587,0.6779003540674845,1.1075085136625502,0.33225255409876503,0.0012775927575098143,0.00012775927575098145,0.03993055555555555,0.033854166666666664,0.00181778437561459,0.0013765013880199855,0.6420000195503235
6,117,adaptive_crosssdc_cmr,hinge,1.0,0.01,0.5845246050092909,0.6994005507893033,1.1193208826912775,0.3357962648073832,0.0011437057368716018,0.00011437057368716019,0.051215277777777776,0.022569444444444444,0.002116267051961687,0.0008096309999624888,0.6451428532600403
6,118,adaptive_crosssdc_cmr,hinge,1.0,0.01,0.5896867712338766,0.7175544831487868,1.1322983635796442,0.3396895090738932,0.0016607882959457736,0.00016607882959457736,0.03732638888888889,0.03819444444444445,0.0018998496234416962,0.002044621855020523,0.6408571600914001
6,119,adaptive_crosssdc_cmr,hinge,1.0,0.01,0.604826549688975,0.7404953440030416,1.1789447201622858,0.35368341604868575,0.0012107361884166796,0.00012107361884166797,0.04861111111111111,0.035590277777777776,0.00192605455716451,0.0012230355706479815,0.6462857127189636
6,120,adaptive_crosssdc_cmr,hinge,1.0,0.01,0.5789942277802361,0.6919790969954597,1.1003799968295627,0.3301139990488688,0.0018263649803379343,0.00018263649803379345,0.057291666666666664,0.03211805555555555,0.00299500467048751,0.0013993912272983128,0.6428571343421936
6,121,adaptive_crosssdc_cmr,hinge,1.0,0.01,0.5958582493993971,0.7183897958861457,1.1369357241524591,0.34108071724573774,0.0014447977947485116,0.00014447977947485116,0.044270833333333336,0.034722222222222224,0.0021070949733257294,0.001332642717493905,0.6434285640716553
6,122,adaptive_crosssdc_cmr,hinge,1.0,0.01,0.6063867741160922,0.7234240306748284,1.1655368275112576,0.3496610482533773,0.0012703552169518338,0.0001270355216951834,0.052083333333333336,0.025173611111111112,0.0021243182321389518,0.0009883733259307013,0.6408571600914001
6,123,adaptive_crosssdc_cmr,hinge,1.0,0.01,0.5785581270853678,0.678032226032681,1.0862425168355305,0.32587275505065916,0.0016375408740714192,0.00016375408740714194,0.042534722222222224,0.033854166666666664,0.0021588984462949964,0.0015573580231931475,0.6454285979270935
6,124,adaptive_crosssdc_cmr,hinge,1.0,0.01,0.5846346351835463,0.7275139093399048,1.1232868962817721,0.33698606888453164,0.0018151308500414921,0.00018151308500414924,0.049479166666666664,0.03732638888888889,0.002592135634687212,0.0016132787697845036,0.6465714573860168
6,125,adaptive_crosssdc_cmr,hinge,1.0,0.01,0.5803306367662218,0.6940513915485806,1.0931167205174763,0.3279350161552429,0.0015769450563109582,0.00015769450563109583,0.04774305555555555,0.029513888888888888,0.0023884189625581107,0.0013537406921386719,0.6431428790092468
6,126,adaptive_crosssdc_cmr,hinge,1.0,0.01,0.5996731387244331,0.7138100001547072,1.1488761901855469,0.3446628570556641,0.001464325113273743,0.00014643251132737432,0.04861111111111111,0.030381944444444444,0.0019846343331866795,0.0015242964857154423,0.6462857127189636
6,127,adaptive_crosssdc_cmr,hinge,1.0,0.01,0.6094750165939331,0.7485623359680176,1.1730479001998901,0.351914370059967,0.001907418333252685,0.0001907418333252685,0.03993055555555555,0.04079861111111111,0.0023663172291384805,0.0019424652887715234,0.6405714154243469
6,128,adaptive_crosssdc_cmr,hinge,1.0,0.01,0.5972587731149461,0.7303724620077345,1.1418340868420072,0.34255022605260216,0.002491754596121609,0.0002491754596121609,0.05295138888888889,0.033854166666666664,0.003533101330200831,0.0018227419091595544,0.6445714235305786
6,129,adaptive_crosssdc_cmr,hinge,1.0,0.01,0.5840080910258822,0.7052737540668912,1.1092307567596436,0.3327692270278931,0.0016307898202083176,0.00016307898202083177,0.036458333333333336,0.036458333333333336,0.0018850502868493397,0.0019098884529537624,0.6422857046127319
6,130,adaptive_crosssdc_cmr,hinge,1.0,0.01,0.590085334248013,0.7088295155101352,1.123686048719618,0.3371058146158854,0.0022126761032268405,0.00022126761032268406,0.046875,0.035590277777777776,0.0029819077915615505,0.0019887598852316537,0.6417142748832703
6,131,adaptive_crosssdc_cmr,hinge,1.0,0.01,0.5880595578087701,0.7230313685205247,1.1074125236935086,0.3322237571080526,0.002121599184142219,0.0002121599184142219,0.052083333333333336,0.035590277777777776,0.0028593072460757363,0.0019470788538455963,0.6437143087387085
6,132,adaptive_crosssdc_cmr,hinge,1.0,0.01,0.597500761349996,0.7041663726170858,1.1177520089679294,0.3353256026903788,0.002246795603746755,0.00022467956037467552,0.0546875,0.03732638888888889,0.0031568316949738395,0.0019186859329541524,0.6439999938011169
6,133,adaptive_crosssdc_cmr,hinge,1.0,0.01,0.6059930125872294,0.7210188640488518,1.1437126795450847,0.3431138038635254,0.001986143748379416,0.0001986143748379416,0.05642361111111111,0.03125,0.0029510056806935202,0.00156689476635721,0.6417142748832703
6,134,adaptive_crosssdc_cmr,hinge,1.0,0.01,0.6179542077912225,0.7573730945587158,1.1737017631530762,0.3521105289459228,0.0028403891742022503,0.00028403891742022504,0.06076388888888889,0.03298611111111111,0.004863113164901733,0.0013283888498942058,0.6414285898208618
6,135,adaptive_crosssdc_cmr,hinge,1.0,0.01,0.5977983474731445,0.7036848598056369,1.1157133181889851,0.3347139954566955,0.002490032600083699,0.0002490032600083699,0.05381944444444445,0.03125,0.0037662581437163884,0.0016049291524622175,0.6377142667770386
6,136,adaptive_crosssdc_cmr,hinge,1.0,0.01,0.6092524263593886,0.7360922495524088,1.1432115104463365,0.3429634531339009,0.0033546277166654668,0.0003354627716665467,0.06944444444444445,0.042534722222222224,0.0047249289022551644,0.002495182885064019,0.6437143087387085
6,137,adaptive_crosssdc_cmr,hinge,1.0,0.01,0.6172378924157884,0.7399450606769986,1.159032040172153,0.3477096120516459,0.002549037783561895,0.0002549037783561895,0.05295138888888889,0.0390625,0.0032859759198294747,0.0022973231971263885,0.6374285817146301
6,138,adaptive_crosssdc_cmr,hinge,1.0,0.01,0.6000842584504021,0.7339461445808411,1.1229561434851751,0.33688684304555255,0.002481402855159508,0.0002481402855159508,0.057291666666666664,0.03211805555555555,0.004154350608587265,0.0014106320838133495,0.6394285559654236
6,139,adaptive_crosssdc_cmr,hinge,1.0,0.01,0.5971230732070075,0.7068994575076633,1.1110311879052057,0.3333093563715617,0.0023199992331986627,0.0002319999233198663,0.06597222222222222,0.03211805555555555,0.003893188718292448,0.0014601602322525447,0.6414285898208618
6,140,adaptive_crosssdc_cmr,hinge,1.0,0.01,0.5919363233778212,0.7269421087370979,1.1312668720881145,0.33938006162643436,0.0015867924925664233,0.00015867924925664235,0.03993055555555555,0.033854166666666664,0.0021344274282455444,0.0016314217613803016,0.6454285979270935
6,141,adaptive_crosssdc_cmr,hinge,1.0,0.01,0.5945848027865092,0.7344735264778137,1.149005479282803,0.3447016437848409,0.0017313276055372423,0.00017313276055372424,0.043402777777777776,0.04600694444444445,0.0021117780771520403,0.0019525388876597087,0.6417142748832703
6,142,adaptive_crosssdc_cmr,hinge,1.0,0.01,0.5909843974643283,0.738586770163642,1.1430784861246746,0.34292354583740237,0.0015005287326251466,0.00015005287326251467,0.03819444444444445,0.027777777777777776,0.0024372252325216928,0.0009602035085360209,0.6411428451538086
6,143,adaptive_crosssdc_cmr,hinge,1.0,0.01,0.5864810480011834,0.7450390458106995,1.1410062180625067,0.342301865418752,0.0018162098001792198,0.000181620980017922,0.046875,0.041666666666666664,0.002087367077668508,0.002090853535466724,0.645714282989502
6,144,adaptive_crosssdc_cmr,hinge,1.0,0.01,0.5981796979904175,0.7377495898140801,1.1554367144902546,0.3466310143470764,0.004394351800632042,0.0004394351800632042,0.06336805555555555,0.034722222222222224,0.007571119401190016,0.001657429254717297,0.6408571600914001
6,145,adaptive_crosssdc_cmr,hinge,1.0,0.01,0.5812440779474046,0.7123861842685275,1.0964014927546184,0.3289204478263855,0.001864584725505362,0.0001864584725505362,0.046875,0.030381944444444444,0.0028581341935528647,0.0013484731316566467,0.6439999938011169
6,146,adaptive_crosssdc_cmr,hinge,1.0,0.01,0.5971677237086825,0.7575882540808784,1.1495899226930406,0.3448769768079122,0.0018063764307751423,0.00018063764307751424,0.04513888888888889,0.03298611111111111,0.002480975455707974,0.0016829015480147467,0.6468571424484253
6,147,adaptive_crosssdc_cmr,hinge,1.0,0.01,0.5638497869173685,0.7063752545250787,1.0769886308246188,0.32309658924738566,0.0013879817771440786,0.00013879817771440787,0.034722222222222224,0.03211805555555555,0.0019126865598890516,0.0012999777164724139,0.6431428790092468
6,148,adaptive_crosssdc_cmr,hinge,1.0,0.01,0.5788304143481784,0.7410122884644402,1.1312263409296672,0.3393679022789002,0.0015791086932747727,0.00015791086932747728,0.036458333333333336,0.043402777777777776,0.0015683894356091816,0.0021991911861631605,0.6451428532600403
6,149,adaptive_crosssdc_cmr,hinge,1.0,0.01,0.59487517674764,0.7518478102154202,1.138992600970798,0.3416977802912394,0.002050298334021742,0.00020502983340217422,0.058159722222222224,0.026909722222222224,0.0037767887115478516,0.0009664396444956461,0.6397143006324768
6,150,adaptive_crosssdc_cmr,hinge,1.0,0.01,0.6261690126525031,0.7513505816459656,1.1322504546907213,0.33967513640721636,0.0032694806965688863,0.00032694806965688863,0.07291666666666667,0.041666666666666664,0.004835099395778444,0.0023269429802894592,0.6451428532600403
6,151,adaptive_crosssdc_cmr,hinge,1.0,0.01,0.6219102674060397,0.7311083873112997,1.1171526776419745,0.3351458032925923,0.002814927940360374,0.0002814927940360374,0.06076388888888889,0.033854166666666664,0.00439721801214748,0.0018235941727956135,0.6399999856948853
6,152,adaptive_crosssdc_cmr,hinge,1.0,0.01,0.6065918472078111,0.7323600980970595,1.1076740821202595,0.33230222463607784,0.0033247836981900036,0.0003324783698190004,0.06597222222222222,0.044270833333333336,0.004753621915976207,0.002513919025659561,0.6408571600914001
6,153,adaptive_crosssdc_cmr,hinge,1.0,0.01,0.6133257216877408,0.7167550126711527,1.1181921031739976,0.33545763095219927,0.0033644344010907742,0.00033644344010907745,0.059895833333333336,0.050347222222222224,0.004688087436887953,0.0024681592153178323,0.645714282989502
6,154,adaptive_crosssdc_cmr,hinge,1.0,0.01,0.6239220036400689,0.7511843972735934,1.1534918281767104,0.3460475484530131,0.0020914969112103186,0.00020914969112103188,0.043402777777777776,0.029513888888888888,0.0030752544601758323,0.0015520263049337599,0.6422857046127319
6,155,adaptive_crosssdc_cmr,hinge,1.0,0.01,0.5853101213773092,0.6970635718769498,1.0677349302503798,0.3203204790751139,0.0018446902201200526,0.00018446902201200527,0.03819444444444445,0.036458333333333336,0.0025771289236015743,0.0015650039745701684,0.6465714573860168
6,156,adaptive_crosssdc_cmr,hinge,1.0,0.01,0.619287285539839,0.7884908980793424,1.180114295747545,0.3540342887242635,0.0024350280065037725,0.00024350280065037726,0.044270833333333336,0.034722222222222224,0.002985640118519465,0.002221921665800942,0.6468571424484253
6,157,adaptive_crosssdc_cmr,hinge,1.0,0.01,0.5878406100802951,0.7273615201314291,1.1025323867797852,0.33075971603393556,0.002163769392710593,0.00021637693927105932,0.05381944444444445,0.035590277777777776,0.0031920617653263938,0.0017432127561834124,0.6420000195503235
6,158,adaptive_crosssdc_cmr,hinge,1.0,0.01,0.577625142203437,0.7061615718735589,1.070655968454149,0.32119679053624467,0.0021084905084636477,0.00021084905084636478,0.04079861111111111,0.03211805555555555,0.0027051539056830937,0.0018791630864143372,0.6502857208251953
6,159,adaptive_crosssdc_cmr,hinge,1.0,0.01,0.5951531794336107,0.7516273525026109,1.1331153843137953,0.3399346152941386,0.0011624418063244473,0.00011624418063244473,0.026909722222222224,0.027777777777777776,0.0016324143442842695,0.0011383381982644398,0.6439999938011169
6,160,adaptive_crosssdc_cmr,hinge,1.0,0.01,0.5829917788505554,0.7443708380063375,1.1230829026963975,0.33692487080891925,0.0019748525422376892,0.00019748525422376895,0.035590277777777776,0.033854166666666664,0.0023039798769685957,0.0018524196412828234,0.6451428532600403
6,161,adaptive_crosssdc_cmr,hinge,1.0,0.01,0.5758935676680671,0.7388230694664849,1.1171407567130194,0.3351422270139058,0.0014673002588097006,0.00014673002588097008,0.036458333333333336,0.033854166666666664,0.0015761169294516246,0.001840896490547392,0.6428571343421936
6,162,adaptive_crosssdc_cmr,hinge,1.0,0.01,0.5659537249141269,0.7218727601899041,1.0943003760443792,0.3282901128133138,0.001387147614473684,0.00013871476144736842,0.035590277777777776,0.025173611111111112,0.0018877283566527897,0.0012390787402788799,0.6414285898208618
6,163,adaptive_crosssdc_cmr,hinge,1.0,0.01,0.5888286365403069,0.7844128741158379,1.1641906234953139,0.34925718704859415,0.0013096756495845814,0.00013096756495845814,0.03298611111111111,0.020833333333333332,0.0019473238951630062,0.0009683552715513441,0.645714282989502
6,164,adaptive_crosssdc_cmr,hinge,1.0,0.01,0.5725894172986349,0.7459314001931084,1.107921348677741,0.3323764046033223,0.001443685294361785,0.00014436852943617852,0.026909722222222224,0.03732638888888889,0.0010868517888916864,0.00227842562728458,0.6439999938011169
6,165,adaptive_crosssdc_cmr,hinge,1.0,0.01,0.5885056720839607,0.7655050092273288,1.156097451845805,0.34682923555374146,0.0016108047566376626,0.00016108047566376626,0.03993055555555555,0.035590277777777776,0.0019755694601270887,0.001725730796655019,0.6420000195503235
6,166,adaptive_crosssdc_cmr,hinge,1.0,0.01,0.570544958114624,0.7503975762261285,1.1134989394081964,0.3340496818224589,0.0012620036464391483,0.00012620036464391484,0.0390625,0.024305555555555556,0.0017801779839727613,0.001205781681670083,0.6462857127189636
6,167,adaptive_crosssdc_cmr,hinge,1.0,0.01,0.5786404940817091,0.7416317396693759,1.1201616260740492,0.33604848782221475,0.0014041067463242346,0.00014041067463242346,0.03819444444444445,0.034722222222222224,0.0017327136463589137,0.0017069420880741542,0.6445714235305786
6,168,adaptive_crosssdc_cmr,hinge,1.0,0.01,0.5676839682790968,0.7353950672679477,1.1000414159562852,0.3300124247868856,0.0011355880285716718,0.00011355880285716718,0.03298611111111111,0.026909722222222224,0.0017027498947249518,0.0010263808071613312,0.6425714492797852
6,169,adaptive_crosssdc_cmr,hinge,1.0,0.01,0.5754509899351332,0.7614965107705858,1.1180237929026287,0.3354071378707886,0.0014823619324791555,0.00014823619324791555,0.034722222222222224,0.04600694444444445,0.0016902689304616717,0.0018722261819574568,0.6462857127189636
6,170,adaptive_crosssdc_cmr,hinge,1.0,0.01,0.579408175415463,0.7628345555729337,1.146693468093872,0.34400804042816163,0.0014727747378249962,0.00014727747378249963,0.03993055555555555,0.03125,0.0020203010903464425,0.0014403776990042792,0.6439999938011169
6,171,adaptive_crosssdc_cmr,hinge,1.0,0.01,0.5837923553254869,0.7625067763858371,1.129761232270135,0.33892836968104045,0.0016782936096812289,0.0001678293609681229,0.0390625,0.03298611111111111,0.002227740983168284,0.0015393541091018254,0.6431428790092468
6,172,adaptive_crosssdc_cmr,hinge,1.0,0.01,0.5815411607424418,0.743427554766337,1.1060655911763508,0.33181967735290524,0.00189952970120228,0.000189952970120228,0.052083333333333336,0.035590277777777776,0.0028585104478730094,0.0016140714287757874,0.6454285979270935
6,173,adaptive_crosssdc_cmr,hinge,1.0,0.01,0.5920324855380588,0.7320260736677382,1.1003031068378024,0.3300909320513407,0.004884623424408751,0.0004884623424408751,0.0763888888888889,0.024305555555555556,0.008478696975443099,0.0013725567195150587,0.6411428451538086
6,174,adaptive_crosssdc_cmr,hinge,1.0,0.01,0.5938843687375387,0.7190728518697951,1.1166562371783786,0.33499687115351356,0.0022819707584049967,0.00022819707584049968,0.05555555555555555,0.0390625,0.003087161729733149,0.001993089500400755,0.6437143087387085
6,175,adaptive_crosssdc_cmr,hinge,1.0,0.01,0.5726320015059577,0.7204390366872152,1.0758144590589735,0.32274433771769206,0.0019221308687823087,0.00019221308687823087,0.050347222222222224,0.027777777777777776,0.0029032217959562936,0.0014284480777051714,0.6431428790092468
6,176,adaptive_crosssdc_cmr,hinge,1.0,0.01,0.5618168910344442,0.7368431819809808,1.087499737739563,0.32624992132186886,0.0016422099627864857,0.00016422099627864858,0.03298611111111111,0.033854166666666664,0.0019373070034715864,0.0017855051490995619,0.6471428275108337
6,177,adaptive_crosssdc_cmr,hinge,1.0,0.01,0.5647054248385959,0.733598099814521,1.101600170135498,0.3304800510406494,0.0010349282432192315,0.00010349282432192316,0.028645833333333332,0.025173611111111112,0.001458160165283415,0.0009541172120306226,0.6437143087387085
6,178,adaptive_crosssdc_cmr,hinge,1.0,0.01,0.5724959638383653,0.7667941980891757,1.126934078004625,0.3380802234013875,0.0010375841326701145,0.00010375841326701145,0.027777777777777776,0.03125,0.0013917341000503963,0.001122170024447971,0.6468571424484253
6,179,adaptive_crosssdc_cmr,hinge,1.0,0.01,0.5642515156004164,0.7505124277538724,1.1063865688112047,0.33191597064336137,0.0013061067826735477,0.00013061067826735477,0.03211805555555555,0.030381944444444444,0.0016291211876604292,0.001415360305044386,0.6417142748832703
6,180,adaptive_crosssdc_cmr,hinge,1.0,0.01,0.5642507539855109,0.7361365490489535,1.1078110271030002,0.3323433081309,0.0006456253597409361,6.456253597409361e-05,0.024305555555555556,0.0234375,0.0008715324931674533,0.0008153969215022193,0.6482856869697571
6,181,adaptive_crosssdc_cmr,hinge,1.0,0.01,0.5829927060339186,0.794207493464152,1.1571245988210042,0.34713737964630126,0.0008113815921307025,8.113815921307025e-05,0.025173611111111112,0.019097222222222224,0.001201409018701977,0.0007365842660268148,0.6480000019073486
6,182,adaptive_crosssdc_cmr,hinge,1.0,0.01,0.5818300710784065,0.7769009868303934,1.1347719828287761,0.34043159484863283,0.0012205600635045106,0.00012205600635045106,0.03298611111111111,0.029513888888888888,0.0015412010252475739,0.0013465099036693573,0.6422857046127319
6,183,adaptive_crosssdc_cmr,hinge,1.0,0.01,0.5725328723589579,0.7517995370758904,1.099467118581136,0.3298401355743408,0.0018749547436729902,0.00018749547436729903,0.04861111111111111,0.029513888888888888,0.0027651157644059923,0.001444415913687812,0.6448571681976318
6,184,adaptive_crosssdc_cmr,hinge,1.0,0.01,0.5811856322818332,0.7467848989698622,1.119668099615309,0.3359004298845927,0.0014463182370592323,0.00014463182370592323,0.04079861111111111,0.03125,0.002127470241652595,0.0013322970933384365,0.6434285640716553
6,185,adaptive_crosssdc_cmr,hinge,1.0,0.01,0.5838717950714959,0.7517712050014072,1.1206560399797227,0.3361968119939168,0.0017068299801192349,0.0001706829980119235,0.034722222222222224,0.035590277777777776,0.0018725254469447667,0.0020037351383103263,0.6439999938011169
6,186,adaptive_crosssdc_cmr,hinge,1.0,0.01,0.5799485776159499,0.7656340996424357,1.118850416607327,0.33565512498219807,0.001357186564645316,0.0001357186564645316,0.034722222222222224,0.029513888888888888,0.0017547429435782963,0.0013338455723391639,0.6454285979270935
6,187,adaptive_crosssdc_cmr,hinge,1.0,0.01,0.5581580201784769,0.7057416372829013,1.0640460782580905,0.31921382347742716,0.0008886769857478308,8.886769857478309e-05,0.027777777777777776,0.018229166666666668,0.001188350220521291,0.0009279768500063154,0.645714282989502
6,188,adaptive_crosssdc_cmr,hinge,1.0,0.01,0.5870087941487631,0.7685076528125339,1.1200721793704562,0.33602165381113686,0.005638146359059546,0.0005638146359059547,0.07899305555555555,0.03298611111111111,0.010105278342962265,0.0013950222896205054,0.6417142748832703
6,189,adaptive_crosssdc_cmr,hinge,1.0,0.01,0.6043086118168302,0.7610589332050748,1.1138974163267348,0.3341692248980204,0.003038600332931512,0.0003038600332931512,0.059895833333333336,0.035590277777777776,0.004471458080742095,0.002079742650190989,0.6439999938011169
6,190,adaptive_crosssdc_cmr,hinge,1.0,0.01,0.6031388243039449,0.7656235032611423,1.1254078944524128,0.33762236833572384,0.0027675784141239193,0.00027675784141239194,0.0642361111111111,0.036458333333333336,0.004033500121699439,0.002114281886153751,0.6448571681976318
6,191,adaptive_crosssdc_cmr,hinge,1.0,0.01,0.602541016207801,0.7585557632976108,1.116564975844489,0.3349694927533467,0.001754892252696057,0.00017548922526960573,0.044270833333333336,0.024305555555555556,0.0028132941159937116,0.001046330150630739,0.6442857384681702
6,192,adaptive_crosssdc_cmr,hinge,1.0,0.01,0.5816653635766771,0.7531517148017883,1.100341346528795,0.3301024039586385,0.0014782723220479158,0.0001478272322047916,0.041666666666666664,0.027777777777777776,0.0020022975901762643,0.0014229967362350887,0.6402857303619385
6,193,adaptive_crosssdc_cmr,hinge,1.0,0.01,0.5657348765267266,0.7501693897777133,1.088435451189677,0.3265306353569031,0.0017038315806227426,0.00017038315806227429,0.03298611111111111,0.035590277777777776,0.0018739381598101722,0.001951129072242313,0.6488571166992188
6,194,adaptive_crosssdc_cmr,hinge,1.0,0.01,0.5648618406719632,0.7494587103525797,1.1021592881944444,0.3306477864583333,0.0010433242164759173,0.00010433242164759174,0.026041666666666668,0.034722222222222224,0.0012008373936017354,0.0013203542265627119,0.6437143087387085
6,195,adaptive_crosssdc_cmr,hinge,1.0,0.01,0.58038373125924,0.7889376415146722,1.1450695594151814,0.34352086782455443,0.0015230751014314592,0.00015230751014314592,0.03819444444444445,0.03298611111111111,0.0016857994099458058,0.0018524862825870514,0.6442857384681702
6,196,adaptive_crosssdc_cmr,hinge,1.0,0.01,0.570291154914432,0.769576887289683,1.1148310369915433,0.33444931109746295,0.0012174840651116231,0.00012174840651116232,0.029513888888888888,0.028645833333333332,0.0015235505998134613,0.0012790117826726702,0.6471428275108337
6,197,adaptive_crosssdc_cmr,hinge,1.0,0.01,0.5619359016418457,0.758240282535553,1.0990359385808308,0.3297107815742492,0.0007716659650517007,7.716659650517007e-05,0.021701388888888888,0.026909722222222224,0.0009011717306243049,0.0011104697154627906,0.6465714573860168
6,198,adaptive_crosssdc_cmr,hinge,1.0,0.01,0.5534874333275689,0.7269114520814683,1.079687065548367,0.3239061196645101,0.0009230949718686235,9.230949718686236e-05,0.025173611111111112,0.028645833333333332,0.0010658179720242817,0.0012462917301389906,0.645714282989502
6,199,adaptive_crosssdc_cmr,hinge,1.0,0.01,0.570715586344401,0.78458262152142,1.1300630172093709,0.33901890516281125,0.0009052842473869936,9.052842473869937e-05,0.019965277777777776,0.030381944444444444,0.0008051664465003543,0.0014271413286526997,0.6448571681976318
7,0,adaptive_crosssdc_cmr,hinge,1.0,0.01,3.4031495253245034,0.5435085296630859,1.3038927449120417,0.3911678234736125,0.6041211618317498,0.060412116183174984,0.8524305555555556,0.6935763888888888,0.948816696802775,0.23706717789173126,0.5364999771118164
7,1,adaptive_crosssdc_cmr,hinge,1.0,0.01,2.3025149239434137,0.5456355777051713,1.301084041595459,0.39032521247863766,0.5489666395717197,0.054896663957171965,0.9835069444444444,0.5859375,0.9609894355138143,0.12268557316727108,0.5667499899864197
7,2,adaptive_crosssdc_cmr,hinge,1.0,0.01,1.8479853868484497,0.47512471344735885,1.2803729640112982,0.38411188920338946,0.29660969807042015,0.029660969807042015,0.9401041666666666,0.4904513888888889,0.507861915561888,0.07636253452963299,0.5734999775886536
7,3,adaptive_crosssdc_cmr,hinge,1.0,0.01,1.597066707081265,0.4289799796210395,1.1830798784891765,0.35492396354675293,0.17614119582706028,0.01761411958270603,0.8793402777777778,0.5373263888888888,0.2777218437857098,0.07874253806140688,0.5732499957084656
7,4,adaptive_crosssdc_cmr,hinge,1.0,0.01,1.463688161638048,0.42816824052068925,1.1908961137135823,0.3572688341140747,0.1365709983640247,0.01365709983640247,0.7873263888888888,0.5581597222222222,0.20143070154719883,0.07703180321388775,0.5732499957084656
7,5,adaptive_crosssdc_cmr,hinge,1.0,0.01,1.3610816134346857,0.4425450563430786,1.2173958751890395,0.3652187625567118,0.14852260384294722,0.014852260384294722,0.8151041666666666,0.5546875,0.22346235149436527,0.07633593968219227,0.5722500085830688
7,6,adaptive_crosssdc_cmr,hinge,1.0,0.01,1.247823887401157,0.4230779839886559,1.1311509079403348,0.33934527238210044,0.13164709177282122,0.013164709177282123,0.8116319444444444,0.5477430555555556,0.19604328771432242,0.0735186098350419,0.5734999775886536
7,7,adaptive_crosssdc_cmr,hinge,1.0,0.01,1.2021576298607721,0.43630697660975987,1.1849260727564495,0.3554778218269348,0.1226476240489218,0.01226476240489218,0.7560763888888888,0.5295138888888888,0.17814653946293724,0.07280525440971057,0.5742499828338623
7,8,adaptive_crosssdc_cmr,hinge,1.0,0.01,1.1435227923923068,0.4299075934622023,1.1706381506390042,0.35119144519170126,0.12180357095268038,0.01218035709526804,0.7621527777777778,0.5078125,0.16934582756625283,0.07962371905644734,0.5740000009536743
7,9,adaptive_crosssdc_cmr,hinge,1.0,0.01,1.1136674880981445,0.4740200936794281,1.2075435452991061,0.3622630635897318,0.11553576091925304,0.011553576091925304,0.7291666666666666,0.5338541666666666,0.15833320054743025,0.07915720343589783,0.574999988079071
7,10,adaptive_crosssdc_cmr,hinge,1.0,0.01,1.0550092458724976,0.4517798688676622,1.1564742194281683,0.3469422658284505,0.10579883472787009,0.01057988347278701,0.7083333333333334,0.4991319444444444,0.14932208094331953,0.06839185828963916,0.5789999961853027
7,11,adaptive_crosssdc_cmr,hinge,1.0,0.01,1.0207843714290195,0.4387182394663493,1.1257308456632826,0.33771925369898476,0.10102533880207273,0.010102533880207274,0.6831597222222222,0.5104166666666666,0.1326143021384875,0.07603267870015568,0.5789999961853027
7,12,adaptive_crosssdc_cmr,hinge,1.0,0.01,0.9924647079573737,0.47451789842711556,1.1557715204026964,0.3467314561208089,0.0985887919863065,0.009858879198630651,0.6996527777777778,0.4505208333333333,0.13473650068044662,0.06988982483744621,0.577750027179718
7,13,adaptive_crosssdc_cmr,hinge,1.0,0.01,0.9678519500626458,0.4604967302746243,1.134359359741211,0.34030780792236326,0.09459109521574444,0.009459109521574444,0.6319444444444444,0.4826388888888889,0.12372479505009121,0.07189066169990434,0.5792499780654907
7,14,adaptive_crosssdc_cmr,hinge,1.0,0.01,0.9332592421107822,0.4667997823821174,1.1213919321695964,0.33641757965087893,0.08530967185894649,0.008530967185894649,0.6119791666666666,0.4131944444444444,0.11043600158558951,0.06599293897549312,0.5802500247955322
7,15,adaptive_crosssdc_cmr,hinge,1.0,0.01,0.921073489718967,0.47553349203533596,1.141089638074239,0.3423268914222717,0.08512755069467756,0.008512755069467757,0.6154513888888888,0.3854166666666667,0.11456244438886642,0.06166593275136418,0.5824999809265137
7,16,adaptive_crosssdc_cmr,hinge,1.0,0.01,0.8981226285298666,0.4676276213592953,1.1146668990453084,0.3344000697135925,0.07741636120610768,0.0077416361206107676,0.5651041666666666,0.4079861111111111,0.10096218436956406,0.061338951190312706,0.5832499861717224
7,17,adaptive_crosssdc_cmr,hinge,1.0,0.01,0.8960319095187717,0.48333321346176994,1.165173610051473,0.3495520830154419,0.07337564023004638,0.007337564023004638,0.5564236111111112,0.3845486111111111,0.09618678440650304,0.056281054185496435,0.5839999914169312
7,18,adaptive_crosssdc_cmr,hinge,1.0,0.01,0.8549395667182075,0.44169308410750496,1.0868444442749023,0.3260533332824707,0.07143051135871145,0.007143051135871145,0.5538194444444444,0.3602430555555556,0.0980282723903656,0.05068831601076656,0.5817499756813049
7,19,adaptive_crosssdc_cmr,hinge,1.0,0.01,0.8560949100388421,0.47707317272822064,1.128883335325453,0.3386650005976359,0.0652600270178583,0.00652600270178583,0.4982638888888889,0.359375,0.08905392057365841,0.047729596909549504,0.5855000019073486
7,20,adaptive_crosssdc_cmr,hinge,1.0,0.01,0.8372613920105828,0.46172187063429093,1.1123435364829168,0.33370306094487506,0.06458874046802521,0.006458874046802521,0.5251736111111112,0.3263888888888889,0.08722628073559867,0.047110780659649104,0.5845000147819519
7,21,adaptive_crosssdc_cmr,hinge,1.0,0.01,0.8405122889412774,0.4930928183926476,1.1502427922354803,0.34507283767064406,0.05793182303508123,0.005793182303508123,0.4817708333333333,0.3394097222222222,0.07967864722013474,0.04147604066464636,0.5837500095367432
7,22,adaptive_crosssdc_cmr,hinge,1.0,0.01,0.8142977621820238,0.48938918113708496,1.1159469683965046,0.33478409051895136,0.053902985321150884,0.005390298532115089,0.4887152777777778,0.3107638888888889,0.07499463235338528,0.038290615297026105,0.5864999890327454
7,23,adaptive_crosssdc_cmr,hinge,1.0,0.01,0.7958240376578437,0.46914901004897225,1.0822637346055772,0.3246791203816732,0.05283226196964582,0.005283226196964582,0.4487847222222222,0.3177083333333333,0.07267607500155766,0.038271827002366386,0.5852500200271606
7,24,adaptive_crosssdc_cmr,hinge,1.0,0.01,0.7843895620769925,0.4722452229923672,1.0834110445446439,0.32502331336339313,0.04590833394063844,0.004590833394063844,0.4288194444444444,0.2786458333333333,0.06666318327188492,0.030467176189025242,0.5862500071525574
7,25,adaptive_crosssdc_cmr,hinge,1.0,0.01,0.7812724974420335,0.4704888231224484,1.0888782739639282,0.32666348218917846,0.047142453491687775,0.004714245349168778,0.4210069444444444,0.2682291666666667,0.06735482025477621,0.03172610451777776,0.5852500200271606
7,26,adaptive_crosssdc_cmr,hinge,1.0,0.01,0.7626126143667433,0.4653266933229234,1.0594079891840618,0.3178223967552185,0.040459120025237404,0.00404591200252374,0.4192708333333333,0.23177083333333334,0.0592586783071359,0.02662462741136551,0.5899999737739563
7,27,adaptive_crosssdc_cmr,hinge,1.0,0.01,0.7578770253393385,0.4667459858788384,1.0662879943847656,0.3198863983154297,0.04226927003926701,0.004226927003926701,0.3897569444444444,0.2534722222222222,0.060393885605865054,0.029096538821856182,0.5852500200271606
7,28,adaptive_crosssdc_cmr,hinge,1.0,0.01,0.7453595333629184,0.4714291791121165,1.0531688928604126,0.31595066785812376,0.03914391249418259,0.003914391249418259,0.3767361111111111,0.2552083333333333,0.05556507367226812,0.027838435851865344,0.5867499709129333
7,29,adaptive_crosssdc_cmr,hinge,1.0,0.01,0.7365410791503059,0.4573851492669847,1.0507830778757732,0.31523492336273196,0.03576803600622548,0.003576803600622548,0.3645833333333333,0.21354166666666666,0.05351592227816582,0.023923145400153265,0.5877500176429749
7,30,adaptive_crosssdc_cmr,hinge,1.0,0.01,0.7489892509248521,0.49459438522656757,1.1013967593510945,0.33041902780532834,0.03636618848476145,0.0036366188484761447,0.3628472222222222,0.2543402777777778,0.051566655851072736,0.02667508315708902,0.5897499918937683
7,31,adaptive_crosssdc_cmr,hinge,1.0,0.01,0.745959050125546,0.5094156662623087,1.1093106137381659,0.33279318412144976,0.034022978196541466,0.003402297819654147,0.3541666666666667,0.21961805555555555,0.04904306762748294,0.023395034588045545,0.5895000100135803
7,32,adaptive_crosssdc_cmr,hinge,1.0,0.01,0.7318930228551229,0.47974567943149143,1.0826111899481878,0.3247833569844563,0.03073526318702433,0.003073526318702433,0.3220486111111111,0.21961805555555555,0.044371856583489314,0.020817008697324328,0.590749979019165
7,33,adaptive_crosssdc_cmr,hinge,1.0,0.01,0.7376905944612291,0.505602068371243,1.1182574960920546,0.33547724882761637,0.03087294412155946,0.003087294412155946,0.3272569444444444,0.2074652777777778,0.04673612821433279,0.018622217492924795,0.5917500257492065
7,34,adaptive_crosssdc_cmr,hinge,1.0,0.01,0.7147776285807291,0.49267276459270054,1.0798888471391466,0.32396665414174397,0.028578703809115622,0.0028578703809115625,0.3298611111111111,0.21180555555555555,0.04289211622542805,0.018779059251149494,0.5929999947547913
7,35,adaptive_crosssdc_cmr,hinge,1.0,0.01,0.7125439643859863,0.49419084522459245,1.0747428470187717,0.3224228541056315,0.025214594271447923,0.0025214594271447924,0.3020833333333333,0.18836805555555555,0.040233388957050115,0.014597766929202609,0.5889999866485596
7,36,adaptive_crosssdc_cmr,hinge,1.0,0.01,0.7166597048441569,0.508596185180876,1.0978507730695937,0.32935523192087807,0.027091765362355445,0.0027091765362355445,0.2899305555555556,0.17100694444444445,0.042195880164702736,0.01548554003238678,0.5874999761581421
7,37,adaptive_crosssdc_cmr,hinge,1.0,0.01,0.6900623308287727,0.47794989082548356,1.0412371555964153,0.31237114667892457,0.02278725616633892,0.002278725616633892,0.2838541666666667,0.19791666666666666,0.03236173176103168,0.017462581396102905,0.5899999737739563
7,38,adaptive_crosssdc_cmr,hinge,1.0,0.01,0.704495350519816,0.5010631945398119,1.0763981209860907,0.3229194362958272,0.021941668250494532,0.0021941668250494532,0.3029513888888889,0.18229166666666666,0.03379387781023979,0.01445170616110166,0.5860000252723694
7,39,adaptive_crosssdc_cmr,hinge,1.0,0.01,0.715339355998569,0.5217736429638333,1.1223561763763428,0.3367068529129028,0.025674489223294787,0.002567448922329479,0.2899305555555556,0.17708333333333334,0.04013031265801854,0.015128485444519255,0.5882499814033508
7,40,adaptive_crosssdc_cmr,hinge,1.0,0.01,0.687245508035024,0.5012675755553775,1.0499699513117473,0.31499098539352416,0.019255897858076625,0.0019255897858076625,0.2404513888888889,0.14930555555555555,0.030097233752409618,0.01153673604130745,0.5864999890327454
7,41,adaptive_crosssdc_cmr,hinge,1.0,0.01,0.6850128438737657,0.49441562427414787,1.0620851516723633,0.31862554550170896,0.021385849350028567,0.0021385849350028566,0.2690972222222222,0.1736111111111111,0.03349363265766038,0.012908705820639929,0.590749979019165
7,42,adaptive_crosssdc_cmr,hinge,1.0,0.01,0.6946667830149332,0.5122749242517683,1.1036128203074138,0.33108384609222413,0.020138615742325783,0.002013861574232578,0.2630208333333333,0.1597222222222222,0.03103884102569686,0.01228478964832094,0.5889999866485596
7,43,adaptive_crosssdc_cmr,hinge,1.0,0.01,0.6812989248169793,0.508699420425627,1.0676134559843276,0.32028403679529827,0.017381854355335236,0.0017381854355335237,0.23524305555555555,0.1545138888888889,0.027884257750378713,0.009570081614785723,0.5899999737739563
7,44,adaptive_crosssdc_cmr,hinge,1.0,0.01,0.6722577412923177,0.49259210626284283,1.0330479476186964,0.3099143842856089,0.017270307884448104,0.0017270307884448104,0.2144097222222222,0.14583333333333334,0.026727074964178935,0.01097248825762007,0.5879999995231628
7,45,adaptive_crosssdc_cmr,hinge,1.0,0.01,0.6885572406980727,0.5359091758728027,1.0994481378131442,0.32983444134394324,0.019330520907209978,0.0019330520907209978,0.2404513888888889,0.15364583333333334,0.03134772843784756,0.010477812753783332,0.5892500281333923
7,46,adaptive_crosssdc_cmr,hinge,1.0,0.01,0.6846075256665548,0.5297761162122091,1.095464136865404,0.32863924105962117,0.018804396606153913,0.0018804396606153914,0.22569444444444445,0.14583333333333334,0.029551272590955097,0.010646257549524307,0.5902500152587891
7,47,adaptive_crosssdc_cmr,hinge,1.0,0.01,0.6644012729326884,0.5024662481413947,1.0452084143956502,0.313562524318695,0.015482490054435201,0.0015482490054435202,0.21961805555555555,0.14583333333333334,0.025450354648960963,0.008254400971863005,0.5902500152587891
7,48,adaptive_crosssdc_cmr,hinge,1.0,0.01,0.669761406050788,0.5190853741433885,1.0720041460461087,0.3216012438138326,0.01737676395310296,0.0017376763953102963,0.2282986111111111,0.1284722222222222,0.029819753021001816,0.007447177751196755,0.5917500257492065
7,49,adaptive_crosssdc_cmr,hinge,1.0,0.01,0.6492287119229635,0.507051600350274,1.031841582722134,0.3095524748166402,0.014724046302338442,0.0014724046302338444,0.1970486111111111,0.11805555555555555,0.02356956485244963,0.00844773981306288,0.5912500023841858
7,50,adaptive_crosssdc_cmr,hinge,1.0,0.01,0.6427686280674405,0.5074096918106079,1.0274417002995808,0.30823251008987423,0.013883492340230279,0.001388349234023028,0.19270833333333334,0.1293402777777778,0.02275866683986452,0.007758289161655638,0.5897499918937683
7,51,adaptive_crosssdc_cmr,hinge,1.0,0.01,0.6427612569597032,0.5171029534604814,1.041782259941101,0.3125346779823303,0.012346866851051649,0.001234686685105165,0.18229166666666666,0.11979166666666667,0.019537872324387234,0.007761670897404353,0.5899999737739563
7,52,adaptive_crosssdc_cmr,hinge,1.0,0.01,0.6613659395111932,0.5435989366637336,1.0862446228663127,0.3258733868598938,0.013545350689027045,0.0013545350689027045,0.17447916666666666,0.1232638888888889,0.02166328951716423,0.007765026556120979,0.5899999737739563
7,53,adaptive_crosssdc_cmr,hinge,1.0,0.01,0.6660618980725607,0.5579776366551717,1.1030772394604154,0.3309231718381246,0.01388932971490754,0.001388932971490754,0.1953125,0.11805555555555555,0.022774212062358856,0.0069678955607944066,0.5912500023841858
7,54,adaptive_crosssdc_cmr,hinge,1.0,0.01,0.6393048697047763,0.5131600697835287,1.0329985353681777,0.30989956061045326,0.013194084581401613,0.0013194084581401614,0.1935763888888889,0.1232638888888889,0.022607436610592738,0.006191650612486733,0.5902500152587891
7,55,adaptive_crosssdc_cmr,hinge,1.0,0.01,0.6582038799921671,0.5390746196111044,1.0847605996661716,0.32542817989985146,0.012041559028956626,0.0012041559028956627,0.171875,0.10850694444444445,0.02077867007917828,0.0055062783261140185,0.590749979019165
7,56,adaptive_crosssdc_cmr,hinge,1.0,0.01,0.6300576130549113,0.5132555597358279,1.0211933453877766,0.306358003616333,0.012303864376412498,0.0012303864376412498,0.1753472222222222,0.10243055555555555,0.020923011004924774,0.005670074787404802,0.5924999713897705
7,57,adaptive_crosssdc_cmr,hinge,1.0,0.01,0.63192218542099,0.5300823648770651,1.0331485933727689,0.3099445780118307,0.011085442784759734,0.0011085442784759733,0.1657986111111111,0.1076388888888889,0.01865941948360867,0.005559960173235999,0.59375
7,58,adaptive_crosssdc_cmr,hinge,1.0,0.01,0.6235679189364115,0.5121872623761495,1.0180961423450046,0.30542884270350135,0.010674826179941496,0.0010674826179941496,0.16493055555555555,0.1032986111111111,0.017733925332625706,0.0055535294943385655,0.5902500152587891
7,59,adaptive_crosssdc_cmr,hinge,1.0,0.01,0.6193690035078261,0.49382728338241577,1.0081761015786066,0.30245283047358196,0.011299544841878943,0.0011299544841878943,0.1623263888888889,0.10590277777777778,0.01870820216006703,0.0056358762085437775,0.5899999737739563
7,60,adaptive_crosssdc_cmr,hinge,1.0,0.01,0.612205445766449,0.5122304360071818,0.9840479890505472,0.29521439671516414,0.010574714073704349,0.0010574714073704348,0.1701388888888889,0.109375,0.018053219550185733,0.005297530442476273,0.5924999713897705
7,61,adaptive_crosssdc_cmr,hinge,1.0,0.01,0.6387893690003289,0.5544470416174995,1.0762644476360745,0.32287933429082233,0.009569889814075496,0.0009569889814075496,0.14930555555555555,0.09114583333333333,0.016429570813973744,0.0045460570189687945,0.593500018119812
7,62,adaptive_crosssdc_cmr,hinge,1.0,0.01,0.6440516975190904,0.5548425647947524,1.083118134074741,0.32493544022242227,0.009280156395915482,0.0009280156395915483,0.1527777777777778,0.10850694444444445,0.01596861622399754,0.004653638021813499,0.5889999866485596
7,63,adaptive_crosssdc_cmr,hinge,1.0,0.01,0.6467295752631294,0.5698823928833008,1.1003388696246676,0.3301016608874003,0.008542482637696795,0.0008542482637696795,0.15711805555555555,0.10069444444444445,0.014065154724650912,0.00500795700483852,0.59375
7,64,adaptive_crosssdc_cmr,hinge,1.0,0.01,0.6398655441072252,0.5578600830501981,1.0815060536066692,0.32445181608200074,0.009109942669359347,0.0009109942669359348,0.1527777777777778,0.11197916666666667,0.014288873308234744,0.005649221026235157,0.5917500257492065
7,65,adaptive_crosssdc_cmr,hinge,1.0,0.01,0.6213314930597941,0.5448807610405816,1.030546400282118,0.3091639200846354,0.008950211262951294,0.0008950211262951295,0.14322916666666666,0.1015625,0.01454097405076027,0.005175997813542684,0.593500018119812
7,66,adaptive_crosssdc_cmr,hinge,1.0,0.01,0.6210264563560486,0.5427076154285007,1.0401504900720384,0.3120451470216115,0.009146784846153524,0.0009146784846153524,0.1154513888888889,0.08333333333333333,0.01561174624496036,0.0038375527494483525,0.59375
7,67,adaptive_crosssdc_cmr,hinge,1.0,0.01,0.6148241625891792,0.5337533685896132,1.0277381208207872,0.30832143624623615,0.008767884535094103,0.0008767884535094103,0.13368055555555555,0.09809027777777778,0.014657405101590686,0.00450906902551651,0.5910000205039978
7,68,adaptive_crosssdc_cmr,hinge,1.0,0.01,0.6238763994640775,0.5464256935649447,1.0459402667151556,0.31378208001454666,0.009221787719676891,0.0009221787719676892,0.1371527777777778,0.0954861111111111,0.015228957765632205,0.004749175161123276,0.5920000076293945
7,69,adaptive_crosssdc_cmr,hinge,1.0,0.01,0.6303417815102471,0.552112446890937,1.0710323916541205,0.3213097174962361,0.008906392380595207,0.0008906392380595208,0.1371527777777778,0.09722222222222222,0.014530521714025073,0.004915654245350096,0.593500018119812
7,70,adaptive_crosssdc_cmr,hinge,1.0,0.01,0.6402815580368042,0.5817038416862488,1.0890057749218411,0.3267017324765523,0.009181990339938138,0.0009181990339938138,0.14322916666666666,0.078125,0.01548370760348108,0.004374749130672879,0.5902500152587891
7,71,adaptive_crosssdc_cmr,hinge,1.0,0.01,0.6216078400611877,0.5471395187907748,1.030652403831482,0.30919572114944455,0.00925919356652432,0.000925919356652432,0.13541666666666666,0.10416666666666667,0.015186111546225019,0.005018249154090881,0.5945000052452087
7,72,adaptive_crosssdc_cmr,hinge,1.0,0.01,0.6268666850195991,0.5567048655615913,1.049696339501275,0.3149089018503825,0.007585033800245987,0.0007585033800245988,0.12760416666666666,0.0763888888888889,0.01283601795633634,0.0037480774852964613,0.5910000205039978
7,73,adaptive_crosssdc_cmr,hinge,1.0,0.01,0.6131875051392449,0.550243424044715,1.006300515598721,0.3018901546796163,0.008408583648916747,0.0008408583648916748,0.13194444444444445,0.06684027777777778,0.014562811288568709,0.003584495849079556,0.5929999947547913
7,74,adaptive_crosssdc_cmr,hinge,1.0,0.01,0.6041511164771186,0.5409741600354513,1.0055002636379666,0.30165007909138997,0.008488807051132122,0.0008488807051132123,0.13368055555555555,0.09375,0.01349232428603702,0.005077295419242647,0.5932499766349792
7,75,adaptive_crosssdc_cmr,hinge,1.0,0.01,0.6301607489585876,0.5848604639371237,1.0912486712137859,0.32737460136413576,0.006997427178753747,0.0006997427178753748,0.1154513888888889,0.09114583333333333,0.011312905699014664,0.004296760178274578,0.5914999842643738
7,76,adaptive_crosssdc_cmr,hinge,1.0,0.01,0.6067219972610474,0.5485640830463834,1.0212624139255948,0.3063787241776784,0.007686475343588326,0.0007686475343588327,0.11631944444444445,0.0720486111111111,0.012853833950228162,0.0037683438923623827,0.5922499895095825
7,77,adaptive_crosssdc_cmr,hinge,1.0,0.01,0.6101766890949674,0.556863096025255,1.026487648487091,0.3079462945461273,0.00714537022738821,0.000714537022738821,0.11631944444444445,0.0920138888888889,0.011247867511378394,0.004631031304597855,0.590499997138977
7,78,adaptive_crosssdc_cmr,hinge,1.0,0.01,0.6033942434522841,0.5485894878705343,1.0196331209606595,0.30588993628819783,0.0069724164592723055,0.0006972416459272306,0.11024305555555555,0.051215277777777776,0.012646227247185178,0.0023214208583037057,0.5922499895095825
7,79,adaptive_crosssdc_cmr,hinge,1.0,0.01,0.6036000914043851,0.5779644648234049,1.0403828422228496,0.31211485266685485,0.007411218713968992,0.0007411218713968993,0.11805555555555555,0.09375,0.011005428102281358,0.00503454315993521,0.5917500257492065
7,80,adaptive_crosssdc_cmr,hinge,1.0,0.01,0.5830551120969985,0.5446134010950724,0.9906330837143792,0.29718992511431375,0.0063171227359109456,0.0006317122735910946,0.0954861111111111,0.08246527777777778,0.009934584299723307,0.0037791054281923506,0.5912500023841858
7,81,adaptive_crosssdc_cmr,hinge,1.0,0.01,0.5984457532564799,0.5785531798998514,1.0382933484183416,0.31148800452550246,0.0067629563466956215,0.0006762956346695622,0.09722222222222222,0.08159722222222222,0.0112233091559675,0.003293561024798287,0.5897499918937683
7,82,adaptive_crosssdc_cmr,hinge,1.0,0.01,0.5816115736961365,0.5286340647273593,0.9960256020228068,0.29880768060684204,0.00632924413205021,0.000632924413205021,0.1171875,0.0798611111111111,0.010164367655913034,0.003747883356279797,0.593999981880188
7,83,adaptive_crosssdc_cmr,hinge,1.0,0.01,0.5869805216789246,0.5485971636242337,0.9985936482747396,0.2995780944824219,0.006841673489866985,0.0006841673489866985,0.12413194444444445,0.06510416666666667,0.01169696408841345,0.003238989661137263,0.5917500257492065
7,84,adaptive_crosssdc_cmr,hinge,1.0,0.01,0.5903420183393691,0.5422809057765536,1.0092804498142667,0.30278413494427997,0.005637036067330175,0.0005637036067330175,0.0842013888888889,0.08072916666666667,0.008594145791398155,0.003770302567217085,0.5947499871253967
7,85,adaptive_crosssdc_cmr,hinge,1.0,0.01,0.5923661589622498,0.5391012032826742,1.015264438258277,0.30457933147748306,0.006049231186302172,0.0006049231186302172,0.09895833333333333,0.06770833333333333,0.010371630390485128,0.0027345377537939283,0.59375
7,86,adaptive_crosssdc_cmr,hinge,1.0,0.01,0.6202914582358466,0.6079443428251479,1.0862101581361558,0.32586304744084676,0.006796119889865319,0.000679611988986532,0.11805555555555555,0.06510416666666667,0.01157528493139479,0.0028668733106719125,0.5892500281333923
7,87,adaptive_crosssdc_cmr,hinge,1.0,0.01,0.5907048516803317,0.5562751823001437,1.0087276299794514,0.3026182889938354,0.007300073487891091,0.0007300073487891091,0.1267361111111111,0.0876736111111111,0.01208004934920205,0.003791907181342443,0.5957499742507935
7,88,adaptive_crosssdc_cmr,hinge,1.0,0.01,0.5943635702133179,0.5652092827690972,1.003483447763655,0.30104503432909646,0.0064834976930999095,0.000648349769309991,0.10677083333333333,0.08680555555555555,0.009839703225427203,0.004118240541881985,0.5917500257492065
7,89,adaptive_crosssdc_cmr,hinge,1.0,0.01,0.5964924560652839,0.5666771862241957,1.028740147749583,0.3086220443248749,0.005654971943133407,0.0005654971943133408,0.09635416666666667,0.06684027777777778,0.00899100262257788,0.0035045635369088915,0.596750020980835
7,90,adaptive_crosssdc_cmr,hinge,1.0,0.01,0.5944102671411302,0.5735226935810513,1.023718575636546,0.30711557269096373,0.006333672389802005,0.0006333672389802006,0.11197916666666667,0.07552083333333333,0.010460378809107674,0.003427140000793669,0.5897499918937683
7,91,adaptive_crosssdc_cmr,hinge,1.0,0.01,0.587966157330407,0.5570538772477044,1.0021986034181383,0.3006595810254415,0.006621154128677315,0.0006621154128677316,0.1293402777777778,0.08072916666666667,0.011114939633342955,0.003463675164514118,0.5997499823570251
7,92,adaptive_crosssdc_cmr,hinge,1.0,0.01,0.5811160604159037,0.5609102911419339,0.9884184797604879,0.29652554392814634,0.004573725720143152,0.00045737257201431525,0.08072916666666667,0.07552083333333333,0.006760237117608388,0.0034195457895596824,0.5962499976158142
7,93,adaptive_crosssdc_cmr,hinge,1.0,0.01,0.5792959663603041,0.5468818479114108,0.9648514257536994,0.2894554277261098,0.0059636458237138056,0.0005963645823713806,0.0920138888888889,0.05381944444444445,0.009744513365957472,0.0029391791257593366,0.5924999713897705
7,94,adaptive_crosssdc_cmr,hinge,1.0,0.01,0.5888261331452264,0.5760054257180955,1.0157166189617581,0.30471498568852745,0.00589962332095537,0.000589962332095537,0.10503472222222222,0.0763888888888889,0.009395322865910001,0.00341830775141716,0.5960000157356262
7,95,adaptive_crosssdc_cmr,hinge,1.0,0.01,0.5932817326651679,0.5937290191650391,1.0369426144493952,0.31108278433481856,0.005477851825869746,0.0005477851825869746,0.09722222222222222,0.06163194444444445,0.00918187035454644,0.0028183402286635507,0.5947499871253967
7,96,adaptive_crosssdc_cmr,hinge,1.0,0.01,0.583003580570221,0.5737364888191223,1.0074827538596258,0.3022448261578877,0.006146459581537379,0.0006146459581537379,0.11284722222222222,0.07465277777777778,0.010217622750335269,0.0033905675841702353,0.5950000286102295
7,97,adaptive_crosssdc_cmr,hinge,1.0,0.01,0.5758858654234145,0.5774440103107028,1.0030059549543593,0.3009017864863078,0.005440584849566221,0.0005440584849566221,0.08940972222222222,0.0685763888888889,0.00878244431482421,0.0030499969919522605,0.596750020980835
7,98,adaptive_crosssdc_cmr,hinge,1.0,0.01,0.5864533848232694,0.5943867895338271,1.0528348949220445,0.31585046847661336,0.00392839854531404,0.00039283985453140405,0.07899305555555555,0.059027777777777776,0.006345525797870424,0.0024458381036917367,0.5962499976158142
7,99,adaptive_crosssdc_cmr,hinge,1.0,0.01,0.5749157468477885,0.5759653184149001,1.0232406589719985,0.3069721976915995,0.004942477021055917,0.0004942477021055917,0.0685763888888889,0.06770833333333333,0.007775706549485524,0.0030861033333672416,0.5979999899864197
7,100,adaptive_crosssdc_cmr,hinge,1.0,0.01,0.5839795139100816,0.6085085935062833,1.046595083342658,0.3139785250027974,0.0032717769887919226,0.00032717769887919226,0.0703125,0.06597222222222222,0.005158405750989914,0.002610524081521564,0.597000002861023
7,101,adaptive_crosssdc_cmr,hinge,1.0,0.01,0.587851173347897,0.6198777357737223,1.0444403224521213,0.3133320967356364,0.005253693269979622,0.0005253693269979623,0.09461805555555555,0.07118055555555555,0.008670960863431295,0.003078836119837231,0.5964999794960022
7,102,adaptive_crosssdc_cmr,hinge,1.0,0.01,0.5751456485854255,0.5713979005813599,0.9967816273371378,0.2990344882011413,0.0052095382577843135,0.0005209538257784314,0.07378472222222222,0.0720486111111111,0.007981845902072059,0.0032869771950774724,0.5932499766349792
7,103,adaptive_crosssdc_cmr,hinge,1.0,0.01,0.5729222430123223,0.5659533937772115,0.9872306519084506,0.2961691955725352,0.0045259247482236885,0.00045259247482236885,0.09288194444444445,0.06597222222222222,0.007837530225515366,0.0023838902513186135,0.5960000157356262
7,104,adaptive_crosssdc_cmr,hinge,1.0,0.01,0.5788843565517001,0.5706477165222168,0.9880911310513815,0.29642733931541443,0.0053862773347646,0.00053862773347646,0.07899305555555555,0.08246527777777778,0.008087902019421259,0.0037181878255473245,0.5960000157356262
7,105,adaptive_crosssdc_cmr,hinge,1.0,0.01,0.5806548065609403,0.5862053036689758,1.0101516842842102,0.30304550528526303,0.004616900269563,0.0004616900269563,0.08072916666666667,0.06336805555555555,0.007688524408472909,0.0025877004696263205,0.5917500257492065
7,106,adaptive_crosssdc_cmr,hinge,1.0,0.01,0.5953285429212782,0.6102934016121758,1.0408781899346247,0.3122634569803874,0.005389595792318384,0.0005389595792318385,0.09027777777777778,0.05555555555555555,0.009546883404254913,0.0020958640509181553,0.5960000157356262
7,107,adaptive_crosssdc_cmr,hinge,1.0,0.01,0.5826205677456326,0.5706090595987108,0.9875472187995911,0.2962641656398773,0.005603587125531501,0.0005603587125531501,0.09722222222222222,0.06076388888888889,0.009264163259002898,0.002672987679640452,0.5947499871253967
7,108,adaptive_crosssdc_cmr,hinge,1.0,0.01,0.5984510978062948,0.5768809252315097,0.9912798669603136,0.29738396008809403,0.006093497646765577,0.0006093497646765577,0.109375,0.08072916666666667,0.009918235656287935,0.003656020594967736,0.5927500128746033
7,109,adaptive_crosssdc_cmr,hinge,1.0,0.01,0.6162573562728034,0.6095237268341912,1.0432910786734686,0.31298732360204057,0.00675902608782053,0.000675902608782053,0.12152777777777778,0.08680555555555555,0.010380393101109399,0.004701683918635051,0.5920000076293945
7,110,adaptive_crosssdc_cmr,hinge,1.0,0.01,0.5988216002782186,0.5967170662350125,1.0090070830451117,0.3027021249135335,0.005956407222482894,0.0005956407222482894,0.1015625,0.07291666666666667,0.009279242820209928,0.003655896418624454,0.5947499871253967
7,111,adaptive_crosssdc_cmr,hinge,1.0,0.01,0.6047262019581265,0.6270683142873976,1.053456339571211,0.3160369018713633,0.006023628999375635,0.0006023628999375635,0.0920138888888889,0.0703125,0.008709514306651222,0.004426984737316768,0.597000002861023
7,112,adaptive_crosssdc_cmr,hinge,1.0,0.01,0.6195496519406637,0.5961832271681892,1.0198980900976393,0.3059694270292918,0.009764130072047314,0.0009764130072047314,0.13020833333333334,0.07899305555555555,0.015474357538753085,0.004623836941189236,0.5932499766349792
7,113,adaptive_crosssdc_cmr,hinge,1.0,0.01,0.6365250812636482,0.620529916551378,1.0515034331215753,0.3154510299364726,0.00613851012248132,0.0006138510122481321,0.09288194444444445,0.08072916666666667,0.008848951094680362,0.004330246398846309,0.5960000157356262
7,114,adaptive_crosssdc_cmr,hinge,1.0,0.01,0.5995977256033156,0.5685204267501831,0.9684632155630324,0.2905389646689097,0.007323961886059906,0.0007323961886059907,0.12152777777777778,0.07118055555555555,0.01121942036681705,0.0042205225262377,0.5962499976158142
7,115,adaptive_crosssdc_cmr,hinge,1.0,0.01,0.604352182812161,0.604128532939487,1.0281374984317355,0.3084412495295206,0.005444696535252863,0.0005444696535252863,0.09461805555555555,0.0842013888888889,0.007551179163985782,0.004785760823223326,0.597000002861023
7,116,adaptive_crosssdc_cmr,hinge,1.0,0.01,0.5878335303730435,0.5993184248606364,1.0104604694578383,0.30313814083735147,0.004538102308288217,0.0004538102308288217,0.08072916666666667,0.059895833333333336,0.007129626969496409,0.0028455170492331185,0.5952500104904175
7,117,adaptive_crosssdc_cmr,hinge,1.0,0.01,0.5921071900261773,0.6075128184424506,1.0266086128022935,0.30798258384068805,0.005360377305704687,0.0005360377305704687,0.0842013888888889,0.06944444444444445,0.008065859890646405,0.003672524872753355,0.5952500104904175
7,118,adaptive_crosssdc_cmr,hinge,1.0,0.01,0.5668150517675612,0.5587763455179002,0.9441545870569017,0.2832463761170705,0.004360567442037993,0.0004360567442037993,0.0798611111111111,0.0642361111111111,0.006451626618703206,0.0032416615221235487,0.5910000205039978
7,119,adaptive_crosssdc_cmr,hinge,1.0,0.01,0.5733655028873019,0.5719406074947782,0.9549322326978048,0.2864796698093414,0.0062440005131065845,0.0006244000513106585,0.08940972222222222,0.059027777777777776,0.010125307987133661,0.0029828486343224845,0.597000002861023
7,120,adaptive_crosssdc_cmr,hinge,1.0,0.01,0.5809408028920492,0.5922275847858853,0.9917984737290276,0.29753954211870826,0.005087599080676834,0.0005087599080676835,0.09027777777777778,0.0685763888888889,0.008296736412578158,0.0029965154826641083,0.5920000076293945
7,121,adaptive_crosssdc_cmr,hinge,1.0,0.01,0.5778293410936991,0.5874065293206109,0.9802729421191745,0.29408188263575236,0.005066112977349096,0.0005066112977349097,0.07291666666666667,0.05642361111111111,0.007936689588758681,0.0028908737003803253,0.5985000133514404
7,122,adaptive_crosssdc_cmr,hinge,1.0,0.01,0.5718496441841125,0.5912518699963888,0.9798482987615798,0.2939544896284739,0.005432702937266893,0.0005432702937266893,0.09375,0.08159722222222222,0.007969775547583898,0.004082364754544364,0.5942500233650208
7,123,adaptive_crosssdc_cmr,hinge,1.0,0.01,0.5831464727719625,0.6130680243174235,1.0301063193215265,0.30903189579645796,0.004118894899470938,0.0004118894899470939,0.07378472222222222,0.05642361111111111,0.006519207937849892,0.0025084950029850006,0.596750020980835
7,124,adaptive_crosssdc_cmr,hinge,1.0,0.01,0.5826265017191569,0.6295632852448357,1.02737691005071,0.308213073015213,0.0036910302264408935,0.00036910302264408937,0.06510416666666667,0.07725694444444445,0.004818141046497557,0.0036518192953533595,0.5982499718666077
7,125,adaptive_crosssdc_cmr,hinge,1.0,0.01,0.5693764487902323,0.5859954820738899,0.9933864408069186,0.29801593224207557,0.003735707374289632,0.0003735707374289632,0.06770833333333333,0.05555555555555555,0.005921141554911931,0.0024313504497210183,0.5979999899864197
7,126,adaptive_crosssdc_cmr,hinge,1.0,0.01,0.5780538254313998,0.6029014454947578,1.011174201965332,0.3033522605895996,0.004422356891963217,0.0004422356891963218,0.0798611111111111,0.06684027777777778,0.006192163460784488,0.003511387440893385,0.59375
7,127,adaptive_crosssdc_cmr,hinge,1.0,0.01,0.57113649447759,0.597165154086219,0.9925515320565965,0.2977654596169789,0.004995775952314337,0.0004995775952314337,0.08159722222222222,0.06944444444444445,0.007781775875224007,0.0031421660549110835,0.596750020980835
7,128,adaptive_crosssdc_cmr,hinge,1.0,0.01,0.5790870388348898,0.6075976490974426,1.0186306436856587,0.3055891931056976,0.004387336705500881,0.00043873367055008813,0.078125,0.06076388888888889,0.006283968273136351,0.0034605111512872907,0.596750020980835
7,129,adaptive_crosssdc_cmr,hinge,1.0,0.01,0.5996844040022956,0.6349554856618246,1.0422373745176527,0.3126712123552958,0.004217831327372955,0.00042178313273729556,0.0954861111111111,0.0625,0.006561737921502855,0.003058716654777527,0.5979999899864197
7,130,adaptive_crosssdc_cmr,hinge,1.0,0.01,0.5881059169769287,0.5942974156803555,0.9752453830507066,0.292573614915212,0.0052840372081846,0.00052840372081846,0.0876736111111111,0.0720486111111111,0.007324537883202235,0.004147021306885613,0.5927500128746033
7,131,adaptive_crosssdc_cmr,hinge,1.0,0.01,0.6100239753723145,0.6293560928768582,1.0232691566149394,0.3069807469844818,0.005407080338853929,0.000540708033885393,0.0998263888888889,0.078125,0.007374739481343163,0.004468516757090886,0.597000002861023
7,132,adaptive_crosssdc_cmr,hinge,1.0,0.01,0.5751528342564901,0.5987077156702677,0.9882208506266276,0.29646625518798825,0.004276018279294173,0.00042760182792941735,0.07725694444444445,0.06684027777777778,0.0065899499588542515,0.0029144494069947135,0.5982499718666077
7,133,adaptive_crosssdc_cmr,hinge,1.0,0.01,0.582271847460005,0.6108576059341431,1.0191942320929632,0.30575826962788893,0.004399808666979273,0.0004399808666979273,0.08246527777777778,0.059895833333333336,0.006779735700951682,0.0028348929352230495,0.5997499823570251
7,134,adaptive_crosssdc_cmr,hinge,1.0,0.01,0.5562981632020738,0.584742632177141,0.9789038830333285,0.29367116490999856,0.0038427394659568868,0.0003842739465956887,0.0685763888888889,0.057291666666666664,0.0057892998059590655,0.0027854148712423113,0.5957499742507935
7,135,adaptive_crosssdc_cmr,hinge,1.0,0.01,0.5516499876976013,0.5881952246030172,0.980536162853241,0.29416084885597227,0.003131437943213516,0.00031314379432135163,0.06684027777777778,0.05295138888888889,0.005145979010396534,0.001975351737605201,0.6004999876022339
7,136,adaptive_crosssdc_cmr,hinge,1.0,0.01,0.5584806336296929,0.6108665201399062,1.0161879592471652,0.30485638777414953,0.0024782727187913326,0.00024782727187913324,0.059027777777777776,0.049479166666666664,0.003655826465951072,0.002235300838947296,0.5997499823570251
7,137,adaptive_crosssdc_cmr,hinge,1.0,0.01,0.5465680427021451,0.5937351518207126,0.9753753344217936,0.2926126003265381,0.003558198352240854,0.0003558198352240854,0.0685763888888889,0.051215277777777776,0.00574273450507058,0.0021642583111921945,0.5962499976158142
7,138,adaptive_crosssdc_cmr,hinge,1.0,0.01,0.5561186141437955,0.6305646035406325,1.0065454443295796,0.3019636332988739,0.0036346358247101307,0.0003634635824710131,0.059027777777777776,0.057291666666666664,0.004995026936133702,0.0028461342056592307,0.5989999771118164
7,139,adaptive_crosssdc_cmr,hinge,1.0,0.01,0.5495069556766086,0.604270683394538,0.9795775148603652,0.2938732544581095,0.0028796632282642853,0.0002879663228264285,0.059895833333333336,0.05295138888888889,0.00400378265314632,0.0024993320306142173,0.5989999771118164
7,140,adaptive_crosssdc_cmr,hinge,1.0,0.01,0.5664814511934916,0.6227438052495321,1.010275661945343,0.30308269858360287,0.004104987679359813,0.0004104987679359813,0.0720486111111111,0.05555555555555555,0.005782549993859397,0.003106745166911019,0.6000000238418579
7,141,adaptive_crosssdc_cmr,hinge,1.0,0.01,0.5675917069117228,0.6324384212493896,1.0176186627811856,0.3052855988343557,0.0034452110735906493,0.000344521107359065,0.078125,0.05295138888888889,0.005290806293487549,0.002564155807097753,0.5962499976158142
7,142,adaptive_crosssdc_cmr,hinge,1.0,0.01,0.5734871427218119,0.62720744477378,1.0170873800913494,0.3051262140274048,0.0031888779873649278,0.0003188877987364928,0.0685763888888889,0.04861111111111111,0.004925061017274857,0.002202203704251183,0.5964999794960022
7,143,adaptive_crosssdc_cmr,hinge,1.0,0.01,0.597038189570109,0.6637790335549248,1.0454817348056369,0.31364452044169105,0.0052719937327007456,0.0005271993732700746,0.09722222222222222,0.0703125,0.007392004960113102,0.004144393735461765,0.5982499718666077
7,144,adaptive_crosssdc_cmr,hinge,1.0,0.01,0.6059834890895419,0.6169258753458658,0.9767231874995761,0.29301695624987284,0.008876236957601376,0.0008876236957601376,0.1267361111111111,0.08072916666666667,0.013916727983289294,0.004737607720825408,0.5962499976158142
7,145,adaptive_crosssdc_cmr,hinge,1.0,0.01,0.6149188147650825,0.6287273897065057,1.0295639700359769,0.3088691910107931,0.008577086083177064,0.0008577086083177064,0.1267361111111111,0.08246527777777778,0.012770060863759782,0.005328617990016937,0.6012499928474426
7,146,adaptive_crosssdc_cmr,hinge,1.0,0.01,0.6053287121984694,0.6432100733121237,1.0379072295294867,0.311372168858846,0.005730621439094345,0.0005730621439094345,0.0998263888888889,0.078125,0.00808027552233802,0.004398343463738759,0.5924999713897705
7,147,adaptive_crosssdc_cmr,hinge,1.0,0.01,0.581243654092153,0.5752548376719157,0.9493685099813673,0.2848105529944102,0.005268684226191706,0.0005268684226191707,0.08940972222222222,0.06597222222222222,0.007739938795566559,0.0036600737108124625,0.6019999980926514
7,148,adaptive_crosssdc_cmr,hinge,1.0,0.01,0.584309266673194,0.612049380938212,0.9829811983638339,0.29489435950915016,0.005226146145206358,0.0005226146145206359,0.08506944444444445,0.08246527777777778,0.006533329271607929,0.005037125613954332,0.5964999794960022
7,149,adaptive_crosssdc_cmr,hinge,1.0,0.01,0.5888208018408881,0.6238193313280741,1.02175549003813,0.306526647011439,0.0046926152685450185,0.00046926152685450187,0.078125,0.06684027777777778,0.006490348527828853,0.0037585943937301636,0.5985000133514404
7,150,adaptive_crosssdc_cmr,hinge,1.0,0.01,0.5573850605222914,0.5995045635435317,0.9733711017502679,0.2920113305250803,0.0038831070479419497,0.000388310704794195,0.0703125,0.05555555555555555,0.005771896491448085,0.0028346371319558886,0.596750020980835
7,151,adaptive_crosssdc_cmr,hinge,1.0,0.01,0.5552023119396634,0.605008045832316,0.9885589347945319,0.29656768043835957,0.0033264278899878263,0.00033264278899878267,0.06336805555555555,0.05381944444444445,0.004922887103425132,0.002445913851261139,0.5992500185966492
7,152,adaptive_crosssdc_cmr,hinge,1.0,0.01,0.5443318684895834,0.61634804142846,0.9866774015956454,0.2960032204786936,0.0025213577965688375,0.00025213577965688377,0.049479166666666664,0.04600694444444445,0.0039288099441263415,0.0017450708482000562,0.5995000004768372
7,153,adaptive_crosssdc_cmr,hinge,1.0,0.01,0.5334744850794474,0.5994733505778842,0.9732115003797743,0.29196345011393227,0.002515269753833612,0.00025152697538336123,0.052083333333333336,0.050347222222222224,0.003900596665011512,0.0018647222055329217,0.5979999899864197
7,154,adaptive_crosssdc_cmr,hinge,1.0,0.01,0.523914098739624,0.5916993618011475,0.9451969597074721,0.2835590879122416,0.002305086598628097,0.00023050865986280972,0.049479166666666664,0.04774305555555555,0.003188368346956041,0.0020834356546401978,0.5979999899864197
7,155,adaptive_crosssdc_cmr,hinge,1.0,0.01,0.5418093138270907,0.6149283316400316,1.0020198027292888,0.3006059408187866,0.0028065788663095897,0.000280657886630959,0.06336805555555555,0.058159722222222224,0.00438307598233223,0.0020233256121476493,0.5979999899864197
7,156,adaptive_crosssdc_cmr,hinge,1.0,0.01,0.5430593093236288,0.6273098124398125,1.013818131552802,0.3041454394658406,0.001881123999030226,0.0001881123999030226,0.049479166666666664,0.03819444444444445,0.0030598855680889553,0.001455436564154095,0.5992500185966492
7,157,adaptive_crosssdc_cmr,hinge,1.0,0.01,0.5386185712284512,0.6183875997861227,0.9975554015901353,0.2992666204770406,0.002020195204143723,0.0002020195204143723,0.03298611111111111,0.05642361111111111,0.0019737225439813402,0.002840144766701592,0.5972499847412109
7,158,adaptive_crosssdc_cmr,hinge,1.0,0.01,0.5352480875121223,0.6213506062825521,0.9923962553342184,0.2977188766002655,0.001943241138683839,0.0001943241138683839,0.044270833333333336,0.049479166666666664,0.0030850648052162593,0.0016404626270135243,0.5995000004768372
7,159,adaptive_crosssdc_cmr,hinge,1.0,0.01,0.5490111973550584,0.6543821493784586,1.0333878066804674,0.3100163420041402,0.0022864340830387343,0.00022864340830387343,0.04600694444444445,0.051215277777777776,0.0034845537609524196,0.0017317798402574328,0.5979999899864197
7,160,adaptive_crosssdc_cmr,hinge,1.0,0.01,0.5486000776290894,0.6561693615383573,1.0230762892299228,0.30692288676897683,0.002274099620990455,0.00022740996209904554,0.06510416666666667,0.04513888888888889,0.0035840595761934915,0.0018602435787518818,0.5982499718666077
7,161,adaptive_crosssdc_cmr,hinge,1.0,0.01,0.531465662850274,0.6319095624817742,0.9839586814244589,0.29518760442733766,0.002479941403079364,0.0002479941403079364,0.05295138888888889,0.046875,0.003698459102047814,0.0019453598393334283,0.5989999771118164
7,162,adaptive_crosssdc_cmr,hinge,1.0,0.01,0.543408559428321,0.647430936495463,1.0242497192488775,0.30727491577466326,0.0019118962874118653,0.00019118962874118653,0.04513888888888889,0.050347222222222224,0.0024211539162529837,0.0021162997517320844,0.6004999876022339
7,163,adaptive_crosssdc_cmr,hinge,1.0,0.01,0.5309638977050781,0.6073801981078254,0.9767169223891364,0.29301507671674093,0.002580608972089572,0.0002580608972089572,0.057291666666666664,0.050347222222222224,0.0036644856962892744,0.002232077634996838,0.5997499823570251
7,164,adaptive_crosssdc_cmr,hinge,1.0,0.01,0.5281379024187723,0.6108191079563565,0.9647984902064005,0.28943954706192015,0.0023844208270828757,0.00023844208270828757,0.06336805555555555,0.042534722222222224,0.0035327387352784476,0.0020639217562145656,0.5987499952316284
7,165,adaptive_crosssdc_cmr,hinge,1.0,0.01,0.5328897701369392,0.6130362020598518,0.9619740843772888,0.2885922253131866,0.0027047201421939665,0.00027047201421939666,0.058159722222222224,0.043402777777777776,0.004078353030814065,0.0018936735060479906,0.5975000262260437
7,166,adaptive_crosssdc_cmr,hinge,1.0,0.01,0.5415977305836148,0.619091682963901,0.9763628906673856,0.29290886720021564,0.0031065504816878173,0.00031065504816878175,0.06597222222222222,0.051215277777777776,0.004579573455784056,0.002478118571970198,0.6007500290870667
7,167,adaptive_crosssdc_cmr,hinge,1.0,0.01,0.5682691997951932,0.6432864533530341,1.023083594110277,0.30692507823308307,0.003389291853333513,0.0003389291853333513,0.078125,0.050347222222222224,0.005458937750922309,0.0021650799446635777,0.5982499718666077
7,168,adaptive_crosssdc_cmr,hinge,1.0,0.01,0.5598189499643114,0.6551929844750298,0.9991981718275282,0.29975945154825845,0.003142116604269379,0.0003142116604269379,0.0720486111111111,0.05642361111111111,0.004231380091773139,0.0029943548142910004,0.6002500057220459
7,169,adaptive_crosssdc_cmr,hinge,1.0,0.01,0.5578830771976047,0.625280413362715,0.9881815645429823,0.2964544693628947,0.0040098928277277285,0.0004009892827727729,0.08246527777777778,0.07118055555555555,0.005614833699332343,0.0034261850847138297,0.5952500104904175
7,170,adaptive_crosssdc_cmr,hinge,1.0,0.01,0.5774999128447639,0.622976647482978,0.9942187998029921,0.2982656399408976,0.0054258793954634005,0.0005425879395463401,0.09027777777777778,0.07465277777777778,0.007413647654983733,0.0041481318573156995,0.6019999980926514
7,171,adaptive_crosssdc_cmr,hinge,1.0,0.01,0.5774094992213779,0.6152835951911079,0.9655749268001981,0.2896724780400594,0.005441738447795312,0.0005441738447795312,0.09114583333333333,0.07552083333333333,0.007136833336618211,0.004748777796824773,0.6012499928474426
7,172,adaptive_crosssdc_cmr,hinge,1.0,0.01,0.576639453570048,0.616214394569397,0.961889902750651,0.2885669708251953,0.0046843911210695905,0.0004684391121069591,0.0954861111111111,0.0546875,0.007447280403640535,0.002854910989602407,0.6010000109672546
7,173,adaptive_crosssdc_cmr,hinge,1.0,0.01,0.575353033012814,0.6268031266000536,0.9837300512525771,0.2951190153757731,0.003874551478980316,0.0003874551478980316,0.07552083333333333,0.05381944444444445,0.00566263207130962,0.002875611186027527,0.6029999852180481
7,174,adaptive_crosssdc_cmr,hinge,1.0,0.01,0.5715810259183248,0.6386523577902052,0.990127444267273,0.29703823328018186,0.004153218314362069,0.0004153218314362069,0.07552083333333333,0.0720486111111111,0.0058520059618684984,0.0035514276888635424,0.5952500104904175
7,175,adaptive_crosssdc_cmr,hinge,1.0,0.01,0.565642363495297,0.6421023011207581,0.9997002813551161,0.2999100844065348,0.0032961248394308817,0.0003296124839430882,0.0703125,0.06163194444444445,0.004585126207934486,0.00292050838470459,0.6007500290870667
7,176,adaptive_crosssdc_cmr,hinge,1.0,0.01,0.544249071015252,0.6272186305787828,0.9740085403124491,0.29220256209373474,0.0031023198195422688,0.0003102319819542269,0.06944444444444445,0.0546875,0.004732086012760798,0.002294025487369961,0.6022499799728394
7,177,adaptive_crosssdc_cmr,hinge,1.0,0.01,0.5550809237692091,0.6440173784891764,1.0170131127039592,0.3051039338111878,0.002225614618510008,0.0002225614618510008,0.058159722222222224,0.04861111111111111,0.003415637132194307,0.001891714831193288,0.5985000133514404
7,178,adaptive_crosssdc_cmr,hinge,1.0,0.01,0.5533833106358846,0.6551438040203519,1.0324629412757025,0.30973888238271075,0.0023808849800843745,0.00023808849800843745,0.04861111111111111,0.051215277777777776,0.0032153059211042193,0.0022557655142413247,0.6025000214576721
7,179,adaptive_crosssdc_cmr,hinge,1.0,0.01,0.5261729756991068,0.6231872902976142,0.9691293835639954,0.2907388150691986,0.0018409208472197254,0.00018409208472197256,0.043402777777777776,0.04861111111111111,0.002658355567190382,0.0017788178390926784,0.5989999771118164
7,180,adaptive_crosssdc_cmr,hinge,1.0,0.01,0.5304819941520691,0.6211593151092529,0.9774752656618754,0.2932425796985626,0.0022673881871418822,0.00022673881871418822,0.0546875,0.05295138888888889,0.002632316615846422,0.0026573087606165144,0.6019999980926514
7,181,adaptive_crosssdc_cmr,hinge,1.0,0.01,0.5218131144841512,0.6253590186436971,0.9672070079379611,0.29016210238138834,0.002040945769598087,0.0002040945769598087,0.05295138888888889,0.04513888888888889,0.0028734699719482,0.001887094643380907,0.5995000004768372
7,182,adaptive_crosssdc_cmr,hinge,1.0,0.01,0.5419604049788581,0.656488319238027,1.0205728477901883,0.30617185433705646,0.0016203740508192116,0.00016203740508192118,0.049479166666666664,0.03993055555555555,0.002302462855974833,0.0016595352854993609,0.6002500057220459
7,183,adaptive_crosssdc_cmr,hinge,1.0,0.01,0.5331189499961005,0.6582446959283617,0.9950082235866122,0.29850246707598366,0.0017841182416304946,0.00017841182416304948,0.0390625,0.04513888888888889,0.002509653154346678,0.0016297677324877845,0.6002500057220459
7,184,adaptive_crosssdc_cmr,hinge,1.0,0.01,0.537013464503818,0.6453155212932162,1.0183743635813396,0.30551230907440186,0.002081674420171314,0.0002081674420171314,0.051215277777777776,0.04861111111111111,0.0026883118682437474,0.002273932099342346,0.6025000214576721
7,185,adaptive_crosssdc_cmr,hinge,1.0,0.01,0.5182943012979295,0.6102892491552565,0.9670985672208998,0.29012957016626995,0.0015730351571821505,0.00015730351571821506,0.043402777777777776,0.04774305555555555,0.001987950255473455,0.0019286125898361206,0.5987499952316284
7,186,adaptive_crosssdc_cmr,hinge,1.0,0.01,0.5313895278506808,0.6448624730110168,0.9984853797488742,0.2995456139246622,0.0014579286540134086,0.00014579286540134087,0.04600694444444445,0.041666666666666664,0.0023262666331397164,0.0013871913154919941,0.6027500033378601
7,187,adaptive_crosssdc_cmr,hinge,1.0,0.01,0.5109075837665134,0.6054059200816684,0.9433393544620938,0.28300180633862815,0.001832289414273368,0.00018322894142733682,0.042534722222222224,0.04513888888888889,0.0025608523024453055,0.0017955555684036678,0.597000002861023
7,188,adaptive_crosssdc_cmr,hinge,1.0,0.01,0.5262568791707357,0.643481108877394,0.9887307153807746,0.29661921461423235,0.0016674920787206953,0.00016674920787206955,0.049479166666666664,0.041666666666666664,0.002347673392958111,0.001713600837522083,0.5992500185966492
7,189,adaptive_crosssdc_cmr,hinge,1.0,0.01,0.534164720111423,0.660136772526635,1.0071925454669528,0.30215776364008584,0.0015263659103463094,0.00015263659103463095,0.043402777777777776,0.046875,0.0020251398285230002,0.001756417668528027,0.6014999747276306
7,190,adaptive_crosssdc_cmr,hinge,1.0,0.01,0.540491865740882,0.653685814804501,1.0261404116948445,0.30784212350845336,0.0017396415221608346,0.00017396415221608346,0.052083333333333336,0.044270833333333336,0.0023513101041316986,0.001840622474749883,0.6004999876022339
7,191,adaptive_crosssdc_cmr,hinge,1.0,0.01,0.5161835120783912,0.6220083435376486,0.9631126721700033,0.28893380165100097,0.0015727245287659268,0.0001572724528765927,0.04079861111111111,0.034722222222222224,0.00222009668747584,0.0014535308712058598,0.5997499823570251
7,192,adaptive_crosssdc_cmr,hinge,1.0,0.01,0.5175381302833557,0.6253977219263712,0.970815380414327,0.2912446141242981,0.0016572615131735802,0.00016572615131735802,0.04774305555555555,0.049479166666666664,0.0022147169543637168,0.0018659660385714637,0.6017500162124634
7,193,adaptive_crosssdc_cmr,hinge,1.0,0.01,0.5121609369913737,0.6098415123091804,0.9537531203693814,0.28612593611081444,0.0012975534741094129,0.0001297553474109413,0.043402777777777776,0.04079861111111111,0.00172079602877299,0.001566100451681349,0.5997499823570251
7,194,adaptive_crosssdc_cmr,hinge,1.0,0.01,0.5275855859120687,0.6459331843588088,1.0013902849621243,0.30041708548863727,0.001619500748347491,0.0001619500748347491,0.044270833333333336,0.04079861111111111,0.002296842634677887,0.001669785628716151,0.6010000109672546
7,195,adaptive_crosssdc_cmr,hinge,1.0,0.01,0.5086814529365964,0.6108171741167704,0.9392421311802335,0.28177263935407004,0.001676251439170705,0.0001676251439170705,0.050347222222222224,0.03993055555555555,0.002333117855919732,0.0017112385895517138,0.6002500057220459
7,196,adaptive_crosssdc_cmr,hinge,1.0,0.01,0.5196910169389513,0.6263719267315335,0.9722513755162557,0.29167541265487673,0.001550391930828078,0.00015503919308280782,0.04600694444444445,0.046875,0.0020392508142524296,0.0018367274767822689,0.6019999980926514
7,197,adaptive_crosssdc_cmr,hinge,1.0,0.01,0.5340799887975057,0.6621748805046082,1.012575281990899,0.3037725845972697,0.0017211370221856567,0.00017211370221856568,0.05555555555555555,0.046875,0.00256876978609297,0.0017411419086986119,0.6019999980926514
7,198,adaptive_crosssdc_cmr,hinge,1.0,0.01,0.5233294500244988,0.6333611541324191,0.9780834118525187,0.2934250235557556,0.0015254516620188951,0.00015254516620188951,0.041666666666666664,0.04513888888888889,0.0016736143993006812,0.0020350408222940234,0.6037499904632568
7,199,adaptive_crosssdc_cmr,hinge,1.0,0.01,0.5219356483883328,0.6268531216515435,0.968986862235599,0.2906960586706797,0.001479404389909986,0.0001479404389909986,0.043402777777777776,0.042534722222222224,0.0016973871323797437,0.0019838487108548484,0.6017500162124634
8,0,adaptive_crosssdc_cmr,hinge,1.0,0.01,3.139128976398044,0.5094428029325273,1.1897438632117376,0.3569231589635213,0.5703469183709886,0.05703469183709886,0.8663194444444444,0.6328125,0.9452520741356744,0.1776660175787078,0.5184444189071655
8,1,adaptive_crosssdc_cmr,hinge,1.0,0.01,2.099551624721951,0.46283138460583156,1.1138852569792006,0.33416557709376016,0.4363769855764177,0.04363769855764177,0.9739583333333334,0.5972222222222222,0.7446415457460616,0.12268485128879547,0.5366666913032532
8,2,adaptive_crosssdc_cmr,hinge,1.0,0.01,1.67122569349077,0.3691328962643941,1.0607182052400377,0.3182154615720113,0.18827522132131788,0.01882752213213179,0.8454861111111112,0.6206597222222222,0.26953862773047554,0.11222836871941884,0.5366666913032532
8,3,adaptive_crosssdc_cmr,hinge,1.0,0.01,1.4749620887968276,0.353036771217982,1.0618647336959839,0.3185594201087952,0.1509757356511222,0.015097573565112222,0.8420138888888888,0.6440972222222222,0.20296396646234724,0.10737739337815179,0.5460000038146973
8,4,adaptive_crosssdc_cmr,hinge,1.0,0.01,1.3315378030141194,0.38518815901544357,1.0584806468751695,0.31754419406255086,0.13147895286480585,0.013147895286480586,0.7960069444444444,0.6414930555555556,0.1626691222190857,0.11007784058650334,0.5424444675445557
8,5,adaptive_crosssdc_cmr,hinge,1.0,0.01,1.216379655732049,0.3526618679364522,1.021668599711524,0.3065005799134572,0.12291024873654048,0.01229102487365405,0.7317708333333334,0.6440972222222222,0.1394251303540336,0.11347198320759667,0.5377777814865112
8,6,adaptive_crosssdc_cmr,hinge,1.0,0.01,1.1404678689108954,0.3672407335705227,1.0112147728602092,0.3033644318580628,0.11929311354955037,0.011929311354955037,0.7491319444444444,0.6171875,0.13639678226576912,0.10938074274195565,0.542888879776001
8,7,adaptive_crosssdc_cmr,hinge,1.0,0.01,1.07347575823466,0.3838682638274299,1.0088862246937222,0.3026658674081167,0.09643932680288951,0.009643932680288951,0.7213541666666666,0.5859375,0.11351537704467773,0.08799726433224148,0.5413333177566528
8,8,adaptive_crosssdc_cmr,hinge,1.0,0.01,1.0530614190631442,0.4162454671329922,1.0727582110299005,0.32182746330897016,0.0914049885339207,0.009140498853392071,0.6857638888888888,0.546875,0.10500051495101717,0.08687303380833732,0.5397777557373047
8,9,adaptive_crosssdc_cmr,hinge,1.0,0.01,1.0175540049870808,0.4187418917814891,1.0934081739849515,0.3280224521954854,0.0854073961575826,0.00854073961575826,0.7126736111111112,0.5338541666666666,0.0959119622906049,0.08327061765723759,0.5393333435058594
8,10,adaptive_crosssdc_cmr,hinge,1.0,0.01,0.9693527022997538,0.3992978003289964,1.0373766952090793,0.31121300856272377,0.08103988981909221,0.008103988981909222,0.6493055555555556,0.5425347222222222,0.08591730230384403,0.08444175786442226,0.5402222275733948
8,11,adaptive_crosssdc_cmr,hinge,1.0,0.01,0.9408633576499091,0.4062949518362681,1.0509789519839816,0.3152936855951945,0.0766856571038564,0.0076685657103856405,0.6458333333333334,0.4895833333333333,0.09080375896559821,0.0704756188723776,0.5382221937179565
8,12,adaptive_crosssdc_cmr,hinge,1.0,0.01,0.9021623134613037,0.4069530897670322,1.0137072669135199,0.30411218007405594,0.07107948056525654,0.007107948056525654,0.6267361111111112,0.4496527777777778,0.08425897442632252,0.06524476615919007,0.5391111373901367
8,13,adaptive_crosssdc_cmr,hinge,1.0,0.01,0.8901154531372918,0.4267836742930942,1.0435749822192721,0.31307249466578163,0.060689875649081335,0.006068987564908134,0.5980902777777778,0.4375,0.07255368348624971,0.05610166738430659,0.5404444336891174
8,14,adaptive_crosssdc_cmr,hinge,1.0,0.01,0.8725363810857137,0.415984935230679,1.0624625153011746,0.3187387545903524,0.05977375929554304,0.005977375929554304,0.5928819444444444,0.4140625,0.07637509289715025,0.050577501869863935,0.542888879776001
8,15,adaptive_crosssdc_cmr,hinge,1.0,0.01,0.8427559865845574,0.4071412980556488,1.0035866300264995,0.30107598900794985,0.05329113288058175,0.005329113288058175,0.5460069444444444,0.3932291666666667,0.06585158242119683,0.04761382730470763,0.5424444675445557
8,16,adaptive_crosssdc_cmr,hinge,1.0,0.01,0.8175383143954806,0.41837458809216815,0.9943064583672417,0.2982919375101725,0.05204503900474972,0.0052045039004749724,0.5321180555555556,0.4166666666666667,0.06690604322486454,0.04410942933625645,0.5433333516120911
8,17,adaptive_crosssdc_cmr,hinge,1.0,0.01,0.8081776234838698,0.4179609715938568,1.0065552526050143,0.30196657578150427,0.0462532424264484,0.00462532424264484,0.5286458333333334,0.3541666666666667,0.060516165362464056,0.037903172274430595,0.5455555319786072
8,18,adaptive_crosssdc_cmr,hinge,1.0,0.01,0.7881492641237047,0.40229104624854195,0.9910805953873528,0.29732417861620586,0.04430025609003173,0.004430025609003173,0.5338541666666666,0.2934027777777778,0.064777462846703,0.029648662855227787,0.5462222099304199
8,19,adaptive_crosssdc_cmr,hinge,1.0,0.01,0.7737562325265672,0.41174327002631295,0.9888725810580783,0.29666177431742347,0.03870882549219661,0.0038708825492196615,0.4756944444444444,0.3229166666666667,0.05286494601103994,0.03117662130130662,0.5475555658340454
8,20,adaptive_crosssdc_cmr,hinge,1.0,0.01,0.7692295908927917,0.4052185681131151,0.9983164734310574,0.2994949420293172,0.03837399515840742,0.003837399515840742,0.4904513888888889,0.3064236111111111,0.054617771257956825,0.027504947864347033,0.5473333597183228
8,21,adaptive_crosssdc_cmr,hinge,1.0,0.01,0.7457288503646851,0.4105607105626,0.9816198150316874,0.2944859445095062,0.03628446410099665,0.003628446410099665,0.4592013888888889,0.2890625,0.05102042398518986,0.0273750697573026,0.5444444417953491
8,22,adaptive_crosssdc_cmr,hinge,1.0,0.01,0.7448277870814005,0.4243040515316857,0.9916881322860718,0.2975064396858215,0.03638032078742981,0.003638032078742981,0.4522569444444444,0.2621527777777778,0.05272961614860429,0.024866660435994465,0.5488888621330261
8,23,adaptive_crosssdc_cmr,hinge,1.0,0.01,0.7300000786781311,0.4150686264038086,0.9730076458719041,0.29190229376157123,0.0329916775226593,0.0032991677522659305,0.4322916666666667,0.2465277777777778,0.04859434854653147,0.02252131038241916,0.5471110939979553
8,24,adaptive_crosssdc_cmr,hinge,1.0,0.01,0.725981228881412,0.39916406406296623,0.976240164703793,0.2928720494111379,0.030631133458680578,0.003063113345868058,0.3958333333333333,0.28125,0.04298261594441202,0.0233120396733284,0.5453333258628845
8,25,adaptive_crosssdc_cmr,hinge,1.0,0.01,0.7268746230337355,0.4292019208272298,1.0004947980244954,0.3001484394073486,0.02882091307805644,0.002882091307805644,0.4123263888888889,0.21875,0.04574608740707239,0.01644372484750218,0.5484444499015808
8,26,adaptive_crosssdc_cmr,hinge,1.0,0.01,0.716911666923099,0.407736556397544,0.9951681362258064,0.2985504408677419,0.028000011212295957,0.0028000011212295957,0.3776041666666667,0.234375,0.041643267704380885,0.018408154861794576,0.5495555400848389
8,27,adaptive_crosssdc_cmr,hinge,1.0,0.01,0.6944727831416659,0.42556776271926033,0.9572197861141629,0.2871659358342489,0.023253375871313944,0.0023253375871313945,0.3576388888888889,0.1970486111111111,0.03635018691420555,0.014535263594653871,0.5515555739402771
8,28,adaptive_crosssdc_cmr,hinge,1.0,0.01,0.6828155120213827,0.402663250764211,0.9500532613860236,0.28501597841580706,0.022321258361140888,0.0022321258361140887,0.3237847222222222,0.2309027777777778,0.03297824040055275,0.015514970239665773,0.5491111278533936
8,29,adaptive_crosssdc_cmr,hinge,1.0,0.01,0.6809463699658712,0.4326140582561493,0.9504478971163431,0.2851343691349029,0.021671715295977063,0.0021671715295977063,0.3194444444444444,0.1779513888888889,0.034624085244205266,0.012208934873342514,0.5473333597183228
8,30,adaptive_crosssdc_cmr,hinge,1.0,0.01,0.6878950463400947,0.42727259794871014,0.992516279220581,0.2977548837661743,0.02138174946109454,0.002138174946109454,0.3211805555555556,0.2170138888888889,0.033014208699266114,0.01338149979710579,0.5557777881622314
8,31,adaptive_crosssdc_cmr,hinge,1.0,0.01,0.6582678556442261,0.4057212836212582,0.9271755483415391,0.27815266450246173,0.02001378188530604,0.002001378188530604,0.3315972222222222,0.17274305555555555,0.03195369181533655,0.01134147329462899,0.5486666560173035
8,32,adaptive_crosssdc_cmr,hinge,1.0,0.01,0.6691736578941345,0.42404381434122723,0.9705775843726264,0.29117327531178794,0.021830317046907213,0.0021830317046907213,0.3064236111111111,0.16927083333333334,0.034380672913458615,0.01229312519232432,0.5559999942779541
8,33,adaptive_crosssdc_cmr,hinge,1.0,0.01,0.6701282792621188,0.44063109159469604,0.9885786639319526,0.29657359917958576,0.01939877143336667,0.0019398771433366672,0.2890625,0.1640625,0.030796930400861636,0.010685329222016864,0.5522222518920898
8,34,adaptive_crosssdc_cmr,hinge,1.0,0.01,0.6635657880041335,0.4463787641790178,0.9767426318592496,0.2930227895577749,0.016302539967000484,0.0016302539967000486,0.2508680555555556,0.1684027777777778,0.025174443506532244,0.010679906441105736,0.5553333163261414
8,35,adaptive_crosssdc_cmr,hinge,1.0,0.01,0.6722868349817064,0.45108337865935433,1.014649920993381,0.3043949762980143,0.016975171864032745,0.0016975171864032747,0.2543402777777778,0.16319444444444445,0.02740384679701593,0.009285134573777517,0.5533333420753479
8,36,adaptive_crosssdc_cmr,hinge,1.0,0.01,0.6489100257555643,0.42094914118448895,0.9524511098861694,0.2857353329658508,0.01663166108644671,0.0016631661086446712,0.2630208333333333,0.1501736111111111,0.0273886171893941,0.008806351158354018,0.5566666722297668
8,37,adaptive_crosssdc_cmr,hinge,1.0,0.01,0.6462529765235053,0.4324370225270589,0.9630335966746012,0.28891007900238036,0.013426491473284032,0.0013426491473284034,0.2612847222222222,0.125,0.023716764731539622,0.006218034774065018,0.5595555305480957
8,38,adaptive_crosssdc_cmr,hinge,1.0,0.01,0.6623360580868192,0.45910777648289997,0.999214145872328,0.2997642437616984,0.016337834919492405,0.0016337834919492407,0.23350694444444445,0.14149305555555555,0.026809474660290614,0.008332881248659559,0.554444432258606
8,39,adaptive_crosssdc_cmr,hinge,1.0,0.01,0.6373942626847161,0.42464904652701485,0.9356929328706529,0.2807078798611959,0.015108696909414398,0.0015108696909414399,0.2300347222222222,0.12413194444444445,0.025287138919035595,0.007256455719470978,0.5575555562973022
8,40,adaptive_crosssdc_cmr,hinge,1.0,0.01,0.6403886079788208,0.4400441249211629,0.9545071787304349,0.28635215361913047,0.01570458130704032,0.001570458130704032,0.2152777777777778,0.14583333333333334,0.02377584411038293,0.00981616684132152,0.5562222003936768
8,41,adaptive_crosssdc_cmr,hinge,1.0,0.01,0.6343309349483914,0.4379163881142934,0.9598146345880296,0.2879443903764089,0.01500616491668754,0.001500616491668754,0.2439236111111111,0.12065972222222222,0.023953785085015826,0.008385631773206923,0.5562222003936768
8,42,adaptive_crosssdc_cmr,hinge,1.0,0.01,0.6490474277072482,0.46180249916182625,1.002922495206197,0.3008767485618591,0.013111783657222986,0.0013111783657222987,0.1987847222222222,0.1284722222222222,0.021059225623806316,0.007281266152858734,0.5546666383743286
8,43,adaptive_crosssdc_cmr,hinge,1.0,0.01,0.6434555980894301,0.4638410376177894,0.995988753106859,0.2987966259320577,0.011974930142362913,0.0011974930142362914,0.2265625,0.10677083333333333,0.020817057540019352,0.005854577240016725,0.554444432258606
8,44,adaptive_crosssdc_cmr,hinge,1.0,0.01,0.6276627646552192,0.4500007927417755,0.9586230251524184,0.2875869075457255,0.013092690147459507,0.0013092690147459508,0.1996527777777778,0.1293402777777778,0.020892858505249023,0.0075310708747969735,0.5580000281333923
8,45,adaptive_crosssdc_cmr,hinge,1.0,0.01,0.6131746172904968,0.452306114965015,0.9430894189410739,0.28292682568232214,0.012299666905568706,0.0012299666905568707,0.19270833333333334,0.09375,0.020840916575656995,0.005601816707187229,0.5575555562973022
8,46,adaptive_crosssdc_cmr,hinge,1.0,0.01,0.6270448565483093,0.46109763118955827,0.9786790344450209,0.29360371033350624,0.011687031533155177,0.0011687031533155177,0.1831597222222222,0.1189236111111111,0.019278771347469754,0.005964647150701947,0.5584444403648376
8,47,adaptive_crosssdc_cmr,hinge,1.0,0.01,0.6023118628395928,0.42575234837002224,0.9135089053048028,0.2740526715914408,0.011719468360145887,0.0011719468360145888,0.20052083333333334,0.12586805555555555,0.019021614351206355,0.006636353416575326,0.5588889122009277
8,48,adaptive_crosssdc_cmr,hinge,1.0,0.01,0.6156902578141954,0.4515870014826457,0.958399408393436,0.28751982251803077,0.009989563893112872,0.0009989563893112873,0.1753472222222222,0.0920138888888889,0.01715359567768044,0.004670985043048859,0.5584444403648376
8,49,adaptive_crosssdc_cmr,hinge,1.0,0.01,0.6184128390418159,0.4752790994114346,0.9745434522628784,0.2923630356788635,0.011440595508449607,0.0011440595508449608,0.15538194444444445,0.10677083333333333,0.018271461129188538,0.006014161225822236,0.5586666464805603
8,50,adaptive_crosssdc_cmr,hinge,1.0,0.01,0.6089984774589539,0.46692261430952287,0.9679481784502665,0.2903844535350799,0.009512444544169638,0.0009512444544169639,0.1684027777777778,0.0954861111111111,0.01628109605775939,0.004541792389419343,0.5608888864517212
8,51,adaptive_crosssdc_cmr,hinge,1.0,0.01,0.6028010381592644,0.4595796565214793,0.9472370147705078,0.28417110443115234,0.009915376858164867,0.0009915376858164867,0.1640625,0.10503472222222222,0.016769897813598316,0.004811870969004101,0.5635555386543274
8,52,adaptive_crosssdc_cmr,hinge,1.0,0.01,0.5879600842793783,0.4305472771326701,0.9183802869584825,0.27551408608754474,0.008165769848144717,0.0008165769848144718,0.14930555555555555,0.0876736111111111,0.013084574085142877,0.0050362298885981245,0.5615555644035339
8,53,adaptive_crosssdc_cmr,hinge,1.0,0.01,0.6013554467095269,0.45672053429815507,0.9679337872399224,0.2903801361719767,0.0092006282777422,0.00092006282777422,0.16319444444444445,0.09027777777777778,0.016031473875045776,0.004217066284683015,0.5573333501815796
8,54,adaptive_crosssdc_cmr,hinge,1.0,0.01,0.5937448938687643,0.4664340184794532,0.9524679382642111,0.2857403814792633,0.008591854582644172,0.0008591854582644172,0.1527777777777778,0.08506944444444445,0.015008668104807535,0.004041343513462279,0.5588889122009277
8,55,adaptive_crosssdc_cmr,hinge,1.0,0.01,0.5855789913071526,0.463109831015269,0.9374482896592882,0.28123448689778646,0.00809582659146852,0.0008095826591468521,0.1362847222222222,0.0720486111111111,0.014312168583273888,0.00322986932264434,0.5597777962684631
8,56,adaptive_crosssdc_cmr,hinge,1.0,0.01,0.5854005018870035,0.4706750512123108,0.9445909659067789,0.2833772897720337,0.009364019251532026,0.0009364019251532026,0.15104166666666666,0.0954861111111111,0.01639975193474028,0.003955970207850139,0.559333324432373
8,57,adaptive_crosssdc_cmr,hinge,1.0,0.01,0.5819494724273682,0.45770981576707626,0.927254299322764,0.2781762897968292,0.006754489046418005,0.0006754489046418005,0.14149305555555555,0.06944444444444445,0.012053199112415314,0.003187257796525955,0.5608888864517212
8,58,adaptive_crosssdc_cmr,hinge,1.0,0.01,0.5916231473286947,0.48255592915746903,0.9630408353275723,0.2889122505982717,0.007274876348674297,0.0007274876348674298,0.13802083333333334,0.0920138888888889,0.012435918259951804,0.003987578468190299,0.5595555305480957
8,59,adaptive_crosssdc_cmr,hinge,1.0,0.01,0.5863079826037089,0.46879304117626613,0.9436797367201911,0.2831039210160573,0.007873406788955132,0.0007873406788955132,0.14756944444444445,0.0859375,0.013719690342744192,0.0036725488801797232,0.5644444227218628
8,60,adaptive_crosssdc_cmr,hinge,1.0,0.01,0.6032510134908888,0.48514541652467513,0.9755039347542657,0.2926511804262797,0.006782652292814519,0.000678265229281452,0.12239583333333333,0.07725694444444445,0.011271326492230097,0.0037823625736766392,0.5624444484710693
8,61,adaptive_crosssdc_cmr,hinge,1.0,0.01,0.5898813870218065,0.4625481797589196,0.9490841295984056,0.28472523887952167,0.007882370975696378,0.0007882370975696378,0.1440972222222222,0.09027777777777778,0.013263581320643425,0.0043094005021784045,0.5611110925674438
8,62,adaptive_crosssdc_cmr,hinge,1.0,0.01,0.5819739633136325,0.4464441074265374,0.9389931824472215,0.2816979547341664,0.007580814365711477,0.0007580814365711477,0.14583333333333334,0.0876736111111111,0.011963106277916167,0.004584980093770557,0.5617777705192566
8,63,adaptive_crosssdc_cmr,hinge,1.0,0.01,0.5669317179256015,0.45578041010432774,0.9087656736373901,0.272629702091217,0.008361044546796216,0.0008361044546796216,0.1467013888888889,0.06684027777777778,0.014416923746466637,0.0034724767837259504,0.5622222423553467
8,64,adaptive_crosssdc_cmr,hinge,1.0,0.01,0.5713574488957723,0.46346137589878506,0.9259648852878146,0.2777894655863444,0.007516753135455979,0.000751675313545598,0.1423611111111111,0.07552083333333333,0.012627240477336777,0.003643486648797989,0.5633333325386047
8,65,adaptive_crosssdc_cmr,hinge,1.0,0.01,0.5810057123502096,0.4896770748827193,0.9587662352455987,0.2876298705736796,0.00713254635532697,0.0007132546355326971,0.12152777777777778,0.0763888888888889,0.01239151300655471,0.003372322354051802,0.5604444742202759
8,66,adaptive_crosssdc_cmr,hinge,1.0,0.01,0.5530697173542447,0.45608866545889115,0.8901408447159661,0.2670422534147898,0.005901926908538573,0.0005901926908538574,0.11197916666666667,0.06684027777777778,0.009674592564503351,0.003312314964003033,0.5600000023841858
8,67,adaptive_crosssdc_cmr,hinge,1.0,0.01,0.580026262336307,0.4874757594532437,0.9678238166703118,0.29034714500109354,0.007017931978528698,0.0007017931978528699,0.1284722222222222,0.07725694444444445,0.012154577506913079,0.0032702680263254377,0.5613333582878113
8,68,adaptive_crosssdc_cmr,hinge,1.0,0.01,0.56812541352378,0.46517039007610744,0.9388803972138299,0.28166411916414896,0.0065656745961556835,0.0006565674596155684,0.125,0.06336805555555555,0.0115409427218967,0.0027709354956944785,0.5624444484710693
8,69,adaptive_crosssdc_cmr,hinge,1.0,0.01,0.5655476914511787,0.45603838231828475,0.9089132282469008,0.2726739684740702,0.0062458275351673365,0.0006245827535167336,0.12065972222222222,0.07118055555555555,0.010841122104061974,0.003178401125801934,0.5615555644035339
8,70,adaptive_crosssdc_cmr,hinge,1.0,0.01,0.5749718811776903,0.4716217848989699,0.912094235420227,0.2736282706260681,0.005854013815729154,0.0005854013815729155,0.11371527777777778,0.07552083333333333,0.009798550978302956,0.0032663833763864306,0.5595555305480957
8,71,adaptive_crosssdc_cmr,hinge,1.0,0.01,0.5527154008547465,0.4615290297402276,0.8675868577427335,0.26027605732282005,0.005925372061837051,0.0005925372061837052,0.11024305555555555,0.07899305555555555,0.0099583909743362,0.0033356808125972748,0.5657777786254883
8,72,adaptive_crosssdc_cmr,hinge,1.0,0.01,0.5800388720300462,0.48278635409143233,0.9583842423227098,0.28751527269681293,0.005200258456170559,0.0005200258456170559,0.11197916666666667,0.059027777777777776,0.009172394871711731,0.002623435937696033,0.5644444227218628
8,73,adaptive_crosssdc_cmr,hinge,1.0,0.01,0.552365779876709,0.47451480560832554,0.9114234381251864,0.2734270314375559,0.005208437744941976,0.0005208437744941976,0.1032986111111111,0.06076388888888889,0.008632032407654656,0.002752013090584013,0.5628888607025146
8,74,adaptive_crosssdc_cmr,hinge,1.0,0.01,0.5460846225420634,0.4628121488624149,0.8815666106012132,0.26446998318036397,0.005234290845692158,0.0005234290845692158,0.1015625,0.07118055555555555,0.008265233702129789,0.0032838458816210427,0.5624444484710693
8,75,adaptive_crosssdc_cmr,hinge,1.0,0.01,0.5633381671375699,0.47449052664968705,0.8969413770569695,0.26908241311709086,0.0053529940649039215,0.0005352994064903922,0.0998263888888889,0.0642361111111111,0.00914446140329043,0.002920198357767529,0.5575555562973022
8,76,adaptive_crosssdc_cmr,hinge,1.0,0.01,0.5652678675121732,0.4685404234462314,0.8925662371847365,0.26776987115542095,0.006229426142656141,0.0006229426142656141,0.1154513888888889,0.07465277777777778,0.010243720892402861,0.0035946576131714713,0.5617777705192566
8,77,adaptive_crosssdc_cmr,hinge,1.0,0.01,0.565973334842258,0.4709896908866035,0.9314904742770724,0.27944714228312173,0.004073652775130338,0.00040736527751303385,0.08506944444444445,0.06076388888888889,0.006876104614800877,0.002757590264081955,0.5608888864517212
8,78,adaptive_crosssdc_cmr,hinge,1.0,0.01,0.5551502439710829,0.46690306398603654,0.9182416929139031,0.27547250787417094,0.004945191451244884,0.0004945191451244884,0.09722222222222222,0.07378472222222222,0.007848278515868716,0.003312461492088106,0.5640000104904175
8,79,adaptive_crosssdc_cmr,hinge,1.0,0.01,0.562547418806288,0.491151448753145,0.9366659919420878,0.28099979758262633,0.00484397123929941,0.00048439712392994103,0.09722222222222222,0.06076388888888889,0.008624267660909228,0.002262573689222336,0.5633333325386047
8,80,adaptive_crosssdc_cmr,hinge,1.0,0.01,0.5557874772283766,0.476872507068846,0.9176422754923502,0.27529268264770507,0.005308453743863437,0.0005308453743863437,0.10069444444444445,0.0685763888888889,0.008969975428448783,0.002715400109688441,0.5628888607025146
8,81,adaptive_crosssdc_cmr,hinge,1.0,0.01,0.5647945801417033,0.47302747435039944,0.935555206404792,0.2806665619214376,0.004644907286597623,0.00046449072865976227,0.11197916666666667,0.04861111111111111,0.008801647358470492,0.0018680555125077565,0.5646666884422302
8,82,adaptive_crosssdc_cmr,hinge,1.0,0.01,0.5629668633143107,0.4717451168431176,0.926635205745697,0.2779905617237091,0.003565208779440986,0.00035652087794409864,0.08854166666666667,0.051215277777777776,0.006021573104792171,0.002212221837706036,0.5611110925674438
8,83,adaptive_crosssdc_cmr,hinge,1.0,0.01,0.5536197556389703,0.4773750735653771,0.9172549976242913,0.2751764992872874,0.005244244950720006,0.0005244244950720005,0.10069444444444445,0.057291666666666664,0.0093721817764971,0.0023233803610006967,0.5586666464805603
8,84,adaptive_crosssdc_cmr,hinge,1.0,0.01,0.5616881648699442,0.5062604546546936,0.9329895642068651,0.27989686926205953,0.004622475088884433,0.0004622475088884433,0.09288194444444445,0.07465277777777778,0.007542952481243346,0.0030497291849719155,0.5622222423553467
8,85,adaptive_crosssdc_cmr,hinge,1.0,0.01,0.5621526771121554,0.492027888695399,0.9402600659264458,0.28207801977793373,0.0034910041528443494,0.00034910041528443496,0.10416666666666667,0.04861111111111111,0.0065680340760284,0.0019840258691045973,0.5640000104904175
8,86,adaptive_crosssdc_cmr,hinge,1.0,0.01,0.5550733738475375,0.4973493450217777,0.9259505867958069,0.27778517603874203,0.003910975220302741,0.0003910975220302741,0.09027777777777778,0.057291666666666664,0.006590370709697406,0.0025186133053567675,0.5657777786254883
8,87,adaptive_crosssdc_cmr,hinge,1.0,0.01,0.5578420095973544,0.4914618929227193,0.9304465187920464,0.2791339556376139,0.005000641750585701,0.0005000641750585701,0.1015625,0.05381944444444445,0.009170161353217231,0.0022062245342466566,0.5655555725097656
8,88,adaptive_crosssdc_cmr,hinge,1.0,0.01,0.5634443428781297,0.5171840224001143,0.9382266600926717,0.28146799802780154,0.004525788490557008,0.0004525788490557009,0.08940972222222222,0.07465277777777778,0.0072316016174025005,0.0033641705910364785,0.5646666884422302
8,89,adaptive_crosssdc_cmr,hinge,1.0,0.01,0.564238018459744,0.5125983291202121,0.9414655301305983,0.2824396590391795,0.004346415788556139,0.00043464157885561393,0.09288194444444445,0.0642361111111111,0.007443145538369815,0.002620990491575665,0.5642222166061401
8,90,adaptive_crosssdc_cmr,hinge,1.0,0.01,0.5468959212303162,0.4622674054569668,0.8721137973997328,0.26163413921991985,0.0035964465544869504,0.00035964465544869505,0.08246527777777778,0.050347222222222224,0.006294063395924038,0.002182496504651176,0.562666654586792
8,91,adaptive_crosssdc_cmr,hinge,1.0,0.01,0.5637896060943604,0.5065188772148557,0.9318816065788269,0.2795644819736481,0.004918277962133288,0.0004918277962133289,0.0859375,0.0642361111111111,0.0077057679494222,0.003200964795218574,0.5617777705192566
8,92,adaptive_crosssdc_cmr,hinge,1.0,0.01,0.5588188038931953,0.48795914981100297,0.921791308455997,0.2765373925367991,0.004546883334923122,0.00045468833349231224,0.08506944444444445,0.059895833333333336,0.007079033594992425,0.0030663390126493243,0.5628888607025146
8,93,adaptive_crosssdc_cmr,hinge,1.0,0.01,0.5271973609924316,0.46253718932469684,0.8493462403615316,0.25480387210845945,0.002802134103452166,0.0002802134103452166,0.078125,0.03819444444444445,0.004892406985163689,0.0015905892683400048,0.5646666884422302
8,94,adaptive_crosssdc_cmr,hinge,1.0,0.01,0.5265935129589505,0.45239079660839504,0.8632195989290873,0.2589658796787262,0.0034585341345518827,0.0003458534134551883,0.0685763888888889,0.06597222222222222,0.00511343487434917,0.002823135091198815,0.5631111264228821
8,95,adaptive_crosssdc_cmr,hinge,1.0,0.01,0.527217318614324,0.4876505500740475,0.8796773751576742,0.26390321254730226,0.002921094031383594,0.0002921094031383594,0.07899305555555555,0.05295138888888889,0.004875795708762275,0.0022361973921457925,0.5611110925674438
8,96,adaptive_crosssdc_cmr,hinge,1.0,0.01,0.5541264679696825,0.5095241467157999,0.9609462287690904,0.28828386863072714,0.003290946957551771,0.0003290946957551771,0.07465277777777778,0.04513888888888889,0.0058116962512334185,0.001951232138607237,0.5644444227218628
8,97,adaptive_crosssdc_cmr,hinge,1.0,0.01,0.5443718963199191,0.5166453454229567,0.9396537608570523,0.2818961282571157,0.0031201773478339114,0.0003120177347833912,0.0720486111111111,0.052083333333333336,0.005181218600935406,0.0022500769959555734,0.5648888945579529
8,98,adaptive_crosssdc_cmr,hinge,1.0,0.01,0.5381866561041938,0.4933755364682939,0.8905521167649163,0.2671656350294749,0.002499414323311713,0.0002499414323311713,0.059895833333333336,0.04513888888888889,0.003975440230634477,0.001962733351522022,0.5653333067893982
8,99,adaptive_crosssdc_cmr,hinge,1.0,0.01,0.5413376688957214,0.5010469125376807,0.9057808253500197,0.2717342476050059,0.004458907073260182,0.0004458907073260182,0.0954861111111111,0.051215277777777776,0.008130496988693873,0.002028889540168974,0.5642222166061401
8,100,adaptive_crosssdc_cmr,hinge,1.0,0.01,0.5356281863318549,0.4940801759560903,0.8946594860818651,0.2683978458245595,0.0033170501442833077,0.0003317050144283308,0.0703125,0.04079861111111111,0.005756913787788815,0.0017908699810504913,0.5666666626930237
8,101,adaptive_crosssdc_cmr,hinge,1.0,0.01,0.5430926481882731,0.5183137986395094,0.9296058217684428,0.2788817465305328,0.0033776468286911645,0.00033776468286911645,0.07118055555555555,0.06163194444444445,0.004700482719474369,0.0030157181123892465,0.5640000104904175
8,102,adaptive_crosssdc_cmr,hinge,1.0,0.01,0.5366896059778001,0.49552479055192733,0.8952407240867615,0.2685722172260284,0.0038501125786246527,0.0003850112578624653,0.0842013888888889,0.05295138888888889,0.006400069842735927,0.002329654163784451,0.5657777786254883
8,103,adaptive_crosssdc_cmr,hinge,1.0,0.01,0.5410324997372098,0.4908977217144436,0.9033822218577067,0.271014666557312,0.00447604492203229,0.000447604492203229,0.08854166666666667,0.059895833333333336,0.007418881273931927,0.002706362141503228,0.5631111264228821
8,104,adaptive_crosssdc_cmr,hinge,1.0,0.01,0.5368444522221884,0.48549332552485996,0.8901496463351779,0.26704489390055336,0.003319504955369565,0.00033195049553695654,0.0876736111111111,0.046875,0.005993334369526969,0.001969951308435864,0.5675555467605591
8,105,adaptive_crosssdc_cmr,hinge,1.0,0.01,0.538358555899726,0.5098131431473626,0.8970937861336602,0.26912813584009804,0.003170149892361628,0.00031701498923616283,0.07725694444444445,0.06076388888888889,0.004818521646989716,0.0026963899532953897,0.5655555725097656
8,106,adaptive_crosssdc_cmr,hinge,1.0,0.01,0.5395098659727309,0.4884503285090129,0.8837761481602987,0.2651328444480896,0.0028450776525359186,0.00028450776525359186,0.07899305555555555,0.058159722222222224,0.004407833019892375,0.002473409805032942,0.5675555467605591
8,107,adaptive_crosssdc_cmr,hinge,1.0,0.01,0.5408226516511705,0.4986944728427463,0.8907691438992819,0.26723074316978457,0.003806244685418076,0.0003806244685418076,0.08680555555555555,0.052083333333333336,0.006213531312015321,0.0024805905090437997,0.5628888607025146
8,108,adaptive_crosssdc_cmr,hinge,1.0,0.01,0.5518357687526279,0.5036118163002862,0.9130258560180664,0.2739077568054199,0.003834508747483293,0.00038345087474832935,0.08506944444444445,0.05381944444444445,0.006717417389154434,0.0022402269144852958,0.5646666884422302
8,109,adaptive_crosssdc_cmr,hinge,1.0,0.01,0.5535915758874681,0.5092638267411126,0.9310713079240587,0.2793213923772176,0.003883945548699962,0.0003883945548699962,0.08159722222222222,0.052083333333333336,0.006385130186875661,0.002472252067592409,0.5635555386543274
8,110,adaptive_crosssdc_cmr,hinge,1.0,0.01,0.5319768389066061,0.4921039044857025,0.8759048581123352,0.26277145743370056,0.0025650548567581507,0.0002565054856758151,0.06770833333333333,0.0546875,0.00408048431078593,0.0023508117430739934,0.5693333148956299
8,111,adaptive_crosssdc_cmr,hinge,1.0,0.01,0.5415700078010559,0.5138929751184251,0.905955990155538,0.27178679704666137,0.003612950858142641,0.0003612950858142641,0.06597222222222222,0.05295138888888889,0.00602391983071963,0.0023346137669351366,0.5635555386543274
8,112,adaptive_crosssdc_cmr,hinge,1.0,0.01,0.5294192963176303,0.49999603629112244,0.879316939247979,0.2637950817743937,0.0038400874861205616,0.00038400874861205616,0.08072916666666667,0.050347222222222224,0.006631852024131351,0.0021079911126030814,0.5659999847412109
8,113,adaptive_crosssdc_cmr,hinge,1.0,0.01,0.52480415503184,0.5046411057313284,0.9013733267784119,0.27041199803352356,0.0032750823431544835,0.00032750823431544835,0.0798611111111111,0.04600694444444445,0.005419902089569304,0.002217097414864434,0.5648888945579529
8,114,adaptive_crosssdc_cmr,hinge,1.0,0.01,0.51323535044988,0.49098703927463955,0.8795247077941895,0.2638574123382568,0.0022901130529741445,0.00022901130529741446,0.05381944444444445,0.03211805555555555,0.004150583926174376,0.00115407837761773,0.5686666369438171
8,115,adaptive_crosssdc_cmr,hinge,1.0,0.01,0.5192660755581326,0.5001796649561988,0.8855588038762411,0.26566764116287234,0.0023178194597777394,0.00023178194597777395,0.05381944444444445,0.052083333333333336,0.0034201757775412667,0.0021945428517129687,0.5680000185966492
8,116,adaptive_crosssdc_cmr,hinge,1.0,0.01,0.5112799439165328,0.4950988292694092,0.8662681844499376,0.2598804553349813,0.0024205141105792588,0.0002420514110579259,0.058159722222222224,0.044270833333333336,0.003970709939797719,0.001645839876598782,0.5659999847412109
8,117,adaptive_crosssdc_cmr,hinge,1.0,0.01,0.5208439164691501,0.5076141357421875,0.8952320880360074,0.26856962641080223,0.0025745898148872787,0.00025745898148872787,0.06076388888888889,0.0390625,0.004236124869849946,0.0017231057087580364,0.5668888688087463
8,118,adaptive_crosssdc_cmr,hinge,1.0,0.01,0.5160980423291525,0.4944411880440182,0.8799943659040663,0.2639983097712199,0.0024552488208024036,0.0002455248820802404,0.059027777777777776,0.04774305555555555,0.0037520055969556174,0.0021185042957464852,0.5704444646835327
8,119,adaptive_crosssdc_cmr,hinge,1.0,0.01,0.5295683410432603,0.5296452575259738,0.9266827834977044,0.2780048350493113,0.0030679642740223142,0.00030679642740223147,0.06597222222222222,0.057291666666666664,0.004924340380562676,0.002312640349070231,0.5677777528762817
8,120,adaptive_crosssdc_cmr,hinge,1.0,0.01,0.5371280113855997,0.5304350985421075,0.9246232509613037,0.2773869752883911,0.002291067128276659,0.00022910671282766592,0.0763888888888889,0.03993055555555555,0.0038653069900141824,0.001693019022544225,0.5653333067893982
8,121,adaptive_crosssdc_cmr,hinge,1.0,0.01,0.5162963800960116,0.5024462507830726,0.8908127347628275,0.26724382042884826,0.001820580561697069,0.00018205805616970693,0.04774305555555555,0.044270833333333336,0.003033391303486294,0.0016433364815182155,0.5671111345291138
8,122,adaptive_crosssdc_cmr,hinge,1.0,0.01,0.49715817636913723,0.49180551369984943,0.8504214353031583,0.2551264305909475,0.0026691487809229228,0.0002669148780922923,0.06336805555555555,0.041666666666666664,0.004554749362998539,0.0016469553940825993,0.5715555548667908
8,123,adaptive_crosssdc_cmr,hinge,1.0,0.01,0.5276347994804382,0.5370340810881721,0.9270541932847765,0.27811625798543294,0.0020145677165904394,0.00020145677165904396,0.057291666666666664,0.04079861111111111,0.003169612338145574,0.00174946172369851,0.5686666369438171
8,124,adaptive_crosssdc_cmr,hinge,1.0,0.01,0.5330343710051643,0.5557443300882975,0.946243425210317,0.28387302756309507,0.0025974528624727908,0.0002597452862472791,0.04600694444444445,0.049479166666666664,0.0038402854568428462,0.0022013427482710946,0.5693333148956299
8,125,adaptive_crosssdc_cmr,hinge,1.0,0.01,0.5190783937772115,0.5163997908433279,0.8950525588459439,0.26851576765378316,0.0023406693944707513,0.00023406693944707515,0.05555555555555555,0.042534722222222224,0.004053870009051429,0.0015622029701868694,0.5740000009536743
8,126,adaptive_crosssdc_cmr,hinge,1.0,0.01,0.5290175411436293,0.5355790588590834,0.9152233468161689,0.2745670040448507,0.0027274300809949636,0.0002727430080994964,0.06684027777777778,0.05295138888888889,0.0043984320428636335,0.0021748393774032593,0.5673333406448364
8,127,adaptive_crosssdc_cmr,hinge,1.0,0.01,0.5173189043998718,0.4987374477916294,0.8747639324929979,0.26242917974789937,0.0026541485890953075,0.00026541485890953074,0.06770833333333333,0.04600694444444445,0.004057003806034724,0.002214856445789337,0.5691111087799072
8,128,adaptive_crosssdc_cmr,hinge,1.0,0.01,0.5277872350480821,0.5134680105580224,0.9048026932610406,0.27144080797831216,0.003769707975960854,0.00037697079759608544,0.07899305555555555,0.05295138888888889,0.00566287421517902,0.0028230903877152335,0.5726666450500488
8,129,adaptive_crosssdc_cmr,hinge,1.0,0.01,0.5361032154824998,0.5161266658041213,0.897773802280426,0.2693321406841278,0.0024429470197194153,0.00024429470197194156,0.0625,0.043402777777777776,0.003967290744185448,0.0016837761633925969,0.566444456577301
8,130,adaptive_crosssdc_cmr,hinge,1.0,0.01,0.5248447193039788,0.5179639160633087,0.8772752616140578,0.26318257848421733,0.003277163344642354,0.0003277163344642354,0.07552083333333333,0.05295138888888889,0.0053397176994217765,0.0024114325642585754,0.5662222504615784
8,131,adaptive_crosssdc_cmr,hinge,1.0,0.01,0.5287819703420004,0.5049930910269419,0.8823996120029025,0.26471988360087073,0.0031766591127961874,0.0003176659112796188,0.06510416666666667,0.05295138888888889,0.004613938430945079,0.002651349123981264,0.5702221989631653
8,132,adaptive_crosssdc_cmr,hinge,1.0,0.01,0.5160898268222809,0.5021147198147244,0.8615989552603828,0.2584796865781148,0.0029235028066775864,0.00029235028066775865,0.06597222222222222,0.0546875,0.004352273626459969,0.002366313917769326,0.570888876914978
8,133,adaptive_crosssdc_cmr,hinge,1.0,0.01,0.5162815915213691,0.5035808450645871,0.8856819603178236,0.2657045880953471,0.0021103560639959243,0.00021103560639959245,0.051215277777777776,0.04079861111111111,0.0033533829781744215,0.0016711010701126522,0.5693333148956299
8,134,adaptive_crosssdc_cmr,hinge,1.0,0.01,0.5245284305678474,0.5295912424723307,0.9037203457620409,0.2711161037286122,0.00229838780230946,0.00022983878023094602,0.057291666666666664,0.046875,0.0033278254171212516,0.0021639594601260293,0.5671111345291138
8,135,adaptive_crosssdc_cmr,hinge,1.0,0.01,0.5273530152108934,0.5447670817375183,0.91432742940055,0.27429822882016497,0.004046322234595816,0.0004046322234595816,0.07552083333333333,0.04861111111111111,0.007315828568405575,0.0018760388096173604,0.5691111087799072
8,136,adaptive_crosssdc_cmr,hinge,1.0,0.01,0.5771682527330186,0.5028656721115112,0.8510881861050924,0.2553264558315277,0.006365475154274868,0.0006365475154274868,0.09635416666666667,0.0546875,0.009762384825282626,0.0035608170761002433,0.5720000267028809
8,137,adaptive_crosssdc_cmr,hinge,1.0,0.01,0.5478074616856046,0.5103305810027652,0.8929679327540927,0.2678903798262278,0.004338446228454511,0.00043384462284545107,0.10416666666666667,0.0546875,0.007262265516652001,0.0027337786224153307,0.5728889107704163
8,138,adaptive_crosssdc_cmr,hinge,1.0,0.01,0.5405019654168023,0.5412767860624526,0.8981312844488356,0.26943938533465067,0.003518454070823888,0.0003518454070823888,0.06770833333333333,0.059895833333333336,0.004841153406434589,0.0029632308416896397,0.5695555806159973
8,139,adaptive_crosssdc_cmr,hinge,1.0,0.01,0.5194095505608453,0.5128650267918905,0.8768125706248813,0.26304377118746436,0.0033251940945370328,0.0003325194094537033,0.0642361111111111,0.0625,0.0046052080061700605,0.0031816690332359737,0.5662222504615784
8,140,adaptive_crosssdc_cmr,hinge,1.0,0.01,0.5373377468850877,0.5509107973840501,0.9330756200684441,0.2799226860205332,0.002175349575635563,0.00021753495756355633,0.058159722222222224,0.03819444444444445,0.0036028482847743565,0.00176559512813886,0.570888876914978
8,141,adaptive_crosssdc_cmr,hinge,1.0,0.01,0.5294614765379164,0.5415077010790507,0.9112834864192538,0.2733850459257761,0.003015946570990814,0.0003015946570990814,0.059027777777777776,0.052083333333333336,0.004173325581683053,0.002807771994007958,0.5728889107704163
8,142,adaptive_crosssdc_cmr,hinge,1.0,0.01,0.5307196080684662,0.5435187021891276,0.918951518005795,0.2756854554017385,0.002929992236507436,0.0002929992236507436,0.06684027777777778,0.057291666666666664,0.004308395915561252,0.0026813799308405984,0.5699999928474426
8,143,adaptive_crosssdc_cmr,hinge,1.0,0.01,0.5314521259731717,0.5471359027756585,0.9066249132156372,0.27198747396469114,0.002773889722043855,0.0002773889722043855,0.05642361111111111,0.03732638888888889,0.00440800107187695,0.0019418129490481482,0.570888876914978
8,144,adaptive_crosssdc_cmr,hinge,1.0,0.01,0.5244253542688158,0.5250858300262027,0.8992345266871982,0.26977035800615945,0.003120563730287055,0.00031205637302870554,0.05555555555555555,0.05381944444444445,0.004145755536026425,0.0029648070534070334,0.5666666626930237
8,145,adaptive_crosssdc_cmr,hinge,1.0,0.01,0.5240202877256606,0.5448149972491794,0.9179951747258505,0.2753985524177551,0.0026783288534109793,0.0002678328853410979,0.058159722222222224,0.0390625,0.004191099769539303,0.0019423779514100817,0.5699999928474426
8,146,adaptive_crosssdc_cmr,hinge,1.0,0.01,0.5245659748713175,0.5537646743986342,0.9270517428716024,0.2781155228614807,0.002586006342122952,0.0002586006342122952,0.06336805555555555,0.04513888888888889,0.004206805593437619,0.0019051527811421289,0.5717777609825134
8,147,adaptive_crosssdc_cmr,hinge,1.0,0.01,0.5091741018825107,0.5302762654092577,0.8954121205541823,0.2686236361662547,0.002030641092763593,0.00020306410927635932,0.035590277777777776,0.043402777777777776,0.002535759988758299,0.0022184509370062086,0.5693333148956299
8,148,adaptive_crosssdc_cmr,hinge,1.0,0.01,0.497431304719713,0.5063264038827684,0.8624270094765557,0.2587281028429667,0.0023420167854055762,0.00023420167854055763,0.051215277777777776,0.046875,0.0035123746428224775,0.002128414809703827,0.5744444727897644
8,149,adaptive_crosssdc_cmr,hinge,1.0,0.01,0.5135798255602518,0.5488234029875861,0.9024743636449178,0.27074230909347535,0.0016070725654976235,0.00016070725654976237,0.04600694444444445,0.03732638888888889,0.0022367528743214076,0.0016364053719573552,0.5704444646835327
8,150,adaptive_crosssdc_cmr,hinge,1.0,0.01,0.493123859167099,0.496222092045678,0.8418348564041985,0.25255045692125955,0.0016049943450424406,0.00016049943450424406,0.04079861111111111,0.0390625,0.002156535784403483,0.0017331329484780629,0.5706666707992554
8,151,adaptive_crosssdc_cmr,hinge,1.0,0.01,0.5174392759799957,0.5630691846211752,0.9109386073218452,0.2732815821965535,0.0018332637215886887,0.00018332637215886887,0.04774305555555555,0.043402777777777776,0.0026264695657624137,0.0017682367728816138,0.5713333487510681
8,152,adaptive_crosssdc_cmr,hinge,1.0,0.01,0.5268892314698961,0.5519145131111145,0.9298200011253357,0.2789460003376007,0.002546706256301453,0.0002546706256301453,0.06597222222222222,0.050347222222222224,0.003922004666593339,0.002305589202377531,0.5691111087799072
8,153,adaptive_crosssdc_cmr,hinge,1.0,0.01,0.5139548778533936,0.5316101643774245,0.8711616396903992,0.26134849190711973,0.0020910005098105306,0.00020910005098105308,0.046875,0.036458333333333336,0.0026648222572273677,0.0020602933234638637,0.5726666450500488
8,154,adaptive_crosssdc_cmr,hinge,1.0,0.01,0.5175268583827548,0.5267686181598239,0.8728027078840468,0.261840812365214,0.002766413652958969,0.00027664136529589693,0.06597222222222222,0.046875,0.004190002878506978,0.0023591650856865775,0.5711110830307007
8,155,adaptive_crosssdc_cmr,hinge,1.0,0.01,0.5268727077378167,0.553611503707038,0.9118732810020447,0.2735619843006134,0.0029240562451175517,0.00029240562451175517,0.059895833333333336,0.052083333333333336,0.004202085650629467,0.002371175835529963,0.5717777609825134
8,156,adaptive_crosssdc_cmr,hinge,1.0,0.01,0.5072702136304643,0.5138333307372199,0.8616834945148892,0.25850504835446675,0.0023476294138365323,0.00023476294138365323,0.06336805555555555,0.036458333333333336,0.003954632828632991,0.0017667412757873535,0.5733333230018616
8,157,adaptive_crosssdc_cmr,hinge,1.0,0.01,0.5006220969888899,0.5135366519292196,0.8499411543210348,0.25498234629631045,0.001828185476673146,0.0001828185476673146,0.03819444444444445,0.04513888888888889,0.002268028755982717,0.0021853744983673096,0.5695555806159973
8,158,adaptive_crosssdc_cmr,hinge,1.0,0.01,0.5119908882511987,0.5449228386084238,0.908404118484921,0.2725212355454763,0.0019723304042903087,0.0001972330404290309,0.041666666666666664,0.043402777777777776,0.0026991843349403804,0.0018245205283164978,0.5691111087799072
8,159,adaptive_crosssdc_cmr,hinge,1.0,0.01,0.5023008121384515,0.5435219274626838,0.8888309399286906,0.26664928197860716,0.0015635944954637024,0.00015635944954637025,0.041666666666666664,0.028645833333333332,0.0028032540447182125,0.001043023748530282,0.5675555467605591
8,160,adaptive_crosssdc_cmr,hinge,1.0,0.01,0.5086282425456576,0.5529205070601569,0.9089992245038351,0.27269976735115053,0.0018403888162639406,0.00018403888162639407,0.04861111111111111,0.04513888888888889,0.003097880631685257,0.0015818066895008087,0.5720000267028809
8,161,adaptive_crosssdc_cmr,hinge,1.0,0.01,0.507338802019755,0.550544818242391,0.9078468746609158,0.27235406239827475,0.0020533116702507767,0.0002053311670250777,0.049479166666666664,0.041666666666666664,0.003176813324292501,0.001910208413998286,0.5699999928474426
8,162,adaptive_crosssdc_cmr,hinge,1.0,0.01,0.5086898671256171,0.5574557582537333,0.9139508803685507,0.2741852641105652,0.0020638915981786945,0.00020638915981786946,0.04774305555555555,0.04600694444444445,0.0028883818950917986,0.002073672910531362,0.5677777528762817
8,163,adaptive_crosssdc_cmr,hinge,1.0,0.01,0.4868951506084866,0.5250047577752007,0.8566881352000766,0.257006440560023,0.0012126777631541092,0.00012126777631541092,0.035590277777777776,0.041666666666666664,0.0019623955918682944,0.0012763026687833997,0.5695555806159973
8,164,adaptive_crosssdc_cmr,hinge,1.0,0.01,0.4947780536280738,0.5368417037857903,0.8901909987131754,0.26705729961395264,0.0015742333748170899,0.000157423337481709,0.0390625,0.03819444444444445,0.0022910249729951224,0.0015582529207070668,0.5715555548667908
8,165,adaptive_crosssdc_cmr,hinge,1.0,0.01,0.4901151524649726,0.5325524542066786,0.869726750585768,0.2609180251757304,0.0013612983360265691,0.00013612983360265692,0.043402777777777776,0.035590277777777776,0.0022625153263409934,0.0013555139303207397,0.5702221989631653
8,166,adaptive_crosssdc_cmr,hinge,1.0,0.01,0.5036639637417264,0.5469449957211813,0.9021582139862908,0.27064746419588726,0.0015545658016991285,0.00015545658016991287,0.03993055555555555,0.029513888888888888,0.002539298186699549,0.0013067105578051673,0.5682222247123718
8,167,adaptive_crosssdc_cmr,hinge,1.0,0.01,0.5009835461775461,0.5501938462257385,0.9090997841623094,0.2727299352486928,0.0019728079464079607,0.00019728079464079607,0.052083333333333336,0.041666666666666664,0.003194898780849245,0.001720666057533688,0.5715555548667908
8,168,adaptive_crosssdc_cmr,hinge,1.0,0.01,0.49004153741730583,0.5316867099867927,0.8686563769976298,0.2605969130992889,0.0016969289475431044,0.00016969289475431045,0.0390625,0.03819444444444445,0.0022743894822067684,0.0018426631059911516,0.5684444308280945
8,169,adaptive_crosssdc_cmr,hinge,1.0,0.01,0.49517911341455245,0.5237525535954369,0.8786775800916884,0.2636032740275065,0.000987715695777701,9.87715695777701e-05,0.041666666666666664,0.026909722222222224,0.0017071387006176843,0.0008717440068721771,0.5711110830307007
8,170,adaptive_crosssdc_cmr,hinge,1.0,0.01,0.5016466577847799,0.5573887891239591,0.8973167008823819,0.26919501026471454,0.0017187574315660943,0.00017187574315660943,0.03819444444444445,0.042534722222222224,0.0025537990861468846,0.0016486160457134247,0.56977778673172
8,171,adaptive_crosssdc_cmr,hinge,1.0,0.01,0.5157195793257819,0.5582682887713114,0.9224970605638292,0.27674911816914877,0.0023007042214481365,0.00023007042214481365,0.06076388888888889,0.033854166666666664,0.0037337694731023577,0.0017641190853383806,0.5702221989631653
8,172,adaptive_crosssdc_cmr,hinge,1.0,0.01,0.5069352090358734,0.5427281724082099,0.8909642630153232,0.2672892789045969,0.0015739645783065094,0.00015739645783065096,0.0390625,0.044270833333333336,0.002026663472255071,0.001956256313456429,0.5720000267028809
8,173,adaptive_crosssdc_cmr,hinge,1.0,0.01,0.5066386626826392,0.5652772651778327,0.9040865235858493,0.27122595707575475,0.002237675582162208,0.0002237675582162208,0.044270833333333336,0.046875,0.002799704670906067,0.002434595591492123,0.5711110830307007
8,174,adaptive_crosssdc_cmr,hinge,1.0,0.01,0.5048482451173995,0.5459746056132846,0.874980198012458,0.2624940594037374,0.001456040753206859,0.0001456040753206859,0.049479166666666664,0.03211805555555555,0.00252323556277487,0.0012157845000425975,0.5715555548667908
8,175,adaptive_crosssdc_cmr,hinge,1.0,0.01,0.49942873583899605,0.5445274511973063,0.8814756141768562,0.26444268425305684,0.0018295216593994862,0.00018295216593994864,0.04513888888888889,0.04600694444444445,0.002648941758606169,0.0019433179663287269,0.56977778673172
8,176,adaptive_crosssdc_cmr,hinge,1.0,0.01,0.4903364810678694,0.5328297548823886,0.8551555408371819,0.2565466622511546,0.001795410754210833,0.0001795410754210833,0.051215277777777776,0.042534722222222224,0.0025859446161323124,0.0018964269094996983,0.5733333230018616
8,177,adaptive_crosssdc_cmr,hinge,1.0,0.01,0.4998502665095859,0.5396537648306953,0.8681343992551168,0.26044031977653503,0.0019970890005222624,0.00019970890005222626,0.0546875,0.04513888888888889,0.0028730883366531795,0.0019394407669703166,0.5688889026641846
8,178,adaptive_crosssdc_cmr,hinge,1.0,0.01,0.5009147988425361,0.5483153992229037,0.890393488936954,0.2671180466810862,0.0018283773485260706,0.00018283773485260708,0.03993055555555555,0.04513888888888889,0.0022122056947814096,0.002256510158379873,0.5711110830307007
8,179,adaptive_crosssdc_cmr,hinge,1.0,0.01,0.4900976750585768,0.5371881723403931,0.852392660246955,0.2557177980740865,0.001560724139886184,0.0001560724139886184,0.044270833333333336,0.03298611111111111,0.0026849620044231415,0.0012121618621879155,0.5713333487510681
8,180,adaptive_crosssdc_cmr,hinge,1.0,0.01,0.49353328347206116,0.5359203881687589,0.8670424686537849,0.2601127405961354,0.0019206322677847412,0.00019206322677847414,0.050347222222222224,0.04600694444444445,0.002764871137009727,0.001965874599085914,0.5762222409248352
8,181,adaptive_crosssdc_cmr,hinge,1.0,0.01,0.4789644347296821,0.5193810992770724,0.836424900425805,0.25092747012774147,0.0012730107345204386,0.00012730107345204387,0.030381944444444444,0.034722222222222224,0.0016773901879787445,0.0015483804874949986,0.5722222328186035
8,182,adaptive_crosssdc_cmr,hinge,1.0,0.01,0.5154150227705637,0.5694495373302035,0.930572423670027,0.27917172710100807,0.001858610158605087,0.0001858610158605087,0.04079861111111111,0.041666666666666664,0.002595452384816276,0.0019311317139201695,0.5684444308280945
8,183,adaptive_crosssdc_cmr,hinge,1.0,0.01,0.49057479037178886,0.5228991773393419,0.8464725613594055,0.2539417684078216,0.0021136363696617386,0.00021136363696617387,0.049479166666666664,0.033854166666666664,0.003048910035027398,0.0017705025772253673,0.5724444389343262
8,184,adaptive_crosssdc_cmr,hinge,1.0,0.01,0.5111834704875946,0.5535224874814352,0.8859787649578519,0.2657936294873556,0.002031830909092807,0.00020318309090928074,0.05555555555555555,0.03993055555555555,0.0030138310458925036,0.0018692840304639605,0.5693333148956299
8,185,adaptive_crosssdc_cmr,hinge,1.0,0.01,0.5080177585283915,0.5516622000270419,0.8787763781017728,0.2636329134305318,0.0022051939094025227,0.00022051939094025228,0.05381944444444445,0.036458333333333336,0.003402499688996209,0.0018462700148423512,0.5711110830307007
8,186,adaptive_crosssdc_cmr,hinge,1.0,0.01,0.5009663999080658,0.5537638995382521,0.8827467891905043,0.26482403675715127,0.002509932952105171,0.00025099329521051714,0.043402777777777776,0.059895833333333336,0.002884906613164478,0.0030558990935484567,0.5715555548667908
8,187,adaptive_crosssdc_cmr,hinge,1.0,0.01,0.5071247849199507,0.5623932149675157,0.9013237489594353,0.2703971246878306,0.0015721951430249545,0.00015721951430249545,0.050347222222222224,0.03125,0.0027883926199542153,0.0011799215442604488,0.5748888850212097
8,188,adaptive_crosssdc_cmr,hinge,1.0,0.01,0.49439600772327846,0.5480720665719774,0.8650658792919583,0.2595197637875875,0.0020402184972125622,0.00020402184972125622,0.049479166666666664,0.049479166666666664,0.0030727084312174055,0.001838181581762102,0.5735555291175842
8,189,adaptive_crosssdc_cmr,hinge,1.0,0.01,0.5061914523442587,0.567018449306488,0.8911940919028388,0.26735822757085165,0.0019461847712389296,0.00019461847712389297,0.046875,0.0390625,0.0024891263908810085,0.00216095894575119,0.5728889107704163
8,190,adaptive_crosssdc_cmr,hinge,1.0,0.01,0.4801791508992513,0.5094282494650947,0.8100176586045159,0.24300529758135475,0.0024675612027446427,0.00024675612027446426,0.059027777777777776,0.042534722222222224,0.0037891206641991935,0.0019500872327221765,0.5688889026641846
8,191,adaptive_crosssdc_cmr,hinge,1.0,0.01,0.50198828180631,0.5558094051149156,0.875865015718672,0.2627595047156016,0.0012418888056547278,0.0001241888805654728,0.04079861111111111,0.029513888888888888,0.001596071653895908,0.00143748563196924,0.5744444727897644
8,192,adaptive_crosssdc_cmr,hinge,1.0,0.01,0.5133674376540713,0.5633839964866638,0.8963525229030185,0.2689057568709055,0.002395856750404669,0.00023958567504046691,0.06076388888888889,0.041666666666666664,0.0036210467418034873,0.001973845064640045,0.5693333148956299
8,193,adaptive_crosssdc_cmr,hinge,1.0,0.01,0.5339501235220168,0.5652278595500522,0.9072083897060819,0.2721625169118245,0.003112749416484601,0.0003112749416484601,0.06944444444444445,0.04861111111111111,0.004493410802549786,0.0026170996328194938,0.5751110911369324
8,194,adaptive_crosssdc_cmr,hinge,1.0,0.01,0.5262605216768053,0.5808231168323092,0.9123451511065165,0.27370354533195496,0.0035023002937022182,0.00035023002937022184,0.07465277777777778,0.06597222222222222,0.00457857714758979,0.003589411990510093,0.574222207069397
8,195,adaptive_crosssdc_cmr,hinge,1.0,0.01,0.5206375651889377,0.5623865260018243,0.9085430900255839,0.27256292700767515,0.0020756437055145702,0.00020756437055145704,0.0546875,0.035590277777777776,0.003269114014175203,0.0016457438468933105,0.5748888850212097
8,196,adaptive_crosssdc_cmr,hinge,1.0,0.01,0.515991383128696,0.5933173563745286,0.9226986368497213,0.27680959105491637,0.001604907483043563,0.0001604907483043563,0.0390625,0.041666666666666664,0.001890600969394048,0.0020417670408884683,0.5675555467605591
8,197,adaptive_crosssdc_cmr,hinge,1.0,0.01,0.5048296021090614,0.5618565281232198,0.8903815348943075,0.26711446046829224,0.0022263507255249554,0.00022263507255249556,0.04513888888888889,0.04600694444444445,0.0029990958670775094,0.002170560674534904,0.5711110830307007
8,198,adaptive_crosssdc_cmr,hinge,1.0,0.01,0.4839032093683879,0.5211356282234192,0.8444363673528036,0.2533309102058411,0.0013907482951051658,0.00013907482951051658,0.043402777777777776,0.04600694444444445,0.0016715418961313036,0.0018615751630730098,0.5726666450500488
8,199,adaptive_crosssdc_cmr,hinge,1.0,0.01,0.4809318317307366,0.5424690975083245,0.8456068701214261,0.2536820610364278,0.0014429901881764333,0.00014429901881764335,0.036458333333333336,0.036458333333333336,0.001963268137640423,0.0015864653719796075,0.5720000267028809
9,0,adaptive_crosssdc_cmr,hinge,1.0,0.01,3.234453943040636,0.4621727069218953,1.028828541437785,0.3086485624313355,0.4825971159670088,0.04825971159670089,0.8376736111111112,0.6536458333333334,0.7290396557913886,0.23441222972340053,0.49459999799728394
9,1,adaptive_crosssdc_cmr,hinge,1.0,0.01,2.0929397212134466,0.4162946144739787,0.9933540225028992,0.29800620675086975,0.36575016048219466,0.036575016048219465,0.9461805555555556,0.4991319444444444,0.623583604892095,0.11010747361514303,0.5117999911308289
9,2,adaptive_crosssdc_cmr,hinge,1.0,0.01,1.6755571630265977,0.35854605171415543,0.9828156100379096,0.2948446830113729,0.1806373248497645,0.01806373248497645,0.8246527777777778,0.6145833333333334,0.2512630108329985,0.11377361168464024,0.5189999938011169
9,3,adaptive_crosssdc_cmr,hinge,1.0,0.01,1.4640812873840332,0.3542648322052426,0.9712277385923598,0.2913683215777079,0.12049820522467296,0.012049820522467296,0.7612847222222222,0.5425347222222222,0.16993069152037302,0.0833786709441079,0.5144000053405762
9,4,adaptive_crosssdc_cmr,hinge,1.0,0.01,1.3006436692343817,0.3491586049397786,0.897413412729899,0.2692240238189697,0.10269682026571697,0.010269682026571698,0.7717013888888888,0.5720486111111112,0.13876470095581478,0.07950764480564329,0.5189999938011169
9,5,adaptive_crosssdc_cmr,hinge,1.0,0.01,1.2048910193973117,0.35602814621395534,0.9186068375905355,0.2755820512771606,0.09815732720825407,0.009815732720825407,0.7717013888888888,0.5112847222222222,0.14234062863720787,0.06563612984286414,0.5198000073432922
9,6,adaptive_crosssdc_cmr,hinge,1.0,0.01,1.1410320202509563,0.3601775070031484,0.9425503147972955,0.2827650944391886,0.0877035301592615,0.008770353015926149,0.7986111111111112,0.46875,0.13265075782934824,0.055072431763013206,0.5170000195503235
9,7,adaptive_crosssdc_cmr,hinge,1.0,0.01,1.064143505361345,0.36246183183458114,0.9206431839201186,0.27619295517603554,0.08884419252475102,0.008884419252475103,0.8020833333333334,0.4835069444444444,0.13192559199200737,0.05927108104030291,0.5180000066757202
9,8,adaptive_crosssdc_cmr,hinge,1.0,0.01,1.0177559521463182,0.36386142174402875,0.9164047373665704,0.2749214212099711,0.08099669052494897,0.008099669052494898,0.7604166666666666,0.4626736111111111,0.1226874374681049,0.05054271386729346,0.5157999992370605
9,9,adaptive_crosssdc_cmr,hinge,1.0,0.01,0.9822134176890055,0.385985341336992,0.9440425170792474,0.2832127551237742,0.07644609361886978,0.007644609361886979,0.7369791666666666,0.4279513888888889,0.11662346041864818,0.04767201882269648,0.5167999863624573
9,10,adaptive_crosssdc_cmr,hinge,1.0,0.01,0.9464144044452243,0.38360487421353656,0.9508595996432834,0.285257879892985,0.07432708144187927,0.007432708144187928,0.7586805555555556,0.3784722222222222,0.11782499154408772,0.041841269781192146,0.5174000263214111
9,11,adaptive_crosssdc_cmr,hinge,1.0,0.01,0.9203542206022475,0.40637094775835675,0.9730629324913025,0.2919188797473907,0.0670869652595785,0.00670869652595785,0.7126736111111112,0.4053819444444444,0.10365034970972273,0.039911013924413256,0.5170000195503235
9,12,adaptive_crosssdc_cmr,hinge,1.0,0.01,0.8680862718158298,0.3733165959517161,0.902238667011261,0.27067160010337826,0.06623352981275982,0.006623352981275982,0.7230902777777778,0.3628472222222222,0.10669969436195162,0.035445371435748205,0.5210000276565552
9,13,adaptive_crosssdc_cmr,hinge,1.0,0.01,0.8435411850611368,0.37155167592896354,0.8955615493986342,0.2686684648195902,0.05917189518610636,0.005917189518610637,0.65625,0.3541666666666667,0.09136719091071023,0.037136885854932994,0.5194000005722046
9,14,adaptive_crosssdc_cmr,hinge,1.0,0.01,0.847827222612169,0.4018661744064755,0.9652783539560106,0.2895835061868032,0.05830471507377095,0.0058304715073770955,0.6666666666666666,0.3133680555555556,0.0948975682258606,0.030613807754384145,0.5194000005722046
9,15,adaptive_crosssdc_cmr,hinge,1.0,0.01,0.7962622046470642,0.3808854752116733,0.8748293585247464,0.2624488075574239,0.05559783470299509,0.00555978347029951,0.6449652777777778,0.3081597222222222,0.09155924287107256,0.028067189786169264,0.519599974155426
9,16,adaptive_crosssdc_cmr,hinge,1.0,0.01,0.7758913569980197,0.3633989095687866,0.8713724215825399,0.26141172647476196,0.049697425216436386,0.004969742521643639,0.5920138888888888,0.3012152777777778,0.07864173253377278,0.028935737080044217,0.520799994468689
9,17,adaptive_crosssdc_cmr,hinge,1.0,0.01,0.7650365432103475,0.372440904378891,0.8771387802229987,0.2631416340668996,0.0522903630303012,0.00522903630303012,0.6119791666666666,0.3029513888888889,0.08351390229331122,0.029423038578695722,0.5221999883651733
9,18,adaptive_crosssdc_cmr,hinge,1.0,0.01,0.7602370844946967,0.3789878553814358,0.9070768422550626,0.27212305267651876,0.041383196496301226,0.004138319649630123,0.5694444444444444,0.2586805555555556,0.06965696232186423,0.021448506663242977,0.5228000283241272
9,19,adaptive_crosssdc_cmr,hinge,1.0,0.01,0.7325068447324965,0.380678180191252,0.877125256591373,0.26313757697741186,0.04003291245963839,0.004003291245963839,0.5546875,0.2743055555555556,0.06645611714985636,0.021886807762914233,0.5216000080108643
9,20,adaptive_crosssdc_cmr,hinge,1.0,0.01,0.7315783765580919,0.3834129406346215,0.9044789340760973,0.2713436802228292,0.04242669894463486,0.004242669894463486,0.5590277777777778,0.24913194444444445,0.0708874873816967,0.02098935428592894,0.5202000141143799
9,21,adaptive_crosssdc_cmr,hinge,1.0,0.01,0.7159078982141283,0.40018001198768616,0.8866812189420065,0.26600436568260194,0.037046410557296544,0.0037046410557296547,0.5060763888888888,0.23958333333333334,0.05971831497218874,0.020938447780079313,0.5234000086784363
9,22,adaptive_crosssdc_cmr,hinge,1.0,0.01,0.6915016637908088,0.3726595805750953,0.844953179359436,0.2534859538078308,0.032994535027278796,0.0032994535027278797,0.4835069444444444,0.2309027777777778,0.05589846728576554,0.0170127616988288,0.5217999815940857
9,23,adaptive_crosssdc_cmr,hinge,1.0,0.01,0.6885818706618415,0.3806867003440857,0.860041081905365,0.2580123245716095,0.03412204339272446,0.0034122043392724464,0.5295138888888888,0.2048611111111111,0.06040724822216564,0.015028709752692116,0.5257999897003174
9,24,adaptive_crosssdc_cmr,hinge,1.0,0.01,0.6748729281955295,0.3874037630028195,0.8575351768069797,0.2572605530420939,0.02553545869886875,0.002553545869886875,0.4253472222222222,0.21614583333333334,0.04406973636812634,0.013185421625773111,0.5234000086784363
9,25,adaptive_crosssdc_cmr,hinge,1.0,0.01,0.6709521346622043,0.3798506458600362,0.8833890888426039,0.26501672665278114,0.029645011035932436,0.002964501103593244,0.4444444444444444,0.1892361111111111,0.051293657471736274,0.01440140563580725,0.5239999890327454
9,26,adaptive_crosssdc_cmr,hinge,1.0,0.01,0.6662474804454379,0.3994436363379161,0.8757190770573087,0.2627157231171926,0.026049988344311714,0.0026049988344311716,0.4340277777777778,0.19010416666666666,0.04544603410694334,0.013197480804390378,0.5217999815940857
9,27,adaptive_crosssdc_cmr,hinge,1.0,0.01,0.6564088662465414,0.3758763803376092,0.8710073894924588,0.26130221684773763,0.023481824952695105,0.0023481824952695106,0.4114583333333333,0.1779513888888889,0.04132023246751891,0.011512749310996797,0.5217999815940857
9,28,adaptive_crosssdc_cmr,hinge,1.0,0.01,0.6436218818028768,0.37340617179870605,0.8314950797292922,0.24944852391878763,0.023056971116198435,0.002305697111619844,0.4236111111111111,0.1449652777777778,0.04053737140364117,0.011613401687807508,0.5249999761581421
9,29,adaptive_crosssdc_cmr,hinge,1.0,0.01,0.658999933136834,0.3979769812689887,0.8854763176706102,0.26564289530118307,0.023002984209193125,0.0023002984209193125,0.3888888888888889,0.17100694444444445,0.038226119760009974,0.013168642090426551,0.5224000215530396
9,30,adaptive_crosssdc_cmr,hinge,1.0,0.01,0.6578445368342929,0.4101911385854085,0.9115916093190511,0.2734774827957153,0.020118427359395556,0.0020118427359395556,0.3689236111111111,0.1501736111111111,0.03400490308801333,0.01087553095486429,0.522599995136261
9,31,adaptive_crosssdc_cmr,hinge,1.0,0.01,0.6311639216211107,0.37757011585765415,0.8336058259010315,0.25008174777030945,0.0194641159226497,0.00194641159226497,0.3706597222222222,0.17447916666666666,0.03307163591186205,0.011427112337615754,0.5217999815940857
9,32,adaptive_crosssdc_cmr,hinge,1.0,0.01,0.6669692662027147,0.41113750802146065,0.9301482174131606,0.27904446522394816,0.018865797047813732,0.0018865797047813732,0.3307291666666667,0.16319444444444445,0.030377815581030317,0.010923441499471664,0.5220000147819519
9,33,adaptive_crosssdc_cmr,hinge,1.0,0.01,0.6303357680638632,0.36666281355751884,0.8153453138139513,0.24460359414418537,0.019566168491211202,0.00195661684912112,0.3428819444444444,0.13541666666666666,0.033649745086828865,0.010073356744315889,0.5203999876976013
9,34,adaptive_crosssdc_cmr,hinge,1.0,0.01,0.618754075633155,0.3637947340806325,0.8218566907776726,0.2465570072333018,0.01631616935547855,0.0016316169355478551,0.3272569444444444,0.16145833333333334,0.027271601888868544,0.009733035332626767,0.5216000080108643
9,35,adaptive_crosssdc_cmr,hinge,1.0,0.01,0.6255560252401564,0.39645125137435067,0.881292356385125,0.2643877069155375,0.017028869957559638,0.0017028869957559638,0.3376736111111111,0.13541666666666666,0.02978486443559329,0.008077704244189791,0.5253999829292297
9,36,adaptive_crosssdc_cmr,hinge,1.0,0.01,0.604262544049157,0.38665814532174003,0.8342258665296767,0.250267759958903,0.015663503462241754,0.0015663503462241754,0.3090277777777778,0.1284722222222222,0.02767336844570107,0.007598770575390922,0.5252000093460083
9,37,adaptive_crosssdc_cmr,hinge,1.0,0.01,0.6074944072299533,0.4009239806069268,0.8655512531598409,0.25966537594795225,0.013648694070676962,0.0013648694070676963,0.2682291666666667,0.11979166666666667,0.022264599800109863,0.00824696198105812,0.5220000147819519
9,38,adaptive_crosssdc_cmr,hinge,1.0,0.01,0.5828455090522766,0.3658541308508979,0.8202097018559774,0.24606291055679322,0.014350635413494375,0.0014350635413494376,0.3055555555555556,0.13368055555555555,0.025131229725148942,0.007650904357433319,0.5246000289916992
9,39,adaptive_crosssdc_cmr,hinge,1.0,0.01,0.6043270031611124,0.40392988589074874,0.8814906080563863,0.2644471824169159,0.012508560282488665,0.0012508560282488666,0.2760416666666667,0.1111111111111111,0.02196777963803874,0.006537636948956383,0.5249999761581421
9,40,adaptive_crosssdc_cmr,hinge,1.0,0.01,0.5706497761938307,0.3753451307614644,0.8063485821088155,0.24190457463264464,0.01119683434565862,0.001119683434565862,0.24913194444444445,0.109375,0.020213683860169515,0.005963865253660414,0.5275999903678894
9,41,adaptive_crosssdc_cmr,hinge,1.0,0.01,0.5910511083073087,0.39478502339786953,0.8492367797427707,0.2547710339228312,0.010847999973015653,0.0010847999973015653,0.25,0.10069444444444445,0.01983283253179656,0.005226399335596297,0.5224000215530396
9,42,adaptive_crosssdc_cmr,hinge,1.0,0.01,0.620439867178599,0.43173794945081073,0.9538372887505425,0.28615118662516276,0.0114610374180807,0.0011461037418080701,0.2743055555555556,0.13020833333333334,0.020587318059470918,0.006282360603411992,0.5278000235557556
9,43,adaptive_crosssdc_cmr,hinge,1.0,0.01,0.5896014968554179,0.3989770942264133,0.8694136275185479,0.26082408825556436,0.010185361115468873,0.0010185361115468874,0.24739583333333334,0.1189236111111111,0.01697696393562688,0.006632219172186322,0.5252000093460083
9,44,adaptive_crosssdc_cmr,hinge,1.0,0.01,0.5887136922942268,0.4155949619081285,0.8800416522555881,0.2640124956766764,0.009777646356572708,0.0009777646356572709,0.24479166666666666,0.08854166666666667,0.0184292940215932,0.0046536342965232,0.5216000080108643
9,45,adaptive_crosssdc_cmr,hinge,1.0,0.01,0.5858205954233805,0.4164317912525601,0.8733054531945122,0.2619916359583537,0.008963742034716738,0.0008963742034716739,0.2265625,0.09114583333333333,0.016880325352152187,0.004219569265842438,0.5267999768257141
9,46,adaptive_crosssdc_cmr,hinge,1.0,0.01,0.5842033359739516,0.4110767940680186,0.8610343800650703,0.2583103140195211,0.00874876267173224,0.000874876267173224,0.2300347222222222,0.09375,0.01619844635327657,0.004529834621482425,0.5248000025749207
9,47,adaptive_crosssdc_cmr,hinge,1.0,0.01,0.5723436011208428,0.3774901098675198,0.8165676726235284,0.2449703017870585,0.009577871714201238,0.0009577871714201238,0.2265625,0.1189236111111111,0.015189020584026972,0.0067223310470581055,0.5220000147819519
9,48,adaptive_crosssdc_cmr,hinge,1.0,0.01,0.5905006859037611,0.414669457409117,0.8515274458461337,0.2554582337538401,0.008989864856832556,0.0008989864856832557,0.2387152777777778,0.07899305555555555,0.016016720483700436,0.004610622922579448,0.5267999768257141
9,49,adaptive_crosssdc_cmr,hinge,1.0,0.01,0.5904335710737441,0.4063626196649339,0.8592835134930081,0.2577850540479024,0.008258334930158324,0.0008258334930158325,0.20833333333333334,0.0842013888888889,0.015015008134974374,0.004312988370656967,0.5199999809265137
9,50,adaptive_crosssdc_cmr,hinge,1.0,0.01,0.5910631484455533,0.4033326009909312,0.830588698387146,0.2491766095161438,0.008648173262675604,0.0008648173262675604,0.1996527777777778,0.0859375,0.014246991525093714,0.0052283091677559745,0.5299999713897705
9,51,adaptive_crosssdc_cmr,hinge,1.0,0.01,0.5794542100694444,0.380722098880344,0.816842171880934,0.2450526515642802,0.009628822043952014,0.0009628822043952015,0.2074652777777778,0.11024305555555555,0.015470062692960104,0.006441510799858306,0.5217999815940857
9,52,adaptive_crosssdc_cmr,hinge,1.0,0.01,0.5959082444508871,0.42529216408729553,0.878790279229482,0.2636370837688446,0.009673375791559616,0.0009673375791559617,0.2387152777777778,0.09722222222222222,0.017119255744748645,0.0051504021717442405,0.527400016784668
9,53,adaptive_crosssdc_cmr,hinge,1.0,0.01,0.5952154861556159,0.42592499984635246,0.8811053699917264,0.2643316109975179,0.008218471167816056,0.0008218471167816057,0.20052083333333334,0.10503472222222222,0.013240383317073187,0.005881980061531067,0.5216000080108643
9,54,adaptive_crosssdc_cmr,hinge,1.0,0.01,0.5994924571779039,0.4242818024423387,0.8655641211403741,0.2596692363421122,0.007939672977146175,0.0007939672977146175,0.1970486111111111,0.07291666666666667,0.0146800447255373,0.003931623366143968,0.5293999910354614
9,55,adaptive_crosssdc_cmr,hinge,1.0,0.01,0.5745303498374091,0.39139897955788505,0.8044285708003573,0.2413285712401072,0.009284903657519154,0.0009284903657519154,0.20833333333333334,0.09895833333333333,0.01545185243917836,0.005591241435872184,0.5199999809265137
9,56,adaptive_crosssdc_cmr,hinge,1.0,0.01,0.5851377778583102,0.41057520111401874,0.8402858177820841,0.25208574533462524,0.007334570400416851,0.0007334570400416851,0.18489583333333334,0.0842013888888889,0.01223697637518247,0.004674659834967719,0.5260000228881836
9,57,adaptive_crosssdc_cmr,hinge,1.0,0.01,0.5606756409009298,0.38118407130241394,0.8062363068262736,0.24187089204788206,0.006578996441223555,0.0006578996441223556,0.1753472222222222,0.0798611111111111,0.011692631161875196,0.0037626251578330994,0.5275999903678894
9,58,adaptive_crosssdc_cmr,hinge,1.0,0.01,0.5482481122016907,0.38690389858351815,0.8077817559242249,0.24233452677726744,0.006232044918255674,0.0006232044918255674,0.1640625,0.0859375,0.01075172507100635,0.004074675341447194,0.524399995803833
9,59,adaptive_crosssdc_cmr,hinge,1.0,0.01,0.5526650349299113,0.40042172206772697,0.8404472404056125,0.2521341721216837,0.005465061584901478,0.0005465061584901479,0.1545138888888889,0.07118055555555555,0.009759940000043975,0.0032578015493022073,0.5260000228881836
9,60,adaptive_crosssdc_cmr,hinge,1.0,0.01,0.5491004983584086,0.41092173589600456,0.8360380993949043,0.25081142981847127,0.00494410702958703,0.0004944107029587031,0.1579861111111111,0.059027777777777776,0.009452385620938407,0.002545148962073856,0.5230000019073486
9,61,adaptive_crosssdc_cmr,hinge,1.0,0.01,0.5539937482939826,0.42511749267578125,0.8487378689977858,0.2546213606993357,0.004901072864110271,0.0004901072864110272,0.1519097222222222,0.06684027777777778,0.008518096680442492,0.0031143567628330654,0.5296000242233276
9,62,adaptive_crosssdc_cmr,hinge,1.0,0.01,0.5463076035181681,0.40943708684709335,0.82570262087716,0.24771078626314796,0.004569636864794625,0.00045696368647946253,0.1345486111111111,0.06336805555555555,0.008004768855041929,0.0030693643622928196,0.5206000208854675
9,63,adaptive_crosssdc_cmr,hinge,1.0,0.01,0.5587046146392822,0.4177965654267205,0.8910554581218295,0.2673166374365488,0.005140288939906491,0.0005140288939906491,0.14583333333333334,0.06944444444444445,0.009146561018294759,0.0031124932898415458,0.526199996471405
9,64,adaptive_crosssdc_cmr,hinge,1.0,0.01,0.5354304512341818,0.40462573369344074,0.8209154340955946,0.24627463022867838,0.004460897555367814,0.00044608975553678146,0.1440972222222222,0.07465277777777778,0.007145566658841239,0.00368825097878774,0.5234000086784363
9,65,adaptive_crosssdc_cmr,hinge,1.0,0.01,0.5457563400268555,0.40781334042549133,0.8511891961097717,0.2553567588329315,0.004570458601746295,0.0004570458601746295,0.1362847222222222,0.07118055555555555,0.007198934339814716,0.0038388239012824166,0.5220000147819519
9,66,adaptive_crosssdc_cmr,hinge,1.0,0.01,0.5323799981011285,0.4123000038994683,0.8210052053133646,0.24630156159400937,0.004409056829495562,0.00044090568294955624,0.1328125,0.052083333333333336,0.008369629167848162,0.002364024105999205,0.5267999768257141
9,67,adaptive_crosssdc_cmr,hinge,1.0,0.01,0.5829666124449836,0.449723031785753,0.9161177608701918,0.27483532826105755,0.006081942986283038,0.0006081942986283038,0.15885416666666666,0.06684027777777778,0.011087118337551752,0.003101049611965815,0.5210000276565552
9,68,adaptive_crosssdc_cmr,hinge,1.0,0.01,0.5233073698149787,0.37743796904881793,0.7666401796870761,0.22999205390612282,0.004465530574735668,0.0004465530574735668,0.13368055555555555,0.051215277777777776,0.008151551087697348,0.002342675295141008,0.5260000228881836
9,69,adaptive_crosssdc_cmr,hinge,1.0,0.01,0.5407370328903198,0.3907499644491408,0.8089087473021613,0.2426726241906484,0.00396255465845267,0.000396255465845267,0.13368055555555555,0.0625,0.0069360194934739005,0.0028609997696346706,0.526199996471405
9,70,adaptive_crosssdc_cmr,hinge,1.0,0.01,0.5338798297776116,0.41487875911924577,0.8196735315852695,0.24590205947558083,0.004580119003852208,0.00045801190038522084,0.13368055555555555,0.05295138888888889,0.0076371363053719206,0.0029370254940456813,0.5235999822616577
9,71,adaptive_crosssdc_cmr,hinge,1.0,0.01,0.5258757736947801,0.4122816026210785,0.8123432464069791,0.24370297392209372,0.003920331894834008,0.00039203318948340083,0.1189236111111111,0.06076388888888889,0.006919142272737291,0.0026649878256850773,0.5252000093460083
9,72,adaptive_crosssdc_cmr,hinge,1.0,0.01,0.5435412526130676,0.4510994520452287,0.8713804218504164,0.2614141265551249,0.0034764904994517565,0.00034764904994517566,0.11024305555555555,0.049479166666666664,0.006674131585492028,0.00179061997267935,0.5260000228881836
9,73,adaptive_crosssdc_cmr,hinge,1.0,0.01,0.5348082251018949,0.425676918692059,0.8477654457092285,0.25432963371276857,0.004347142711695697,0.00043471427116956976,0.11024305555555555,0.07552083333333333,0.00643717787332005,0.003772732698255115,0.5242000222206116
9,74,adaptive_crosssdc_cmr,hinge,1.0,0.01,0.5311276084846921,0.40915534231397843,0.8224466641743978,0.24673399925231934,0.003216232832831641,0.0003216232832831641,0.11979166666666667,0.046875,0.005993451923131943,0.002057501425345739,0.5306000113487244
9,75,adaptive_crosssdc_cmr,hinge,1.0,0.01,0.5227571924527487,0.42991866336928475,0.8148061964246962,0.24444185892740886,0.0031100458775957427,0.0003110045877595743,0.10416666666666667,0.051215277777777776,0.005677523298396004,0.002057474520471361,0.5266000032424927
9,76,adaptive_crosssdc_cmr,hinge,1.0,0.01,0.5375730925136142,0.4380200935734643,0.8661941952175565,0.25985825856526695,0.0036529276468273667,0.0003652927646827367,0.11458333333333333,0.057291666666666664,0.006432397498024834,0.0024862682653797995,0.5278000235557556
9,77,adaptive_crosssdc_cmr,hinge,1.0,0.01,0.5227076941066318,0.4273287256558736,0.8304047452078925,0.24912142356236774,0.003231266720427407,0.0003231266720427407,0.0998263888888889,0.051215277777777776,0.005738479809628593,0.002081298993693458,0.5264000296592712
9,78,adaptive_crosssdc_cmr,hinge,1.0,0.01,0.5354322459962633,0.43182119727134705,0.8704061574406095,0.26112184723218285,0.0031259324944888553,0.00031259324944888555,0.11197916666666667,0.050347222222222224,0.005668150881926219,0.0020813503199153477,0.5281999707221985
9,79,adaptive_crosssdc_cmr,hinge,1.0,0.01,0.5306526488727994,0.4404490292072296,0.8432523608207703,0.25297570824623106,0.0035257918449739614,0.00035257918449739615,0.1111111111111111,0.059027777777777776,0.005919975952969657,0.002637092024087906,0.527999997138977
9,80,adaptive_crosssdc_cmr,hinge,1.0,0.01,0.5159451696607802,0.4218960205713908,0.8156537082460191,0.24469611247380574,0.002907989986447824,0.0002907989986447824,0.1076388888888889,0.04861111111111111,0.005443760504325231,0.0019562107821305594,0.525600016117096
9,81,adaptive_crosssdc_cmr,hinge,1.0,0.01,0.5157302717367808,0.4144666824075911,0.824941012594435,0.24748230377833047,0.0027695367785377633,0.00027695367785377634,0.09722222222222222,0.049479166666666664,0.005117536418967777,0.001729885737101237,0.5253999829292297
9,82,adaptive_crosssdc_cmr,hinge,1.0,0.01,0.5153513451417288,0.4239022996690538,0.8318539394272698,0.24955618182818093,0.003077976509100861,0.0003077976509100861,0.10503472222222222,0.05555555555555555,0.005652943419085609,0.0023007123834557002,0.5289999842643738
9,83,adaptive_crosssdc_cmr,hinge,1.0,0.01,0.5060304833783044,0.39774010909928215,0.8072087897194756,0.24216263691584267,0.0023169364754317533,0.00023169364754317535,0.10677083333333333,0.04079861111111111,0.004432012637456258,0.0017957902616924709,0.5293999910354614
9,84,adaptive_crosssdc_cmr,hinge,1.0,0.01,0.5201026962863075,0.4392445186773936,0.8449997570779588,0.25349992712338765,0.002751617789423714,0.0002751617789423714,0.10850694444444445,0.0546875,0.004577580839395523,0.002286153948969311,0.5281999707221985
9,85,adaptive_crosssdc_cmr,hinge,1.0,0.01,0.5036625100506676,0.40769452187750077,0.7968169384532504,0.23904508153597512,0.0019046092121344474,0.00019046092121344476,0.0859375,0.03211805555555555,0.003957228942049874,0.0010936053262816535,0.531000018119812
9,86,adaptive_crosssdc_cmr,hinge,1.0,0.01,0.5106121268537309,0.43516990211274886,0.8384395904011197,0.2515318771203359,0.0024027447474913467,0.00024027447474913468,0.0920138888888889,0.043402777777777776,0.004290988047917684,0.0017015640106466082,0.5289999842643738
9,87,adaptive_crosssdc_cmr,hinge,1.0,0.01,0.5196732680002848,0.45385024613804287,0.8691368103027344,0.2607410430908203,0.002490680276726683,0.0002490680276726683,0.08246527777777778,0.058159722222222224,0.003955898599492179,0.002477116882801056,0.5270000100135803
9,88,adaptive_crosssdc_cmr,hinge,1.0,0.01,0.5002920395798154,0.4260602692763011,0.8060620956950717,0.2418186287085215,0.0019901874475181103,0.00019901874475181103,0.08159722222222222,0.04861111111111111,0.003710898674196667,0.001695270339647929,0.5275999903678894
9,89,adaptive_crosssdc_cmr,hinge,1.0,0.01,0.5255553126335144,0.4579691059059567,0.8843725124994913,0.2653117537498474,0.0020123946144142086,0.00020123946144142086,0.07465277777777778,0.036458333333333336,0.0035767157872517905,0.0015682611200544569,0.5293999910354614
9,90,adaptive_crosssdc_cmr,hinge,1.0,0.01,0.5301312075720893,0.4722149703237746,0.9053208894199796,0.27159626682599386,0.0026895021243641772,0.00026895021243641775,0.10243055555555555,0.05381944444444445,0.004837676054901547,0.0021411929693486956,0.5306000113487244
9,91,adaptive_crosssdc_cmr,hinge,1.0,0.01,0.5268471505906847,0.4541265931394365,0.8823079069455465,0.2646923720836639,0.002359853261926522,0.0002359853261926522,0.08072916666666667,0.05381944444444445,0.0036037427683671317,0.0022839311924245623,0.5284000039100647
9,92,adaptive_crosssdc_cmr,hinge,1.0,0.01,0.5189714001284705,0.4472997552818722,0.8543434143066406,0.2563030242919922,0.002349651742002202,0.00023496517420022023,0.0859375,0.059895833333333336,0.0037724822759628296,0.002190010001262029,0.5284000039100647
9,93,adaptive_crosssdc_cmr,hinge,1.0,0.01,0.5162048670980666,0.44068804383277893,0.8410052392217848,0.25230157176653545,0.002550459208173884,0.0002550459208173884,0.08940972222222222,0.042534722222222224,0.004696862151225408,0.0015125469201140935,0.5284000039100647
9,94,adaptive_crosssdc_cmr,hinge,1.0,0.01,0.5155443350474039,0.46302181482315063,0.8465633591016134,0.25396900773048403,0.0023620015061977836,0.00023620015061977836,0.07291666666666667,0.05381944444444445,0.003683218111594518,0.002205146683586968,0.5285999774932861
9,95,adaptive_crosssdc_cmr,hinge,1.0,0.01,0.5113520953390334,0.44529177745183307,0.8381913635465834,0.251457409063975,0.0019241150520328018,0.0001924115052032802,0.07552083333333333,0.035590277777777776,0.0035843042035897574,0.0013338319129414028,0.527400016784668
9,96,adaptive_crosssdc_cmr,hinge,1.0,0.01,0.503331740697225,0.4422098961141374,0.8206415242618985,0.24619245727856953,0.0024584502421526443,0.00024584502421526447,0.09722222222222222,0.03819444444444445,0.004698163933224148,0.0015013284153408473,0.5288000106811523
9,97,adaptive_crosssdc_cmr,hinge,1.0,0.01,0.5096633831659952,0.4264414774047004,0.8385875357521905,0.25157626072565714,0.0021272245600509145,0.00021272245600509148,0.07118055555555555,0.04861111111111111,0.003376320004463196,0.00209355933798684,0.5307999849319458
9,98,adaptive_crosssdc_cmr,hinge,1.0,0.01,0.5093480514155494,0.449625379509396,0.8325935271051195,0.24977805813153584,0.0019732710142205986,0.00019732710142205987,0.07552083333333333,0.04513888888888889,0.0037211088670624625,0.0016087103221151563,0.527999997138977
9,99,adaptive_crosssdc_cmr,hinge,1.0,0.01,0.51890429854393,0.44814545578426784,0.8263518810272217,0.2479055643081665,0.002686178376380768,0.0002686178376380768,0.0842013888888889,0.041666666666666664,0.004992367492781745,0.0017735324800014496,0.5321999788284302
9,100,adaptive_crosssdc_cmr,hinge,1.0,0.01,0.5046357810497284,0.4186924828423394,0.7733993331591288,0.23201979994773864,0.0034926861472841767,0.0003492686147284177,0.10503472222222222,0.046875,0.005901549425390031,0.0023456894689136082,0.5278000235557556
9,101,adaptive_crosssdc_cmr,hinge,1.0,0.01,0.5208280152744718,0.44561060269673664,0.8192938566207886,0.24578815698623657,0.002976331626996398,0.00029763316269963984,0.09114583333333333,0.04861111111111111,0.004812402029832204,0.0021677795383665296,0.5329999923706055
9,102,adaptive_crosssdc_cmr,hinge,1.0,0.01,0.5092050962977939,0.42252682977252537,0.7953797115219964,0.2386139134565989,0.0026884230319410563,0.00026884230319410566,0.08940972222222222,0.044270833333333336,0.004770614206790924,0.0018928961621390448,0.5333999991416931
9,103,adaptive_crosssdc_cmr,hinge,1.0,0.01,0.5060019294420878,0.44194768534766304,0.8158183296521505,0.24474549889564515,0.0019400045663739245,0.00019400045663739245,0.0642361111111111,0.03819444444444445,0.0032523427572515276,0.0016396182278792064,0.5296000242233276
9,104,adaptive_crosssdc_cmr,hinge,1.0,0.01,0.5102677444616953,0.4628899130556319,0.8553065657615662,0.2565919697284698,0.00180101432164924,0.00018010143216492402,0.06163194444444445,0.041666666666666664,0.002652320596906874,0.001982297334406111,0.5284000039100647
9,105,adaptive_crosssdc_cmr,hinge,1.0,0.01,0.5141139494048225,0.47542671362559,0.8713931639989217,0.26141794919967654,0.0017599235935550597,0.000175992359355506,0.0720486111111111,0.043402777777777776,0.0028419142795933616,0.0017904390891393025,0.5335999727249146
9,106,adaptive_crosssdc_cmr,hinge,1.0,0.01,0.4821797145737542,0.42095645931031966,0.7814977632628547,0.2344493289788564,0.0018958085759853323,0.00018958085759853324,0.059027777777777776,0.04513888888888889,0.0030243520935376487,0.0017292412618796031,0.5270000100135803
9,107,adaptive_crosssdc_cmr,hinge,1.0,0.01,0.4964343143834008,0.45791420671674943,0.838982555601332,0.2516947666803996,0.0012572813235844176,0.00012572813235844175,0.044270833333333336,0.03125,0.0019436503450075786,0.001376167353656557,0.5303999781608582
9,108,adaptive_crosssdc_cmr,hinge,1.0,0.01,0.5014880332681868,0.46605785025490654,0.8532567289140489,0.2559770186742147,0.0014020170783624053,0.00014020170783624053,0.04774305555555555,0.044270833333333336,0.0016330273614989386,0.0018375048206912146,0.5329999923706055
9,109,adaptive_crosssdc_cmr,hinge,1.0,0.01,0.49637747473186916,0.4793650607268016,0.8434577981630961,0.2530373394489288,0.0015583312164785133,0.00015583312164785135,0.06944444444444445,0.04861111111111111,0.0028342848850621116,0.0015376321971416473,0.5293999910354614
9,110,adaptive_crosssdc_cmr,hinge,1.0,0.01,0.4705244269635942,0.41216976443926495,0.7638314498795403,0.2291494349638621,0.0012516755701249673,0.00012516755701249673,0.050347222222222224,0.03819444444444445,0.0022672609322600895,0.0012041466931502025,0.5302000045776367
9,111,adaptive_crosssdc_cmr,hinge,1.0,0.01,0.50166697634591,0.46848103735182023,0.8559967080752054,0.25679901242256165,0.0016687512397766113,0.00016687512397766115,0.07899305555555555,0.0234375,0.0034045399063163334,0.0009349497656027476,0.5314000248908997
9,112,adaptive_crosssdc_cmr,hinge,1.0,0.01,0.4981217450565762,0.4547882676124573,0.8426635397805108,0.25279906193415325,0.0014746402674872014,0.00014746402674872014,0.0625,0.04079861111111111,0.002463732742600971,0.0015370411177476246,0.531000018119812
9,113,adaptive_crosssdc_cmr,hinge,1.0,0.01,0.5062552491823832,0.4851003222995334,0.8643338017993503,0.25930014053980505,0.0016771950888343984,0.00016771950888343985,0.06597222222222222,0.04079861111111111,0.00260381441977289,0.0018224670655197566,0.5303999781608582
9,114,adaptive_crosssdc_cmr,hinge,1.0,0.01,0.48327377438545227,0.4272603889306386,0.7831638852755228,0.23494916558265683,0.0019310064122287764,0.00019310064122287764,0.07552083333333333,0.04600694444444445,0.0034234031207031673,0.0015948261651727888,0.5320000052452087
9,115,adaptive_crosssdc_cmr,hinge,1.0,0.01,0.4755229420132107,0.4267471465799544,0.759621885087755,0.22788656552632647,0.0013727271580137312,0.00013727271580137314,0.05555555555555555,0.03819444444444445,0.0024939204255739846,0.0013033255106872981,0.5284000039100647
9,116,adaptive_crosssdc_cmr,hinge,1.0,0.01,0.5202086302969191,0.4848194387223985,0.8733787735303243,0.2620136320590973,0.0018952915820086168,0.0001895291582008617,0.07291666666666667,0.03298611111111111,0.003229375100798077,0.001434878342681461,0.5339999794960022
9,117,adaptive_crosssdc_cmr,hinge,1.0,0.01,0.49377962615754867,0.44172824091381496,0.8020594252480401,0.24061782757441202,0.001597545303714772,0.00015975453037147722,0.06163194444444445,0.034722222222222224,0.0027052387595176697,0.0013279136684205797,0.5360000133514404
9,118,adaptive_crosssdc_cmr,hinge,1.0,0.01,0.48372981283399796,0.42755744523472256,0.767580509185791,0.2302741527557373,0.002353111715314703,0.00023531117153147033,0.0720486111111111,0.044270833333333336,0.0038803762031926047,0.0017557214531633589,0.5296000242233276
9,119,adaptive_crosssdc_cmr,hinge,1.0,0.01,0.494294007619222,0.43318216999371845,0.8081989222102695,0.24245967666308083,0.0022630130665169824,0.00022630130665169824,0.06597222222222222,0.051215277777777776,0.003211073163482878,0.0023379193411933053,0.5324000120162964
9,120,adaptive_crosssdc_cmr,hinge,1.0,0.01,0.5089095267984602,0.4380578266249763,0.815773692395952,0.2447321077187856,0.0035192460571933123,0.00035192460571933123,0.08072916666666667,0.052083333333333336,0.005198276291290919,0.002674155765109592,0.5293999910354614
9,121,adaptive_crosssdc_cmr,hinge,1.0,0.01,0.521423319975535,0.46044234103626674,0.8295318020714654,0.2488595406214396,0.0023539301538322535,0.00023539301538322537,0.0798611111111111,0.043402777777777776,0.003923412412405014,0.0019198846485879687,0.5314000248908997
9,122,adaptive_crosssdc_cmr,hinge,1.0,0.01,0.5229384899139404,0.46553801165686715,0.8446339103910658,0.25339017311731976,0.0031885374466785127,0.00031885374466785127,0.0859375,0.041666666666666664,0.005365300923585892,0.001957233167356915,0.5343999862670898
9,123,adaptive_crosssdc_cmr,hinge,1.0,0.01,0.5140249662929111,0.46211671829223633,0.8294826812214322,0.24884480436642964,0.0029734583933734232,0.0002973458393373423,0.09114583333333333,0.043402777777777776,0.004851719985405604,0.0019428655505180359,0.5289999842643738
9,124,adaptive_crosssdc_cmr,hinge,1.0,0.01,0.5114972856309679,0.4423835476239522,0.8234735462400649,0.24704206387201944,0.0025755005448849667,0.00025755005448849667,0.07291666666666667,0.03993055555555555,0.00416808533999655,0.0019428816934426625,0.5368000268936157
9,125,adaptive_crosssdc_cmr,hinge,1.0,0.01,0.5410271618101332,0.5034520063135359,0.9039226637946235,0.27117679913838705,0.0028975263574264115,0.00028975263574264115,0.06944444444444445,0.052083333333333336,0.0038580012818177543,0.002631316582361857,0.5299999713897705
9,126,adaptive_crosssdc_cmr,hinge,1.0,0.01,0.49597307708528304,0.4293000400066376,0.7740541365411546,0.2322162409623464,0.002444385395695766,0.0002444385395695766,0.08072916666666667,0.03993055555555555,0.0038446635007858276,0.0020373198721143934,0.5356000065803528
9,127,adaptive_crosssdc_cmr,hinge,1.0,0.01,0.5010309351815118,0.4564788109726376,0.8178810212347243,0.24536430637041728,0.0020591965617818963,0.00020591965617818963,0.0685763888888889,0.03298611111111111,0.0032492209639814165,0.001653405527273814,0.5317999720573425
9,128,adaptive_crosssdc_cmr,hinge,1.0,0.01,0.5105804204940796,0.49327996373176575,0.8480380243725247,0.25441140731175743,0.00156375683662999,0.000156375683662999,0.06076388888888889,0.03298611111111111,0.0026181816226906246,0.0013790631459818946,0.5306000113487244
9,129,adaptive_crosssdc_cmr,hinge,1.0,0.01,0.49721800287564594,0.4612612856758965,0.8166961007648044,0.2450088302294413,0.001830437919124961,0.0001830437919124961,0.0625,0.04079861111111111,0.0028776567843225268,0.001691109604305691,0.5335999727249146
9,130,adaptive_crosssdc_cmr,hinge,1.0,0.01,0.4897679388523102,0.4508276018831465,0.804678930176629,0.24140367905298868,0.0015937329994307624,0.00015937329994307624,0.06163194444444445,0.03819444444444445,0.002669643610715866,0.0014440909855895573,0.531000018119812
9,131,adaptive_crosssdc_cmr,hinge,1.0,0.01,0.4817713167932298,0.4339028265741136,0.7731106016370985,0.23193318049112954,0.0013544255343731493,0.00013544255343731493,0.04861111111111111,0.03211805555555555,0.0021192075477706063,0.001262604362434811,0.5324000120162964
9,132,adaptive_crosssdc_cmr,hinge,1.0,0.01,0.4901705781618754,0.4558897746933831,0.8012594713105096,0.24037784139315285,0.0011519365167866151,0.00011519365167866152,0.049479166666666664,0.033854166666666664,0.0017668786976072523,0.0013518370687961578,0.5353999733924866
9,133,adaptive_crosssdc_cmr,hinge,1.0,0.01,0.5076807339986166,0.46936827566888595,0.8425003753768073,0.2527501126130422,0.001764439098123047,0.0001764439098123047,0.06076388888888889,0.03819444444444445,0.002267328401406606,0.002149375362528695,0.5297999978065491
9,134,adaptive_crosssdc_cmr,hinge,1.0,0.01,0.4996691677305434,0.45117108358277214,0.7927430470784506,0.23782291412353515,0.0019318628926864928,0.0001931862892686493,0.07291666666666667,0.036458333333333336,0.003429941005176968,0.0013542754782570733,0.5360000133514404
9,135,adaptive_crosssdc_cmr,hinge,1.0,0.01,0.49217308561007184,0.4571819868352678,0.7895743979348077,0.2368723193804423,0.001503746406847818,0.0001503746406847818,0.06684027777777778,0.042534722222222224,0.002658881660964754,0.0014661086930169,0.5315999984741211
9,136,adaptive_crosssdc_cmr,hinge,1.0,0.01,0.5091244843271043,0.480106920003891,0.854364726278517,0.2563094178835551,0.0012821372656617314,0.00012821372656617315,0.04774305555555555,0.033854166666666664,0.002136070281267166,0.0011970943046940698,0.5329999923706055
9,137,adaptive_crosssdc_cmr,hinge,1.0,0.01,0.4948911236392127,0.4746103684107463,0.8220673667060004,0.24662021001180012,0.0017819447125980838,0.0001781944712598084,0.05642361111111111,0.0390625,0.0026770739091767203,0.0017410202158821954,0.534600019454956
9,138,adaptive_crosssdc_cmr,hinge,1.0,0.01,0.4882528848118252,0.4531952639420827,0.7902316252390543,0.23706948757171628,0.0021252623539314503,0.00021252623539314504,0.059027777777777776,0.04513888888888889,0.002713411632511351,0.002311896946695116,0.5314000248908997
9,139,adaptive_crosssdc_cmr,hinge,1.0,0.01,0.5061320530043708,0.47975342472394306,0.8502155476146274,0.2550646642843882,0.001850809934290333,0.0001850809934290333,0.057291666666666664,0.0390625,0.002628359943628311,0.0019456793864568074,0.5324000120162964
9,140,adaptive_crosssdc_cmr,hinge,1.0,0.01,0.4981873863273197,0.47357157866160077,0.8182529343499078,0.2454758803049723,0.002062094436647991,0.00020620944366479913,0.0625,0.046875,0.002735255906979243,0.0023281325896581015,0.5314000248908997
9,141,adaptive_crosssdc_cmr,hinge,1.0,0.01,0.5200678077008989,0.4963537984424167,0.874847239918179,0.2624541719754537,0.0021286660404358474,0.00021286660404358474,0.06770833333333333,0.03993055555555555,0.00328506405154864,0.0018412772980001238,0.5333999991416931
9,142,adaptive_crosssdc_cmr,hinge,1.0,0.01,0.485367304748959,0.42751072512732613,0.7668873932626512,0.23006621797879534,0.001573527665136175,0.0001573527665136175,0.06076388888888889,0.03732638888888889,0.0024007223546504974,0.0015256967809465197,0.5325999855995178
9,143,adaptive_crosssdc_cmr,hinge,1.0,0.01,0.5059194068113962,0.47487348980373806,0.8163413537873162,0.24490240613619485,0.0023175267787236306,0.00023175267787236306,0.07552083333333333,0.044270833333333336,0.0033899260063966117,0.0022645464373959433,0.531000018119812
9,144,adaptive_crosssdc_cmr,hinge,1.0,0.01,0.5302470127741495,0.47353122300571865,0.8174282908439636,0.24522848725318908,0.0033350016326747006,0.0003335001632674701,0.08940972222222222,0.03298611111111111,0.006005437423785527,0.0013668768935733372,0.5350000262260437
9,145,adaptive_crosssdc_cmr,hinge,1.0,0.01,0.5448844366603427,0.4661640524864197,0.810489661163754,0.24314689834912617,0.004338449177642663,0.00043384491776426635,0.08680555555555555,0.0546875,0.006927604062689675,0.002609019892083274,0.52920001745224
9,146,adaptive_crosssdc_cmr,hinge,1.0,0.01,0.540740602546268,0.4721582730611165,0.8085007535086738,0.24255022605260212,0.00540171227314406,0.000540171227314406,0.11284722222222222,0.06076388888888889,0.008586280875735812,0.003262567851278517,0.5299999713897705
9,147,adaptive_crosssdc_cmr,hinge,1.0,0.01,0.5352497961786058,0.46030797561009723,0.8205605016814338,0.24616815050443014,0.003105105120792157,0.00031051051207921573,0.07291666666666667,0.04774305555555555,0.004444265531169044,0.0026043479641278586,0.5335999727249146
9,148,adaptive_crosssdc_cmr,hinge,1.0,0.01,0.5233880115879906,0.4712277452150981,0.8037825160556369,0.24113475481669105,0.003235926644669639,0.0003235926644669639,0.0642361111111111,0.05381944444444445,0.0033872926400767434,0.0037219474713007608,0.534600019454956
9,149,adaptive_crosssdc_cmr,hinge,1.0,0.01,0.5030277007155948,0.44593868652979535,0.7621903220812479,0.22865709662437436,0.0024111618759990153,0.00024111618759990153,0.07291666666666667,0.042534722222222224,0.003981877532270219,0.0017557355264822643,0.534600019454956
9,150,adaptive_crosssdc_cmr,hinge,1.0,0.01,0.5199859672122531,0.47717764642503524,0.8370916313595242,0.2511274894078573,0.0021309824272369346,0.00021309824272369346,0.06944444444444445,0.03298611111111111,0.0035290014412668017,0.0015324710143937005,0.5335999727249146
9,151,adaptive_crosssdc_cmr,hinge,1.0,0.01,0.5012474457422892,0.4705280098650191,0.8211671246422662,0.24635013739267983,0.00187909671674586,0.000187909671674586,0.051215277777777776,0.0390625,0.0024451841082837847,0.001990887853834364,0.5335999727249146
9,152,adaptive_crosssdc_cmr,hinge,1.0,0.01,0.5025748113791147,0.46946243113941616,0.8129345178604126,0.24388035535812377,0.0019076156054830386,0.00019076156054830386,0.058159722222222224,0.029513888888888888,0.0033372040424082014,0.0011590859956211513,0.5353999733924866
9,153,adaptive_crosssdc_cmr,hinge,1.0,0.01,0.5008903178903792,0.47719954119788277,0.8138575620121427,0.24415726860364279,0.002057216983909408,0.00020572169839094083,0.049479166666666664,0.034722222222222224,0.003228642460372713,0.001556917197174496,0.5361999869346619
9,154,adaptive_crosssdc_cmr,hinge,1.0,0.01,0.497642715771993,0.46489794386757743,0.8181155588891771,0.24543466766675312,0.0024465080932714045,0.00024465080932714047,0.06770833333333333,0.035590277777777776,0.0036236362324820626,0.0019536473684840733,0.5343999862670898
9,155,adaptive_crosssdc_cmr,hinge,1.0,0.01,0.4695793257819282,0.4484032624297672,0.7741096350881789,0.23223289052645366,0.0014049301971681416,0.00014049301971681417,0.04774305555555555,0.036458333333333336,0.0017360879315270318,0.0017459711266888513,0.534600019454956
9,156,adaptive_crosssdc_cmr,hinge,1.0,0.01,0.46805597013897365,0.4621696174144745,0.7798457344373068,0.23395372033119202,0.0012290441340559886,0.00012290441340559886,0.041666666666666664,0.028645833333333332,0.0017803986039426592,0.0013438893689049615,0.5342000126838684
9,157,adaptive_crosssdc_cmr,hinge,1.0,0.01,0.49246827099058366,0.5053909685876634,0.8626823955112033,0.25880471865336097,0.0010813090613939697,0.00010813090613939698,0.04600694444444445,0.03298611111111111,0.0017706880138980018,0.0011985359920395745,0.5351999998092651
9,158,adaptive_crosssdc_cmr,hinge,1.0,0.01,0.467200153403812,0.46514178978072274,0.792904900179969,0.23787147005399067,0.0008837379282340407,8.837379282340408e-05,0.03993055555555555,0.026909722222222224,0.0015542668600877125,0.000930816349056032,0.5332000255584717
9,159,adaptive_crosssdc_cmr,hinge,1.0,0.01,0.46908238530158997,0.4698453081978692,0.800303664472368,0.24009109934171038,0.0008604693074529576,8.604693074529577e-05,0.03993055555555555,0.024305555555555556,0.001172979258828693,0.0011594750814967686,0.5353999733924866
9,160,adaptive_crosssdc_cmr,hinge,1.0,0.01,0.45969613393147785,0.4591541687647502,0.7866214447551303,0.23598643342653908,0.0007878366029924817,7.878366029924817e-05,0.034722222222222224,0.029513888888888888,0.0011065676808357239,0.0010261982679367065,0.5335999727249146
9,161,adaptive_crosssdc_cmr,hinge,1.0,0.01,0.4571578833791945,0.45209703511661953,0.7703215479850769,0.23109646439552306,0.0010390491677551633,0.00010390491677551633,0.04774305555555555,0.03125,0.0018154262668556636,0.0010671545233991411,0.5315999984741211
9,162,adaptive_crosssdc_cmr,hinge,1.0,0.01,0.4710580243004693,0.4567059344715542,0.8193615939882066,0.24580847819646198,0.0008163067460474041,8.163067460474041e-05,0.03993055555555555,0.024305555555555556,0.001435389949215783,0.0008345242175790998,0.5361999869346619
9,163,adaptive_crosssdc_cmr,hinge,1.0,0.01,0.47374865412712097,0.4713325599829356,0.8107661936018202,0.24322985808054606,0.0009890931024630037,9.890931024630038e-05,0.03298611111111111,0.03819444444444445,0.0011915196147229937,0.0014174340499771966,0.5351999998092651
9,164,adaptive_crosssdc_cmr,hinge,1.0,0.01,0.4676023026307424,0.4804459777143266,0.7982240319252014,0.2394672095775604,0.0009029168771424642,9.029168771424642e-05,0.044270833333333336,0.035590277777777776,0.0014602185951338874,0.001105054799053404,0.5329999923706055
9,165,adaptive_crosssdc_cmr,hinge,1.0,0.01,0.46494219700495404,0.4499877095222473,0.7850140002038744,0.2355042000611623,0.0008904439714064614,8.904439714064614e-05,0.03993055555555555,0.024305555555555556,0.001542876578039593,0.0009167479972044627,0.5356000065803528
9,166,adaptive_crosssdc_cmr,hinge,1.0,0.01,0.4593670202626122,0.4529175062974294,0.7734779980447557,0.2320433994134267,0.0011270084715862242,0.00011270084715862242,0.049479166666666664,0.033854166666666664,0.001989984263976415,0.001020560661951701,0.5357999801635742
9,167,adaptive_crosssdc_cmr,hinge,1.0,0.01,0.4658502009179857,0.45330842667155796,0.7861749132474264,0.2358524739742279,0.0008581189904361963,8.581189904361964e-05,0.042534722222222224,0.022569444444444444,0.0014833456112278833,0.0008186548948287964,0.5332000255584717
9,168,adaptive_crosssdc_cmr,hinge,1.0,0.01,0.47028911113739014,0.4681565562884013,0.8087315228250291,0.24261945684750874,0.0011084492176046802,0.00011084492176046803,0.04513888888888889,0.03298611111111111,0.0016376090546449025,0.001350333293279012,0.5350000262260437
9,169,adaptive_crosssdc_cmr,hinge,1.0,0.01,0.47940006521013045,0.48631274037890965,0.838441424899631,0.2515324274698893,0.0009533883680382536,9.533883680382537e-05,0.043402777777777776,0.033854166666666664,0.0015500978463225895,0.0011549389196766748,0.5347999930381775
9,170,adaptive_crosssdc_cmr,hinge,1.0,0.01,0.4595580862628089,0.44641239444414776,0.7722907728619046,0.23168723185857137,0.0007795918257518982,7.795918257518983e-05,0.044270833333333336,0.026041666666666668,0.0014976337552070618,0.0008074980643060473,0.5343999862670898
9,171,adaptive_crosssdc_cmr,hinge,1.0,0.01,0.4770827657646603,0.49421006109979415,0.8237006995413039,0.24711020986239116,0.0012406662442824906,0.00012406662442824906,0.04774305555555555,0.036458333333333336,0.0020102589494652217,0.0012700677745872075,0.532800018787384
9,172,adaptive_crosssdc_cmr,hinge,1.0,0.01,0.4561010996500651,0.44986799028184676,0.7684501608212789,0.23053504824638366,0.0010639155969127184,0.00010639155969127185,0.04600694444444445,0.024305555555555556,0.0018505102230442895,0.0010257272256745233,0.5332000255584717
9,173,adaptive_crosssdc_cmr,hinge,1.0,0.01,0.462387031979031,0.47046563360426163,0.7818053232298957,0.2345415969689687,0.0011327227192749786,0.00011327227192749786,0.04861111111111111,0.028645833333333332,0.0019383831984466976,0.0010067861941125658,0.5343999862670898
9,174,adaptive_crosssdc_cmr,hinge,1.0,0.01,0.46425067716174656,0.46427709195348954,0.7829643421702914,0.23488930265108743,0.0014106528445457418,0.00014106528445457419,0.05642361111111111,0.028645833333333332,0.002258518503771888,0.0012919439209832086,0.5360000133514404
9,175,adaptive_crosssdc_cmr,hinge,1.0,0.01,0.4690135220686595,0.46992305914560956,0.7894361284044054,0.23683083852132158,0.0009184319351334125,9.184319351334125e-05,0.044270833333333336,0.029513888888888888,0.001711338758468628,0.0008560241096549564,0.5356000065803528
9,176,adaptive_crosssdc_cmr,hinge,1.0,0.01,0.4595026307635837,0.45683619048860336,0.7625149687131246,0.22875449061393738,0.0012094453688607449,0.0001209445368860745,0.06076388888888889,0.022569444444444444,0.0024522853394349418,0.0007672558228174845,0.5371999740600586
9,177,adaptive_crosssdc_cmr,hinge,1.0,0.01,0.48538574907514787,0.49010224805937874,0.815092470910814,0.2445277412732442,0.0012994806877233917,0.00012994806877233918,0.05642361111111111,0.03125,0.0021362933847639295,0.0012728489107555812,0.5338000059127808
9,178,adaptive_crosssdc_cmr,hinge,1.0,0.01,0.4927513533168369,0.48565732108222115,0.8166142238510979,0.24498426715532937,0.0016586739673382705,0.00016586739673382707,0.04774305555555555,0.049479166666666664,0.002013948228624132,0.0020317890577846104,0.5379999876022339
9,179,adaptive_crosssdc_cmr,hinge,1.0,0.01,0.4849405884742737,0.4730904698371887,0.7984010312292311,0.23952030936876934,0.0017145436237721394,0.00017145436237721396,0.06076388888888889,0.033854166666666664,0.0025419282416502633,0.0016299063960711162,0.5361999869346619
9,180,adaptive_crosssdc_cmr,hinge,1.0,0.01,0.5049989322821299,0.5107789999908872,0.864467720190684,0.2593403160572052,0.0020879247782027554,0.00020879247782027555,0.06336805555555555,0.04079861111111111,0.002764711777369181,0.002142049786117342,0.534600019454956
9,181,adaptive_crosssdc_cmr,hinge,1.0,0.01,0.4771879149807824,0.4661835663848453,0.7947298089663187,0.2384189426898956,0.0014435585148425566,0.00014435585148425567,0.0546875,0.03732638888888889,0.002106152888801363,0.001557166791624493,0.532800018787384
9,182,adaptive_crosssdc_cmr,hinge,1.0,0.01,0.47980814178784686,0.4853471683131324,0.7985937396685282,0.23957812190055844,0.001887133739526487,0.0001887133739526487,0.06163194444444445,0.034722222222222224,0.0029916738470395408,0.0015574561225043403,0.5329999923706055
9,183,adaptive_crosssdc_cmr,hinge,1.0,0.01,0.47252705693244934,0.4698054293791453,0.7780547539393107,0.2334164261817932,0.0015122626080281204,0.00015122626080281204,0.04079861111111111,0.034722222222222224,0.001947252286805047,0.0016970493727260167,0.5360000133514404
9,184,adaptive_crosssdc_cmr,hinge,1.0,0.01,0.4857092433505588,0.4824331435892317,0.8163037631246779,0.24489112893740336,0.0014270695359704809,0.0001427069535970481,0.044270833333333336,0.03993055555555555,0.0021132205923398337,0.0014023255142900678,0.5321999788284302
9,185,adaptive_crosssdc_cmr,hinge,1.0,0.01,0.4927123652564155,0.4904574387603336,0.826573994424608,0.24797219832738238,0.001746430572691477,0.0001746430572691477,0.04861111111111111,0.034722222222222224,0.002579859561390347,0.0015322822663519117,0.5329999923706055
9,186,adaptive_crosssdc_cmr,hinge,1.0,0.01,0.48560135894351536,0.4782122208012475,0.8023161424530877,0.24069484273592628,0.0013761711549401905,0.00013761711549401906,0.050347222222222224,0.03125,0.0023068698743979135,0.0010550237364239162,0.5368000268936157
9,187,adaptive_crosssdc_cmr,hinge,1.0,0.01,0.48949214153819615,0.47516487704383004,0.810477442211575,0.24314323266347249,0.0017622493905946612,0.00017622493905946615,0.04774305555555555,0.029513888888888888,0.0026149762173493705,0.0015058645771609412,0.5317999720573425
9,188,adaptive_crosssdc_cmr,hinge,1.0,0.01,0.47916750444306266,0.47936394479539657,0.8052932620048523,0.24158797860145567,0.002189577621821728,0.00021895776218217283,0.06336805555555555,0.042534722222222224,0.002925153821706772,0.0021707374188635084,0.5374000072479248
9,189,adaptive_crosssdc_cmr,hinge,1.0,0.01,0.46852373745706344,0.4737529688411289,0.7776447998152839,0.23329343994458515,0.0012857105587803137,0.00012857105587803138,0.049479166666666664,0.03211805555555555,0.002131405389971203,0.0011491825183232625,0.5350000262260437
9,190,adaptive_crosssdc_cmr,hinge,1.0,0.01,0.46675603257285225,0.4640680187278324,0.7758046653535631,0.2327413996060689,0.0015469198187929578,0.0001546919818792958,0.049479166666666664,0.03298611111111111,0.0021893862220976087,0.001431446522474289,0.5353999733924866
9,191,adaptive_crosssdc_cmr,hinge,1.0,0.01,0.4891657696829902,0.5001184079382155,0.8288608392079672,0.24865825176239015,0.0014092256897129118,0.0001409225689712912,0.04774305555555555,0.03211805555555555,0.0018491393162144555,0.0015863126350773706,0.5351999998092651
9,192,adaptive_crosssdc_cmr,hinge,1.0,0.01,0.47379522522290546,0.47870225707689923,0.7774890330102708,0.23324670990308125,0.0017428236573727594,0.00017428236573727596,0.04774305555555555,0.04774305555555555,0.0021201305919223363,0.002041647417677773,0.5393999814987183
9,193,adaptive_crosssdc_cmr,hinge,1.0,0.01,0.4700605538156297,0.4641795853773753,0.7615056369039748,0.22845169107119243,0.0012844492707194553,0.00012844492707194554,0.04774305555555555,0.027777777777777776,0.0020076090262995828,0.001189779904153612,0.5364000201225281
9,194,adaptive_crosssdc_cmr,hinge,1.0,0.01,0.45931170715226066,0.43233543634414673,0.740571657816569,0.2221714973449707,0.0015876520515626504,0.00015876520515626505,0.049479166666666664,0.028645833333333332,0.0025268453690740797,0.001242636392513911,0.5350000262260437
9,195,adaptive_crosssdc_cmr,hinge,1.0,0.01,0.45417454838752747,0.4570466809802585,0.7455953028466966,0.22367859085400899,0.0014840045090143879,0.0001484004509014388,0.058159722222222224,0.03125,0.002371210190984938,0.0012651607394218445,0.5386000275611877
9,196,adaptive_crosssdc_cmr,hinge,1.0,0.01,0.47371970613797504,0.48114341166284347,0.8085528082317777,0.24256584246953328,0.0012787748063500556,0.00012787748063500557,0.044270833333333336,0.029513888888888888,0.0019368785950872633,0.0012582730915811327,0.5356000065803528
9,197,adaptive_crosssdc_cmr,hinge,1.0,0.01,0.47609855069054496,0.48472827010684544,0.7948649658097161,0.2384594897429148,0.0013917837123800483,0.00013917837123800483,0.04079861111111111,0.035590277777777776,0.0017494604819350773,0.0017685095469156902,0.5351999998092651
9,198,adaptive_crosssdc_cmr,hinge,1.0,0.01,0.47583310471640694,0.4856392741203308,0.8045578532748752,0.24136735598246253,0.001028230659560197,0.00010282306595601971,0.036458333333333336,0.034722222222222224,0.001604992068476147,0.0011111477182971106,0.5365999937057495
9,199,adaptive_crosssdc_cmr,hinge,1.0,0.01,0.48206708828608197,0.5047961175441742,0.8289937906795077,0.2486981372038523,0.0011364639956607586,0.00011364639956607587,0.03732638888888889,0.028645833333333332,0.001507522745264901,0.001265303956137763,0.5338000059127808
