step,epoch,fusion_mode,fusion_update_rule,gate_version,gate_min,gate_max,gate_mean,train_loss,ce,kd,instance,class,spatial,temporal,val_acc
0,1,periodic,direct,0,0.5,0.5,0.5,1.96604143248664,1.96604143248664,0.0,0.0,0.0,0.0,0.0,0.426
0,2,periodic,direct,0,0.5,0.5,0.5,1.3815042972564697,1.3815042972564697,0.0,0.0,0.0,0.0,0.0,0.672
0,3,periodic,direct,0,0.5,0.5,0.5,1.032818032635583,1.032818032635583,0.0,0.0,0.0,0.0,0.0,0.72
0,4,periodic,direct,0,0.5,0.5,0.5,0.7964769469367133,0.7964769469367133,0.0,0.0,0.0,0.0,0.0,0.75
0,5,periodic,direct,0,0.5,0.5,0.5,0.6122967534595065,0.6122967534595065,0.0,0.0,0.0,0.0,0.0,0.79
0,6,periodic,direct,0,0.5,0.5,0.5,0.5095763471391466,0.5095763471391466,0.0,0.0,0.0,0.0,0.0,0.83
0,7,periodic,direct,0,0.5,0.5,0.5,0.4144817425145043,0.4144817425145043,0.0,0.0,0.0,0.0,0.0,0.854
0,8,periodic,direct,0,0.5,0.5,0.5,0.33913984563615585,0.33913984563615585,0.0,0.0,0.0,0.0,0.0,0.86
0,9,periodic,direct,0,0.5,0.5,0.5,0.27402586738268536,0.27402586738268536,0.0,0.0,0.0,0.0,0.0,0.866
0,10,periodic,direct,0,0.5,0.5,0.5,0.23893305328157213,0.23893305328157213,0.0,0.0,0.0,0.0,0.0,0.854
0,11,periodic,direct,0,0.5,0.5,0.5,0.2109033680624432,0.2109033680624432,0.0,0.0,0.0,0.0,0.0,0.854
0,12,periodic,direct,0,0.5,0.5,0.5,0.16663124412298203,0.16663124412298203,0.0,0.0,0.0,0.0,0.0,0.882
0,13,periodic,direct,0,0.5,0.5,0.5,0.13830857310030195,0.13830857310030195,0.0,0.0,0.0,0.0,0.0,0.888
0,14,periodic,direct,0,0.5,0.5,0.5,0.11668041514025794,0.11668041514025794,0.0,0.0,0.0,0.0,0.0,0.864
0,15,periodic,direct,0,0.5,0.5,0.5,0.10419455998473698,0.10419455998473698,0.0,0.0,0.0,0.0,0.0,0.874
0,16,periodic,direct,0,0.5,0.5,0.5,0.08751827312840356,0.08751827312840356,0.0,0.0,0.0,0.0,0.0,0.882
0,17,periodic,direct,0,0.5,0.5,0.5,0.07491842781503995,0.07491842781503995,0.0,0.0,0.0,0.0,0.0,0.88
0,18,periodic,direct,0,0.5,0.5,0.5,0.06480364253123601,0.06480364253123601,0.0,0.0,0.0,0.0,0.0,0.886
0,19,periodic,direct,0,0.5,0.5,0.5,0.056826293054554194,0.056826293054554194,0.0,0.0,0.0,0.0,0.0,0.88
0,20,periodic,direct,0,0.5,0.5,0.5,0.05006197922759586,0.05006197922759586,0.0,0.0,0.0,0.0,0.0,0.874
0,21,periodic,direct,0,0.5,0.5,0.5,0.044411246147420674,0.044411246147420674,0.0,0.0,0.0,0.0,0.0,0.882
0,22,periodic,direct,0,0.5,0.5,0.5,0.041447632014751434,0.041447632014751434,0.0,0.0,0.0,0.0,0.0,0.888
0,23,periodic,direct,0,0.5,0.5,0.5,0.03740502314435111,0.03740502314435111,0.0,0.0,0.0,0.0,0.0,0.878
0,24,periodic,direct,0,0.5,0.5,0.5,0.03340090252459049,0.03340090252459049,0.0,0.0,0.0,0.0,0.0,0.872
0,25,periodic,direct,0,0.5,0.5,0.5,0.03256117055813471,0.03256117055813471,0.0,0.0,0.0,0.0,0.0,0.888
0,26,periodic,direct,0,0.5,0.5,0.5,0.028565752423471875,0.028565752423471875,0.0,0.0,0.0,0.0,0.0,0.884
0,27,periodic,direct,0,0.5,0.5,0.5,0.025364615437057283,0.025364615437057283,0.0,0.0,0.0,0.0,0.0,0.88
0,28,periodic,direct,0,0.5,0.5,0.5,0.02497210477789243,0.02497210477789243,0.0,0.0,0.0,0.0,0.0,0.882
0,29,periodic,direct,0,0.5,0.5,0.5,0.023788431452380285,0.023788431452380285,0.0,0.0,0.0,0.0,0.0,0.876
0,30,periodic,direct,0,0.5,0.5,0.5,0.0219078099148141,0.0219078099148141,0.0,0.0,0.0,0.0,0.0,0.884
0,31,periodic,direct,0,0.5,0.5,0.5,0.02212133775982592,0.02212133775982592,0.0,0.0,0.0,0.0,0.0,0.878
0,32,periodic,direct,0,0.5,0.5,0.5,0.020588383285535708,0.020588383285535708,0.0,0.0,0.0,0.0,0.0,0.886
0,33,periodic,direct,0,0.5,0.5,0.5,0.01885236447883977,0.01885236447883977,0.0,0.0,0.0,0.0,0.0,0.876
0,34,periodic,direct,0,0.5,0.5,0.5,0.01844834577706125,0.01844834577706125,0.0,0.0,0.0,0.0,0.0,0.88
0,35,periodic,direct,0,0.5,0.5,0.5,0.017666393890976906,0.017666393890976906,0.0,0.0,0.0,0.0,0.0,0.874
0,36,periodic,direct,0,0.5,0.5,0.5,0.017117959033283923,0.017117959033283923,0.0,0.0,0.0,0.0,0.0,0.886
0,37,periodic,direct,0,0.5,0.5,0.5,0.016724121135969956,0.016724121135969956,0.0,0.0,0.0,0.0,0.0,0.884
0,38,periodic,direct,0,0.5,0.5,0.5,0.015900582902961306,0.015900582902961306,0.0,0.0,0.0,0.0,0.0,0.878
0,39,periodic,direct,0,0.5,0.5,0.5,0.01471703758256303,0.01471703758256303,0.0,0.0,0.0,0.0,0.0,0.882
0,40,periodic,direct,0,0.5,0.5,0.5,0.013983887827230824,0.013983887827230824,0.0,0.0,0.0,0.0,0.0,0.88
0,41,periodic,direct,0,0.5,0.5,0.5,0.013691859216325812,0.013691859216325812,0.0,0.0,0.0,0.0,0.0,0.882
0,42,periodic,direct,0,0.5,0.5,0.5,0.014258513951467143,0.014258513951467143,0.0,0.0,0.0,0.0,0.0,0.882
0,43,periodic,direct,0,0.5,0.5,0.5,0.014151608778370751,0.014151608778370751,0.0,0.0,0.0,0.0,0.0,0.874
0,44,periodic,direct,0,0.5,0.5,0.5,0.013262813600401083,0.013262813600401083,0.0,0.0,0.0,0.0,0.0,0.882
0,45,periodic,direct,0,0.5,0.5,0.5,0.012133689700729318,0.012133689700729318,0.0,0.0,0.0,0.0,0.0,0.876
0,46,periodic,direct,0,0.5,0.5,0.5,0.011850862349900935,0.011850862349900935,0.0,0.0,0.0,0.0,0.0,0.882
0,47,periodic,direct,0,0.5,0.5,0.5,0.011804611629082097,0.011804611629082097,0.0,0.0,0.0,0.0,0.0,0.884
0,48,periodic,direct,0,0.5,0.5,0.5,0.011595337651669979,0.011595337651669979,0.0,0.0,0.0,0.0,0.0,0.88
0,49,periodic,direct,0,0.5,0.5,0.5,0.011257110680970881,0.011257110680970881,0.0,0.0,0.0,0.0,0.0,0.88
0,50,periodic,direct,0,0.5,0.5,0.5,0.011268096355100473,0.011268096355100473,0.0,0.0,0.0,0.0,0.0,0.874
0,51,periodic,direct,0,0.5,0.5,0.5,0.010667576558060117,0.010667576558060117,0.0,0.0,0.0,0.0,0.0,0.886
0,52,periodic,direct,0,0.5,0.5,0.5,0.010431653923458524,0.010431653923458524,0.0,0.0,0.0,0.0,0.0,0.878
0,53,periodic,direct,0,0.5,0.5,0.5,0.010387439798149798,0.010387439798149798,0.0,0.0,0.0,0.0,0.0,0.88
0,54,periodic,direct,0,0.5,0.5,0.5,0.010375558398663998,0.010375558398663998,0.0,0.0,0.0,0.0,0.0,0.876
0,55,periodic,direct,0,0.5,0.5,0.5,0.01022129650745127,0.01022129650745127,0.0,0.0,0.0,0.0,0.0,0.878
0,56,periodic,direct,0,0.5,0.5,0.5,0.010194307400120629,0.010194307400120629,0.0,0.0,0.0,0.0,0.0,0.882
0,57,periodic,direct,0,0.5,0.5,0.5,0.009726782743301656,0.009726782743301656,0.0,0.0,0.0,0.0,0.0,0.884
0,58,periodic,direct,0,0.5,0.5,0.5,0.00986295317610105,0.00986295317610105,0.0,0.0,0.0,0.0,0.0,0.882
0,59,periodic,direct,0,0.5,0.5,0.5,0.009272799051056305,0.009272799051056305,0.0,0.0,0.0,0.0,0.0,0.876
0,60,periodic,direct,0,0.5,0.5,0.5,0.00947819474256701,0.00947819474256701,0.0,0.0,0.0,0.0,0.0,0.88
0,61,periodic,direct,0,0.5,0.5,0.5,0.009342865966674354,0.009342865966674354,0.0,0.0,0.0,0.0,0.0,0.88
0,62,periodic,direct,0,0.5,0.5,0.5,0.009058104310598638,0.009058104310598638,0.0,0.0,0.0,0.0,0.0,0.87
0,63,periodic,direct,0,0.5,0.5,0.5,0.00926891134844886,0.00926891134844886,0.0,0.0,0.0,0.0,0.0,0.88
0,64,periodic,direct,0,0.5,0.5,0.5,0.008738068863749504,0.008738068863749504,0.0,0.0,0.0,0.0,0.0,0.876
0,65,periodic,direct,0,0.5,0.5,0.5,0.00836664479639795,0.00836664479639795,0.0,0.0,0.0,0.0,0.0,0.88
0,66,periodic,direct,0,0.5,0.5,0.5,0.008454407772256268,0.008454407772256268,0.0,0.0,0.0,0.0,0.0,0.868
0,67,periodic,direct,0,0.5,0.5,0.5,0.008118451417734226,0.008118451417734226,0.0,0.0,0.0,0.0,0.0,0.878
0,68,periodic,direct,0,0.5,0.5,0.5,0.007966286761479245,0.007966286761479245,0.0,0.0,0.0,0.0,0.0,0.874
0,69,periodic,direct,0,0.5,0.5,0.5,0.00797422131937411,0.00797422131937411,0.0,0.0,0.0,0.0,0.0,0.874
0,70,periodic,direct,0,0.5,0.5,0.5,0.007806834092156755,0.007806834092156755,0.0,0.0,0.0,0.0,0.0,0.87
0,71,periodic,direct,0,0.5,0.5,0.5,0.008281388526989354,0.008281388526989354,0.0,0.0,0.0,0.0,0.0,0.87
0,72,periodic,direct,0,0.5,0.5,0.5,0.008021009361578358,0.008021009361578358,0.0,0.0,0.0,0.0,0.0,0.876
0,73,periodic,direct,0,0.5,0.5,0.5,0.007673074232621325,0.007673074232621325,0.0,0.0,0.0,0.0,0.0,0.866
0,74,periodic,direct,0,0.5,0.5,0.5,0.007449478790577915,0.007449478790577915,0.0,0.0,0.0,0.0,0.0,0.882
0,75,periodic,direct,0,0.5,0.5,0.5,0.007605706703745657,0.007605706703745657,0.0,0.0,0.0,0.0,0.0,0.878
0,76,periodic,direct,0,0.5,0.5,0.5,0.007389374077320099,0.007389374077320099,0.0,0.0,0.0,0.0,0.0,0.87
0,77,periodic,direct,0,0.5,0.5,0.5,0.007594168030967315,0.007594168030967315,0.0,0.0,0.0,0.0,0.0,0.868
0,78,periodic,direct,0,0.5,0.5,0.5,0.007455310111658441,0.007455310111658441,0.0,0.0,0.0,0.0,0.0,0.874
0,79,periodic,direct,0,0.5,0.5,0.5,0.0073335835089286166,0.0073335835089286166,0.0,0.0,0.0,0.0,0.0,0.87
0,80,periodic,direct,0,0.5,0.5,0.5,0.007349649702923166,0.007349649702923166,0.0,0.0,0.0,0.0,0.0,0.872
0,81,periodic,direct,0,0.5,0.5,0.5,0.0070795720546609825,0.0070795720546609825,0.0,0.0,0.0,0.0,0.0,0.868
0,82,periodic,direct,0,0.5,0.5,0.5,0.006805522005177206,0.006805522005177206,0.0,0.0,0.0,0.0,0.0,0.874
0,83,periodic,direct,0,0.5,0.5,0.5,0.006725986902084615,0.006725986902084615,0.0,0.0,0.0,0.0,0.0,0.868
0,84,periodic,direct,0,0.5,0.5,0.5,0.006484436233424478,0.006484436233424478,0.0,0.0,0.0,0.0,0.0,0.868
0,85,periodic,direct,0,0.5,0.5,0.5,0.0062514060280389255,0.0062514060280389255,0.0,0.0,0.0,0.0,0.0,0.872
0,86,periodic,direct,0,0.5,0.5,0.5,0.006250308464384741,0.006250308464384741,0.0,0.0,0.0,0.0,0.0,0.868
0,87,periodic,direct,0,0.5,0.5,0.5,0.006480356057484944,0.006480356057484944,0.0,0.0,0.0,0.0,0.0,0.868
0,88,periodic,direct,0,0.5,0.5,0.5,0.006151045983036359,0.006151045983036359,0.0,0.0,0.0,0.0,0.0,0.868
0,89,periodic,direct,0,0.5,0.5,0.5,0.006160729719946782,0.006160729719946782,0.0,0.0,0.0,0.0,0.0,0.868
0,90,periodic,direct,0,0.5,0.5,0.5,0.006297458170188798,0.006297458170188798,0.0,0.0,0.0,0.0,0.0,0.87
0,91,periodic,direct,0,0.5,0.5,0.5,0.00628723856061697,0.00628723856061697,0.0,0.0,0.0,0.0,0.0,0.872
0,92,periodic,direct,0,0.5,0.5,0.5,0.006221023595167531,0.006221023595167531,0.0,0.0,0.0,0.0,0.0,0.864
0,93,periodic,direct,0,0.5,0.5,0.5,0.006078522755867905,0.006078522755867905,0.0,0.0,0.0,0.0,0.0,0.868
0,94,periodic,direct,0,0.5,0.5,0.5,0.006169598549604416,0.006169598549604416,0.0,0.0,0.0,0.0,0.0,0.872
0,95,periodic,direct,0,0.5,0.5,0.5,0.006082127232932382,0.006082127232932382,0.0,0.0,0.0,0.0,0.0,0.866
0,96,periodic,direct,0,0.5,0.5,0.5,0.006001256923708651,0.006001256923708651,0.0,0.0,0.0,0.0,0.0,0.864
0,97,periodic,direct,0,0.5,0.5,0.5,0.006307516040073501,0.006307516040073501,0.0,0.0,0.0,0.0,0.0,0.872
0,98,periodic,direct,0,0.5,0.5,0.5,0.006238836432910628,0.006238836432910628,0.0,0.0,0.0,0.0,0.0,0.864
0,99,periodic,direct,0,0.5,0.5,0.5,0.0057791611179709435,0.0057791611179709435,0.0,0.0,0.0,0.0,0.0,0.866
0,100,periodic,direct,0,0.5,0.5,0.5,0.006018111999664042,0.006018111999664042,0.0,0.0,0.0,0.0,0.0,0.864
0,101,periodic,direct,0,0.5,0.5,0.5,0.0061418672816620935,0.0061418672816620935,0.0,0.0,0.0,0.0,0.0,0.856
0,102,periodic,direct,0,0.5,0.5,0.5,0.006569721011651887,0.006569721011651887,0.0,0.0,0.0,0.0,0.0,0.862
0,103,periodic,direct,0,0.5,0.5,0.5,0.005828460988899072,0.005828460988899072,0.0,0.0,0.0,0.0,0.0,0.864
0,104,periodic,direct,0,0.5,0.5,0.5,0.005171235599037673,0.005171235599037673,0.0,0.0,0.0,0.0,0.0,0.864
0,105,periodic,direct,0,0.5,0.5,0.5,0.005062505188915465,0.005062505188915465,0.0,0.0,0.0,0.0,0.0,0.868
0,106,periodic,direct,0,0.5,0.5,0.5,0.005327838990423415,0.005327838990423415,0.0,0.0,0.0,0.0,0.0,0.858
0,107,periodic,direct,0,0.5,0.5,0.5,0.005302252506630288,0.005302252506630288,0.0,0.0,0.0,0.0,0.0,0.86
0,108,periodic,direct,0,0.5,0.5,0.5,0.00532143371593621,0.00532143371593621,0.0,0.0,0.0,0.0,0.0,0.874
0,109,periodic,direct,0,0.5,0.5,0.5,0.005289223976433277,0.005289223976433277,0.0,0.0,0.0,0.0,0.0,0.862
0,110,periodic,direct,0,0.5,0.5,0.5,0.005337344172100226,0.005337344172100226,0.0,0.0,0.0,0.0,0.0,0.866
0,111,periodic,direct,0,0.5,0.5,0.5,0.005151389218452904,0.005151389218452904,0.0,0.0,0.0,0.0,0.0,0.864
0,112,periodic,direct,0,0.5,0.5,0.5,0.004960006568580866,0.004960006568580866,0.0,0.0,0.0,0.0,0.0,0.866
0,113,periodic,direct,0,0.5,0.5,0.5,0.005022979186226924,0.005022979186226924,0.0,0.0,0.0,0.0,0.0,0.864
0,114,periodic,direct,0,0.5,0.5,0.5,0.005053649552994304,0.005053649552994304,0.0,0.0,0.0,0.0,0.0,0.862
0,115,periodic,direct,0,0.5,0.5,0.5,0.0048326310029046405,0.0048326310029046405,0.0,0.0,0.0,0.0,0.0,0.868
0,116,periodic,direct,0,0.5,0.5,0.5,0.005012978877251347,0.005012978877251347,0.0,0.0,0.0,0.0,0.0,0.864
0,117,periodic,direct,0,0.5,0.5,0.5,0.0051067484439247185,0.0051067484439247185,0.0,0.0,0.0,0.0,0.0,0.866
0,118,periodic,direct,0,0.5,0.5,0.5,0.004997850525089436,0.004997850525089436,0.0,0.0,0.0,0.0,0.0,0.858
0,119,periodic,direct,0,0.5,0.5,0.5,0.004953108934892548,0.004953108934892548,0.0,0.0,0.0,0.0,0.0,0.864
0,120,periodic,direct,0,0.5,0.5,0.5,0.005076822876516316,0.005076822876516316,0.0,0.0,0.0,0.0,0.0,0.868
0,121,periodic,direct,0,0.5,0.5,0.5,0.0046380991116166115,0.0046380991116166115,0.0,0.0,0.0,0.0,0.0,0.862
0,122,periodic,direct,0,0.5,0.5,0.5,0.0045189286013030345,0.0045189286013030345,0.0,0.0,0.0,0.0,0.0,0.872
0,123,periodic,direct,0,0.5,0.5,0.5,0.004589770946444737,0.004589770946444737,0.0,0.0,0.0,0.0,0.0,0.866
0,124,periodic,direct,0,0.5,0.5,0.5,0.004574863654043939,0.004574863654043939,0.0,0.0,0.0,0.0,0.0,0.858
0,125,periodic,direct,0,0.5,0.5,0.5,0.004466320413889157,0.004466320413889157,0.0,0.0,0.0,0.0,0.0,0.862
0,126,periodic,direct,0,0.5,0.5,0.5,0.0046873559347457355,0.0046873559347457355,0.0,0.0,0.0,0.0,0.0,0.87
0,127,periodic,direct,0,0.5,0.5,0.5,0.004653031808427638,0.004653031808427638,0.0,0.0,0.0,0.0,0.0,0.87
0,128,periodic,direct,0,0.5,0.5,0.5,0.004490690357569192,0.004490690357569192,0.0,0.0,0.0,0.0,0.0,0.868
0,129,periodic,direct,0,0.5,0.5,0.5,0.004388737957924604,0.004388737957924604,0.0,0.0,0.0,0.0,0.0,0.86
0,130,periodic,direct,0,0.5,0.5,0.5,0.0042828513412839836,0.0042828513412839836,0.0,0.0,0.0,0.0,0.0,0.862
0,131,periodic,direct,0,0.5,0.5,0.5,0.00420914962887764,0.00420914962887764,0.0,0.0,0.0,0.0,0.0,0.866
0,132,periodic,direct,0,0.5,0.5,0.5,0.004237588313925598,0.004237588313925598,0.0,0.0,0.0,0.0,0.0,0.858
0,133,periodic,direct,0,0.5,0.5,0.5,0.0043012842329012025,0.0043012842329012025,0.0,0.0,0.0,0.0,0.0,0.86
0,134,periodic,direct,0,0.5,0.5,0.5,0.004296889554502236,0.004296889554502236,0.0,0.0,0.0,0.0,0.0,0.866
0,135,periodic,direct,0,0.5,0.5,0.5,0.0042012039727220936,0.0042012039727220936,0.0,0.0,0.0,0.0,0.0,0.864
0,136,periodic,direct,0,0.5,0.5,0.5,0.0042016713931742646,0.0042016713931742646,0.0,0.0,0.0,0.0,0.0,0.864
0,137,periodic,direct,0,0.5,0.5,0.5,0.00427043409500685,0.00427043409500685,0.0,0.0,0.0,0.0,0.0,0.872
0,138,periodic,direct,0,0.5,0.5,0.5,0.0044858562760055065,0.0044858562760055065,0.0,0.0,0.0,0.0,0.0,0.866
0,139,periodic,direct,0,0.5,0.5,0.5,0.0043289013103478486,0.0043289013103478486,0.0,0.0,0.0,0.0,0.0,0.864
0,140,periodic,direct,0,0.5,0.5,0.5,0.004233440410138832,0.004233440410138832,0.0,0.0,0.0,0.0,0.0,0.86
0,141,periodic,direct,0,0.5,0.5,0.5,0.004137981683015823,0.004137981683015823,0.0,0.0,0.0,0.0,0.0,0.856
0,142,periodic,direct,0,0.5,0.5,0.5,0.0044387133740302585,0.0044387133740302585,0.0,0.0,0.0,0.0,0.0,0.854
0,143,periodic,direct,0,0.5,0.5,0.5,0.004096060266925229,0.004096060266925229,0.0,0.0,0.0,0.0,0.0,0.86
0,144,periodic,direct,0,0.5,0.5,0.5,0.003926948877051473,0.003926948877051473,0.0,0.0,0.0,0.0,0.0,0.872
0,145,periodic,direct,0,0.5,0.5,0.5,0.0038887520786374807,0.0038887520786374807,0.0,0.0,0.0,0.0,0.0,0.862
0,146,periodic,direct,0,0.5,0.5,0.5,0.004178665500755112,0.004178665500755112,0.0,0.0,0.0,0.0,0.0,0.858
0,147,periodic,direct,0,0.5,0.5,0.5,0.003988736179760761,0.003988736179760761,0.0,0.0,0.0,0.0,0.0,0.86
0,148,periodic,direct,0,0.5,0.5,0.5,0.004038187442347407,0.004038187442347407,0.0,0.0,0.0,0.0,0.0,0.87
0,149,periodic,direct,0,0.5,0.5,0.5,0.0038502579037514,0.0038502579037514,0.0,0.0,0.0,0.0,0.0,0.872
0,150,periodic,direct,0,0.5,0.5,0.5,0.003881444637146261,0.003881444637146261,0.0,0.0,0.0,0.0,0.0,0.864
0,151,periodic,direct,0,0.5,0.5,0.5,0.003933386928919289,0.003933386928919289,0.0,0.0,0.0,0.0,0.0,0.868
0,152,periodic,direct,0,0.5,0.5,0.5,0.003859773924988177,0.003859773924988177,0.0,0.0,0.0,0.0,0.0,0.858
0,153,periodic,direct,0,0.5,0.5,0.5,0.0038188049155804846,0.0038188049155804846,0.0,0.0,0.0,0.0,0.0,0.862
0,154,periodic,direct,0,0.5,0.5,0.5,0.003871818280054463,0.003871818280054463,0.0,0.0,0.0,0.0,0.0,0.864
0,155,periodic,direct,0,0.5,0.5,0.5,0.003724683567674624,0.003724683567674624,0.0,0.0,0.0,0.0,0.0,0.862
0,156,periodic,direct,0,0.5,0.5,0.5,0.003589457909887036,0.003589457909887036,0.0,0.0,0.0,0.0,0.0,0.852
0,157,periodic,direct,0,0.5,0.5,0.5,0.0037517630132950014,0.0037517630132950014,0.0,0.0,0.0,0.0,0.0,0.86
0,158,periodic,direct,0,0.5,0.5,0.5,0.00373366327645878,0.00373366327645878,0.0,0.0,0.0,0.0,0.0,0.852
0,159,periodic,direct,0,0.5,0.5,0.5,0.0037887892168429163,0.0037887892168429163,0.0,0.0,0.0,0.0,0.0,0.86
0,160,periodic,direct,0,0.5,0.5,0.5,0.004261759627196524,0.004261759627196524,0.0,0.0,0.0,0.0,0.0,0.86
0,161,periodic,direct,0,0.5,0.5,0.5,0.0037455415974060693,0.0037455415974060693,0.0,0.0,0.0,0.0,0.0,0.866
0,162,periodic,direct,0,0.5,0.5,0.5,0.0035937162012689644,0.0035937162012689644,0.0,0.0,0.0,0.0,0.0,0.864
0,163,periodic,direct,0,0.5,0.5,0.5,0.0037996797925896114,0.0037996797925896114,0.0,0.0,0.0,0.0,0.0,0.862
0,164,periodic,direct,0,0.5,0.5,0.5,0.003886224702000618,0.003886224702000618,0.0,0.0,0.0,0.0,0.0,0.864
0,165,periodic,direct,0,0.5,0.5,0.5,0.003465086558005876,0.003465086558005876,0.0,0.0,0.0,0.0,0.0,0.856
0,166,periodic,direct,0,0.5,0.5,0.5,0.0038698800425562593,0.0038698800425562593,0.0,0.0,0.0,0.0,0.0,0.862
0,167,periodic,direct,0,0.5,0.5,0.5,0.0037741195410490036,0.0037741195410490036,0.0,0.0,0.0,0.0,0.0,0.864
0,168,periodic,direct,0,0.5,0.5,0.5,0.0033927944023162127,0.0033927944023162127,0.0,0.0,0.0,0.0,0.0,0.862
0,169,periodic,direct,0,0.5,0.5,0.5,0.0033748819389277035,0.0033748819389277035,0.0,0.0,0.0,0.0,0.0,0.866
0,170,periodic,direct,0,0.5,0.5,0.5,0.003218455654051569,0.003218455654051569,0.0,0.0,0.0,0.0,0.0,0.86
0,171,periodic,direct,0,0.5,0.5,0.5,0.00328867949752344,0.00328867949752344,0.0,0.0,0.0,0.0,0.0,0.854
0,172,periodic,direct,0,0.5,0.5,0.5,0.0034136573991013896,0.0034136573991013896,0.0,0.0,0.0,0.0,0.0,0.87
0,173,periodic,direct,0,0.5,0.5,0.5,0.003309205821197894,0.003309205821197894,0.0,0.0,0.0,0.0,0.0,0.854
0,174,periodic,direct,0,0.5,0.5,0.5,0.003389861848619249,0.003389861848619249,0.0,0.0,0.0,0.0,0.0,0.858
0,175,periodic,direct,0,0.5,0.5,0.5,0.003489936494992839,0.003489936494992839,0.0,0.0,0.0,0.0,0.0,0.862
0,176,periodic,direct,0,0.5,0.5,0.5,0.0033197267394926813,0.0033197267394926813,0.0,0.0,0.0,0.0,0.0,0.852
0,177,periodic,direct,0,0.5,0.5,0.5,0.0037458224170323876,0.0037458224170323876,0.0,0.0,0.0,0.0,0.0,0.85
0,178,periodic,direct,0,0.5,0.5,0.5,0.003184250374842021,0.003184250374842021,0.0,0.0,0.0,0.0,0.0,0.858
0,179,periodic,direct,0,0.5,0.5,0.5,0.00354165221667952,0.00354165221667952,0.0,0.0,0.0,0.0,0.0,0.858
0,180,periodic,direct,0,0.5,0.5,0.5,0.0034412953019556073,0.0034412953019556073,0.0,0.0,0.0,0.0,0.0,0.858
0,181,periodic,direct,0,0.5,0.5,0.5,0.003793182834568951,0.003793182834568951,0.0,0.0,0.0,0.0,0.0,0.868
0,182,periodic,direct,0,0.5,0.5,0.5,0.003528937335229582,0.003528937335229582,0.0,0.0,0.0,0.0,0.0,0.866
0,183,periodic,direct,0,0.5,0.5,0.5,0.0032562209914127984,0.0032562209914127984,0.0,0.0,0.0,0.0,0.0,0.86
0,184,periodic,direct,0,0.5,0.5,0.5,0.0029126935017605624,0.0029126935017605624,0.0,0.0,0.0,0.0,0.0,0.866
0,185,periodic,direct,0,0.5,0.5,0.5,0.002955757366079423,0.002955757366079423,0.0,0.0,0.0,0.0,0.0,0.858
0,186,periodic,direct,0,0.5,0.5,0.5,0.0030512528804441295,0.0030512528804441295,0.0,0.0,0.0,0.0,0.0,0.86
0,187,periodic,direct,0,0.5,0.5,0.5,0.002831178122303552,0.002831178122303552,0.0,0.0,0.0,0.0,0.0,0.862
0,188,periodic,direct,0,0.5,0.5,0.5,0.0029130752405358683,0.0029130752405358683,0.0,0.0,0.0,0.0,0.0,0.854
0,189,periodic,direct,0,0.5,0.5,0.5,0.0030875368716402184,0.0030875368716402184,0.0,0.0,0.0,0.0,0.0,0.868
0,190,periodic,direct,0,0.5,0.5,0.5,0.003063454965336455,0.003063454965336455,0.0,0.0,0.0,0.0,0.0,0.862
0,191,periodic,direct,0,0.5,0.5,0.5,0.0032082240148964855,0.0032082240148964855,0.0,0.0,0.0,0.0,0.0,0.858
0,192,periodic,direct,0,0.5,0.5,0.5,0.0031818313679347434,0.0031818313679347434,0.0,0.0,0.0,0.0,0.0,0.854
0,193,periodic,direct,0,0.5,0.5,0.5,0.003517442693312963,0.003517442693312963,0.0,0.0,0.0,0.0,0.0,0.854
0,194,periodic,direct,0,0.5,0.5,0.5,0.003274589181981153,0.003274589181981153,0.0,0.0,0.0,0.0,0.0,0.856
0,195,periodic,direct,0,0.5,0.5,0.5,0.003058609500941303,0.003058609500941303,0.0,0.0,0.0,0.0,0.0,0.858
0,196,periodic,direct,0,0.5,0.5,0.5,0.0029328395353837144,0.0029328395353837144,0.0,0.0,0.0,0.0,0.0,0.86
0,197,periodic,direct,0,0.5,0.5,0.5,0.0033520375016248887,0.0033520375016248887,0.0,0.0,0.0,0.0,0.0,0.862
0,198,periodic,direct,0,0.5,0.5,0.5,0.0032056104650513995,0.0032056104650513995,0.0,0.0,0.0,0.0,0.0,0.866
0,199,periodic,direct,0,0.5,0.5,0.5,0.002814456147866117,0.002814456147866117,0.0,0.0,0.0,0.0,0.0,0.856
0,200,periodic,direct,0,0.5,0.5,0.5,0.0028361236521353326,0.0028361236521353326,0.0,0.0,0.0,0.0,0.0,0.854
1,1,periodic,direct,0,0.5,0.5,0.5,2.016995668411255,0.9808510409461128,0.1003153802131212,5.430820200178358,0.2894960310724046,0.19855259524451363,0.007949860093908178,0.46
1,2,periodic,direct,0,0.5,0.5,0.5,1.4866782559288874,0.6112375325626798,0.02707776002999809,5.292638990614149,0.28281477093696594,0.07010263825456302,0.0024658362510510618,0.502
1,3,periodic,direct,0,0.5,0.5,0.5,1.2945984204610188,0.4718397590849135,0.013100754469633102,5.18711863623725,0.27622075213326347,0.028463839656776853,0.0009867577399644586,0.547
1,4,periodic,direct,0,0.5,0.5,0.5,1.1925836536619399,0.3881394995583428,0.009772802082200846,5.1442874272664385,0.2737799651092953,0.012462907781203588,0.00046236203828205663,0.574
1,5,periodic,direct,0,0.5,0.5,0.5,1.1176014343897502,0.32836104432741803,0.007725368150406414,5.083037270439996,0.270079384247462,0.00601905035889811,0.0002447159495204687,0.588
1,6,periodic,direct,0,0.5,0.5,0.5,1.067775355445014,0.2931648575597339,0.007707118936296966,5.009527100457086,0.26430812146928573,0.0031295489623314804,0.0001555015397672024,0.588
1,7,periodic,direct,0,0.5,0.5,0.5,1.0317965613471136,0.26288141310214996,0.00892862325741185,4.949550204806858,0.2639324797524346,0.0020736999318210613,0.00012433275373445617,0.604
1,8,periodic,direct,0,0.5,0.5,0.5,0.9998836186197069,0.23896338707870907,0.009248398865262667,4.89415979385376,0.2613826294740041,0.0016391907766875294,0.00010730684476180209,0.62
1,9,periodic,direct,0,0.5,0.5,0.5,0.9756623970137702,0.2222666839758555,0.009856876296301683,4.835216204325358,0.2591991722583771,0.001529965381551948,0.00010613963240757585,0.63
1,10,periodic,direct,0,0.5,0.5,0.5,0.9357326361868117,0.19542243911160362,0.009828894295626216,4.752208762698704,0.2544096095694436,0.001578878973507219,0.00012273416440520022,0.644
1,11,periodic,direct,0,0.5,0.5,0.5,0.928104043006897,0.1825674225886663,0.011035851513346037,4.728317684597439,0.260736346244812,0.0017310419482075507,0.00013426289660856128,0.628
1,12,periodic,direct,0,0.5,0.5,0.5,0.9045693410767449,0.1714811341630088,0.01200866647478607,4.664906395806207,0.2536346796486113,0.0017847194362224804,0.00012369797978964116,0.661
1,13,periodic,direct,0,0.5,0.5,0.5,0.8836042152510749,0.15996653669410282,0.011020494314531485,4.606602562798394,0.2509529259469774,0.0018610666350771983,0.00014690564583159157,0.652
1,14,periodic,direct,0,0.5,0.5,0.5,0.8619849681854248,0.1464887203441726,0.01059686154541042,4.566559579637316,0.24721803764502207,0.0018979781048579349,0.00015278616532062492,0.67
1,15,periodic,direct,0,0.5,0.5,0.5,0.8536397748523288,0.14016056143575245,0.011593126381436983,4.511048528883192,0.24968271454175314,0.0020377109370504818,0.00015926576452329755,0.665
1,16,periodic,direct,0,0.5,0.5,0.5,0.8314968215094672,0.12762473109695646,0.011502672814660601,4.465803040398492,0.24464445809523264,0.0021257854532450438,0.00016346408907944957,0.674
1,17,periodic,direct,0,0.5,0.5,0.5,0.8143193456861708,0.1184685147470898,0.01156121709694465,4.417222287919786,0.24146418770154318,0.0020459172471115985,0.00016046752635803487,0.673
1,18,periodic,direct,0,0.5,0.5,0.5,0.8039499786165025,0.11225990040434732,0.011906486832433276,4.368932829962836,0.24183974828985003,0.00194300033359064,0.00015810362917060652,0.691
1,19,periodic,direct,0,0.5,0.5,0.5,0.7947831749916077,0.10797337773773405,0.011637857908176051,4.312498410542806,0.242885066403283,0.001918596655337347,0.0001554656515104903,0.701
1,20,periodic,direct,0,0.5,0.5,0.5,0.7812782658471001,0.10199244651529524,0.011412494195004305,4.267097844017877,0.2400653643740548,0.0020201095742070014,0.00017624588346936635,0.701
1,21,periodic,direct,0,0.5,0.5,0.5,0.7764471504423354,0.10102607309818268,0.012139889722069105,4.235557238260905,0.23861632578902775,0.0020336098451581267,0.00018467221848873628,0.704
1,22,periodic,direct,0,0.5,0.5,0.5,0.7608105076683892,0.09369699077473746,0.011955960343281427,4.1764152844746905,0.23635739750332302,0.0021329204448395306,0.00018431634331742922,0.709
1,23,periodic,direct,0,0.5,0.5,0.5,0.7481328778796725,0.08869973321755727,0.011396508767373033,4.136050330268012,0.23330041931735146,0.002083670451409287,0.00017868244322016835,0.702
1,24,periodic,direct,0,0.5,0.5,0.5,0.738516370455424,0.08628679687778155,0.011903844049407376,4.067383501264784,0.23239454958173963,0.0021957418260475,0.00018991428401528133,0.712
1,25,periodic,direct,0,0.5,0.5,0.5,0.7395247220993042,0.08583092275593016,0.013567853718996048,4.044794824388292,0.23439874913957384,0.0022915255588789782,0.0002039009446485175,0.71
1,26,periodic,direct,0,0.5,0.5,0.5,0.7180535528394911,0.07641825079917908,0.012505464980171787,3.9949022663964167,0.22837256557411617,0.002347168952433599,0.0001868962361994717,0.713
1,27,periodic,direct,0,0.5,0.5,0.5,0.7227384580506219,0.07897140002912945,0.014037529834442668,3.940875662697686,0.23429088956779903,0.002503906454270085,0.0001982525379086534,0.709
1,28,periodic,direct,0,0.5,0.5,0.5,0.7137281364864774,0.0755746646059884,0.01458747208946281,3.893848419189453,0.23278031084272596,0.0026120260461337036,0.0001896809165676435,0.728
1,29,periodic,direct,0,0.5,0.5,0.5,0.6994923088285658,0.07336756380067931,0.01541210628218121,3.8350086212158203,0.2256330582830641,0.002932881470769644,0.00022455191679505838,0.731
1,30,periodic,direct,0,0.5,0.5,0.5,0.6947202152676053,0.06994608375761244,0.015431576822366979,3.808621406555176,0.22681424187289345,0.0031089730974700716,0.00022337669118617973,0.731
1,31,periodic,direct,0,0.5,0.5,0.5,0.682398239771525,0.06770367009772195,0.014419652211169401,3.753250651889377,0.2232420328590605,0.0032040756195783615,0.00021151853595963784,0.731
1,32,periodic,direct,0,0.5,0.5,0.5,0.6752374768257141,0.06602136832144526,0.014474545605480671,3.6955964035458035,0.22331813143359291,0.0034836882000996005,0.00024388506749851836,0.729
1,33,periodic,direct,0,0.5,0.5,0.5,0.672514365779029,0.06842065768109427,0.01510914321988821,3.654904180102878,0.22167816592587364,0.003383177203229732,0.0002487740970941053,0.739
1,34,periodic,direct,0,0.5,0.5,0.5,0.6661568548944261,0.06585180469685131,0.014204781192044416,3.6245762507120767,0.22183825075626373,0.003378598459271921,0.00023018714920100238,0.73
1,35,periodic,direct,0,0.5,0.5,0.5,0.6591853830549452,0.06292628662453757,0.014006129259036647,3.5693540573120117,0.22354711095492044,0.0033137190880046952,0.00022716427014933692,0.738
1,36,periodic,direct,0,0.5,0.5,0.5,0.6453071898884244,0.061890211784177356,0.014193797897961404,3.504640075895521,0.21692472530735862,0.0034472771609822908,0.0002216431894339621,0.737
1,37,periodic,direct,0,0.5,0.5,0.5,0.6406426694658067,0.059455146806107625,0.014388162849677933,3.482268068525526,0.21669696271419525,0.003505764477368858,0.00024544496813582047,0.735
1,38,periodic,direct,0,0.5,0.5,0.5,0.639560706085629,0.059407281378904976,0.014877019450068474,3.4487103356255426,0.21844112707508934,0.0036703702579769823,0.00025812251907255914,0.735
1,39,periodic,direct,0,0.5,0.5,0.5,0.6373429761992561,0.061921132935418025,0.015055358823802736,3.3902995586395264,0.21939845217598808,0.0036182591381172338,0.00025789927329040237,0.738
1,40,periodic,direct,0,0.5,0.5,0.5,0.6258973081906637,0.06021265768342548,0.014884095328549543,3.3262137836880155,0.2162196503745185,0.00367579764376084,0.00024325390889619788,0.742
1,41,periodic,direct,1,0.28542184829711914,0.7368647456169128,0.5560790300369263,0.7015631794929504,0.07150209777885014,0.07973032900028759,3.298814296722412,0.21729808383517796,0.005914296644429366,0.00038817259094988305,0.733
1,42,periodic,direct,1,0.28542184829711914,0.7368647456169128,0.5560790300369263,0.6614935265647041,0.06983725726604462,0.039483766381939255,3.2878353595733643,0.21931621101167467,0.007729319959051079,0.00041617988608777523,0.743
1,43,periodic,direct,1,0.28542184829711914,0.7368647456169128,0.5560790300369263,0.6438622143533494,0.06991041782829496,0.029650463205244806,3.2699934111701117,0.2135180201795366,0.007202203437272046,0.00036572417270185217,0.734
1,44,periodic,direct,1,0.28542184829711914,0.7368647456169128,0.5560790300369263,0.6266462802886963,0.061777879380517535,0.029375231721334986,3.198994768990411,0.2121664368444019,0.006511169796188672,0.0003433094243519008,0.748
1,45,periodic,direct,1,0.28542184829711914,0.7368647456169128,0.5560790300369263,0.6142771111594306,0.05816818732354376,0.025237842773397762,3.143465439478556,0.21314470966657004,0.0064351170634229975,0.000324511447817915,0.75
1,46,periodic,direct,1,0.28542184829711914,0.7368647456169128,0.5560790300369263,0.5999889175097147,0.05510208714339468,0.022422392749124102,3.077510436375936,0.2114565604262882,0.006208370336227947,0.0003052944602030847,0.752
1,47,periodic,direct,1,0.28542184829711914,0.7368647456169128,0.5560790300369263,0.5921711590554979,0.05513940047886637,0.020331534660524793,3.0266244411468506,0.2112278938293457,0.005335224326699972,0.0002845278100317551,0.756
1,48,periodic,direct,1,0.28542184829711914,0.7368647456169128,0.5560790300369263,0.5849123530917697,0.05475531849596235,0.019119266006681655,2.97917201783922,0.2103419221109814,0.005280353077169921,0.0002769282824980716,0.752
1,49,periodic,direct,1,0.28542184829711914,0.7368647456169128,0.5560790300369263,0.5793571273485819,0.053305625501606196,0.019281917044685945,2.9353469742669,0.21067011853059134,0.004866050194121069,0.0002634861286626094,0.756
1,50,periodic,direct,1,0.28542184829711914,0.7368647456169128,0.5560790300369263,0.57683351304796,0.05260230269696978,0.018964239706595738,2.885645416047838,0.2144465015994178,0.004257051791581843,0.00025479093892499804,0.753
1,51,periodic,direct,1,0.28542184829711914,0.7368647456169128,0.5560790300369263,0.5666462779045105,0.05213363799783918,0.018517978075477812,2.8350124094221325,0.21006758676634896,0.004591209632861946,0.00026045435677385994,0.755
1,52,periodic,direct,1,0.28542184829711914,0.7368647456169128,0.5560790300369263,0.5623185435930887,0.05226499380336867,0.020328100977672472,2.783199495739407,0.20905147989590964,0.004439391609695222,0.00026862019310808845,0.751
1,53,periodic,direct,1,0.28542184829711914,0.7368647456169128,0.5560790300369263,0.5590485400623746,0.052124198940065175,0.021168991095489927,2.7515993118286133,0.2080394079287847,0.004841601579553551,0.00027039653569873836,0.762
1,54,periodic,direct,1,0.28542184829711914,0.7368647456169128,0.5560790300369263,0.5505906674596999,0.049248450332217746,0.020218593171901174,2.720313655005561,0.2062600056330363,0.005397609072840876,0.00026688517795668706,0.754
1,55,periodic,direct,1,0.28542184829711914,0.7368647456169128,0.5560790300369263,0.5468666354815165,0.05177326127886772,0.01992671647005611,2.661324792438083,0.20635823739899528,0.00508413091301918,0.0002677242478562726,0.743
1,56,periodic,direct,1,0.28542184829711914,0.7368647456169128,0.5560790300369263,0.544283303949568,0.05182692615522279,0.021061124694016244,2.6171156565348306,0.2071113321516249,0.004874374200072553,0.00027032884665661387,0.765
1,57,periodic,direct,1,0.28542184829711914,0.7368647456169128,0.5560790300369263,0.5507378511958652,0.05133227134744326,0.02480466581053204,2.6280544069078235,0.20895217855771384,0.0054034036584198475,0.00028320669662207365,0.759
1,58,periodic,direct,1,0.28542184829711914,0.7368647456169128,0.5560790300369263,0.5341377589437697,0.051578134298324585,0.021229655378394656,2.546386056476169,0.20383744107352364,0.005436943171338903,0.00027088542184275057,0.751
1,59,periodic,direct,1,0.28542184829711914,0.7368647456169128,0.5560790300369263,0.5345801777309842,0.04863033443689346,0.022187851162420377,2.5332352585262723,0.20771293342113495,0.00516640767455101,0.00028466137074348,0.753
1,60,periodic,direct,1,0.28542184829711914,0.7368647456169128,0.5560790300369263,0.5271874136394925,0.04885190352797508,0.02220451045367453,2.490520291858249,0.2041720466481315,0.00552593016376098,0.0002879233862687316,0.758
1,61,periodic,direct,1,0.28542184829711914,0.7368647456169128,0.5560790300369263,0.5249958104557462,0.0497912574145529,0.02133460943069723,2.459276967578464,0.20491536458333334,0.005726099738644229,0.00032767304219305515,0.753
1,62,periodic,direct,1,0.28542184829711914,0.7368647456169128,0.5560790300369263,0.5147923297352262,0.04707955651813083,0.01924211945798662,2.401710854636298,0.20533347792095608,0.005635257758614089,0.00029692172797189816,0.747
1,63,periodic,direct,1,0.28542184829711914,0.7368647456169128,0.5560790300369263,0.5141436590088738,0.049334197408623166,0.020944577331344288,2.3609643512301974,0.20498742991023594,0.0052931975159380175,0.0002688544983458188,0.758
1,64,periodic,direct,1,0.28542184829711914,0.7368647456169128,0.5560790300369263,0.5123531023661295,0.049875910911295146,0.022190757509734895,2.3386846118503146,0.20355152752664354,0.005448278557095263,0.000284600297972146,0.76
1,65,periodic,direct,1,0.28542184829711914,0.7368647456169128,0.5560790300369263,0.510964059167438,0.049186918056673475,0.023335314252310328,2.312654177347819,0.20420266191164652,0.0056480881240632795,0.0002993973256606195,0.759
1,66,periodic,direct,1,0.28542184829711914,0.7368647456169128,0.5560790300369263,0.5049823257658217,0.04747664680083593,0.025408985714117687,2.260899225870768,0.20295809706052145,0.005798359608484639,0.0002989872720920377,0.751
1,67,periodic,direct,1,0.28542184829711914,0.7368647456169128,0.5560790300369263,0.5034794906775156,0.04885729981793298,0.024500246056252055,2.2313936286502414,0.20370292166868845,0.006257086216161649,0.00030219955240479775,0.761
1,68,periodic,direct,1,0.28542184829711914,0.7368647456169128,0.5560790300369263,0.49504494335916305,0.04653150919410917,0.023131386066476505,2.2002163992987738,0.20203213724825117,0.00635844324198034,0.0002981030265800655,0.758
1,69,periodic,direct,1,0.28542184829711914,0.7368647456169128,0.5560790300369263,0.496887465318044,0.049148112535476685,0.023060224950313568,2.167782015270657,0.20491507980558607,0.005695543872813384,0.00027614313876256347,0.758
1,70,periodic,direct,1,0.28542184829711914,0.7368647456169128,0.5560790300369263,0.49548285206158954,0.049083309868971504,0.025036625150177214,2.134389426973131,0.2044912295209037,0.00655091709146897,0.0003145794099610713,0.759
1,71,periodic,direct,1,0.28542184829711914,0.7368647456169128,0.5560790300369263,0.4868454370233748,0.0467539851864179,0.022648026131921344,2.1098685529496937,0.20302550494670868,0.006546655255887244,0.00031544876077936753,0.757
1,72,periodic,direct,1,0.28542184829711914,0.7368647456169128,0.5560790300369263,0.4803766906261444,0.04527243682079845,0.02221736932794253,2.0860623253716364,0.20092221763398913,0.006399378025283416,0.00031749556203269295,0.76
1,73,periodic,direct,1,0.28542184829711914,0.7368647456169128,0.5560790300369263,0.475346177816391,0.04579993668529722,0.020947006220618885,2.054686837726169,0.19973577724562752,0.006479087337437604,0.0003104443053921892,0.755
1,74,periodic,direct,1,0.28542184829711914,0.7368647456169128,0.5560790300369263,0.4776837196615007,0.0460239772995313,0.0242606523550219,2.0222487847010293,0.20187090502844918,0.006319854046321577,0.0002867536192449431,0.758
1,75,periodic,direct,1,0.28542184829711914,0.7368647456169128,0.5560790300369263,0.4683778252866533,0.04524991619918081,0.02427236984173457,1.9753489229414198,0.19764384461773765,0.007029174982259671,0.00032442830787557695,0.75
1,76,periodic,direct,1,0.28542184829711914,0.7368647456169128,0.5560790300369263,0.47574235995610553,0.0462510846555233,0.023847376720772848,1.9540931516223483,0.20658705631891885,0.006967585585597489,0.0003274610757620798,0.752
1,77,periodic,direct,1,0.28542184829711914,0.7368647456169128,0.5560790300369263,0.4666141735182868,0.04618141841557291,0.023183491908841662,1.9303880267673068,0.20076183643605974,0.006576970581793123,0.0003202793498833974,0.754
1,78,periodic,direct,1,0.28542184829711914,0.7368647456169128,0.5560790300369263,0.46505795584784615,0.0450937193300989,0.023426690242356725,1.902067608303494,0.20280884703000387,0.006720497065948116,0.0003233854788252049,0.758
1,79,periodic,direct,1,0.28542184829711914,0.7368647456169128,0.5560790300369263,0.4556846386856503,0.043767277979188494,0.021621650498774316,1.8628363211949666,0.2008947746621238,0.00595177285787132,0.00028282911646076373,0.755
1,80,periodic,direct,1,0.28542184829711914,0.7368647456169128,0.5560790300369263,0.45472729537222123,0.0438246155778567,0.020740580848521657,1.845326092508104,0.20263232125176323,0.005728493030700419,0.0002658453563021289,0.757
1,81,periodic,direct,2,0.3166235387325287,0.6856398582458496,0.5348742604255676,0.45716783073213363,0.04574660211801529,0.023580869452820882,1.8392850028143988,0.2008351335922877,0.005865485407412052,0.00028796799273954495,0.761
1,82,periodic,direct,2,0.3166235387325287,0.6856398582458496,0.5348742604255676,0.4458504683441586,0.045556549810700946,0.020860456137193575,1.794971850183275,0.19672225415706635,0.0061417572303778594,0.0002862918902085059,0.77
1,83,periodic,direct,2,0.3166235387325287,0.6856398582458496,0.5348742604255676,0.4503219624360402,0.044389375381999545,0.021139680304461055,1.782856477631463,0.20338191588719687,0.005961880812214481,0.00028880754770297144,0.764
1,84,periodic,direct,2,0.3166235387325287,0.6856398582458496,0.5348742604255676,0.4414333436224196,0.04387647741370731,0.02032826944357819,1.7257543007532756,0.201815750863817,0.005391183516217602,0.000283651538969328,0.768
1,85,periodic,direct,2,0.3166235387325287,0.6856398582458496,0.5348742604255676,0.4359339111381107,0.04342135041952133,0.020255883534749348,1.7182928853564792,0.19755843778451285,0.005466522907631265,0.0002713548213553925,0.765
1,86,periodic,direct,2,0.3166235387325287,0.6856398582458496,0.5348742604255676,0.43449437949392533,0.044967381904522576,0.0207511850943168,1.680377231703864,0.19786075585418278,0.005469713877472613,0.0002849482892391582,0.762
1,87,periodic,direct,2,0.3166235387325287,0.6856398582458496,0.5348742604255676,0.4364459150367313,0.042673620498842664,0.021613055633174047,1.67666757106781,0.20129578643374973,0.006101459885636966,0.00029192147647134133,0.765
1,88,periodic,direct,2,0.3166235387325287,0.6856398582458496,0.5348742604255676,0.43026987711588544,0.044057957414123744,0.020756955155067973,1.6354962322447035,0.19862357940938738,0.006272114192446073,0.00029139666973302764,0.761
1,89,periodic,direct,2,0.3166235387325287,0.6856398582458496,0.5348742604255676,0.42802662319607204,0.04352056442035569,0.020778369572427537,1.6264353328280978,0.19795853230688307,0.005971036282264524,0.00028020190075039864,0.767
1,90,periodic,direct,2,0.3166235387325287,0.6856398582458496,0.5348742604255676,0.4283023774623871,0.04275366250011656,0.019889404583308432,1.610814094543457,0.2016895744535658,0.005517461233668857,0.000259178858767781,0.764
1,91,periodic,direct,2,0.3166235387325287,0.6856398582458496,0.5348742604255676,0.42518338229921127,0.04388313533531295,0.02047311742272642,1.578192366494073,0.2001423223151101,0.005470113000935978,0.0002610147025229202,0.769
1,92,periodic,direct,2,0.3166235387325287,0.6856398582458496,0.5348742604255676,0.4232627915011512,0.045179419219493866,0.02142392098903656,1.545585076014201,0.19870402581161922,0.006524195480677817,0.0002696427723599805,0.767
1,93,periodic,direct,2,0.3166235387325287,0.6856398582458496,0.5348742604255676,0.4216465387079451,0.042339986811081566,0.020494882638255756,1.544086707962884,0.20115747882260215,0.006224866904732253,0.00026617099582735036,0.766
1,94,periodic,direct,2,0.3166235387325287,0.6856398582458496,0.5348742604255676,0.4195951090918647,0.04119594022631645,0.019504003640678193,1.5320449007882013,0.20264995760387844,0.005832250178274181,0.0002491795975301001,0.759
1,95,periodic,direct,2,0.3166235387325287,0.6856398582458496,0.5348742604255676,0.4169589711560143,0.041671773625744715,0.020043826351563137,1.5113879309760199,0.20119844873746237,0.0055533611836532755,0.00025889773516812257,0.764
1,96,periodic,direct,2,0.3166235387325287,0.6856398582458496,0.5348742604255676,0.4105139738983578,0.043752848688099116,0.020555973880820803,1.470566709836324,0.1961807757616043,0.005682848652617799,0.0002525428814503054,0.767
1,97,periodic,direct,2,0.3166235387325287,0.6856398582458496,0.5348742604255676,0.41143812073601616,0.04192552839716276,0.01922171086900764,1.4639146327972412,0.20125652021831936,0.005040997328857581,0.000244793022931036,0.764
1,98,periodic,direct,2,0.3166235387325287,0.6856398582458496,0.5348742604255676,0.4124860432412889,0.04273684985107846,0.020061778525511425,1.4463902049594455,0.20214511288536918,0.005539504448986716,0.00026704037898323603,0.767
1,99,periodic,direct,2,0.3166235387325287,0.6856398582458496,0.5348742604255676,0.4034827980730269,0.04247903202970823,0.021453197217649884,1.4256551663080852,0.19427531792057884,0.00517460781460007,0.0002448458625521097,0.762
1,100,periodic,direct,2,0.3166235387325287,0.6856398582458496,0.5348742604255676,0.4094811843501197,0.044242250008715525,0.021710048740108807,1.408108327123854,0.1998588956064648,0.005460779493053754,0.0002575360898238917,0.77
1,101,periodic,direct,2,0.3166235387325287,0.6856398582458496,0.5348742604255676,0.4035818510585361,0.043130127920044795,0.02036203754444917,1.3833972215652466,0.19904709027873146,0.005167260766029358,0.0002384784359795352,0.764
1,102,periodic,direct,2,0.3166235387325287,0.6856398582458496,0.5348742604255676,0.40561016731792027,0.04258580795592732,0.02246276827322112,1.3821816311942206,0.19968337648444706,0.0050814820763965445,0.00023861122058911456,0.761
1,103,periodic,direct,2,0.3166235387325287,0.6856398582458496,0.5348742604255676,0.40835898452334934,0.04042245364851422,0.02286651461488671,1.3723829587300618,0.20477002031273311,0.005863631144165993,0.000259758988654034,0.759
1,104,periodic,direct,2,0.3166235387325287,0.6856398582458496,0.5348742604255676,0.4021833837032318,0.04257304925057623,0.022912551338473957,1.3434498442543878,0.1991588357422087,0.006108237482193444,0.0002796733687217865,0.754
1,105,periodic,direct,2,0.3166235387325287,0.6856398582458496,0.5348742604255676,0.40025272303157383,0.042784428844849266,0.023821425313750904,1.3341004716025457,0.19683905276987287,0.006514531301541461,0.00028098654648703005,0.77
1,106,periodic,direct,2,0.3166235387325287,0.6856398582458496,0.5348742604255676,0.4013333287503984,0.042412893225749336,0.02270507502059142,1.3381907675001357,0.19879101713498434,0.0069098928943276405,0.00030062959477719333,0.77
1,107,periodic,direct,2,0.3166235387325287,0.6856398582458496,0.5348742604255676,0.3997713228066762,0.04025339666340086,0.02134882513847616,1.3037265539169312,0.20408428874280718,0.007128812941826052,0.0002954938681796193,0.761
1,108,periodic,direct,2,0.3166235387325287,0.6856398582458496,0.5348742604255676,0.3966452148225572,0.040540380196438894,0.021815850709875424,1.2868295245700412,0.2023461295498742,0.0062554204939968055,0.00026437304525946576,0.758
1,109,periodic,direct,2,0.3166235387325287,0.6856398582458496,0.5348742604255676,0.4042517940203349,0.04311608109209272,0.02504267046848933,1.2931404246224298,0.20348991122510698,0.006312632053676579,0.00026554798629755777,0.771
1,110,periodic,direct,2,0.3166235387325287,0.6856398582458496,0.5348742604255676,0.40117021401723224,0.04309213823742337,0.028677091830306582,1.2757021718555026,0.19827067852020264,0.006840802936090363,0.00027937729222079116,0.769
1,111,periodic,direct,2,0.3166235387325287,0.6856398582458496,0.5348742604255676,0.39943661292394,0.04109351916445626,0.02647550341983636,1.2588516341315374,0.2019947518905004,0.007683125893688864,0.0002922244796839853,0.765
1,112,periodic,direct,2,0.3166235387325287,0.6856398582458496,0.5348742604255676,0.4051946865187751,0.042205395797888436,0.028149661297599476,1.2537150118086073,0.20546186301443312,0.007733096834272146,0.0002794436942268577,0.764
1,113,periodic,direct,2,0.3166235387325287,0.6856398582458496,0.5348742604255676,0.39615456925498116,0.041926834318372935,0.028237910320361454,1.2359041902754042,0.1977342797650231,0.00897994896190034,0.00035030264148695604,0.753
1,114,periodic,direct,2,0.3166235387325287,0.6856398582458496,0.5348742604255676,0.3909289472632938,0.041757350166638695,0.024773350399401452,1.2315901782777574,0.19669044680065578,0.008775370816389719,0.0003221934182672865,0.762
1,115,periodic,direct,2,0.3166235387325287,0.6856398582458496,0.5348742604255676,0.39255056116316056,0.04122932296660212,0.023605131233731907,1.2236708932452731,0.20097586843702528,0.00842927365253369,0.00031702477200370695,0.765
1,116,periodic,direct,2,0.3166235387325287,0.6856398582458496,0.5348742604255676,0.38365600837601554,0.04168407618999481,0.02163952961564064,1.1826787524753146,0.19811806082725525,0.0075799332310756045,0.00031299645262252953,0.767
1,117,periodic,direct,2,0.3166235387325287,0.6856398582458496,0.5348742604255676,0.3857281439834171,0.041545164667897753,0.021632752898666594,1.1731067763434515,0.20171715650293562,0.006758142417917649,0.0002866515553452902,0.768
1,118,periodic,direct,2,0.3166235387325287,0.6856398582458496,0.5348742604255676,0.3815065059396956,0.04070242163207796,0.021916943912704785,1.1518890460332234,0.20009244978427887,0.006925982267906268,0.00028558980880512134,0.761
1,119,periodic,direct,2,0.3166235387325287,0.6856398582458496,0.5348742604255676,0.37806436419487,0.03968817078404956,0.02187434397637844,1.1512176328235202,0.1982857899533378,0.005926252704941564,0.00026232591416272853,0.765
1,120,periodic,direct,2,0.3166235387325287,0.6856398582458496,0.5348742604255676,0.38139373395178056,0.042362558758921094,0.02216569251484341,1.1392218271891277,0.2001046985387802,0.0054455712541109985,0.00023162793109400405,0.759
1,121,periodic,direct,3,0.33772143721580505,0.6682857275009155,0.527688205242157,0.3820679585138957,0.04149959981441498,0.023554737576180033,1.135865330696106,0.20075365238719517,0.0051439544185996056,0.00020292286191963486,0.761
1,122,periodic,direct,3,0.33772143721580505,0.6682857275009155,0.527688205242157,0.3798077834977044,0.03958970101343261,0.02260102103981707,1.135712398423089,0.201503723859787,0.004863296480228503,0.00022089350709898604,0.764
1,123,periodic,direct,3,0.33772143721580505,0.6682857275009155,0.527688205242157,0.37246638536453247,0.04065435007214546,0.02177856158879068,1.1042040718926325,0.19717340999179417,0.004673979503826963,0.00020530978347071342,0.766
1,124,periodic,direct,3,0.33772143721580505,0.6682857275009155,0.527688205242157,0.36839253703753155,0.03924629257784949,0.020457032654020522,1.0915147331025865,0.19714690413739946,0.004575291596766975,0.0002063618093315098,0.765
1,125,periodic,direct,3,0.33772143721580505,0.6682857275009155,0.527688205242157,0.37456437283092076,0.03959928535752826,0.0220497523744901,1.1002989610036213,0.20064038700527614,0.004305683749003543,0.00018441499883515967,0.759
1,126,periodic,direct,3,0.33772143721580505,0.6682857275009155,0.527688205242157,0.37473154067993164,0.04037183316217528,0.02153826028936439,1.0841534932454426,0.2022133900059594,0.004199051298201084,0.0001863632221809692,0.763
1,127,periodic,direct,3,0.33772143721580505,0.6682857275009155,0.527688205242157,0.3745776348643833,0.03926833470662435,0.022575287769238155,1.0871041615804036,0.20172804097334543,0.004397592041641474,0.00019352004811581638,0.77
1,128,periodic,direct,3,0.33772143721580505,0.6682857275009155,0.527688205242157,0.3762417899237739,0.04168073460459709,0.025758108124136925,1.074918097919888,0.19861700468593174,0.005175280384719372,0.00021298650729780397,0.758
1,129,periodic,direct,3,0.33772143721580505,0.6682857275009155,0.527688205242157,0.37292638421058655,0.039168192694584526,0.025674716879924137,1.0753372775183783,0.19754085938135782,0.005781851191487577,0.0002359281966669692,0.761
1,130,periodic,direct,3,0.33772143721580505,0.6682857275009155,0.527688205242157,0.3764437602625953,0.03886447846889496,0.027676788883076772,1.0727200508117676,0.19956058098210228,0.005901235259241528,0.000238584089351611,0.765
1,131,periodic,direct,3,0.33772143721580505,0.6682857275009155,0.527688205242157,0.3862388597594367,0.042095435990227595,0.028429359197616577,1.0774446460935805,0.2046283334493637,0.006427180642882983,0.00025535362591553066,0.765
1,132,periodic,direct,3,0.33772143721580505,0.6682857275009155,0.527688205242157,0.37814734710587394,0.039651072273651757,0.032311139835251704,1.0537398325072393,0.19732862214247385,0.006716387501607339,0.0002486640328748359,0.762
1,133,periodic,direct,3,0.33772143721580505,0.6682857275009155,0.527688205242157,0.3824806743197971,0.040877797537379794,0.02885582008295589,1.0685477124320135,0.2022741867436303,0.006986415531072352,0.0002497812513158553,0.767
1,134,periodic,direct,3,0.33772143721580505,0.6682857275009155,0.527688205242157,0.37571678890122306,0.04073282786541515,0.026873689765731495,1.042362994617886,0.20044462217224968,0.006608219248139196,0.00025048319043384656,0.76
1,135,periodic,direct,3,0.33772143721580505,0.6682857275009155,0.527688205242157,0.37160095903608537,0.03820332222514682,0.024448263355427317,1.0381321509679158,0.20189201169543797,0.006247806155847179,0.00024047682786153423,0.763
1,136,periodic,direct,3,0.33772143721580505,0.6682857275009155,0.527688205242157,0.36215340428882176,0.039023317810561925,0.02334856614470482,1.0012662013371785,0.1966433607869678,0.005802575602299637,0.00022048876983010105,0.772
1,137,periodic,direct,3,0.33772143721580505,0.6682857275009155,0.527688205242157,0.36603056722217137,0.040111296292808324,0.025561395411690075,1.0035828683111403,0.19721882541974387,0.005357781632079018,0.00020373264043074515,0.764
1,138,periodic,direct,3,0.33772143721580505,0.6682857275009155,0.527688205242157,0.3605990442964766,0.039281015594800316,0.02481760808991061,0.9923980964554681,0.19438845415910086,0.00551843053350846,0.0002258812504199644,0.767
1,139,periodic,direct,3,0.33772143721580505,0.6682857275009155,0.527688205242157,0.36865248945024276,0.03923328841725985,0.025388509242071047,1.0039422909418743,0.2007225685649448,0.0056117986225419575,0.00021598604507744312,0.755
1,140,periodic,direct,3,0.33772143721580505,0.6682857275009155,0.527688205242157,0.36508434017499286,0.03913114592432976,0.023036875244643953,0.9980369144015842,0.20029141836696202,0.005436268686834309,0.00020613737352606322,0.77
1,141,periodic,direct,3,0.33772143721580505,0.6682857275009155,0.527688205242157,0.35935523443751866,0.038334344824155174,0.0213333194454511,0.9719735847579108,0.1997261941432953,0.005311547261145379,0.00021650135103199218,0.766
1,142,periodic,direct,3,0.33772143721580505,0.6682857275009155,0.527688205242157,0.35515233212047154,0.03697074908349249,0.020105597873528797,0.9713735514216952,0.19834643436802757,0.004985654674884345,0.00019873701320547197,0.768
1,143,periodic,direct,3,0.33772143721580505,0.6682857275009155,0.527688205242157,0.35150570339626735,0.0376055170264509,0.019127383621202573,0.9529173771540324,0.19717247618569267,0.004426804578138722,0.00019038350243742266,0.765
1,144,periodic,direct,3,0.33772143721580505,0.6682857275009155,0.527688205242157,0.35914189285702175,0.03632005676627159,0.018563980236649513,0.9639130367173089,0.20544130934609306,0.00464637970758809,0.00020410445156610676,0.759
1,145,periodic,direct,3,0.33772143721580505,0.6682857275009155,0.527688205242157,0.3557784888479445,0.03854348717464341,0.020672948617074225,0.9530385666423373,0.19878768258624607,0.004761382420029905,0.00017963996570971276,0.761
1,146,periodic,direct,3,0.33772143721580505,0.6682857275009155,0.527688205242157,0.3544716205861833,0.038736442310942545,0.021821505079666775,0.9372027781274583,0.19783144858148363,0.0045421781121856636,0.0001817066093078918,0.764
1,147,periodic,direct,3,0.33772143721580505,0.6682857275009155,0.527688205242157,0.3537065088748932,0.03713831429680189,0.02293993698226081,0.9369552665286593,0.19767460061444175,0.004342564407529103,0.0001736760993177692,0.755
1,148,periodic,direct,3,0.33772143721580505,0.6682857275009155,0.527688205242157,0.3589632742934757,0.0395702649321821,0.024924755717317264,0.9335931208398607,0.1986314190758599,0.004766847886559036,0.0001881956704892218,0.764
1,149,periodic,direct,3,0.33772143721580505,0.6682857275009155,0.527688205242157,0.35861596796247697,0.04095314318935076,0.02488119237952762,0.9264194170633951,0.19763606124454075,0.004819145736594995,0.00018812285917293694,0.76
1,150,periodic,direct,3,0.33772143721580505,0.6682857275009155,0.527688205242157,0.36472196049160427,0.039750238673554525,0.028155871563487582,0.9485040042135451,0.1992352522081799,0.005266077713006073,0.00019432362427728044,0.768
1,151,periodic,direct,3,0.33772143721580505,0.6682857275009155,0.527688205242157,0.36278147167629665,0.03924352385931545,0.02972181969218784,0.9360174073113335,0.19710198707050747,0.006004699298905002,0.0002201146691934102,0.765
1,152,periodic,direct,3,0.33772143721580505,0.6682857275009155,0.527688205242157,0.37844911879963344,0.03781604849629932,0.039982674229476184,0.9510121544202169,0.2017387499411901,0.00734359858971503,0.00027725257677957416,0.75
1,153,periodic,direct,3,0.33772143721580505,0.6682857275009155,0.527688205242157,0.38260070151752895,0.040497664362192154,0.04283058767517408,0.9742605752415128,0.19657394289970398,0.010197241687112384,0.000347645313013345,0.761
1,154,periodic,direct,3,0.33772143721580505,0.6682857275009155,0.527688205242157,0.3743225501643287,0.040583369218640857,0.03147557543383704,0.970923450258043,0.1998279227150811,0.010288838090168105,0.0003978422998140256,0.763
1,155,periodic,direct,3,0.33772143721580505,0.6682857275009155,0.527688205242157,0.35788335733943516,0.03820334002375603,0.024962459173467424,0.9237377709812589,0.19728762573666042,0.009741021320223808,0.0003713104395299322,0.762
1,156,periodic,direct,3,0.33772143721580505,0.6682857275009155,0.527688205242157,0.3553165958987342,0.03839073661300871,0.021771320038371615,0.9045651157697042,0.20086877710289425,0.007390737999230623,0.0002677661897097197,0.756
1,157,periodic,direct,3,0.33772143721580505,0.6682857275009155,0.527688205242157,0.35109597113397384,0.039234519418742925,0.02061609013213052,0.8781703246964349,0.200611874461174,0.00542516369993488,0.00020774711932366094,0.761
1,158,periodic,direct,3,0.33772143721580505,0.6682857275009155,0.527688205242157,0.3487384517987569,0.03735192823741171,0.02028981161614259,0.8800183733304342,0.20022178855207232,0.005525725169314278,0.00022045306913140748,0.764
1,159,periodic,direct,3,0.33772143721580505,0.6682857275009155,0.527688205242157,0.340990361240175,0.036577953232659235,0.01923049386176798,0.8590832485093011,0.1962990661462148,0.005683321816225846,0.00026572129637416865,0.757
1,160,periodic,direct,3,0.33772143721580505,0.6682857275009155,0.527688205242157,0.3402387003103892,0.03556238735715548,0.017763281241059303,0.8567703300052218,0.1987497094604704,0.004785200943135553,0.00018737593200057745,0.762
1,161,periodic,direct,4,0.34456896781921387,0.667883574962616,0.5276286005973816,0.34492631753285724,0.0377956624660227,0.018596537618173495,0.8625525567266676,0.20010362731085884,0.004171549885844191,0.00017890159506350756,0.761
1,162,periodic,direct,4,0.34456896781921387,0.667883574962616,0.5276286005973816,0.33714213305049473,0.03621890768408775,0.01731804861790604,0.8500874903466966,0.19655528167883554,0.0039160440210253,0.00016624749534659914,0.751
1,163,periodic,direct,4,0.34456896781921387,0.667883574962616,0.5276286005973816,0.34029338757197064,0.036950660248597465,0.019010075471467443,0.8561568790011935,0.1968060036500295,0.0036622422178172404,0.00015968210451925793,0.762
1,164,periodic,direct,4,0.34456896781921387,0.667883574962616,0.5276286005973816,0.3386842409769694,0.035438135680225163,0.018228929075929854,0.8501535720295377,0.19808294044600594,0.003694541183196836,0.00014320748030311533,0.761
1,165,periodic,direct,4,0.34456896781921387,0.667883574962616,0.5276286005973816,0.3415522807174259,0.03628427742256059,0.01929785745839278,0.846651017665863,0.1994674586587482,0.0035300053811321654,0.00014517030083677836,0.753
1,166,periodic,direct,4,0.34456896781921387,0.667883574962616,0.5276286005973816,0.3448045816686418,0.03604119560784764,0.019860291646586523,0.8524962133831449,0.20173295007811654,0.003685128642246127,0.00015592906856909394,0.767
1,167,periodic,direct,4,0.34456896781921387,0.667883574962616,0.5276286005973816,0.3446950448883904,0.03649893941150771,0.021007381586564913,0.8400748173395792,0.20125657651159498,0.0036918181512090894,0.00015751278907474544,0.762
1,168,periodic,direct,4,0.34456896781921387,0.667883574962616,0.5276286005973816,0.347277969121933,0.03718838054272863,0.021737972274422646,0.8457766109042697,0.20151695609092712,0.0043453738196856445,0.00016861527304475507,0.765
1,169,periodic,direct,4,0.34456896781921387,0.667883574962616,0.5276286005973816,0.34369419349564445,0.03763678090439902,0.025035394976536434,0.8357015781932406,0.19488680197132957,0.004933683149930503,0.00019644004836057624,0.765
1,170,periodic,direct,4,0.34456896781921387,0.667883574962616,0.5276286005973816,0.41894253757264877,0.042879290878772736,0.08250684580869144,0.9313490192095438,0.19552342262532976,0.009498949059181742,0.0002972139951048626,0.742
1,171,periodic,direct,4,0.34456896781921387,0.667883574962616,0.5276286005973816,0.40169139371977913,0.04356532378329171,0.05296719943483671,1.0129614472389221,0.19610358443525103,0.015055241477158334,0.00046305126225989725,0.747
1,172,periodic,direct,4,0.34456896781921387,0.667883574962616,0.5276286005973816,0.37329862183994716,0.042063771850532956,0.03265552160640558,0.9576640327771505,0.19564607077174717,0.01391715608123276,0.0004165381995133228,0.762
1,173,periodic,direct,4,0.34456896781921387,0.667883574962616,0.5276286005973816,0.3508487542470296,0.03733732675512632,0.023513106008370716,0.9066254761483934,0.19405364493529,0.010252251910666624,0.00031200191006064415,0.756
1,174,periodic,direct,4,0.34456896781921387,0.667883574962616,0.5276286005973816,0.3552916646003723,0.03884285853968726,0.02276741009619501,0.8838770190874735,0.2012025084760454,0.007933115483158164,0.00024925446551707055,0.757
1,175,periodic,direct,4,0.34456896781921387,0.667883574962616,0.5276286005973816,0.3432911965582106,0.037221283548408084,0.020745157988535032,0.8453997770945231,0.19767205086019304,0.006010754965245724,0.00021470185472733446,0.759
1,176,periodic,direct,4,0.34456896781921387,0.667883574962616,0.5276286005973816,0.34342968463897705,0.03706993700729476,0.020276900173889265,0.8292369643847147,0.20062851077980465,0.004879249880711238,0.00018202563256232275,0.753
1,177,periodic,direct,4,0.34456896781921387,0.667883574962616,0.5276286005973816,0.3428050246503618,0.037299449659056134,0.01972981459564633,0.821486254533132,0.20134928822517395,0.0043806639603442615,0.00017501567102347812,0.758
1,178,periodic,direct,4,0.34456896781921387,0.667883574962616,0.5276286005973816,0.33403102225727505,0.03484268155362871,0.018058694795601897,0.8198381927278307,0.19707188175784218,0.003982519575705131,0.00016538798809051514,0.757
1,179,periodic,direct,4,0.34456896781921387,0.667883574962616,0.5276286005973816,0.3437276879946391,0.03695136391454273,0.019556679866380162,0.8198342058393691,0.2032773064242469,0.003754513079507483,0.00016331798785055676,0.76
1,180,periodic,direct,4,0.34456896781921387,0.667883574962616,0.5276286005973816,0.33670580718252396,0.035244460942016706,0.020646178474028904,0.818906479411655,0.1966416190067927,0.004389399714354012,0.00017640223571409783,0.754
1,181,periodic,direct,4,0.34456896781921387,0.667883574962616,0.5276286005973816,0.33526356683837044,0.0361157465312216,0.019624479115009308,0.8008510205480788,0.1970783637629615,0.004529233659721083,0.00019052818081238202,0.757
1,182,periodic,direct,4,0.34456896781921387,0.667883574962616,0.5276286005973816,0.3380560047096676,0.03782014590170649,0.023253617187341053,0.801078200340271,0.19454303880532584,0.004480581937564744,0.00018217760629744994,0.761
1,183,periodic,direct,4,0.34456896781921387,0.667883574962616,0.5276286005973816,0.33600546916325885,0.036635643906063504,0.021722601312730048,0.7985338038868375,0.1952771031194263,0.004848701155020131,0.00018477745793966783,0.758
1,184,periodic,direct,4,0.34456896781921387,0.667883574962616,0.5276286005973816,0.3369782533910539,0.03630508854985237,0.021346783886353176,0.7949909567832947,0.1975963595840666,0.004286127009739478,0.00017572857258427475,0.747
1,185,periodic,direct,4,0.34456896781921387,0.667883574962616,0.5276286005973816,0.33197833100954693,0.03450635944803556,0.019401003503137164,0.8000048796335856,0.19601943923367393,0.003942193696275353,0.00015988569551457962,0.764
1,186,periodic,direct,4,0.34456896781921387,0.667883574962616,0.5276286005973816,0.3348938624064128,0.03663102868530485,0.018640786202417478,0.7892601357565986,0.19866840872499678,0.0038979672568125855,0.0001572839747596946,0.755
1,187,periodic,direct,4,0.34456896781921387,0.667883574962616,0.5276286005973816,0.33037330706914264,0.03536960275636779,0.018569090507096715,0.7870778242746989,0.19583740995989907,0.003629090781841013,0.0001497570645167596,0.757
1,188,periodic,direct,4,0.34456896781921387,0.667883574962616,0.5276286005973816,0.3355603516101837,0.038460741026533976,0.01895075560443931,0.7725449204444885,0.19927981661425698,0.0030979238864448336,0.00013116410829954676,0.762
1,189,periodic,direct,4,0.34456896781921387,0.667883574962616,0.5276286005973816,0.33150167266527814,0.036891368942128286,0.018564903280801244,0.7671451171239217,0.19771729906400046,0.003092758176434371,0.0001344175155585011,0.761
1,190,periodic,direct,4,0.34456896781921387,0.667883574962616,0.5276286005973816,0.3385122815767924,0.03695680449406306,0.025210781229866877,0.7822550468974643,0.19614969028366935,0.0038019439412487876,0.00013707585943241915,0.773
1,191,periodic,direct,4,0.34456896781921387,0.667883574962616,0.5276286005973816,0.3523482282956441,0.03787910110420651,0.03197515466146999,0.7982813252343072,0.19981125659412807,0.00550667822567953,0.00020246736757043336,0.753
1,192,periodic,direct,4,0.34456896781921387,0.667883574962616,0.5276286005973816,0.3499091664950053,0.0372510374420219,0.030872007004088826,0.810735841592153,0.1974925332599216,0.006229494232684374,0.00021052059795086583,0.755
1,193,periodic,direct,4,0.34456896781921387,0.667883574962616,0.5276286005973816,0.34166428446769714,0.035775320397482976,0.02576664566165871,0.7981849246554904,0.19700413280063206,0.006380129139870405,0.00021926175233804516,0.75
1,194,periodic,direct,4,0.34456896781921387,0.667883574962616,0.5276286005973816,0.3391731248961555,0.03685579097105397,0.024396334671311908,0.7807163331243727,0.19683808419439527,0.005815869818131129,0.00020669394224468205,0.753
1,195,periodic,direct,4,0.34456896781921387,0.667883574962616,0.5276286005973816,0.34191834595468307,0.0362832136452198,0.023291684894098177,0.7851248648431566,0.2010185718536377,0.005423855398678117,0.00020092034376122884,0.757
1,196,periodic,direct,4,0.34456896781921387,0.667883574962616,0.5276286005973816,0.3310157159964244,0.0342243727710512,0.020775287515587278,0.767039590411716,0.19678356084558699,0.004873409453365538,0.00018367304518404935,0.768
1,197,periodic,direct,4,0.34456896781921387,0.667883574962616,0.5276286005973816,0.3269694712426927,0.03560754698183802,0.020055062241024442,0.7550593283441331,0.19352005587683785,0.004386217954258124,0.00017553060832950805,0.759
1,198,periodic,direct,4,0.34456896781921387,0.667883574962616,0.5276286005973816,0.3294937246375614,0.03569581111272176,0.019089451473620202,0.7472557557953728,0.1979163967900806,0.003975366112879581,0.0001576064840062625,0.765
1,199,periodic,direct,4,0.34456896781921387,0.667883574962616,0.5276286005973816,0.3286308679315779,0.03404421193732156,0.017637926050358348,0.7559588154157003,0.19934997624821132,0.00384603267432087,0.00015972361304900714,0.768
1,200,periodic,direct,4,0.34456896781921387,0.667883574962616,0.5276286005973816,0.3318171600500743,0.037491479681597814,0.019109287816617224,0.7395526634322273,0.19941438072257572,0.0035416952644785247,0.00015180072255639566,0.76
2,1,periodic,direct,4,0.34456896781921387,0.667883574962616,0.518419086933136,2.3187622494167752,1.170765095286899,0.491889573961291,3.4283000098334417,0.19299955169359842,0.23066745201746622,0.009888582500732608,0.5193333333333333
2,2,periodic,direct,4,0.34456896781921387,0.667883574962616,0.518419086933136,1.5497739050123427,0.8652179506089952,0.11723136653502782,3.330884271197849,0.18593269255426195,0.09290004935529497,0.003706851818909248,0.5506666666666666
2,3,periodic,direct,4,0.34456896781921387,0.667883574962616,0.518419086933136,1.260527080959744,0.6767602496676974,0.062271284146441355,3.175915347205268,0.18278296457396614,0.0404830759184228,0.0017589866959800322,0.5666666666666667
2,4,periodic,direct,4,0.34456896781921387,0.667883574962616,0.518419086933136,1.0987054242028131,0.5562419593334198,0.05067378199762768,3.043419705496894,0.1775737702846527,0.018847351272900898,0.0009005272165975637,0.5753333333333334
2,5,periodic,direct,4,0.34456896781921387,0.667883574962616,0.518419086933136,0.9851173294915093,0.4752565821011861,0.03968809172511101,2.87940870390998,0.17678325871626535,0.010294808592233393,0.0006022363603632483,0.584
2,6,periodic,direct,4,0.34456896781921387,0.667883574962616,0.518419086933136,0.8996714618470933,0.4082734915945265,0.031771667301654816,2.7800810866885715,0.1781251629193624,0.006494461610499356,0.000491579781131198,0.5953333333333334
2,7,periodic,direct,4,0.34456896781921387,0.667883574962616,0.518419086933136,0.8325782352023654,0.35762489835421246,0.03051121470828851,2.6985807683732776,0.17194748918215433,0.004864739150636726,0.00040840594253192347,0.6026666666666667
2,8,periodic,direct,4,0.34456896781921387,0.667883574962616,0.518419086933136,0.7860346767637465,0.3265302512380812,0.026866981759667397,2.6035136381785073,0.17012367811467913,0.003962845981328024,0.00036195260084544617,0.61
2,9,periodic,direct,4,0.34456896781921387,0.667883574962616,0.518419086933136,0.7443805469406976,0.2913542621665531,0.025948272604081366,2.55238938331604,0.16986196405357784,0.0036090777721256018,0.0003451746629758014,0.628
2,10,periodic,direct,4,0.34456896781921387,0.667883574962616,0.518419086933136,0.708228607972463,0.26337723268402946,0.023668860809670553,2.4858031802707248,0.17075522078408134,0.0033556973406424126,0.0003382270030366878,0.6326666666666667
2,11,periodic,direct,4,0.34456896781921387,0.667883574962616,0.518419086933136,0.6786383191744486,0.24328061110443538,0.022421452320284314,2.4321209059821234,0.16789762344625261,0.003323837002325389,0.00032925136232127744,0.646
2,12,periodic,direct,4,0.34456896781921387,0.667883574962616,0.518419086933136,0.6621714035669962,0.23165181941456264,0.023272011429071426,2.3774956597222223,0.16764948268731436,0.0033530278079625634,0.0003439760314197176,0.6533333333333333
2,13,periodic,direct,4,0.34456896781921387,0.667883574962616,0.518419086933136,0.6285875903235542,0.21070299380355412,0.023220509497655764,2.308040142059326,0.1620044873820411,0.0033836917848222786,0.0003274999972846773,0.6566666666666666
2,14,periodic,direct,4,0.34456896781921387,0.667883574962616,0.518419086933136,0.6108300354745653,0.1947676655319002,0.021624384861853387,2.262046310636732,0.16627915369139779,0.003560159769323137,0.0003482658260812362,0.6633333333333333
2,15,periodic,direct,4,0.34456896781921387,0.667883574962616,0.518419086933136,0.596938411394755,0.18521372146076626,0.02074084182580312,2.222750743230184,0.16685730550024244,0.0033703111112117767,0.0003326158944724335,0.67
2,16,periodic,direct,4,0.34456896781921387,0.667883574962616,0.518419086933136,0.5792511171764798,0.17652993732028538,0.02113248801065816,2.173996369043986,0.1624150855673684,0.0032352890508870282,0.0003126558860660427,0.6746666666666666
2,17,periodic,direct,4,0.34456896781921387,0.667883574962616,0.518419086933136,0.5647898250155978,0.16491884655422634,0.020125348534848955,2.142849816216363,0.1635946962568495,0.0034238912113424805,0.00030800773270635144,0.686
2,18,periodic,direct,4,0.34456896781921387,0.667883574962616,0.518419086933136,0.5455136166678535,0.15331486033068764,0.019380773314171366,2.0971651871999106,0.16136764817767674,0.0031684448735581506,0.00029916783872370917,0.686
2,19,periodic,direct,4,0.34456896781921387,0.667883574962616,0.518419086933136,0.5383547610706754,0.1469143893983629,0.019998202928238444,2.058915442890591,0.1637711458735996,0.003280846117478278,0.0002781024021613929,0.6893333333333334
2,20,periodic,direct,4,0.34456896781921387,0.667883574962616,0.518419086933136,0.5227338208092583,0.1402408786945873,0.02077631362610393,2.012947916984558,0.1585829754670461,0.0033705243323412207,0.00030719492739687365,0.6893333333333334
2,21,periodic,direct,4,0.34456896781921387,0.667883574962616,0.518419086933136,0.5181929899586571,0.13590395202239355,0.021579738706350327,1.9806768894195557,0.16077888508637747,0.0034334833164595896,0.00029197713593021035,0.7006666666666667
2,22,periodic,direct,4,0.34456896781921387,0.667883574962616,0.518419086933136,0.5038748416635725,0.12659158060948053,0.019119250898559887,1.937584678332011,0.16257305608855355,0.0033970154925352996,0.0002679433285569151,0.6986666666666667
2,23,periodic,direct,4,0.34456896781921387,0.667883574962616,0.518419086933136,0.48836884564823574,0.11797511577606201,0.0185380515952905,1.914501600795322,0.15857484108871883,0.0033886449463251564,0.000272706202748749,0.7073333333333334
2,24,periodic,direct,4,0.34456896781921387,0.667883574962616,0.518419086933136,0.47777484854062396,0.11296184443765217,0.01696842846771081,1.8682911396026611,0.1593008687098821,0.0031651249672803613,0.000264049190769179,0.7013333333333334
2,25,periodic,direct,4,0.34456896781921387,0.667883574962616,0.518419086933136,0.47304465373357135,0.10872031417157915,0.017465379916959338,1.8494642575581868,0.16024780604574415,0.003075299629320701,0.0002541506352523963,0.7086666666666667
2,26,periodic,direct,4,0.34456896781921387,0.667883574962616,0.518419086933136,0.4643571409914229,0.10539385510815515,0.01760377465850777,1.8079766035079956,0.15890343487262726,0.0030459455317921108,0.00027088965159944363,0.7093333333333334
2,27,periodic,direct,4,0.34456896781921387,0.667883574962616,0.518419086933136,0.4587149653169844,0.10130214773946339,0.0182728444536527,1.7849010229110718,0.1588803364170922,0.003279086926745044,0.00025998352793976665,0.71
2,28,periodic,direct,4,0.34456896781921387,0.667883574962616,0.518419086933136,0.45128035214212203,0.09851131257083681,0.018263578621877566,1.7483628061082628,0.15787885751989153,0.0033115663358734716,0.00026908092614677217,0.712
2,29,periodic,direct,4,0.34456896781921387,0.667883574962616,0.518419086933136,0.4404488106568654,0.09234320372343063,0.01804005665083726,1.7038515541288588,0.1578281902604633,0.003465409235407909,0.0002389669082024031,0.716
2,30,periodic,direct,4,0.34456896781921387,0.667883574962616,0.518419086933136,0.4378079076608022,0.08944727811548445,0.018066644875539675,1.682135436269972,0.16039683752589756,0.0031412356377889714,0.00022596474607578583,0.718
2,31,periodic,direct,4,0.34456896781921387,0.667883574962616,0.518419086933136,0.425696720679601,0.08620390213198131,0.01747536390191979,1.6506345801883273,0.15521398352252114,0.0032425031531602144,0.0002375189926371806,0.7146666666666667
2,32,periodic,direct,4,0.34456896781921387,0.667883574962616,0.518419086933136,0.422706448369556,0.08434178349044588,0.016077604765693348,1.6312891244888306,0.15741734703381857,0.003246028855856922,0.000235555079092996,0.7186666666666667
2,33,periodic,direct,4,0.34456896781921387,0.667883574962616,0.518419086933136,0.41440943214628434,0.08085055235359404,0.016504067410197523,1.604127009709676,0.15495479106903076,0.0031334867752674553,0.00024114349313701192,0.7166666666666667
2,34,periodic,direct,4,0.34456896781921387,0.667883574962616,0.518419086933136,0.4137262635760837,0.07926174253225327,0.017062747851014137,1.581221381823222,0.15756887528631422,0.00318561471067369,0.00023589331734304628,0.7186666666666667
2,35,periodic,direct,4,0.34456896781921387,0.667883574962616,0.518419086933136,0.4054823120435079,0.0764225001136462,0.01773534653087457,1.5453650686475966,0.15515058239301047,0.0030562495812773705,0.00021849537087190483,0.718
2,36,periodic,direct,4,0.34456896781921387,0.667883574962616,0.518419086933136,0.40204179286956787,0.0728058082362016,0.016565661359992292,1.5373660458458795,0.1572710954480701,0.0031103589313311707,0.00021487823040742014,0.722
2,37,periodic,direct,4,0.34456896781921387,0.667883574962616,0.518419086933136,0.3952764372030894,0.07141468756728703,0.01655861497339275,1.4986041122012668,0.15579559902350107,0.0030664864203168284,0.00022776147428279123,0.722
2,38,periodic,direct,4,0.34456896781921387,0.667883574962616,0.518419086933136,0.3954189485973782,0.07025728871424992,0.01754117591513528,1.4914904700385199,0.15686386658085716,0.0030113079119473696,0.00020382300459055437,0.718
2,39,periodic,direct,4,0.34456896781921387,0.667883574962616,0.518419086933136,0.39141013887193465,0.06556652072403166,0.019598886370658875,1.4670585128996108,0.15769856009218428,0.0034617731968561807,0.00021885734491257204,0.7173333333333334
2,40,periodic,direct,4,0.34456896781921387,0.667883574962616,0.518419086933136,0.3835685584280226,0.0662976788977782,0.017845134768221114,1.4319472312927246,0.15426460901896158,0.0037085614943255982,0.00022427208669897582,0.72
2,41,periodic,direct,5,0.2979581654071808,0.6361715197563171,0.4942885935306549,0.39541927973429364,0.06707398055328263,0.026774860711561307,1.4342910316255357,0.15586215423213112,0.004315805104043748,0.00024255039817136194,0.7346666666666667
2,42,periodic,direct,5,0.2979581654071808,0.6361715197563171,0.4942885935306549,0.3831905292140113,0.06192584459980329,0.022585594405730564,1.4119216601053874,0.15495014687379202,0.004795012116018269,0.00027854279485634633,0.7386666666666667
2,43,periodic,direct,5,0.2979581654071808,0.6361715197563171,0.4942885935306549,0.3744950128926171,0.0586821258895927,0.01862391498353746,1.3908333513471816,0.15555539230505624,0.004844010755833652,0.00025647088962917525,0.734
2,44,periodic,direct,5,0.2979581654071808,0.6361715197563171,0.4942885935306549,0.3710837595992618,0.05755120805568165,0.018515232329567272,1.3585177659988403,0.15680984324879116,0.004478462661306064,0.0002329180909631153,0.7366666666666667
2,45,periodic,direct,5,0.2979581654071808,0.6361715197563171,0.4942885935306549,0.3623512652185228,0.05364245093531079,0.016522735978166263,1.3360564973619249,0.15637951095898947,0.0041785962465736605,0.0002232177972069217,0.736
2,46,periodic,direct,5,0.2979581654071808,0.6361715197563171,0.4942885935306549,0.3644344177511003,0.054444433086448245,0.01571366201258368,1.3151386446423001,0.16071076691150665,0.00389263727184799,0.00021073257084935904,0.734
2,47,periodic,direct,5,0.2979581654071808,0.6361715197563171,0.4942885935306549,0.3562934796015422,0.052636021541224584,0.015134728617138334,1.3063815699683294,0.15589984423584408,0.0037679550651874808,0.000201502181072202,0.7346666666666667
2,48,periodic,direct,5,0.2979581654071808,0.6361715197563171,0.4942885935306549,0.35393070181210834,0.05206016616688834,0.015874381384087935,1.278835031721327,0.1561732441186905,0.0036792172274241843,0.00019959273049607873,0.7373333333333333
2,49,periodic,direct,5,0.2979581654071808,0.6361715197563171,0.4942885935306549,0.34901343451605904,0.05165515881445673,0.014453370848463641,1.2659938865237765,0.15442988276481628,0.0035501731456153924,0.0002010984139309989,0.7413333333333333
2,50,periodic,direct,5,0.2979581654071808,0.6361715197563171,0.4942885935306549,0.34701839751667446,0.05147344991564751,0.015265986633797487,1.242685980266995,0.15414926575289833,0.003534725142849816,0.00018746412307437923,0.7346666666666667
2,51,periodic,direct,5,0.2979581654071808,0.6361715197563171,0.4942885935306549,0.34825145535998875,0.05067261515392198,0.01619523877484931,1.2329637209574382,0.15633460713757408,0.0033251698801500928,0.00018007269439597925,0.7426666666666667
2,52,periodic,direct,5,0.2979581654071808,0.6361715197563171,0.4942885935306549,0.34618080655733746,0.04992089751693937,0.015641947587331135,1.2204462422264948,0.15679828160338932,0.0033579455533375344,0.00019215842864165703,0.7373333333333333
2,53,periodic,direct,5,0.2979581654071808,0.6361715197563171,0.4942885935306549,0.3415650162431929,0.04925920772883627,0.015366991671423117,1.1892545355690851,0.1562162439028422,0.003410863612468044,0.00018336865792257918,0.736
2,54,periodic,direct,5,0.2979581654071808,0.6361715197563171,0.4942885935306549,0.33921105994118583,0.04763911623093817,0.015958394958741136,1.183360841539171,0.15557112296422324,0.003235132304123706,0.0001775691893676089,0.744
2,55,periodic,direct,5,0.2979581654071808,0.6361715197563171,0.4942885935306549,0.33514146010080975,0.04748894522587458,0.01512540297375785,1.1621352699067857,0.1545166058672799,0.0034235970427592597,0.0001703444868326187,0.7433333333333333
2,56,periodic,direct,5,0.2979581654071808,0.6361715197563171,0.4942885935306549,0.3392542170153724,0.046618039823240705,0.015176711707479425,1.1556302044126723,0.16004018982251486,0.0035325707609040868,0.00017994734743196104,0.7413333333333333
2,57,periodic,direct,5,0.2979581654071808,0.6361715197563171,0.4942885935306549,0.32823797067006427,0.044962422301371895,0.013754398872454962,1.1254231929779053,0.15518790317906273,0.003400008478719327,0.00018184468434709642,0.744
2,58,periodic,direct,5,0.2979581654071808,0.6361715197563171,0.4942885935306549,0.32426870862642926,0.04501333087682724,0.01296906266361475,1.1107230583826702,0.15336700611644322,0.003509130794554949,0.00018487137923431065,0.744
2,59,periodic,direct,5,0.2979581654071808,0.6361715197563171,0.4942885935306549,0.3231874340110355,0.044190873288446,0.013099658406443067,1.0963697168562148,0.15448079506556192,0.003346816584881809,0.0002114488937271138,0.7386666666666667
2,60,periodic,direct,5,0.2979581654071808,0.6361715197563171,0.4942885935306549,0.3244797951645321,0.0444769122534328,0.013442335236403678,1.0877641704347398,0.15602636502848732,0.0033320918834457793,0.0001834266909605099,0.7466666666666667
2,61,periodic,direct,5,0.2979581654071808,0.6361715197563171,0.4942885935306549,0.320955302980211,0.04305135251747237,0.014519179757270548,1.0773011710908678,0.15390375587675306,0.0033342683325625127,0.0001675257420477768,0.7413333333333333
2,62,periodic,direct,5,0.2979581654071808,0.6361715197563171,0.4942885935306549,0.31547242403030396,0.04270137887861994,0.014059346790115038,1.0561986764272053,0.15149684912628597,0.003025967731244034,0.00016399835132890276,0.7486666666666667
2,63,periodic,direct,5,0.2979581654071808,0.6361715197563171,0.4942885935306549,0.3166183398829566,0.04249382722708914,0.0137223226742612,1.041381041208903,0.1547610561052958,0.002855680701840255,0.00015038247349568538,0.7493333333333333
2,64,periodic,direct,5,0.2979581654071808,0.6361715197563171,0.4942885935306549,0.31709016031689113,0.04249068390991953,0.014157763475345241,1.039120078086853,0.15502593252393934,0.002859194607784351,0.0001483477665007942,0.74
2,65,periodic,direct,5,0.2979581654071808,0.6361715197563171,0.4942885935306549,0.3160831729571025,0.041153100629647575,0.014606899581849575,1.0253321197297838,0.15630130800935957,0.002828134767090281,0.00014917553764664463,0.74
2,66,periodic,direct,5,0.2979581654071808,0.6361715197563171,0.4942885935306549,0.3125166694323222,0.040607604715559215,0.013806568251715766,1.0097901026407878,0.1556228283378813,0.002863046428602603,0.00013826074104549157,0.7453333333333333
2,67,periodic,direct,5,0.2979581654071808,0.6361715197563171,0.4942885935306549,0.30754297640588546,0.0404717591073778,0.012879106423093213,1.0050628847546048,0.1522095716661877,0.002803760011576944,0.00014874656012074815,0.7446666666666667
2,68,periodic,direct,5,0.2979581654071808,0.6361715197563171,0.4942885935306549,0.3098772664864858,0.03945625490612454,0.01282880703608195,0.9935152928034464,0.1568760954671436,0.002596130439390739,0.00013301714271720912,0.744
2,69,periodic,direct,5,0.2979581654071808,0.6361715197563171,0.4942885935306549,0.3059931927257114,0.038931343290540904,0.015295830762220753,0.9804264505704244,0.1523787263366911,0.002561209826833672,0.00012808413400004307,0.7413333333333333
2,70,periodic,direct,5,0.2979581654071808,0.6361715197563171,0.4942885935306549,0.30834757619433933,0.037967326326502696,0.016427647322416306,0.9741957518789504,0.15502908494737414,0.0028631765033221906,0.00014471159859870872,0.742
2,71,periodic,direct,5,0.2979581654071808,0.6361715197563171,0.4942885935306549,0.3072298897637261,0.03977593738171789,0.014701858887241947,0.9582267138693068,0.15536922216415405,0.0029810473271128205,0.00013934633332408138,0.7466666666666667
2,72,periodic,direct,5,0.2979581654071808,0.6361715197563171,0.4942885935306549,0.3043762081199222,0.03898563815487756,0.015383035048014589,0.9499524301952786,0.15346775617864397,0.0029516147656573188,0.00013745196499965258,0.7473333333333333
2,73,periodic,direct,5,0.2979581654071808,0.6361715197563171,0.4942885935306549,0.3024157914850447,0.03839324994219674,0.014560474703709284,0.9310595989227295,0.1547748562362459,0.0030199087276640865,0.00014259342181806764,0.746
2,74,periodic,direct,5,0.2979581654071808,0.6361715197563171,0.4942885935306549,0.3015682101249695,0.0377324844400088,0.013765585298339525,0.9348889523082309,0.15504166152742174,0.0029386380532135568,0.00014053937047719955,0.7446666666666667
2,75,periodic,direct,5,0.2979581654071808,0.6361715197563171,0.4942885935306549,0.29745479424794513,0.037451437364021935,0.013519005436036322,0.9197520944807265,0.15295815467834473,0.002962765775413977,0.00013920774088344641,0.7446666666666667
2,76,periodic,direct,5,0.2979581654071808,0.6361715197563171,0.4942885935306549,0.2949993676609463,0.03647576686408785,0.012668418491052257,0.9039828048812019,0.1540139764547348,0.0027596294465992185,0.0001262307309338616,0.7513333333333333
2,77,periodic,direct,5,0.2979581654071808,0.6361715197563171,0.4942885935306549,0.2958419422308604,0.036513993309603796,0.012809335254132748,0.9059670633739896,0.15454678899712032,0.0026252392627712754,0.0001249847442118658,0.7486666666666667
2,78,periodic,direct,5,0.2979581654071808,0.6361715197563171,0.4942885935306549,0.29591379563013714,0.03604988898668024,0.014262712146672938,0.8943878412246704,0.1547885619931751,0.0026180120702419016,0.0001296718967043691,0.7433333333333333
2,79,periodic,direct,5,0.2979581654071808,0.6361715197563171,0.4942885935306549,0.29748081498675877,0.03549158738719092,0.015757619610263243,0.8896752794583639,0.15574509898821512,0.0029100071794042983,0.0001279430127599173,0.7533333333333333
2,80,periodic,direct,5,0.2979581654071808,0.6361715197563171,0.4942885935306549,0.2991100516584184,0.036546082960234746,0.018584317734671965,0.8837707241376241,0.15376313858562046,0.0035237583538724315,0.00015510389736543098,0.744
2,81,periodic,direct,6,0.3178637623786926,0.626738429069519,0.49525538086891174,0.3005601896180047,0.036326118641429476,0.01987070559213559,0.8815923929214478,0.15392801331149208,0.00438768608081672,0.0001645358214672241,0.752
2,82,periodic,direct,6,0.3178637623786926,0.626738429069519,0.49525538086891174,0.29500965608490837,0.03568777317802111,0.01785426028072834,0.8674404091305203,0.15243645177947152,0.004408425444530116,0.00016584051384901008,0.75
2,83,periodic,direct,6,0.3178637623786926,0.626738429069519,0.49525538086891174,0.297700928317176,0.03519822739892536,0.017260498367249966,0.8624420629607307,0.1568107008934021,0.0042191012762486935,0.00015547751940579878,0.7493333333333333
2,84,periodic,direct,6,0.3178637623786926,0.626738429069519,0.49525538086891174,0.2953276965353224,0.03445120362771882,0.020745571702718735,0.8637271126111349,0.15157063802083334,0.004215838491088814,0.0001592988264746964,0.746
2,85,periodic,direct,6,0.3178637623786926,0.626738429069519,0.49525538086891174,0.30814800328678554,0.03573331278231409,0.02855044085946348,0.8532880279752943,0.1560070895486408,0.004877321939501498,0.00017939442639342614,0.7493333333333333
2,86,periodic,direct,6,0.3178637623786926,0.626738429069519,0.49525538086891174,0.32413987980948555,0.03603561512298054,0.039155027311709195,0.8659454120530022,0.15866498980257246,0.007135741826560762,0.00024366869022034935,0.7453333333333333
2,87,periodic,direct,6,0.3178637623786926,0.626738429069519,0.49525538086891174,0.31618718637360466,0.03670149255130026,0.03817502326435513,0.8616427580515543,0.1508537232875824,0.008324763375437923,0.00026057498891734413,0.7506666666666667
2,88,periodic,direct,6,0.3178637623786926,0.626738429069519,0.49525538086891174,0.31055216987927753,0.0345059951974286,0.03113148133787844,0.8569078909026252,0.1545160710811615,0.009144916302627988,0.00027074161658270494,0.7493333333333333
2,89,periodic,direct,6,0.3178637623786926,0.626738429069519,0.49525538086891174,0.2966004146469964,0.03357542182008425,0.02272709955771764,0.8292333020104302,0.15316771467526755,0.008179566202064356,0.00023414541889602938,0.7473333333333333
2,90,periodic,direct,6,0.3178637623786926,0.626738429069519,0.49525538086891174,0.291841510269377,0.0323941090868579,0.017104216023451753,0.8221982717514038,0.15680881838003793,0.0064210981751481695,0.00020798034448590543,0.748
2,91,periodic,direct,6,0.3178637623786926,0.626738429069519,0.49525538086891174,0.2878817750347985,0.03320107774602042,0.018757410140501127,0.8045938544803195,0.15272063513596854,0.005306708729929394,0.00017981141314117445,0.7513333333333333
2,92,periodic,direct,6,0.3178637623786926,0.626738429069519,0.49525538086891174,0.2847136855125427,0.033357398584485054,0.015440401207241747,0.8105635841687521,0.15249434444639418,0.004578682438780864,0.00015168183017522097,0.748
2,93,periodic,direct,6,0.3178637623786926,0.626738429069519,0.49525538086891174,0.2837636007202996,0.03254108193020026,0.015447699982259009,0.7995610766940646,0.15379136469629076,0.00391606549318466,0.00013863002338136235,0.7513333333333333
2,94,periodic,direct,6,0.3178637623786926,0.626738429069519,0.49525538086891174,0.2854274676905738,0.03260316844615671,0.01659321039915085,0.7925653126504686,0.15497826205359566,0.003842438855725858,0.00015013402379635308,0.748
2,95,periodic,direct,6,0.3178637623786926,0.626738429069519,0.49525538086891174,0.2843813829951816,0.03179054024318854,0.01734734523213572,0.7855490446090698,0.15466701156563228,0.0038895581900659534,0.00015360618838005595,0.7466666666666667
2,96,periodic,direct,6,0.3178637623786926,0.626738429069519,0.49525538086891174,0.2899780372778575,0.0318918012910419,0.023945000643531483,0.7908747262424893,0.15290450387530857,0.004143490507784817,0.0001550248578294284,0.7473333333333333
2,97,periodic,direct,6,0.3178637623786926,0.626738429069519,0.49525538086891174,0.29099275006188285,0.032301544315285154,0.023958001906673115,0.7873126996888055,0.15362598333093855,0.004589280061837699,0.00016259525566258363,0.744
2,98,periodic,direct,6,0.3178637623786926,0.626738429069519,0.49525538086891174,0.30463821027013993,0.03199485896362199,0.03512108595006996,0.7929856777191162,0.15554790198802948,0.0051674858873916995,0.00018409972674109868,0.75
2,99,periodic,direct,6,0.3178637623786926,0.626738429069519,0.49525538086891174,0.30761342247327167,0.033850753472910985,0.03845462513466676,0.7846542000770569,0.15321913195980918,0.007029085885733366,0.0002178888470451865,0.754
2,100,periodic,direct,6,0.3178637623786926,0.626738429069519,0.49525538086891174,0.29741523000929093,0.03192769611875216,0.03032177562514941,0.7730559176868863,0.15450824466016558,0.006493291765865352,0.0002105428914849957,0.7526666666666667
2,101,periodic,direct,6,0.3178637623786926,0.626738429069519,0.49525538086891174,0.29228084286053974,0.03153397825857004,0.026673501771357324,0.7771134508980645,0.15313457780414158,0.0062653907678193515,0.00018948498311349086,0.7513333333333333
2,102,periodic,direct,6,0.3178637623786926,0.626738429069519,0.49525538086891174,0.29091183675660026,0.031083945391906634,0.026150200929906633,0.766805436876085,0.15388151672151354,0.006043894164678123,0.00018736746601967348,0.7533333333333333
2,103,periodic,direct,6,0.3178637623786926,0.626738429069519,0.49525538086891174,0.28960675332281327,0.03210585916207896,0.02419460771812333,0.757827447520362,0.1545804606543647,0.005716532675756348,0.0001696340493961341,0.7526666666666667
2,104,periodic,direct,6,0.3178637623786926,0.626738429069519,0.49525538086891174,0.28708258933491176,0.03166002676718765,0.024500863419638738,0.7435306111971537,0.15388065410984886,0.0052127155682279,0.0001632568439365261,0.752
2,105,periodic,direct,6,0.3178637623786926,0.626738429069519,0.49525538086891174,0.28142763839827645,0.03046733492778407,0.021730067415369883,0.7473116053475274,0.1518196397357517,0.0051968082164724665,0.00016206068297227225,0.75
2,106,periodic,direct,6,0.3178637623786926,0.626738429069519,0.49525538086891174,0.2817914154794481,0.03090965375304222,0.020059719474779233,0.7490193512704637,0.1531242099073198,0.005397645032240285,0.0001941428312824832,0.7513333333333333
2,107,periodic,direct,6,0.3178637623786926,0.626738429069519,0.49525538086891174,0.2802066405614217,0.03005062768028842,0.01700843394630485,0.7324391272332933,0.1572002884414461,0.005211201806863149,0.00019556516781449318,0.7493333333333333
2,108,periodic,direct,6,0.3178637623786926,0.626738429069519,0.49525538086891174,0.2795194619231754,0.02916489438050323,0.01739473496046331,0.7310997049013773,0.15735546747843424,0.0048059155233204365,0.00018287111177212663,0.754
2,109,periodic,direct,6,0.3178637623786926,0.626738429069519,0.49525538086891174,0.2768762343459659,0.03023423192401727,0.018107143748137686,0.7199065619044833,0.15392018192344242,0.0050597550968329115,0.00018829314245118035,0.7486666666666667
2,110,periodic,direct,6,0.3178637623786926,0.626738429069519,0.49525538086891174,0.2991490893893772,0.030561770209007792,0.03912781199647321,0.7332350280549791,0.15308967398272622,0.005894905680583583,0.0001977563822745449,0.748
2,111,periodic,direct,6,0.3178637623786926,0.626738429069519,0.49525538086891174,0.29121386011441547,0.03045243149002393,0.029551316880517535,0.7316902875900269,0.154237546854549,0.007349976028005282,0.00025710797247787315,0.7526666666666667
2,112,periodic,direct,6,0.3178637623786926,0.626738429069519,0.49525538086891174,0.280144645108117,0.029825908028417163,0.0223466573903958,0.7181096606784396,0.15263258086310494,0.00683047120562858,0.00022658774267054268,0.7513333333333333
2,113,periodic,direct,6,0.3178637623786926,0.626738429069519,0.49525538086891174,0.28064324458440143,0.030093293637037277,0.01651940370599429,0.7192576395140754,0.158664647075865,0.006666793746666776,0.0002134716099438568,0.752
2,114,periodic,direct,6,0.3178637623786926,0.626738429069519,0.49525538086891174,0.27312857906023663,0.02916572843160894,0.014438797512816058,0.7074152628580729,0.15619379613134596,0.005002633668482304,0.00017483350044737259,0.7526666666666667
2,115,periodic,direct,6,0.3178637623786926,0.626738429069519,0.49525538086891174,0.2653476297855377,0.02868038436604871,0.012641496025025845,0.7027381261189779,0.15181923078166115,0.0037275897597687114,0.00013781668773541847,0.7513333333333333
2,116,periodic,direct,6,0.3178637623786926,0.626738429069519,0.49525538086891174,0.2660517593224843,0.028703364233175915,0.012458848560021983,0.7004212803310819,0.15307677454418606,0.003406924299067921,0.0001343548841153582,0.754
2,117,periodic,direct,6,0.3178637623786926,0.626738429069519,0.49525538086891174,0.26575896475050187,0.028739652492933802,0.011694666308661303,0.6983951131502787,0.15377705627017552,0.0032872557381374966,0.00012887873971420858,0.7506666666666667
2,118,periodic,direct,6,0.3178637623786926,0.626738429069519,0.49525538086891174,0.26921479569541085,0.028622824905647173,0.011687883796791235,0.6911008225546943,0.15833081470595467,0.002805435900679893,0.00012093936351852285,0.7533333333333333
2,119,periodic,direct,6,0.3178637623786926,0.626738429069519,0.49525538086891174,0.26559270090527004,0.02803253113395638,0.012309979750878282,0.6802638570467631,0.1557928654882643,0.002746838533009092,0.00011503763057084547,0.7486666666666667
2,120,periodic,direct,6,0.3178637623786926,0.626738429069519,0.49525538086891174,0.2662879195478227,0.028300581086013053,0.012961569656100538,0.6789533230993483,0.15537778536478677,0.003368639387190342,0.0001366626238450408,0.7533333333333333
2,121,periodic,direct,7,0.326346218585968,0.6284887790679932,0.4957904815673828,0.26279046138127643,0.027887051304181416,0.012142064360280832,0.6779075198703342,0.15350915160444048,0.0028041590315600238,0.0001187314305247532,0.754
2,122,periodic,direct,7,0.326346218585968,0.6284887790679932,0.4957904815673828,0.26572731137275696,0.027814044513636164,0.013401591529448828,0.6881094177563986,0.1542813628911972,0.0027306273631337616,0.00010810118530773454,0.7573333333333333
2,123,periodic,direct,7,0.326346218585968,0.6284887790679932,0.4957904815673828,0.2638140536016888,0.027390389185812738,0.01538996036267943,0.6840420828925239,0.15110300150182512,0.0029333494862334598,0.00011962722702365782,0.7533333333333333
2,124,periodic,direct,7,0.326346218585968,0.6284887790679932,0.4957904815673828,0.26541907919777763,0.027882553843988314,0.013265737539364232,0.6807629201147292,0.15478600561618805,0.0027075232161829868,0.00010946078691631556,0.754
2,125,periodic,direct,7,0.326346218585968,0.6284887790679932,0.4957904815673828,0.26339220338397556,0.027105868483583134,0.013919416918522783,0.6701591412226359,0.15394716295931074,0.002698357139403621,0.00010930517843614022,0.7526666666666667
2,126,periodic,direct,7,0.326346218585968,0.6284887790679932,0.4957904815673828,0.27526655462053085,0.028435059926576085,0.01798843126744032,0.6822866863674588,0.1589942971865336,0.0031196392244762844,0.000120544851395405,0.754
2,127,periodic,direct,7,0.326346218585968,0.6284887790679932,0.4957904815673828,0.2698533236980438,0.0288980340378152,0.018486308865249157,0.673954102728102,0.15322881274753147,0.003560328778500358,0.00012918827511991063,0.756
2,128,periodic,direct,7,0.326346218585968,0.6284887790679932,0.4957904815673828,0.2713075776894887,0.026871488533086248,0.02083558589220047,0.6719258824984232,0.15422935287157694,0.004216911711005701,0.00014022635554687845,0.7493333333333333
2,129,periodic,direct,7,0.326346218585968,0.6284887790679932,0.4957904815673828,0.2784503267871009,0.02825623729990588,0.025108113264044125,0.6757816208733453,0.1549837307797538,0.0048761543196936446,0.0001720062896816267,0.7533333333333333
2,130,periodic,direct,7,0.326346218585968,0.6284887790679932,0.4957904815673828,0.2776450349224938,0.028017022750443883,0.025560706439945433,0.6736025081740485,0.153343109620942,0.006489350150028865,0.00023855521835179793,0.7486666666666667
2,131,periodic,direct,7,0.326346218585968,0.6284887790679932,0.4957904815673828,0.27098188466495937,0.02742360718548298,0.02043828699323866,0.6737663944562277,0.15229023661878374,0.006670823372486565,0.0002354065396098627,0.7526666666666667
2,132,periodic,direct,7,0.326346218585968,0.6284887790679932,0.4957904815673828,0.2734069890446133,0.027187263386117086,0.0208887362645732,0.6759678456518385,0.1547803001271354,0.005688724418481191,0.00021908257622271776,0.7553333333333333
2,133,periodic,direct,7,0.326346218585968,0.6284887790679932,0.4957904815673828,0.2656234734588199,0.027587898075580597,0.01965851667854521,0.6501216755972968,0.1506271461645762,0.005290668406006362,0.0001848046538523502,0.7573333333333333
2,134,periodic,direct,7,0.326346218585968,0.6284887790679932,0.4957904815673828,0.26256343391206527,0.027461429437001545,0.014316589364575015,0.6589078240924411,0.15258754624260795,0.004459285332510869,0.00015488525645600425,0.7553333333333333
2,135,periodic,direct,7,0.326346218585968,0.6284887790679932,0.4957904815673828,0.2627637916141086,0.02582122551070319,0.016340805114143424,0.651181525654263,0.15339631338914236,0.004024450382631686,0.00015013282083802752,0.7546666666666667
2,136,periodic,direct,7,0.326346218585968,0.6284887790679932,0.4957904815673828,0.260388539897071,0.02641497179865837,0.013986759094728364,0.6432434651586745,0.15361135370201534,0.003947950589160125,0.00015425898729720048,0.7546666666666667
2,137,periodic,direct,7,0.326346218585968,0.6284887790679932,0.4957904815673828,0.2585640516546037,0.025856845908694796,0.013002599382566081,0.6468648844295077,0.1532363494237264,0.003432122343737218,0.0001314105854059259,0.7546666666666667
2,138,periodic,direct,7,0.326346218585968,0.6284887790679932,0.4957904815673828,0.2603061927689446,0.026826627552509308,0.014659881177875731,0.6406551864412096,0.15311980247497559,0.0031475703904612195,0.0001211619302113023,0.752
2,139,periodic,direct,7,0.326346218585968,0.6284887790679932,0.4957904815673828,0.26012414859400856,0.02664799015555117,0.014711860256890455,0.6342461307843527,0.15366923146777683,0.003213230391136474,0.00012767745647579432,0.752
2,140,periodic,direct,7,0.326346218585968,0.6284887790679932,0.4957904815673828,0.26119792461395264,0.026771065054668322,0.014920695581369929,0.6388625303904215,0.15392014384269714,0.003274097986933258,0.00012542553142540983,0.7533333333333333
2,141,periodic,direct,7,0.326346218585968,0.6284887790679932,0.4957904815673828,0.25959642397032845,0.027040552347898483,0.014907006588247087,0.6272427241007487,0.15277018480830723,0.004151484152923028,0.0001573334383364353,0.7533333333333333
2,142,periodic,direct,7,0.326346218585968,0.6284887790679932,0.4957904815673828,0.2587602436542511,0.02545464701122708,0.015082839152051343,0.6328377856148614,0.15267606245146859,0.004378364809478323,0.00014745912954418195,0.754
2,143,periodic,direct,7,0.326346218585968,0.6284887790679932,0.4957904815673828,0.26400983995861477,0.026469224236077733,0.016384222441249423,0.6350337929195828,0.15534033874670664,0.004443949528245462,0.0001814029205383526,0.754
2,144,periodic,direct,7,0.326346218585968,0.6284887790679932,0.4957904815673828,0.26266928513844806,0.02605074644088745,0.014896080622242557,0.6325001849068536,0.15660109122594199,0.003596478064234058,0.00014621808400584591,0.754
2,145,periodic,direct,7,0.326346218585968,0.6284887790679932,0.4957904815673828,0.2586265934838189,0.026092797310815916,0.016249072427550953,0.6277836958567301,0.15181306335661146,0.003258635315837132,0.00012794302569495307,0.7526666666666667
2,146,periodic,direct,7,0.326346218585968,0.6284887790679932,0.4957904815673828,0.25964006450441146,0.026478797818223637,0.01510072685778141,0.6254659361309476,0.1537017027537028,0.00349578188939227,0.00012869469355791807,0.758
2,147,periodic,direct,7,0.326346218585968,0.6284887790679932,0.4957904815673828,0.25726376308335197,0.02523595653474331,0.014812882989645004,0.6264581878980001,0.1528538250260883,0.0033017246880465085,0.0001288350451634162,0.756
2,148,periodic,direct,7,0.326346218585968,0.6284887790679932,0.4957904815673828,0.2562055637439092,0.024323211155003972,0.015948566608130932,0.629811531967587,0.15117019911607107,0.0034373277125673164,0.00012752737772340575,0.7626666666666667
2,149,periodic,direct,7,0.326346218585968,0.6284887790679932,0.4957904815673828,0.2603737976815965,0.02566593823333581,0.017094802111387253,0.6199776331583658,0.15382267534732819,0.0034605792413155236,0.00012464683580522737,0.7566666666666667
2,150,periodic,direct,7,0.326346218585968,0.6284887790679932,0.4957904815673828,0.2589344316058689,0.026019205235772662,0.016778188343677256,0.6214408742056953,0.1521442731221517,0.0035748830479052332,0.00012246285203016468,0.7566666666666667
2,151,periodic,direct,7,0.326346218585968,0.6284887790679932,0.4957904815673828,0.2564547194374932,0.025524416317542393,0.015019844907025496,0.6254710091484917,0.15157339804702336,0.003448114213016298,0.0001318031184685727,0.7586666666666667
2,152,periodic,direct,7,0.326346218585968,0.6284887790679932,0.4957904815673828,0.2584909167554643,0.025028199785285525,0.014594851165182061,0.6227192878723145,0.15469982557826573,0.0036540411464456054,0.00013817284100999436,0.7566666666666667
2,153,periodic,direct,7,0.326346218585968,0.6284887790679932,0.4957904815673828,0.25791102151076,0.02562076908846696,0.015501803511546718,0.6090900103251139,0.15395661857393053,0.003709209824187888,0.00013645936269313097,0.752
2,154,periodic,direct,7,0.326346218585968,0.6284887790679932,0.4957904815673828,0.2543165137370427,0.02533394719163577,0.01644837535503838,0.6041142808066474,0.15029079053137037,0.0035442857382198176,0.00011964029787729184,0.7526666666666667
2,155,periodic,direct,7,0.326346218585968,0.6284887790679932,0.4957904815673828,0.2585865722762214,0.025484884364737406,0.015240515478783183,0.6158582501941257,0.1545011748870214,0.003427335863105125,0.00012101723890130718,0.7546666666666667
2,156,periodic,direct,7,0.326346218585968,0.6284887790679932,0.4957904815673828,0.2565097179677751,0.02537843667798572,0.015893675593866244,0.6077996359931098,0.1526413857936859,0.0035109666124400166,0.0001215575806175669,0.752
2,157,periodic,direct,7,0.326346218585968,0.6284887790679932,0.4957904815673828,0.2537958025932312,0.02400055279334386,0.014508118335571554,0.6095395220650567,0.1525366422202852,0.0034699855734490687,0.00012308246611307064,0.7573333333333333
2,158,periodic,direct,7,0.326346218585968,0.6284887790679932,0.4957904815673828,0.2593606677320268,0.024920414719316695,0.016099527581698365,0.6025587519009908,0.15608318812317318,0.0038600200011084476,0.00014331147799061405,0.7493333333333333
2,159,periodic,direct,7,0.326346218585968,0.6284887790679932,0.4957904815673828,0.2611333562268151,0.025682111788127158,0.019191269038452044,0.6039824220869277,0.15373637444443172,0.00410269415523443,0.00014801192123235928,0.7566666666666667
2,160,periodic,direct,7,0.326346218585968,0.6284887790679932,0.4957904815673828,0.25708406170209247,0.025505196096168622,0.01535431875122918,0.6009819044007195,0.15345902409818438,0.005142449090878169,0.00019222623409910334,0.7593333333333333
2,161,periodic,direct,8,0.32051882147789,0.6200146675109863,0.4932967722415924,0.25192589230007595,0.024303816672828462,0.015116436717410883,0.6043050818973117,0.1493546896510654,0.005245964715464247,0.00019490435564269623,0.758
2,162,periodic,direct,8,0.32051882147789,0.6200146675109863,0.4932967722415924,0.2553592456711663,0.02505159667796559,0.015470080077648163,0.596274197101593,0.152548395925098,0.005153158006982671,0.00017033562633312412,0.7586666666666667
2,163,periodic,direct,8,0.32051882147789,0.6200146675109863,0.4932967722415924,0.2531399379173915,0.024439793080091476,0.014321714743143983,0.6090916593869528,0.15086252821816337,0.005023944605555799,0.0001895330367713339,0.756
2,164,periodic,direct,8,0.32051882147789,0.6200146675109863,0.4932967722415924,0.2570818050040139,0.025405977128280535,0.016404738028844196,0.605676359600491,0.15242071284188163,0.004405621025297377,0.00015985751007166173,0.756
2,165,periodic,direct,8,0.32051882147789,0.6200146675109863,0.4932967722415924,0.25076140960057575,0.02443766842285792,0.013001577307780584,0.6009057097964816,0.1512615829706192,0.003787721921172407,0.00015230151540082361,0.7533333333333333
2,166,periodic,direct,8,0.32051882147789,0.6200146675109863,0.4932967722415924,0.2521393530898624,0.024291686299774382,0.015251328340835042,0.5926722023222182,0.1515273998181025,0.0034634244059109026,0.00014000362069863413,0.7506666666666667
2,167,periodic,direct,8,0.32051882147789,0.6200146675109863,0.4932967722415924,0.2537557780742645,0.02358135125703282,0.01795450308256679,0.5904156631893582,0.15115812089708117,0.0038989309169765976,0.00014153188223847083,0.7553333333333333
2,168,periodic,direct,8,0.32051882147789,0.6200146675109863,0.4932967722415924,0.25932084189520943,0.025098530989554193,0.018116394471791055,0.5875172813733419,0.15536577834023368,0.003845453521029817,0.0001313652481055922,0.75
2,169,periodic,direct,8,0.32051882147789,0.6200146675109863,0.4932967722415924,0.2649497985839844,0.025197894622882206,0.025074524391028617,0.5996625026067098,0.1522772279050615,0.004717084527429607,0.0001507097751730018,0.7533333333333333
2,170,periodic,direct,8,0.32051882147789,0.6200146675109863,0.4932967722415924,0.26450589961475796,0.024966850462887023,0.02544535468849871,0.5939172042740716,0.15185195869869655,0.0055201178830530905,0.00017990530856574574,0.7573333333333333
2,171,periodic,direct,8,0.32051882147789,0.6200146675109863,0.4932967722415924,0.26697342925601536,0.025582193293505244,0.025998787126607366,0.6005118091901144,0.1521254794465171,0.00621835897780127,0.0002132311734991769,0.7586666666666667
2,172,periodic,direct,8,0.32051882147789,0.6200146675109863,0.4932967722415924,0.26485824916097855,0.025470396503806114,0.024657378387120035,0.5987546245257059,0.15143105387687683,0.006638613788204061,0.0002092898745710651,0.7586666666666667
2,173,periodic,direct,8,0.32051882147789,0.6200146675109863,0.4932967722415924,0.2633649640613132,0.024645302030775283,0.023573393209113017,0.5954291158252292,0.15236284169885847,0.006284879830976327,0.00019614168235825168,0.7566666666666667
2,174,periodic,direct,8,0.32051882147789,0.6200146675109863,0.4932967722415924,0.2603081845574909,0.024938109641273815,0.021430373812715214,0.5882246096928915,0.15206319093704224,0.005917118758791023,0.0001909691167788373,0.756
2,175,periodic,direct,8,0.32051882147789,0.6200146675109863,0.4932967722415924,0.2585518459479014,0.025418016852604017,0.0196246604124705,0.5929358204205831,0.15132176876068115,0.005612562824454572,0.0001750759612251487,0.758
2,176,periodic,direct,8,0.32051882147789,0.6200146675109863,0.4932967722415924,0.25427714321348405,0.02464227399064435,0.018677539192140102,0.5886567036310831,0.14928563270303938,0.0054251378816035055,0.000186912611954742,0.7586666666666667
2,177,periodic,direct,8,0.32051882147789,0.6200146675109863,0.4932967722415924,0.25504881805843777,0.02428049345811208,0.01639642918275462,0.5850679212146335,0.15309864613744947,0.005368537838674254,0.0001643719345641633,0.7533333333333333
2,178,periodic,direct,8,0.32051882147789,0.6200146675109863,0.4932967722415924,0.2494591408305698,0.024018447018331952,0.014420009114676051,0.581349598036872,0.15051639245616066,0.0045915330863661235,0.00014713453775685694,0.7573333333333333
2,179,periodic,direct,8,0.32051882147789,0.6200146675109863,0.4932967722415924,0.24981162779861027,0.023444929263657995,0.013913931945959726,0.5761700802379184,0.15292058553960589,0.003700125160523587,0.00013021086730683842,0.7566666666666667
2,180,periodic,direct,8,0.32051882147789,0.6200146675109863,0.4932967722415924,0.24676797621779972,0.023395848977896903,0.014191432752543025,0.567759805255466,0.1507874694135454,0.003119650219256679,0.00011483563705243998,0.7626666666666667
2,181,periodic,direct,8,0.32051882147789,0.6200146675109863,0.4932967722415924,0.2559357566965951,0.024048318879471883,0.0179278122054206,0.5823303858439127,0.15400379399458566,0.0033246036360247266,0.00012098591671221786,0.7586666666666667
2,182,periodic,direct,8,0.32051882147789,0.6200146675109863,0.4932967722415924,0.26002927124500275,0.024108530953526497,0.024406915944483545,0.5757710403866239,0.15189905133512285,0.003935933190708359,0.0001393979311817222,0.7593333333333333
2,183,periodic,direct,8,0.32051882147789,0.6200146675109863,0.4932967722415924,0.2756148974100749,0.025550862981213465,0.03522329177293512,0.5904012256198459,0.15316274762153625,0.005107086824460162,0.00016866978775295947,0.7506666666666667
2,184,periodic,direct,8,0.32051882147789,0.6200146675109863,0.4932967722415924,0.2838350070847405,0.025908664282825258,0.044905785057279796,0.5942297445403205,0.14986582762665218,0.007242630960212814,0.00022089019572983185,0.758
2,185,periodic,direct,8,0.32051882147789,0.6200146675109863,0.4932967722415924,0.2842325038380093,0.025262659415602684,0.043771268592940435,0.6069798337088691,0.15024939510557386,0.008239453089319997,0.000262929217165543,0.756
2,186,periodic,direct,8,0.32051882147789,0.6200146675109863,0.4932967722415924,0.29479026794433594,0.027760550586713686,0.04964500086175071,0.616328669918908,0.15078596439626482,0.009660171241396003,0.0002716100878185696,0.7546666666666667
2,187,periodic,direct,8,0.32051882147789,0.6200146675109863,0.4932967722415924,0.2887807587782542,0.026035620934433408,0.04404830104774899,0.6215824153688219,0.15091568066014183,0.010898691498570971,0.0003471495971704523,0.7566666666666667
2,188,periodic,direct,8,0.32051882147789,0.6200146675109863,0.4932967722415924,0.2802157865630256,0.0249669947144058,0.03651231506632434,0.611688945028517,0.15239553153514862,0.010044523307846652,0.00029959355015307665,0.76
2,189,periodic,direct,8,0.32051882147789,0.6200146675109863,0.4932967722415924,0.2657771209875743,0.023668935315476522,0.028089143542779818,0.5880685514873929,0.15083356698354086,0.008506331592798233,0.0002508977777324617,0.762
2,190,periodic,direct,8,0.32051882147789,0.6200146675109863,0.4932967722415924,0.2645271420478821,0.024117618799209595,0.024011920309729047,0.5802992449866401,0.15444620615906185,0.007607849470029275,0.00023508793027657602,0.7533333333333333
2,191,periodic,direct,8,0.32051882147789,0.6200146675109863,0.4932967722415924,0.2669321464167701,0.024011637187666364,0.0248348085830609,0.5826410055160522,0.15624751647313437,0.006952804927196767,0.00019536612995175851,0.754
2,192,periodic,direct,8,0.32051882147789,0.6200146675109863,0.4932967722415924,0.2660135196314918,0.023236984180079565,0.024998773717217974,0.5803110003471375,0.1563101891014311,0.0066646791787611116,0.0002082638287295898,0.7606666666666667
2,193,periodic,direct,8,0.32051882147789,0.6200146675109863,0.4932967722415924,0.25782966282632613,0.023220355105068948,0.019918314284748502,0.5735581186082628,0.1540827386909061,0.006308629694912169,0.00019624599048660861,0.7566666666666667
2,194,periodic,direct,8,0.32051882147789,0.6200146675109863,0.4932967722415924,0.2585364464256499,0.02387757019864188,0.022315571705500286,0.5745366149478488,0.15191012289788988,0.0057586437712113065,0.00020038844215580158,0.7606666666666667
2,195,periodic,direct,8,0.32051882147789,0.6200146675109863,0.4932967722415924,0.2543957846032249,0.02230995148420334,0.020922173642449908,0.5737254950735304,0.15076269706090292,0.005850512068718672,0.00020631212585916123,0.7606666666666667
2,196,periodic,direct,8,0.32051882147789,0.6200146675109863,0.4932967722415924,0.2520022706853019,0.023666686688860256,0.01919577881279919,0.5573712256219652,0.1506517148680157,0.005303287826892402,0.0001986327438822223,0.7606666666666667
2,197,periodic,direct,8,0.32051882147789,0.6200146675109863,0.4932967722415924,0.25148872865570915,0.022327252560191684,0.01719383139991098,0.5692763063642714,0.1524114724662569,0.0050712223164737225,0.00018588038963369199,0.7626666666666667
2,198,periodic,direct,8,0.32051882147789,0.6200146675109863,0.4932967722415924,0.24657493001884884,0.022348077553841803,0.015475730515188642,0.5570393800735474,0.1503223329782486,0.005265744351264503,0.00018395620605183972,0.764
2,199,periodic,direct,8,0.32051882147789,0.6200146675109863,0.4932967722415924,0.24578508072429234,0.022063823002907965,0.013088618508643575,0.5556943681504991,0.15274690919452244,0.004478521101797621,0.0001540546590048406,0.7613333333333333
2,200,periodic,direct,8,0.32051882147789,0.6200146675109863,0.4932967722415924,0.2402360604868995,0.022376574989822175,0.011154905272026857,0.5490239527490404,0.14995889200104606,0.0035544944564915365,0.0001320953856015371,0.7686666666666667
3,1,periodic,direct,8,0.32051882147789,0.6200146675109863,0.4949725568294525,2.401006129052904,1.145630121231079,0.6400364944895247,3.206690708796183,0.1722474909491009,0.23505874971548715,0.009787053749379184,0.569
3,2,periodic,direct,8,0.32051882147789,0.6200146675109863,0.4949725568294525,1.5906086895200942,0.8724515967898898,0.18208997779422337,3.1374564170837402,0.16971570087803733,0.1011394891473982,0.0040719568108518915,0.578
3,3,periodic,direct,8,0.32051882147789,0.6200146675109863,0.4949725568294525,1.259071495797899,0.6750847101211548,0.10075369808408949,2.9923673470815024,0.16158199144734275,0.04300218510131041,0.0018265587924462226,0.588
3,4,periodic,direct,8,0.32051882147789,0.6200146675109863,0.4949725568294525,1.0501363939709134,0.5348779824044969,0.06603939044806692,2.8119747903611927,0.1571255342827903,0.020774929266836908,0.0010170420217845175,0.588
3,5,periodic,direct,8,0.32051882147789,0.6200146675109863,0.4949725568294525,0.9074996643596225,0.4312318132983314,0.05227656993601057,2.6498543156517878,0.153375796145863,0.010635346381200684,0.0006247488005707661,0.594
3,6,periodic,direct,8,0.32051882147789,0.6200146675109863,0.4949725568294525,0.8144200775358412,0.36215391092830235,0.04362949149476157,2.533980025185479,0.1518157720565796,0.006406387158979972,0.0004393891496066418,0.596
3,7,periodic,direct,8,0.32051882147789,0.6200146675109863,0.4949725568294525,0.7425740559895834,0.30599552392959595,0.039574117710193,2.426312896940443,0.15196067260371315,0.004443224234920409,0.0003816741324650745,0.6035
3,8,periodic,direct,8,0.32051882147789,0.6200146675109863,0.4949725568294525,0.6844026181432936,0.266278851363394,0.03490720730688837,2.3388950559828015,0.1473291797770394,0.003664006944745779,0.00033176150302299194,0.6125
3,9,periodic,direct,8,0.32051882147789,0.6200146675109863,0.4949725568294525,0.6410339077313741,0.23181753853956857,0.03273761707047621,2.269152296913995,0.14770745072099897,0.003374298491204778,0.00033781724697392847,0.622
3,10,periodic,direct,8,0.32051882147789,0.6200146675109863,0.4949725568294525,0.6069700453016493,0.20769387318028343,0.0305409487336874,2.189662138621012,0.14809501005543602,0.003042490299170216,0.0003054795670323074,0.6295
3,11,periodic,direct,8,0.32051882147789,0.6200146675109863,0.4949725568294525,0.5826015008820428,0.1896912174092399,0.030698339972231124,2.1154265933566623,0.14900406367248958,0.0030391511455592182,0.00029127401325644716,0.6395
3,12,periodic,direct,8,0.32051882147789,0.6200146675109863,0.4949725568294525,0.5502721336152818,0.16917533013555738,0.028989489500721295,2.0664263831244574,0.1438420514265696,0.002937818696308467,0.00030745835586761433,0.639
3,13,periodic,direct,8,0.32051882147789,0.6200146675109863,0.4949725568294525,0.5338838895161947,0.1572502785258823,0.02838136876622836,2.022098567750719,0.1444059494468901,0.002994858737414082,0.0002780312465296851,0.644
3,14,periodic,direct,8,0.32051882147789,0.6200146675109863,0.4949725568294525,0.5129614306820763,0.1459511485364702,0.025568437866038747,1.9605356719758775,0.14382026261753506,0.002855752051497499,0.0002802801447817021,0.655
3,15,periodic,direct,8,0.32051882147789,0.6200146675109863,0.4949725568294525,0.4922205971346961,0.1342730646332105,0.025833308696746826,1.9060150384902954,0.14002974993652767,0.002702280025308331,0.0002636293389110102,0.649
3,16,periodic,direct,8,0.32051882147789,0.6200146675109863,0.4949725568294525,0.47856946455107796,0.12321912166145113,0.025262700186835393,1.8597331179512873,0.1426180832915836,0.002746464400034812,0.00024604030962412554,0.6605
3,17,periodic,direct,8,0.32051882147789,0.6200146675109863,0.4949725568294525,0.46432607703738743,0.1150081099735366,0.02493687967459361,1.8233215279049344,0.14056610564390817,0.0027138908497161334,0.00025176149534268514,0.659
3,18,periodic,direct,8,0.32051882147789,0.6200146675109863,0.4949725568294525,0.45313875873883563,0.10798870358202192,0.026926165860560205,1.7686138417985704,0.13985052870379555,0.002768188740851151,0.00025577636875419156,0.6725
3,19,periodic,direct,8,0.32051882147789,0.6200146675109863,0.4949725568294525,0.4430619213316176,0.1017007761531406,0.02830210928287771,1.7364009221394856,0.1377761744790607,0.003016826929524541,0.0002686998211882181,0.6705
3,20,periodic,direct,8,0.32051882147789,0.6200146675109863,0.4949725568294525,0.43694653113683063,0.09679869479603237,0.030638063326478004,1.7030105061001248,0.13760685920715332,0.002934993322317799,0.00026874478337251477,0.6755
3,21,periodic,direct,8,0.32051882147789,0.6200146675109863,0.4949725568294525,0.4344206419255998,0.09360979497432709,0.03586349594924185,1.6540429592132568,0.13781495889027914,0.003210316903682219,0.000245882249954674,0.67
3,22,periodic,direct,8,0.32051882147789,0.6200146675109863,0.4949725568294525,0.4216056201193068,0.08808005435599221,0.029280249650279682,1.630850116411845,0.13932017154163784,0.0034127498511224985,0.00026750913821160793,0.6755
3,23,periodic,direct,8,0.32051882147789,0.6200146675109863,0.4949725568294525,0.40646424889564514,0.08475741578472985,0.02557658673160606,1.578752835591634,0.13645006550682914,0.0033617960806522104,0.00024798497583510145,0.6745
3,24,periodic,direct,8,0.32051882147789,0.6200146675109863,0.4949725568294525,0.39836851755777997,0.0794501942065027,0.02308623968727059,1.5755156808429294,0.1365922855006324,0.0031280581994603076,0.00024839670449081395,0.688
3,25,periodic,direct,8,0.32051882147789,0.6200146675109863,0.4949725568294525,0.38788052399953205,0.07679905990759532,0.022796435074673757,1.5233938429090712,0.13435827361212838,0.002941382376270162,0.00023334649287992052,0.683
3,26,periodic,direct,8,0.32051882147789,0.6200146675109863,0.4949725568294525,0.3833165301216973,0.07185324612591001,0.021468124248915248,1.5018206437428792,0.13832691808541617,0.002735631824988458,0.00023671330159737004,0.6905
3,27,periodic,direct,8,0.32051882147789,0.6200146675109863,0.4949725568294525,0.37329576081699795,0.07096880674362183,0.021122286096215248,1.4495921002493963,0.13486532039112514,0.002562217569599549,0.00019803218310698867,0.691
3,28,periodic,direct,8,0.32051882147789,0.6200146675109863,0.4949725568294525,0.37470317218038773,0.06941885418362087,0.020924981269571517,1.4552318122651842,0.13728979395495522,0.0028650327326936852,0.00022768375412043597,0.6915
3,29,periodic,direct,8,0.32051882147789,0.6200146675109863,0.4949725568294525,0.3632877932654487,0.064040490736564,0.019747094354695745,1.420427507824368,0.13605878584914738,0.00259883802694579,0.00019852700643241405,0.6975
3,30,periodic,direct,8,0.32051882147789,0.6200146675109863,0.4949725568294525,0.35882044169637894,0.0634847775929504,0.018853995949029922,1.3887333737479315,0.13621200124422708,0.0026096952561702994,0.00018294952395889495,0.691
3,31,periodic,direct,8,0.32051882147789,0.6200146675109863,0.4949725568294525,0.3534519639280107,0.06334317144420412,0.018483555565277737,1.3607301182217069,0.13423719008763632,0.0024405174578229585,0.00018956093764346506,0.704
3,32,periodic,direct,8,0.32051882147789,0.6200146675109863,0.4949725568294525,0.3495335347122616,0.06006244238879946,0.018448640695876546,1.3467199802398682,0.13505885336134169,0.00238366782044371,0.00019953234974915782,0.703
3,33,periodic,direct,8,0.32051882147789,0.6200146675109863,0.4949725568294525,0.3481445014476776,0.05918040871620178,0.01856960066490703,1.3264602290259466,0.13653667436705696,0.0022486005392339495,0.00017496988746441074,0.7
3,34,periodic,direct,8,0.32051882147789,0.6200146675109863,0.4949725568294525,0.3414320449034373,0.05506402668025759,0.01811461616307497,1.3097332186169095,0.13600505888462067,0.002362496167835262,0.00018752526052089201,0.7045
3,35,periodic,direct,8,0.32051882147789,0.6200146675109863,0.4949725568294525,0.33804114328490364,0.05516925619708167,0.01940571992761559,1.2829568121168349,0.1339269628127416,0.002309647621586919,0.00017739713398946656,0.701
3,36,periodic,direct,8,0.32051882147789,0.6200146675109863,0.4949725568294525,0.33387983176443314,0.05267230048775673,0.02002100336054961,1.2577430937025282,0.13415004312992096,0.0023449659088833463,0.0001793773909513321,0.7035
3,37,periodic,direct,8,0.32051882147789,0.6200146675109863,0.4949725568294525,0.3274395962556203,0.052741379787524544,0.02058291683594386,1.227626747555203,0.1300396356317732,0.0024362700318710673,0.00018970218823394843,0.709
3,38,periodic,direct,8,0.32051882147789,0.6200146675109863,0.4949725568294525,0.3325759900940789,0.05224244172374407,0.021520434361365106,1.2304325501124065,0.1343780623541938,0.0025967946534769405,0.00018679129425436258,0.7085
3,39,periodic,direct,8,0.32051882147789,0.6200146675109863,0.4949725568294525,0.3227868212593926,0.049571877966324486,0.021374573103255697,1.2012526591618855,0.1302761435508728,0.0027092411700222227,0.0001686788875506156,0.703
3,40,periodic,direct,8,0.32051882147789,0.6200146675109863,0.4949725568294525,0.32894377907117206,0.05010198180874189,0.022674848635991413,1.1912306017345853,0.1355837749110328,0.002740641538467672,0.0001795762994637092,0.7035
3,41,periodic,direct,9,0.24535275995731354,0.682904839515686,0.46682292222976685,0.3465350502067142,0.05181557974881596,0.03902810770604345,1.1843583583831787,0.13525701728132036,0.003735792072903779,0.0002612155318881075,0.706
3,42,periodic,direct,9,0.24535275995731354,0.682904839515686,0.46682292222976685,0.33202616042561,0.050417788326740265,0.02878043262494935,1.170186824268765,0.13376665777630276,0.0038541266953365672,0.00023106543166148994,0.7
3,43,periodic,direct,9,0.24535275995731354,0.682904839515686,0.46682292222976685,0.32045234905348885,0.045807418723901115,0.024471361397041216,1.1490486330456204,0.13323182695441776,0.0038598625817232663,0.00021388939219630428,0.703
3,44,periodic,direct,9,0.24535275995731354,0.682904839515686,0.46682292222976685,0.31673604249954224,0.04647315417726835,0.02150107713209258,1.1307041645050049,0.13386530511909062,0.0034578073925028243,0.0001943652298197978,0.704
3,45,periodic,direct,9,0.24535275995731354,0.682904839515686,0.46682292222976685,0.309121310710907,0.04453192444311248,0.01897690486576822,1.1049223211076524,0.1334237986140781,0.0032102693286206988,0.0001826229143059916,0.711
3,46,periodic,direct,9,0.24535275995731354,0.682904839515686,0.46682292222976685,0.3082176645596822,0.043483986208836235,0.01823371835052967,1.0996165010664198,0.13483694195747375,0.0032220082357525826,0.00018072185856807564,0.711
3,47,periodic,direct,9,0.24535275995731354,0.682904839515686,0.46682292222976685,0.30321041411823696,0.044168420135974884,0.01838130731549528,1.06586934460534,0.13252529667483437,0.002917321010803183,0.00017958538632632958,0.712
3,48,periodic,direct,9,0.24535275995731354,0.682904839515686,0.46682292222976685,0.29853135016229415,0.04220680892467499,0.01765275394750966,1.058704760339525,0.13135147425863478,0.0027380441574172843,0.00016164812000675334,0.7105
3,49,periodic,direct,9,0.24535275995731354,0.682904839515686,0.46682292222976685,0.298320687479443,0.04226860528190931,0.018885525978273816,1.047422190507253,0.13098058932357365,0.0027168720132774776,0.0001706105475831363,0.7095
3,50,periodic,direct,9,0.24535275995731354,0.682904839515686,0.46682292222976685,0.30028696523772347,0.04216961314280828,0.01924556079838011,1.027022812101576,0.13467845486270058,0.002823297865688801,0.00015880164897276295,0.709
3,51,periodic,direct,9,0.24535275995731354,0.682904839515686,0.46682292222976685,0.3014589614338345,0.0423514557381471,0.022355433346496686,1.0202974147266812,0.13318850762314266,0.0029175138980564144,0.00015012195540799035,0.7115
3,52,periodic,direct,9,0.24535275995731354,0.682904839515686,0.46682292222976685,0.3048772480752733,0.04154408681723806,0.023832626433836088,1.0068637198872037,0.13678217265341017,0.003875127760693431,0.00018885866221454408,0.7135
3,53,periodic,direct,9,0.24535275995731354,0.682904839515686,0.46682292222976685,0.30070871114730835,0.04015843156311247,0.024346127899156675,0.9901661939091153,0.13502554926607344,0.004138703535621365,0.00018525420455262065,0.7115
3,54,periodic,direct,9,0.24535275995731354,0.682904839515686,0.46682292222976685,0.29858391483624774,0.0397201424671544,0.02252441354923778,0.9955481357044644,0.13480034304989708,0.0037948331899113124,0.0001735698185964591,0.7115
3,55,periodic,direct,9,0.24535275995731354,0.682904839515686,0.46682292222976685,0.29751215047306484,0.03946438721484608,0.021142487310700946,0.9700616134537591,0.13780462245146433,0.004007375488678615,0.0001816069707274437,0.7095
3,56,periodic,direct,9,0.24535275995731354,0.682904839515686,0.46682292222976685,0.29651110702090794,0.039724857442908816,0.02174085316558679,0.9684700700971816,0.13605941500928667,0.004082856260033118,0.00019508929431645406,0.712
3,57,periodic,direct,9,0.24535275995731354,0.682904839515686,0.46682292222976685,0.3022804061571757,0.03861381568842464,0.03020815820329719,0.9518567522366842,0.13605658378865984,0.004244402620113558,0.00018794232487885488,0.712
3,58,periodic,direct,9,0.24535275995731354,0.682904839515686,0.46682292222976685,0.29337991939650643,0.03889881157212787,0.02425515651702881,0.9382848938306173,0.13385755485958523,0.004895909637626674,0.00018390736335681545,0.7115
3,59,periodic,direct,9,0.24535275995731354,0.682904839515686,0.46682292222976685,0.2849289874235789,0.03674565048681365,0.019051475243435964,0.9294050534566244,0.1336135980155733,0.004952909942302439,0.00020260226059084138,0.7105
3,60,periodic,direct,9,0.24535275995731354,0.682904839515686,0.46682292222976685,0.2829369439019097,0.03592456960015827,0.016947088452676933,0.9165669878323873,0.13622992237408957,0.004195328620779846,0.000161982962809917,0.7125
3,61,periodic,direct,9,0.24535275995731354,0.682904839515686,0.46682292222976685,0.27640580137570697,0.03563269414007664,0.016589156662424404,0.9065746466318766,0.1316512723763784,0.0035981743389533628,0.00015225835765401521,0.7105
3,62,periodic,direct,9,0.24535275995731354,0.682904839515686,0.46682292222976685,0.2816797263092465,0.03633775975969103,0.017988827493455675,0.9020491970909966,0.1355442984236611,0.0030600021903713546,0.00014784632043706047,0.7175
3,63,periodic,direct,9,0.24535275995731354,0.682904839515686,0.46682292222976685,0.2829354868994819,0.03654804784390661,0.020947848964068625,0.8889864285786947,0.13477710882822672,0.0033848326032360396,0.00014284359834467372,0.7135
3,64,periodic,direct,9,0.24535275995731354,0.682904839515686,0.46682292222976685,0.27859320243199664,0.03568295141061147,0.02136737025446362,0.8746613462766012,0.13206523987982008,0.003854596676925818,0.0001684219136627184,0.7195
3,65,periodic,direct,9,0.24535275995731354,0.682904839515686,0.46682292222976685,0.2752360933356815,0.035413997454775706,0.021052753552794456,0.8605977363056607,0.1306333707438575,0.003976058913394809,0.00017634125348801413,0.711
3,66,periodic,direct,9,0.24535275995731354,0.682904839515686,0.46682292222976685,0.2836305962668525,0.03566732588741514,0.025615888958175976,0.859285208914015,0.1343214495314492,0.004023287160735991,0.00017153527975703278,0.716
3,67,periodic,direct,9,0.24535275995731354,0.682904839515686,0.46682292222976685,0.2832003931204478,0.034401722666290074,0.025584010200368032,0.8586594462394714,0.1352275378174252,0.004062422344254123,0.00017992024853204688,0.715
3,68,periodic,direct,9,0.24535275995731354,0.682904839515686,0.46682292222976685,0.28010502457618713,0.03503278808461295,0.02671720211704572,0.8465591271718343,0.13160780900054508,0.004012966062873602,0.0001696513952790863,0.7155
3,69,periodic,direct,9,0.24535275995731354,0.682904839515686,0.46682292222976685,0.28225905034277177,0.03437328876720534,0.028256141684121557,0.8406239085727267,0.13327524893813664,0.004415534591923158,0.00016843117514832152,0.7155
3,70,periodic,direct,9,0.24535275995731354,0.682904839515686,0.46682292222976685,0.2798353135585785,0.034147279957930245,0.02783544258111053,0.8337691227595011,0.13171550962660047,0.005340999147544305,0.00017935069303752648,0.712
3,71,periodic,direct,9,0.24535275995731354,0.682904839515686,0.46682292222976685,0.27562178174654645,0.034088158359130226,0.02239778286053075,0.8226453728146024,0.13433229757679832,0.0049031394430332715,0.00017488294462155964,0.7145
3,72,periodic,direct,9,0.24535275995731354,0.682904839515686,0.46682292222976685,0.271822495592965,0.03357648000948959,0.021486526355147362,0.8156714042027792,0.13295885423819223,0.004316604385773341,0.00015039424437822567,0.717
3,73,periodic,direct,9,0.24535275995731354,0.682904839515686,0.46682292222976685,0.26721139748891193,0.031906002718541354,0.01918766854537858,0.8104867935180664,0.1330060230361091,0.003979097586125135,0.0001469560213283532,0.716
3,74,periodic,direct,9,0.24535275995731354,0.682904839515686,0.46682292222976685,0.268906917836931,0.032179547059867114,0.020054985872573323,0.7972568141089545,0.13499953680568272,0.003738649422302842,0.00015568922066854106,0.714
3,75,periodic,direct,9,0.24535275995731354,0.682904839515686,0.46682292222976685,0.2696754601266649,0.033256246604853205,0.021750115892953344,0.791076640288035,0.13342824743853676,0.00411054422147572,0.00015583410600407256,0.7165
3,76,periodic,direct,9,0.24535275995731354,0.682904839515686,0.46682292222976685,0.2671857310665978,0.03168507830964194,0.020576954301860597,0.7903560135099623,0.13373566998375785,0.004158481541607115,0.00014636283999101983,0.7145
3,77,periodic,direct,9,0.24535275995731354,0.682904839515686,0.46682292222976685,0.26263169447580975,0.031059527355763648,0.018300816002819274,0.7839281492763095,0.13300940891106924,0.003594971675839689,0.00014327589370724227,0.7135
3,78,periodic,direct,9,0.24535275995731354,0.682904839515686,0.46682292222976685,0.26502466201782227,0.03172976399461428,0.01733640219188399,0.7742855416403877,0.13680716852347055,0.0033191118596328627,0.00012641578602294126,0.717
3,79,periodic,direct,9,0.24535275995731354,0.682904839515686,0.46682292222976685,0.2629760106404622,0.03093187055653996,0.01703339277042283,0.7762279974089729,0.13569818271530998,0.0032350805381106008,0.00014444122401376566,0.718
3,80,periodic,direct,9,0.24535275995731354,0.682904839515686,0.46682292222976685,0.25976956884066266,0.030762449320819642,0.018031279039051797,0.7693632973564996,0.13227709465556675,0.003369600615567631,0.0001552456912274162,0.717
3,81,periodic,direct,10,0.24760930240154266,0.6494190692901611,0.4569738507270813,0.2620961334970262,0.03121168538928032,0.0195315500928296,0.7654959162076315,0.13320193853643206,0.00306299838444425,0.0001397454050473041,0.7175
3,82,periodic,direct,10,0.24760930240154266,0.6494190692901611,0.4569738507270813,0.25495342744721305,0.030662995245721605,0.016726200365357928,0.7487721178266737,0.13119570248656803,0.00285149272531271,0.00013113684771168564,0.715
3,83,periodic,direct,10,0.24760930240154266,0.6494190692901611,0.4569738507270813,0.2578873799906837,0.030511993087000318,0.016358734108507633,0.7527047263251411,0.13427524268627167,0.002820081698397795,0.00012179084458491868,0.715
3,84,periodic,direct,10,0.24760930240154266,0.6494190692901611,0.4569738507270813,0.254671605096923,0.030457307274142902,0.015499866257111231,0.7467391159799364,0.13261650005976358,0.0027285197284072638,0.00011951054006607996,0.7195
3,85,periodic,direct,10,0.24760930240154266,0.6494190692901611,0.4569738507270813,0.2536773797538545,0.03010709976984395,0.014345348605679141,0.7523252897792392,0.13261588083373177,0.002635218979169925,0.00011781737622287538,0.722
3,86,periodic,direct,10,0.24760930240154266,0.6494190692901611,0.4569738507270813,0.24883177545335558,0.028582205788956747,0.012953719952040248,0.7360992895232307,0.13240638044145372,0.0024447221722867754,0.00011436097944776218,0.7225
3,87,periodic,direct,10,0.24760930240154266,0.6494190692901611,0.4569738507270813,0.24901840918593937,0.028612991587983236,0.012868185838063559,0.7241838773091634,0.13380700680944654,0.0025039687494022977,0.00011970028410562211,0.718
3,88,periodic,direct,10,0.24760930240154266,0.6494190692901611,0.4569738507270813,0.24819722440507677,0.029335286054346297,0.013142824690375064,0.7157009575102065,0.1328706443309784,0.0024431098200794724,0.00011363243296121557,0.7215
3,89,periodic,direct,10,0.24760930240154266,0.6494190692901611,0.4569738507270813,0.2499562468793657,0.028640923814641103,0.013804374780091975,0.7246650391154819,0.13377703891860115,0.0024223961712171635,0.00011240463936701417,0.72
3,90,periodic,direct,10,0.24760930240154266,0.6494190692901611,0.4569738507270813,0.2515061034096612,0.02903305573595895,0.014231459961997138,0.7171056204371982,0.13511603408389622,0.0027114639265669715,0.000118512867225541,0.7225
3,91,periodic,direct,10,0.24760930240154266,0.6494190692901611,0.4569738507270813,0.2493451022439533,0.029096868303087022,0.013686004612180922,0.7133991519610087,0.13369241687986586,0.002932334913768702,0.00012745002620956965,0.722
3,92,periodic,direct,10,0.24760930240154266,0.6494190692901611,0.4569738507270813,0.2558582110537423,0.0289582343151172,0.015833956603374746,0.7061363392406039,0.13883176611529457,0.0031118392944335938,0.00012942140973690484,0.719
3,93,periodic,direct,10,0.24760930240154266,0.6494190692901611,0.4569738507270813,0.2515789402855767,0.028365497580832906,0.015558848467965921,0.6984411875406901,0.13618862297799852,0.003112729638814926,0.00013096622165499462,0.726
3,94,periodic,direct,10,0.24760930240154266,0.6494190692901611,0.4569738507270813,0.24775084687603843,0.028096653728021517,0.01497789617213938,0.7031481597158644,0.13274206552240583,0.0031013424611753887,0.00013748952187597752,0.7235
3,95,periodic,direct,10,0.24760930240154266,0.6494190692901611,0.4569738507270813,0.25083501140276593,0.028411861095163558,0.016012010785440605,0.6990504463513693,0.13483714891804588,0.003195198666718271,0.00014269326735908786,0.7205
3,96,periodic,direct,10,0.24760930240154266,0.6494190692901611,0.4569738507270813,0.24826863408088684,0.0279224943369627,0.015291800618999533,0.6934731933805678,0.134067232410113,0.003154130419716239,0.00012543827890314988,0.725
3,97,periodic,direct,10,0.24760930240154266,0.6494190692901611,0.4569738507270813,0.2496157536904017,0.02737733183635606,0.015854878454572625,0.6972826388147142,0.13505162133110893,0.0030867398923469912,0.00012056141470869382,0.7215
3,98,periodic,direct,10,0.24760930240154266,0.6494190692901611,0.4569738507270813,0.24960264563560486,0.02800827638970481,0.018438108989761934,0.6761160691579183,0.1336290223730935,0.0037036093158854377,0.00012765780815647708,0.725
3,99,periodic,direct,10,0.24760930240154266,0.6494190692901611,0.4569738507270813,0.2514871209859848,0.02896591793331835,0.0204816995602515,0.6784249014324613,0.13145904739697775,0.005266832524082727,0.0002090955968014896,0.719
3,100,periodic,direct,10,0.24760930240154266,0.6494190692901611,0.4569738507270813,0.2534395555655162,0.02784765201310317,0.01967562259071403,0.6847140722804599,0.1348522040579054,0.005007816685570611,0.00017752476398729615,0.719
3,101,periodic,direct,10,0.24760930240154266,0.6494190692901611,0.4569738507270813,0.2550286518202888,0.02737301505274243,0.02176757011976507,0.678718176152971,0.13544465601444244,0.004955734074529674,0.00018745241686701775,0.723
3,102,periodic,direct,10,0.24760930240154266,0.6494190692901611,0.4569738507270813,0.2572394642564986,0.027613533867730036,0.024377431720495224,0.678016291724311,0.1348992089430491,0.004902868583384488,0.0001924452759946386,0.7195
3,103,periodic,direct,10,0.24760930240154266,0.6494190692901611,0.4569738507270813,0.2565413365761439,0.027843042380279966,0.023168726099861994,0.6704042818811204,0.13571097122298348,0.005371574260708358,0.00018476271846642098,0.719
3,104,periodic,direct,10,0.24760930240154266,0.6494190692901611,0.4569738507270813,0.25318056179417503,0.027749017501870792,0.02323819262286027,0.666360444492764,0.1326185233063168,0.00567098619002435,0.0002065808059544199,0.723
3,105,periodic,direct,10,0.24760930240154266,0.6494190692901611,0.4569738507270813,0.25738393598132664,0.028225063863727782,0.027005512060390577,0.6613566213183932,0.13310983611477745,0.005610539112240076,0.00020517318949310316,0.718
3,106,periodic,direct,10,0.24760930240154266,0.6494190692901611,0.4569738507270813,0.2540508343113793,0.027318697422742844,0.023114957950181432,0.6653378672069974,0.1343267990483178,0.005321074484123124,0.00019209634693753388,0.725
3,107,periodic,direct,10,0.24760930240154266,0.6494190692901611,0.4569738507270813,0.254885067542394,0.026960425906711154,0.021929559401339956,0.6591534813245138,0.13742217752668592,0.005128003501643737,0.00018710288633075025,0.725
3,108,periodic,direct,10,0.24760930240154266,0.6494190692901611,0.4569738507270813,0.2495693200164371,0.02668563752538628,0.02075683967106872,0.6516492035653856,0.1344341453578737,0.004874978007541763,0.00018058530339557264,0.7235
3,109,periodic,direct,10,0.24760930240154266,0.6494190692901611,0.4569738507270813,0.24922203520933786,0.02644655956990189,0.018599697285228305,0.6547213527891371,0.13627175324492985,0.004696635581139062,0.00016714026504713629,0.7285
3,110,periodic,direct,10,0.24760930240154266,0.6494190692901611,0.4569738507270813,0.243383150961664,0.02602796856727865,0.018237532323433295,0.6445526944266425,0.13226284252272713,0.004625010925034682,0.00017405887289593616,0.722
3,111,periodic,direct,10,0.24760930240154266,0.6494190692901611,0.4569738507270813,0.24780321452352735,0.02635848770538966,0.020451315368215244,0.6423344545894198,0.13435794744226667,0.0046294510054091615,0.0001745916217462056,0.726
3,112,periodic,direct,10,0.24760930240154266,0.6494190692901611,0.4569738507270813,0.24405792521105873,0.025763972972830135,0.022039180828465357,0.6314643952581618,0.13086579077773625,0.004306275863200426,0.00017878953884873126,0.7225
3,113,periodic,direct,10,0.24760930240154266,0.6494190692901611,0.4569738507270813,0.2472389903333452,0.02605578862130642,0.01829985963801543,0.6437535881996155,0.13608802523877886,0.00466703556271063,0.00017287655241994394,0.726
3,114,periodic,direct,10,0.24760930240154266,0.6494190692901611,0.4569738507270813,0.24283894896507263,0.02558606221444077,0.01817930903699663,0.6385094258520339,0.13299995495213401,0.004279233153081602,0.0001661266497750249,0.725
3,115,periodic,direct,10,0.24760930240154266,0.6494190692901611,0.4569738507270813,0.24533535540103912,0.025797621657450993,0.021234590353237257,0.6369859311315749,0.13251714573966134,0.004030338100468119,0.00014445742514605323,0.719
3,116,periodic,direct,10,0.24760930240154266,0.6494190692901611,0.4569738507270813,0.24562691814369625,0.026124746228257816,0.022252304272519216,0.6259140835867988,0.13228771918349796,0.0045883482736017965,0.00015312416427251365,0.7245
3,117,periodic,direct,10,0.24760930240154266,0.6494190692901611,0.4569738507270813,0.250809187690417,0.025973170167869992,0.023969834256503317,0.6338111162185669,0.13495159149169922,0.004905245525555478,0.00016170280933794047,0.722
3,118,periodic,direct,10,0.24760930240154266,0.6494190692901611,0.4569738507270813,0.2466607689857483,0.025035999301407073,0.02355164061817858,0.6360364754994711,0.13170599109596676,0.005340429850750499,0.00018654881407403282,0.724
3,119,periodic,direct,10,0.24760930240154266,0.6494190692901611,0.4569738507270813,0.24516832828521729,0.02526640829940637,0.022462202856938045,0.6246672802501254,0.13216464718182883,0.0054370083121789824,0.00017967597038174668,0.722
3,120,periodic,direct,10,0.24760930240154266,0.6494190692901611,0.4569738507270813,0.24843564795123207,0.025122317175070446,0.022905647547708616,0.6311070124308268,0.1345561510986752,0.005316506243414349,0.00016515226646636924,0.726
3,121,periodic,direct,11,0.24062159657478333,0.6430404186248779,0.455454558134079,0.2538716627491845,0.02566642024450832,0.028695597416824765,0.6278279225031534,0.1336249593231413,0.006008072342309687,0.0001957167211609582,0.7195
3,122,periodic,direct,11,0.24062159657478333,0.6430404186248779,0.455454558134079,0.251528079311053,0.025590789400868945,0.026556100903285876,0.6254915793736776,0.13354631761709848,0.006353358686384227,0.00021807169024315145,0.7235
3,123,periodic,direct,11,0.24062159657478333,0.6430404186248779,0.455454558134079,0.2595211664835612,0.02595108064512412,0.035085277217957705,0.6258243454827203,0.13243669933742946,0.0067116207339697415,0.00021972914692014456,0.7215
3,124,periodic,direct,11,0.24062159657478333,0.6430404186248779,0.455454558134079,0.255754538708263,0.025529778459005885,0.03200703134967221,0.6232634319199456,0.13158807158470154,0.008315463964309957,0.0002911650355801814,0.724
3,125,periodic,direct,11,0.24062159657478333,0.6430404186248779,0.455454558134079,0.25449877149528927,0.024975015678339534,0.030101417874296505,0.6130841440624661,0.13369259734948477,0.008577041224473052,0.00026561050132537883,0.727
3,126,periodic,direct,11,0.24062159657478333,0.6430404186248779,0.455454558134079,0.24724776049455008,0.025004975290762052,0.024640676461988024,0.6104518241352506,0.13235805928707123,0.008145931383801831,0.0002517946737094058,0.728
3,127,periodic,direct,11,0.24062159657478333,0.6430404186248779,0.455454558134079,0.24597185850143433,0.02486400202744537,0.024842926404542394,0.6058068341679044,0.13177509440316093,0.007556592217750019,0.0002617051100565328,0.7165
3,128,periodic,direct,11,0.24062159657478333,0.6430404186248779,0.455454558134079,0.25254210664166343,0.02497395148707761,0.026470795273780823,0.6159770819875929,0.13556220299667782,0.007601084808508555,0.0002738140368213256,0.726
3,129,periodic,direct,11,0.24062159657478333,0.6430404186248779,0.455454558134079,0.2456276168425878,0.024324809925423727,0.025575581938028336,0.6038839485910203,0.13166200286812252,0.007125666520247857,0.00022798133755309714,0.7275
3,130,periodic,direct,11,0.24062159657478333,0.6430404186248779,0.455454558134079,0.24103931420379215,0.02505360957649019,0.022796113457944658,0.6025597916709052,0.12954808357689115,0.006558827331496609,0.00021222020344187817,0.7215
3,131,periodic,direct,11,0.24062159657478333,0.6430404186248779,0.455454558134079,0.24064076609081692,0.02427771770291858,0.020341740921139717,0.5986620518896315,0.13330288396941292,0.005515229267378648,0.00018920569628891017,0.7245
3,132,periodic,direct,11,0.24062159657478333,0.6430404186248779,0.455454558134079,0.23844641115930346,0.02434540477891763,0.018885921066006024,0.5949022571245829,0.1331640432278315,0.004937982238415215,0.00018364764077381956,0.734
3,133,periodic,direct,11,0.24062159657478333,0.6430404186248779,0.455454558134079,0.23614084555043113,0.023378952509827085,0.018493216070863936,0.5950097309218513,0.1323659751150343,0.004619999116079675,0.0001834539968209962,0.722
3,134,periodic,direct,11,0.24062159657478333,0.6430404186248779,0.455454558134079,0.238300030430158,0.022996934544708993,0.016918603744771745,0.5914559364318848,0.13670866853661007,0.004862037435587909,0.0001984319468546245,0.7305
3,135,periodic,direct,11,0.24062159657478333,0.6430404186248779,0.455454558134079,0.2318075117137697,0.023805759226282436,0.015475250159700712,0.5839226113425361,0.1316773427857293,0.004725393114818467,0.00018840192610190975,0.729
3,136,periodic,direct,11,0.24062159657478333,0.6430404186248779,0.455454558134079,0.23325789802604252,0.02312036624385251,0.015633722560273275,0.5839854015244378,0.13379015028476715,0.0044503281565590035,0.00017990982936074337,0.727
3,137,periodic,direct,11,0.24062159657478333,0.6430404186248779,0.455454558134079,0.23310986326800454,0.02310815453529358,0.01693849793324868,0.5801685849825541,0.13324111534489524,0.0034730853771583903,0.00013738875794741843,0.7275
3,138,periodic,direct,11,0.24062159657478333,0.6430404186248779,0.455454558134079,0.22989838984277514,0.023323176635636225,0.017223310346404713,0.5786395404073927,0.12976546751128304,0.003313939966675308,0.0001310208721810745,0.724
3,139,periodic,direct,11,0.24062159657478333,0.6430404186248779,0.455454558134079,0.2385344604651133,0.023900976818468835,0.0183973451041513,0.5868137015236748,0.13577632109324136,0.0034369072462949487,0.00011998158232826326,0.724
3,140,periodic,direct,11,0.24062159657478333,0.6430404186248779,0.455454558134079,0.23761344618267483,0.023966165259480476,0.02111806244485908,0.5749284625053406,0.13323485023445553,0.003481052712433868,0.00012198964314949181,0.7235
3,141,periodic,direct,11,0.24062159657478333,0.6430404186248779,0.455454558134079,0.23142829371823204,0.02301818856762515,0.017974828680356342,0.5761162903573778,0.1310409274366167,0.0034478927652041116,0.00011755401242731346,0.726
3,142,periodic,direct,11,0.24062159657478333,0.6430404186248779,0.455454558134079,0.2348168028725518,0.022827978970275983,0.018858818544281855,0.5802225271860758,0.1330866813659668,0.003907816846751505,0.0001343259549078842,0.7265
3,143,periodic,direct,11,0.24062159657478333,0.6430404186248779,0.455454558134079,0.23817292518085903,0.023188344306415982,0.01932851928803656,0.5819006429778205,0.13517580760849846,0.004435415276222759,0.00014496524818241596,0.723
3,144,periodic,direct,11,0.24062159657478333,0.6430404186248779,0.455454558134079,0.24169045190016428,0.023393253071440592,0.024418874229821894,0.5716588960753547,0.1343910876247618,0.004488374727467696,0.0001543150606772138,0.7255
3,145,periodic,direct,11,0.24062159657478333,0.6430404186248779,0.455454558134079,0.24060827990372977,0.023343198622266453,0.019833626846472423,0.5816040171517266,0.13693921599123213,0.004502454824331734,0.0001612128172483709,0.725
3,146,periodic,direct,11,0.24062159657478333,0.6430404186248779,0.455454558134079,0.2345248841577106,0.023287747676173847,0.01870219802690877,0.5737722648514642,0.1329138841893938,0.004337578753216399,0.00015007445795668496,0.728
3,147,periodic,direct,11,0.24062159657478333,0.6430404186248779,0.455454558134079,0.23044560849666595,0.022710209091504414,0.0175080138982998,0.5676472518179152,0.13124726878272164,0.0042892446120580035,0.00014153354439056583,0.73
3,148,periodic,direct,11,0.24062159657478333,0.6430404186248779,0.455454558134079,0.23471199638313717,0.02223908259636826,0.018824042959345713,0.5774752100308737,0.13381980193985832,0.0040181362225363655,0.00014495401410385966,0.7205
3,149,periodic,direct,11,0.24062159657478333,0.6430404186248779,0.455454558134079,0.23325384656588236,0.0223846309300926,0.017553498554560874,0.5685053798887465,0.13458344174755943,0.0036188517697155476,0.00014461889966494508,0.728
3,150,periodic,direct,11,0.24062159657478333,0.6430404186248779,0.455454558134079,0.23435074753231472,0.022098464477393363,0.01699832495715883,0.576946927441491,0.13580076893170676,0.0033809964855511985,0.0001359947426762018,0.728
3,151,periodic,direct,11,0.24062159657478333,0.6430404186248779,0.455454558134079,0.2303491367234124,0.022016466905673344,0.01681433566328552,0.5679219100210402,0.1329341795709398,0.0034389294580452973,0.0001449906719951994,0.727
3,152,periodic,direct,11,0.24062159657478333,0.6430404186248779,0.455454558134079,0.2301184137662252,0.022676071979933314,0.01908766685260667,0.5629827115270827,0.13019189404116738,0.0035793131424321067,0.00014970013742438622,0.732
3,153,periodic,direct,11,0.24062159657478333,0.6430404186248779,0.455454558134079,0.23322078420056236,0.022508027652899425,0.01805920981698566,0.5592565933863322,0.1348524143298467,0.003608043616016706,0.00014289478228117028,0.7275
3,154,periodic,direct,11,0.24062159657478333,0.6430404186248779,0.455454558134079,0.23083606196774376,0.022370820865035057,0.0175063062666191,0.5549581183327569,0.13372654053899977,0.0033446505355338254,0.0001285146896003021,0.7265
3,155,periodic,direct,11,0.24062159657478333,0.6430404186248779,0.455454558134079,0.2295446495215098,0.022185084513492055,0.016795722043348685,0.5604618059264289,0.13294193148612976,0.0030427517679830394,0.00010870699770748615,0.729
3,156,periodic,direct,11,0.24062159657478333,0.6430404186248779,0.455454558134079,0.26021336846881443,0.02330880757007334,0.04558322951197624,0.5688106483883328,0.1320847123861313,0.004543847068109446,0.00016727339890268113,0.729
3,157,periodic,direct,11,0.24062159657478333,0.6430404186248779,0.455454558134079,0.2560654282569885,0.024120846763253212,0.03339573120077451,0.5848148266474406,0.13685610559251574,0.00620984865559472,0.00021266902331262827,0.723
3,158,periodic,direct,11,0.24062159657478333,0.6430404186248779,0.455454558134079,0.24818233317799038,0.022728259157803323,0.03025392008324464,0.5800958143340217,0.13408767183621725,0.006009727509485351,0.00019606530097209744,0.7235
3,159,periodic,direct,11,0.24062159657478333,0.6430404186248779,0.455454558134079,0.24569796522458395,0.02271555529700385,0.02901765579978625,0.5706186360783048,0.1337109390232298,0.00617919619091683,0.0002047056914307177,0.7245
3,160,periodic,direct,11,0.24062159657478333,0.6430404186248779,0.455454558134079,0.2423053483168284,0.021991428194774523,0.026846339719163045,0.5726449555820889,0.13313772777716318,0.005939374315655894,0.00019133709914361438,0.7235
3,161,periodic,direct,12,0.23688533902168274,0.6321466565132141,0.45726367831230164,0.2459719197617637,0.022530311511622533,0.02960347632567088,0.5681471824645996,0.13401934835645887,0.005813235882669687,0.0001948995890820192,0.724
3,162,periodic,direct,12,0.23688533902168274,0.6321466565132141,0.45726367831230164,0.2572446432378557,0.022461360941330593,0.042821160414152674,0.569640232457055,0.1316993451780743,0.006390904697279136,0.000206606676025937,0.722
3,163,periodic,direct,12,0.23688533902168274,0.6321466565132141,0.45726367831230164,0.2652684036228392,0.02297051954600546,0.048069349179665245,0.5781448417239718,0.1314037409093645,0.009721933139695061,0.00029868205698827904,0.7255
3,164,periodic,direct,12,0.23688533902168274,0.6321466565132141,0.45726367831230164,0.26357167959213257,0.023368138819932938,0.04219079472952419,0.582332021660275,0.13478257755438486,0.009675522438353963,0.00031840294832363725,0.723
3,165,periodic,direct,12,0.23688533902168274,0.6321466565132141,0.45726367831230164,0.2572454230652915,0.02313230952454938,0.036913875283466444,0.5825727979342142,0.13413840366734398,0.00931768874741263,0.00028941450485338766,0.722
3,166,periodic,direct,12,0.23688533902168274,0.6321466565132141,0.45726367831230164,0.23955664038658142,0.02050147598816289,0.025709597600830927,0.570519937409295,0.13192580805884468,0.008473831435872449,0.00026169457446990744,0.727
3,167,periodic,direct,12,0.23688533902168274,0.6321466565132141,0.45726367831230164,0.2350965936978658,0.021573591356476147,0.020478036668565538,0.5520581801732382,0.13397079540623558,0.007501215777463383,0.0002354941938796805,0.7325
3,168,periodic,direct,12,0.23688533902168274,0.6321466565132141,0.45726367831230164,0.22799900670846304,0.02120973335372077,0.017184447290168867,0.5473527908325195,0.1319213393661711,0.005706061402128803,0.00019035130066590177,0.7305
3,169,periodic,direct,12,0.23688533902168274,0.6321466565132141,0.45726367831230164,0.22975389824973214,0.021648646228843264,0.017559780221846368,0.539809438917372,0.13425037099255455,0.0044711921364068985,0.00015712360618636012,0.728
3,170,periodic,direct,12,0.23688533902168274,0.6321466565132141,0.45726367831230164,0.22754618691073525,0.020916303619742393,0.017753389043112595,0.5443113247553507,0.1324324839644962,0.003877168366064628,0.00014859019494098093,0.729
3,171,periodic,direct,12,0.23688533902168274,0.6321466565132141,0.45726367831230164,0.22930332852734459,0.021419389380349055,0.017081978730857372,0.5486449400583903,0.134094700217247,0.003546050102967355,0.0001394848416869839,0.728
3,172,periodic,direct,12,0.23688533902168274,0.6321466565132141,0.45726367831230164,0.22963577012221018,0.021161025596989527,0.01851607672870159,0.546829985247718,0.13338800271352133,0.0036452030504329335,0.00013012856167430678,0.724
3,173,periodic,direct,12,0.23688533902168274,0.6321466565132141,0.45726367831230164,0.23009121914704642,0.021615537504355114,0.019128265790641308,0.5470937755372789,0.1328500376807319,0.003451470984145999,0.00012452779467114143,0.7275
3,174,periodic,direct,12,0.23688533902168274,0.6321466565132141,0.45726367831230164,0.23142080008983612,0.020835148377550974,0.020045516184634633,0.5421870483292474,0.13446967800458273,0.0035731347484721076,0.00013036495592031215,0.728
3,175,periodic,direct,12,0.23688533902168274,0.6321466565132141,0.45726367831230164,0.23420940505133736,0.021528746725784406,0.02206724716557397,0.5430086851119995,0.13423776461018455,0.0040075047096858425,0.00014205849988179075,0.7285
3,176,periodic,direct,12,0.23688533902168274,0.6321466565132141,0.45726367831230164,0.24011133114496866,0.021430477499961853,0.028506739685932796,0.5485112733311124,0.13280661569701302,0.004839522608866294,0.0001932117997461723,0.7315
3,177,periodic,direct,12,0.23688533902168274,0.6321466565132141,0.45726367831230164,0.24402244057920244,0.021868530039985973,0.02796353151400884,0.5519097910987006,0.13614009817441305,0.005501118074688647,0.0002174838640106221,0.7225
3,178,periodic,direct,12,0.23688533902168274,0.6321466565132141,0.45726367831230164,0.23962914943695068,0.02112072395781676,0.026923253511389095,0.5489111344019572,0.13365160756640965,0.005878586063368453,0.00020629911321318813,0.73
3,179,periodic,direct,12,0.23688533902168274,0.6321466565132141,0.45726367831230164,0.2374652706914478,0.02154139719075627,0.027962437727385096,0.5372589296764798,0.13103272517522177,0.006162173942559295,0.00024345268805821738,0.727
3,180,periodic,direct,12,0.23688533902168274,0.6321466565132141,0.45726367831230164,0.2331110636393229,0.020260119603739843,0.024292246335082583,0.5493956870502896,0.13067318167951372,0.005675057828840282,0.00021683275311564407,0.7305
3,181,periodic,direct,12,0.23688533902168274,0.6321466565132141,0.45726367831230164,0.2319342295328776,0.021153771835896704,0.021465872103969257,0.5382058024406433,0.13300080762969124,0.0048101044570406275,0.0001762998872436583,0.73
3,182,periodic,direct,12,0.23688533902168274,0.6321466565132141,0.45726367831230164,0.22874488764339024,0.02090785838663578,0.02009006610347165,0.5336992078357272,0.13210544321272108,0.004383437645932038,0.00015976950008836057,0.7305
3,183,periodic,direct,12,0.23688533902168274,0.6321466565132141,0.45726367831230164,0.22628778715928397,0.02046368271112442,0.01911813196622663,0.5276857018470764,0.13178879188166726,0.004151703272428777,0.00014551268476578925,0.7295
3,184,periodic,direct,12,0.23688533902168274,0.6321466565132141,0.45726367831230164,0.2256508751047982,0.020367184032996494,0.018682757082084816,0.5356534057193332,0.13116123113367292,0.003622549172076914,0.00012617198646896414,0.736
3,185,periodic,direct,12,0.23688533902168274,0.6321466565132141,0.45726367831230164,0.22365378340085348,0.0198660163829724,0.01771264626748032,0.5302877823511759,0.1312794635693232,0.0034108591369456714,0.00012289894382572838,0.7235
3,186,periodic,direct,12,0.23688533902168274,0.6321466565132141,0.45726367831230164,0.2251596318350898,0.02029993674821324,0.01882465908096896,0.5315915081236098,0.1312069429291619,0.0032130842252324023,0.0001247942952128748,0.732
3,187,periodic,direct,12,0.23688533902168274,0.6321466565132141,0.45726367831230164,0.22564008831977844,0.0209891599499517,0.018256271154516272,0.522940973440806,0.1324229290088018,0.0032395210065361527,0.00011574077264716227,0.7275
3,188,periodic,direct,12,0.23688533902168274,0.6321466565132141,0.45726367831230164,0.23089461856418186,0.020371304204066593,0.023840888506836362,0.5292931695779165,0.1320191803905699,0.0033512254659500387,0.00011663235232440961,0.7275
3,189,periodic,direct,12,0.23688533902168274,0.6321466565132141,0.45726367831230164,0.22888551321294573,0.020349711800614994,0.022976287847591773,0.5282708340220981,0.130912431412273,0.0035189974846111405,0.00012100132880732417,0.731
3,190,periodic,direct,12,0.23688533902168274,0.6321466565132141,0.45726367831230164,0.22981135878298017,0.020658420398831367,0.02293497696518898,0.530067695511712,0.13110783365037706,0.004069106963773568,0.00013760102835173407,0.733
3,191,periodic,direct,12,0.23688533902168274,0.6321466565132141,0.45726367831230164,0.23040795822938284,0.020868467994862132,0.020207086784972086,0.5276253289646573,0.13465778695212471,0.0036906690026323,0.0001335006090812385,0.734
3,192,periodic,direct,12,0.23688533902168274,0.6321466565132141,0.45726367831230164,0.2300625460015403,0.019994034949276183,0.023264439155658085,0.5309675269656711,0.13167494204309252,0.003912230720743537,0.00015251987820698155,0.732
3,193,periodic,direct,12,0.23688533902168274,0.6321466565132141,0.45726367831230164,0.23196067412694296,0.02013340861433082,0.02180327143934038,0.5361713568369547,0.13391239196062088,0.004772492063542207,0.00021643830566770502,0.7285
3,194,periodic,direct,12,0.23688533902168274,0.6321466565132141,0.45726367831230164,0.2236554672320684,0.020073942840099335,0.01660086286978589,0.5304335951805115,0.13163970907529196,0.0044047485830055345,0.00019044015789404511,0.731
3,195,periodic,direct,12,0.23688533902168274,0.6321466565132141,0.45726367831230164,0.22165980769528282,0.019892105211814243,0.01475938233650393,0.5202424923578898,0.1328510840733846,0.0040903165677769315,0.00017565156384888623,0.726
3,196,periodic,direct,12,0.23688533902168274,0.6321466565132141,0.45726367831230164,0.22042371167076957,0.01985624184211095,0.016077109405563936,0.5166923999786377,0.13021959364414215,0.004974052620430787,0.00022899849055748846,0.7325
3,197,periodic,direct,12,0.23688533902168274,0.6321466565132141,0.45726367831230164,0.22169553405708736,0.019943672749731276,0.014766994139386548,0.5213558144039578,0.13249839345614114,0.004503913172003295,0.00019786609078033103,0.731
3,198,periodic,direct,12,0.23688533902168274,0.6321466565132141,0.45726367831230164,0.22112015386422476,0.020175711976157293,0.014329332754843764,0.5223307742012872,0.13208797574043274,0.004382773535326123,0.00020533165661618114,0.729
3,199,periodic,direct,12,0.23688533902168274,0.6321466565132141,0.45726367831230164,0.22111882103814018,0.01994280455013116,0.015657379395431943,0.5171455873383416,0.1316650989982817,0.004101564512691564,0.00017639089815525545,0.732
3,200,periodic,direct,12,0.23688533902168274,0.6321466565132141,0.45726367831230164,0.22072400649388632,0.020353771539198026,0.015293307498925261,0.5162091685665978,0.13160215980476803,0.003548083801029457,0.00015961840593566498,0.727
4,1,periodic,direct,12,0.23688533902168274,0.6321466565132141,0.4658109247684479,2.44334614276886,1.1172889471054077,0.7442444169713175,3.0521309905582004,0.16053152249919045,0.22253500918547311,0.009601104176706739,0.5768
4,2,periodic,direct,12,0.23688533902168274,0.6321466565132141,0.4658109247684479,1.6477111313078139,0.9219849308331808,0.22953146696090698,2.922795189751519,0.15744000011020237,0.08903695229027006,0.003913526837196615,0.5884
4,3,periodic,direct,12,0.23688533902168274,0.6321466565132141,0.4658109247684479,1.3052196635140314,0.7495408587985568,0.11379608925845888,2.670436965094672,0.1543335517247518,0.0391501531832748,0.0018607227571515574,0.5972
4,4,periodic,direct,12,0.23688533902168274,0.6321466565132141,0.4658109247684479,1.0906364917755127,0.6072820888625251,0.07405442578925027,2.5064904424879284,0.14889666769239637,0.0186635906704598,0.0008450320650202533,0.594
4,5,periodic,direct,12,0.23688533902168274,0.6321466565132141,0.4658109247684479,0.9539875586827596,0.5063811110125648,0.055788594815466136,2.366035223007202,0.15016117691993713,0.009608480406718122,0.0004977830232948893,0.5984
4,6,periodic,direct,12,0.23688533902168274,0.6321466565132141,0.4658109247684479,0.857123335202535,0.42933720019128585,0.0470221270289686,2.300475517908732,0.14761126869254643,0.005867954136596786,0.00034237896842468117,0.6032
4,7,periodic,direct,12,0.23688533902168274,0.6321466565132141,0.4658109247684479,0.7823480301433139,0.3727862437566121,0.042452245122856565,2.224897437625461,0.142407755057017,0.004161143882407082,0.00026295669118149415,0.5988
4,8,periodic,direct,12,0.23688533902168274,0.6321466565132141,0.4658109247684479,0.7270317077636719,0.32559089528189766,0.03943339942230119,2.1739237043592663,0.14277528723080954,0.003435098436764545,0.0002444164193649259,0.6096
4,9,periodic,direct,12,0.23688533902168274,0.6321466565132141,0.4658109247684479,0.6789271632830302,0.29010993242263794,0.03567017945978376,2.111502912309435,0.14043093224366507,0.002912976468602816,0.0002187112824887865,0.6088
4,10,periodic,direct,12,0.23688533902168274,0.6321466565132141,0.4658109247684479,0.6402420600255331,0.25904207428296405,0.032440308895376,2.0480788548787436,0.1424732870525784,0.002751827472820878,0.0002052025649593108,0.6108
4,11,periodic,direct,12,0.23688533902168274,0.6321466565132141,0.4658109247684479,0.6093023618062338,0.23808651665846506,0.032372352149751454,2.004532668325636,0.13700168331464133,0.0025661333153645196,0.00021096216773407327,0.6136
4,12,periodic,direct,12,0.23688533902168274,0.6321466565132141,0.4658109247684479,0.5829446117083231,0.21758034163051182,0.03308257584770521,1.9405941168467205,0.13679766158262888,0.0026364885529296268,0.00021274015307426453,0.6192
4,13,periodic,direct,12,0.23688533902168274,0.6321466565132141,0.4658109247684479,0.5597273376252916,0.20111865467495388,0.031241901425851717,1.8904114961624146,0.1369374394416809,0.002575184606636564,0.00020122131617325876,0.6188
4,14,periodic,direct,12,0.23688533902168274,0.6321466565132141,0.4658109247684479,0.5392723745769925,0.1864444679684109,0.030719210497207113,1.8494942718082004,0.135806389980846,0.0025126520389070115,0.00019310581006316675,0.622
4,15,periodic,direct,12,0.23688533902168274,0.6321466565132141,0.4658109247684479,0.5203601155016158,0.17365783784124586,0.030320013148917094,1.8118948406643338,0.13371524380313027,0.0027665686534924638,0.00018850543872556754,0.6236
4,16,periodic,direct,12,0.23688533902168274,0.6321466565132141,0.4658109247684479,0.5017664564980401,0.15922431482209098,0.02830154924756951,1.7811543544133503,0.13468273977438608,0.002696893902288543,0.00018791549761469165,0.6296
4,17,periodic,direct,12,0.23688533902168274,0.6321466565132141,0.4658109247684479,0.48942368229230243,0.1532624231444465,0.026895736654599506,1.7336952951219347,0.134473764234119,0.0026555974036455154,0.00018886229695959223,0.6248
4,18,periodic,direct,12,0.23688533902168274,0.6321466565132141,0.4658109247684479,0.4752684070004357,0.14342199597093794,0.027628763682312436,1.694800443119473,0.13332017262776694,0.0026555273216217756,0.0001793343043472204,0.6296
4,19,periodic,direct,12,0.23688533902168274,0.6321466565132141,0.4658109247684479,0.4593791663646698,0.13288140959209865,0.027119918829864927,1.6758472522099812,0.13036952084965175,0.002665873927374681,0.00018129627116852335,0.6364
4,20,periodic,direct,12,0.23688533902168274,0.6321466565132141,0.4658109247684479,0.4487690462006463,0.1279611670308643,0.026459915563464165,1.6263915167914496,0.1302676929367913,0.0026982439319706624,0.000183978370235612,0.6384
4,21,periodic,direct,12,0.23688533902168274,0.6321466565132141,0.4658109247684479,0.4441842900382148,0.12214194320970112,0.02608621906903055,1.611016697353787,0.13337841795550454,0.0027690091325591006,0.00018305998916427294,0.6416
4,22,periodic,direct,12,0.23688533902168274,0.6321466565132141,0.4658109247684479,0.43334601322809857,0.11573789268732071,0.0262678571873241,1.5829033984078302,0.13158739606539407,0.0027517639617953035,0.0001732806364695231,0.642
4,23,periodic,direct,12,0.23688533902168274,0.6321466565132141,0.4658109247684479,0.421885437435574,0.10942445860968696,0.024822629367311794,1.5576438903808594,0.1304448594649633,0.002683070617624455,0.00017512642726716067,0.6488
4,24,periodic,direct,12,0.23688533902168274,0.6321466565132141,0.4658109247684479,0.4107030928134918,0.10415386408567429,0.025740676042106416,1.5052897665235732,0.12883814258707893,0.002714685992234283,0.00016817374853417277,0.6444
4,25,periodic,direct,12,0.23688533902168274,0.6321466565132141,0.4658109247684479,0.4105835225847032,0.09969606250524521,0.028312306023306318,1.491550366083781,0.1318755696217219,0.0029164013297607503,0.00017268885211605165,0.6464
4,26,periodic,direct,12,0.23688533902168274,0.6321466565132141,0.4658109247684479,0.4017438160048591,0.09435653355386522,0.029755111783742905,1.465247909228007,0.12950609624385834,0.003027999359700415,0.00017455258380828632,0.6516
4,27,periodic,direct,12,0.23688533902168274,0.6321466565132141,0.4658109247684479,0.39388127459420097,0.0916177738043997,0.029637865722179413,1.439222150378757,0.12702793545193142,0.0031800461001694202,0.00017092695149282613,0.6496
4,28,periodic,direct,12,0.23688533902168274,0.6321466565132141,0.4658109247684479,0.3837287558449639,0.08655847029553519,0.027694827359583642,1.398720728026496,0.1278598060210546,0.003309062940792905,0.00017810077406466007,0.6528
4,29,periodic,direct,12,0.23688533902168274,0.6321466565132141,0.4658109247684479,0.3788231909275055,0.08398140966892242,0.025920960845218763,1.3914876381556194,0.12793513470225865,0.003502351464703679,0.0001714731721828381,0.65
4,30,periodic,direct,12,0.23688533902168274,0.6321466565132141,0.4658109247684479,0.37969926993052167,0.08169823636611302,0.028073744434449408,1.3727596600850422,0.13063546352916294,0.0038429618450916475,0.0001887507840163178,0.6552
4,31,periodic,direct,12,0.23688533902168274,0.6321466565132141,0.4658109247684479,0.3720293276839786,0.07863756434784995,0.028467036162813503,1.3232601483662922,0.1306407070822186,0.0037331799717826974,0.00018282021887393462,0.6548
4,32,periodic,direct,12,0.23688533902168274,0.6321466565132141,0.4658109247684479,0.366230093770557,0.07565969394312964,0.02862805190185706,1.316300670305888,0.12839466995663112,0.0036577665402243533,0.0001774566868940989,0.6512
4,33,periodic,direct,12,0.23688533902168274,0.6321466565132141,0.4658109247684479,0.36163852281040615,0.07263867225911882,0.027767315713895693,1.2948332230250041,0.129833632045322,0.0036357285506609413,0.00019543655475394594,0.654
4,34,periodic,direct,12,0.23688533902168274,0.6321466565132141,0.4658109247684479,0.36179398165808785,0.07191498908731672,0.03156387288537291,1.2776186996036105,0.128778252336714,0.003380338997683591,0.00016966253881239228,0.6536
4,35,periodic,direct,12,0.23688533902168274,0.6321466565132141,0.4658109247684479,0.35452648335032994,0.06833324167463514,0.031686067995097905,1.2592840327156916,0.1267552889055676,0.003472168283123109,0.00017477934792016944,0.6564
4,36,periodic,direct,12,0.23688533902168274,0.6321466565132141,0.4658109247684479,0.35187265939182705,0.06795986576212777,0.028475945194562275,1.2336431741714478,0.13019792321655485,0.003574922008232938,0.00017428663947309056,0.6608
4,37,periodic,direct,12,0.23688533902168274,0.6321466565132141,0.4658109247684479,0.34866489635573494,0.06463736088739501,0.029999246406886313,1.22525778081682,0.12930501335197025,0.004205559251002139,0.00018946411243329445,0.6556
4,38,periodic,direct,12,0.23688533902168274,0.6321466565132141,0.4658109247684479,0.3462947408358256,0.06359064330657323,0.031607598066329956,1.2066111167271931,0.12819790674580467,0.0042936396267679,0.00018133080771399869,0.6612
4,39,periodic,direct,12,0.23688533902168274,0.6321466565132141,0.4658109247684479,0.34155864848030937,0.060456909239292145,0.03284156695008278,1.1778823269738092,0.12814334531625113,0.004472128581255674,0.00018503480047608414,0.6588
4,40,periodic,direct,12,0.23688533902168274,0.6321466565132141,0.4658109247684479,0.3387138115035163,0.058888864186075,0.02957870852616098,1.1674750910864935,0.13115045924981436,0.0045227242323259515,0.000173803988016314,0.6664
4,41,periodic,direct,13,0.16049465537071228,0.6354228854179382,0.43939733505249023,0.38446325063705444,0.06540609233909184,0.0728912287288242,1.1698099374771118,0.12613498916228613,0.005855977483507659,0.00024390201239536205,0.6628
4,42,periodic,direct,13,0.16049465537071228,0.6354228854179382,0.43939733505249023,0.3552505109045241,0.06106596357292599,0.04792899679806498,1.1626286506652832,0.12671099272039202,0.006301083291570346,0.00026229039455453557,0.6636
4,43,periodic,direct,13,0.16049465537071228,0.6354228854179382,0.43939733505249023,0.3465700017081367,0.058661424865325294,0.04382588590184847,1.1278969181908503,0.12850434250301784,0.005342615250911977,0.00023468269500881433,0.6668
4,44,periodic,direct,13,0.16049465537071228,0.6354228854179382,0.43939733505249023,0.3341808617115021,0.05701908634768592,0.03781367383069462,1.105217072698805,0.12624859892659718,0.004960023125426637,0.00019557050351674357,0.67
4,45,periodic,direct,13,0.16049465537071228,0.6354228854179382,0.43939733505249023,0.32842663261625504,0.055162515905168324,0.03111292256249322,1.0923149983088176,0.1304373625251982,0.004777174701707231,0.00018750403412721225,0.6672
4,46,periodic,direct,13,0.16049465537071228,0.6354228854179382,0.43939733505249023,0.3153277205096351,0.05160163011815813,0.028687622398138046,1.0771723720762465,0.1251891487174564,0.0040862475159681505,0.00017790240235626698,0.6684
4,47,periodic,direct,13,0.16049465537071228,0.6354228854179382,0.43939733505249023,0.3134665588537852,0.050007796535889305,0.02495578324629201,1.0651358763376872,0.13006763325797188,0.003688701273252567,0.00015481139740182293,0.6704
4,48,periodic,direct,13,0.16049465537071228,0.6354228854179382,0.43939733505249023,0.30916983220312333,0.05019062012434006,0.0240900373707215,1.053685122066074,0.127625349495146,0.003630679255972306,0.00015994360566967062,0.6728
4,49,periodic,direct,13,0.16049465537071228,0.6354228854179382,0.43939733505249023,0.3048182659678989,0.049366013457377754,0.023377016186714172,1.0358998444345262,0.12655003699991438,0.003705690356178416,0.0001647300410291387,0.6716
4,50,periodic,direct,13,0.16049465537071228,0.6354228854179382,0.43939733505249023,0.3009153935644362,0.04715798836615351,0.022613871842622757,1.0165955887900457,0.12754947940508524,0.003709792651029097,0.0001591897323831088,0.6756
4,51,periodic,direct,13,0.16049465537071228,0.6354228854179382,0.43939733505249023,0.3012578884760539,0.047672700964742236,0.02173137582010693,1.0092067387368944,0.1293506903780831,0.0030260372699962724,0.00013885648351990513,0.6732
4,52,periodic,direct,13,0.16049465537071228,0.6354228854179382,0.43939733505249023,0.2942036721441481,0.04563244804739952,0.019973608147766855,0.995918850104014,0.12740877187914318,0.0030548831240998376,0.00013903115824278857,0.6784
4,53,periodic,direct,13,0.16049465537071228,0.6354228854179382,0.43939733505249023,0.29152047634124756,0.04417194633020295,0.019099569362070825,0.9832896855142381,0.12842047793997657,0.0028677957339419257,0.00013124287619979845,0.678
4,54,periodic,direct,13,0.16049465537071228,0.6354228854179382,0.43939733505249023,0.2907294962141249,0.04417384912570318,0.01886762513054742,0.9740827944543626,0.128880446155866,0.0026771756820380688,0.00012142253884424765,0.68
4,55,periodic,direct,13,0.16049465537071228,0.6354228854179382,0.43939733505249023,0.2868966890705956,0.0433379825618532,0.018963670771982934,0.963816589779324,0.12682724992434183,0.0026352874055090877,0.00013696296244031854,0.6764
4,56,periodic,direct,13,0.16049465537071228,0.6354228854179382,0.43939733505249023,0.2883131305376689,0.04290434221426646,0.018406601829661265,0.9545448621114095,0.13019815335671106,0.002574882237240672,0.00012420632022743425,0.678
4,57,periodic,direct,13,0.16049465537071228,0.6354228854179382,0.43939733505249023,0.28203245004018146,0.04190811183717516,0.018933215282029577,0.93443230787913,0.12647699813048044,0.002420491590682003,0.00012128240066683955,0.6776
4,58,periodic,direct,13,0.16049465537071228,0.6354228854179382,0.43939733505249023,0.28358737627665204,0.04138888211713897,0.019272388683425054,0.9416782591078017,0.1274800416496065,0.002445253828126523,0.00011122114827028579,0.6776
4,59,periodic,direct,13,0.16049465537071228,0.6354228854179382,0.43939733505249023,0.2836470107237498,0.04111019604735904,0.022905611122647922,0.9150624473889669,0.12684532089365852,0.0024456236149287885,0.0001136765802382595,0.6808
4,60,periodic,direct,13,0.16049465537071228,0.6354228854179382,0.43939733505249023,0.28186435831917656,0.0406997659140163,0.02087452428208457,0.9078593320316739,0.12811646693282658,0.002649970870051119,0.00012534695108317665,0.6744
4,61,periodic,direct,13,0.16049465537071228,0.6354228854179382,0.43939733505249023,0.2804589503341251,0.0399099157916175,0.0208808992885881,0.906689465045929,0.12753360470136008,0.0028059797413233253,0.00012518624619891247,0.68
4,62,periodic,direct,13,0.16049465537071228,0.6354228854179382,0.43939733505249023,0.28280961513519287,0.03923626244068146,0.022243362334039476,0.8984787927733527,0.12984545032183328,0.0031381361186504364,0.0001351792921519114,0.6816
4,63,periodic,direct,13,0.16049465537071228,0.6354228854179382,0.43939733505249023,0.28276174929406905,0.03927710776527723,0.026500220720966656,0.8844794299867418,0.1266713183787134,0.003579067195662194,0.00015126342057353922,0.6816
4,64,periodic,direct,13,0.16049465537071228,0.6354228854179382,0.43939733505249023,0.2880554397900899,0.03848227775759167,0.030624113356073696,0.8837391071849399,0.12857253270016777,0.0038560316380527285,0.00014917829927677909,0.6828
4,65,periodic,direct,13,0.16049465537071228,0.6354228854179382,0.43939733505249023,0.28441186083687675,0.03783622466855579,0.03264005440804693,0.86178234550688,0.12556348658270305,0.004234288793264164,0.00015343574341386557,0.6812
4,66,periodic,direct,13,0.16049465537071228,0.6354228854179382,0.43939733505249023,0.2782154513729943,0.03744857509930929,0.02777493331167433,0.8547149035665724,0.1251794397830963,0.004529168053219716,0.000152852321561012,0.6792
4,67,periodic,direct,13,0.16049465537071228,0.6354228854179382,0.43939733505249023,0.2831625011232164,0.03786558368139797,0.030142146059208445,0.8521570629543729,0.12760117484463585,0.004511877635700835,0.00016389659787010815,0.6884
4,68,periodic,direct,13,0.16049465537071228,0.6354228854179382,0.43939733505249023,0.2826572557290395,0.037581611424684525,0.032658294257190496,0.8484019504653083,0.12503607074419656,0.00491323782544997,0.00016892601787630055,0.6884
4,69,periodic,direct,13,0.16049465537071228,0.6354228854179382,0.43939733505249023,0.2911148534880744,0.03717491072085169,0.03945842509468397,0.8381888336605496,0.1279902251230346,0.00516954462768303,0.00017526921712689928,0.6872
4,70,periodic,direct,13,0.16049465537071228,0.6354228854179382,0.43939733505249023,0.28852008779843646,0.03612227944864167,0.035304862591955394,0.8425324294302199,0.12983038855923545,0.005824233457032178,0.00019439659728151228,0.6808
4,71,periodic,direct,13,0.16049465537071228,0.6354228854179382,0.43939733505249023,0.27978239125675625,0.03596186430917846,0.029072009027004242,0.830052998330858,0.1284550064139896,0.00634988226617376,0.00022655641401393546,0.6852
4,72,periodic,direct,13,0.16049465537071228,0.6354228854179382,0.43939733505249023,0.2757642865180969,0.03490327215856976,0.02523303570018874,0.8160282240973579,0.13115561836295658,0.005560893203235335,0.0001781904462000562,0.6836
4,73,periodic,direct,13,0.16049465537071228,0.6354228854179382,0.43939733505249023,0.26379498839378357,0.03474772059255176,0.021654002989331882,0.8020229604509141,0.12472596185074912,0.004766548466351297,0.0001634648005064163,0.684
4,74,periodic,direct,13,0.16049465537071228,0.6354228854179382,0.43939733505249023,0.2691746585898929,0.03471915775703059,0.02588483960264259,0.8023035923639933,0.12604510370228025,0.004431704059243202,0.00015869328571069572,0.6808
4,75,periodic,direct,13,0.16049465537071228,0.6354228854179382,0.43939733505249023,0.27439653211169773,0.034487347222036786,0.028620009620984394,0.7972327139642503,0.1292006547252337,0.004565452898128165,0.00016504996326855488,0.6872
4,76,periodic,direct,13,0.16049465537071228,0.6354228854179382,0.43939733505249023,0.2697729468345642,0.03465978097584513,0.023913166175285976,0.7988644772105746,0.1290682637029224,0.004335806575707263,0.00015475578321557905,0.6816
4,77,periodic,direct,13,0.16049465537071228,0.6354228854179382,0.43939733505249023,0.263208978705936,0.03335366025567055,0.021000697794887755,0.7813929120699564,0.12866724034150442,0.003946970837811629,0.00014920427282858227,0.6856
4,78,periodic,direct,13,0.16049465537071228,0.6354228854179382,0.43939733505249023,0.2604163454638587,0.032633198218213186,0.021093221588267222,0.7812772062089708,0.12655942307578194,0.003865711209881637,0.00013984330386544266,0.686
4,79,periodic,direct,13,0.16049465537071228,0.6354228854179382,0.43939733505249023,0.2573254158099492,0.03278216305706236,0.019988795535431966,0.7635442415873209,0.12626795801851484,0.0037305505118436283,0.00013360504655995302,0.6864
4,80,periodic,direct,13,0.16049465537071228,0.6354228854179382,0.43939733505249023,0.2553158981932534,0.0325569413188431,0.019717083416051336,0.763195256392161,0.1249981058968438,0.0033206000096268123,0.0001278841324771444,0.6872
4,81,periodic,direct,14,0.17776860296726227,0.6362918019294739,0.43469855189323425,0.2597088979350196,0.032831248516837754,0.02161576371226046,0.7612085541089376,0.12747089813152948,0.0032137155843277774,0.00012654829252925183,0.6884
4,82,periodic,direct,14,0.17776860296726227,0.6362918019294739,0.43469855189323425,0.25824498136838275,0.031898860509196915,0.019575309422281053,0.7547249529096816,0.12970539761914146,0.003058982935423652,0.00012683967361226678,0.686
4,83,periodic,direct,14,0.17776860296726227,0.6362918019294739,0.43469855189323425,0.25847726398044163,0.03259192986620797,0.019123177975416183,0.7617141935560439,0.12909205423461068,0.0028861751003811755,0.00011118030589487817,0.686
4,84,periodic,direct,14,0.17776860296726227,0.6362918019294739,0.43469855189323425,0.2569354838795132,0.03251910747753249,0.02073398729165395,0.7442693114280701,0.12786371674802569,0.002676713978871703,0.00010675615501693553,0.6872
4,85,periodic,direct,14,0.17776860296726227,0.6362918019294739,0.43469855189323425,0.25781705644395614,0.032176729291677475,0.02140453292263879,0.7401981221305,0.12862713800536263,0.0030668640457507637,0.0001108335499237809,0.6896
4,86,periodic,direct,14,0.17776860296726227,0.6362918019294739,0.43469855189323425,0.2520151784022649,0.031419321480724544,0.01978723208109538,0.7329975167910258,0.12594369798898697,0.003020163444388244,0.00011018661704535286,0.6852
4,87,periodic,direct,14,0.17776860296726227,0.6362918019294739,0.43469855189323425,0.2540833652019501,0.03124740595618884,0.019624960091378953,0.733407371573978,0.12835784256458282,0.0029169030021876097,0.00010792600611845653,0.69
4,88,periodic,direct,14,0.17776860296726227,0.6362918019294739,0.43469855189323425,0.25719817479451496,0.030379602478610143,0.020793364693721134,0.7293951114018759,0.13161919348769718,0.00282691807175676,0.00010609468315831489,0.6892
4,89,periodic,direct,14,0.17776860296726227,0.6362918019294739,0.43469855189323425,0.2538382063309352,0.030723129502601094,0.020694330541623965,0.7179862393273247,0.12895172337690988,0.003228131422979964,0.0001126613222166068,0.6908
4,90,periodic,direct,14,0.17776860296726227,0.6362918019294739,0.43469855189323425,0.2500326500998603,0.030161325716310076,0.020190369958678882,0.7223560810089111,0.12557937453190485,0.0036013717245724467,0.0001305797227865292,0.6864
4,91,periodic,direct,14,0.17776860296726227,0.6362918019294739,0.43469855189323425,0.24764241609308454,0.02965326752099726,0.019024598515695997,0.7096972333060371,0.1260763621992535,0.0036910132298039067,0.00014590607154079608,0.6892
4,92,periodic,direct,14,0.17776860296726227,0.6362918019294739,0.43469855189323425,0.2509218901395798,0.03023057969080077,0.020595993846654892,0.713845842414432,0.12670672602123684,0.0038574589675085414,0.00015055880390314592,0.6912
4,93,periodic,direct,14,0.17776860296726227,0.6362918019294739,0.43469855189323425,0.25486167271931964,0.030580227573712666,0.02164967440896564,0.7033359805742899,0.13023849659495884,0.003975300092457069,0.00014405087050464418,0.6884
4,94,periodic,direct,14,0.17776860296726227,0.6362918019294739,0.43469855189323425,0.25367228852378,0.030007870867848396,0.024161778390407562,0.6972382068634033,0.12767621709240806,0.004065531461189191,0.00013965815176359482,0.69
4,95,periodic,direct,14,0.17776860296726227,0.6362918019294739,0.43469855189323425,0.2566147463189231,0.029759775640236005,0.02585961504114999,0.7042167716556125,0.1283144967423545,0.0043729023697475595,0.00014545627507484623,0.6872
4,96,periodic,direct,14,0.17776860296726227,0.6362918019294739,0.43469855189323425,0.25096894966231453,0.028970506249202624,0.023893927741381858,0.6881522602505155,0.12685867812898424,0.004700480028986931,0.00016074381225431958,0.6856
4,97,periodic,direct,14,0.17776860296726227,0.6362918019294739,0.43469855189323425,0.2501908275816176,0.029548969119787216,0.023763154529862933,0.6905935539139642,0.12552665008438957,0.004419142483837075,0.0001662574941292405,0.6904
4,98,periodic,direct,14,0.17776860296726227,0.6362918019294739,0.43469855189323425,0.2485780202680164,0.028105381048387952,0.02276674099266529,0.692922486199273,0.12622184968656963,0.004208145714882348,0.0001754481733466188,0.6936
4,99,periodic,direct,14,0.17776860296726227,0.6362918019294739,0.43469855189323425,0.2545511739121543,0.029840279163585767,0.02412375497321288,0.6904132299953036,0.12936444166633818,0.004197222128924396,0.0001655321361290084,0.6872
4,100,periodic,direct,14,0.17776860296726227,0.6362918019294739,0.43469855189323425,0.24796691371334922,0.02875439181096024,0.02121920469734404,0.6847742862171597,0.1274156380030844,0.004045034034384621,0.0001554678051939441,0.6864
4,101,periodic,direct,14,0.17776860296726227,0.6362918019294739,0.43469855189323425,0.2489333732260598,0.028588426402873464,0.02149991359975603,0.676078650686476,0.1292216016186608,0.00388833820923335,0.00014279172238376405,0.6928
4,102,periodic,direct,14,0.17776860296726227,0.6362918019294739,0.43469855189323425,0.24818512631787193,0.029156802222132683,0.023642161033219762,0.6707465913560655,0.12636062833997938,0.00376926654846304,0.0001324843291917609,0.688
4,103,periodic,direct,14,0.17776860296726227,0.6362918019294739,0.43469855189323425,0.25275012022919124,0.02888053862584962,0.02697229033543004,0.6725678245226542,0.12738911476400164,0.004355210241758161,0.00014756766742923192,0.6908
4,104,periodic,direct,14,0.17776860296726227,0.6362918019294739,0.43469855189323425,0.2500953773657481,0.028411610051989555,0.023431189979116123,0.6700961589813232,0.1291003798445066,0.004137094132602215,0.00014806601555190154,0.6904
4,105,periodic,direct,14,0.17776860296726227,0.6362918019294739,0.43469855189323425,0.2457051823536555,0.02837028457886643,0.023551799149976835,0.6555426451894972,0.1261185391081704,0.004073083064415389,0.0001475090717172457,0.6944
4,106,periodic,direct,14,0.17776860296726227,0.6362918019294739,0.43469855189323425,0.2510037206941181,0.02842423754433791,0.023958385611573856,0.6648819380336337,0.12986752225293052,0.0043870680448081754,0.00014369670922557512,0.6912
4,107,periodic,direct,14,0.17776860296726227,0.6362918019294739,0.43469855189323425,0.2473231703042984,0.027244491088721488,0.02409940254357126,0.6502095063527426,0.1287642013695505,0.004238249630563789,0.0001499857236113813,0.6884
4,108,periodic,direct,14,0.17776860296726227,0.6362918019294739,0.43469855189323425,0.2639976392189662,0.028989596706297662,0.0356573952982823,0.6595055924521552,0.13093956063191095,0.004764096914894051,0.00015696365800168779,0.6948
4,109,periodic,direct,14,0.17776860296726227,0.6362918019294739,0.43469855189323425,0.25404924319850075,0.02859131722814507,0.03201361786988047,0.6461257404751248,0.12596394369999567,0.005547673907130957,0.0001878994775729047,0.6896
4,110,periodic,direct,14,0.17776860296726227,0.6362918019294739,0.43469855189323425,0.25311367875999874,0.027454464799828,0.028356180629796453,0.6537283857663473,0.12905585351917478,0.005545640053848426,0.0002030455830713941,0.6884
4,111,periodic,direct,14,0.17776860296726227,0.6362918019294739,0.43469855189323425,0.24879410531785753,0.027887908948792353,0.025892027964194615,0.6496894624498155,0.1273353613085217,0.0052416991545922225,0.00017801104372160303,0.6916
4,112,periodic,direct,14,0.17776860296726227,0.6362918019294739,0.43469855189323425,0.24311374293433297,0.02689585317340162,0.021575151218308344,0.6428095102310181,0.12773270325528252,0.005084683704707358,0.0001734916133702629,0.6936
4,113,periodic,direct,14,0.17776860296726227,0.6362918019294739,0.43469855189323425,0.24151386651727888,0.02749022800061438,0.020773824511302844,0.6354328393936157,0.12728437450197008,0.004682506279398997,0.0001617997574309508,0.688
4,114,periodic,direct,14,0.17776860296726227,0.6362918019294739,0.43469855189323425,0.23998714486757913,0.02675580605864525,0.02110903999871678,0.634421686331431,0.12642831438117558,0.004353522943953673,0.00015010887808683846,0.6964
4,115,periodic,direct,14,0.17776860296726227,0.6362918019294739,0.43469855189323425,0.23560534086492327,0.026777463654677074,0.019539699372318056,0.6274861031108432,0.12438244372606277,0.004157758912899428,0.0001564858765858743,0.6956
4,116,periodic,direct,14,0.17776860296726227,0.6362918019294739,0.43469855189323425,0.24111608333057827,0.02696059499349859,0.019645432010293007,0.6304816007614136,0.1290986148847474,0.004547238712095552,0.0001793215051293373,0.69
4,117,periodic,direct,14,0.17776860296726227,0.6362918019294739,0.43469855189323425,0.2380721734629737,0.02682852993408839,0.01887161698606279,0.6279867953724332,0.1272408597999149,0.0044789052982297205,0.00018606210101602806,0.6932
4,118,periodic,direct,14,0.17776860296726227,0.6362918019294739,0.43469855189323425,0.2415559920999739,0.026139206977354154,0.02228397037833929,0.6264545520146688,0.12826028714577356,0.004276673464725415,0.00017746788863506581,0.6936
4,119,periodic,direct,14,0.17776860296726227,0.6362918019294739,0.43469855189323425,0.24457385804918078,0.026730467254916828,0.025643952811757725,0.6261404024230109,0.1268678175078498,0.005226061575942569,0.00020909193618636992,0.6892
4,120,periodic,direct,14,0.17776860296726227,0.6362918019294739,0.43469855189323425,0.2463777313629786,0.026624788840611775,0.027728922044237454,0.6237544814745585,0.12699046813779408,0.005132607960452636,0.00018360018212762143,0.6932
4,121,periodic,direct,15,0.1944471299648285,0.6335985660552979,0.43292608857154846,0.24782408442762163,0.026377467438578606,0.027883741797672376,0.6243553890122308,0.128075467215644,0.005923328921198845,0.00018041637182856599,0.698
4,122,periodic,direct,15,0.1944471299648285,0.6335985660552979,0.43292608857154846,0.24633312390910256,0.02603567039801015,0.028113980260160234,0.6251338455412123,0.1266168024804857,0.0059260935005214475,0.00018048575536037484,0.6968
4,123,periodic,direct,15,0.1944471299648285,0.6335985660552979,0.43292608857154846,0.24708855317698586,0.025997323708401784,0.02970221990512477,0.6271811392572191,0.12549051725202137,0.006166674507160981,0.00019407128759970269,0.6928
4,124,periodic,direct,15,0.1944471299648285,0.6335985660552979,0.43292608857154846,0.2473896261718538,0.0259687387280994,0.02854222845700052,0.6209954818089803,0.1273623522784975,0.006631830138050848,0.00020168924109182425,0.6924
4,125,periodic,direct,15,0.1944471299648285,0.6335985660552979,0.43292608857154846,0.2477602246734831,0.026251476878921192,0.025959757881032094,0.6178701652420892,0.13047601613733503,0.00636849148819844,0.00020342251648091606,0.6956
4,126,periodic,direct,15,0.1944471299648285,0.6335985660552979,0.43292608857154846,0.23659222655826145,0.025929075355331104,0.019824787146515317,0.616083045800527,0.12607902454005349,0.006097290768391556,0.00020477704755547974,0.6956
4,127,periodic,direct,15,0.1944471299648285,0.6335985660552979,0.43292608857154846,0.23633510371049246,0.026128565478656027,0.019583740995989904,0.6081751187642416,0.127199187874794,0.005052479242699014,0.00015971869126790098,0.6928
4,128,periodic,direct,15,0.1944471299648285,0.6335985660552979,0.43292608857154846,0.23789717753728232,0.02446416744755374,0.02094331445793311,0.6165669427977668,0.12833728310134676,0.004820425218592088,0.0001710129371430311,0.6948
4,129,periodic,direct,15,0.1944471299648285,0.6335985660552979,0.43292608857154846,0.23875833219952053,0.025249207185374364,0.023290614907940228,0.6032931076155769,0.12732882880502278,0.004949212746901644,0.0001715230432132052,0.6936
4,130,periodic,direct,15,0.1944471299648285,0.6335985660552979,0.43292608857154846,0.2432146834002601,0.025037048798468377,0.022147885627216764,0.6052228278583951,0.13287632001770866,0.005094163740674655,0.00016812819133823118,0.6968
4,131,periodic,direct,15,0.1944471299648285,0.6335985660552979,0.43292608857154846,0.23622074060969883,0.025304081125391856,0.02138429093692038,0.5966015259424845,0.12740129149622387,0.00477869115355942,0.0001631552715682321,0.6968
4,132,periodic,direct,15,0.1944471299648285,0.6335985660552979,0.43292608857154846,0.23680093553331164,0.02526942268013954,0.022371634013122983,0.5938537319501241,0.12740890516175163,0.004571309364918206,0.00015987974539813068,0.6936
4,133,periodic,direct,15,0.1944471299648285,0.6335985660552979,0.43292608857154846,0.23230761951870388,0.025083509998189077,0.01993795670568943,0.6004575358496772,0.12509746104478836,0.004133977797917194,0.0001519035366881225,0.6928
4,134,periodic,direct,15,0.1944471299648285,0.6335985660552979,0.43292608857154846,0.2380853295326233,0.024863489386108186,0.020085484203365114,0.5986677209536234,0.13113410108619267,0.004124203955547677,0.00014676207340218953,0.6944
4,135,periodic,direct,15,0.1944471299648285,0.6335985660552979,0.43292608857154846,0.23532456821865505,0.02504473841852612,0.021041559469368722,0.5950583153300815,0.12743660062551498,0.004441567567280597,0.0001501123576114575,0.694
4,136,periodic,direct,15,0.1944471299648285,0.6335985660552979,0.43292608857154846,0.23318619198269314,0.02430634159180853,0.019177964991993375,0.5903207328584459,0.12835021896494758,0.004493694493754042,0.00014548751965372099,0.6956
4,137,periodic,direct,15,0.1944471299648285,0.6335985660552979,0.43292608857154846,0.22977983786000145,0.024696759051746793,0.018311088490817282,0.5802882777320014,0.12675671610567305,0.0038453825076835025,0.0001275156003733476,0.694
4,138,periodic,direct,15,0.1944471299648285,0.6335985660552979,0.43292608857154846,0.2294149465031094,0.023597121859590214,0.017942296548022166,0.5880743596288893,0.1273168068793085,0.0033885788224223587,0.00011399478858543767,0.6944
4,139,periodic,direct,15,0.1944471299648285,0.6335985660552979,0.43292608857154846,0.22754187881946564,0.024191154374016657,0.01854442846443918,0.5769406623310513,0.12534846944941413,0.003409760564358698,0.0001177580820189582,0.6928
4,140,periodic,direct,15,0.1944471299648285,0.6335985660552979,0.43292608857154846,0.23579533894856772,0.024346959466735523,0.01977133026553525,0.5901181432935927,0.13049309949080148,0.0041921990147481365,0.00015206637585328685,0.6968
4,141,periodic,direct,15,0.1944471299648285,0.6335985660552979,0.43292608857154846,0.23584415515263876,0.024616528923312824,0.023727875616815355,0.5854713320732117,0.1267425169547399,0.0042663647586272824,0.0001538402801896963,0.6956
4,142,periodic,direct,15,0.1944471299648285,0.6335985660552979,0.43292608857154846,0.24406007760100895,0.024458096052209537,0.028370098107390933,0.5841392940945096,0.13008367353015476,0.0052964469521409934,0.00017211239577995407,0.6944
4,143,periodic,direct,15,0.1944471299648285,0.6335985660552979,0.43292608857154846,0.24465813570552403,0.024540638965037134,0.03316675188640753,0.5827377703454759,0.1255047685570187,0.0061230626371171736,0.00022133346647024155,0.7012
4,144,periodic,direct,15,0.1944471299648285,0.6335985660552979,0.43292608857154846,0.24723187585671744,0.024595802028973896,0.031740625492400594,0.5835246112611558,0.12900017864174312,0.0068791817045874065,0.00020644071951715482,0.6912
4,145,periodic,direct,15,0.1944471299648285,0.6335985660552979,0.43292608857154846,0.24196126891507042,0.023994393025835354,0.02912274209989442,0.5817510883013407,0.127296538816558,0.0065449765469464995,0.0001999894803803828,0.6932
4,146,periodic,direct,15,0.1944471299648285,0.6335985660552979,0.43292608857154846,0.23881310721238455,0.024112783786323335,0.02724037029676967,0.5791878766483731,0.12602229250801933,0.006793349049985409,0.0002443978705236481,0.6936
4,147,periodic,direct,15,0.1944471299648285,0.6335985660552979,0.43292608857154846,0.2339704798327552,0.024198782526784472,0.023756078961822722,0.5744860702090793,0.1249664458963606,0.006962673997299539,0.00023845188681864075,0.6944
4,148,periodic,direct,15,0.1944471299648285,0.6335985660552979,0.43292608857154846,0.23142143421702915,0.024123217082685895,0.022148567976223096,0.5688184433513217,0.12528522478209603,0.005775195753408803,0.00018996187201183703,0.6972
4,149,periodic,direct,15,0.1944471299648285,0.6335985660552979,0.43292608857154846,0.23061029778586495,0.023247442932592496,0.01910806530051761,0.5751729872491624,0.12829749782880148,0.004718683453069793,0.00016129251000367932,0.6964
4,150,periodic,direct,15,0.1944471299648285,0.6335985660552979,0.43292608857154846,0.2262012627389696,0.02346248200370206,0.01757533248100016,0.5632460051112704,0.12677810175551307,0.003984588431194425,0.00013690207075948516,0.6984
4,151,periodic,direct,15,0.1944471299648285,0.6335985660552979,0.43292608857154846,0.22609868148962656,0.023304243054654863,0.016391396936443117,0.5700101190143161,0.12761895027425554,0.0034315362313969266,0.00013461587433185842,0.6924
4,152,periodic,direct,15,0.1944471299648285,0.6335985660552979,0.43292608857154846,0.22278165651692283,0.022526306617591117,0.016147300601005554,0.5673423873053657,0.12559462835391363,0.0034162328423311314,0.00014213010823975006,0.694
4,153,periodic,direct,15,0.1944471299648285,0.6335985660552979,0.43292608857154846,0.22461829086144766,0.02262596268620756,0.018049620712796848,0.5664910210503472,0.12561523417631784,0.0032203434707803857,0.00013639459696908793,0.696
4,154,periodic,direct,15,0.1944471299648285,0.6335985660552979,0.43292608857154846,0.22920146915647718,0.0236377724342876,0.021450735939045746,0.5579632918039957,0.1264426592323515,0.0035909169819206,0.00015702487305841513,0.6948
4,155,periodic,direct,15,0.1944471299648285,0.6335985660552979,0.43292608857154846,0.22547063065899742,0.023327393871214654,0.020786910007397335,0.5502281917466058,0.12434948649671343,0.0038258966524153948,0.0001421439810656011,0.6944
4,156,periodic,direct,15,0.1944471299648285,0.6335985660552979,0.43292608857154846,0.2290520535575019,0.02288222188750903,0.019871224752730794,0.561163604259491,0.1284480459160275,0.0033376793273621136,0.00013072367679948607,0.696
4,157,periodic,direct,15,0.1944471299648285,0.6335985660552979,0.43292608857154846,0.22811100549168056,0.02232172257370419,0.019572537806298997,0.5648291905721029,0.1280653162135018,0.0032133641911463607,0.00012365319222832719,0.6972
4,158,periodic,direct,15,0.1944471299648285,0.6335985660552979,0.43292608857154846,0.23099234369066027,0.023552729644709162,0.023260867016183004,0.5602642297744751,0.1260356447762913,0.0040680966598706115,0.00016526428387603827,0.6976
4,159,periodic,direct,15,0.1944471299648285,0.6335985660552979,0.43292608857154846,0.2365979469484753,0.02303795578579108,0.02991183391875691,0.5577756696277194,0.12494770437479019,0.005635862342185444,0.00020990071223220893,0.69
4,160,periodic,direct,15,0.1944471299648285,0.6335985660552979,0.43292608857154846,0.24914000597265032,0.023356878923045263,0.0374586989896165,0.5619805720117357,0.12737994641065598,0.009189076100786528,0.0003037707906009422,0.6996
4,161,periodic,direct,16,0.19647961854934692,0.6361801624298096,0.432767778635025,0.2460697442293167,0.02392118838098314,0.03180628952880701,0.5681267049577501,0.12771250141991508,0.011263095256355073,0.00037109739302347106,0.6908
4,162,periodic,direct,16,0.19647961854934692,0.6361801624298096,0.432767778635025,0.2361613627937105,0.023051571307910815,0.027545305382874277,0.55309173795912,0.12603477968109977,0.008141448928250207,0.00029962688374022645,0.6948
4,163,periodic,direct,16,0.19647961854934692,0.6361801624298096,0.432767778635025,0.24477152195241716,0.023728186678555276,0.03386812801990244,0.5619990958107842,0.1272353074616856,0.007204599988957246,0.0002753803403013282,0.696
4,164,periodic,direct,16,0.19647961854934692,0.6361801624298096,0.432767778635025,0.23863455487622154,0.02311710061298476,0.029644805731044874,0.5622108909818861,0.12631736116276848,0.006435206936051448,0.00023318107964264022,0.6956
4,165,periodic,direct,16,0.19647961854934692,0.6361801624298096,0.432767778635025,0.23704123993714651,0.022993658151891496,0.029141036172707874,0.5571416616439819,0.12604251007239023,0.0060842450087269144,0.0002154949793799056,0.6896
4,166,periodic,direct,16,0.19647961854934692,0.6361801624298096,0.432767778635025,0.24042468269666037,0.022649108328753047,0.03027991722855303,0.557834267616272,0.1281695779826906,0.006854228727105591,0.00023107035344259607,0.6936
4,167,periodic,direct,16,0.19647961854934692,0.6361801624298096,0.432767778635025,0.259152568048901,0.0231148066620032,0.04861401062872675,0.558121383190155,0.12718163265122306,0.008543519768863916,0.00031643246378128725,0.6968
4,168,periodic,direct,16,0.19647961854934692,0.6361801624298096,0.432767778635025,0.25888945493433213,0.023263116056720417,0.04987051669094297,0.553777449660831,0.1258949430452453,0.008661350494043695,0.0003049023345940643,0.6944
4,169,periodic,direct,16,0.19647961854934692,0.6361801624298096,0.432767778635025,0.24440631767114004,0.023060340848233964,0.03490405467649301,0.5617052912712097,0.1262973522146543,0.007665913500305679,0.0002821713763599594,0.6924
4,170,periodic,direct,16,0.19647961854934692,0.6361801624298096,0.432767778635025,0.24062110318077934,0.023471659670273464,0.030694060855441622,0.5568157235781351,0.12725749611854553,0.006783934930960338,0.00024868950196024444,0.6964
4,171,periodic,direct,16,0.19647961854934692,0.6361801624298096,0.432767778635025,0.23721296091874441,0.0224812055627505,0.026008195968137846,0.5517388449774848,0.13017085360156166,0.006528418097231124,0.00022922841728561453,0.6908
4,172,periodic,direct,16,0.19647961854934692,0.6361801624298096,0.432767778635025,0.22731505665514204,0.022297134209010337,0.020732370101743273,0.5473803679148356,0.12652648902601665,0.005838352928145064,0.0002037050111943649,0.698
4,173,periodic,direct,16,0.19647961854934692,0.6361801624298096,0.432767778635025,0.22541352775361803,0.021457986285289127,0.019417708532677755,0.5447544389300876,0.12748754190074074,0.004975626348621315,0.00017407200195723109,0.6956
4,174,periodic,direct,16,0.19647961854934692,0.6361801624298096,0.432767778635025,0.2248334007130729,0.021880760581956968,0.021458092249102063,0.5366920100318061,0.12551263140307534,0.004481910107036431,0.00014352779706112214,0.6972
4,175,periodic,direct,16,0.19647961854934692,0.6361801624298096,0.432767778635025,0.228438268105189,0.021939223839177027,0.021888330164882872,0.5404777758651309,0.1282037595907847,0.004566170223471191,0.00015217811515968706,0.6976
4,176,periodic,direct,16,0.19647961854934692,0.6361801624298096,0.432767778635025,0.22545048263337877,0.021535429275698133,0.023635221645236015,0.5361786617173089,0.12429462456040913,0.004589759899924199,0.00014492251082426973,0.6948
4,177,periodic,direct,16,0.19647961854934692,0.6361801624298096,0.432767778635025,0.22402208546797434,0.02236616735657056,0.021913361011279955,0.5323500633239746,0.12426409870386124,0.004350756398505635,0.00013614678108650778,0.6944
4,178,periodic,direct,16,0.19647961854934692,0.6361801624298096,0.432767778635025,0.22477744850847456,0.02110882827805148,0.020930756711297564,0.5347315271695455,0.12669617020421559,0.004979522226171361,0.00015756106909571422,0.6976
4,179,periodic,direct,16,0.19647961854934692,0.6361801624298096,0.432767778635025,0.22546078761418661,0.021476354656947985,0.021038447610206075,0.5341065658463372,0.12720013078716066,0.004534289085616668,0.00013610011147749092,0.6988
4,180,periodic,direct,16,0.19647961854934692,0.6361801624298096,0.432767778635025,0.22752617961830562,0.021808656967348523,0.020999012514948845,0.5388012594646878,0.12870871524016061,0.004132108271328939,0.00012722795751566687,0.6976
4,181,periodic,direct,16,0.19647961854934692,0.6361801624298096,0.432767778635025,0.23290816611713833,0.022023083435164556,0.02730325050652027,0.5431426233715482,0.12724625319242477,0.003923390086533295,0.00011923926002863381,0.696
4,182,periodic,direct,16,0.19647961854934692,0.6361801624298096,0.432767778635025,0.22834380136595833,0.02217839451299773,0.02347658036483659,0.5316389136844211,0.12743614200088713,0.004026918206363916,0.00015067119642885195,0.6968
4,183,periodic,direct,16,0.19647961854934692,0.6361801624298096,0.432767778635025,0.2273747142818239,0.021981845713324018,0.023395686720808346,0.534189886516995,0.126378219988611,0.004248609559403526,0.0001513385278586712,0.6988
4,184,periodic,direct,16,0.19647961854934692,0.6361801624298096,0.432767778635025,0.22678980065716636,0.021444295429521136,0.021342151280906465,0.5311184922854105,0.12870429704586664,0.00423553798140751,0.00013888032925832603,0.6996
4,185,periodic,direct,16,0.19647961854934692,0.6361801624298096,0.432767778635025,0.22595279581016964,0.02185512851509783,0.021491700783371925,0.5346217751502991,0.1270324769947264,0.004085803947721918,0.0001368197133868105,0.6992
4,186,periodic,direct,16,0.19647961854934692,0.6361801624298096,0.432767778635025,0.22459710637728372,0.02122883850501643,0.020897185222970113,0.5340219736099243,0.1269429417120086,0.00411755682176186,0.0001343307602736685,0.6992
4,187,periodic,direct,16,0.19647961854934692,0.6361801624298096,0.432767778635025,0.22292260660065544,0.021884141282902822,0.020176997408270836,0.5238099363115098,0.12635515381892523,0.004117248114198446,0.0001333819107256002,0.6968
4,188,periodic,direct,16,0.19647961854934692,0.6361801624298096,0.432767778635025,0.22126289539866978,0.021073284248510998,0.018277350916630693,0.5228091279665629,0.12775389601786932,0.0036388011649250984,0.0001161029019082586,0.7016
4,189,periodic,direct,16,0.19647961854934692,0.6361801624298096,0.432767778635025,0.2200655010011461,0.02086865260369248,0.017415788645545643,0.5245679550700717,0.1276181878315078,0.0033011819598161513,0.00011096893447554774,0.6996
4,190,periodic,direct,16,0.19647961854934692,0.6361801624298096,0.432767778635025,0.22001107202635872,0.020785699495010905,0.016378377253810566,0.5329774287011888,0.12780772811836666,0.0033703560216559302,0.00011269617567045821,0.7008
4,191,periodic,direct,16,0.19647961854934692,0.6361801624298096,0.432767778635025,0.2199563119146559,0.02143215677804417,0.019277130874494713,0.5255921847290463,0.1250829721490542,0.003103753551840782,0.00010590834750069512,0.7032
4,192,periodic,direct,16,0.19647961854934692,0.6361801624298096,0.432767778635025,0.22883971863322788,0.020980965966979664,0.023734606388542388,0.5318878226810031,0.1292308974597189,0.0032959215653439364,0.00011300926174347599,0.6964
4,193,periodic,direct,16,0.19647961854934692,0.6361801624298096,0.432767778635025,0.23071901003519693,0.020795557234022353,0.027303157581223383,0.5306652718120151,0.12731394502851698,0.004329907242208719,0.00014973307002542747,0.6968
4,194,periodic,direct,16,0.19647961854934692,0.6361801624298096,0.432767778635025,0.22789914740456474,0.02176644942826695,0.023926003318693902,0.527625752819909,0.12698326839341056,0.0047540380619466305,0.00016766329321803318,0.7008
4,195,periodic,direct,16,0.19647961854934692,0.6361801624298096,0.432767778635025,0.23029638164573246,0.021257312554452155,0.02587397603525056,0.531676623556349,0.1273909385005633,0.005032422486692667,0.00018056170342283117,0.7004
4,196,periodic,direct,16,0.19647961854934692,0.6361801624298096,0.432767778635025,0.22174336347315046,0.02139825104839272,0.021137759917312197,0.5189137326346503,0.12506428195370567,0.0043534585274755955,0.00014993507647886872,0.6984
4,197,periodic,direct,16,0.19647961854934692,0.6361801624298096,0.432767778635025,0.2253820366329617,0.02079492538339562,0.024297571637564234,0.5201659268803067,0.12622335139248106,0.003951602537805836,0.00014759712050565414,0.6988
4,198,periodic,direct,16,0.19647961854934692,0.6361801624298096,0.432767778635025,0.22426996462874943,0.02081357046133942,0.025249261202083692,0.5261383189095391,0.12321471919616063,0.004599118553515937,0.0001580468443636265,0.6988
4,199,periodic,direct,16,0.19647961854934692,0.6361801624298096,0.432767778635025,0.22281231648392147,0.021186078795128398,0.02134116676946481,0.5172459416919284,0.12618750168217552,0.004582282362712754,0.00016366160060796473,0.696
4,200,periodic,direct,16,0.19647961854934692,0.6361801624298096,0.432767778635025,0.2255079514450497,0.020683263531989522,0.01960543915629387,0.5222913887765672,0.1306239449315601,0.004563719241155518,0.00016860176239990525,0.6996
5,1,periodic,direct,16,0.19647961854934692,0.6361801624298096,0.443973183631897,2.392247517903646,1.0996856225861444,0.7248080023385026,2.8895053598615856,0.15445383886496225,0.23831693993674385,0.010381988663640287,0.5686666666666667
5,2,periodic,direct,16,0.19647961854934692,0.6361801624298096,0.443973183631897,1.535744892226325,0.8496595952245924,0.21165378722879621,2.7545344034830728,0.148200617896186,0.09764892442358865,0.003905928616101543,0.588
5,3,periodic,direct,16,0.19647961854934692,0.6361801624298096,0.443973183631897,1.2114430401060317,0.6776332722769843,0.11048538403378592,2.5475514199998646,0.14741087125407326,0.040694231167435646,0.0016224524264948235,0.5903333333333334
5,4,periodic,direct,16,0.19647961854934692,0.6361801624298096,0.443973183631897,1.0167064401838515,0.5526436832216051,0.07130895844764179,2.4175975852542453,0.14088905851046243,0.019316489704781108,0.0008934852020401093,0.5906666666666667
5,5,periodic,direct,16,0.19647961854934692,0.6361801624298096,0.443973183631897,0.9012496140268114,0.46893371476067436,0.05481158735023604,2.32240981525845,0.14002462724844614,0.009972980659868982,0.0005043994751758873,0.5943333333333334
5,6,periodic,direct,16,0.19647961854934692,0.6361801624298096,0.443973183631897,0.815616766611735,0.40194083584679496,0.045553444160355464,2.244999806086222,0.14057187736034393,0.005738054660873281,0.0003632262944140368,0.5926666666666667
5,7,periodic,direct,16,0.19647961854934692,0.6361801624298096,0.443973183631897,0.7514582210116916,0.3510337107711368,0.039631487180789314,2.1947381761338978,0.13927137189441258,0.00382299597064654,0.0002726530203492277,0.5983333333333334
5,8,periodic,direct,16,0.19647961854934692,0.6361801624298096,0.443973183631897,0.6964271929528978,0.30777326888508266,0.036250694344441094,2.13488687409295,0.13715226782692802,0.003271467828502258,0.0002530617962798311,0.5993333333333334
5,9,periodic,direct,16,0.19647961854934692,0.6361801624298096,0.443973183631897,0.6535229020648532,0.27618523604340023,0.0338069728265206,2.0739974445766873,0.13466348581843907,0.0026889500052978597,0.00024598043981111713,0.6003333333333334
5,10,periodic,direct,16,0.19647961854934692,0.6361801624298096,0.443973183631897,0.6237353417608473,0.24949571986993155,0.03241422317094273,2.0270150899887085,0.1377226842774285,0.002575820182553596,0.00022656537152619826,0.603
5,11,periodic,direct,16,0.19647961854934692,0.6361801624298096,0.443973183631897,0.5928398966789246,0.226419727007548,0.031744126644399434,1.99398672580719,0.13395756814214918,0.0024150178716000584,0.00022459361935034394,0.604
5,12,periodic,direct,16,0.19647961854934692,0.6361801624298096,0.443973183631897,0.5692034959793091,0.20800749791993034,0.030583908988369837,1.9415678183237712,0.135131342543496,0.002418284175089664,0.00022960977447736595,0.6056666666666667
5,13,periodic,direct,16,0.19647961854934692,0.6361801624298096,0.443973183631897,0.5462243954340616,0.19209150804413688,0.030711227614018653,1.8878628942701552,0.13333562347624037,0.002379989665415552,0.00021950711703134907,0.6076666666666667
5,14,periodic,direct,16,0.19647961854934692,0.6361801624298096,0.443973183631897,0.5324056976371341,0.17994506491555107,0.03212277860277229,1.8586071729660034,0.13312281999323103,0.002487178477976057,0.00022147244696194926,0.61
5,15,periodic,direct,16,0.19647961854934692,0.6361801624298096,0.443973183631897,0.5163462095790439,0.16941729684670767,0.03183779906895426,1.8394618564181857,0.1297552999522951,0.002557869353849027,0.0002213905293804904,0.612
5,16,periodic,direct,16,0.19647961854934692,0.6361801624298096,0.443973183631897,0.4945933057202233,0.15440129074785444,0.028859793932901487,1.7910082472695246,0.13086327248149449,0.0025200593647443587,0.00021616156057765087,0.616
5,17,periodic,direct,16,0.19647961854934692,0.6361801624298096,0.443973183631897,0.4797431296772427,0.1435135586394204,0.02800181032054954,1.750064002143012,0.1318710231118732,0.002481017235873474,0.00021964178368863132,0.6166666666666667
5,18,periodic,direct,16,0.19647961854934692,0.6361801624298096,0.443973183631897,0.467491520775689,0.13426358666684893,0.028046106091803975,1.7166666852103338,0.13220099939240348,0.002410445517549912,0.0002178661913300554,0.623
5,19,periodic,direct,16,0.19647961854934692,0.6361801624298096,0.443973183631897,0.46223001347647774,0.12914499392112097,0.030188479978177283,1.706808540556166,0.13086197939183977,0.0024910159926447603,0.00021638516207329102,0.6213333333333333
5,20,periodic,direct,16,0.19647961854934692,0.6361801624298096,0.443973183631897,0.44555261731147766,0.1218741378850407,0.02898336884876092,1.650249547428555,0.1282655050357183,0.0025983344142635665,0.0002109631249267194,0.6216666666666667
5,21,periodic,direct,16,0.19647961854934692,0.6361801624298096,0.443973183631897,0.4370299776395162,0.11441920035415226,0.030652566916412778,1.6434672541088529,0.12615814722246593,0.0026806952017876837,0.0002259739299511744,0.6266666666666667
5,22,periodic,direct,16,0.19647961854934692,0.6361801624298096,0.443973183631897,0.42659147911601597,0.10807212938865025,0.030312610583172903,1.6032759613460965,0.1264338418841362,0.002675373417635759,0.00021521318315838775,0.6296666666666667
5,23,periodic,direct,16,0.19647961854934692,0.6361801624298096,0.443973183631897,0.41925979653994244,0.10391523026757771,0.02865888737142086,1.5895731051762898,0.12630523327324125,0.0026500934683200386,0.00019616999068400927,0.632
5,24,periodic,direct,16,0.19647961854934692,0.6361801624298096,0.443973183631897,0.41026707821422154,0.09821030663119422,0.027445988522635564,1.5495390892028809,0.12819170786274803,0.002726673200312588,0.00020365901420720748,0.629
5,25,periodic,direct,16,0.19647961854934692,0.6361801624298096,0.443973183631897,0.40689574347602,0.09501602335108651,0.02890276639825768,1.528266429901123,0.12866812116569942,0.0027542279308868777,0.0002101507917460468,0.633
5,26,periodic,direct,16,0.19647961854934692,0.6361801624298096,0.443973183631897,0.3955781294239892,0.0879029134909312,0.02814307829572095,1.5000390609105427,0.12795369658205244,0.0029374119670440755,0.00021168457007863454,0.633
5,27,periodic,direct,16,0.19647961854934692,0.6361801624298096,0.443973183631897,0.3840619358751509,0.08461967690123452,0.02476281424363454,1.48281020588345,0.1248843703005049,0.0028272376706202826,0.0002008646907698777,0.634
5,28,periodic,direct,16,0.19647961854934692,0.6361801624298096,0.443973183631897,0.3808007405863868,0.08325411544905768,0.024574324074718688,1.452225301000807,0.12632683747344547,0.002648306674220496,0.00019756317164541947,0.6336666666666667
5,29,periodic,direct,16,0.19647961854934692,0.6361801624298096,0.443973183631897,0.37134605646133423,0.07815939436356227,0.024129592296149995,1.4326781696743436,0.12443628658850987,0.002522643707278702,0.00018329325313162472,0.6363333333333333
5,30,periodic,direct,16,0.19647961854934692,0.6361801624298096,0.443973183631897,0.3650074137581719,0.07581502944231033,0.022746342337793775,1.4005203644434612,0.1251117769214842,0.0023797312492711675,0.0001847211711315645,0.6343333333333333
5,31,periodic,direct,16,0.19647961854934692,0.6361801624298096,0.443973183631897,0.3606682883368598,0.07323505812221104,0.02339143678545952,1.3834126393000286,0.12444235467248493,0.002345746253720588,0.00017062035234024128,0.6356666666666667
5,32,periodic,direct,16,0.19647961854934692,0.6361801624298096,0.443973183631897,0.35582037104500663,0.07048543584015635,0.022556838889916737,1.3574867380989923,0.12575378765662512,0.0023735279424322974,0.00017773518468149833,0.639
5,33,periodic,direct,16,0.19647961854934692,0.6361801624298096,0.443973183631897,0.3542188803354899,0.06814812537696627,0.024043846047586866,1.3444186449050903,0.12626538260115516,0.0024588661682274607,0.00018043385999691155,0.6403333333333333
5,34,periodic,direct,16,0.19647961854934692,0.6361801624298096,0.443973183631897,0.3483492698934343,0.0667298175394535,0.024413178985317547,1.3143269883261786,0.12443476170301437,0.0025071672991746003,0.00017047092033964064,0.6386666666666667
5,35,periodic,direct,16,0.19647961854934692,0.6361801624298096,0.443973183631897,0.35031911730766296,0.06472190014190143,0.024402469396591187,1.3175197045008342,0.12802185780472225,0.0026671920851286915,0.0001746553785374595,0.642
5,36,periodic,direct,16,0.19647961854934692,0.6361801624298096,0.443973183631897,0.3394463227854835,0.062468876441319786,0.024309159773919318,1.2815920511881511,0.12300791425837411,0.0028393223053879207,0.00016301241056579683,0.6423333333333333
5,37,periodic,direct,16,0.19647961854934692,0.6361801624298096,0.443973183631897,0.3393040829234653,0.06019782688882616,0.023327722524603207,1.2666558292176988,0.12750788612498176,0.003027559102823337,0.00018256999707470337,0.6413333333333333
5,38,periodic,direct,16,0.19647961854934692,0.6361801624298096,0.443973183631897,0.33679124381807113,0.058027151972055435,0.022069431220491726,1.2587574190563626,0.12924174881643719,0.0029752271560331187,0.00017910970685382685,0.6426666666666667
5,39,periodic,direct,16,0.19647961854934692,0.6361801624298096,0.443973183631897,0.3293256395392948,0.05662738449043698,0.02231086190376017,1.2423361937204997,0.12451138430171543,0.0031050789014746747,0.00017970664581904808,0.6466666666666666
5,40,periodic,direct,16,0.19647961854934692,0.6361801624298096,0.443973183631897,0.3289489547411601,0.05716371453470654,0.02380048380129867,1.2091530561447144,0.12551803638537726,0.0029255422867006725,0.00017729423578000732,0.6483333333333333
5,41,periodic,direct,17,0.14882060885429382,0.7004714012145996,0.4210708737373352,0.3913162416881985,0.060231133881542415,0.08163646691375309,1.2252849340438843,0.12420457767115699,0.005120777525007725,0.0003103492134768102,0.6423333333333333
5,42,periodic,direct,17,0.14882060885429382,0.7004714012145996,0.4210708737373352,0.3590219219525655,0.05724239225188891,0.05277961947851711,1.2081118292278714,0.12460517800516552,0.006799758670644628,0.00036733651844163734,0.6476666666666666
5,43,periodic,direct,17,0.14882060885429382,0.7004714012145996,0.4210708737373352,0.34353820482889813,0.054620486994584404,0.04293291560477681,1.1860102547539606,0.12412494752142164,0.006190092716779973,0.0003275488076421122,0.642
5,44,periodic,direct,17,0.14882060885429382,0.7004714012145996,0.4210708737373352,0.33376846710840863,0.053281219883097544,0.0361795611679554,1.1667896111806233,0.12475248260630502,0.005489007776810063,0.0002634672435104019,0.6503333333333333
5,45,periodic,direct,17,0.14882060885429382,0.7004714012145996,0.4210708737373352,0.3193003469043308,0.050205437259541616,0.03218004293739796,1.1366134352154202,0.12062359932396147,0.005028121639043093,0.00023172684531244967,0.6466666666666666
5,46,periodic,direct,17,0.14882060885429382,0.7004714012145996,0.4210708737373352,0.31848477323849994,0.04997703101899889,0.030555579397413466,1.1172114345762465,0.12385425137148963,0.004533597682085302,0.0002199332165117893,0.6496666666666666
5,47,periodic,direct,17,0.14882060885429382,0.7004714012145996,0.4210708737373352,0.32079385055436027,0.04873974414335357,0.030822710858450994,1.1173573202557034,0.12712380372815663,0.004525810945779085,0.00021791805435592929,0.6533333333333333
5,48,periodic,direct,17,0.14882060885429382,0.7004714012145996,0.4210708737373352,0.3167205784055922,0.04734037278427018,0.028374630957841873,1.1074013180202908,0.1280625354912546,0.004199822381552722,0.00020600866992026567,0.656
5,49,periodic,direct,17,0.14882060885429382,0.7004714012145996,0.4210708737373352,0.31058086620436776,0.046194136970573,0.028599187317821715,1.0905053615570068,0.12468422618177202,0.0039138471862922115,0.00019172570642290844,0.652
5,50,periodic,direct,17,0.14882060885429382,0.7004714012145996,0.4210708737373352,0.30375179317262435,0.0455728562341796,0.027420148874322575,1.0628671513663397,0.1224612080388599,0.003827977485747801,0.00019375147530809045,0.6543333333333333
5,51,periodic,direct,17,0.14882060885429382,0.7004714012145996,0.4210708737373352,0.30720920695198906,0.044967368659045964,0.029895881190896034,1.049134956465827,0.12537391897704867,0.003928545681345794,0.00018853775691241026,0.65
5,52,periodic,direct,17,0.14882060885429382,0.7004714012145996,0.4210708737373352,0.30840292904112077,0.04532505902979109,0.03173625386423535,1.0405320856306288,0.1251496523618698,0.004072701325640082,0.00020479513720298806,0.6536666666666666
5,53,periodic,direct,17,0.14882060885429382,0.7004714012145996,0.4210708737373352,0.3092152608765496,0.04365110480123096,0.032024488473931946,1.0280591050783794,0.12834391494592032,0.004575319691664643,0.00020437097797791162,0.6523333333333333
5,54,periodic,direct,17,0.14882060885429382,0.7004714012145996,0.4210708737373352,0.30204669965638054,0.04242690694000986,0.031148024938172765,1.0171838137838576,0.12431396378411187,0.0046734353010025285,0.00020540669275861647,0.6526666666666666
5,55,periodic,direct,17,0.14882060885429382,0.7004714012145996,0.4210708737373352,0.32134238878885907,0.04323915930257903,0.04807456872529454,1.0118959214952257,0.12596057024266985,0.0055314092379477285,0.00022559017331028977,0.651
5,56,periodic,direct,17,0.14882060885429382,0.7004714012145996,0.4210708737373352,0.3154500557316674,0.04162830445501539,0.04333422084649404,1.019238253434499,0.12482650578022003,0.007193165365606546,0.00028122694412660267,0.658
5,57,periodic,direct,17,0.14882060885429382,0.7004714012145996,0.4210708737373352,0.30411799086464775,0.04226084591613875,0.03492780981792344,0.9947419961293539,0.12359620879093806,0.007445179909053776,0.00027266678322727483,0.6556666666666666
5,58,periodic,direct,17,0.14882060885429382,0.7004714012145996,0.4210708737373352,0.2911865909894307,0.03980589947766728,0.03148989627758662,0.9702642758687338,0.11952463785807292,0.0064207154015700025,0.0002587470549365713,0.6556666666666666
5,59,periodic,direct,17,0.14882060885429382,0.7004714012145996,0.4210708737373352,0.2944493757353889,0.04033315802613894,0.029091997486021783,0.9741462270418803,0.1247639548447397,0.005469941948023107,0.000221352513310396,0.652
5,60,periodic,direct,17,0.14882060885429382,0.7004714012145996,0.4210708737373352,0.2909801933500502,0.03957563473118676,0.028471614958511457,0.9578758279482523,0.12462579707304637,0.004830867879920536,0.00020826034920497073,0.6543333333333333
5,61,periodic,direct,17,0.14882060885429382,0.7004714012145996,0.4210708737373352,0.2895006736119588,0.039334302147229515,0.02979551586839888,0.9446716242366366,0.12366488162014219,0.004303408010552327,0.00017419803447814452,0.6553333333333333
5,62,periodic,direct,17,0.14882060885429382,0.7004714012145996,0.4210708737373352,0.28433526224560207,0.038915569997496076,0.02605543202824063,0.9327407545513577,0.12384263591633903,0.004318229750626617,0.00017686046582336226,0.655
5,63,periodic,direct,17,0.14882060885429382,0.7004714012145996,0.4210708737373352,0.2851564685503642,0.038223126696215734,0.026383250744806394,0.9255692362785339,0.12591782295041615,0.003979759963436259,0.0001709277469975253,0.6543333333333333
5,64,periodic,direct,17,0.14882060885429382,0.7004714012145996,0.4210708737373352,0.2872909837298923,0.03834603395726946,0.030008621513843536,0.9189283582899306,0.12496273964643478,0.003990077387748493,0.00017141533317044377,0.657
5,65,periodic,direct,17,0.14882060885429382,0.7004714012145996,0.4210708737373352,0.28434760371843976,0.03791545290086004,0.02968959965639644,0.9046648674541049,0.12425630788008372,0.0038796752794749206,0.00015981185586295195,0.6566666666666666
5,66,periodic,direct,17,0.14882060885429382,0.7004714012145996,0.4210708737373352,0.282939162519243,0.03764392890863948,0.030842045942942303,0.8927932182947794,0.12317730486392975,0.0038373793423589733,0.00015575213021495275,0.6606666666666666
5,67,periodic,direct,17,0.14882060885429382,0.7004714012145996,0.4210708737373352,0.2830872568819258,0.03725955055819617,0.02903066948056221,0.8893653949101766,0.12586346517006555,0.0038308868339906135,0.00016318343760859635,0.6586666666666666
5,68,periodic,direct,17,0.14882060885429382,0.7004714012145996,0.4210708737373352,0.28379715151256985,0.037705169783698186,0.027428998094465997,0.8865184187889099,0.12808009650972155,0.003690536366775632,0.0001715373364277184,0.6556666666666666
5,69,periodic,direct,17,0.14882060885429382,0.7004714012145996,0.4210708737373352,0.2883998453617096,0.036853222797314324,0.03449775009519524,0.8785006668832567,0.12716039932436413,0.00389217021357682,0.00018463001146705614,0.6596666666666666
5,70,periodic,direct,17,0.14882060885429382,0.7004714012145996,0.4210708737373352,0.2871629496415456,0.03623233942521943,0.03472250989741749,0.8667108416557312,0.1271522210703956,0.004583438030547566,0.00018616417138319876,0.6593333333333333
5,71,periodic,direct,17,0.14882060885429382,0.7004714012145996,0.4210708737373352,0.28803455498483443,0.03475292151172956,0.03527951675156752,0.8685867653952705,0.12833878646294275,0.005380127268532912,0.00022916781017556787,0.6556666666666666
5,72,periodic,direct,17,0.14882060885429382,0.7004714012145996,0.4210708737373352,0.2822739713721805,0.035310582982169256,0.032367915329005986,0.863876912328932,0.12500251912408405,0.006182296615507867,0.00022821282942055,0.6596666666666666
5,73,periodic,direct,17,0.14882060885429382,0.7004714012145996,0.4210708737373352,0.2753918204042647,0.03578371099299855,0.02654202551477485,0.8510356081856622,0.12521496249569786,0.005268610082566738,0.0002265155845735636,0.6603333333333333
5,74,periodic,direct,17,0.14882060885429382,0.7004714012145996,0.4210708737373352,0.2735072440571255,0.03418251106308566,0.02709664859705501,0.8443558083640205,0.1254737385445171,0.004440071216473977,0.00019745269997252358,0.6556666666666666
5,75,periodic,direct,17,0.14882060885429382,0.7004714012145996,0.4210708737373352,0.27218079898092484,0.03391218309601148,0.02511031346188651,0.8388421403037177,0.12722467217180464,0.003933463995862339,0.00016537977434280846,0.661
5,76,periodic,direct,17,0.14882060885429382,0.7004714012145996,0.4210708737373352,0.26696180635028416,0.034728766729434334,0.024732186148564022,0.8204846249686347,0.12358504699336158,0.003592707527180513,0.00014198829497521123,0.6586666666666666
5,77,periodic,direct,17,0.14882060885429382,0.7004714012145996,0.4210708737373352,0.2662480307949914,0.0329617727547884,0.025422252093752224,0.8210813734266493,0.12394051088227166,0.003483319137659338,0.00014739176387795142,0.6583333333333333
5,78,periodic,direct,17,0.14882060885429382,0.7004714012145996,0.4210708737373352,0.27077608307202655,0.034668209238184824,0.025775092964371044,0.8241838481691148,0.12628643794192207,0.0031250381531814733,0.00013086829696678452,0.6603333333333333
5,79,periodic,direct,17,0.14882060885429382,0.7004714012145996,0.4210708737373352,0.269490510225296,0.032716995312107935,0.025837637070152495,0.816983143488566,0.1276253718468878,0.003088845379857553,0.0001355257829547756,0.6606666666666666
5,80,periodic,direct,17,0.14882060885429382,0.7004714012145996,0.4210708737373352,0.26478897200690377,0.0330880211873187,0.025591949414875772,0.80165124601788,0.12432253940237893,0.0031153027796083027,0.00012735571686385406,0.6643333333333333
5,81,periodic,direct,18,0.1464332789182663,0.6774508357048035,0.41471433639526367,0.27606647544436985,0.03423479571938515,0.030659129429194663,0.8101925253868103,0.12807033956050873,0.003991925597397817,0.0001739925226300127,0.6576666666666666
5,82,periodic,direct,18,0.1464332789182663,0.6774508357048035,0.41471433639526367,0.27330558829837376,0.0330019382139047,0.030549367268880207,0.8025055593914456,0.12720427496565712,0.004420739003560609,0.00017815849666173259,0.664
5,83,periodic,direct,18,0.1464332789182663,0.6774508357048035,0.41471433639526367,0.273374918434355,0.03326816898253229,0.03162671315173308,0.7976907624138726,0.12585978044403923,0.0054977467387086814,0.00020461393675456444,0.6573333333333333
5,84,periodic,direct,18,0.1464332789182663,0.6774508357048035,0.41471433639526367,0.27314292391141254,0.032636740141444735,0.031169355536500614,0.7929404775301615,0.12703674866093528,0.005801677082975705,0.0002103813070182999,0.6613333333333333
5,85,periodic,direct,18,0.1464332789182663,0.6774508357048035,0.41471433639526367,0.2744988467958238,0.032409095101886325,0.03288152627646923,0.7828558286031088,0.12809508045514426,0.005450622799495856,0.00020449474040004943,0.6563333333333333
5,86,periodic,direct,18,0.1464332789182663,0.6774508357048035,0.41471433639526367,0.2725875543223487,0.032482705182499357,0.03128716308209631,0.7859153416421678,0.12705071684386995,0.0061218397070964175,0.000229031675391727,0.66
5,87,periodic,direct,18,0.1464332789182663,0.6774508357048035,0.41471433639526367,0.27279822693930733,0.03188653559320503,0.034298009963499174,0.7773881819513109,0.125950844751464,0.005631922744214535,0.00021612836280837655,0.6606666666666666
5,88,periodic,direct,18,0.1464332789182663,0.6774508357048035,0.41471433639526367,0.2785125772158305,0.03212355636060238,0.03505450155999926,0.7765522201855978,0.1306606498029497,0.005830725034077962,0.00020656305261784128,0.665
5,89,periodic,direct,18,0.1464332789182663,0.6774508357048035,0.41471433639526367,0.27408257457945084,0.032155565089649625,0.03474935433930821,0.765579879283905,0.1274419037832154,0.006153612397611141,0.00020191216996560493,0.662
5,90,periodic,direct,18,0.1464332789182663,0.6774508357048035,0.41471433639526367,0.2662022378709581,0.03150474797520372,0.03273494645125336,0.7607298360930549,0.12253931992583805,0.006488803153236707,0.00021166396456667117,0.6656666666666666
5,91,periodic,direct,18,0.1464332789182663,0.6774508357048035,0.41471433639526367,0.2692134181658427,0.03219184031089147,0.03161808889773157,0.7503764298227098,0.12712925672531128,0.006251768002079593,0.0002214128035120666,0.6676666666666666
5,92,periodic,direct,18,0.1464332789182663,0.6774508357048035,0.41471433639526367,0.26477283901638454,0.03185031583739652,0.030526704879270658,0.743279218673706,0.12487057679229313,0.006150214363717371,0.0002444266574457288,0.6603333333333333
5,93,periodic,direct,18,0.1464332789182663,0.6774508357048035,0.41471433639526367,0.2571762303511302,0.03041544846362538,0.02667209195593993,0.7351804508103265,0.12360466188854641,0.005706474391950501,0.00022549569580910934,0.6626666666666666
5,94,periodic,direct,18,0.1464332789182663,0.6774508357048035,0.41471433639526367,0.2580285171667735,0.030627272816167936,0.024826024762458272,0.7393359475665622,0.12579119867748684,0.005472868991394837,0.00022798229474574327,0.6656666666666666
5,95,periodic,direct,18,0.1464332789182663,0.6774508357048035,0.41471433639526367,0.2551469686958525,0.030080990658866033,0.02496314524776406,0.7338829835255941,0.12380845430824491,0.005582186445179913,0.0002299713604669604,0.6633333333333333
5,96,periodic,direct,18,0.1464332789182663,0.6774508357048035,0.41471433639526367,0.25492577585909104,0.031143154328068096,0.024604314731227026,0.7237918310695224,0.12445156193441814,0.0045217859248320265,0.00017334619769826531,0.6646666666666666
5,97,periodic,direct,18,0.1464332789182663,0.6774508357048035,0.41471433639526367,0.25532448954052395,0.02987582443488969,0.024021219048235152,0.7239368425475227,0.12689639048443901,0.004115533549338579,0.00015919543673387833,0.6636666666666666
5,98,periodic,direct,18,0.1464332789182663,0.6774508357048035,0.41471433639526367,0.25545915795697105,0.03059957300623258,0.02607350258363618,0.7182236115137736,0.12476282484001583,0.004229705004642407,0.0001720903221414321,0.6653333333333333
5,99,periodic,direct,18,0.1464332789182663,0.6774508357048035,0.41471433639526367,0.26099489132563275,0.029086495853132673,0.029343283424774807,0.7206830978393555,0.12832086947229174,0.004184053952081336,0.00016780160108788146,0.665
5,100,periodic,direct,18,0.1464332789182663,0.6774508357048035,0.41471433639526367,0.25732603669166565,0.02999962783522076,0.028998213509718578,0.712321592701806,0.1244216842783822,0.005131013225764036,0.0002176847968560954,0.6633333333333333
5,101,periodic,direct,18,0.1464332789182663,0.6774508357048035,0.41471433639526367,0.26021981570455766,0.02988976902431912,0.03054427645272679,0.7128809955384996,0.12567061682542166,0.005421078763902187,0.00023303290880802605,0.666
5,102,periodic,direct,18,0.1464332789182663,0.6774508357048035,0.41471433639526367,0.2577738066514333,0.028912889253762033,0.030639646367894277,0.7129942841000028,0.12390667034520043,0.005793085735705163,0.00023725274432864453,0.6676666666666666
5,103,periodic,direct,18,0.1464332789182663,0.6774508357048035,0.41471433639526367,0.26457008388307357,0.02967569211290942,0.03445544404288133,0.7089279360241361,0.1261746601925956,0.006513021524167723,0.00022996052737451263,0.6566666666666666
5,104,periodic,direct,18,0.1464332789182663,0.6774508357048035,0.41471433639526367,0.2697741256819831,0.029959976052244503,0.041857808414432734,0.70021610127555,0.12407550464073817,0.007456994718975491,0.00026144792274054553,0.665
5,105,periodic,direct,18,0.1464332789182663,0.6774508357048035,0.41471433639526367,0.26676011085510254,0.02924879329899947,0.037698702265818916,0.7021017405721877,0.1258075882991155,0.007331098378118541,0.00025861158630707197,0.6683333333333333
5,106,periodic,direct,18,0.1464332789182663,0.6774508357048035,0.41471433639526367,0.2639863259262509,0.02975280313856072,0.03611276298761368,0.6910694175296359,0.12517869969209036,0.007388004463993841,0.0002822332963761356,0.667
5,107,periodic,direct,18,0.1464332789182663,0.6774508357048035,0.41471433639526367,0.2707178294658661,0.028472675010561943,0.04402031128605207,0.697665360238817,0.12452173067463769,0.00757051683548424,0.0003026355148500039,0.66
5,108,periodic,direct,18,0.1464332789182663,0.6774508357048035,0.41471433639526367,0.2639778388871087,0.029695059690210555,0.03660818768872155,0.6958522929085625,0.12404979517062505,0.0077855502669182085,0.00029357277607131336,0.6646666666666666
5,109,periodic,direct,18,0.1464332789182663,0.6774508357048035,0.41471433639526367,0.25403224097357857,0.027919576813777287,0.028644124873810344,0.6817154818110995,0.1256292321615749,0.007055379605541627,0.0002801348907976515,0.6636666666666666
5,110,periodic,direct,18,0.1464332789182663,0.6774508357048035,0.41471433639526367,0.24840308063560063,0.028059090798099835,0.024682785694797833,0.6807749271392822,0.12454957928922442,0.005843549035489559,0.00022471610120394162,0.667
5,111,periodic,direct,18,0.1464332789182663,0.6774508357048035,0.41471433639526367,0.24540447857644823,0.028823613913522825,0.022145105318890676,0.6763038370344374,0.12440875669320424,0.004610387142747641,0.00018284164576066865,0.6676666666666666
5,112,periodic,direct,18,0.1464332789182663,0.6774508357048035,0.41471433639526367,0.2407512499226464,0.02777115276290311,0.019459025520417426,0.6632215314441257,0.12513304915693071,0.003959344751718972,0.00017240046549381482,0.669
5,113,periodic,direct,18,0.1464332789182663,0.6774508357048035,0.41471433639526367,0.2437689784500334,0.027818375784489844,0.019636017373866506,0.6705023447672526,0.12728862050506803,0.0037889357449279893,0.00016251709570901262,0.6723333333333333
5,114,periodic,direct,18,0.1464332789182663,0.6774508357048035,0.41471433639526367,0.2398723910252253,0.027441794673601787,0.01869753934442997,0.6647239857249789,0.12528110047181448,0.0038091986336641842,0.00014992073799173036,0.6683333333333333
5,115,periodic,direct,18,0.1464332789182663,0.6774508357048035,0.41471433639526367,0.24509090185165405,0.02747696576019128,0.02241192137201627,0.6689887510405647,0.12650659680366516,0.0034371865913271904,0.0001558915375628405,0.6663333333333333
5,116,periodic,direct,18,0.1464332789182663,0.6774508357048035,0.41471433639526367,0.2471825596359041,0.028648822878797848,0.02598802124460538,0.6583973699145846,0.12466389851437674,0.003912717854190204,0.00017143131440712346,0.6663333333333333
5,117,periodic,direct,18,0.1464332789182663,0.6774508357048035,0.41471433639526367,0.24207214845551384,0.02796309648288621,0.023010421751274004,0.6503600345717536,0.12380226204792659,0.004342002794146538,0.00017871873893050684,0.6693333333333333
5,118,periodic,direct,18,0.1464332789182663,0.6774508357048035,0.41471433639526367,0.24578208559089237,0.02730082120332453,0.02455305287407504,0.6594344112608168,0.12558373477723864,0.004621236119419336,0.00018083209741032787,0.665
5,119,periodic,direct,18,0.1464332789182663,0.6774508357048035,0.41471433639526367,0.245870484246148,0.027110720260275736,0.02460941092835532,0.6488030420409309,0.12655744122134316,0.005211148048854536,0.00021406530868262053,0.673
5,120,periodic,direct,18,0.1464332789182663,0.6774508357048035,0.41471433639526367,0.2400176078081131,0.027400746527645323,0.0230379578553968,0.6400397486156888,0.12317389994859695,0.004612313066091802,0.00018974224157217477,0.6676666666666666
5,121,periodic,direct,19,0.14793072640895844,0.6705111861228943,0.4104038178920746,0.24739805857340494,0.027464517081777256,0.023181810975074768,0.6533675524923537,0.12926411794291603,0.004145131653381718,0.00015658109138409296,0.6693333333333333
5,122,periodic,direct,19,0.14793072640895844,0.6705111861228943,0.4104038178920746,0.24211588170793322,0.026341446571879916,0.0219858315669828,0.651862899462382,0.12665779805845684,0.003738917255153259,0.0001501218454601864,0.6706666666666666
5,123,periodic,direct,19,0.14793072640895844,0.6705111861228943,0.4104038178920746,0.24242451786994934,0.026923591478003397,0.022792496408025425,0.6473252574602762,0.12608525322543251,0.0036299546093990407,0.00015134731721546914,0.671
5,124,periodic,direct,19,0.14793072640895844,0.6705111861228943,0.4104038178920746,0.2387575176027086,0.02724032538632552,0.02006102746559514,0.6400168538093567,0.12551347414652506,0.0037286828737705946,0.00015332082855618664,0.6693333333333333
5,125,periodic,direct,19,0.14793072640895844,0.6705111861228943,0.4104038178920746,0.23136636283662584,0.025980651171671018,0.0179157012866603,0.6333834264013503,0.12232031259271833,0.003487664404221707,0.000135047044346316,0.6703333333333333
5,126,periodic,direct,19,0.14793072640895844,0.6705111861228943,0.4104038178920746,0.2337740974293815,0.02722711633476946,0.016961439409189753,0.6297161115540398,0.12496512134869893,0.0031683761885182727,0.0001292344143924614,0.6696666666666666
5,127,periodic,direct,19,0.14793072640895844,0.6705111861228943,0.4104038178920746,0.23672905895445082,0.026373608451750543,0.01664739495350255,0.63551836543613,0.1286788301335441,0.0028456772884560954,0.00010910120585726367,0.6693333333333333
5,128,periodic,direct,19,0.14793072640895844,0.6705111861228943,0.4104038178920746,0.2320021175675922,0.025996149000194337,0.015842952765524387,0.6304930713441637,0.12584850026501548,0.0024285491866370044,0.00010187557846721675,0.673
5,129,periodic,direct,19,0.14793072640895844,0.6705111861228943,0.4104038178920746,0.23701241612434387,0.02617993640402953,0.015932024042639468,0.6329620149400499,0.1303897417253918,0.002321027581476503,0.00010799957413433326,0.6693333333333333
5,130,periodic,direct,19,0.14793072640895844,0.6705111861228943,0.4104038178920746,0.22874977522426182,0.025813815287417836,0.015928816774653062,0.625179734494951,0.12339013069868088,0.002107193615908424,9.088114731841617e-05,0.6716666666666666
5,131,periodic,direct,19,0.14793072640895844,0.6705111861228943,0.4104038178920746,0.23267422119776407,0.025776899109284084,0.01646559892429246,0.6221036579873827,0.12703223360909355,0.002278451756056812,9.979704110365774e-05,0.6686666666666666
5,132,periodic,direct,19,0.14793072640895844,0.6705111861228943,0.4104038178920746,0.2298491828971439,0.025012926508982975,0.01660868235760265,0.620945155620575,0.12480277568101883,0.002549911823330654,0.00011065050623276168,0.6726666666666666
5,133,periodic,direct,19,0.14793072640895844,0.6705111861228943,0.4104038178920746,0.23094134529431662,0.02598826525111993,0.01699437801208761,0.624250054359436,0.12423168122768402,0.0025033424091007975,0.00010068886007906662,0.6676666666666666
5,134,periodic,direct,19,0.14793072640895844,0.6705111861228943,0.4104038178920746,0.2310098343425327,0.025973160647683673,0.01869885561366876,0.6127894454532199,0.12362015661266115,0.0027603822398102945,0.00011705277332415183,0.6713333333333333
5,135,periodic,direct,19,0.14793072640895844,0.6705111861228943,0.4104038178920746,0.23411960734261406,0.024963742329014674,0.021047174723611936,0.6131055222617255,0.12511339949236977,0.003234206000342965,0.00013527058763429523,0.6723333333333333
5,136,periodic,direct,19,0.14793072640895844,0.6705111861228943,0.4104038178920746,0.24289599226580727,0.026730833368168935,0.02471843134197924,0.6193475988176134,0.1275916016764111,0.003696887857384152,0.00014385060381351245,0.6716666666666666
5,137,periodic,direct,19,0.14793072640895844,0.6705111861228943,0.4104038178920746,0.24364068773057726,0.025822154556711514,0.028099331590864394,0.612551662656996,0.12610407753123176,0.004552627344512277,0.00016727966592750617,0.6706666666666666
5,138,periodic,direct,19,0.14793072640895844,0.6705111861228943,0.4104038178920746,0.24244281649589539,0.02617354691028595,0.029226545865337055,0.6097268925772773,0.12330411705705854,0.0053474622157712775,0.0001843677471495337,0.6723333333333333
5,139,periodic,direct,19,0.14793072640895844,0.6705111861228943,0.4104038178920746,0.24075516230530208,0.024729139481981594,0.02586170554988914,0.6156390176879035,0.12585815456178454,0.00528668084492286,0.0001978322721293403,0.67
5,140,periodic,direct,19,0.14793072640895844,0.6705111861228943,0.4104038178920746,0.23942049509949154,0.02509219530555937,0.025534475843111675,0.6078820096121894,0.12510853012402853,0.005564817589604192,0.0002293615511411594,0.6696666666666666
5,141,periodic,direct,19,0.14793072640895844,0.6705111861228943,0.4104038178920746,0.24252100123299491,0.025568128046062257,0.0292182353635629,0.6098902821540833,0.1234575253393915,0.006324693146679137,0.00025147524300134845,0.67
5,142,periodic,direct,19,0.14793072640895844,0.6705111861228943,0.4104038178920746,0.24648111561934152,0.026493859166900318,0.03079280671146181,0.6135678622457716,0.12425441626045439,0.006899656003548039,0.0002668345631617639,0.6696666666666666
5,143,periodic,direct,19,0.14793072640895844,0.6705111861228943,0.4104038178920746,0.2479653474357393,0.025129431030816503,0.03229393147759967,0.6115979221132066,0.12591701745986938,0.006666912179854181,0.00026343305621089204,0.6696666666666666
5,144,periodic,direct,19,0.14793072640895844,0.6705111861228943,0.4104038178920746,0.24894822471671635,0.025699800708227687,0.03397857997980383,0.6052633259031508,0.12499675485822889,0.007222766004916694,0.0002707383181485865,0.6683333333333333
5,145,periodic,direct,19,0.14793072640895844,0.6705111861228943,0.4104038178920746,0.25447455710834926,0.025446698483493593,0.0387261433319913,0.6088897056049771,0.12526778545644549,0.008013487793505192,0.000276418150557826,0.667
5,146,periodic,direct,19,0.14793072640895844,0.6705111861228943,0.4104038178920746,0.2640776038169861,0.026470642329918012,0.047306160546011396,0.6127181516753303,0.12399102333519194,0.009729000222351816,0.0003469177366544803,0.665
5,147,periodic,direct,19,0.14793072640895844,0.6705111861228943,0.4104038178920746,0.26249605417251587,0.025687744634019002,0.04388693885670768,0.612233453326755,0.1262330346637302,0.0105868528286616,0.000343134503863338,0.668
5,148,periodic,direct,19,0.14793072640895844,0.6705111861228943,0.4104038178920746,0.26472856601079303,0.02589184169967969,0.04623985994193289,0.607119964228736,0.12621330387062496,0.010960622069736322,0.00038249519679488405,0.6683333333333333
5,149,periodic,direct,19,0.14793072640895844,0.6705111861228943,0.4104038178920746,0.2554756800333659,0.02511885203421116,0.03967443356911341,0.6069029503398471,0.1246988069680002,0.010201711828509966,0.00038487373644279107,0.668
5,150,periodic,direct,19,0.14793072640895844,0.6705111861228943,0.4104038178920746,0.2534610281387965,0.02598311420944002,0.036654935942755804,0.6012794375419617,0.12621786279810798,0.00863049060313238,0.00032384091496674553,0.667
5,151,periodic,direct,19,0.14793072640895844,0.6705111861228943,0.4104038178920746,0.24424866338570914,0.02435681161781152,0.03239112699197398,0.595461024178399,0.12418836106856664,0.007258116785022948,0.00027440115162688825,0.6763333333333333
5,152,periodic,direct,19,0.14793072640895844,0.6705111861228943,0.4104038178920746,0.2397334227959315,0.025162175504697695,0.02817233983013365,0.5912940833303664,0.12426161186562644,0.005809074164264732,0.00020670401863753796,0.6746666666666666
5,153,periodic,direct,19,0.14793072640895844,0.6705111861228943,0.4104038178920746,0.23657508360015023,0.02389661967754364,0.024596305357085332,0.5913177993562486,0.1264317019118203,0.00486550759524107,0.00017185005385221707,0.676
5,154,periodic,direct,19,0.14793072640895844,0.6705111861228943,0.4104038178920746,0.2390851212872399,0.024363547563552856,0.024710182721416157,0.5991961691114638,0.1278480796350373,0.0043359069774548216,0.0001514786078284184,0.676
5,155,periodic,direct,19,0.14793072640895844,0.6705111861228943,0.4104038178920746,0.23549754752053154,0.02335559431877401,0.025092583149671555,0.5889152155982124,0.1260021130243937,0.004164350244940983,0.00014711576901997128,0.6776666666666666
5,156,periodic,direct,19,0.14793072640895844,0.6705111861228943,0.4104038178920746,0.2357223563724094,0.023855378644333944,0.023556656514604885,0.5908932222260369,0.12716831929153866,0.003959721342350046,0.000145643949508667,0.6703333333333333
5,157,periodic,direct,19,0.14793072640895844,0.6705111861228943,0.4104038178920746,0.232125257452329,0.024000162465704813,0.0246565534422795,0.5765736301740011,0.12391146024068196,0.003656941388423244,0.00014249948758838905,0.673
5,158,periodic,direct,19,0.14793072640895844,0.6705111861228943,0.4104038178920746,0.23183007372750175,0.023433039171828166,0.023471536735693615,0.5816914372973971,0.12488116572300594,0.0036109172376907533,0.00013945340308257274,0.6763333333333333
5,159,periodic,direct,19,0.14793072640895844,0.6705111861228943,0.4104038178920746,0.23151631984445784,0.023963536239332624,0.021975026776393253,0.5790018637975057,0.12568247649404737,0.0038411059002909395,0.00014907758062084517,0.678
5,160,periodic,direct,19,0.14793072640895844,0.6705111861228943,0.4104038178920746,0.22836434013313717,0.023996671868695155,0.01913390143050088,0.5773657096756829,0.12574402822388542,0.0033779769566737944,0.0001283551100641489,0.6776666666666666
5,161,periodic,direct,20,0.1481962651014328,0.6580714583396912,0.4091132581233978,0.22579711510075462,0.02409394644200802,0.019098849967122078,0.575544085767534,0.1233871438437038,0.003208205724755923,0.00011733057908713818,0.6756666666666666
5,162,periodic,direct,20,0.1481962651014328,0.6580714583396912,0.4091132581233978,0.22498543394936454,0.023274371607436076,0.01839572750031948,0.574764092763265,0.12426167892085181,0.003035585447731945,0.00011890669379176365,0.681
5,163,periodic,direct,20,0.1481962651014328,0.6580714583396912,0.4091132581233978,0.22567906147903866,0.02327088142434756,0.01914114722361167,0.5782342420683967,0.12391520871056451,0.0029356523623896968,0.0001211487300073107,0.6723333333333333
5,164,periodic,direct,20,0.1481962651014328,0.6580714583396912,0.4091132581233978,0.22560753921667734,0.02353628869685862,0.019257702140344515,0.5685242083337572,0.12461267908414204,0.002588150789961219,0.00010874132729238934,0.6773333333333333
5,165,periodic,direct,20,0.1481962651014328,0.6580714583396912,0.4091132581233978,0.22841114964750078,0.023175994141234293,0.01904988516536024,0.5753222041659884,0.1273173838853836,0.002560356010993322,0.00011097183839107554,0.6763333333333333
5,166,periodic,direct,20,0.1481962651014328,0.6580714583396912,0.4091132581233978,0.2279695537355211,0.023127402903305158,0.019314178369111486,0.5733840333090888,0.12688694563176897,0.0025024008419778612,0.00010284198085880942,0.6766666666666666
5,167,periodic,direct,20,0.1481962651014328,0.6580714583396912,0.4091132581233978,0.22640707592169443,0.02387776639726427,0.019020279869437218,0.5647826724582248,0.12562295960055458,0.0026928146835416555,0.00012279048355089294,0.672
5,168,periodic,direct,20,0.1481962651014328,0.6580714583396912,0.4091132581233978,0.2245253622531891,0.023068043506807752,0.01894117043250137,0.5652660330136617,0.12441800038019817,0.003017535407303108,0.00012555494645817412,0.679
5,169,periodic,direct,20,0.1481962651014328,0.6580714583396912,0.4091132581233978,0.2285020285182529,0.023213203789459333,0.020368705193201702,0.5724408162964715,0.12614512774679396,0.0029396054645379386,0.00012221751320693229,0.6733333333333333
5,170,periodic,direct,20,0.1481962651014328,0.6580714583396912,0.4091132581233978,0.225965130660269,0.024081229956613645,0.01883248457064231,0.5650776094860501,0.12489327291647594,0.003178150522419148,0.00012261289844496382,0.68
5,171,periodic,direct,20,0.1481962651014328,0.6580714583396912,0.4091132581233978,0.2278920312722524,0.023377520963549614,0.021366174436277814,0.5620548526446024,0.12519898348384434,0.003360621863976121,0.00012712298970048627,0.6726666666666666
5,172,periodic,direct,20,0.1481962651014328,0.6580714583396912,0.4091132581233978,0.23211222887039185,0.02380288951098919,0.02552225606309043,0.5662248730659485,0.12410183250904083,0.003970868238765333,0.00015466303900919028,0.675
5,173,periodic,direct,20,0.1481962651014328,0.6580714583396912,0.4091132581233978,0.23338817059993744,0.023583093451129064,0.028139536165528826,0.5584426389800178,0.1235660281446245,0.0043457407090399,0.00016475757972026864,0.674
5,174,periodic,direct,20,0.1481962651014328,0.6580714583396912,0.4091132581233978,0.23468092415067884,0.02369634724325604,0.02600522277255853,0.5594656467437744,0.1265455111861229,0.004797391489975982,0.0001771617422087325,0.6813333333333333
5,175,periodic,direct,20,0.1481962651014328,0.6580714583396912,0.4091132581233978,0.2344530208243264,0.02397889830172062,0.027667896408173773,0.5564911762873331,0.1246928878956371,0.004765776762117942,0.00016266275714668963,0.6766666666666666
5,176,periodic,direct,20,0.1481962651014328,0.6580714583396912,0.4091132581233978,0.23822497162554,0.02357291989028454,0.027867465797397826,0.5687857336468167,0.12754508439037535,0.004568249815040165,0.00015360462970824706,0.6783333333333333
5,177,periodic,direct,20,0.1481962651014328,0.6580714583396912,0.4091132581233978,0.23566429979271358,0.022829069445530575,0.029032940251959696,0.5610300501187643,0.12518814951181412,0.004831210037486421,0.0001910579352018734,0.675
5,178,periodic,direct,20,0.1481962651014328,0.6580714583396912,0.4091132581233978,0.23876245319843292,0.02308365764717261,0.030436230823397636,0.5612559450997247,0.12630393107732138,0.005404422318355905,0.00022164483218350343,0.6816666666666666
5,179,periodic,direct,20,0.1481962651014328,0.6580714583396912,0.4091132581233978,0.24039937059084573,0.02293285272187657,0.03440208960738447,0.5620261695649889,0.12389582809474733,0.005700621702190902,0.0002313422672967944,0.6733333333333333
5,180,periodic,direct,20,0.1481962651014328,0.6580714583396912,0.4091132581233978,0.24459173613124424,0.02336713547507922,0.03531558397743437,0.564220752980974,0.12633918888039058,0.0060678815676106345,0.00022762241618086895,0.6756666666666666
5,181,periodic,direct,20,0.1481962651014328,0.6580714583396912,0.4091132581233978,0.25428958733876544,0.02442530294259389,0.04451913986768988,0.5652174287372165,0.12509271088573667,0.007206565648731258,0.00025481637567281723,0.6773333333333333
5,182,periodic,direct,20,0.1481962651014328,0.6580714583396912,0.4091132581233978,0.24578002757496303,0.023416705429553986,0.03684970198406114,0.5610005656878153,0.12551617374022803,0.007534992881119251,0.0002597812369155387,0.6753333333333333
5,183,periodic,direct,20,0.1481962651014328,0.6580714583396912,0.4091132581233978,0.24250342117415535,0.023689631786611345,0.03412092332210806,0.5564048555162218,0.1251543660958608,0.007543043595635229,0.0002529899809612996,0.6766666666666666
5,184,periodic,direct,20,0.1481962651014328,0.6580714583396912,0.4091132581233978,0.24052977396382225,0.022679888125922944,0.031107162435849506,0.5673351950115628,0.12627767026424408,0.007210668331633012,0.00025240106171824865,0.6793333333333333
5,185,periodic,direct,20,0.1481962651014328,0.6580714583396912,0.4091132581233978,0.23347976803779602,0.022337358444929123,0.026699371842874423,0.5547905961672465,0.12562012010150486,0.0064524406463735634,0.00023527517785421677,0.6763333333333333
5,186,periodic,direct,20,0.1481962651014328,0.6580714583396912,0.4091132581233978,0.22814128630691105,0.023197780259781413,0.021945605675379436,0.5510346624586318,0.1249582568804423,0.005664244966788424,0.00020810750882244774,0.6773333333333333
5,187,periodic,direct,20,0.1481962651014328,0.6580714583396912,0.4091132581233978,0.2248319172196918,0.022778320229715772,0.021109652395049732,0.5434038440386454,0.12414667341444227,0.004736856143507693,0.00017691608000960614,0.6843333333333333
5,188,periodic,direct,20,0.1481962651014328,0.6580714583396912,0.4091132581233978,0.22738620142141977,0.022093020379543304,0.02296204740802447,0.550425840748681,0.12508727030621636,0.004236310513483154,0.00016624410636723042,0.6786666666666666
5,189,periodic,direct,20,0.1481962651014328,0.6580714583396912,0.4091132581233978,0.22447068327003056,0.022467744226257007,0.019199103116989136,0.5426287518607246,0.12612956431176928,0.004640492817593945,0.00018229985532040396,0.679
5,190,periodic,direct,20,0.1481962651014328,0.6580714583396912,0.4091132581233978,0.2210849854681227,0.02169531314737267,0.01672106681184636,0.5458359453413222,0.1261259921722942,0.0037701863588558305,0.0001478534217716919,0.6796666666666666
5,191,periodic,direct,20,0.1481962651014328,0.6580714583396912,0.4091132581233978,0.22017319169309404,0.021659018885758188,0.016129027120769024,0.5473790234989591,0.126010672085815,0.003150421091251903,0.0001227205308775107,0.6786666666666666
5,192,periodic,direct,20,0.1481962651014328,0.6580714583396912,0.4091132581233978,0.21817304028405082,0.021506099651257198,0.01537648205541902,0.543196803993649,0.12552929917971292,0.0027651701691663927,0.00011778394562295741,0.6806666666666666
5,193,periodic,direct,20,0.1481962651014328,0.6580714583396912,0.4091132581233978,0.2166879028081894,0.02251292744444476,0.01497418743868669,0.5400921901067098,0.12370910081598493,0.0028551609721034765,0.00010977654407421748,0.683
5,194,periodic,direct,20,0.1481962651014328,0.6580714583396912,0.4091132581233978,0.2178717719184028,0.022335054766800668,0.01455711718234751,0.5336391064855788,0.1261666508184539,0.002786630531772971,0.00011144930289851295,0.6803333333333333
5,195,periodic,direct,20,0.1481962651014328,0.6580714583396912,0.4091132581233978,0.21924335923459795,0.021661098011665873,0.017468712913493317,0.5359116858906217,0.12513065917624366,0.00266809583020707,0.00011533990295396911,0.6803333333333333
5,196,periodic,direct,20,0.1481962651014328,0.6580714583396912,0.4091132581233978,0.2214534365468555,0.021609749438034162,0.019168373197317123,0.5358956191274855,0.12545982582701576,0.003123724470949835,0.00012812634102172323,0.6793333333333333
5,197,periodic,direct,20,0.1481962651014328,0.6580714583396912,0.4091132581233978,0.2244442817237642,0.02241293920411004,0.02208577220638593,0.5316551857524447,0.12476464609305064,0.0038783918652269575,0.00015241280844849016,0.6756666666666666
5,198,periodic,direct,20,0.1481962651014328,0.6580714583396912,0.4091132581233978,0.22740472853183746,0.022943163704540994,0.02521717010272874,0.537601113319397,0.1232614095012347,0.004282434574431843,0.00016331160441040993,0.6753333333333333
5,199,periodic,direct,20,0.1481962651014328,0.6580714583396912,0.4091132581233978,0.22847622798548806,0.022330247693591647,0.027444337805112202,0.5414568848080106,0.12197030170096292,0.004982190310127205,0.00018911142574830187,0.681
5,200,periodic,direct,20,0.1481962651014328,0.6580714583396912,0.4091132581233978,0.23947232796086204,0.02256089924938149,0.03417613067560726,0.5363145934210883,0.1253273660937945,0.007282043082846535,0.0002709027418556313,0.6753333333333333
6,1,periodic,direct,20,0.1481962651014328,0.6580714583396912,0.4220970869064331,2.427101386917962,1.092836128340827,0.7870722533395261,2.738969749874539,0.14340931177139282,0.24885367022620308,0.01091976784583595,0.5642857142857143
6,2,periodic,direct,20,0.1481962651014328,0.6580714583396912,0.4220970869064331,1.5846988889906142,0.8485011325942146,0.28228506114747787,2.582775433858236,0.14008287919892204,0.10686711139149135,0.004237388829804129,0.5774285714285714
6,3,periodic,direct,20,0.1481962651014328,0.6580714583396912,0.4220970869064331,1.1941591368781195,0.6655473510424296,0.1319962731666035,2.373396714528402,0.13581984572940403,0.04496794669992394,0.0019440435312895311,0.584
6,4,periodic,direct,20,0.1481962651014328,0.6580714583396912,0.4220970869064331,0.9858255452579923,0.5322196516725752,0.08386912528011534,2.2376408841874866,0.13485375709003872,0.021244050107068486,0.0009937659358709222,0.5897142857142857
6,5,periodic,direct,20,0.1481962651014328,0.6580714583396912,0.4220970869064331,0.8519635068045722,0.43942785925335354,0.06060201509131326,2.1595311164855957,0.13054857899745306,0.010361583903431892,0.0005022972149567471,0.59
6,6,periodic,direct,20,0.1481962651014328,0.6580714583396912,0.4220970869064331,0.7665366729100546,0.3753527005513509,0.050641691933075585,2.0808058182398477,0.1292680965529548,0.006026497110724449,0.0003606892553054624,0.5937142857142857
6,7,periodic,direct,20,0.1481962651014328,0.6580714583396912,0.4220970869064331,0.7021997835901048,0.323718120654424,0.04374163018332587,2.0309692356321545,0.12958348956373003,0.003848527635758122,0.0002707100356929004,0.594
6,8,periodic,direct,20,0.1481962651014328,0.6580714583396912,0.4220970869064331,0.6511615051163567,0.2823437849680583,0.03969911982615789,1.9779297908147175,0.1296956886847814,0.003014349275165134,0.00024553270648337074,0.5954285714285714
6,9,periodic,direct,20,0.1481962651014328,0.6580714583396912,0.4220970869064331,0.6112800041834513,0.25378715329700047,0.03708710562851694,1.9166313542260065,0.12735141068696976,0.0025443812418315145,0.00023802959023871354,0.5985714285714285
6,10,periodic,direct,20,0.1481962651014328,0.6580714583396912,0.4220970869064331,0.5783821410602994,0.2313397228717804,0.034982002443737455,1.8658296399646335,0.12416439668999778,0.002422476497789224,0.00020363739976245497,0.6011428571428571
6,11,periodic,direct,20,0.1481962651014328,0.6580714583396912,0.4220970869064331,0.5514774057600234,0.20748844411638048,0.03428280974427859,1.833609700202942,0.12512634115086663,0.0022416421884877812,0.0001960357056102819,0.5982857142857143
6,12,periodic,direct,20,0.1481962651014328,0.6580714583396912,0.4220970869064331,0.5257576207319895,0.18829763266775343,0.03613328726755248,1.7791449493832059,0.1221711238225301,0.00227426383126941,0.0002078705777724584,0.6005714285714285
6,13,periodic,direct,20,0.1481962651014328,0.6580714583396912,0.4220970869064331,0.5057105090883043,0.1731608526574241,0.03599727567699221,1.738469057612949,0.12145209478007422,0.0023033461895667845,0.0002034145226288173,0.6045714285714285
6,14,periodic,direct,20,0.1481962651014328,0.6580714583396912,0.4220970869064331,0.4906308187378777,0.16344497270054287,0.03397181671526697,1.6982951826519437,0.12211853017409642,0.0023291881144460705,0.00020276427191371718,0.6031428571428571
6,15,periodic,direct,20,0.1481962651014328,0.6580714583396912,0.4220970869064331,0.47105592489242554,0.14965764847066668,0.03393013754652606,1.662098937564426,0.11995264391104381,0.002411769858251015,0.00019941532001313235,0.6062857142857143
6,16,periodic,direct,20,0.1481962651014328,0.6580714583396912,0.4220970869064331,0.4650058448314667,0.1462610645426644,0.032895246520638466,1.6407794952392578,0.12047100315491359,0.0023820994990981286,0.00021905922201565572,0.6057142857142858
6,17,periodic,direct,20,0.1481962651014328,0.6580714583396912,0.4220970869064331,0.451419860124588,0.13417212499512565,0.033116355538368225,1.6086712280909221,0.12199692676464717,0.0023355341723395717,0.00019911392074492242,0.6042857142857143
6,18,periodic,direct,20,0.1481962651014328,0.6580714583396912,0.4220970869064331,0.43972623679373,0.12434208393096924,0.035149549030595355,1.5731968217425876,0.12157911393377516,0.0024724200937069124,0.0001991934647473196,0.6102857142857143
6,19,periodic,direct,20,0.1481962651014328,0.6580714583396912,0.4220970869064331,0.42353154553307426,0.11667540752225453,0.03305789786908361,1.5386597447925143,0.11864160829120213,0.0023950543513314593,0.00018625745239357153,0.6091428571428571
6,20,periodic,direct,20,0.1481962651014328,0.6580714583396912,0.4220970869064331,0.41382321384218,0.11141130659315321,0.030599513608548377,1.513257384300232,0.11914725767241584,0.0024790249299257994,0.000199762056581676,0.6111428571428571
6,21,periodic,direct,20,0.1481962651014328,0.6580714583396912,0.4220970869064331,0.40509307384490967,0.10605247153176202,0.029434698944290478,1.4966956774393718,0.11859575162331264,0.0024842604115191433,0.00019690731359231804,0.6088571428571429
6,22,periodic,direct,20,0.1481962651014328,0.6580714583396912,0.4220970869064331,0.39633484019173515,0.10078367342551549,0.029335068124863837,1.4637336333592732,0.11852070606417126,0.0024483157063110005,0.0001957283950307303,0.6137142857142858
6,23,periodic,direct,20,0.1481962651014328,0.6580714583396912,0.4220970869064331,0.3930080599255032,0.09696054789755079,0.030870729229516454,1.4494376579920452,0.11884241468376583,0.0025914246475117076,0.00018977086680630842,0.6114285714285714
6,24,periodic,direct,20,0.1481962651014328,0.6580714583396912,0.4220970869064331,0.38541248109605575,0.09282083643807305,0.03152424924903446,1.4141980806986492,0.11829079190889995,0.0025274646727161277,0.0001861163828935888,0.6151428571428571
6,25,periodic,direct,20,0.1481962651014328,0.6580714583396912,0.4220970869064331,0.3808647394180298,0.0889173870285352,0.03229211312201288,1.3943447404437594,0.11877816667159398,0.0026889197373141847,0.00019626651838835742,0.6157142857142858
6,26,periodic,direct,20,0.1481962651014328,0.6580714583396912,0.4220970869064331,0.3742382559511397,0.08528404434521993,0.031160896230075095,1.3666315078735352,0.1196039691567421,0.002841801460211476,0.0002105730624559025,0.616
6,27,periodic,direct,20,0.1481962651014328,0.6580714583396912,0.4220970869064331,0.3609017100599077,0.07913985268937217,0.029464197241597705,1.3382702668507893,0.11699112670289145,0.00275862951659494,0.00020038155424926017,0.6151428571428571
6,28,periodic,direct,20,0.1481962651014328,0.6580714583396912,0.4220970869064331,0.3653983308209313,0.07921318378713396,0.03318925988343027,1.323812484741211,0.119142337805695,0.0027322921022358867,0.00021230728210260472,0.6182857142857143
6,29,periodic,direct,20,0.1481962651014328,0.6580714583396912,0.4220970869064331,0.3562076886494954,0.07468799874186516,0.033170809555384845,1.3100400898191664,0.11570550666915046,0.003073350319431888,0.00020537128309822746,0.6185714285714285
6,30,periodic,direct,20,0.1481962651014328,0.6580714583396912,0.4220970869064331,0.35503574874666,0.07215062859985563,0.03284323215484619,1.290014386177063,0.11938977655437258,0.003100078190780348,0.00020127782287696996,0.618
6,31,periodic,direct,20,0.1481962651014328,0.6580714583396912,0.4220970869064331,0.35136572851075065,0.07105208560824394,0.03323780703875753,1.2749059465196397,0.11785548345910178,0.00325535799169706,0.00020414244823364748,0.6211428571428571
6,32,periodic,direct,20,0.1481962651014328,0.6580714583396912,0.4220970869064331,0.3420025275813209,0.06799452172385322,0.03130820414258374,1.2412232160568237,0.11694662769635518,0.003067807863569922,0.00019388344501041703,0.6237142857142857
6,33,periodic,direct,20,0.1481962651014328,0.6580714583396912,0.4220970869064331,0.33383530047204757,0.06267651129100058,0.02946298693617185,1.2200143337249756,0.11816053589185078,0.002885327570968204,0.00018233498687752418,0.6165714285714285
6,34,periodic,direct,20,0.1481962651014328,0.6580714583396912,0.4220970869064331,0.33804717659950256,0.0640876293182373,0.0319054230219788,1.2147063414255779,0.11884581959909862,0.0032740280860000187,0.00020130570434654752,0.6265714285714286
6,35,periodic,direct,20,0.1481962651014328,0.6580714583396912,0.4220970869064331,0.33317864603466457,0.060515945984257594,0.036084664364655815,1.1920636759863958,0.11554070313771565,0.0034701806337883077,0.00019174215332087543,0.6225714285714286
6,36,periodic,direct,20,0.1481962651014328,0.6580714583396912,0.4220970869064331,0.3417571518156264,0.061690940625137754,0.03978127986192703,1.1867705980936687,0.11965117851893108,0.0037164057398007978,0.00019697920005354617,0.6245714285714286
6,37,periodic,direct,20,0.1481962651014328,0.6580714583396912,0.4220970869064331,0.33267654644118416,0.06006792808572451,0.03816471373041471,1.1583833297093709,0.11636726475424236,0.004272378386101789,0.0002042397391051054,0.6257142857142857
6,38,periodic,direct,20,0.1481962651014328,0.6580714583396912,0.4220970869064331,0.3244059946801927,0.05667134622732798,0.034214541936914124,1.1362637413872614,0.11741941670576732,0.004730370723538929,0.00021825957163754437,0.6242857142857143
6,39,periodic,direct,20,0.1481962651014328,0.6580714583396912,0.4220970869064331,0.315161708328459,0.055011785278717674,0.02910635020169947,1.118446456061469,0.11685720086097717,0.004468249001850684,0.00021519768051803112,0.622
6,40,periodic,direct,20,0.1481962651014328,0.6580714583396912,0.4220970869064331,0.31505905257331,0.0551117497185866,0.029380203121238284,1.110216564602322,0.11753664248519474,0.0038290743509100545,0.00018850926749615205,0.6288571428571429
6,41,periodic,direct,21,0.1306828260421753,0.7494739890098572,0.4191136956214905,0.3871823516156938,0.06319756516151959,0.09109233154190911,1.1201457447475858,0.11768416315317154,0.006047634899409281,0.00033979606814682484,0.61
6,42,periodic,direct,21,0.1306828260421753,0.7494739890098572,0.4191136956214905,0.36288970708847046,0.05829514024986161,0.06975213603840934,1.1284340487586126,0.11820427079995473,0.007223324850201607,0.00036619073297414515,0.618
6,43,periodic,direct,21,0.1306828260421753,0.7494739890098572,0.4191136956214905,0.3503439492649502,0.055904090818431645,0.06301949876877996,1.0962442954381306,0.11802319023344252,0.007230918854475021,0.00031456194766279723,0.616
6,44,periodic,direct,21,0.1306828260421753,0.7494739890098572,0.4191136956214905,0.33318307664659286,0.05292480894260936,0.05223914939496252,1.0773917966418796,0.11695366849501927,0.006367470137774944,0.0002850766759365797,0.6194285714285714
6,45,periodic,direct,21,0.1306828260421753,0.7494739890098572,0.4191136956214905,0.32139090696970624,0.051416870620515615,0.04236098461680942,1.066938254568312,0.11802071581284206,0.005531835111065043,0.0002651675798309346,0.6211428571428571
6,46,periodic,direct,21,0.1306828260421753,0.7494739890098572,0.4191136956214905,0.3149668474992116,0.04970321597324477,0.03917400704489814,1.046269628736708,0.11892151418659422,0.004860959688408507,0.00022133346647024155,0.622
6,47,periodic,direct,21,0.1306828260421753,0.7494739890098572,0.4191136956214905,0.30318691001998055,0.04815990933113628,0.03500082819826073,1.033772157298194,0.11437774615155326,0.004326065950509574,0.0002163409759911398,0.618
6,48,periodic,direct,21,0.1306828260421753,0.7494739890098572,0.4191136956214905,0.2967347204685211,0.04631892012225257,0.03042455928193198,1.0151411957210965,0.11651256763272816,0.0037431144155561924,0.00018599001406174566,0.6242857142857143
6,49,periodic,direct,21,0.1306828260421753,0.7494739890098572,0.4191136956214905,0.29370982779396904,0.04614830927716361,0.027067986834380362,1.000621709558699,0.11870953689018886,0.0032663868171059424,0.0001772569828770227,0.6225714285714286
6,50,periodic,direct,21,0.1306828260421753,0.7494739890098572,0.4191136956214905,0.2915528681543138,0.045470879723628364,0.02665690787964397,0.993099590142568,0.11865769657823774,0.0027716129811273683,0.0001432244316674769,0.6222857142857143
6,51,periodic,direct,21,0.1306828260421753,0.7494739890098572,0.4191136956214905,0.2864432964060042,0.04428024093310038,0.026751815651853878,0.9813404613071017,0.11590222103728189,0.002608600383003553,0.00014135164545021125,0.6228571428571429
6,52,periodic,direct,21,0.1306828260421753,0.7494739890098572,0.4191136956214905,0.29077545470661587,0.042914686931504145,0.028572806260652013,0.975757916768392,0.12041378269592921,0.002449633087962866,0.00014714789318127764,0.6262857142857143
6,53,periodic,direct,21,0.1306828260421753,0.7494739890098572,0.4191136956214905,0.2823298970858256,0.042829911741945476,0.027719389647245407,0.9502738118171692,0.11542499313751857,0.002516411244869232,0.0001400260306480858,0.6231428571428571
6,54,periodic,direct,21,0.1306828260421753,0.7494739890098572,0.4191136956214905,0.28358764118618435,0.04233142857750257,0.026836541377835803,0.9530995885531107,0.11774417592419519,0.0025807276057700315,0.00015034542108575502,0.6228571428571429
6,55,periodic,direct,21,0.1306828260421753,0.7494739890098572,0.4191136956214905,0.2800619800885518,0.040040000859234065,0.027547349946366415,0.943250384595659,0.11666074726316664,0.0028280908138387734,0.00014959154779919318,0.6282857142857143
6,56,periodic,direct,21,0.1306828260421753,0.7494739890098572,0.4191136956214905,0.28807661268446183,0.04114496625132031,0.03407520925005277,0.9387893809212579,0.1172458032766978,0.0032994992927544648,0.0001638775833675431,0.6254285714285714
6,57,periodic,direct,21,0.1306828260421753,0.7494739890098572,0.4191136956214905,0.28847870230674744,0.04001599922776222,0.03872665845685535,0.9254697296354506,0.1151360273361206,0.0039212944813900525,0.0001848070533014834,0.6271428571428571
6,58,periodic,direct,21,0.1306828260421753,0.7494739890098572,0.4191136956214905,0.2847197850545247,0.04032184638910823,0.03399291468991174,0.9198884500397576,0.11608598960770501,0.004453484382894304,0.00020688858219525881,0.6228571428571429
6,59,periodic,direct,21,0.1306828260421753,0.7494739890098572,0.4191136956214905,0.28209538923369515,0.03897608154349857,0.03275171936386161,0.9111136529180739,0.11694551093710794,0.004424841453631719,0.00019659533993237547,0.6265714285714286
6,60,periodic,direct,21,0.1306828260421753,0.7494739890098572,0.4191136956214905,0.2793613639142778,0.03896517099605666,0.030392468803458743,0.9033535321553549,0.1175647924343745,0.004035439911401934,0.00017171300714835525,0.6254285714285714
6,61,periodic,direct,21,0.1306828260421753,0.7494739890098572,0.4191136956214905,0.2808133794201745,0.038730111800962023,0.03592337585157818,0.8939503563774956,0.11446688075860341,0.0043993862345814705,0.00019653984216145344,0.6257142857142857
6,62,periodic,direct,21,0.1306828260421753,0.7494739890098572,0.4191136956214905,0.2731252412001292,0.037495314247078367,0.031053482244412105,0.8736173841688368,0.11476898027790917,0.0046922921513517695,0.00019914402057313256,0.6311428571428571
6,63,periodic,direct,21,0.1306828260421753,0.7494739890098572,0.4191136956214905,0.27847695019510055,0.03819010406732559,0.035345669421884746,0.873881094985538,0.11517888969845241,0.004555603696240319,0.00019273141838817133,0.6294285714285714
6,64,periodic,direct,21,0.1306828260421753,0.7494739890098572,0.4191136956214905,0.27705664104885525,0.03742605447769165,0.03209532590376006,0.873305062452952,0.11773766080538432,0.004739505601012045,0.0001946668554511335,0.6282857142857143
6,65,periodic,direct,21,0.1306828260421753,0.7494739890098572,0.4191136956214905,0.2729846040407817,0.03735377763708433,0.02988671614891953,0.8590125640233358,0.11740332262383567,0.004697685699082083,0.0001813709321949217,0.6297142857142857
6,66,periodic,direct,21,0.1306828260421753,0.7494739890098572,0.4191136956214905,0.27041755119959515,0.035654525789949626,0.028459396006332502,0.8603448536660936,0.11791470150152843,0.004528513023008903,0.00018037983682006598,0.6317142857142857
6,67,periodic,direct,21,0.1306828260421753,0.7494739890098572,0.4191136956214905,0.2699846525986989,0.0353274324701892,0.02984060926569833,0.8528787559933133,0.11720458583699332,0.004465132537815306,0.00018316671614431671,0.6302857142857143
6,68,periodic,direct,21,0.1306828260421753,0.7494739890098572,0.4191136956214905,0.26497087213728165,0.035469534082545176,0.027388566070132785,0.8353676199913025,0.11644065876801808,0.004097471660416987,0.00017324523974416984,0.6262857142857143
6,69,periodic,direct,21,0.1306828260421753,0.7494739890098572,0.4191136956214905,0.2646149893601735,0.03476859856810835,0.027703413739800453,0.8343246844079759,0.11658270408709843,0.004072107943809695,0.0001834774997809695,0.6314285714285715
6,70,periodic,direct,21,0.1306828260421753,0.7494739890098572,0.4191136956214905,0.25853333208296037,0.03450610819790098,0.025728610654671986,0.8197010490629408,0.11450497143798405,0.0034891998447063896,0.0001578652946692374,0.6294285714285714
6,71,periodic,direct,21,0.1306828260421753,0.7494739890098572,0.4191136956214905,0.25752327342828113,0.034375411147872605,0.021680152871542506,0.8178259465429518,0.11791764779223336,0.0033770069842123324,0.0001579163104502691,0.6325714285714286
6,72,periodic,direct,21,0.1306828260421753,0.7494739890098572,0.4191136956214905,0.2537751810418235,0.032506590916050807,0.020208816561434004,0.8160083956188626,0.117906058828036,0.0029645700835519368,0.0001411751856923931,0.6328571428571429
6,73,periodic,direct,21,0.1306828260421753,0.7494739890098572,0.4191136956214905,0.2523061517212126,0.03360478414429559,0.02103419601917267,0.8059888217184279,0.11559478441874187,0.002813768805935979,0.00013325020619150664,0.6288571428571429
6,74,periodic,direct,21,0.1306828260421753,0.7494739890098572,0.4191136956214905,0.25726312895615894,0.03344547707173559,0.024022484198212624,0.7982759277025858,0.11851906528075536,0.0027626865388204656,0.00013432619420604574,0.6322857142857143
6,75,periodic,direct,21,0.1306828260421753,0.7494739890098572,0.4191136956214905,0.2553645554516051,0.03393757943477896,0.025478410845001537,0.8020198941230774,0.11421891964144176,0.002917753118607733,0.00013755803876039054,0.6357142857142857
6,76,periodic,direct,21,0.1306828260421753,0.7494739890098572,0.4191136956214905,0.2558254798253377,0.032033047121432096,0.02482366541193591,0.8010382188691033,0.11737177107069227,0.00284994352194998,0.00013640200874457756,0.6271428571428571
6,77,periodic,direct,21,0.1306828260421753,0.7494739890098572,0.4191136956214905,0.25515126354164547,0.032573852895034686,0.025326533243060112,0.7863937483893501,0.11709708803229862,0.00288784340955317,0.00014098042285897664,0.6334285714285715
6,78,periodic,direct,21,0.1306828260421753,0.7494739890098572,0.4191136956214905,0.25226182738939923,0.03193179497288333,0.024560700688097212,0.7871438397301568,0.1155148595571518,0.0029356961604207754,0.0001444828101537294,0.6328571428571429
6,79,periodic,direct,21,0.1306828260421753,0.7494739890098572,0.4191136956214905,0.25495798057980007,0.03223645542230871,0.026109063376983006,0.7774875428941515,0.11726841661665174,0.0030529033651368487,0.00013768601800418564,0.6291428571428571
6,80,periodic,direct,21,0.1306828260421753,0.7494739890098572,0.4191136956214905,0.2588283403052224,0.032076424815588526,0.02840775458349122,0.7791474991374545,0.11878607753250334,0.003151723623482717,0.0001349524245597422,0.632
6,81,periodic,direct,22,0.13210740685462952,0.7248562574386597,0.41846051812171936,0.2623493406507704,0.03242847778730922,0.03464142026172744,0.7699284222390916,0.11637033604913288,0.003662714838153786,0.0001698176234236194,0.6368571428571429
6,82,periodic,direct,22,0.13210740685462952,0.7248562574386597,0.41846051812171936,0.26158624556329513,0.0326153329677052,0.03271087052093612,0.7625023523966471,0.1174194183614519,0.004971775536735852,0.00020899334534381828,0.6305714285714286
6,83,periodic,direct,22,0.13210740685462952,0.7248562574386597,0.41846051812171936,0.2577471865548028,0.03113819079266654,0.030755064139763515,0.7575818962521024,0.11742984503507614,0.005127415785359012,0.00020437740669068362,0.6274285714285714
6,84,periodic,direct,22,0.13210740685462952,0.7248562574386597,0.41846051812171936,0.2525489032268524,0.03156815634833442,0.02728826676805814,0.7511278655793932,0.11613287611140145,0.004705239915185505,0.00018839461780670617,0.6331428571428571
6,85,periodic,direct,22,0.13210740685462952,0.7248562574386597,0.41846051812171936,0.2522626469532649,0.03128886140055127,0.02957961418562465,0.7414798670344882,0.11476834780640072,0.004764006110943026,0.0001916669554904931,0.6322857142857143
6,86,periodic,direct,22,0.13210740685462952,0.7248562574386597,0.41846051812171936,0.25505737794770134,0.030626383506589465,0.029183326082097158,0.7516745461357964,0.11759278923273087,0.0047940583899617195,0.00018078216817229986,0.628
6,87,periodic,direct,22,0.13210740685462952,0.7248562574386597,0.41846051812171936,0.24987630711661446,0.029778118969665632,0.02783302590250969,0.7388110359509786,0.11601157403654522,0.004562862527867158,0.00018209516484704282,0.6322857142857143
6,88,periodic,direct,22,0.13210740685462952,0.7248562574386597,0.41846051812171936,0.2501070532533858,0.029639960991011724,0.027157018582026165,0.7381272382206387,0.11745162556568782,0.0039302021937651765,0.00016124693987270197,0.6305714285714286
6,89,periodic,direct,22,0.13210740685462952,0.7248562574386597,0.41846051812171936,0.24909034040239122,0.03019964922633436,0.025703724266754255,0.7262331777148776,0.11858304507202572,0.0038199341700722775,0.00014125505953820216,0.6354285714285715
6,90,periodic,direct,22,0.13210740685462952,0.7248562574386597,0.41846051812171936,0.24825970166259342,0.030182903425561056,0.02421398005551762,0.7324226631058587,0.11848135126961602,0.004123497495634688,0.00015489789398594035,0.6322857142857143
6,91,periodic,direct,22,0.13210740685462952,0.7248562574386597,0.41846051812171936,0.24978473451402453,0.029315679644544918,0.029364050676425297,0.7216150032149421,0.11665712462531196,0.004406732144869036,0.00016602848578865329,0.632
6,92,periodic,direct,22,0.13210740685462952,0.7248562574386597,0.41846051812171936,0.2491806017027961,0.02925873775449064,0.028881401651435427,0.7232277194658915,0.11629900336265564,0.004665412836604648,0.00017195571369181076,0.6362857142857142
6,93,periodic,direct,22,0.13210740685462952,0.7248562574386597,0.41846051812171936,0.2502389798561732,0.029823300946089957,0.029213870979017682,0.7201094097561307,0.11693559007512198,0.004335055489920908,0.00017548766401078965,0.6368571428571429
6,94,periodic,direct,22,0.13210740685462952,0.7248562574386597,0.41846051812171936,0.24814307358529833,0.029083416900700994,0.027969662100076675,0.7142826053831313,0.11731224010388057,0.004534675584485133,0.00016431007275564803,0.6342857142857142
6,95,periodic,direct,22,0.13210740685462952,0.7248562574386597,0.41846051812171936,0.24610969258679283,0.02934113351835145,0.02778636726240317,0.7116113503774008,0.11536970651812023,0.004722834150824282,0.00017986030757634176,0.6377142857142857
6,96,periodic,direct,22,0.13210740685462952,0.7248562574386597,0.41846051812171936,0.253055923514896,0.02904174228509267,0.03329306633936034,0.7010980182223849,0.11783531225389904,0.00534599269222882,0.00020599925968175134,0.6308571428571429
6,97,periodic,direct,22,0.13210740685462952,0.7248562574386597,0.41846051812171936,0.24909673300054339,0.02921194541785452,0.028532479372289445,0.704895728164249,0.11811209966739018,0.005276466564585765,0.00022481136127478548,0.6317142857142857
6,98,periodic,direct,22,0.13210740685462952,0.7248562574386597,0.41846051812171936,0.25042008360226947,0.0283385401384698,0.03087194822728634,0.7106898625691732,0.1172451385193401,0.005562956134478251,0.00022798255991397632,0.6348571428571429
6,99,periodic,direct,22,0.13210740685462952,0.7248562574386597,0.41846051812171936,0.24366899828116098,0.027796251078446705,0.025929895747039054,0.6966090930832757,0.1172153510981136,0.005883765820827749,0.0002494156489976578,0.6371428571428571
6,100,periodic,direct,22,0.13210740685462952,0.7248562574386597,0.41846051812171936,0.2466336174143685,0.02902345545589924,0.025443034453524485,0.6922249065505134,0.12017627474334505,0.0053162346594035625,0.0002204731572419405,0.6342857142857142
6,101,periodic,direct,22,0.13210740685462952,0.7248562574386597,0.41846051812171936,0.24508401420381334,0.028582648270659976,0.029694887499014538,0.6865223579936557,0.11578537192609575,0.004546699735025565,0.00019104053757877814,0.6328571428571429
6,102,periodic,direct,22,0.13210740685462952,0.7248562574386597,0.41846051812171936,0.24603315691153207,0.02812996506690979,0.028857686660355993,0.6859354840384589,0.11810872952143352,0.004484816299130519,0.00020162860164418817,0.6371428571428571
6,103,periodic,direct,22,0.13210740685462952,0.7248562574386597,0.41846051812171936,0.24667836560143364,0.02767613364590539,0.032049153827958636,0.6886453694767423,0.11538637595044242,0.005182465279681815,0.00022186232834226556,0.636
6,104,periodic,direct,22,0.13210740685462952,0.7248562574386597,0.41846051812171936,0.25724442468749154,0.028190408936805196,0.04008056430353059,0.6779875093036227,0.11811076766914791,0.005895444347212712,0.00023241563596659235,0.632
6,105,periodic,direct,22,0.13210740685462952,0.7248562574386597,0.41846051812171936,0.25914738244480556,0.028651341588960752,0.04302938075529204,0.673579023944007,0.11673476133081648,0.00649826078572207,0.0002497246217293044,0.6365714285714286
6,106,periodic,direct,22,0.13210740685462952,0.7248562574386597,0.41846051812171936,0.2719993260171678,0.028720619570877817,0.05310626907481088,0.6897208491961161,0.1172226650847329,0.00767821218404505,0.0002771572520335515,0.634
6,107,periodic,direct,22,0.13210740685462952,0.7248562574386597,0.41846051812171936,0.28066468901104397,0.02862170400718848,0.061874442216422826,0.6895057691468133,0.11690929532051086,0.008288035479684671,0.0003292993707064953,0.6368571428571429
6,108,periodic,direct,22,0.13210740685462952,0.7248562574386597,0.41846051812171936,0.30402307046784294,0.029101270975338087,0.08082087420754963,0.6924953394465976,0.1181123736831877,0.012975001293751929,0.0005030346866179672,0.6288571428571429
6,109,periodic,direct,22,0.13210740685462952,0.7248562574386597,0.41846051812171936,0.2992458707756466,0.029229452419612143,0.07097508344385359,0.6952388617727492,0.12136248995860417,0.015715731618305046,0.0005941935232840478,0.6342857142857142
6,110,periodic,direct,22,0.13210740685462952,0.7248562574386597,0.41846051812171936,0.27802383568551803,0.02838660404086113,0.055617118875185646,0.6794015367825826,0.11804877718289693,0.015480330731305812,0.0005820268803897003,0.6388571428571429
6,111,periodic,direct,22,0.13210740685462952,0.7248562574386597,0.41846051812171936,0.2586054868168301,0.027128056726521917,0.03934609186318186,0.6780121988720365,0.11764004578193028,0.012871167208585475,0.0005089856697142952,0.6357142857142857
6,112,periodic,direct,22,0.13210740685462952,0.7248562574386597,0.41846051812171936,0.24885797003904978,0.02727941589223014,0.0326489330165916,0.6692608727349175,0.11686694704824024,0.009909244771632884,0.00036391243985336687,0.6362857142857142
6,113,periodic,direct,22,0.13210740685462952,0.7248562574386597,0.41846051812171936,0.2414182557000054,0.026952878882487614,0.027098930751283962,0.6602547234959073,0.11763545953565174,0.0071484858894513715,0.00026254394712547463,0.6368571428571429
6,114,periodic,direct,22,0.13210740685462952,0.7248562574386597,0.41846051812171936,0.24006374842590755,0.026261428164111242,0.02486959058377478,0.6626930236816406,0.11993648442957136,0.005263885534885857,0.0001899965185051163,0.6391428571428571
6,115,periodic,direct,22,0.13210740685462952,0.7248562574386597,0.41846051812171936,0.2320593297481537,0.025413540088468127,0.024193914814127818,0.6517564124531217,0.11499866180949742,0.004374445519513554,0.000180686267817186,0.6405714285714286
6,116,periodic,direct,22,0.13210740685462952,0.7248562574386597,0.41846051812171936,0.23709878822167715,0.027044275568591222,0.02366006871064504,0.6490078104866875,0.11935921096139485,0.004099694779142737,0.0001692104722476668,0.6374285714285715
6,117,periodic,direct,22,0.13210740685462952,0.7248562574386597,0.41846051812171936,0.23235930502414703,0.025996262828509014,0.021897612139582634,0.6519958178202311,0.11719401180744171,0.003975321693966786,0.00016835498778770366,0.6351428571428571
6,118,periodic,direct,22,0.13210740685462952,0.7248562574386597,0.41846051812171936,0.22942613893085056,0.02530144217113654,0.020499542562497988,0.6470084455278184,0.11709395713276333,0.0035183866922226218,0.00014231293850267926,0.6388571428571429
6,119,periodic,direct,22,0.13210740685462952,0.7248562574386597,0.41846051812171936,0.22888208429018655,0.025841851408282917,0.018065144411391683,0.6433622174792819,0.11905140595303641,0.0030467601286040414,0.00012815834230018986,0.6368571428571429
6,120,periodic,direct,22,0.13210740685462952,0.7248562574386597,0.41846051812171936,0.2232788105805715,0.02569065098133352,0.016509054228663445,0.6320371561580234,0.11648834993441899,0.002661955827433202,0.00011212903256010677,0.6362857142857142
6,121,periodic,direct,23,0.13729682564735413,0.7295202016830444,0.41839301586151123,0.22274254593584272,0.024700720691018634,0.015442444632450739,0.6383072998788621,0.11749555584457186,0.0024441530048433277,0.00010203125162257088,0.6371428571428571
6,122,periodic,direct,23,0.13729682564735413,0.7295202016830444,0.41839301586151123,0.22187666594982147,0.024845109838578436,0.014521686567200555,0.6353407104810079,0.1178307177291976,0.002185449055913422,0.00010470271809026599,0.6377142857142857
6,123,periodic,direct,23,0.13729682564735413,0.7295202016830444,0.41839301586151123,0.21925481326050228,0.025275104989608128,0.014543001229564348,0.6225027441978455,0.1160725603501002,0.002123022723632554,0.00010472073012755977,0.6388571428571429
6,124,periodic,direct,23,0.13729682564735413,0.7295202016830444,0.41839301586151123,0.22151993380652535,0.024743166855639882,0.014489146570364634,0.6300394402609931,0.11817268944448894,0.0021270212148212725,9.49545258966585e-05,0.6417142857142857
6,125,periodic,direct,23,0.13729682564735413,0.7295202016830444,0.41839301586151123,0.2234881255361769,0.02494995378785663,0.015779667120012972,0.629512197441525,0.11869279460774528,0.002136983908712864,9.199752498211132e-05,0.6405714285714286
6,126,periodic,direct,23,0.13729682564735413,0.7295202016830444,0.41839301586151123,0.23132701383696663,0.025506893172860146,0.0243446897301409,0.6240518887837728,0.1176633271906111,0.002703768097692066,0.00011005506126417054,0.6397142857142857
6,127,periodic,direct,23,0.13729682564735413,0.7295202016830444,0.41839301586151123,0.2785913116402096,0.027050451892945502,0.06703661630551021,0.6411168045467801,0.11724720067448086,0.006080548744648695,0.00021016875204319754,0.6397142857142857
6,128,periodic,direct,23,0.13729682564735413,0.7295202016830444,0.41839301586151123,0.2558418760697047,0.026247055787179206,0.04548483631677098,0.6317686372333102,0.11649278551340103,0.008581975837134652,0.00029867368802014325,0.6382857142857142
6,129,periodic,direct,23,0.13729682564735413,0.7295202016830444,0.41839301586151123,0.24748400350411734,0.025445010513067245,0.036914379646380745,0.6294414069917467,0.11824793285793728,0.007601199982066949,0.0002638901156994204,0.6411428571428571
6,130,periodic,direct,23,0.13729682564735413,0.7295202016830444,0.41839301586151123,0.24110451506243813,0.025230687111616135,0.03230973891913891,0.6180731985304091,0.11839147077666388,0.00649580592289567,0.00023478621409999,0.6365714285714286
6,131,periodic,direct,23,0.13729682564735413,0.7295202016830444,0.41839301586151123,0.2378878974252277,0.024706030471457377,0.030623188242316246,0.6193787588013543,0.11744234379794863,0.006131884538465076,0.00022503577121016051,0.6377142857142857
6,132,periodic,direct,23,0.13729682564735413,0.7295202016830444,0.41839301586151123,0.23459017111195457,0.024380103995402653,0.028323233541515138,0.6198708878623115,0.1169330742624071,0.005715515205843581,0.00021782171420959962,0.638
6,133,periodic,direct,23,0.13729682564735413,0.7295202016830444,0.41839301586151123,0.2336890267001258,0.025033031693763204,0.028391763774885073,0.6146281229125129,0.1161839473578665,0.005050185498678022,0.00018474713174833191,0.6397142857142857
6,134,periodic,direct,23,0.13729682564735413,0.7295202016830444,0.41839301586151123,0.23024324907196891,0.024316456996732287,0.026629214485486347,0.6127746303876241,0.11567163964112599,0.004513743540479077,0.00018320832815435197,0.6411428571428571
6,135,periodic,direct,23,0.13729682564735413,0.7295202016830444,0.41839301586151123,0.2343535539176729,0.02450294875436359,0.02831050981250074,0.6078334583176507,0.11847082773844402,0.004393312278100186,0.00017852720985603,0.6405714285714286
6,136,periodic,direct,23,0.13729682564735413,0.7295202016830444,0.41839301586151123,0.23425662351979148,0.024414712149235938,0.029197693078054324,0.6151047878795199,0.11667509542571174,0.004736867681559589,0.0001804086625472539,0.6382857142857142
6,137,periodic,direct,23,0.13729682564735413,0.7295202016830444,0.41839301586151123,0.23855127725336286,0.024317072083552677,0.03244776030381521,0.6113298270437453,0.11791104492213991,0.005269405328565174,0.0002154209327677058,0.6382857142857142
6,138,periodic,direct,23,0.13729682564735413,0.7295202016830444,0.41839301586151123,0.24021137257417044,0.024656683827439945,0.032957274466753006,0.6125522123442756,0.11836137291457918,0.00574386404413316,0.00021776739999444949,0.6385714285714286
6,139,periodic,direct,23,0.13729682564735413,0.7295202016830444,0.41839301586151123,0.23881067832310995,0.0248319028566281,0.03367174127035671,0.6133759617805481,0.116207474635707,0.00532186957490113,0.00020205647322452732,0.642
6,140,periodic,direct,23,0.13729682564735413,0.7295202016830444,0.41839301586151123,0.23475616839196947,0.024056503135297034,0.03104776826997598,0.6044948763317533,0.11631835500399272,0.005575420283195045,0.00019268924370408058,0.6397142857142857
6,141,periodic,direct,23,0.13729682564735413,0.7295202016830444,0.41839301586151123,0.2421194612979889,0.02398233860731125,0.035696085542440414,0.6092629366450839,0.11850432720449236,0.005807400215417147,0.00021343629729623595,0.6368571428571429
6,142,periodic,direct,23,0.13729682564735413,0.7295202016830444,0.41839301586151123,0.24257183074951172,0.02447072954641448,0.038461410337024264,0.5968554351064894,0.1168222510152393,0.006043674527770943,0.00022011497316675054,0.6365714285714286
6,143,periodic,direct,23,0.13729682564735413,0.7295202016830444,0.41839301586151123,0.24069008065594566,0.024408965475029416,0.034553350052899785,0.602792759736379,0.11834988908635245,0.005965855076081223,0.00023134698858484626,0.6391428571428571
6,144,periodic,direct,23,0.13729682564735413,0.7295202016830444,0.41839301586151123,0.25078429612848496,0.024396331359942753,0.041974326595664024,0.6149325966835022,0.11932352102465099,0.006932319452365239,0.00026139150658208464,0.6408571428571429
6,145,periodic,direct,23,0.13729682564735413,0.7295202016830444,0.41839301586151123,0.2524674071205987,0.024568656459450722,0.04431438446044922,0.6070010794533623,0.1189059317111969,0.007661387117372619,0.0002952722263418966,0.6368571428571429
6,146,periodic,direct,23,0.13729682564735413,0.7295202016830444,0.41839301586151123,0.25468534893459743,0.024630052141017385,0.04715679585933685,0.603468550576104,0.11816978620158301,0.008428353712790541,0.0003353417721680469,0.6394285714285715
6,147,periodic,direct,23,0.13729682564735413,0.7295202016830444,0.41839301586151123,0.24671477410528395,0.024223260374532804,0.04002073407173157,0.6058406167560153,0.1176507282588217,0.00816720263618562,0.0003047791413134999,0.64
6,148,periodic,direct,23,0.13729682564735413,0.7295202016830444,0.41839301586151123,0.24078854587343004,0.023625464075141482,0.03540174994203779,0.6006340781847636,0.1176079445415073,0.0079065035097301,0.0002734540030360222,0.6434285714285715
6,149,periodic,direct,23,0.13729682564735413,0.7295202016830444,0.41839301586151123,0.23611799710326725,0.023689249323474035,0.03470588889386919,0.5938523146841261,0.11495100458463033,0.006546491187893682,0.00022675076292620765,0.638
6,150,periodic,direct,23,0.13729682564735413,0.7295202016830444,0.41839301586151123,0.2433333827389611,0.023751364399989445,0.036216586000389524,0.6018581655290391,0.11970352629820506,0.006692864259497987,0.00025930406344640587,0.6422857142857142
6,151,periodic,direct,23,0.13729682564735413,0.7295202016830444,0.41839301586151123,0.24148765206336975,0.02344312539531125,0.03509569623404079,0.600432554880778,0.11970806204610401,0.006143921106639836,0.00025109675092001754,0.6394285714285715
6,152,periodic,direct,23,0.13729682564735413,0.7295202016830444,0.41839301586151123,0.2387747516234716,0.023974541574716568,0.034117957991030484,0.5913070970111423,0.118156674835417,0.006530894846138027,0.0002588399931684964,0.6414285714285715
6,153,periodic,direct,23,0.13729682564735413,0.7295202016830444,0.41839301586151123,0.23311368458800846,0.023112761684589915,0.03233842468923993,0.5864085555076599,0.11531292233202192,0.007185229876389106,0.00023221752295891443,0.6442857142857142
6,154,periodic,direct,23,0.13729682564735413,0.7295202016830444,0.41839301586151123,0.23185957968235016,0.022927003188265696,0.02769068835510148,0.5895467400550842,0.11871759013997184,0.006921346299350262,0.00021789607773017552,0.6417142857142857
6,155,periodic,direct,23,0.13729682564735413,0.7295202016830444,0.41839301586151123,0.2257959379090203,0.023259358894493844,0.023940948769450188,0.581451071633233,0.11755162229140599,0.005610231672310167,0.0001875705460810827,0.6417142857142857
6,156,periodic,direct,23,0.13729682564735413,0.7295202016830444,0.41839301586151123,0.22428768873214722,0.022918639083703358,0.023886019363999367,0.5849149823188782,0.11636480937401454,0.005067906704627805,0.00018553887881959477,0.6397142857142857
6,157,periodic,direct,23,0.13729682564735413,0.7295202016830444,0.41839301586151123,0.22794122828377616,0.023110902557770412,0.02594597761829694,0.5881859262784322,0.11758852418926027,0.004770957813080814,0.00018349882965493534,0.6448571428571429
6,158,periodic,direct,23,0.13729682564735413,0.7295202016830444,0.41839301586151123,0.22940976255469853,0.02338202339079645,0.027760085339347523,0.5828597942988077,0.11758676088518566,0.004623088054358959,0.00016673952470430068,0.6425714285714286
6,159,periodic,direct,23,0.13729682564735413,0.7295202016830444,0.41839301586151123,0.2289936211374071,0.022432144317362044,0.029096776619553566,0.5766043530570136,0.11730501883559757,0.00481381645012233,0.00018466929517065486,0.6422857142857142
6,160,periodic,direct,23,0.13729682564735413,0.7295202016830444,0.41839301586151123,0.2272059056493971,0.02250785194337368,0.02514751690129439,0.5809574060969882,0.11911770949761073,0.00449928677537375,0.00017487969146006636,0.646
6,161,periodic,direct,24,0.13585767149925232,0.7266578078269958,0.41846317052841187,0.2194818225171831,0.022016435861587524,0.023527245554659102,0.57171673907174,0.11470894846651289,0.003953750892024901,0.00016128300921991467,0.6451428571428571
6,162,periodic,direct,24,0.13585767149925232,0.7266578078269958,0.41846317052841187,0.2265465325779385,0.022344661462638114,0.026001527905464172,0.5727469391292996,0.11902100923988554,0.0036758403293788433,0.00013343855324718688,0.6411428571428571
6,163,periodic,direct,24,0.13585767149925232,0.7266578078269958,0.41846317052841187,0.22428369687663186,0.022428716015484598,0.02467360430293613,0.5765947898228964,0.1174802076485422,0.0039367762704690295,0.00014659569003722735,0.6397142857142857
6,164,periodic,direct,24,0.13585767149925232,0.7266578078269958,0.41846317052841187,0.23014833198653328,0.02312123899658521,0.028647270053625107,0.5788971251911588,0.11821699225240284,0.004390864115622308,0.00015537436896314225,0.6405714285714286
6,165,periodic,direct,24,0.13585767149925232,0.7266578078269958,0.41846317052841187,0.2355638560321596,0.022731305617425177,0.03700663190748957,0.5773969292640686,0.11559002515342501,0.004818346817046404,0.00017406155691585608,0.6417142857142857
6,166,periodic,direct,24,0.13585767149925232,0.7266578078269958,0.41846317052841187,0.24148307906256783,0.023047949911819562,0.038930357744296394,0.582393917772505,0.11840005798472299,0.005516310067226489,0.0002143255939396719,0.6414285714285715
6,167,periodic,direct,24,0.13585767149925232,0.7266578078269958,0.41846317052841187,0.2450796431965298,0.02275181023610963,0.04050206724140379,0.5792413420147366,0.1204830151465204,0.006579445364574592,0.0002577793396388491,0.6388571428571429
6,168,periodic,direct,24,0.13585767149925232,0.7266578078269958,0.41846317052841187,0.23842979967594147,0.022793553148706753,0.03776582289073202,0.5731010039647421,0.11705147640572654,0.006768470578309562,0.0002492209961120453,0.6425714285714286
6,169,periodic,direct,24,0.13585767149925232,0.7266578078269958,0.41846317052841187,0.23318803641531202,0.023046341207292344,0.032350229306353465,0.570850133895874,0.11749189181460275,0.0061989835359983975,0.00023013715528779558,0.6431428571428571
6,170,periodic,direct,24,0.13585767149925232,0.7266578078269958,0.41846317052841187,0.22499855359395346,0.022715927619073126,0.025677150736252468,0.565567778216468,0.1169365867972374,0.0060062880834771525,0.00021792156621813774,0.642
6,171,periodic,direct,24,0.13585767149925232,0.7266578078269958,0.41846317052841187,0.22567668557167053,0.022646886400050588,0.02648862637579441,0.5665087633662753,0.11709566993845834,0.005402117864125305,0.00018712953897193074,0.648
6,172,periodic,direct,24,0.13585767149925232,0.7266578078269958,0.41846317052841187,0.2279017815987269,0.021929820585581992,0.027558345968524616,0.5699542760848999,0.11883617771996392,0.004969008422146241,0.0001950113025183479,0.6394285714285715
6,173,periodic,direct,24,0.13585767149925232,0.7266578078269958,0.41846317052841187,0.22204883893330893,0.022054699973927602,0.02426427871816688,0.5647639367315505,0.11678513056702083,0.004750580785589086,0.00018608813924301002,0.638
6,174,periodic,direct,24,0.13585767149925232,0.7266578078269958,0.41846317052841187,0.2181173430548774,0.021614972088072035,0.022428670277198155,0.5635565453105502,0.1154362161954244,0.004379597363165683,0.00018406171067100432,0.644
6,175,periodic,direct,24,0.13585767149925232,0.7266578078269958,0.41846317052841187,0.21694176064597237,0.021868148404690955,0.021162141114473343,0.5583903458383348,0.11611403193738726,0.0037652593519952563,0.0001515451973925034,0.6428571428571429
6,176,periodic,direct,24,0.13585767149925232,0.7266578078269958,0.41846317052841187,0.21525593598683676,0.021517279454403453,0.02034840712116824,0.5572887659072876,0.11604666047626072,0.0030906707203636565,0.0001387502416037023,0.6397142857142857
6,177,periodic,direct,24,0.13585767149925232,0.7266578078269958,0.41846317052841187,0.2178687850634257,0.021870857725540798,0.019211717570821445,0.5621660749117533,0.11895032309823567,0.0030891881841752264,0.00014937084375156296,0.64
6,178,periodic,direct,24,0.13585767149925232,0.7266578078269958,0.41846317052841187,0.2149032966958152,0.02156831489668952,0.01735542259282536,0.5544222394625345,0.11886605537599987,0.0031888593609134355,0.00015369996738930544,0.6448571428571429
6,179,periodic,direct,24,0.13585767149925232,0.7266578078269958,0.41846317052841187,0.21349689364433289,0.021737442248397403,0.01746970746252272,0.5582955810758803,0.11670253425836563,0.0033501358185377386,0.000165167600951261,0.6431428571428571
6,180,periodic,direct,24,0.13585767149925232,0.7266578078269958,0.41846317052841187,0.21927931904792786,0.020873640353480976,0.01867837914162212,0.5594442950354682,0.12218481219477123,0.0030518630002107886,0.0001442504516388807,0.6448571428571429
6,181,periodic,direct,24,0.13585767149925232,0.7266578078269958,0.41846317052841187,0.21653911968072256,0.021686533879902627,0.02248700356317891,0.5524845918019613,0.11531857815053728,0.0034343438585185343,0.0001627493895486825,0.6442857142857142
6,182,periodic,direct,24,0.13585767149925232,0.7266578078269958,0.41846317052841187,0.21778298748864067,0.021300560277369287,0.022927827512224514,0.5534629424413046,0.11619644694858128,0.0038505445958839524,0.0001731640012520883,0.642
6,183,periodic,direct,24,0.13585767149925232,0.7266578078269958,0.41846317052841187,0.22296437289979723,0.021659837207860418,0.026857736003067758,0.55581310722563,0.11668047060569127,0.004199307825830247,0.00017072879321252307,0.6391428571428571
6,184,periodic,direct,24,0.13585767149925232,0.7266578078269958,0.41846317052841187,0.22353623641861808,0.02178206667304039,0.02701728728910287,0.561547597249349,0.11613545980718401,0.0046994114398128456,0.00019390639823137058,0.6451428571428571
6,185,periodic,direct,24,0.13585767149925232,0.7266578078269958,0.41846317052841187,0.22394820054372153,0.021792303770780563,0.023683067204223737,0.5594171351856656,0.12002942711114883,0.004813571046623919,0.00018980097956955433,0.6414285714285715
6,186,periodic,direct,24,0.13585767149925232,0.7266578078269958,0.41846317052841187,0.22099958691332075,0.021802312797970243,0.02364147413108084,0.5512654450204637,0.11810349507464303,0.004475269000977278,0.00017625243506497808,0.6405714285714286
6,187,periodic,direct,24,0.13585767149925232,0.7266578078269958,0.41846317052841187,0.2223072217570411,0.021828062625394926,0.0232686431457599,0.556424187289344,0.119241863489151,0.004472111713969045,0.00018034887681197788,0.6422857142857142
6,188,periodic,direct,24,0.13585767149925232,0.7266578078269958,0.41846317052841187,0.21958275139331818,0.020773010328412056,0.024445861164066527,0.549610005484687,0.116950457294782,0.0047230833313531345,0.00018175467590077056,0.646
6,189,periodic,direct,24,0.13585767149925232,0.7266578078269958,0.41846317052841187,0.22277028361956278,0.021167939321862325,0.025253408071067598,0.5524151656362746,0.11814891381396188,0.0056725868748293985,0.00024441761585573357,0.6408571428571429
6,190,periodic,direct,24,0.13585767149925232,0.7266578078269958,0.41846317052841187,0.22245220839977264,0.021712992961208027,0.022982928901910782,0.5557350648774041,0.11938967969682482,0.005359703726652596,0.00022649321989673708,0.6451428571428571
6,191,periodic,direct,24,0.13585767149925232,0.7266578078269958,0.41846317052841187,0.22490793300999534,0.021519707929756906,0.025557927994264498,0.5493888854980469,0.12070806076129277,0.004184678869528903,0.00018202138987059394,0.6437142857142857
6,192,periodic,direct,24,0.13585767149925232,0.7266578078269958,0.41846317052841187,0.22717422909206814,0.02157304311792056,0.03232286270293924,0.5423197084003024,0.11655994670258628,0.004778850927121109,0.00019395751102517048,0.6468571428571429
6,193,periodic,direct,24,0.13585767149925232,0.7266578078269958,0.41846317052841187,0.22632094389862484,0.02112387286292182,0.030236322432756424,0.5503161284658644,0.11724639766746098,0.005156852822336886,0.00020862815694676505,0.6394285714285715
6,194,periodic,direct,24,0.13585767149925232,0.7266578078269958,0.41846317052841187,0.2251226951678594,0.021419672916332882,0.028092567291524675,0.5496131247944303,0.11810717814498478,0.004886439846207698,0.00019748516044475965,0.6488571428571429
6,195,periodic,direct,24,0.13585767149925232,0.7266578078269958,0.41846317052841187,0.22164801590972477,0.021047700403465167,0.027536799510320027,0.5461263060569763,0.11600272688600752,0.004726658575236797,0.0001696547001807226,0.6425714285714286
6,196,periodic,direct,24,0.13585767149925232,0.7266578078269958,0.41846317052841187,0.22242541445626152,0.020740124086538952,0.02759085926744673,0.5461938977241516,0.11713315380944146,0.004505015547490782,0.00017875356004676886,0.6417142857142857
6,197,periodic,direct,24,0.13585767149925232,0.7266578078269958,0.41846317052841187,0.22475833694140115,0.021247081665529147,0.025870158647497494,0.5518821544117398,0.12032970372173521,0.004092494957149029,0.00015385745144966576,0.6428571428571429
6,198,periodic,direct,24,0.13585767149925232,0.7266578078269958,0.41846317052841187,0.22200059394041696,0.02116320323612955,0.027299937274720933,0.5489188962512546,0.11663528200652865,0.0038744778527567783,0.00014608092735418014,0.6434285714285715
6,199,periodic,direct,24,0.13585767149925232,0.7266578078269958,0.41846317052841187,0.23248261710007986,0.02147913786272208,0.034838074611292943,0.5458016594250997,0.11897690180275175,0.005044096563425329,0.0001725726243522432,0.6408571428571429
6,200,periodic,direct,24,0.13585767149925232,0.7266578078269958,0.41846317052841187,0.24307076467408073,0.02181516732606623,0.04734205537372165,0.5516649219724867,0.11607090963257684,0.0051469690580334924,0.00020531301076213518,0.6431428571428571
7,1,periodic,direct,24,0.13585767149925232,0.7266578078269958,0.4286552369594574,2.430159952905443,1.1130783822801378,0.7686951970490554,2.776839017868042,0.14928004145622253,0.23153436515066358,0.011310621164739132,0.55075
7,2,periodic,direct,24,0.13585767149925232,0.7266578078269958,0.4286552369594574,1.628633115026686,0.8970848653051589,0.26726242072052425,2.6942439874013266,0.14562938114007315,0.09418709369169341,0.004276901431795623,0.563
7,3,periodic,direct,24,0.13585767149925232,0.7266578078269958,0.4286552369594574,1.2543358008066814,0.7154850098821852,0.1312050355805291,2.458218945397271,0.14111722840203178,0.03962152720325523,0.0017917031784438426,0.57075
7,4,periodic,direct,24,0.13585767149925232,0.7266578078269958,0.4286552369594574,1.0669799910651312,0.601896689997779,0.08348053610987133,2.328460375467936,0.138818202747239,0.018958772532641888,0.0009182767826132476,0.572
7,5,periodic,direct,24,0.13585767149925232,0.7266578078269958,0.4286552369594574,0.9445098969671462,0.5123557647069296,0.06387421033448643,2.2302503850724964,0.140137889318996,0.00972639893492063,0.0005075362601524426,0.575
7,6,periodic,direct,24,0.13585767149925232,0.7266578078269958,0.4286552369594574,0.8611107998424106,0.44840987192259896,0.05250680653585328,2.1807910866207547,0.1392236053943634,0.005434850748214457,0.00034796262237553793,0.57175
7,7,periodic,direct,24,0.13585767149925232,0.7266578078269958,0.4286552369594574,0.7956342432234023,0.39831723438368904,0.047532759606838226,2.1151894993252225,0.13629969292216831,0.0036797630083229807,0.00025145412008795474,0.5725
7,8,periodic,direct,24,0.13585767149925232,0.7266578078269958,0.4286552369594574,0.737975107298957,0.35253491004308063,0.04314398972524537,2.0707761446634927,0.13372504380014208,0.002759348704583115,0.0002277293371864491,0.572
7,9,periodic,direct,24,0.13585767149925232,0.7266578078269958,0.4286552369594574,0.700179914633433,0.3200309177239736,0.041616950598027974,2.0272336535983615,0.13451778888702393,0.0023803784667203822,0.0002014264141002463,0.57525
7,10,periodic,direct,24,0.13585767149925232,0.7266578078269958,0.4286552369594574,0.6612824400266012,0.2916085289584266,0.03992483102613025,1.9712146123250325,0.1313334902127584,0.0023872124341626963,0.00020103855058550835,0.5755
7,11,periodic,direct,24,0.13585767149925232,0.7266578078269958,0.4286552369594574,0.6252662804391649,0.2607417669561174,0.03789855374230279,1.9578334755367703,0.12955471873283386,0.0023625551257282495,0.00021320983715769317,0.578
7,12,periodic,direct,24,0.13585767149925232,0.7266578078269958,0.4286552369594574,0.6064871417151557,0.24742611911561754,0.03846799789203538,1.8926905128690932,0.13005325694878897,0.002327326659320129,0.00021411441007835997,0.5765
7,13,periodic,direct,24,0.13585767149925232,0.7266578078269958,0.4286552369594574,0.5857116977373759,0.22467495004336038,0.03805833020144039,1.8780183792114258,0.13383132053746116,0.0024816596673594583,0.00020887955583425032,0.5745
7,14,periodic,direct,24,0.13585767149925232,0.7266578078269958,0.4286552369594574,0.5602325333489312,0.2082219256295098,0.0358175854716036,1.8478769461313884,0.13010371641980278,0.0023966870632850462,0.00020652266296868524,0.57775
7,15,periodic,direct,24,0.13585767149925232,0.7266578078269958,0.4286552369594574,0.5451899435785081,0.19822667870256636,0.03551864375670751,1.8290003538131714,0.1270745810535219,0.0027190803084522486,0.00022093244802413715,0.57475
7,16,periodic,direct,24,0.13585767149925232,0.7266578078269958,0.4286552369594574,0.5259994102848901,0.1819857723183102,0.03535754399167167,1.7866137160195246,0.12852744426992205,0.0027299419097188446,0.00020459584063953825,0.577
7,17,periodic,direct,24,0.13585767149925232,0.7266578078269958,0.4286552369594574,0.5130355093214247,0.17382493284013537,0.0354451984167099,1.7471867799758911,0.12755685382419163,0.002752424786902136,0.00022725115478452708,0.57775
7,18,periodic,direct,24,0.13585767149925232,0.7266578078269958,0.4286552369594574,0.4949382444222768,0.16111219260427687,0.03362645705540975,1.7190588580237494,0.12680895543760723,0.002752283096520437,0.00021722285439156822,0.57825
7,19,periodic,direct,24,0.13585767149925232,0.7266578078269958,0.4286552369594574,0.48298411236868966,0.1530113485124376,0.03265441188381778,1.692337605688307,0.12664654602607092,0.0026656833942979574,0.00021038450197213225,0.57925
7,20,periodic,direct,24,0.13585767149925232,0.7266578078269958,0.4286552369594574,0.47473347187042236,0.14544816315174103,0.033444497320387095,1.661708950996399,0.12821354303095076,0.0026890855386025375,0.00022364650956458517,0.578
7,21,periodic,direct,24,0.13585767149925232,0.7266578078269958,0.4286552369594574,0.46774908237987095,0.1377266844113668,0.0347395497891638,1.6593672037124634,0.12787534462081063,0.002731529167956776,0.00021001760615035892,0.57975
7,22,periodic,direct,24,0.13585767149925232,0.7266578078269958,0.4286552369594574,0.45314575566185844,0.1302624899480078,0.037248149100277156,1.6063969002829657,0.12348808927668466,0.0027987335860315296,0.0002159193390980363,0.5785
7,23,periodic,direct,24,0.13585767149925232,0.7266578078269958,0.4286552369594574,0.45097795128822327,0.12420162475771374,0.03920525353815821,1.601682676209344,0.12577606737613678,0.0030111552267852756,0.0002423140039253566,0.57725
7,24,periodic,direct,24,0.13585767149925232,0.7266578078269958,0.4286552369594574,0.43838831120067173,0.11658208154969746,0.036856302784548864,1.5699686606725056,0.1262647749649154,0.0031498384196311235,0.00022674081588370932,0.57875
7,25,periodic,direct,24,0.13585767149925232,0.7266578078269958,0.4286552369594574,0.42491794294781154,0.10918849375512865,0.03727913068400489,1.5394893752204046,0.12273858239253362,0.003306020594512423,0.00021957402350381017,0.5805
7,26,periodic,direct,24,0.13585767149925232,0.7266578078269958,0.4286552369594574,0.42507007386949325,0.1075705306397544,0.04124648662077056,1.5152111053466797,0.1229780986905098,0.0032821213826537132,0.00022558023273530934,0.58375
7,27,periodic,direct,24,0.13585767149925232,0.7266578078269958,0.4286552369594574,0.4215542409155104,0.10198921544684304,0.04038101269139184,1.4971224864323933,0.12743911726607215,0.003838031112940775,0.00022726849419996142,0.58025
7,28,periodic,direct,24,0.13585767149925232,0.7266578078269958,0.4286552369594574,0.40912772218386334,0.09763826512628132,0.03893842258387142,1.478579388724433,0.12262751907110214,0.0038955314084887505,0.00023561423101151982,0.5795
7,29,periodic,direct,24,0.13585767149925232,0.7266578078269958,0.4286552369594574,0.40145860115687054,0.09282388786474864,0.037746219585339226,1.4559989770253499,0.12325409220324622,0.003838717316587766,0.00023027029561085833,0.581
7,30,periodic,direct,24,0.13585767149925232,0.7266578078269958,0.4286552369594574,0.4006388187408447,0.09080937504768372,0.037717107269499034,1.4405206971698337,0.1260342134369744,0.0038228812627494335,0.0002292093639779422,0.58625
7,31,periodic,direct,24,0.13585767149925232,0.7266578078269958,0.4286552369594574,0.3949681454234653,0.08781788994868596,0.03670252383583122,1.4183088805940416,0.1267069180806478,0.0036127635846949285,0.00020708924987249903,0.57675
7,32,periodic,direct,24,0.13585767149925232,0.7266578078269958,0.4286552369594574,0.38777807354927063,0.0854503247472975,0.035094540980127126,1.399086594581604,0.12539839578999412,0.003640237729996443,0.00021207839017733932,0.58175
7,33,periodic,direct,24,0.13585767149925232,0.7266578078269958,0.4286552369594574,0.37930919726689655,0.08122174772951338,0.03273737616837025,1.3859155972798665,0.12481213443809086,0.0036733344249013397,0.00021941571160116128,0.58125
7,34,periodic,direct,24,0.13585767149925232,0.7266578078269958,0.4286552369594574,0.370848622586992,0.07864742560519113,0.03189637946585814,1.3613500330183241,0.12228790753417546,0.0035457999393757847,0.0002180140969964365,0.58275
7,35,periodic,direct,24,0.13585767149925232,0.7266578078269958,0.4286552369594574,0.36294041408432853,0.07492124785979588,0.031659140148096614,1.3362834056218464,0.1208010431793001,0.003662476574795114,0.00019880882852400342,0.58575
7,36,periodic,direct,24,0.13585767149925232,0.7266578078269958,0.4286552369594574,0.360263102584415,0.07287651714351442,0.030462201063831646,1.3272410896089342,0.1224275388651424,0.0033426222960568136,0.0002028486730220417,0.58425
7,37,periodic,direct,24,0.13585767149925232,0.7266578078269958,0.4286552369594574,0.35761330193943447,0.07028931710455152,0.03189721268912157,1.3106194469663832,0.12260159187846714,0.003333902374530832,0.0001925750208708147,0.58225
7,38,periodic,direct,24,0.13585767149925232,0.7266578078269958,0.4286552369594574,0.3603757719198863,0.07023373660114077,0.033791459475954376,1.3027904960844252,0.12420665389961666,0.003523850477197104,0.0002058868671560453,0.57975
7,39,periodic,direct,24,0.13585767149925232,0.7266578078269958,0.4286552369594574,0.3567867510848575,0.06693834314743678,0.034672758645481534,1.2902575863732233,0.12425846027003394,0.0035635652020573616,0.0002192938894343873,0.58
7,40,periodic,direct,24,0.13585767149925232,0.7266578078269958,0.4286552369594574,0.35269076625506085,0.06543027402626143,0.03404618054628372,1.2695422834820218,0.12424800213840273,0.0038075032643973827,0.000216671880075915,0.5785
7,41,periodic,direct,25,0.11060620099306107,0.7827833890914917,0.4215516149997711,0.4612331688404083,0.07307557596100701,0.12987017465962303,1.2987003458870783,0.12463431060314178,0.007189346994790766,0.00037680261690790456,0.5785
7,42,periodic,direct,25,0.11060620099306107,0.7827833890914917,0.4215516149997711,0.41287655962838066,0.06858675595786837,0.09160339418384764,1.2716162734561496,0.12023884057998657,0.010043011357386908,0.0005288801427620152,0.576
7,43,periodic,direct,25,0.11060620099306107,0.7827833890914917,0.4215516149997711,0.39153020249472725,0.06525588283936183,0.07393802661034796,1.2451518244213529,0.12288950549231635,0.009435174883239798,0.00042802152327365347,0.574
7,44,periodic,direct,25,0.11060620099306107,0.7827833890914917,0.4215516149997711,0.37966474890708923,0.062173825999101005,0.06965654426150852,1.2309512429767184,0.12020667890707652,0.008687768648895953,0.0003773697470832202,0.576
7,45,periodic,direct,25,0.11060620099306107,0.7827833890914917,0.4215516149997711,0.36280927062034607,0.05962429237034586,0.056570660736825734,1.1959609985351562,0.122946055399047,0.007802344651685821,0.0003419720386672351,0.578
7,46,periodic,direct,25,0.11060620099306107,0.7827833890914917,0.4215516149997711,0.35263973474502563,0.05718658078047964,0.051634191224972405,1.2030640708075628,0.11989828281932408,0.006924078178902467,0.00030446244636550546,0.5795
7,47,periodic,direct,25,0.11060620099306107,0.7827833890914917,0.4215516149997711,0.3474726676940918,0.05622898331946797,0.04927681013941765,1.17520452870263,0.12113928380939695,0.006326365129401286,0.0002879127019291951,0.57875
7,48,periodic,direct,25,0.11060620099306107,0.7827833890914917,0.4215516149997711,0.3344697720474667,0.054650278141101204,0.04116532247927454,1.1483575370576646,0.12097116311391194,0.005461114924401045,0.0002333858218561444,0.57625
7,49,periodic,direct,25,0.11060620099306107,0.7827833890914917,0.4215516149997711,0.32916323012775844,0.05176800158288744,0.0386188713212808,1.1447508732477825,0.12180966138839722,0.004758780873898003,0.00022442444201765789,0.57975
7,50,periodic,direct,25,0.11060620099306107,0.7827833890914917,0.4215516149997711,0.32959109875890946,0.052014668782552086,0.03870057935516039,1.1377809974882338,0.12278290920787388,0.0044106898001498645,0.00021898627488149537,0.5775
7,51,periodic,direct,25,0.11060620099306107,0.7827833890914917,0.4215516149997711,0.3226791024208069,0.04960491922166613,0.03777305388616191,1.122353235880534,0.1209215596318245,0.0040824557395858895,0.00020605427238883244,0.57625
7,52,periodic,direct,25,0.11060620099306107,0.7827833890914917,0.4215516149997711,0.3262701763047112,0.04933278469575776,0.04254423206051191,1.1098806195788913,0.12117165989345974,0.004247487212220828,0.0002193884639483359,0.57875
7,53,periodic,direct,25,0.11060620099306107,0.7827833890914917,0.4215516149997711,0.3317520121733348,0.04996542467011346,0.045891155385308795,1.1027882364061143,0.12312496370739406,0.004766102311097913,0.00021718139113444422,0.58
7,54,periodic,direct,25,0.11060620099306107,0.7827833890914917,0.4215516149997711,0.33234213458167183,0.048163410276174545,0.049886010587215424,1.0913321177164714,0.12249682429764006,0.005098655612932311,0.00022669586663444838,0.5785
7,55,periodic,direct,25,0.11060620099306107,0.7827833890914917,0.4215516149997711,0.3300100399388207,0.046611924138334065,0.05060039377874798,1.0873279571533203,0.12104549176163143,0.0057817745125956005,0.0002570869595122834,0.57875
7,56,periodic,direct,25,0.11060620099306107,0.7827833890914917,0.4215516149997711,0.32365313172340393,0.046716840730773077,0.04734619789653354,1.0634784433576796,0.12020832217401928,0.005819398444145918,0.00024844135623425245,0.57775
7,57,periodic,direct,25,0.11060620099306107,0.7827833890914917,0.4215516149997711,0.31932854652404785,0.04692987807922893,0.04149198863241407,1.0604852702882555,0.12191084027290344,0.005655066058453586,0.00023956256659908427,0.578
7,58,periodic,direct,25,0.11060620099306107,0.7827833890914917,0.4215516149997711,0.312947067949507,0.04408010012573666,0.03782909156547652,1.0461078352398343,0.12366563081741333,0.005293080841915475,0.00022984172553858824,0.58175
7,59,periodic,direct,25,0.11060620099306107,0.7827833890914917,0.4215516149997711,0.30972693032688564,0.044199971275197134,0.03702741530206469,1.0373460054397583,0.12226388023959266,0.004791474590698878,0.00021063516356257928,0.58075
7,60,periodic,direct,25,0.11060620099306107,0.7827833890914917,0.4215516149997711,0.3041646679242452,0.04287791376312574,0.03330157800681061,1.0261640946070354,0.12325288769271639,0.004026621373163329,0.00020514133050002984,0.5795
7,61,periodic,direct,25,0.11060620099306107,0.7827833890914917,0.4215516149997711,0.3006118867132399,0.042327588217126,0.032445055743058525,1.0186729696061876,0.12193155288696289,0.0038733779607961574,0.00020739398637993468,0.583
7,62,periodic,direct,25,0.11060620099306107,0.7827833890914917,0.4215516149997711,0.30199191636509365,0.04187799617648125,0.034667082958751254,1.0074287984106276,0.12279370841052797,0.003627380071621802,0.00019311920429269472,0.581
7,63,periodic,direct,25,0.11060620099306107,0.7827833890914917,0.4215516149997711,0.3008784419960446,0.04166186021433936,0.0336383566674259,1.0022272533840604,0.12339993152353498,0.0037153038817147412,0.00019582200588451492,0.581
7,64,periodic,direct,25,0.11060620099306107,0.7827833890914917,0.4215516149997711,0.29659868280092877,0.04140335569779078,0.03279761866562896,0.9896871977382236,0.12144642737176684,0.0037873274284518426,0.0001778113655745983,0.579
7,65,periodic,direct,25,0.11060620099306107,0.7827833890914917,0.4215516149997711,0.29758598075972664,0.03986617343293296,0.03663503420021799,0.9779751631948683,0.12120926794078615,0.003971097007807758,0.0001848705255219506,0.58075
7,66,periodic,direct,25,0.11060620099306107,0.7827833890914917,0.4215516149997711,0.3032117552227444,0.040559822486506567,0.042844232792655625,0.9631667998101976,0.12103755440976885,0.0047004709744619,0.00020647491328418255,0.58325
7,67,periodic,direct,25,0.11060620099306107,0.7827833890914917,0.4215516149997711,0.302631504005856,0.039903464830584,0.04212739484177695,0.9723151259952121,0.12055506060520808,0.0053919839879704844,0.00023616019300081662,0.57725
7,68,periodic,direct,25,0.11060620099306107,0.7827833890914917,0.4215516149997711,0.30491002400716144,0.03884039239750968,0.04107738617393705,0.9687966638141208,0.12528857671552235,0.005438254990925391,0.00020975750845132602,0.5835
7,69,periodic,direct,25,0.11060620099306107,0.7827833890914917,0.4215516149997711,0.2949354317453172,0.038157312820355095,0.038248261643780604,0.9459037250942655,0.12141439815362294,0.004842755177782642,0.00020742222356299558,0.57825
7,70,periodic,direct,25,0.11060620099306107,0.7827833890914917,0.4215516149997711,0.2941795256402757,0.03841544398003154,0.03695750443471803,0.9467558728324043,0.1218486378590266,0.004359725836871399,0.00020497546453649798,0.58225
7,71,periodic,direct,25,0.11060620099306107,0.7827833890914917,0.4215516149997711,0.2897953854666816,0.03864725720551279,0.03440693144996961,0.9399827983644273,0.12058167490694258,0.004127728830402096,0.00019476334435037442,0.58175
7,72,periodic,direct,25,0.11060620099306107,0.7827833890914917,0.4215516149997711,0.2899588412708706,0.03845488073097335,0.03834127800332175,0.9192716942893134,0.11912061191267437,0.004051829481290447,0.00017796148313209414,0.58175
7,73,periodic,direct,25,0.11060620099306107,0.7827833890914917,0.4215516149997711,0.2960435317622291,0.03829938669999441,0.04257891244358487,0.9185045692655776,0.12083293994267781,0.004771417006850243,0.00019226160495438508,0.58225
7,74,periodic,direct,25,0.11060620099306107,0.7827833890914917,0.4215516149997711,0.29553860425949097,0.037296767036120095,0.04169260958830515,0.9163417882389493,0.12221593492560917,0.0051940190605819225,0.00020421082283266715,0.58125
7,75,periodic,direct,25,0.11060620099306107,0.7827833890914917,0.4215516149997711,0.28728459609879387,0.03661129002769788,0.036075960016912885,0.9172500769297282,0.12016803440120485,0.005214119537009133,0.00019447870242098966,0.58175
7,76,periodic,direct,25,0.11060620099306107,0.7827833890914917,0.4215516149997711,0.2834891180197398,0.03592790746026569,0.03478870623641544,0.8887674808502197,0.12106893625524309,0.005410065874457359,0.0002435617692147692,0.57825
7,77,periodic,direct,25,0.11060620099306107,0.7827833890914917,0.4215516149997711,0.2851061953438653,0.03613384109404352,0.03418120245138804,0.894777430428399,0.12252047078477012,0.005347933878915178,0.000237938546989527,0.5835
7,78,periodic,direct,25,0.11060620099306107,0.7827833890914917,0.4215516149997711,0.2817937499947018,0.036046592311726675,0.032834936347272664,0.880545953909556,0.12233814265992907,0.004823509707219071,0.0002154438665861057,0.584
7,79,periodic,direct,25,0.11060620099306107,0.7827833890914917,0.4215516149997711,0.286127249399821,0.035809086014827095,0.03852429882519775,0.883946696917216,0.12116090125507778,0.004273985176243716,0.0002026003785431385,0.58
7,80,periodic,direct,25,0.11060620099306107,0.7827833890914917,0.4215516149997711,0.2733946310149299,0.03461408635808362,0.027997057884931564,0.8792728119426303,0.12098801218801075,0.0035661774325288003,0.00017020308748922415,0.5785
7,81,periodic,direct,26,0.10931339114904404,0.7682560086250305,0.4179944097995758,0.2800947924455007,0.035591507537497416,0.036166650553544365,0.8665623598628573,0.11971978925996357,0.0037451211570037734,0.0001761030159994132,0.5815
7,82,periodic,direct,26,0.10931339114904404,0.7682560086250305,0.4179944097995758,0.2732285062472026,0.03547385521233082,0.029512945976522233,0.8655990229712592,0.11971988942888048,0.003751570928013987,0.00017225492047145963,0.581
7,83,periodic,direct,26,0.10931339114904404,0.7682560086250305,0.4179944097995758,0.2689427865876092,0.034653215358654656,0.02821685725616084,0.8498441841867235,0.11915640532970428,0.0036930368644081885,0.00017074081632826064,0.582
7,84,periodic,direct,26,0.10931339114904404,0.7682560086250305,0.4179944097995758,0.27116220196088153,0.034738475249873266,0.027089493349194527,0.8547517789734734,0.12209076599942313,0.0033754283665782875,0.0001611589945645796,0.5795
7,85,periodic,direct,26,0.10931339114904404,0.7682560086250305,0.4179944097995758,0.2697951528761122,0.03396315169003275,0.02636504214670923,0.8462416794564989,0.12332622541321649,0.0028824141093840203,0.00015072237389783064,0.584
7,86,periodic,direct,26,0.10931339114904404,0.7682560086250305,0.4179944097995758,0.26894185940424603,0.03395823761820793,0.03081119867662589,0.8357221749093797,0.11905306080977122,0.002947168683426248,0.00014712844535501467,0.58025
7,87,periodic,direct,26,0.10931339114904404,0.7682560086250305,0.4179944097995758,0.2683309515317281,0.03350378759205341,0.02941385739379459,0.8342952397134569,0.12035796791315079,0.003089958413814505,0.00016167108616274264,0.57875
7,88,periodic,direct,26,0.10931339114904404,0.7682560086250305,0.4179944097995758,0.2628545131948259,0.03343332351909743,0.02544665253824658,0.817629529370202,0.12056392679611842,0.003150623007160094,0.0001446829539620214,0.583
7,89,periodic,direct,26,0.10931339114904404,0.7682560086250305,0.4179944097995758,0.26358181569311356,0.033034880956014,0.02670919108721945,0.8214912017186483,0.11975115620427662,0.0037095001640005242,0.0001654261981861459,0.58
7,90,periodic,direct,26,0.10931339114904404,0.7682560086250305,0.4179944097995758,0.26192184289296466,0.03395857351521651,0.02399802476995521,0.8111515972349379,0.12097327907880147,0.003592556445962853,0.00016106176836830046,0.58
7,91,periodic,direct,26,0.10931339114904404,0.7682560086250305,0.4179944097995758,0.2587968673970964,0.032746399028433695,0.02184212849371963,0.8075989087422689,0.12162970503171285,0.0034742634484751355,0.00016322781124876605,0.5845
7,92,periodic,direct,26,0.10931339114904404,0.7682560086250305,0.4179944097995758,0.2593843440214793,0.03268775302502844,0.02174778448210822,0.804686082734002,0.12275532715850407,0.003290887145946423,0.00015884926930690804,0.58175
7,93,periodic,direct,26,0.10931339114904404,0.7682560086250305,0.4179944097995758,0.25680505235989887,0.03137461468577385,0.023798861644334264,0.804834610886044,0.11951498273346159,0.003121479802454511,0.00014476558297044702,0.582
7,94,periodic,direct,26,0.10931339114904404,0.7682560086250305,0.4179944097995758,0.2579660415649414,0.031926109145085015,0.02161607498096095,0.7993241416083442,0.12285843657122718,0.0031246678231077064,0.00014133286377828982,0.5815
7,95,periodic,direct,26,0.10931339114904404,0.7682560086250305,0.4179944097995758,0.25399208896689945,0.03138403325445122,0.02151801126698653,0.7823640373018053,0.12122146619690789,0.0031175396094719567,0.0001468186641836332,0.58225
7,96,periodic,direct,26,0.10931339114904404,0.7682560086250305,0.4179944097995758,0.25628020531601375,0.032410308718681335,0.021673025356398687,0.7848894927236769,0.12214102016554938,0.0030023531419121558,0.00013143013024495708,0.581
7,97,periodic,direct,26,0.10931339114904404,0.7682560086250305,0.4179944097995758,0.25836388601197136,0.031616699364450246,0.024339732403556507,0.7791912688149346,0.12289975252416399,0.0030425648825863996,0.0001345813701239725,0.58225
7,98,periodic,direct,26,0.10931339114904404,0.7682560086250305,0.4179944097995758,0.2612621784210205,0.030959354299638007,0.027927859789795347,0.7926590376430087,0.1214687575896581,0.003143041342910793,0.000137555872141901,0.58375
7,99,periodic,direct,26,0.10931339114904404,0.7682560086250305,0.4179944097995758,0.2716284692287445,0.03163391744924916,0.03899462272723516,0.7812522715992398,0.12072543054819107,0.00411272504263454,0.00018581608957093622,0.57975
7,100,periodic,direct,26,0.10931339114904404,0.7682560086250305,0.4179944097995758,0.27702193790011936,0.032338754584391914,0.042271806961960263,0.7715861797332764,0.12247757116953532,0.005342729855328798,0.00020764484846343598,0.58475
7,101,periodic,direct,26,0.10931339114904404,0.7682560086250305,0.4179944097995758,0.27734627657466465,0.032177534161342516,0.04395187066660987,0.7730723685688443,0.12056234975655873,0.006453113319973151,0.0002414564886647794,0.58675
7,102,periodic,direct,26,0.10931339114904404,0.7682560086250305,0.4179944097995758,0.2788707349035475,0.031945214710301824,0.04348323866724968,0.7752774357795715,0.12214557660950555,0.007276666816323996,0.00026125279125860997,0.57975
7,103,periodic,direct,26,0.10931339114904404,0.7682560086250305,0.4179944097995758,0.28266941838794285,0.03192438267999225,0.04696037537521786,0.7704856660630968,0.12309586919016308,0.007033629394653771,0.00024681572621274326,0.582
7,104,periodic,direct,26,0.10931339114904404,0.7682560086250305,0.4179944097995758,0.27945739693111843,0.03124441599680318,0.04549084355433782,0.7658479544851515,0.12254193590746985,0.006947939646326833,0.00024287923265041577,0.585
7,105,periodic,direct,26,0.10931339114904404,0.7682560086250305,0.4179944097995758,0.27698639697498745,0.030851900370584592,0.04618660029437807,0.7564164598782858,0.12080103490087721,0.006769403711789184,0.0002410187153145671,0.5785
7,106,periodic,direct,26,0.10931339114904404,0.7682560086250305,0.4179944097995758,0.28134967221154106,0.03133371803495619,0.05039784270856115,0.7574571900897555,0.12028139001793331,0.006937738714946641,0.0002442678475442032,0.5895
7,107,periodic,direct,26,0.10931339114904404,0.7682560086250305,0.4179944097995758,0.2861621512307061,0.030848672406540975,0.05260239624314838,0.7610736025704278,0.12306860172086292,0.006831592983669705,0.0002386549604125321,0.57625
7,108,periodic,direct,26,0.10931339114904404,0.7682560086250305,0.4179944097995758,0.2830895053015815,0.03140114227102862,0.0509153658317195,0.746717459625668,0.1222624960872862,0.007374634293632375,0.0003028573054406378,0.584
7,109,periodic,direct,26,0.10931339114904404,0.7682560086250305,0.4179944097995758,0.27069723937246537,0.030381255886620946,0.04314898906482591,0.7410027715894911,0.11891820281744003,0.00800292928599649,0.0002940962310983903,0.57925
7,110,periodic,direct,26,0.10931339114904404,0.7682560086250305,0.4179944097995758,0.26910800072881913,0.03019966847366757,0.040387103541029826,0.7353569335407681,0.12093646244870292,0.00782132221178876,0.0002768210057790081,0.583
7,111,periodic,direct,26,0.10931339114904404,0.7682560086250305,0.4179944097995758,0.2689531279934777,0.029957936455806095,0.03990618884563446,0.7347832322120667,0.12186087667942047,0.007249374666975604,0.00025021093380120065,0.5815
7,112,periodic,direct,26,0.10931339114904404,0.7682560086250305,0.4179944097995758,0.2628628412882487,0.029982032461298838,0.034609727561473846,0.7282381918695238,0.1221421683828036,0.006391546895934476,0.0002186542131110198,0.5805
7,113,periodic,direct,26,0.10931339114904404,0.7682560086250305,0.4179944097995758,0.26542356610298157,0.02929374285870128,0.03713242709636688,0.7255944742096795,0.12342672795057297,0.0058240170280138654,0.0001984210167494085,0.583
7,114,periodic,direct,26,0.10931339114904404,0.7682560086250305,0.4179944097995758,0.2589446935388777,0.028766973151101008,0.032402600472172104,0.7156602276696099,0.12329079624679354,0.005634336318406794,0.00020226421636632748,0.584
7,115,periodic,direct,26,0.10931339114904404,0.7682560086250305,0.4179944097995758,0.2539603246582879,0.029095707047316764,0.02942675517665015,0.7156561414400736,0.12117347535159853,0.00520264802293645,0.00019489523644248644,0.584
7,116,periodic,direct,26,0.10931339114904404,0.7682560086250305,0.4179944097995758,0.2523823198344972,0.028935474654038746,0.02922208710677094,0.7097501688533359,0.12057386173142327,0.005141852423548698,0.00020989736205794744,0.58
7,117,periodic,direct,26,0.10931339114904404,0.7682560086250305,0.4179944097995758,0.26543533470895553,0.029357124119997025,0.039066405759917364,0.7079648507965935,0.12343227283822165,0.005330936879747444,0.00023516085800818272,0.5825
7,118,periodic,direct,26,0.10931339114904404,0.7682560086250305,0.4179944097995758,0.253121468755934,0.029324808054500155,0.029336180951860216,0.710421191321479,0.12090269062254164,0.004830310638580058,0.00020100315386015509,0.58675
7,119,periodic,direct,26,0.10931339114904404,0.7682560086250305,0.4179944097995758,0.2536758697695202,0.028946596715185378,0.02891466559635268,0.7033420337571038,0.12312343964974086,0.004507073873860968,0.00020685134869482782,0.5815
7,120,periodic,direct,26,0.10931339114904404,0.7682560086250305,0.4179944097995758,0.24668693708048928,0.02890258116854562,0.024262734999259312,0.6987471712960137,0.12166870633761089,0.0037958608008921146,0.00016052416887962155,0.58475
7,121,periodic,direct,27,0.1128419041633606,0.7656905055046082,0.41417035460472107,0.2468914207484987,0.028437329042288993,0.025381048520406086,0.6925197641054789,0.1220964143673579,0.003292948731945621,0.00015635196662818393,0.58225
7,122,periodic,direct,27,0.1128419041633606,0.7656905055046082,0.41417035460472107,0.243379145860672,0.028719777655270364,0.023708943898479145,0.6991392307811313,0.11931395282347997,0.0032877064206533963,0.00015738863860153488,0.58925
7,123,periodic,direct,27,0.1128419041633606,0.7656905055046082,0.41417035460472107,0.24632027579678428,0.028639932887421712,0.023900451345576182,0.6873662008179559,0.12313854942719142,0.003639109018776152,0.00017033349851974181,0.585
7,124,periodic,direct,27,0.1128419041633606,0.7656905055046082,0.41417035460472107,0.244256897105111,0.028386429366138246,0.024630480342441134,0.6917020612292819,0.12002702057361603,0.003900810688113173,0.00018469695027710663,0.5855
7,125,periodic,direct,27,0.1128419041633606,0.7656905055046082,0.41417035460472107,0.2505014025502735,0.028463267617755465,0.029102411535051134,0.685791724257999,0.12194792677958806,0.0046082788871394265,0.00020896215250508653,0.5855
7,126,periodic,direct,27,0.1128419041633606,0.7656905055046082,0.41417035460472107,0.25373314321041107,0.028685924286643665,0.029967159653703373,0.6914891931745741,0.12307580394877328,0.005473125053362714,0.00023755595450186066,0.58625
7,127,periodic,direct,27,0.1128419041633606,0.7656905055046082,0.41417035460472107,0.2530038009087245,0.028573982417583466,0.03257156867120001,0.6940316292974684,0.11969854682683945,0.005297740093535847,0.00021532512295784222,0.5875
7,128,periodic,direct,27,0.1128419041633606,0.7656905055046082,0.41417035460472107,0.26277802387873334,0.02778247247139613,0.039727603188819356,0.6919818785455492,0.12292137245337169,0.006051273550838232,0.00024550405537916557,0.58675
7,129,periodic,direct,27,0.1128419041633606,0.7656905055046082,0.41417035460472107,0.2684080120589998,0.028196932954920664,0.04701611523826917,0.6784053179952834,0.12150861322879791,0.007414919013778369,0.00027672824217006564,0.58125
7,130,periodic,direct,27,0.1128419041633606,0.7656905055046082,0.41417035460472107,0.27388784951633877,0.028426814824342728,0.0507168211042881,0.6841336753633287,0.12200783027542962,0.008331509358767007,0.00031452215302528604,0.586
7,131,periodic,direct,27,0.1128419041633606,0.7656905055046082,0.41417035460472107,0.2679036491447025,0.028417197987437248,0.04653342275155915,0.6807718078295389,0.12043884976042642,0.008557800514002642,0.00031619599839258526,0.586
7,132,periodic,direct,27,0.1128419041633606,0.7656905055046082,0.41417035460472107,0.2724779016441769,0.028623699107103877,0.049650054425001144,0.6781091094017029,0.12203526579671437,0.008398478229840597,0.00031745881359610293,0.586
7,133,periodic,direct,27,0.1128419041633606,0.7656905055046082,0.41417035460472107,0.26572048995229935,0.02793750146196948,0.04177875858214167,0.6788588762283325,0.12364916172292498,0.008614250872698095,0.00032412873244740896,0.5875
7,134,periodic,direct,27,0.1128419041633606,0.7656905055046082,0.41417035460472107,0.25900513927141827,0.0275873937126663,0.03647281105319659,0.672488272190094,0.12372694744004144,0.007629867487897475,0.00030845146264053055,0.58325
7,135,periodic,direct,27,0.1128419041633606,0.7656905055046082,0.41417035460472107,0.25363751583629185,0.02760653632382552,0.03247880832188659,0.6698297195964389,0.12330165008703868,0.006288250132153432,0.00024684843245065876,0.5865
7,136,periodic,direct,27,0.1128419041633606,0.7656905055046082,0.41417035460472107,0.2504561808374193,0.02737768470413155,0.031444777010215655,0.6587600906689962,0.12299552228715685,0.005306300344980425,0.00021807429018533893,0.58625
7,137,periodic,direct,27,0.1128419041633606,0.7656905055046082,0.41417035460472107,0.25159011946784127,0.02683353941473696,0.031946740630600184,0.6622243589825101,0.12412699394755894,0.004718033338172568,0.00020277544778461257,0.587
7,138,periodic,direct,27,0.1128419041633606,0.7656905055046082,0.41417035460472107,0.24617877271440294,0.026182972308662202,0.028340666451387934,0.67128943072425,0.12238235440519121,0.004120382868374388,0.00016729567950177524,0.5845
7,139,periodic,direct,27,0.1128419041633606,0.7656905055046082,0.41417035460472107,0.2442344841029909,0.026720342743727896,0.02805834822356701,0.6534217066235013,0.12210908366574182,0.0038433961001121337,0.00016567255240968533,0.58425
7,140,periodic,direct,27,0.1128419041633606,0.7656905055046082,0.41417035460472107,0.23906963732507494,0.02618674457901054,0.023662012898259692,0.6515211462974548,0.12219429347250196,0.003600768098193738,0.00014817540714931156,0.58825
7,141,periodic,direct,27,0.1128419041633606,0.7656905055046082,0.41417035460472107,0.2383548700147205,0.026520047336816788,0.02363669727411535,0.6499842935138278,0.12145604607131746,0.0033556324585030475,0.00013166323899187974,0.5835
7,142,periodic,direct,27,0.1128419041633606,0.7656905055046082,0.41417035460472107,0.2411844962173038,0.02632059860560629,0.025304728084140353,0.6499233841896057,0.12270257539219326,0.0035779293781767287,0.00015058476451991333,0.58425
7,143,periodic,direct,27,0.1128419041633606,0.7656905055046082,0.41417035460472107,0.24956585632430184,0.026060990782247648,0.030486160268386204,0.6554010179307725,0.1253348845574591,0.004110464567525519,0.00017697779953272807,0.58475
7,144,periodic,direct,27,0.1128419041633606,0.7656905055046082,0.41417035460472107,0.2559492323133681,0.026773523746265307,0.041170561893118754,0.6472882959577773,0.12104575584332149,0.004279566540693243,0.00018155208737072017,0.591
7,145,periodic,direct,27,0.1128419041633606,0.7656905055046082,0.41417035460472107,0.25951932701799607,0.027426533607972994,0.04193105755580796,0.6518399119377136,0.12227133909861247,0.005203661560598347,0.0002091483329422772,0.584
7,146,periodic,direct,27,0.1128419041633606,0.7656905055046082,0.41417035460472107,0.254442239801089,0.02644674562745624,0.037109854320685066,0.6469400525093079,0.12325229412979549,0.005661560325986809,0.0002171251948715912,0.58675
7,147,periodic,direct,27,0.1128419041633606,0.7656905055046082,0.41417035460472107,0.2400103658437729,0.02629706905119949,0.02799125202000141,0.627237856388092,0.12035532295703888,0.005091549880388711,0.00019432297752549252,0.58425
7,148,periodic,direct,27,0.1128419041633606,0.7656905055046082,0.41417035460472107,0.23726944459809196,0.026193285774853494,0.02444383708967103,0.6316592031055026,0.12134194870789845,0.004092214784274499,0.00015668257967465452,0.585
7,149,periodic,direct,27,0.1128419041633606,0.7656905055046082,0.41417035460472107,0.233647464050187,0.02539995623131593,0.023408982902765274,0.6265335943963792,0.12027865399916966,0.0036575892526242468,0.00015543323631087938,0.5885
7,150,periodic,direct,27,0.1128419041633606,0.7656905055046082,0.41417035460472107,0.24300092458724976,0.02603765908214781,0.02650432185166412,0.6328486005465189,0.12531907773680157,0.003564617027425104,0.00014538536520881785,0.58525
7,151,periodic,direct,27,0.1128419041633606,0.7656905055046082,0.41417035460472107,0.2413486358192232,0.025846050431330998,0.027907299912638135,0.6327197485499911,0.12225582285059823,0.003966959270959099,0.0001680026762187481,0.585
7,152,periodic,direct,27,0.1128419041633606,0.7656905055046082,0.41417035460472107,0.23713121645980412,0.02567474792400996,0.023897971957921982,0.6312378115124173,0.12233165899912517,0.004037575382325385,0.00016853647280691398,0.58775
7,153,periodic,direct,27,0.1128419041633606,0.7656905055046082,0.41417035460472107,0.23655637270874447,0.025848074298765924,0.02463438134226534,0.6251447863048978,0.1213885098695755,0.004163578204396699,0.0001782775766009258,0.58525
7,154,periodic,direct,27,0.1128419041633606,0.7656905055046082,0.41417035460472107,0.23422913087738884,0.025712327824698553,0.021815093441141978,0.6279636753929986,0.12202129347456826,0.0036163376385553014,0.0001517511878369583,0.586
7,155,periodic,direct,27,0.1128419041633606,0.7656905055046082,0.41417035460472107,0.2341025322675705,0.025610482941071194,0.02246789468659295,0.6228275895118713,0.12176692485809326,0.003767073257929749,0.00018186757289287116,0.58825
7,156,periodic,direct,27,0.1128419041633606,0.7656905055046082,0.41417035460472107,0.2358389993508657,0.025144193321466446,0.022808201611042023,0.6268378098805746,0.12331747429238425,0.0036091002532177502,0.00016158898749078313,0.584
7,157,periodic,direct,27,0.1128419041633606,0.7656905055046082,0.41417035460472107,0.23939759367042118,0.025205645089348156,0.025922727460662525,0.6280484199523926,0.12329663750198153,0.00415384184776081,0.00018164324056771066,0.5885
7,158,periodic,direct,27,0.1128419041633606,0.7656905055046082,0.41417035460472107,0.23769712448120117,0.025402852644522984,0.0267359736478991,0.6216495235761007,0.12094384431838989,0.004704917004952828,0.00019408059435793094,0.5885
7,159,periodic,direct,27,0.1128419041633606,0.7656905055046082,0.41417035460472107,0.2401268912686242,0.02535987127986219,0.02842748413483302,0.6118887066841125,0.12281424386633767,0.004488893111960756,0.00018394905944458314,0.585
7,160,periodic,direct,27,0.1128419041633606,0.7656905055046082,0.41417035460472107,0.23710202177365622,0.025465886005096965,0.027103873590628307,0.6180404093530443,0.12043212685320112,0.004408921917072601,0.00018327160634928278,0.58925
7,161,periodic,direct,28,0.11633694916963577,0.7599227428436279,0.4102358818054199,0.246937428911527,0.02661822612086932,0.03584924857649538,0.6230308281050788,0.11966808057493633,0.004809223374144899,0.00018836370953876112,0.587
7,162,periodic,direct,28,0.11633694916963577,0.7599227428436279,0.4102358818054199,0.2393249985244539,0.025510621153646044,0.03010406655569871,0.6143942806455824,0.11991440587573582,0.004534044199519687,0.00017890982821376788,0.586
7,163,periodic,direct,28,0.11633694916963577,0.7599227428436279,0.4102358818054199,0.23910543819268545,0.025848616949386068,0.02733838992814223,0.6166840195655823,0.1217857301235199,0.00473785400390625,0.0001907410720984141,0.59025
7,164,periodic,direct,28,0.11633694916963577,0.7599227428436279,0.4102358818054199,0.23616813123226166,0.02528349579208427,0.026016607466671202,0.6159363985061646,0.12093402859237459,0.004500343386704723,0.00018037263200514845,0.592
7,165,periodic,direct,28,0.11633694916963577,0.7599227428436279,0.4102358818054199,0.2381905433204439,0.024440666453705892,0.03035173358188735,0.6079652243190341,0.12028492656018999,0.00444957267286049,0.00018381378484062024,0.58625
7,166,periodic,direct,28,0.11633694916963577,0.7599227428436279,0.4102358818054199,0.24187940193547142,0.025110616245203547,0.032230854448344975,0.6177522606319852,0.12018088168568081,0.0049408726756357485,0.00022277358220890164,0.59075
7,167,periodic,direct,28,0.11633694916963577,0.7599227428436279,0.4102358818054199,0.24205181830459171,0.02483576639658875,0.03410382506748041,0.6018200516700745,0.12025691734419929,0.005134002771228552,0.00021260555755967894,0.59075
7,168,periodic,direct,28,0.11633694916963577,0.7599227428436279,0.4102358818054199,0.24583355420165592,0.02559309494164255,0.034332434750265546,0.6119776633050706,0.12195169180631638,0.005300008536626895,0.00021711896018435559,0.5915
7,169,periodic,direct,28,0.11633694916963577,0.7599227428436279,0.4102358818054199,0.24879167311721379,0.025845139390892453,0.035794734954833984,0.6048591799206204,0.123684361577034,0.00573809574254685,0.00022494131311153373,0.5865
7,170,periodic,direct,28,0.11633694916963577,0.7599227428436279,0.4102358818054199,0.24549095994896358,0.02486656482021014,0.035056718728608556,0.6079965631167094,0.12172189437680775,0.005867710388782952,0.00022454020412017903,0.58475
7,171,periodic,direct,28,0.11633694916963577,0.7599227428436279,0.4102358818054199,0.2503385759062237,0.02499548200931814,0.04158301610085699,0.6018921335538229,0.12005990578068627,0.006775526329874992,0.0002463842069523202,0.58975
7,172,periodic,direct,28,0.11633694916963577,0.7599227428436279,0.4102358818054199,0.25296849840217167,0.024866885816057522,0.04377736234002643,0.6029532617992825,0.12032118356890148,0.007137980467329423,0.00027749669970944524,0.59075
7,173,periodic,direct,28,0.11633694916963577,0.7599227428436279,0.4102358818054199,0.25746552977297044,0.025509744882583618,0.046024522019757166,0.6066908306545682,0.12167723973592122,0.0069099123486214215,0.00025995626088438765,0.5795
7,174,periodic,direct,28,0.11633694916963577,0.7599227428436279,0.4102358818054199,0.2990298900339339,0.026064246892929077,0.08301418936914867,0.6252401802274916,0.12325185620122486,0.008039981385485994,0.0003111749602895644,0.59125
7,175,periodic,direct,28,0.11633694916963577,0.7599227428436279,0.4102358818054199,0.2633626229233212,0.02533308623565568,0.05196655003560914,0.610904335975647,0.12038922972149319,0.0088098237497939,0.0003568172105588019,0.586
7,176,periodic,direct,28,0.11633694916963577,0.7599227428436279,0.4102358818054199,0.25475697716077167,0.024837720725271437,0.04012254046069251,0.6130670309066772,0.1242236081096861,0.008205388258728716,0.00032742435319556133,0.588
7,177,periodic,direct,28,0.11633694916963577,0.7599227428436279,0.4102358818054199,0.24480916062990823,0.024679371880160436,0.036171002934376396,0.6034644974602593,0.11982795513338512,0.007275141672127777,0.00029362216850535735,0.58975
7,178,periodic,direct,28,0.11633694916963577,0.7599227428436279,0.4102358818054199,0.2503363655673133,0.024498005708058674,0.03777996181613869,0.604766329129537,0.12428139232926899,0.006371788007931577,0.00022895555917380584,0.588
7,179,periodic,direct,28,0.11633694916963577,0.7599227428436279,0.4102358818054199,0.24651880065600076,0.024344937461945746,0.03477690824204021,0.6026530663172404,0.12389946811729008,0.006208022228545613,0.0002563386094859905,0.5855
7,180,periodic,direct,28,0.11633694916963577,0.7599227428436279,0.4102358818054199,0.24297228952248892,0.024450291362073686,0.03127640299499035,0.5941051310963101,0.12494372328122456,0.005543850310560729,0.0002388677158806887,0.592
7,181,periodic,direct,28,0.11633694916963577,0.7599227428436279,0.4102358818054199,0.2352549367480808,0.02419806954761346,0.02705442181064023,0.5938705934418572,0.12212829871310128,0.004786499620725711,0.00018767257117562823,0.59075
7,182,periodic,direct,28,0.11633694916963577,0.7599227428436279,0.4102358818054199,0.23066113392512003,0.02428958647780948,0.02443407517340448,0.5861742695172628,0.12130188776387109,0.003882993866379062,0.0001533191211314665,0.5885
7,183,periodic,direct,28,0.11633694916963577,0.7599227428436279,0.4102358818054199,0.23181158966488308,0.02399637798468272,0.0238335436830918,0.5926653146743774,0.12280589921606912,0.0036813514048440587,0.00013711828634970717,0.59125
7,184,periodic,direct,28,0.11633694916963577,0.7599227428436279,0.4102358818054199,0.22967871858014,0.02390249715083175,0.02429418617652522,0.5856171184115939,0.12106080022123125,0.003567596198990941,0.00015144920002462136,0.593
7,185,periodic,direct,28,0.11633694916963577,0.7599227428436279,0.4102358818054199,0.2286023497581482,0.023518884968426492,0.024985393302308187,0.5798328320185343,0.12016144477658802,0.0037536577373329136,0.00015302493314569196,0.59
7,186,periodic,direct,28,0.11633694916963577,0.7599227428436279,0.4102358818054199,0.2267358253399531,0.023939731013443735,0.021126381018095546,0.5794414414299859,0.12193971872329712,0.0034348726427803435,0.00013683101860806346,0.58975
7,187,periodic,direct,28,0.11633694916963577,0.7599227428436279,0.4102358818054199,0.2256584581401613,0.023106126735607784,0.022902676421735022,0.5819063385327657,0.11982450799809562,0.003133584615877933,0.00013544468028056953,0.59025
7,188,periodic,direct,28,0.11633694916963577,0.7599227428436279,0.4102358818054199,0.22363045977221596,0.023254100026355848,0.02198639636238416,0.5815417104297214,0.11856935338841544,0.0031994389007902807,0.00013343821046873927,0.5875
7,189,periodic,direct,28,0.11633694916963577,0.7599227428436279,0.4102358818054199,0.224584538075659,0.023713628244068887,0.019762118243508868,0.5754091872109307,0.1220349371433258,0.002943364903330803,0.00012250135963161787,0.591
7,190,periodic,direct,28,0.11633694916963577,0.7599227428436279,0.4102358818054199,0.22363544503847757,0.022852168728907902,0.022040862797035113,0.5771263970269097,0.11957406252622604,0.0027898252786447606,0.00012160131397346656,0.594
7,191,periodic,direct,28,0.11633694916963577,0.7599227428436279,0.4102358818054199,0.2273357609907786,0.023305726961957082,0.020345335826277733,0.5790393948554993,0.12433092296123505,0.0027840527861068645,0.00011561745648375816,0.589
7,192,periodic,direct,28,0.11633694916963577,0.7599227428436279,0.4102358818054199,0.2266195151540968,0.023033637553453445,0.022569493080178898,0.5690429144435458,0.12252555704779095,0.0030492174749573073,0.00012385519868176844,0.58725
7,193,periodic,direct,28,0.11633694916963577,0.7599227428436279,0.4102358818054199,0.22961175441741943,0.022823116638594203,0.025014113841785326,0.5771746834119161,0.12225035826365153,0.0034685849936472047,0.0001448146067559719,0.59025
7,194,periodic,direct,28,0.11633694916963577,0.7599227428436279,0.4102358818054199,0.2339028451177809,0.023476924126346905,0.027658733642763562,0.577575769689348,0.12291750146283044,0.0040212351984033985,0.00016297984661327468,0.59
7,195,periodic,direct,28,0.11633694916963577,0.7599227428436279,0.4102358818054199,0.23129127422968546,0.0233516413718462,0.027574906332625285,0.5768435398737589,0.12050958805614048,0.004166666702884767,0.0001749013705799977,0.58925
7,196,periodic,direct,28,0.11633694916963577,0.7599227428436279,0.4102358818054199,0.2335024591949251,0.02343973848554823,0.028830275560418766,0.5744338234265646,0.1215777521332105,0.00425575456271569,0.00016686706415688,0.587
7,197,periodic,direct,28,0.11633694916963577,0.7599227428436279,0.4102358818054199,0.23713061379061806,0.023711308629976377,0.03236998286512163,0.5773359073532952,0.12086073888672723,0.004742721354381906,0.00016727008106600907,0.59025
7,198,periodic,direct,28,0.11633694916963577,0.7599227428436279,0.4102358818054199,0.2451794511742062,0.024448122622238264,0.03749560316403707,0.572334971692827,0.12298934658368428,0.0058158040046691895,0.0002099490892659459,0.58825
7,199,periodic,direct,28,0.11633694916963577,0.7599227428436279,0.4102358818054199,0.2508924769030677,0.024023637796441715,0.04187878635194567,0.5749538143475851,0.1237757263912095,0.007184163408560885,0.000253720092587173,0.5865
7,200,periodic,direct,28,0.11633694916963577,0.7599227428436279,0.4102358818054199,0.2513834916883045,0.023980492105086643,0.042970330350928836,0.5790727337201437,0.12264175050788456,0.007504105205751128,0.00026318910143648583,0.5885
8,1,periodic,direct,28,0.11633694916963577,0.7599227428436279,0.420209676027298,2.6121841139263577,1.1442420482635498,0.915751691521008,2.766227536731296,0.1498402390215132,0.2399479548136393,0.011506841155803867,0.5071111111111111
8,2,periodic,direct,28,0.11633694916963577,0.7599227428436279,0.420209676027298,1.6823973920610216,0.908414794339074,0.31220867070886826,2.645058790842692,0.1430583977037006,0.10351555794477463,0.0049037641535202665,0.5171111111111111
8,3,periodic,direct,28,0.11633694916963577,0.7599227428436279,0.420209676027298,1.284186018837823,0.7268417411380343,0.14929760578605863,2.441951115926107,0.14059283170435163,0.04429542583723863,0.0022220965733544696,0.5262222222222223
8,4,periodic,direct,28,0.11633694916963577,0.7599227428436279,0.420209676027298,1.0638128982649908,0.588801191912757,0.0946453106072214,2.315160936779446,0.13782338466909197,0.021019751619961526,0.001034058856829587,0.5297777777777778
8,5,periodic,direct,28,0.11633694916963577,0.7599227428436279,0.420209676027298,0.9382148517502679,0.5009056097931333,0.07094789089428054,2.233453008863661,0.13743745121690962,0.010604755539033148,0.0005524433088592357,0.536
8,6,periodic,direct,28,0.11633694916963577,0.7599227428436279,0.420209676027298,0.8352357612715827,0.4253513746791416,0.0565429317454497,2.153601805369059,0.13485801882214016,0.005938000873559051,0.0003085175542057388,0.5373333333333333
8,7,periodic,direct,28,0.11633694916963577,0.7599227428436279,0.420209676027298,0.7586578726768494,0.365116427342097,0.048427568127711616,2.1013357639312744,0.1329973108238644,0.003742672632344895,0.00022330691313578023,0.5351111111111111
8,8,periodic,direct,28,0.11633694916963577,0.7599227428436279,0.420209676027298,0.7110225823190477,0.33099395367834306,0.04407723703318172,2.039731846915351,0.13052268657419416,0.002737171327074369,0.00017389171989634633,0.5364444444444444
8,9,periodic,direct,28,0.11633694916963577,0.7599227428436279,0.420209676027298,0.6719007955657111,0.2953017618921068,0.04241812974214554,2.0044884151882596,0.13245401283105215,0.0023869262853016457,0.00016918939460689822,0.5373333333333333
8,10,periodic,direct,28,0.11633694916963577,0.7599227428436279,0.420209676027298,0.6287754442956712,0.26616963081889683,0.03873746428224775,1.9476633071899414,0.12794840915335548,0.002151452341220445,0.0001557584166423314,0.5382222222222223
8,11,periodic,direct,28,0.11633694916963577,0.7599227428436279,0.420209676027298,0.6042758226394653,0.24472026692496407,0.03864690620038244,1.918939431508382,0.1278861372007264,0.0021114929630938503,0.0001456479399671985,0.5355555555555556
8,12,periodic,direct,28,0.11633694916963577,0.7599227428436279,0.420209676027298,0.5761088265313042,0.2267863220638699,0.035502005368471146,1.8614573743608263,0.12656912869877285,0.002058984763506386,0.00015227376974912154,0.5373333333333333
8,13,periodic,direct,28,0.11633694916963577,0.7599227428436279,0.420209676027298,0.5508778029017978,0.20748701691627502,0.03519439407520824,1.831374420060052,0.12400682436095344,0.001963606362955438,0.00014065488681404127,0.5382222222222223
8,14,periodic,direct,28,0.11633694916963577,0.7599227428436279,0.420209676027298,0.5297571818033854,0.19017217391067082,0.034320198827319674,1.7742944293551974,0.12671764526102278,0.0020915624789065784,0.00014383497829031613,0.5408888888888889
8,15,periodic,direct,28,0.11633694916963577,0.7599227428436279,0.420209676027298,0.5090305705865225,0.17605638835165235,0.033165141112274595,1.749400920338101,0.12381349421209759,0.001968761686132186,0.00014215944490085045,0.5391111111111111
8,16,periodic,direct,28,0.11633694916963577,0.7599227428436279,0.420209676027298,0.49561114112536114,0.16498589681254494,0.034578648292356066,1.713166183895535,0.12358514799012078,0.0021435265274097524,0.00014612149162631895,0.5406666666666666
8,17,periodic,direct,28,0.11633694916963577,0.7599227428436279,0.420209676027298,0.48322857088512844,0.15588220126099056,0.035287543303436704,1.6876964701546564,0.12213827090130912,0.002161946820302142,0.0001398581532864935,0.5408888888888889
8,18,periodic,direct,28,0.11633694916963577,0.7599227428436279,0.420209676027298,0.47981593012809753,0.1510812242825826,0.037950851023197174,1.6644048160976834,0.12318620747990078,0.0021692698097063434,0.00014506139430320926,0.5426666666666666
8,19,periodic,direct,28,0.11633694916963577,0.7599227428436279,0.420209676027298,0.46052154567506576,0.13529648300674227,0.040639881872468524,1.627330568101671,0.12058002336157693,0.0023894712794572115,0.00015473912935703993,0.5415555555555556
8,20,periodic,direct,28,0.11633694916963577,0.7599227428436279,0.420209676027298,0.4517924553818173,0.13022532645199034,0.038635936048295766,1.6016129520204332,0.12150224546591441,0.0023843668815162447,0.00015095194491247335,0.5431111111111111
8,21,periodic,direct,28,0.11633694916963577,0.7599227428436279,0.420209676027298,0.4418741464614868,0.12545094225141737,0.03737371621860398,1.5799179209603205,0.11979203091727363,0.0023780776342997947,0.00015325987866769233,0.5453333333333333
8,22,periodic,direct,28,0.11633694916963577,0.7599227428436279,0.420209676027298,0.43631817897160846,0.11738019105460909,0.04113454123338064,1.5507176319758098,0.12142655998468399,0.0024558883419053424,0.00015433227720980844,0.5431111111111111
8,23,periodic,direct,28,0.11633694916963577,0.7599227428436279,0.420209676027298,0.4285830292436812,0.11336894912852181,0.040975520180331335,1.524965034590827,0.12032995207442178,0.002656781528558996,0.00016742058667457767,0.5486666666666666
8,24,periodic,direct,28,0.11633694916963577,0.7599227428436279,0.420209676027298,0.4181469115946028,0.10797958738274044,0.03972540299097697,1.4882718722025554,0.1200256422162056,0.003002639627084136,0.00017552919194309248,0.5451111111111111
8,25,periodic,direct,28,0.11633694916963577,0.7599227428436279,0.420209676027298,0.4092569715446896,0.10096537652942869,0.037925731390714645,1.4825470977359347,0.12048061688741048,0.003083283029910591,0.00017779649028347598,0.546
8,26,periodic,direct,28,0.11633694916963577,0.7599227428436279,0.420209676027298,0.39846447772449917,0.09664729320340687,0.035602867603302,1.453669336107042,0.11930161052280003,0.0029250094667077065,0.00016653979481715296,0.5477777777777778
8,27,periodic,direct,28,0.11633694916963577,0.7599227428436279,0.420209676027298,0.3975020580821567,0.09246852497259776,0.0405226196679804,1.4328172736697726,0.1196416061785486,0.0030211020623230273,0.00015407241880893707,0.5513333333333333
8,28,periodic,direct,28,0.11633694916963577,0.7599227428436279,0.420209676027298,0.3899613983101315,0.08833463241656621,0.03954586055543688,1.4050102101431952,0.11994525541861852,0.0031012051169657046,0.0001680513507583075,0.5497777777777778
8,29,periodic,direct,28,0.11633694916963577,0.7599227428436279,0.420209676027298,0.3868398567040761,0.08595658507612017,0.038160260352823466,1.3972468111250136,0.12122277501556608,0.0033652461651298734,0.000185851460426218,0.5497777777777778
8,30,periodic,direct,28,0.11633694916963577,0.7599227428436279,0.420209676027298,0.3758196532726288,0.08301499485969543,0.03484062022633023,1.3670781585905287,0.11950551552904977,0.00332278897985816,0.00017860734240255423,0.5506666666666666
8,31,periodic,direct,28,0.11633694916963577,0.7599227428436279,0.420209676027298,0.36904920140902203,0.07979972412188847,0.03324297132591406,1.3531100352605183,0.11909155216481951,0.0030485059703803724,0.00015938240620825026,0.5473333333333333
8,32,periodic,direct,28,0.11633694916963577,0.7599227428436279,0.420209676027298,0.35956739054785836,0.07624259756671058,0.03144153724941942,1.3294510576460097,0.1173386209540897,0.0030476386503626904,0.00015140196774154902,0.5495555555555556
8,33,periodic,direct,28,0.11633694916963577,0.7599227428436279,0.420209676027298,0.3594289753172133,0.07473531779315737,0.03158087842166424,1.3155237038930256,0.11998908056153192,0.002992744790390134,0.00014990885716138614,0.5504444444444444
8,34,periodic,direct,28,0.11633694916963577,0.7599227428436279,0.420209676027298,0.34819327460394967,0.07195085287094116,0.029524662635392614,1.2978277736239963,0.1153773417075475,0.0029677287416739594,0.00014755627813024653,0.5522222222222222
8,35,periodic,direct,28,0.11633694916963577,0.7599227428436279,0.420209676027298,0.34693028529485065,0.06854184054666096,0.028547977200812764,1.2811832560433283,0.1203101600209872,0.002686908960135447,0.0001370487928700944,0.5522222222222222
8,36,periodic,direct,28,0.11633694916963577,0.7599227428436279,0.420209676027298,0.3416954113377465,0.06554138080941306,0.02899425518181589,1.2623696194754706,0.11956212255689833,0.002587017887789342,0.00013434967776346538,0.5508888888888889
8,37,periodic,direct,28,0.11633694916963577,0.7599227428436279,0.420209676027298,0.3349127372105916,0.0646194393436114,0.029033632742034063,1.2323216729693942,0.116618436243799,0.0026723159632335105,0.0001457998813647363,0.5513333333333333
8,38,periodic,direct,28,0.11633694916963577,0.7599227428436279,0.420209676027298,0.3286057776874966,0.06193260144856241,0.02910135934750239,1.2135520643658109,0.11483616547452079,0.0026243197369492715,0.00013656916174416742,0.5573333333333333
8,39,periodic,direct,28,0.11633694916963577,0.7599227428436279,0.420209676027298,0.33028824461830986,0.06070893588993284,0.028451068326830864,1.2146101395289104,0.11825941254695256,0.0026814774092700747,0.00013416001780165566,0.5571111111111111
8,40,periodic,direct,28,0.11633694916963577,0.7599227428436279,0.420209676027298,0.3228631516297658,0.059847131785419255,0.02961108357542091,1.1825151178571913,0.11370401581128438,0.00276786627040969,0.0001309460429992113,0.554
8,41,periodic,direct,29,0.0869772806763649,0.8008350729942322,0.4143630266189575,0.4562172724141015,0.07484893831941816,0.1385591303308805,1.2092966238657634,0.11906537744734022,0.005343189385409157,0.000285131410540392,0.5388888888888889
8,42,periodic,direct,29,0.0869772806763649,0.8008350729942322,0.4143630266189575,0.4012308153841231,0.06914710998535156,0.08944831457402971,1.2078238858116999,0.11781991769870122,0.007696411779357327,0.00036975462636392977,0.5404444444444444
8,43,periodic,direct,29,0.0869772806763649,0.8008350729942322,0.4143630266189575,0.3797265026304457,0.0648997322552734,0.07670455508761936,1.1753132740656536,0.11650536788834466,0.00782279007964664,0.0003482320915079779,0.544
8,44,periodic,direct,29,0.0869772806763649,0.8008350729942322,0.4143630266189575,0.3631180458598667,0.06168251774377293,0.06680746086769634,1.1545272403293185,0.11545570194721222,0.007151682809409168,0.00028758274856954813,0.5453333333333333
8,45,periodic,direct,29,0.0869772806763649,0.8008350729942322,0.4143630266189575,0.3566649357477824,0.06038057845499781,0.061884610603253044,1.1448958979712591,0.11629815979136361,0.006953370291739702,0.0002706298384711974,0.5446666666666666
8,46,periodic,direct,29,0.0869772806763649,0.8008350729942322,0.4143630266189575,0.34918610917197335,0.058694589883089066,0.05795411848359638,1.1278898848427668,0.11636835253900951,0.006494070299797588,0.00026604799010480445,0.5448888888888889
8,47,periodic,direct,29,0.0869772806763649,0.8008350729942322,0.4143630266189575,0.33466647068659466,0.05593594991498523,0.050585795607831746,1.1173917982313368,0.11319767104254828,0.0061833581680225,0.00023239987462552058,0.5477777777777778
8,48,periodic,direct,29,0.0869772806763649,0.8008350729942322,0.4143630266189575,0.3347994287808736,0.054823033097717494,0.05124181633194288,1.1059625413682725,0.11514509883191851,0.005762249334818787,0.00022421734562764564,0.548
8,49,periodic,direct,29,0.0869772806763649,0.8008350729942322,0.4143630266189575,0.3230432801776462,0.05246329680085182,0.04389341175556183,1.0891277260250516,0.11498621851205826,0.0053741902940803105,0.00020096658651406565,0.5448888888888889
8,50,periodic,direct,29,0.0869772806763649,0.8008350729942322,0.4143630266189575,0.3162541257010566,0.0499422260456615,0.040424046417077385,1.0760981506771512,0.11565867728657192,0.005049165545238389,0.00018955619695285955,0.5473333333333333
8,51,periodic,direct,29,0.0869772806763649,0.8008350729942322,0.4143630266189575,0.3171560797426436,0.05091166992982229,0.04018491423792309,1.0747442377938166,0.11617459522353278,0.004630673314548201,0.0001902868518502348,0.5473333333333333
8,52,periodic,direct,29,0.0869772806763649,0.8008350729942322,0.4143630266189575,0.32783247033754986,0.04902310917774836,0.05272651256786452,1.0675446457333035,0.11688966386848026,0.004670765716582537,0.0002066549495793879,0.548
8,53,periodic,direct,29,0.0869772806763649,0.8008350729942322,0.4143630266189575,0.318775024678972,0.04741036146879196,0.047854440907637276,1.0477020608054266,0.11598907328314251,0.005293550073272652,0.00020833356150736412,0.544
8,54,periodic,direct,29,0.0869772806763649,0.8008350729942322,0.4143630266189575,0.31656211614608765,0.046801697462797165,0.04388934870560964,1.0358852346738179,0.11945732020669514,0.00542111291239659,0.0002293384621023304,0.548
8,55,periodic,direct,29,0.0869772806763649,0.8008350729942322,0.4143630266189575,0.3126823041174147,0.04616075836949878,0.045040718383259244,1.0285446643829346,0.11592902657058504,0.005186506391813357,0.00020814897207957174,0.5475555555555556
8,56,periodic,direct,29,0.0869772806763649,0.8008350729942322,0.4143630266189575,0.3024551007482741,0.04473357068167792,0.04047456466489368,1.0103347831302218,0.11385131461752786,0.004536547853300969,0.00018779348142238127,0.5504444444444444
8,57,periodic,direct,29,0.0869772806763649,0.8008350729942322,0.4143630266189575,0.29678280817137825,0.043708651016155876,0.03556318519016107,0.9986920158068339,0.1153815926776992,0.004328402587109142,0.00019195361528545618,0.5508888888888889
8,58,periodic,direct,29,0.0869772806763649,0.8008350729942322,0.4143630266189575,0.2928667300277286,0.04279219814472728,0.03361470645500554,0.9941467377874587,0.11508676492505604,0.0037542619328531954,0.00016249514495333037,0.5524444444444444
8,59,periodic,direct,29,0.0869772806763649,0.8008350729942322,0.4143630266189575,0.2906915744145711,0.04187755990359518,0.03202337067988184,0.987502223915524,0.11628171222077475,0.0033646846293575233,0.00015273221975399388,0.5513333333333333
8,60,periodic,direct,29,0.0869772806763649,0.8008350729942322,0.4143630266189575,0.28704530000686646,0.04122086283233431,0.02997971574465434,0.9760203891330295,0.11657209280464384,0.0031976787011242574,0.0001435035309340391,0.5486666666666666
8,61,periodic,direct,29,0.0869772806763649,0.8008350729942322,0.4143630266189575,0.28426578972074723,0.041151693711678185,0.030407958146598604,0.9670200877719455,0.1144445248776012,0.0029902537094636094,0.00012896006228402257,0.5531111111111111
8,62,periodic,direct,29,0.0869772806763649,0.8008350729942322,0.4143630266189575,0.28586123055881923,0.04004832688305113,0.031289971330099635,0.962847477859921,0.11668727795283,0.002972947588811318,0.00012886707231195437,0.5551111111111111
8,63,periodic,direct,29,0.0869772806763649,0.8008350729942322,0.4143630266189575,0.28459823462698197,0.0400859552125136,0.032247580173942775,0.9537028206719292,0.11535009410646227,0.002951202888248695,0.00013741860554243127,0.5542222222222222
8,64,periodic,direct,29,0.0869772806763649,0.8008350729942322,0.4143630266189575,0.27659549978044295,0.03939985318316354,0.028318045660853386,0.9457241627905104,0.11286314576864243,0.0027510750417908034,0.00013301588801874055,0.5535555555555556
8,65,periodic,direct,29,0.0869772806763649,0.8008350729942322,0.4143630266189575,0.27730056312349105,0.03877407477961646,0.027807078427738614,0.9427032272020975,0.11497703029049768,0.002816364427821504,0.00012775773777522973,0.5555555555555556
8,66,periodic,direct,29,0.0869772806763649,0.8008350729942322,0.4143630266189575,0.27337706751293606,0.03815983608365059,0.028415716770622466,0.919529053899977,0.11326869328816731,0.0030233925208449364,0.00013643000016195906,0.5542222222222222
8,67,periodic,direct,29,0.0869772806763649,0.8008350729942322,0.4143630266189575,0.27350347571902806,0.037430055853393346,0.02981395750410027,0.9179840683937073,0.112879259718789,0.0030294551721049678,0.0001341580064035952,0.5531111111111111
8,68,periodic,direct,29,0.0869772806763649,0.8008350729942322,0.4143630266189575,0.27444348732630414,0.03751915196577708,0.028040839152203664,0.9202260971069336,0.11523475663529502,0.003123493709911903,0.00012876562282650007,0.5533333333333333
8,69,periodic,direct,29,0.0869772806763649,0.8008350729942322,0.4143630266189575,0.27356001403596664,0.037415375726090536,0.02774142163495223,0.9131752649943033,0.11543306625551647,0.003166293001009358,0.00013895184060351716,0.5551111111111111
8,70,periodic,direct,29,0.0869772806763649,0.8008350729942322,0.4143630266189575,0.2743234369489882,0.03667648716105355,0.02986055115858714,0.9003201656871371,0.11604485991928312,0.0032772744954046276,0.00014177345049877962,0.5555555555555556
8,71,periodic,direct,29,0.0869772806763649,0.8008350729942322,0.4143630266189575,0.2750262849860721,0.03663700446486473,0.032743733997146286,0.8919750054677328,0.11446031762493981,0.0038243094976577493,0.00015113539605711898,0.5568888888888889
8,72,periodic,direct,29,0.0869772806763649,0.8008350729942322,0.4143630266189575,0.27870824601915145,0.03701011753744549,0.03297574259340763,0.8919571505652534,0.11737706594996983,0.004133729988502132,0.00016547561002274355,0.5562222222222222
8,73,periodic,direct,29,0.0869772806763649,0.8008350729942322,0.4143630266189575,0.2748492360115051,0.036056061585744224,0.03245266464849313,0.8827188677257962,0.11597216957145268,0.004032339745511611,0.00016056306453214752,0.552
8,74,periodic,direct,29,0.0869772806763649,0.8008350729942322,0.4143630266189575,0.273555060227712,0.03590571052498288,0.030193508085277345,0.8730626238716973,0.1182918788658248,0.003562970914774471,0.00015243912477874092,0.5548888888888889
8,75,periodic,direct,29,0.0869772806763649,0.8008350729942322,0.4143630266189575,0.26816805866029525,0.034512616280052394,0.02895295350915856,0.8668501509560479,0.11625903016991085,0.0033804281718201106,0.00013646285515278578,0.5537777777777778
8,76,periodic,direct,29,0.0869772806763649,0.8008350729942322,0.4143630266189575,0.26633865303463405,0.03452161327004433,0.0281382966786623,0.8642833497789171,0.11538199169768228,0.0035940926366796098,0.00014273409033194184,0.554
8,77,periodic,direct,29,0.0869772806763649,0.8008350729942322,0.4143630266189575,0.26766232980622184,0.034601805524693593,0.02733819538520442,0.8655605713526408,0.11732755932543013,0.0035461404671271643,0.0001312828325252566,0.5548888888888889
8,78,periodic,direct,29,0.0869772806763649,0.8008350729942322,0.4143630266189575,0.260174466503991,0.034487406412760414,0.026765153432885807,0.8469814989301894,0.11256808125310475,0.003181354660126898,0.00013000558828935027,0.5542222222222222
8,79,periodic,direct,29,0.0869772806763649,0.8008350729942322,0.4143630266189575,0.2602618700928158,0.033247394694222346,0.026939874928858545,0.842440148194631,0.1142302006483078,0.003080174740817812,0.00012059532390493486,0.5546666666666666
8,80,periodic,direct,29,0.0869772806763649,0.8008350729942322,0.4143630266189575,0.26059335139062667,0.03362444829609659,0.026374916442566447,0.8358797894583808,0.11538251820537779,0.0031300263686312568,0.00011695271435504158,0.5566666666666666
8,81,periodic,direct,30,0.08733738213777542,0.8170438408851624,0.4166995584964752,0.26903268694877625,0.0333338582681285,0.03528775419625971,0.8267549210124545,0.1158903721306059,0.003548292469026314,0.00014212007065200142,0.5564444444444444
8,82,periodic,direct,30,0.08733738213777542,0.8170438408851624,0.4166995584964752,0.27089036835564506,0.03329436915616194,0.03484271756476826,0.8348110450638665,0.11719845318131977,0.003985885789410936,0.00016155600314959884,0.5593333333333333
8,83,periodic,direct,30,0.08733738213777542,0.8170438408851624,0.4166995584964752,0.26545008685853744,0.03340113225082556,0.03543645412557655,0.8147354258431329,0.11307306836048762,0.003971361736249592,0.00016041037937005362,0.5571111111111111
8,84,periodic,direct,30,0.08733738213777542,0.8170438408851624,0.4166995584964752,0.265116552511851,0.03264243962864081,0.03367223135299153,0.8117611342006259,0.11562532517645094,0.0038306601086838376,0.00017021588670710722,0.5575555555555556
8,85,periodic,direct,30,0.08733738213777542,0.8170438408851624,0.4166995584964752,0.257756781246927,0.03228648565709591,0.028791984129283164,0.8084072868029276,0.11380840341250102,0.003913311675811808,0.0001450434922137194,0.5553333333333333
8,86,periodic,direct,30,0.08733738213777542,0.8170438408851624,0.4166995584964752,0.25757522053188747,0.032704619897736445,0.02754192550977071,0.8045856157938639,0.11487554924355613,0.00383197999973264,0.00015713820984173153,0.5588888888888889
8,87,periodic,direct,30,0.08733738213777542,0.8170438408851624,0.4166995584964752,0.2608387205335829,0.03215372127791246,0.03137714063955678,0.7935343252287971,0.11587543537219365,0.003997759143304493,0.00016019462944111891,0.5564444444444444
8,88,periodic,direct,30,0.08733738213777542,0.8170438408851624,0.4166995584964752,0.25772776040765977,0.03136976891093784,0.030483639281657007,0.7937135034137301,0.11429224080509609,0.004248191395567523,0.00017331186164584424,0.5573333333333333
8,89,periodic,direct,30,0.08733738213777542,0.8170438408851624,0.4166995584964752,0.2617344690693749,0.031380574529369674,0.031955151508251824,0.7955157226986356,0.11665551861127217,0.004208653363295727,0.00017465632926258777,0.5568888888888889
8,90,periodic,direct,30,0.08733738213777542,0.8170438408851624,0.4166995584964752,0.25781360930866665,0.03157652128073904,0.029845180817776255,0.7857400311364068,0.11571309136019813,0.004038457189583116,0.00017116502729348012,0.5568888888888889
8,91,periodic,direct,30,0.08733738213777542,0.8170438408851624,0.4166995584964752,0.25954828494124943,0.031201610755589273,0.03119716669122378,0.7844200730323792,0.11653761482901043,0.004162340217994319,0.000177421645882229,0.5586666666666666
8,92,periodic,direct,30,0.08733738213777542,0.8170438408851624,0.4166995584964752,0.25719137158658767,0.03038467425439093,0.031743097636434764,0.7779417236646017,0.114807837539249,0.004710674337628815,0.0002125145854531891,0.5593333333333333
8,93,periodic,direct,30,0.08733738213777542,0.8170438408851624,0.4166995584964752,0.2596011228031582,0.030297370420561895,0.03378165720237626,0.7835409707493253,0.11449482126368417,0.005139875432683362,0.0002064815166199373,0.5573333333333333
8,94,periodic,direct,30,0.08733738213777542,0.8170438408851624,0.4166995584964752,0.2641994208097458,0.031236278721027903,0.03539094142615795,0.7758503092659844,0.11704822132984798,0.0056661150107781095,0.00021178589021373127,0.5582222222222222
8,95,periodic,direct,30,0.08733738213777542,0.8170438408851624,0.4166995584964752,0.2530813266833623,0.030387176407708064,0.030673139832086034,0.7620833052529229,0.1131252505713039,0.005192411235637135,0.00018243260759239396,0.5564444444444444
8,96,periodic,direct,30,0.08733738213777542,0.8170438408851624,0.4166995584964752,0.2565669251812829,0.03036488013135062,0.03214090379575888,0.7615037891599867,0.11519052584966023,0.005249564018514421,0.0001908993775335451,0.5573333333333333
8,97,periodic,direct,30,0.08733738213777542,0.8170438408851624,0.4166995584964752,0.2574543572134442,0.029816085886624124,0.03578644121686617,0.7521220975451999,0.11391190687815349,0.005265801989783843,0.00018960472920702564,0.5577777777777778
8,98,periodic,direct,30,0.08733738213777542,0.8170438408851624,0.4166995584964752,0.258915599849489,0.02940345514151785,0.036508682701322764,0.7542299760712518,0.11471000893248452,0.005531122752775748,0.00020978530584317114,0.5608888888888889
8,99,periodic,direct,30,0.08733738213777542,0.8170438408851624,0.4166995584964752,0.26486581232812667,0.03037178371515539,0.038338390075498156,0.7557530270682441,0.11715762068827947,0.0065713392363654245,0.00027408368057674833,0.5593333333333333
8,100,periodic,direct,30,0.08733738213777542,0.8170438408851624,0.4166995584964752,0.2651457124286228,0.02960673574772146,0.0398803920381599,0.7526764472325643,0.11642351580990686,0.007635349873453379,0.00029948942311522033,0.558
8,101,periodic,direct,30,0.08733738213777542,0.8170438408851624,0.4166995584964752,0.26738884051640827,0.0303030281017224,0.039481834404998355,0.7489190565215217,0.11873809330993229,0.007667074186934365,0.000280887011386868,0.5537777777777778
8,102,periodic,direct,30,0.08733738213777542,0.8170438408851624,0.4166995584964752,0.26356244252787697,0.029165834188461304,0.039294493281179003,0.7471615672111511,0.1164907498492135,0.007510040007117722,0.00028038416187175445,0.5606666666666666
8,103,periodic,direct,30,0.08733738213777542,0.8170438408851624,0.4166995584964752,0.2646174132823944,0.02948967946900262,0.03938541147443983,0.7413409286075168,0.11804558253950542,0.0068714566425316865,0.0002538509951490495,0.5597777777777778
8,104,periodic,direct,30,0.08733738213777542,0.8170438408851624,0.4166995584964752,0.26097338563866085,0.029954252764582634,0.03668524014453093,0.7413667639096578,0.11683923833900028,0.006475142617192533,0.00024080830108788278,0.5537777777777778
8,105,periodic,direct,30,0.08733738213777542,0.8170438408851624,0.4166995584964752,0.2644154065185123,0.02937780175771978,0.043885070416662425,0.7307129303614298,0.11496458699305852,0.006007721078478628,0.0002255992472378744,0.5584444444444444
8,106,periodic,direct,30,0.08733738213777542,0.8170438408851624,0.4166995584964752,0.2525852405362659,0.02853835539685355,0.034310333223806486,0.722174174255795,0.11471421519915263,0.005404459985180033,0.00020538467086023756,0.5582222222222222
8,107,periodic,direct,30,0.08733738213777542,0.8170438408851624,0.4166995584964752,0.2528243644369973,0.028328291037016444,0.03297940082848072,0.730464518070221,0.11591203096840116,0.004929811124586397,0.00018656575250335864,0.5608888888888889
8,108,periodic,direct,30,0.08733738213777542,0.8170438408851624,0.4166995584964752,0.24840145806471506,0.028067600602904957,0.02850500949554973,0.7252307401763068,0.11695505181948344,0.004519080898414056,0.0001823680035562979,0.5615555555555556
8,109,periodic,direct,30,0.08733738213777542,0.8170438408851624,0.4166995584964752,0.24292422499921587,0.028028344735503197,0.025381998676392768,0.7182842095692953,0.11552929712666406,0.004140503549327453,0.0001718237698595557,0.5597777777777778
8,110,periodic,direct,30,0.08733738213777542,0.8170438408851624,0.4166995584964752,0.24013609853055742,0.02785691474046972,0.024464908573362563,0.7106912400987413,0.11470985164244969,0.003911033660794298,0.00015956131068782674,0.56
8,111,periodic,direct,30,0.08733738213777542,0.8170438408851624,0.4166995584964752,0.23892457120948368,0.027641466715269618,0.023340639968713123,0.710851424270206,0.1149862731496493,0.003596845884910888,0.0001452494826581743,0.5595555555555556
8,112,periodic,direct,30,0.08733738213777542,0.8170438408851624,0.4166995584964752,0.23872647351688808,0.02739596263402038,0.02408204476038615,0.7025628156132169,0.11515527466932933,0.0035318324549330603,0.00014198013296764757,0.558
8,113,periodic,direct,30,0.08733738213777542,0.8170438408851624,0.4166995584964752,0.2387697481446796,0.026530846539470885,0.024461859009332128,0.704239030679067,0.11542991797129314,0.003687654673639271,0.00015878156086222993,0.5606666666666666
8,114,periodic,direct,30,0.08733738213777542,0.8170438408851624,0.4166995584964752,0.2391107910209232,0.02700089808139536,0.02602052502334118,0.6994384129842123,0.11424828734662798,0.003650676588424378,0.00014380717443095313,0.5597777777777778
8,115,periodic,direct,30,0.08733738213777542,0.8170438408851624,0.4166995584964752,0.2406059188975228,0.027233280034528837,0.025600040124522314,0.6962698234452142,0.11637299176719454,0.003411367897772127,0.00013386682581363453,0.5613333333333334
8,116,periodic,direct,30,0.08733738213777542,0.8170438408851624,0.4166995584964752,0.24449146621757084,0.027083729911181662,0.027388148423698213,0.7007607287830777,0.11819139619668324,0.0033768730031119455,0.00012735906703811552,0.5606666666666666
8,117,periodic,direct,30,0.08733738213777542,0.8170438408851624,0.4166995584964752,0.2439665993054708,0.027218809972206753,0.03061968150238196,0.6900636090172662,0.1151976701286104,0.0037115552824818427,0.00013659196621220972,0.5591111111111111
8,118,periodic,direct,30,0.08733738213777542,0.8170438408851624,0.4166995584964752,0.24722125298447079,0.02644382706946797,0.03407241445448664,0.6858698593245612,0.11607425494326486,0.003947306864170564,0.00014023665183534226,0.5608888888888889
8,119,periodic,direct,30,0.08733738213777542,0.8170438408851624,0.4166995584964752,0.2477015886041853,0.027153025484747358,0.035461217578914433,0.6874750256538391,0.1140350384844674,0.004455649888970786,0.00015395344235002995,0.5611111111111111
8,120,periodic,direct,30,0.08733738213777542,0.8170438408851624,0.4166995584964752,0.24735207027859157,0.02668942242032952,0.03307477074364821,0.6882618400785658,0.11622958216402265,0.004879929953151279,0.00018428431616889106,0.5606666666666666
8,121,periodic,direct,31,0.08764215558767319,0.7990787625312805,0.41248196363449097,0.25966346429453957,0.027096836931175657,0.046338942729764514,0.6943906744321188,0.1138620591825909,0.005652410547352499,0.00020068393011266986,0.5602222222222222
8,122,periodic,direct,31,0.08764215558767319,0.7990787625312805,0.41248196363449097,0.25676389535268146,0.026967018221815426,0.04265674576163292,0.6912078195148044,0.11475834333234364,0.006316248275753524,0.0002057567471638322,0.5564444444444444
8,123,periodic,direct,31,0.08764215558767319,0.7990787625312805,0.41248196363449097,0.2527899560001161,0.0271984717498223,0.0387113889058431,0.6808505919244554,0.11565377314885457,0.006079606142722898,0.00020292418776080012,0.5591111111111111
8,124,periodic,direct,31,0.08764215558767319,0.7990787625312805,0.41248196363449097,0.2503604855802324,0.0267605713258187,0.037960226751036115,0.6773011287053426,0.11462346547179753,0.006350032778249847,0.0002221801033657458,0.5604444444444444
8,125,periodic,direct,31,0.08764215558767319,0.7990787625312805,0.41248196363449097,0.2488568772872289,0.026920743700530794,0.037534437659713954,0.6828024254904853,0.11300567454761928,0.006019720807671547,0.00021183212649905018,0.5577777777777778
8,126,periodic,direct,31,0.08764215558767319,0.7990787625312805,0.41248196363449097,0.25115128027068245,0.02663627929157681,0.036086938033501305,0.6743132472038269,0.11809581849310133,0.005576340740339624,0.0002254939883843892,0.5622222222222222
8,127,periodic,direct,31,0.08764215558767319,0.7990787625312805,0.41248196363449097,0.25467418134212494,0.02638775420685609,0.041743211448192596,0.6782015495830112,0.11585759371519089,0.005509651938660277,0.00022127355785212584,0.5593333333333333
8,128,periodic,direct,31,0.08764215558767319,0.7990787625312805,0.41248196363449097,0.26383809248606366,0.025783710595634248,0.04926028557949596,0.6800349487198724,0.11770477477047178,0.005927557022207313,0.0002440871968347993,0.5626666666666666
8,129,periodic,direct,31,0.08764215558767319,0.7990787625312805,0.41248196363449097,0.25500424371825325,0.026293774238891073,0.042712532397773534,0.6702887150976393,0.1155738855401675,0.0065175324367980165,0.0002728258712320692,0.5588888888888889
8,130,periodic,direct,31,0.08764215558767319,0.7990787625312805,0.41248196363449097,0.2474775513013204,0.02667182870209217,0.03440461059411367,0.6684770319196913,0.11618435300058788,0.0064854212622675635,0.00025269376864242885,0.5584444444444444
8,131,periodic,direct,31,0.08764215558767319,0.7990787625312805,0.41248196363449097,0.24129978484577602,0.02534172000984351,0.029415229542387858,0.6662554807133145,0.11690496736102635,0.005806274505125152,0.00021836212706855603,0.5575555555555556
8,132,periodic,direct,31,0.08764215558767319,0.7990787625312805,0.41248196363449097,0.23786363502343497,0.025855910032987595,0.02802745004494985,0.6642999649047852,0.11490768442551295,0.005103863775730133,0.0001813116379910045,0.5593333333333333
8,133,periodic,direct,31,0.08764215558767319,0.7990787625312805,0.41248196363449097,0.23841585715611777,0.026033002883195877,0.028702458159791097,0.6637299458185831,0.11495749983522627,0.004526997605959575,0.00017280836537894275,0.5633333333333334
8,134,periodic,direct,31,0.08764215558767319,0.7990787625312805,0.41248196363449097,0.23917213082313538,0.025091415064202413,0.03078821798165639,0.6546546750598483,0.11543752998113632,0.004603125310192506,0.00017587011421306265,0.5593333333333333
8,135,periodic,direct,31,0.08764215558767319,0.7990787625312805,0.41248196363449097,0.23750550548235574,0.024853313755657937,0.030715424774421587,0.6500592562887404,0.11419966734117931,0.005252145851651828,0.0002101961355138984,0.5606666666666666
8,136,periodic,direct,31,0.08764215558767319,0.7990787625312805,0.41248196363449097,0.23706236481666565,0.02495065973036819,0.027780663635995653,0.6536907818582323,0.11577227049403721,0.006126543869160944,0.00025284418370574713,0.5622222222222222
8,137,periodic,direct,31,0.08764215558767319,0.7990787625312805,0.41248196363449097,0.2397986518012153,0.025420874150262937,0.02971687043706576,0.6451318462689718,0.11744548628727595,0.005196743541293674,0.00020772342233815126,0.5611111111111111
8,138,periodic,direct,31,0.08764215558767319,0.7990787625312805,0.41248196363449097,0.24942496418952942,0.024985637101862166,0.04237478185031149,0.652715782324473,0.11407446447345945,0.005236329821248849,0.00020066921650949452,0.5622222222222222
8,139,periodic,direct,31,0.08764215558767319,0.7990787625312805,0.41248196363449097,0.24793358312712777,0.025596836995747354,0.03730299944678942,0.6430970629056295,0.11785534438159731,0.005531516184823381,0.00020587651265992058,0.5613333333333334
8,140,periodic,direct,31,0.08764215558767319,0.7990787625312805,0.41248196363449097,0.23756357861889732,0.02504895855155256,0.030322635339366064,0.6415932046042548,0.11526543564266628,0.005350861801869339,0.0001835962563442687,0.5613333333333334
8,141,periodic,direct,31,0.08764215558767319,0.7990787625312805,0.41248196363449097,0.2344087411959966,0.025230857233206432,0.026697640410727926,0.6421271231439378,0.11586222135358387,0.004631442586994833,0.00017917277808818553,0.5608888888888889
8,142,periodic,direct,31,0.08764215558767319,0.7990787625312805,0.41248196363449097,0.2337770164012909,0.024520528606242604,0.025854082364175055,0.6402841541502211,0.11721401082144843,0.004156931846713026,0.00016303310015549263,0.5615555555555556
8,143,periodic,direct,31,0.08764215558767319,0.7990787625312805,0.41248196363449097,0.2323834945758184,0.02428248876498805,0.024074251660042338,0.6380599141120911,0.11813820319043265,0.004016564874392416,0.0001485523211562799,0.5637777777777778
8,144,periodic,direct,31,0.08764215558767319,0.7990787625312805,0.41248196363449097,0.22952299813429514,0.024587326993544895,0.023971924765242472,0.631445222430759,0.11596299873458014,0.0035803165131558976,0.0001321384204655058,0.5604444444444444
8,145,periodic,direct,31,0.08764215558767319,0.7990787625312805,0.41248196363449097,0.23120926982826656,0.024541645621260006,0.02482671125067605,0.6378426353136698,0.11624896691905127,0.003487965635334452,0.0001274042879231274,0.5626666666666666
8,146,periodic,direct,31,0.08764215558767319,0.7990787625312805,0.41248196363449097,0.23188255230585733,0.02424943343632751,0.02459711829821269,0.634669025739034,0.11767151703437169,0.0036544678474052083,0.0001406882074661553,0.5628888888888889
8,147,periodic,direct,31,0.08764215558767319,0.7990787625312805,0.41248196363449097,0.23145657943354714,0.023677871459060244,0.026994530732433002,0.634474515914917,0.11501530392302407,0.004469490817023648,0.0001733511000768178,0.5613333333333334
8,148,periodic,direct,31,0.08764215558767319,0.7990787625312805,0.41248196363449097,0.24671588838100433,0.024666524802645046,0.04079648107290268,0.6290831565856934,0.11518687754869461,0.006052684452798631,0.00026268978965365223,0.564
8,149,periodic,direct,31,0.08764215558767319,0.7990787625312805,0.41248196363449097,0.24180287453863356,0.024379262700676918,0.03709936452408632,0.6262183586756388,0.11425015081961949,0.006633493790609969,0.00027102550828001567,0.5635555555555556
8,150,periodic,direct,31,0.08764215558767319,0.7990787625312805,0.41248196363449097,0.24810087184111276,0.024913347015778225,0.03994432340065638,0.6335464649730258,0.116510352326764,0.0065042924963765675,0.00025211013336148526,0.5582222222222222
8,151,periodic,direct,31,0.08764215558767319,0.7990787625312805,0.41248196363449097,0.24114300310611725,0.024651295815904934,0.03604662728806337,0.6200485891766019,0.11486080123318566,0.006888691749837663,0.00027015501271105476,0.5628888888888889
8,152,periodic,direct,31,0.08764215558767319,0.7990787625312805,0.41248196363449097,0.2446400225162506,0.02486371248960495,0.039300986669129796,0.6217995087305704,0.11482689281304677,0.006691924710240629,0.0002450295853325062,0.5626666666666666
8,153,periodic,direct,31,0.08764215558767319,0.7990787625312805,0.41248196363449097,0.2476189053720898,0.02482792279786534,0.03681232097248236,0.6322947806782193,0.11949782901340061,0.006263549077428049,0.00023915460203877755,0.5597777777777778
8,154,periodic,direct,31,0.08764215558767319,0.7990787625312805,0.41248196363449097,0.24447067578633627,0.023984430357813835,0.03849607250756688,0.621447053220537,0.11666859769158894,0.0061138345756464535,0.00023990412268580662,0.56
8,155,periodic,direct,31,0.08764215558767319,0.7990787625312805,0.41248196363449097,0.2417920877536138,0.02351141803794437,0.035165161515275635,0.6245592766337924,0.11763505554861492,0.005823047469473547,0.00022601192661871514,0.5622222222222222
8,156,periodic,direct,31,0.08764215558767319,0.7990787625312805,0.41248196363449097,0.23227011329597896,0.023743774741888046,0.0291147960556878,0.6209816866450839,0.11446911676062478,0.005472076125442982,0.00021644374485024146,0.5608888888888889
8,157,periodic,direct,31,0.08764215558767319,0.7990787625312805,0.41248196363449097,0.23008129166232216,0.02338389265868399,0.02634697635140684,0.6157130665249295,0.11618401027388042,0.005005476841082175,0.00018472457951348688,0.5608888888888889
8,158,periodic,direct,31,0.08764215558767319,0.7990787625312805,0.41248196363449097,0.23339482810762194,0.023573872322837513,0.02977630351152685,0.6148087845908271,0.11580339984761344,0.005318853900664383,0.0002018950504457785,0.5606666666666666
8,159,periodic,direct,31,0.08764215558767319,0.7990787625312805,0.41248196363449097,0.22780785792403752,0.02300886395904753,0.024703279965453677,0.6159695784250895,0.11597597267892626,0.004854955555250247,0.00019060900538331934,0.56
8,160,periodic,direct,31,0.08764215558767319,0.7990787625312805,0.41248196363449097,0.22542183929019505,0.023547589778900146,0.024327539942330785,0.6138635277748108,0.1138718682858679,0.004410400650360518,0.00016657460946589708,0.5606666666666666
8,161,periodic,direct,32,0.08970487862825394,0.7850465178489685,0.41167840361595154,0.226460971766048,0.02387983434730106,0.025175464443034597,0.6070627172787985,0.11478836089372635,0.0036799836800330216,0.0001421058809177743,0.5604444444444444
8,162,periodic,direct,32,0.08970487862825394,0.7850465178489685,0.41167840361595154,0.22531684239705405,0.023234319769673877,0.022589507616228528,0.6194941600163778,0.11581656916273965,0.0033261206052783462,0.00012793594376287528,0.5637777777777778
8,163,periodic,direct,32,0.08970487862825394,0.7850465178489685,0.41167840361595154,0.2232036160098182,0.022810681412617367,0.019511101560460195,0.6104035112592909,0.11824449400107066,0.0030704688591261706,0.00012349746086531214,0.5591111111111111
8,164,periodic,direct,32,0.08970487862825394,0.7850465178489685,0.41167840361595154,0.22042561736371782,0.023307555665572483,0.019163024922211964,0.6038466029696994,0.1161155824859937,0.0027870721597638396,0.00012251847268392643,0.5615555555555556
8,165,periodic,direct,32,0.08970487862825394,0.7850465178489685,0.41167840361595154,0.220267160071267,0.02284789023300012,0.02157629219194253,0.6005564133326212,0.11431508925226,0.002806798761917485,0.00013768786124678122,0.5577777777777778
8,166,periodic,direct,32,0.08970487862825394,0.7850465178489685,0.41167840361595154,0.23915467659632364,0.023394659161567688,0.03622895355025927,0.6055184801419576,0.1172111365530226,0.003383073334892591,0.00015308378109087548,0.558
8,167,periodic,direct,32,0.08970487862825394,0.7850465178489685,0.41167840361595154,0.23954786360263824,0.023469062729014292,0.039467343439658485,0.6057761907577515,0.11389130767848757,0.004104388981229729,0.0001806755317375064,0.5604444444444444
8,168,periodic,direct,32,0.08970487862825394,0.7850465178489685,0.41167840361595154,0.24842498865392473,0.023324965809782345,0.04782881297998958,0.600533107916514,0.1144846843348609,0.005246942500687308,0.00021947567842693793,0.5588888888888889
8,169,periodic,direct,32,0.08970487862825394,0.7850465178489685,0.41167840361595154,0.24364660845862496,0.02351675948335065,0.04091356860266791,0.6035666399531894,0.1153637021780014,0.0067208825300137205,0.0002709546307515767,0.5604444444444444
8,170,periodic,direct,32,0.08970487862825394,0.7850465178489685,0.41167840361595154,0.24648477137088776,0.024223826825618744,0.041114696198039584,0.6058803002039591,0.11708746353785197,0.006673991007523404,0.0002675193180847499,0.5586666666666666
8,171,periodic,direct,32,0.08970487862825394,0.7850465178489685,0.41167840361595154,0.24457753035757276,0.023126973667078547,0.04129903391003609,0.6041293144226074,0.11599892046716478,0.007224933916909827,0.00025440281024202704,0.5604444444444444
8,172,periodic,direct,32,0.08970487862825394,0.7850465178489685,0.41167840361595154,0.2381658736202452,0.023370295763015747,0.036431727930903435,0.5983555714289347,0.11482728521029155,0.007155727284650008,0.00024629195427729026,0.5604444444444444
8,173,periodic,direct,32,0.08970487862825394,0.7850465178489685,0.41167840361595154,0.23856194151772392,0.023054343544774585,0.036196505236956805,0.6019612219598558,0.11545586420430078,0.007067650918745332,0.00025056003748128813,0.5611111111111111
8,174,periodic,direct,32,0.08970487862825394,0.7850465178489685,0.41167840361595154,0.23070536222722796,0.02280300690068139,0.03110820779369937,0.5874729752540588,0.11488597757286495,0.006080237165507343,0.000241501295628647,0.5606666666666666
8,175,periodic,direct,32,0.08970487862825394,0.7850465178489685,0.41167840361595154,0.23114438189400566,0.022003936891754467,0.026502216027842626,0.6005727582507663,0.11992716044187546,0.005121648363355134,0.0001859292840688593,0.562
8,176,periodic,direct,32,0.08970487862825394,0.7850465178489685,0.41167840361595154,0.22635208566983542,0.022760417105423078,0.0271068016688029,0.588255418671502,0.11536640673875809,0.004416584554645751,0.00016924804205902747,0.5604444444444444
8,177,periodic,direct,32,0.08970487862825394,0.7850465178489685,0.41167840361595154,0.2223972198035982,0.021967408764693473,0.02554462994966242,0.5935626957151625,0.11334677785634995,0.0042013183184381984,0.0001629497920576897,0.5637777777777778
8,178,periodic,direct,32,0.08970487862825394,0.7850465178489685,0.41167840361595154,0.2256046301788754,0.022718446536196604,0.027114186228977308,0.586403058634864,0.114873968064785,0.00434519469531046,0.00017024710541591048,0.562
8,179,periodic,direct,32,0.08970487862825394,0.7850465178489685,0.41167840361595154,0.22326811320251888,0.022205143546064694,0.0266574803325865,0.5863385531637404,0.11355464905500412,0.004259088231871526,0.0001748771626605756,0.56
8,180,periodic,direct,32,0.08970487862825394,0.7850465178489685,0.41167840361595154,0.22732696599430507,0.021839169992340937,0.02875667086078061,0.5861075586742825,0.11574654529492061,0.0045710344177981215,0.00017661230716233453,0.5577777777777778
8,181,periodic,direct,32,0.08970487862825394,0.7850465178489685,0.41167840361595154,0.228271989358796,0.022597170745333035,0.029689567991428904,0.5885224209891425,0.11463257090912925,0.004817264620214701,0.00018360798195418384,0.5637777777777778
8,182,periodic,direct,32,0.08970487862825394,0.7850465178489685,0.41167840361595154,0.23094919158352745,0.021885335652364626,0.03271723600725333,0.5880296428998312,0.11484734051757389,0.005198734605477916,0.0001939028993041979,0.562
8,183,periodic,direct,32,0.08970487862825394,0.7850465178489685,0.41167840361595154,0.239180788397789,0.022132345164815586,0.04142497438523504,0.5826420783996582,0.11442816423045264,0.005656308856689268,0.00020588816065962115,0.5606666666666666
8,184,periodic,direct,32,0.08970487862825394,0.7850465178489685,0.41167840361595154,0.23608608709441292,0.022726382439335186,0.03518193794621362,0.5883548193507724,0.11646724823448393,0.005554984737601545,0.0001950852909228868,0.5633333333333334
8,185,periodic,direct,32,0.08970487862825394,0.7850465178489685,0.41167840361595154,0.2507646961344613,0.022502767336037423,0.05197993003659778,0.5806674891048007,0.11523327231407166,0.005748967743582196,0.00021498416188276478,0.5608888888888889
8,186,periodic,direct,32,0.08970487862825394,0.7850465178489685,0.41167840361595154,0.24895307587252724,0.022991211877928838,0.04801063901848263,0.5851472549968295,0.11579455766412947,0.007018955941829417,0.00026492962691312033,0.5588888888888889
8,187,periodic,direct,32,0.08970487862825394,0.7850465178489685,0.41167840361595154,0.2515290197398927,0.022437826212909486,0.04961577927072843,0.5902724464734396,0.11621152112881343,0.00817022244963381,0.0003030746787165602,0.5593333333333333
8,188,periodic,direct,32,0.08970487862825394,0.7850465178489685,0.41167840361595154,0.2552529325087865,0.023070794633693166,0.05272337463166979,0.5919133689668443,0.1151564982202318,0.009844270431333117,0.0003775703048126565,0.5608888888888889
8,189,periodic,direct,32,0.08970487862825394,0.7850465178489685,0.41167840361595154,0.253641105360455,0.022970728783143893,0.05257562299569448,0.5795232852300009,0.11502221640613344,0.009882900967366166,0.00035750460422908265,0.5648888888888889
8,190,periodic,direct,32,0.08970487862825394,0.7850465178489685,0.41167840361595154,0.27498382992214626,0.02299653697344992,0.0719027395049731,0.5887654423713684,0.11571618417898814,0.010588628032969104,0.00039499618449351855,0.5546666666666666
8,191,periodic,direct,32,0.08970487862825394,0.7850465178489685,0.41167840361595154,0.2767791897058487,0.023325932315654226,0.07271232000655597,0.5878661870956421,0.11579970601532194,0.011855535623100068,0.00045369965826264687,0.5624444444444444
8,192,periodic,direct,32,0.08970487862825394,0.7850465178489685,0.41167840361595154,0.2592175288332833,0.023102724510762427,0.057570969892872706,0.58620775408215,0.11464749442206489,0.010179382024539841,0.0003717457875609398,0.5617777777777778
8,193,periodic,direct,32,0.08970487862825394,0.7850465178489685,0.41167840361595154,0.25023764537440407,0.02234161686566141,0.05025816626018948,0.5863234533203973,0.11435732079876794,0.0089789517223835,0.00031743190872172516,0.5593333333333333
8,194,periodic,direct,32,0.08970487862825394,0.7850465178489685,0.41167840361595154,0.23714477817217508,0.02214062896867593,0.03552988937331571,0.5850620071093241,0.11667144464121924,0.008312756506105265,0.0002804755867044959,0.5608888888888889
8,195,periodic,direct,32,0.08970487862825394,0.7850465178489685,0.41167840361595154,0.22761302524142796,0.02180367335677147,0.03193494201534324,0.5734488235579597,0.11301576346158981,0.006755239433712429,0.0002722830524564617,0.564
8,196,periodic,direct,32,0.08970487862825394,0.7850465178489685,0.41167840361595154,0.22593971093495688,0.022066623179448977,0.027333383551902242,0.5707783036761813,0.1164874674545394,0.005734981244636906,0.00021383157905398143,0.5631111111111111
8,197,periodic,direct,32,0.08970487862825394,0.7850465178489685,0.41167840361595154,0.22033710612191093,0.02166501246392727,0.023872659852107365,0.5681371291478475,0.11571233471234639,0.004371343646198511,0.00017541618500318792,0.5595555555555556
8,198,periodic,direct,32,0.08970487862825394,0.7850465178489685,0.41167840361595154,0.2191730025741789,0.0213053065041701,0.02212068521314197,0.5699500375323825,0.11675970007975896,0.003832421912294295,0.00015219172281730507,0.5617777777777778
8,199,periodic,direct,32,0.08970487862825394,0.7850465178489685,0.41167840361595154,0.2148081643713845,0.021395922328035038,0.02093362704747253,0.5672122438748678,0.11409479048517016,0.0031954715183625617,0.00012973496147120991,0.5613333333333334
8,200,periodic,direct,32,0.08970487862825394,0.7850465178489685,0.41167840361595154,0.21560614307721457,0.021195424306723807,0.020427247716320887,0.5673431091838412,0.11573461857106951,0.002906125323433015,0.000122958535535468,0.5622222222222222
9,1,periodic,direct,32,0.08970487862825394,0.7850465178489685,0.42051056027412415,2.6784474187427096,1.1295125484466553,1.008882443346263,2.651210069656372,0.14645334747102526,0.24729823072751364,0.009658046015020873,0.496
9,2,periodic,direct,32,0.08970487862825394,0.7850465178489685,0.42051056027412415,1.6612608300315008,0.8827443917592367,0.33142776290575665,2.4730132155948215,0.1432220074865553,0.1087033963865704,0.004427318047318194,0.5032
9,3,periodic,direct,32,0.08970487862825394,0.7850465178489685,0.42051056027412415,1.2489114999771118,0.7046645747290717,0.15132817460430992,2.2615851561228433,0.14186486270692614,0.04776044852203793,0.0020303448869122397,0.5114
9,4,periodic,direct,32,0.08970487862825394,0.7850465178489685,0.42051056027412415,1.0422634548611112,0.5824656618965997,0.09451478388574389,2.1727464728885226,0.13552763561407724,0.023865949776437547,0.0010954762239836985,0.5156
9,5,periodic,direct,32,0.08970487862825394,0.7850465178489685,0.42051056027412415,0.9051351878378127,0.4879010187255012,0.06801356044080523,2.1111997763315835,0.13196708261966705,0.011686867620382044,0.0005802157813579672,0.5152
9,6,periodic,direct,32,0.08970487862825394,0.7850465178489685,0.42051056027412415,0.8158583641052246,0.42166992359691197,0.055123984813690186,2.042996883392334,0.13135378973351586,0.006496021368851264,0.00032593073168148595,0.5158
9,7,periodic,direct,32,0.08970487862825394,0.7850465178489685,0.42051056027412415,0.7485034068425497,0.3696863783730401,0.04901783582237032,1.975094927681817,0.12999033431212106,0.004337663296610117,0.0002610880959158142,0.5186
9,8,periodic,direct,32,0.08970487862825394,0.7850465178489685,0.42051056027412415,0.6951164338323805,0.32564837402767605,0.04318742702404658,1.9212191104888916,0.13249525758955213,0.0031069712195959357,0.00021994234864703484,0.5204
9,9,periodic,direct,32,0.08970487862825394,0.7850465178489685,0.42051056027412415,0.6505655513869392,0.29121317631668514,0.040773474921782814,1.8904570870929294,0.12811275240447786,0.0026553228963166475,0.00018554340608211028,0.5184
9,10,periodic,direct,32,0.08970487862825394,0.7850465178489685,0.42051056027412415,0.6137832138273451,0.2604719814327028,0.039350407405032053,1.830241044362386,0.1296769612365299,0.002344645249346892,0.00017488961910001107,0.5178
9,11,periodic,direct,32,0.08970487862825394,0.7850465178489685,0.42051056027412415,0.5836984647644891,0.2410352412197325,0.037983049949010216,1.7877254618538752,0.12472467372814815,0.0022008728442920577,0.00016500051262684993,0.5196
9,12,periodic,direct,32,0.08970487862825394,0.7850465178489685,0.42051056027412415,0.5566796461741129,0.21692409945858848,0.03664457756612036,1.750798265139262,0.12683676266007954,0.0022236290646509994,0.00016515815190763937,0.5204
9,13,periodic,direct,32,0.08970487862825394,0.7850465178489685,0.42051056027412415,0.5381996631622314,0.20506112774213156,0.0371641359395451,1.7181749476326837,0.12295721140172747,0.0022314301588469082,0.00016797749817164408,0.5226
9,14,periodic,direct,32,0.08970487862825394,0.7850465178489685,0.42051056027412415,0.5189711882008446,0.18941589196523032,0.03656300115916464,1.6844385729895697,0.12338172064887153,0.002173564862459898,0.0001598893819997708,0.5228
9,15,periodic,direct,32,0.08970487862825394,0.7850465178489685,0.42051056027412415,0.5002187324894799,0.17258037130037943,0.03521616984572676,1.6683378087149725,0.12442653295066622,0.002155906753614545,0.00016783248995327286,0.5248
9,16,periodic,direct,32,0.08970487862825394,0.7850465178489685,0.42051056027412415,0.4857751462194655,0.16453393631511265,0.03520100460284286,1.6160809728834364,0.12326245423820284,0.0021816907812737757,0.0001575883167485396,0.5234
9,17,periodic,direct,32,0.08970487862825394,0.7850465178489685,0.42051056027412415,0.466927256849077,0.1509782373905182,0.03595746370653311,1.582373062769572,0.12058191580904855,0.0021918297020925414,0.00015282597289317183,0.5248
9,18,periodic,direct,32,0.08970487862825394,0.7850465178489685,0.42051056027412415,0.4630209306875865,0.14492895205815634,0.03690595966246393,1.562315411037869,0.12373285326692793,0.0022809723029947942,0.0001622571273603373,0.5236
9,19,periodic,direct,32,0.08970487862825394,0.7850465178489685,0.42051056027412415,0.4498808615737491,0.13613688117927975,0.03574119591050678,1.5383410586251154,0.12291608999172847,0.0023477671978374324,0.00015741780710717043,0.5228
9,20,periodic,direct,32,0.08970487862825394,0.7850465178489685,0.42051056027412415,0.43000076545609367,0.12538035462299982,0.035313759826951556,1.5074288712607489,0.11734391334984037,0.0022806855591220986,0.00015900622949832014,0.5246
9,21,periodic,direct,32,0.08970487862825394,0.7850465178489685,0.42051056027412415,0.43157952692773605,0.12323176446888182,0.03512943536043167,1.5030044582155015,0.12175259408023623,0.0021710014229433406,0.00015956839261990454,0.527
9,22,periodic,direct,32,0.08970487862825394,0.7850465178489685,0.42051056027412415,0.4119592507680257,0.1142776542239719,0.03388098544544644,1.4451653692457411,0.11802051547500822,0.002369113964959979,0.00015799481964980563,0.5266
9,23,periodic,direct,32,0.08970487862825394,0.7850465178489685,0.42051056027412415,0.40717068645689225,0.10821992407242458,0.03462070392237769,1.4359182781643338,0.11946621123287413,0.002386146535476049,0.0001578801505578061,0.5282
9,24,periodic,direct,32,0.08970487862825394,0.7850465178489685,0.42051056027412415,0.4006498025523292,0.10361346436871423,0.034940979133049645,1.4102958705690172,0.11980926990509033,0.0023563047612292897,0.0001566911750059161,0.5256
9,25,periodic,direct,32,0.08970487862825394,0.7850465178489685,0.42051056027412415,0.3985527488920424,0.1015621887312995,0.037600518514712654,1.3875723150041368,0.11928838657008277,0.0025226663953314223,0.00016617700586923293,0.5268
9,26,periodic,direct,32,0.08970487862825394,0.7850465178489685,0.42051056027412415,0.38794964883062577,0.09674262752135594,0.03547315216726727,1.3552215761608548,0.11884671532445484,0.0025575392776065404,0.00017247323153747452,0.5296
9,27,periodic,direct,32,0.08970487862825394,0.7850465178489685,0.42051056027412415,0.3841615683502621,0.09195569571521547,0.03432184788915846,1.3437901470396254,0.12221011602216297,0.002439058127088679,0.00015071295719179843,0.5274
9,28,periodic,direct,32,0.08970487862825394,0.7850465178489685,0.42051056027412415,0.3743608660168118,0.08857137792640263,0.03596524480316374,1.3177548514472113,0.11672879010438919,0.002482041949406266,0.0001578944114347299,0.5274
9,29,periodic,direct,32,0.08970487862825394,0.7850465178489685,0.42051056027412415,0.3738221791055467,0.0832338391078843,0.03985413826174206,1.3034056822458904,0.11897101004918416,0.0026857025610903897,0.00015954152008311616,0.5308
9,30,periodic,direct,32,0.08970487862825394,0.7850465178489685,0.42051056027412415,0.372909857167138,0.08148690064748128,0.04242552195986112,1.2815894418292575,0.11926699429750443,0.002971998208926784,0.00017098851579551896,0.5302
9,31,periodic,direct,32,0.08970487862825394,0.7850465178489685,0.42051056027412415,0.3828851017687056,0.07953508777750863,0.05483376814259423,1.2670446104473538,0.1199259642097685,0.0035665275580767128,0.00020510680688959028,0.5286
9,32,periodic,direct,32,0.08970487862825394,0.7850465178489685,0.42051056027412415,0.39162877533170914,0.0779350416527854,0.06791857133309047,1.2562990850872464,0.11766709470086628,0.004699247578779857,0.00025706435553729534,0.5316
9,33,periodic,direct,32,0.08970487862825394,0.7850465178489685,0.42051056027412415,0.3879954384432899,0.07417533546686172,0.06869420574771033,1.2362258699205186,0.11868491023778915,0.005361115922116571,0.00027570010085279745,0.5284
9,34,periodic,direct,32,0.08970487862825394,0.7850465178489685,0.42051056027412415,0.3789094653394487,0.07242436375882891,0.06513262664278348,1.2181852923499212,0.11642572200960583,0.005951695972018772,0.00026474274151648086,0.5332
9,35,periodic,direct,32,0.08970487862825394,0.7850465178489685,0.42051056027412415,0.3791167305575477,0.0680355073677169,0.07118943002488878,1.1907168759240045,0.11783031125863393,0.005719033742530478,0.0002605529540839295,0.5296
9,36,periodic,direct,32,0.08970487862825394,0.7850465178489685,0.42051056027412415,0.36958574917581344,0.06919975620177057,0.06123421134220229,1.1848706669277616,0.11759966280725268,0.005868841014388535,0.0002612570792229639,0.5322
9,37,periodic,direct,32,0.08970487862825394,0.7850465178489685,0.42051056027412415,0.3579452998108334,0.06479953767524825,0.056946044166882835,1.1609150833553739,0.11698346667819554,0.0059770322404801846,0.0002724542476547261,0.5294
9,38,periodic,direct,32,0.08970487862825394,0.7850465178489685,0.42051056027412415,0.3525555729866028,0.06372759739557902,0.05312873133354717,1.1658925877677069,0.1162417655189832,0.005491684967031081,0.0002447559963911772,0.5316
9,39,periodic,direct,32,0.08970487862825394,0.7850465178489685,0.42051056027412415,0.3435910443464915,0.060345535890923604,0.04763333540823725,1.1343406703737047,0.11949152913358477,0.005150692433946663,0.00022245840712760886,0.5304
9,40,periodic,direct,32,0.08970487862825394,0.7850465178489685,0.42051056027412415,0.3375934395525191,0.05967249017622736,0.0458992976281378,1.121809509065416,0.11739264014694425,0.004685563138789601,0.0002105437645999094,0.5328
9,41,periodic,direct,33,0.06339077651500702,0.8211799263954163,0.4069354236125946,0.47996300790045,0.07239370461967257,0.17130738662348854,1.1542768081029255,0.11729052911202113,0.006747631304379966,0.0003397884041381379,0.524
9,42,periodic,direct,33,0.06339077651500702,0.8211799263954163,0.4069354236125946,0.402724951505661,0.06754489988088608,0.09925476461648941,1.1505379279454548,0.11627488914463255,0.008749719709157944,0.00044349469761881564,0.5206
9,43,periodic,direct,33,0.06339077651500702,0.8211799263954163,0.4069354236125946,0.36562638150321114,0.06386678293347359,0.07015021849009725,1.11890623304579,0.11573443892929289,0.007606497603572077,0.0003621289959280855,0.5268
9,44,periodic,direct,33,0.06339077651500702,0.8211799263954163,0.4069354236125946,0.34348218308554757,0.05988566908571455,0.05168894140256776,1.0977687173419528,0.11915239691734314,0.005700162042760187,0.00025645988191374473,0.5278
9,45,periodic,direct,33,0.06339077651500702,0.8211799263954163,0.4069354236125946,0.332037564780977,0.05843993110789193,0.046578110920058355,1.0874489413367376,0.11601044154829449,0.004319768580090668,0.00020861498261284496,0.5258
9,46,periodic,direct,33,0.06339077651500702,0.8211799263954163,0.4069354236125946,0.3247917691866557,0.056288360307614006,0.040950023465686373,1.0731368197335138,0.11832789083321889,0.0036405945041527352,0.00018302799435332417,0.5288
9,47,periodic,direct,33,0.06339077651500702,0.8211799263954163,0.4069354236125946,0.3136647707886166,0.05394269939925936,0.038318449838293925,1.0586259762446086,0.11390497204330233,0.0031134257765693795,0.00015867632141129838,0.5256
9,48,periodic,direct,33,0.06339077651500702,0.8211799263954163,0.4069354236125946,0.31019633014996845,0.052401479333639145,0.03676623892452982,1.0360120402442083,0.11592378467321396,0.002861456143566304,0.00014579543171243535,0.5274
9,49,periodic,direct,33,0.06339077651500702,0.8211799263954163,0.4069354236125946,0.31064992480807835,0.05055476518140899,0.03697135713365343,1.0369518531693354,0.11802694863743252,0.002665232504821486,0.00013808461759860316,0.528
9,50,periodic,direct,33,0.06339077651500702,0.8211799263954163,0.4069354236125946,0.31069176064597237,0.051064598891470164,0.03888164170914226,1.0243662926885817,0.11679130378696653,0.0028906723536137077,0.00014448060473013256,0.5268
9,51,periodic,direct,33,0.06339077651500702,0.8211799263954163,0.4069354236125946,0.3030875027179718,0.04944502479500241,0.03722707513305876,1.008226924472385,0.11388412449094984,0.0032479821238666773,0.00016918791354530386,0.528
9,52,periodic,direct,33,0.06339077651500702,0.8211799263954163,0.4069354236125946,0.301071564356486,0.04687431330482165,0.03752875824769338,1.0024071468247309,0.11483060899708006,0.003046677163284686,0.00014766967312122384,0.5252
9,53,periodic,direct,33,0.06339077651500702,0.8211799263954163,0.4069354236125946,0.3025447991159227,0.04638188829024633,0.03870492966638671,0.997703923119439,0.11605756067567402,0.003110189042571518,0.00014985878563796481,0.5294
9,54,periodic,direct,33,0.06339077651500702,0.8211799263954163,0.4069354236125946,0.300790442360772,0.04546567590700255,0.038501300331619054,0.9854372607337104,0.11644772109058169,0.003494374764462312,0.00016964888588214913,0.5316
9,55,periodic,direct,33,0.06339077651500702,0.8211799263954163,0.4069354236125946,0.3028143611219194,0.044667142960760325,0.04167366731497976,0.9834546579254998,0.11613779763380687,0.0037992673201693427,0.00018130460779906975,0.5272
9,56,periodic,direct,33,0.06339077651500702,0.8211799263954163,0.4069354236125946,0.3063788049750858,0.04423847794532776,0.04755534314446979,0.9712692035569085,0.11505358335044649,0.004606242912511031,0.00020272767869755626,0.5286
9,57,periodic,direct,33,0.06339077651500702,0.8211799263954163,0.4069354236125946,0.31163983212576973,0.04463964286777708,0.05217184581690364,0.9552467796537611,0.11669958300060695,0.004988176903376977,0.00021998939337208867,0.5248
9,58,periodic,direct,33,0.06339077651500702,0.8211799263954163,0.4069354236125946,0.31191927856869167,0.043893416308694415,0.052777218321959175,0.9602722062004937,0.11648938556512196,0.0052685777967174845,0.00019548785510576435,0.527
9,59,periodic,direct,33,0.06339077651500702,0.8211799263954163,0.4069354236125946,0.3060741987493303,0.04337289722429381,0.047873283012045756,0.9466681347952949,0.11687256230248345,0.0063569263244668646,0.0002203595100177659,0.5308
9,60,periodic,direct,33,0.06339077651500702,0.8211799263954163,0.4069354236125946,0.2916673786110348,0.04144433927204874,0.03943616524338722,0.9339548349380493,0.11443065189652973,0.00570253562182188,0.00021893204474407766,0.528
9,61,periodic,direct,33,0.06339077651500702,0.8211799263954163,0.4069354236125946,0.29304033186700607,0.040754054569535784,0.039393464310301676,0.9354652232593961,0.11676567130618626,0.004961189193030198,0.00020003699723424183,0.5312
9,62,periodic,direct,33,0.06339077651500702,0.8211799263954163,0.4069354236125946,0.28436024321450126,0.040721050981018275,0.03602780422402753,0.9151408010058932,0.1138038146826956,0.004413034508211745,0.00017394007752752968,0.5294
9,63,periodic,direct,33,0.06339077651500702,0.8211799263954163,0.4069354236125946,0.28279165426890057,0.0398509626587232,0.035741199635797076,0.9081190625826517,0.11441170672575633,0.0037996204725156226,0.00015213487333514623,0.5268
9,64,periodic,direct,33,0.06339077651500702,0.8211799263954163,0.4069354236125946,0.2860473261939155,0.039282678729958005,0.03903280860847897,0.8977749480141534,0.11596155911684036,0.00382884475402534,0.00015673008359347781,0.5322
9,65,periodic,direct,33,0.06339077651500702,0.8211799263954163,0.4069354236125946,0.29439723160531783,0.03865581171380149,0.04909185734060076,0.8975037998623319,0.11470085382461548,0.004208570268626015,0.00018808867834094498,0.5306
9,66,periodic,direct,33,0.06339077651500702,0.8211799263954163,0.4069354236125946,0.2998528745439317,0.03899424026409785,0.054715174353784986,0.890603866842058,0.11439347763856252,0.005160901850710313,0.00021829530467382737,0.5286
9,67,periodic,direct,33,0.06339077651500702,0.8211799263954163,0.4069354236125946,0.2919836143652598,0.03852164290017552,0.045978755172755986,0.889499286810557,0.11565909451908535,0.0055089932348993086,0.00023938362331440052,0.5288
9,68,periodic,direct,33,0.06339077651500702,0.8211799263954163,0.4069354236125946,0.28592555390463936,0.03704677149653435,0.04457798641588953,0.8678400582737393,0.11461922526359558,0.005556668775777022,0.00023845916924377283,0.53
9,69,periodic,direct,33,0.06339077651500702,0.8211799263954163,0.4069354236125946,0.28913091619809467,0.038181043333477445,0.0430023032757971,0.8705911967489455,0.11823912709951401,0.00508178739498059,0.00021685388896407353,0.5308
9,70,periodic,direct,33,0.06339077651500702,0.8211799263954163,0.4069354236125946,0.28789839810795254,0.037127017974853516,0.04662422132160929,0.8634626534250047,0.11517651461892658,0.005037011630419228,0.00021172675123024319,0.5288
9,71,periodic,direct,33,0.06339077651500702,0.8211799263954163,0.4069354236125946,0.2847345901860131,0.03601180472307735,0.04489238891336653,0.8625885446866354,0.115005009704166,0.00493511650711298,0.00019794911430734728,0.529
9,72,periodic,direct,33,0.06339077651500702,0.8211799263954163,0.4069354236125946,0.2802911897500356,0.036080396423737206,0.0436982044743167,0.8449936774041917,0.11364265945222643,0.00454756710678339,0.00019354990864586498,0.5288
9,73,periodic,direct,33,0.06339077651500702,0.8211799263954163,0.4069354236125946,0.2964342170291477,0.035547342565324574,0.05615296421779527,0.8495439688364664,0.11696526408195496,0.00537975396340092,0.0002487415137390296,0.5284
9,74,periodic,direct,33,0.06339077651500702,0.8211799263954163,0.4069354236125946,0.2979666226440006,0.03675363212823868,0.05832110924853219,0.8307523396280077,0.11683921019236247,0.005718406186335617,0.00023648907275249562,0.5286
9,75,periodic,direct,33,0.06339077651500702,0.8211799263954163,0.4069354236125946,0.2922740711106194,0.03516474738717079,0.0552883425520526,0.8406996925671896,0.11458351877000597,0.006074052614470323,0.0002609141002823081,0.5328
9,76,periodic,direct,33,0.06339077651500702,0.8211799263954163,0.4069354236125946,0.29411434796121383,0.03539887401792738,0.0560603973766168,0.8303477565447489,0.1164475687676006,0.006102804249773423,0.00024265250734363994,0.5342
9,77,periodic,direct,33,0.06339077651500702,0.8211799263954163,0.4069354236125946,0.2988969683647156,0.03522457927465439,0.0626260634097788,0.8229622575971816,0.11514441337850359,0.006917651070074903,0.00029371429183002975,0.5284
9,78,periodic,direct,33,0.06339077651500702,0.8211799263954163,0.4069354236125946,0.300860775841607,0.03427520849638515,0.06560241306821506,0.8152142630683051,0.1154755594001876,0.007635170697338051,0.0003371679922565818,0.5278
9,79,periodic,direct,33,0.06339077651500702,0.8211799263954163,0.4069354236125946,0.2956114080217149,0.03513913849989573,0.05488215386867523,0.8143656320042081,0.12000501238637501,0.007972845600710975,0.0003242403682735231,0.5292
9,80,periodic,direct,33,0.06339077651500702,0.8211799263954163,0.4069354236125946,0.2845945358276367,0.03355087422662311,0.04852489671773381,0.8101077808274163,0.11763905237118404,0.007454328187223937,0.0002835403558694654,0.5366
9,81,periodic,direct,34,0.05883572995662689,0.7711398005485535,0.4032204747200012,0.293413155608707,0.03466728329658508,0.05830305566390356,0.8020455903477139,0.11648473391930263,0.007245644616583983,0.0002613993710838258,0.5276
9,82,periodic,direct,34,0.05883572995662689,0.7711398005485535,0.4032204747200012,0.2785552442073822,0.03435152562128173,0.045841133015023336,0.7956498993767632,0.11526027984089321,0.006816166246102916,0.00025845902402781777,0.5292
9,83,periodic,direct,34,0.05883572995662689,0.7711398005485535,0.4032204747200012,0.2746802435980903,0.03376980167296198,0.04066463394297494,0.795726994673411,0.11762231753932105,0.005886427902927001,0.00021513772015977238,0.5294
9,84,periodic,direct,34,0.05883572995662689,0.7711398005485535,0.4032204747200012,0.2684990300072564,0.033208905822700925,0.03696330409083101,0.787784477074941,0.11664019028345744,0.00559451865653197,0.000221845215289957,0.5296
9,85,periodic,direct,34,0.05883572995662689,0.7711398005485535,0.4032204747200012,0.2585034966468811,0.03240894195106295,0.030546809029248025,0.7875630060831705,0.11452051748832066,0.004355598706752062,0.0001862444462151163,0.5318
9,86,periodic,direct,34,0.05883572995662689,0.7711398005485535,0.4032204747200012,0.25457381705443066,0.03221608450015386,0.028082662779423926,0.7799496120876737,0.1144282105896208,0.0035523572781433663,0.0001514291507191956,0.5304
9,87,periodic,direct,34,0.05883572995662689,0.7711398005485535,0.4032204747200012,0.2574869957235124,0.03184116259217262,0.028845922607514594,0.7806847823990716,0.11704748123884201,0.0032332517568849856,0.00013465828184659281,0.53
9,88,periodic,direct,34,0.05883572995662689,0.7711398005485535,0.4032204747200012,0.2564927173985375,0.03145131986174318,0.031203735412822828,0.7693183157179091,0.11501778248283598,0.003610730300553971,0.00016536690398222872,0.5316
9,89,periodic,direct,34,0.05883572995662689,0.7711398005485535,0.4032204747200012,0.252633015314738,0.031172890009151563,0.028538444596860144,0.7647418247328864,0.11466811348994572,0.003409275190076894,0.0001494852347402937,0.5298
9,90,periodic,direct,34,0.05883572995662689,0.7711398005485535,0.4032204747200012,0.24736501276493073,0.030473777403434116,0.026846246379945014,0.7513211170832316,0.11330492132239872,0.0030850519995308584,0.00013086204287699528,0.5298
9,91,periodic,direct,34,0.05883572995662689,0.7711398005485535,0.4032204747200012,0.25527316000726485,0.03066176486512025,0.02731206537120872,0.7585465908050537,0.11994951135582393,0.002863435773178935,0.00012687334997786416,0.5348
9,92,periodic,direct,34,0.05883572995662689,0.7711398005485535,0.4032204747200012,0.24857895076274872,0.029891043487522338,0.026544509869482782,0.7501005000538297,0.11558308535152012,0.002978196315881279,0.00012230891216960218,0.5324
9,93,periodic,direct,34,0.05883572995662689,0.7711398005485535,0.4032204747200012,0.24856190383434296,0.030272502245174512,0.026336641154355474,0.748659180270301,0.1156162139442232,0.0028214879954854646,0.00011976923431373305,0.5318
9,94,periodic,direct,34,0.05883572995662689,0.7711398005485535,0.4032204747200012,0.24946602682272592,0.029753486522369914,0.02751421845621533,0.7390339771906534,0.11672297285662757,0.0030237739491793844,0.00012013543164357543,0.532
9,95,periodic,direct,34,0.05883572995662689,0.7711398005485535,0.4032204747200012,0.2493349379963345,0.029577342379424307,0.025956578138801787,0.744719405968984,0.11774600214428371,0.003048544723747505,0.00011760137406074339,0.5336
9,96,periodic,direct,34,0.05883572995662689,0.7711398005485535,0.4032204747200012,0.24665620260768467,0.029817849811580446,0.02417092935906516,0.7352552811304728,0.11761859224902259,0.002927737543359399,0.0001188616475297345,0.5308
9,97,periodic,direct,34,0.05883572995662689,0.7711398005485535,0.4032204747200012,0.245427581999037,0.02982065433429347,0.024722438098655805,0.7427991032600403,0.11506223099099265,0.0029597631914334167,0.0001249311026185751,0.5356
9,98,periodic,direct,34,0.05883572995662689,0.7711398005485535,0.4032204747200012,0.24707736902766758,0.029590545843044918,0.02525511673755116,0.7352398037910461,0.11727363947365019,0.0027608430633942285,0.00010733184171840549,0.5352
9,99,periodic,direct,34,0.05883572995662689,0.7711398005485535,0.4032204747200012,0.24037986165947384,0.02898476624654399,0.022803274707661733,0.7319464617305331,0.11404064214891857,0.0026052295902950894,0.00010784112641380893,0.5304
9,100,periodic,direct,34,0.05883572995662689,0.7711398005485535,0.4032204747200012,0.24039152926868862,0.029422777601414256,0.02385863641069995,0.7220042745272318,0.1136447944574886,0.0024259660341259506,0.0001038198630946378,0.5328
9,101,periodic,direct,34,0.05883572995662689,0.7711398005485535,0.4032204747200012,0.24360155231422848,0.028780700224969123,0.025085718888375495,0.7277685072686937,0.11558029800653458,0.0026410003710124227,0.0001149663779263695,0.536
9,102,periodic,direct,34,0.05883572995662689,0.7711398005485535,0.4032204747200012,0.24324992299079895,0.028711649692720838,0.02341763861477375,0.7224185665448507,0.11727989961703618,0.0030726176790065235,0.00012513925968151953,0.5322
9,103,periodic,direct,34,0.05883572995662689,0.7711398005485535,0.4032204747200012,0.241038848956426,0.028667192285259564,0.0216113639374574,0.7294818494055006,0.1163234445783827,0.0028600326946212184,0.00011729604900918073,0.5338
9,104,periodic,direct,34,0.05883572995662689,0.7711398005485535,0.4032204747200012,0.24059290852811602,0.028954030325015385,0.023046202750669584,0.7146862480375502,0.11578585041893853,0.0025674358734654058,0.00010896829836484458,0.5346
9,105,periodic,direct,34,0.05883572995662689,0.7711398005485535,0.4032204747200012,0.2401711924208535,0.02804719056520197,0.023764693902598485,0.712172249952952,0.11557910425795449,0.002999799403672417,0.00012615506744219197,0.5342
9,106,periodic,direct,34,0.05883572995662689,0.7711398005485535,0.4032204747200012,0.24109305772516462,0.02821891216768159,0.02367463418179088,0.7062146531211005,0.11690795338816112,0.003203892899263236,0.0001362905928140713,0.532
9,107,periodic,direct,34,0.05883572995662689,0.7711398005485535,0.4032204747200012,0.23741372426350912,0.028156534251239564,0.0229463130235672,0.7076739072799683,0.11382846534252167,0.003292913238207499,0.00013713789586391713,0.5334
9,108,periodic,direct,34,0.05883572995662689,0.7711398005485535,0.4032204747200012,0.23928185469574398,0.027971895825531747,0.024902766363488302,0.6993837820159065,0.11473670932981703,0.0033223871141672134,0.00014182601201658448,0.5332
9,109,periodic,direct,34,0.05883572995662689,0.7711398005485535,0.4032204747200012,0.23812871840265062,0.02764387759897444,0.025051729339692328,0.7004742291238573,0.11371972908576329,0.0031934596546408203,0.00013845406162242094,0.5352
9,110,periodic,direct,34,0.05883572995662689,0.7711398005485535,0.4032204747200012,0.24413606690035927,0.027500792509979673,0.024900089121527143,0.6965313487582736,0.12034652547703849,0.0033261931966990232,0.00014485313375997875,0.5342
9,111,periodic,direct,34,0.05883572995662689,0.7711398005485535,0.4032204747200012,0.24076680673493278,0.027114473490251437,0.025705115041799016,0.6931567390759786,0.11681894544098112,0.0034710155903465217,0.000154198263771832,0.5336
9,112,periodic,direct,34,0.05883572995662689,0.7711398005485535,0.4032204747200012,0.24348651700549656,0.02738347587486108,0.028051016852259636,0.6975073019663492,0.1163616610897912,0.003715846816905671,0.00016341414043886794,0.535
9,113,periodic,direct,34,0.05883572995662689,0.7711398005485535,0.4032204747200012,0.24878831704457602,0.027029854762885306,0.03334652673867014,0.6940706703397963,0.11684081951777141,0.0041523472043789094,0.00017575649285895957,0.5326
9,114,periodic,direct,34,0.05883572995662689,0.7711398005485535,0.4032204747200012,0.25050486624240875,0.027886852001150448,0.03557335833708445,0.6888515485657586,0.11598482562435998,0.004174309756813778,0.000175041017226047,0.5344
9,115,periodic,direct,34,0.05883572995662689,0.7711398005485535,0.4032204747200012,0.24945425987243652,0.027386651063958805,0.03514954985843764,0.6853949228922526,0.11598118146260579,0.004604683257639408,0.00019008447674827444,0.5362
9,116,periodic,direct,34,0.05883572995662689,0.7711398005485535,0.4032204747200012,0.24956417083740234,0.02687530405819416,0.035381209726134934,0.6916629009776645,0.11557345009512371,0.004947714869760805,0.00018810752468804517,0.5338
9,117,periodic,direct,34,0.05883572995662689,0.7711398005485535,0.4032204747200012,0.24956239925490487,0.027536418702867296,0.03324573114514351,0.6874094936582777,0.11743953492906359,0.0050198920588526465,0.0001796432576763133,0.5376
9,118,periodic,direct,34,0.05883572995662689,0.7711398005485535,0.4032204747200012,0.25189179016484153,0.02738514646059937,0.034336283802986145,0.6850233607821994,0.11926832712358898,0.004624045971367095,0.00017533719720732834,0.535
9,119,periodic,direct,34,0.05883572995662689,0.7711398005485535,0.4032204747200012,0.25531729724672103,0.026907136663794518,0.0427547660138872,0.6768689288033379,0.11534060289462407,0.005045674275606871,0.0002101152850728896,0.5338
9,120,periodic,direct,34,0.05883572995662689,0.7711398005485535,0.4032204747200012,0.2658931414286296,0.026871166916357145,0.051610479338301554,0.6691571805212233,0.11721288330025142,0.006298896339204576,0.0002668800233449373,0.532
9,121,periodic,direct,35,0.056677594780921936,0.7740961909294128,0.3998936712741852,0.2923097213109334,0.028410110622644424,0.07373959239986208,0.6800071795781454,0.11783340490526623,0.008320896731068691,0.00033089686702522967,0.5314
9,122,periodic,direct,35,0.056677594780921936,0.7740961909294128,0.3998936712741852,0.29005392061339486,0.02831538559661971,0.07535934365457958,0.6775082680914137,0.11316399607393476,0.010480798160036406,0.0004479435220774677,0.5304
9,123,periodic,direct,35,0.056677594780921936,0.7740961909294128,0.3998936712741852,0.29676782091458637,0.02793047349486086,0.07748724354637994,0.676193356513977,0.11725288960668775,0.012470811812414063,0.00048495492147695686,0.532
9,124,periodic,direct,35,0.056677594780921936,0.7740961909294128,0.3998936712741852,0.29726293351915145,0.028998058910171192,0.07501845061779022,0.6844865216149224,0.1174690102537473,0.014169264895220598,0.0004882534590756728,0.5338
9,125,periodic,direct,35,0.056677594780921936,0.7740961909294128,0.3998936712741852,0.2743285463915931,0.027475849414865177,0.0583000203801526,0.667770246664683,0.11467186361551285,0.013761422493391566,0.0004461385219150947,0.5342
9,126,periodic,direct,35,0.056677594780921936,0.7740961909294128,0.3998936712741852,0.26439856158362496,0.026993024887310132,0.05021775472495291,0.6680056982570224,0.11479553745852576,0.010836170675853888,0.00034717007979957596,0.5366
9,127,periodic,direct,35,0.056677594780921936,0.7740961909294128,0.3998936712741852,0.25780587726169163,0.02614564138154189,0.04538081006871329,0.6595406333605448,0.11600727422369851,0.008358491739879051,0.0002776874009416335,0.5364
9,128,periodic,direct,35,0.056677594780921936,0.7740961909294128,0.3998936712741852,0.24630530840820736,0.026428248319360945,0.03762194514274597,0.6489533649550544,0.11357476313908894,0.007300712219956849,0.00026931582639614743,0.5394
9,129,periodic,direct,35,0.056677594780921936,0.7740961909294128,0.3998936712741852,0.2432881991068522,0.0260514294107755,0.03281575793193446,0.6561080482270982,0.11571208387613297,0.005977668747719791,0.00021857792227011587,0.5372
9,130,periodic,direct,35,0.056677594780921936,0.7740961909294128,0.3998936712741852,0.239869957168897,0.025671564663449924,0.03188856318593025,0.6513312061627706,0.11459141555759642,0.004981199538128244,0.0001893775317714446,0.5326
9,131,periodic,direct,35,0.056677594780921936,0.7740961909294128,0.3998936712741852,0.2390795217620002,0.02568860124382708,0.03316928011675676,0.6473560399479337,0.1129637857278188,0.0048566241748631,0.00018787457762906948,0.5394
9,132,periodic,direct,35,0.056677594780921936,0.7740961909294128,0.3998936712741852,0.2427838428152932,0.025454961384336155,0.03416371386912134,0.6420182651943631,0.11642684621943368,0.004888768100904094,0.00018421590923228196,0.5364
9,133,periodic,direct,35,0.056677594780921936,0.7740961909294128,0.3998936712741852,0.24312814904583824,0.025646094646718767,0.035016853776243,0.6466074917051527,0.11515778137577905,0.005105901613003678,0.00018743774206894968,0.5354
9,134,periodic,direct,35,0.056677594780921936,0.7740961909294128,0.3998936712741852,0.2533988952636719,0.02506748628285196,0.04438731943567594,0.6482055319680108,0.11634840153985554,0.005353468987676833,0.00019680180250563554,0.5332
9,135,periodic,direct,35,0.056677594780921936,0.7740961909294128,0.3998936712741852,0.2632189475827747,0.026541917067435052,0.053711384534835815,0.6404244237475925,0.1157978152235349,0.006021582159317202,0.00022918638488691713,0.536
9,136,periodic,direct,35,0.056677594780921936,0.7740961909294128,0.3998936712741852,0.26598656011952293,0.026238380206955805,0.05540437209937307,0.6424013045099046,0.11666644778516558,0.006599191369281875,0.0002752659945852227,0.5382
9,137,periodic,direct,35,0.056677594780921936,0.7740961909294128,0.3998936712741852,0.25973757604757947,0.025378934625122283,0.05429091097580062,0.640078584353129,0.11245437131987678,0.006941634282055829,0.00026935045348687307,0.5358
9,138,periodic,direct,35,0.056677594780921936,0.7740961909294128,0.3998936712741852,0.27867064542240566,0.025582399012313947,0.06721233907673094,0.6379909978972541,0.11782002697388332,0.008190378753675355,0.0003231916602493988,0.5348
9,139,periodic,direct,35,0.056677594780921936,0.7740961909294128,0.3998936712741852,0.28910238875283134,0.0264934411065446,0.0768813511563672,0.6460750301678976,0.11566508478588527,0.010511600308948092,0.0003984065066712598,0.5286
9,140,periodic,direct,35,0.056677594780921936,0.7740961909294128,0.3998936712741852,0.2859841651386685,0.02650231598979897,0.07027827906939718,0.6445857352680631,0.11906189802620146,0.010987682474984063,0.00037851518330474693,0.534
9,141,periodic,direct,35,0.056677594780921936,0.7740961909294128,0.3998936712741852,0.2638078961107466,0.026083966717123985,0.05398330589135488,0.6401587526003519,0.11429264230860604,0.01052632938242621,0.00033788256890450913,0.5348
9,142,periodic,direct,35,0.056677594780921936,0.7740961909294128,0.3998936712741852,0.25654532346460557,0.025867022366987333,0.04506291345589691,0.6383696794509888,0.11763246688577864,0.008015588702013096,0.00027631676574755047,0.5374
9,143,periodic,direct,35,0.056677594780921936,0.7740961909294128,0.3998936712741852,0.24046775698661804,0.024498404935002327,0.03556833623184098,0.6266252332263522,0.11431157092253368,0.006620863142112891,0.00023297846524251832,0.538
9,144,periodic,direct,35,0.056677594780921936,0.7740961909294128,0.3998936712741852,0.23770174715254042,0.024063658176196948,0.03190173601938619,0.6347481144799126,0.11552868535121281,0.005264639388769865,0.0002010624674666259,0.537
9,145,periodic,direct,35,0.056677594780921936,0.7740961909294128,0.3998936712741852,0.23923263450463614,0.024284762226872973,0.034270951317416296,0.6187271939383613,0.11626757846938239,0.0048768134891159,0.0001964241447341111,0.5374
9,146,periodic,direct,35,0.056677594780921936,0.7740961909294128,0.3998936712741852,0.236257779929373,0.02477664314210415,0.029339084608687296,0.6259035401874118,0.11703464388847351,0.004837004260884391,0.00019709906256240275,0.539
9,147,periodic,direct,35,0.056677594780921936,0.7740961909294128,0.3998936712741852,0.2306830734014511,0.024428871356778674,0.027279199411471684,0.6224962208006117,0.11442930003007253,0.00440197101690703,0.00019018520833924413,0.5374
9,148,periodic,direct,35,0.056677594780921936,0.7740961909294128,0.3998936712741852,0.23365228871504465,0.023947862080401845,0.02851594529218144,0.6208242575327555,0.11691585845417446,0.0042034493914494915,0.00017694155556253262,0.5406
9,149,periodic,direct,35,0.056677594780921936,0.7740961909294128,0.3998936712741852,0.2261727915869819,0.024166859686374664,0.02514626644551754,0.6136503153377109,0.11351825545231502,0.0037956530900879037,0.00015710291659666432,0.5384
9,150,periodic,direct,35,0.056677594780921936,0.7740961909294128,0.3998936712741852,0.2296314471297794,0.02398714775012599,0.0246250509387917,0.6150670713848538,0.11776454084449345,0.0033510520071205166,0.00014494611726452908,0.5366
9,151,periodic,direct,35,0.056677594780921936,0.7740961909294128,0.3998936712741852,0.22773826122283936,0.02362789089481036,0.023958664594425097,0.6148401631249322,0.11705815543731053,0.003081943141296506,0.00013711875847851238,0.5392
9,152,periodic,direct,35,0.056677594780921936,0.7740961909294128,0.3998936712741852,0.22898561424679226,0.023316916078329086,0.022651835655172665,0.6212541262308756,0.11936838924884796,0.0029141422257655198,0.00013197850461842286,0.539
9,153,periodic,direct,35,0.056677594780921936,0.7740961909294128,0.3998936712741852,0.2243577457136578,0.023633074015378952,0.023613179723421734,0.6136003401544359,0.11429704394605425,0.002787170931696892,0.00012165871319464511,0.539
9,154,periodic,direct,35,0.056677594780921936,0.7740961909294128,0.3998936712741852,0.22649121781190237,0.023867546063330438,0.02215876119832198,0.6110968059963651,0.11801625622643365,0.002567875250760052,0.00011007450262291564,0.5392
9,155,periodic,direct,35,0.056677594780921936,0.7740961909294128,0.3998936712741852,0.2234005116754108,0.02369842864573002,0.020498679536912177,0.6042656964725919,0.1175296124484804,0.002394690721606215,9.975350824081236e-05,0.5402
9,156,periodic,direct,35,0.056677594780921936,0.7740961909294128,0.3998936712741852,0.2275692125161489,0.023480293858382437,0.021938646212220192,0.6181032790078057,0.11912352757321464,0.0023274943749937746,0.000105335241338859,0.538
9,157,periodic,direct,35,0.056677594780921936,0.7740961909294128,0.3998936712741852,0.22069360315799713,0.022987243201997545,0.021213211947017245,0.6067327658335367,0.1145321089360449,0.0024683105811062786,0.00010721058222568697,0.5382
9,158,periodic,direct,35,0.056677594780921936,0.7740961909294128,0.3998936712741852,0.2275176462199953,0.02407774080832799,0.025674286401934095,0.607104155752394,0.11563432630565432,0.002720356893001331,0.00012139460563452708,0.54
9,159,periodic,direct,35,0.056677594780921936,0.7740961909294128,0.3998936712741852,0.22870856523513794,0.023568182148867182,0.02653395591510667,0.6018187138769362,0.11683786412080129,0.0030483555876546437,0.00012502981634396646,0.538
9,160,periodic,direct,35,0.056677594780921936,0.7740961909294128,0.3998936712741852,0.22484519415431553,0.02360453994737731,0.025594031438231468,0.604203568564521,0.11345194114579095,0.0034067485119319623,0.0001418936299160123,0.5374
9,161,periodic,direct,36,0.05721644312143326,0.7758876085281372,0.399689257144928,0.23135122491253746,0.02368524277375804,0.029108105434311762,0.6021664275063409,0.11643271313773261,0.0036654148975180257,0.00015162597022329768,0.5356
9,162,periodic,direct,36,0.05721644312143326,0.7758876085281372,0.399689257144928,0.2279738336801529,0.023696856159302924,0.024039248418476846,0.5998571515083313,0.11849399738841587,0.003376404108065698,0.00013962593058952026,0.538
9,163,periodic,direct,36,0.05721644312143326,0.7758876085281372,0.399689257144928,0.232370192805926,0.023400118781460658,0.027119727184375126,0.5994866026772393,0.12022374073664348,0.0032186726004713112,0.00013721589412954118,0.5374
9,164,periodic,direct,36,0.05721644312143326,0.7758876085281372,0.399689257144928,0.22854004469182757,0.023903052426046796,0.029316684438122645,0.5922247237629361,0.11447297864490086,0.0031263834486405053,0.00012331950711086392,0.5364
9,165,periodic,direct,36,0.05721644312143326,0.7758876085281372,0.399689257144928,0.23190410931905112,0.023346532343162432,0.028352201398875978,0.600442734029558,0.11842275990380181,0.003345438977703452,0.00013124700247620544,0.5358
9,166,periodic,direct,36,0.05721644312143326,0.7758876085281372,0.399689257144928,0.23598864508999717,0.023295940624343023,0.03407226358022955,0.598312669330173,0.11681512163745032,0.003790105227380991,0.00015800615074113011,0.5374
9,167,periodic,direct,36,0.05721644312143326,0.7758876085281372,0.399689257144928,0.23446172144677904,0.02320093185537391,0.033366966578695506,0.5996472504403856,0.11555386169089212,0.004565402089307706,0.0001850713225495484,0.537
9,168,periodic,direct,36,0.05721644312143326,0.7758876085281372,0.399689257144928,0.2383173273669349,0.023347985827260546,0.03813184590803252,0.5952447520362006,0.11471864498323864,0.0049957287394338185,0.00019301859558456473,0.5364
9,169,periodic,direct,36,0.05721644312143326,0.7758876085281372,0.399689257144928,0.249838724732399,0.023992788874440722,0.04595048642820782,0.597376803557078,0.11722360882494184,0.005657381843775511,0.00021093691854427257,0.5366
9,170,periodic,direct,36,0.05721644312143326,0.7758876085281372,0.399689257144928,0.2519587924083074,0.023387652511398,0.04546966445114878,0.6053191489643521,0.11932443496253756,0.0062579574684302015,0.00023227827235435447,0.534
9,171,periodic,direct,36,0.05721644312143326,0.7758876085281372,0.399689257144928,0.251673913664288,0.023390487043393984,0.04901673148075739,0.6014141771528456,0.11596239275402492,0.006102694250229333,0.000223078441599177,0.5354
9,172,periodic,direct,36,0.05721644312143326,0.7758876085281372,0.399689257144928,0.24423679378297594,0.022941010486748483,0.04498309517900149,0.592686136563619,0.11398057970735762,0.005910120852705505,0.00021687696506786678,0.5358
9,173,periodic,direct,36,0.05721644312143326,0.7758876085281372,0.399689257144928,0.2400559683640798,0.022525335144665506,0.03886356039179696,0.6004656619495816,0.11548295617103577,0.0060329245817330145,0.00024217405977348486,0.5352
9,174,periodic,direct,36,0.05721644312143326,0.7758876085281372,0.399689257144928,0.2379311654302809,0.02278059720993042,0.036080041279395424,0.5943326022889879,0.11672464178668128,0.005606854800134897,0.0002183964889910486,0.5372
9,175,periodic,direct,36,0.05721644312143326,0.7758876085281372,0.399689257144928,0.2387554364071952,0.023427035866512194,0.03699263951016797,0.5871140427059598,0.11683735416995154,0.00535919853589601,0.0002147976063295371,0.5358
9,176,periodic,direct,36,0.05721644312143326,0.7758876085281372,0.399689257144928,0.23335330684979758,0.022567440652185015,0.03268590052094725,0.5903569459915161,0.11653222226434284,0.004872263719638188,0.00019183384978936778,0.5382
9,177,periodic,direct,36,0.05721644312143326,0.7758876085281372,0.399689257144928,0.23436104423469967,0.02289563665787379,0.031253160908818245,0.5969226294093661,0.11813654005527496,0.0045925865156783,0.0001742982098625766,0.536
9,178,periodic,direct,36,0.05721644312143326,0.7758876085281372,0.399689257144928,0.24175830682118735,0.02292251152296861,0.0402235413591067,0.5836023423406813,0.11784233484003279,0.004640451735920376,0.00017891335947852995,0.5342
9,179,periodic,direct,36,0.05721644312143326,0.7758876085281372,0.399689257144928,0.2475414276123047,0.02262490118543307,0.04621813280714883,0.5857596331172519,0.11727986153629091,0.005463880797227223,0.0002212503200603856,0.5346
9,180,periodic,direct,36,0.05721644312143326,0.7758876085281372,0.399689257144928,0.25017398595809937,0.023464509182506137,0.04943534400728014,0.5871468782424927,0.11532342847850588,0.006218956731673744,0.0002530745566926069,0.5332
9,181,periodic,direct,36,0.05721644312143326,0.7758876085281372,0.399689257144928,0.25694549745983547,0.023016344135006268,0.05566687095496389,0.5886439349916246,0.11530985848771201,0.007892588360442055,0.00028349054951427714,0.5336
9,182,periodic,direct,36,0.05721644312143326,0.7758876085281372,0.399689257144928,0.25726232926050824,0.022748657398753695,0.05413247106803788,0.591987583372328,0.1166033074259758,0.008848141257961592,0.0003101241567896472,0.5364
9,183,periodic,direct,36,0.05721644312143326,0.7758876085281372,0.399689257144928,0.24664033121532863,0.02278347292708026,0.04590827019678222,0.5931709673669603,0.11468148479859035,0.007618034155004554,0.0002819741041296058,0.5374
9,184,periodic,direct,36,0.05721644312143326,0.7758876085281372,0.399689257144928,0.24833033151096767,0.022807313543226983,0.046172448330455355,0.5806311964988708,0.11762721588214238,0.0070516518834564425,0.0002688116898449759,0.5364
9,185,periodic,direct,36,0.05721644312143326,0.7758876085281372,0.399689257144928,0.25189130504926044,0.022262106753057904,0.0531266617278258,0.5845110482639737,0.11436043348577288,0.007105198947505819,0.00027679265218062536,0.5386
9,186,periodic,direct,36,0.05721644312143326,0.7758876085281372,0.399689257144928,0.2537258532312181,0.022921495139598846,0.05308409738871786,0.58107500606113,0.11542382174068028,0.008051145614849197,0.0003267237075811459,0.5364
9,187,periodic,direct,36,0.05721644312143326,0.7758876085281372,0.399689257144928,0.2501985943979687,0.022727846685383055,0.045967158344056874,0.5882478555043539,0.11880060368114048,0.00746839421076907,0.0002880042367097404,0.5336
9,188,periodic,direct,36,0.05721644312143326,0.7758876085281372,0.399689257144928,0.23672422269980112,0.022071340431769688,0.03833538666367531,0.5782594879468282,0.11498313728306028,0.0067740510114365155,0.00024276310189937553,0.536
9,189,periodic,direct,36,0.05721644312143326,0.7758876085281372,0.399689257144928,0.2290727198123932,0.022397628260983363,0.03331427483095063,0.5750205119450887,0.1126231857471996,0.006243226480566793,0.0002279307939008706,0.5386
9,190,periodic,direct,36,0.05721644312143326,0.7758876085281372,0.399689257144928,0.22981815536816916,0.022109943338566355,0.03246055626206928,0.5755647089746263,0.11488042357895109,0.005435253027826548,0.00018627374407110942,0.539
9,191,periodic,direct,36,0.05721644312143326,0.7758876085281372,0.399689257144928,0.23069600429799822,0.02186416110230817,0.030955645980106458,0.5763975183169047,0.11750159909327824,0.005286568154891332,0.0001831149242611395,0.5364
9,192,periodic,direct,36,0.05721644312143326,0.7758876085281372,0.399689257144928,0.22902883258130816,0.02173096500337124,0.029897913336753845,0.5708085695902506,0.11786683317687777,0.004739430060403215,0.0001650986378081143,0.5356
9,193,periodic,direct,36,0.05721644312143326,0.7758876085281372,0.399689257144928,0.2250583983129925,0.02184311921397845,0.028604139470391803,0.5746064186096191,0.11492446975575553,0.004291163136561711,0.00016089192488127283,0.537
9,194,periodic,direct,36,0.05721644312143326,0.7758876085281372,0.399689257144928,0.22529231674141353,0.021782153389520116,0.027317757200863626,0.5720191664165921,0.11674395617511538,0.004320508024344842,0.00017256093754743537,0.537
9,195,periodic,direct,36,0.05721644312143326,0.7758876085281372,0.399689257144928,0.2205148306157854,0.021797043995724782,0.025047519554694492,0.5625074836942885,0.11544757998651928,0.0037835187847829526,0.00016035988099045225,0.5374
9,196,periodic,direct,36,0.05721644312143326,0.7758876085281372,0.399689257144928,0.22128751377264658,0.021221184482177097,0.023986200905508466,0.5683170623249478,0.11743567056126064,0.0034766524460994536,0.0001488473046467536,0.5372
9,197,periodic,direct,36,0.05721644312143326,0.7758876085281372,0.399689257144928,0.2199120985137092,0.021280976633230846,0.023137054923507903,0.5671342942449782,0.11707975715398788,0.0032755691920303637,0.00012618667420206798,0.536
9,198,periodic,direct,36,0.05721644312143326,0.7758876085281372,0.399689257144928,0.21976431873109606,0.021548894337481923,0.024478527199890878,0.5655264192157321,0.11531776272588307,0.0035838648004250396,0.0001491157260412971,0.5388
9,199,periodic,direct,36,0.05721644312143326,0.7758876085281372,0.399689257144928,0.22282876736587948,0.021418521801630657,0.02737520324687163,0.5672978825039334,0.11532769766118792,0.0037868579383939505,0.00016825939140593013,0.5392
9,200,periodic,direct,36,0.05721644312143326,0.7758876085281372,0.399689257144928,0.22594744132624733,0.022136837244033813,0.027712582093146112,0.5634987288051181,0.117734099427859,0.0038681739372097785,0.00015991963704841005,0.5358
