step,epoch,fusion_mode,fusion_update_rule,gate_version,gate_min,gate_max,gate_mean,train_loss,ce,kd,instance,class,spatial,temporal,val_acc
0,1,periodic,sample_aware,0,0.5,0.5,0.5,2.0015242099761963,2.0015242099761963,0.0,0.0,0.0,0.0,0.0,0.422
0,2,periodic,sample_aware,0,0.5,0.5,0.5,1.406460205713908,1.406460205713908,0.0,0.0,0.0,0.0,0.0,0.584
0,3,periodic,sample_aware,0,0.5,0.5,0.5,1.0728703869713678,1.0728703869713678,0.0,0.0,0.0,0.0,0.0,0.696
0,4,periodic,sample_aware,0,0.5,0.5,0.5,0.8251169323921204,0.8251169323921204,0.0,0.0,0.0,0.0,0.0,0.732
0,5,periodic,sample_aware,0,0.5,0.5,0.5,0.6503091719415452,0.6503091719415452,0.0,0.0,0.0,0.0,0.0,0.782
0,6,periodic,sample_aware,0,0.5,0.5,0.5,0.518825908501943,0.518825908501943,0.0,0.0,0.0,0.0,0.0,0.822
0,7,periodic,sample_aware,0,0.5,0.5,0.5,0.4454490906662411,0.4454490906662411,0.0,0.0,0.0,0.0,0.0,0.832
0,8,periodic,sample_aware,0,0.5,0.5,0.5,0.3626617425017887,0.3626617425017887,0.0,0.0,0.0,0.0,0.0,0.836
0,9,periodic,sample_aware,0,0.5,0.5,0.5,0.30967384080092114,0.30967384080092114,0.0,0.0,0.0,0.0,0.0,0.878
0,10,periodic,sample_aware,0,0.5,0.5,0.5,0.2642807794941796,0.2642807794941796,0.0,0.0,0.0,0.0,0.0,0.86
0,11,periodic,sample_aware,0,0.5,0.5,0.5,0.2172550012667974,0.2172550012667974,0.0,0.0,0.0,0.0,0.0,0.872
0,12,periodic,sample_aware,0,0.5,0.5,0.5,0.18249967032008702,0.18249967032008702,0.0,0.0,0.0,0.0,0.0,0.874
0,13,periodic,sample_aware,0,0.5,0.5,0.5,0.15929872459835476,0.15929872459835476,0.0,0.0,0.0,0.0,0.0,0.872
0,14,periodic,sample_aware,0,0.5,0.5,0.5,0.1381027748187383,0.1381027748187383,0.0,0.0,0.0,0.0,0.0,0.89
0,15,periodic,sample_aware,0,0.5,0.5,0.5,0.11155229641331567,0.11155229641331567,0.0,0.0,0.0,0.0,0.0,0.892
0,16,periodic,sample_aware,0,0.5,0.5,0.5,0.10104220691654417,0.10104220691654417,0.0,0.0,0.0,0.0,0.0,0.88
0,17,periodic,sample_aware,0,0.5,0.5,0.5,0.08208020693726009,0.08208020693726009,0.0,0.0,0.0,0.0,0.0,0.872
0,18,periodic,sample_aware,0,0.5,0.5,0.5,0.07018763489193386,0.07018763489193386,0.0,0.0,0.0,0.0,0.0,0.888
0,19,periodic,sample_aware,0,0.5,0.5,0.5,0.0712773050698969,0.0712773050698969,0.0,0.0,0.0,0.0,0.0,0.882
0,20,periodic,sample_aware,0,0.5,0.5,0.5,0.05955424697862731,0.05955424697862731,0.0,0.0,0.0,0.0,0.0,0.878
0,21,periodic,sample_aware,0,0.5,0.5,0.5,0.04985088813636038,0.04985088813636038,0.0,0.0,0.0,0.0,0.0,0.876
0,22,periodic,sample_aware,0,0.5,0.5,0.5,0.044659561581081815,0.044659561581081815,0.0,0.0,0.0,0.0,0.0,0.884
0,23,periodic,sample_aware,0,0.5,0.5,0.5,0.04218455942140685,0.04218455942140685,0.0,0.0,0.0,0.0,0.0,0.874
0,24,periodic,sample_aware,0,0.5,0.5,0.5,0.03546296970711814,0.03546296970711814,0.0,0.0,0.0,0.0,0.0,0.888
0,25,periodic,sample_aware,0,0.5,0.5,0.5,0.032286086223191686,0.032286086223191686,0.0,0.0,0.0,0.0,0.0,0.88
0,26,periodic,sample_aware,0,0.5,0.5,0.5,0.02888338764508565,0.02888338764508565,0.0,0.0,0.0,0.0,0.0,0.886
0,27,periodic,sample_aware,0,0.5,0.5,0.5,0.027670819105373487,0.027670819105373487,0.0,0.0,0.0,0.0,0.0,0.88
0,28,periodic,sample_aware,0,0.5,0.5,0.5,0.026555943199329905,0.026555943199329905,0.0,0.0,0.0,0.0,0.0,0.876
0,29,periodic,sample_aware,0,0.5,0.5,0.5,0.025200163945555687,0.025200163945555687,0.0,0.0,0.0,0.0,0.0,0.884
0,30,periodic,sample_aware,0,0.5,0.5,0.5,0.023620846163895395,0.023620846163895395,0.0,0.0,0.0,0.0,0.0,0.882
0,31,periodic,sample_aware,0,0.5,0.5,0.5,0.022754067968991067,0.022754067968991067,0.0,0.0,0.0,0.0,0.0,0.876
0,32,periodic,sample_aware,0,0.5,0.5,0.5,0.021978489433725674,0.021978489433725674,0.0,0.0,0.0,0.0,0.0,0.882
0,33,periodic,sample_aware,0,0.5,0.5,0.5,0.02133966713315911,0.02133966713315911,0.0,0.0,0.0,0.0,0.0,0.878
0,34,periodic,sample_aware,0,0.5,0.5,0.5,0.020200688598884478,0.020200688598884478,0.0,0.0,0.0,0.0,0.0,0.88
0,35,periodic,sample_aware,0,0.5,0.5,0.5,0.019014062256448798,0.019014062256448798,0.0,0.0,0.0,0.0,0.0,0.874
0,36,periodic,sample_aware,0,0.5,0.5,0.5,0.017923508046401873,0.017923508046401873,0.0,0.0,0.0,0.0,0.0,0.876
0,37,periodic,sample_aware,0,0.5,0.5,0.5,0.01696906632019414,0.01696906632019414,0.0,0.0,0.0,0.0,0.0,0.88
0,38,periodic,sample_aware,0,0.5,0.5,0.5,0.016739868248502415,0.016739868248502415,0.0,0.0,0.0,0.0,0.0,0.874
0,39,periodic,sample_aware,0,0.5,0.5,0.5,0.015873292564517923,0.015873292564517923,0.0,0.0,0.0,0.0,0.0,0.878
0,40,periodic,sample_aware,0,0.5,0.5,0.5,0.015253086781336201,0.015253086781336201,0.0,0.0,0.0,0.0,0.0,0.884
0,41,periodic,sample_aware,0,0.5,0.5,0.5,0.014275324323938953,0.014275324323938953,0.0,0.0,0.0,0.0,0.0,0.882
0,42,periodic,sample_aware,0,0.5,0.5,0.5,0.013896275208228163,0.013896275208228163,0.0,0.0,0.0,0.0,0.0,0.882
0,43,periodic,sample_aware,0,0.5,0.5,0.5,0.013719984951118628,0.013719984951118628,0.0,0.0,0.0,0.0,0.0,0.882
0,44,periodic,sample_aware,0,0.5,0.5,0.5,0.013587271484235922,0.013587271484235922,0.0,0.0,0.0,0.0,0.0,0.882
0,45,periodic,sample_aware,0,0.5,0.5,0.5,0.013395755034353998,0.013395755034353998,0.0,0.0,0.0,0.0,0.0,0.868
0,46,periodic,sample_aware,0,0.5,0.5,0.5,0.012762389870153533,0.012762389870153533,0.0,0.0,0.0,0.0,0.0,0.89
0,47,periodic,sample_aware,0,0.5,0.5,0.5,0.013279477755228678,0.013279477755228678,0.0,0.0,0.0,0.0,0.0,0.876
0,48,periodic,sample_aware,0,0.5,0.5,0.5,0.01352290271057023,0.01352290271057023,0.0,0.0,0.0,0.0,0.0,0.874
0,49,periodic,sample_aware,0,0.5,0.5,0.5,0.012556255381140444,0.012556255381140444,0.0,0.0,0.0,0.0,0.0,0.876
0,50,periodic,sample_aware,0,0.5,0.5,0.5,0.012224117190473609,0.012224117190473609,0.0,0.0,0.0,0.0,0.0,0.88
0,51,periodic,sample_aware,0,0.5,0.5,0.5,0.011360005372100405,0.011360005372100405,0.0,0.0,0.0,0.0,0.0,0.884
0,52,periodic,sample_aware,0,0.5,0.5,0.5,0.011751409930487474,0.011751409930487474,0.0,0.0,0.0,0.0,0.0,0.88
0,53,periodic,sample_aware,0,0.5,0.5,0.5,0.01078727034231027,0.01078727034231027,0.0,0.0,0.0,0.0,0.0,0.88
0,54,periodic,sample_aware,0,0.5,0.5,0.5,0.010390930084718598,0.010390930084718598,0.0,0.0,0.0,0.0,0.0,0.884
0,55,periodic,sample_aware,0,0.5,0.5,0.5,0.01025500645240148,0.01025500645240148,0.0,0.0,0.0,0.0,0.0,0.88
0,56,periodic,sample_aware,0,0.5,0.5,0.5,0.01049236125416226,0.01049236125416226,0.0,0.0,0.0,0.0,0.0,0.88
0,57,periodic,sample_aware,0,0.5,0.5,0.5,0.010512146891819106,0.010512146891819106,0.0,0.0,0.0,0.0,0.0,0.884
0,58,periodic,sample_aware,0,0.5,0.5,0.5,0.010342097530762354,0.010342097530762354,0.0,0.0,0.0,0.0,0.0,0.878
0,59,periodic,sample_aware,0,0.5,0.5,0.5,0.009781250626676612,0.009781250626676612,0.0,0.0,0.0,0.0,0.0,0.878
0,60,periodic,sample_aware,0,0.5,0.5,0.5,0.009742674521274038,0.009742674521274038,0.0,0.0,0.0,0.0,0.0,0.874
0,61,periodic,sample_aware,0,0.5,0.5,0.5,0.009334781310624547,0.009334781310624547,0.0,0.0,0.0,0.0,0.0,0.884
0,62,periodic,sample_aware,0,0.5,0.5,0.5,0.009616629117065005,0.009616629117065005,0.0,0.0,0.0,0.0,0.0,0.884
0,63,periodic,sample_aware,0,0.5,0.5,0.5,0.009338693951980935,0.009338693951980935,0.0,0.0,0.0,0.0,0.0,0.874
0,64,periodic,sample_aware,0,0.5,0.5,0.5,0.008895127050992515,0.008895127050992515,0.0,0.0,0.0,0.0,0.0,0.878
0,65,periodic,sample_aware,0,0.5,0.5,0.5,0.008792293258011341,0.008792293258011341,0.0,0.0,0.0,0.0,0.0,0.882
0,66,periodic,sample_aware,0,0.5,0.5,0.5,0.00889714527875185,0.00889714527875185,0.0,0.0,0.0,0.0,0.0,0.878
0,67,periodic,sample_aware,0,0.5,0.5,0.5,0.008569241915312078,0.008569241915312078,0.0,0.0,0.0,0.0,0.0,0.884
0,68,periodic,sample_aware,0,0.5,0.5,0.5,0.008358602101604143,0.008358602101604143,0.0,0.0,0.0,0.0,0.0,0.878
0,69,periodic,sample_aware,0,0.5,0.5,0.5,0.008466917814479934,0.008466917814479934,0.0,0.0,0.0,0.0,0.0,0.88
0,70,periodic,sample_aware,0,0.5,0.5,0.5,0.008107558772381809,0.008107558772381809,0.0,0.0,0.0,0.0,0.0,0.88
0,71,periodic,sample_aware,0,0.5,0.5,0.5,0.008234191996355852,0.008234191996355852,0.0,0.0,0.0,0.0,0.0,0.884
0,72,periodic,sample_aware,0,0.5,0.5,0.5,0.008073936320013471,0.008073936320013471,0.0,0.0,0.0,0.0,0.0,0.876
0,73,periodic,sample_aware,0,0.5,0.5,0.5,0.0077223207077218425,0.0077223207077218425,0.0,0.0,0.0,0.0,0.0,0.878
0,74,periodic,sample_aware,0,0.5,0.5,0.5,0.007886187897788154,0.007886187897788154,0.0,0.0,0.0,0.0,0.0,0.88
0,75,periodic,sample_aware,0,0.5,0.5,0.5,0.007687374121612973,0.007687374121612973,0.0,0.0,0.0,0.0,0.0,0.876
0,76,periodic,sample_aware,0,0.5,0.5,0.5,0.007643227879371908,0.007643227879371908,0.0,0.0,0.0,0.0,0.0,0.874
0,77,periodic,sample_aware,0,0.5,0.5,0.5,0.007570173953556352,0.007570173953556352,0.0,0.0,0.0,0.0,0.0,0.878
0,78,periodic,sample_aware,0,0.5,0.5,0.5,0.007498946661750476,0.007498946661750476,0.0,0.0,0.0,0.0,0.0,0.874
0,79,periodic,sample_aware,0,0.5,0.5,0.5,0.007211981962124507,0.007211981962124507,0.0,0.0,0.0,0.0,0.0,0.878
0,80,periodic,sample_aware,0,0.5,0.5,0.5,0.007033560114602248,0.007033560114602248,0.0,0.0,0.0,0.0,0.0,0.87
0,81,periodic,sample_aware,0,0.5,0.5,0.5,0.006897553439355559,0.006897553439355559,0.0,0.0,0.0,0.0,0.0,0.876
0,82,periodic,sample_aware,0,0.5,0.5,0.5,0.0069132367045515114,0.0069132367045515114,0.0,0.0,0.0,0.0,0.0,0.876
0,83,periodic,sample_aware,0,0.5,0.5,0.5,0.007417223830189969,0.007417223830189969,0.0,0.0,0.0,0.0,0.0,0.87
0,84,periodic,sample_aware,0,0.5,0.5,0.5,0.00763366495569547,0.00763366495569547,0.0,0.0,0.0,0.0,0.0,0.876
0,85,periodic,sample_aware,0,0.5,0.5,0.5,0.007489417524387439,0.007489417524387439,0.0,0.0,0.0,0.0,0.0,0.878
0,86,periodic,sample_aware,0,0.5,0.5,0.5,0.007048687018040154,0.007048687018040154,0.0,0.0,0.0,0.0,0.0,0.876
0,87,periodic,sample_aware,0,0.5,0.5,0.5,0.006410085337443484,0.006410085337443484,0.0,0.0,0.0,0.0,0.0,0.872
0,88,periodic,sample_aware,0,0.5,0.5,0.5,0.006626018995626105,0.006626018995626105,0.0,0.0,0.0,0.0,0.0,0.878
0,89,periodic,sample_aware,0,0.5,0.5,0.5,0.006874048564996984,0.006874048564996984,0.0,0.0,0.0,0.0,0.0,0.868
0,90,periodic,sample_aware,0,0.5,0.5,0.5,0.007139368914067745,0.007139368914067745,0.0,0.0,0.0,0.0,0.0,0.87
0,91,periodic,sample_aware,0,0.5,0.5,0.5,0.006780245237880283,0.006780245237880283,0.0,0.0,0.0,0.0,0.0,0.872
0,92,periodic,sample_aware,0,0.5,0.5,0.5,0.007141497555292315,0.007141497555292315,0.0,0.0,0.0,0.0,0.0,0.876
0,93,periodic,sample_aware,0,0.5,0.5,0.5,0.006817876568271054,0.006817876568271054,0.0,0.0,0.0,0.0,0.0,0.874
0,94,periodic,sample_aware,0,0.5,0.5,0.5,0.006346341119044357,0.006346341119044357,0.0,0.0,0.0,0.0,0.0,0.868
0,95,periodic,sample_aware,0,0.5,0.5,0.5,0.006508396265821325,0.006508396265821325,0.0,0.0,0.0,0.0,0.0,0.874
0,96,periodic,sample_aware,0,0.5,0.5,0.5,0.005997072180940045,0.005997072180940045,0.0,0.0,0.0,0.0,0.0,0.876
0,97,periodic,sample_aware,0,0.5,0.5,0.5,0.006079027325742775,0.006079027325742775,0.0,0.0,0.0,0.0,0.0,0.856
0,98,periodic,sample_aware,0,0.5,0.5,0.5,0.0055997609678241946,0.0055997609678241946,0.0,0.0,0.0,0.0,0.0,0.872
0,99,periodic,sample_aware,0,0.5,0.5,0.5,0.005894863926288154,0.005894863926288154,0.0,0.0,0.0,0.0,0.0,0.878
0,100,periodic,sample_aware,0,0.5,0.5,0.5,0.005890571615762181,0.005890571615762181,0.0,0.0,0.0,0.0,0.0,0.86
0,101,periodic,sample_aware,0,0.5,0.5,0.5,0.0058619849797752165,0.0058619849797752165,0.0,0.0,0.0,0.0,0.0,0.874
0,102,periodic,sample_aware,0,0.5,0.5,0.5,0.005398707619557778,0.005398707619557778,0.0,0.0,0.0,0.0,0.0,0.866
0,103,periodic,sample_aware,0,0.5,0.5,0.5,0.005262140857262744,0.005262140857262744,0.0,0.0,0.0,0.0,0.0,0.876
0,104,periodic,sample_aware,0,0.5,0.5,0.5,0.00539308481125368,0.00539308481125368,0.0,0.0,0.0,0.0,0.0,0.88
0,105,periodic,sample_aware,0,0.5,0.5,0.5,0.005255558631486363,0.005255558631486363,0.0,0.0,0.0,0.0,0.0,0.864
0,106,periodic,sample_aware,0,0.5,0.5,0.5,0.005305201694783237,0.005305201694783237,0.0,0.0,0.0,0.0,0.0,0.87
0,107,periodic,sample_aware,0,0.5,0.5,0.5,0.005546038659910361,0.005546038659910361,0.0,0.0,0.0,0.0,0.0,0.876
0,108,periodic,sample_aware,0,0.5,0.5,0.5,0.0054646275627116365,0.0054646275627116365,0.0,0.0,0.0,0.0,0.0,0.874
0,109,periodic,sample_aware,0,0.5,0.5,0.5,0.005313042913460069,0.005313042913460069,0.0,0.0,0.0,0.0,0.0,0.87
0,110,periodic,sample_aware,0,0.5,0.5,0.5,0.00511196752389272,0.00511196752389272,0.0,0.0,0.0,0.0,0.0,0.862
0,111,periodic,sample_aware,0,0.5,0.5,0.5,0.005078605997065703,0.005078605997065703,0.0,0.0,0.0,0.0,0.0,0.874
0,112,periodic,sample_aware,0,0.5,0.5,0.5,0.005287134399016698,0.005287134399016698,0.0,0.0,0.0,0.0,0.0,0.874
0,113,periodic,sample_aware,0,0.5,0.5,0.5,0.005329723521653149,0.005329723521653149,0.0,0.0,0.0,0.0,0.0,0.87
0,114,periodic,sample_aware,0,0.5,0.5,0.5,0.004978221375495195,0.004978221375495195,0.0,0.0,0.0,0.0,0.0,0.876
0,115,periodic,sample_aware,0,0.5,0.5,0.5,0.005110654100361798,0.005110654100361798,0.0,0.0,0.0,0.0,0.0,0.88
0,116,periodic,sample_aware,0,0.5,0.5,0.5,0.004981538901726405,0.004981538901726405,0.0,0.0,0.0,0.0,0.0,0.872
0,117,periodic,sample_aware,0,0.5,0.5,0.5,0.005063179414719343,0.005063179414719343,0.0,0.0,0.0,0.0,0.0,0.868
0,118,periodic,sample_aware,0,0.5,0.5,0.5,0.004893726462291347,0.004893726462291347,0.0,0.0,0.0,0.0,0.0,0.87
0,119,periodic,sample_aware,0,0.5,0.5,0.5,0.004925307869497273,0.004925307869497273,0.0,0.0,0.0,0.0,0.0,0.87
0,120,periodic,sample_aware,0,0.5,0.5,0.5,0.0050224836191369426,0.0050224836191369426,0.0,0.0,0.0,0.0,0.0,0.868
0,121,periodic,sample_aware,0,0.5,0.5,0.5,0.0051275623134440845,0.0051275623134440845,0.0,0.0,0.0,0.0,0.0,0.868
0,122,periodic,sample_aware,0,0.5,0.5,0.5,0.005044570089214378,0.005044570089214378,0.0,0.0,0.0,0.0,0.0,0.862
0,123,periodic,sample_aware,0,0.5,0.5,0.5,0.004984140033937163,0.004984140033937163,0.0,0.0,0.0,0.0,0.0,0.872
0,124,periodic,sample_aware,0,0.5,0.5,0.5,0.004864427959546447,0.004864427959546447,0.0,0.0,0.0,0.0,0.0,0.87
0,125,periodic,sample_aware,0,0.5,0.5,0.5,0.00453770196893149,0.00453770196893149,0.0,0.0,0.0,0.0,0.0,0.864
0,126,periodic,sample_aware,0,0.5,0.5,0.5,0.004623714368790388,0.004623714368790388,0.0,0.0,0.0,0.0,0.0,0.866
0,127,periodic,sample_aware,0,0.5,0.5,0.5,0.004458290628261036,0.004458290628261036,0.0,0.0,0.0,0.0,0.0,0.87
0,128,periodic,sample_aware,0,0.5,0.5,0.5,0.004475854777006639,0.004475854777006639,0.0,0.0,0.0,0.0,0.0,0.864
0,129,periodic,sample_aware,0,0.5,0.5,0.5,0.004502398324095541,0.004502398324095541,0.0,0.0,0.0,0.0,0.0,0.874
0,130,periodic,sample_aware,0,0.5,0.5,0.5,0.004629399161785841,0.004629399161785841,0.0,0.0,0.0,0.0,0.0,0.872
0,131,periodic,sample_aware,0,0.5,0.5,0.5,0.0041942104128085906,0.0041942104128085906,0.0,0.0,0.0,0.0,0.0,0.872
0,132,periodic,sample_aware,0,0.5,0.5,0.5,0.004182020409239663,0.004182020409239663,0.0,0.0,0.0,0.0,0.0,0.866
0,133,periodic,sample_aware,0,0.5,0.5,0.5,0.004044339552314745,0.004044339552314745,0.0,0.0,0.0,0.0,0.0,0.866
0,134,periodic,sample_aware,0,0.5,0.5,0.5,0.0043453373946249485,0.0043453373946249485,0.0,0.0,0.0,0.0,0.0,0.868
0,135,periodic,sample_aware,0,0.5,0.5,0.5,0.004171257243595189,0.004171257243595189,0.0,0.0,0.0,0.0,0.0,0.864
0,136,periodic,sample_aware,0,0.5,0.5,0.5,0.004286649429963695,0.004286649429963695,0.0,0.0,0.0,0.0,0.0,0.876
0,137,periodic,sample_aware,0,0.5,0.5,0.5,0.0044324134942144156,0.0044324134942144156,0.0,0.0,0.0,0.0,0.0,0.868
0,138,periodic,sample_aware,0,0.5,0.5,0.5,0.00435727270733979,0.00435727270733979,0.0,0.0,0.0,0.0,0.0,0.868
0,139,periodic,sample_aware,0,0.5,0.5,0.5,0.003991852229874995,0.003991852229874995,0.0,0.0,0.0,0.0,0.0,0.866
0,140,periodic,sample_aware,0,0.5,0.5,0.5,0.0040840259235766195,0.0040840259235766195,0.0,0.0,0.0,0.0,0.0,0.87
0,141,periodic,sample_aware,0,0.5,0.5,0.5,0.0040178121998906136,0.0040178121998906136,0.0,0.0,0.0,0.0,0.0,0.87
0,142,periodic,sample_aware,0,0.5,0.5,0.5,0.003903141426336434,0.003903141426336434,0.0,0.0,0.0,0.0,0.0,0.864
0,143,periodic,sample_aware,0,0.5,0.5,0.5,0.0038258136353558963,0.0038258136353558963,0.0,0.0,0.0,0.0,0.0,0.864
0,144,periodic,sample_aware,0,0.5,0.5,0.5,0.0038021130797763667,0.0038021130797763667,0.0,0.0,0.0,0.0,0.0,0.862
0,145,periodic,sample_aware,0,0.5,0.5,0.5,0.003771834282411469,0.003771834282411469,0.0,0.0,0.0,0.0,0.0,0.868
0,146,periodic,sample_aware,0,0.5,0.5,0.5,0.003971564402389858,0.003971564402389858,0.0,0.0,0.0,0.0,0.0,0.868
0,147,periodic,sample_aware,0,0.5,0.5,0.5,0.00434046931978729,0.00434046931978729,0.0,0.0,0.0,0.0,0.0,0.866
0,148,periodic,sample_aware,0,0.5,0.5,0.5,0.0046873940413610805,0.0046873940413610805,0.0,0.0,0.0,0.0,0.0,0.866
0,149,periodic,sample_aware,0,0.5,0.5,0.5,0.004407050088047981,0.004407050088047981,0.0,0.0,0.0,0.0,0.0,0.868
0,150,periodic,sample_aware,0,0.5,0.5,0.5,0.004702750800384415,0.004702750800384415,0.0,0.0,0.0,0.0,0.0,0.862
0,151,periodic,sample_aware,0,0.5,0.5,0.5,0.004369529714393947,0.004369529714393947,0.0,0.0,0.0,0.0,0.0,0.858
0,152,periodic,sample_aware,0,0.5,0.5,0.5,0.00409894281377395,0.00409894281377395,0.0,0.0,0.0,0.0,0.0,0.866
0,153,periodic,sample_aware,0,0.5,0.5,0.5,0.0038549988789276946,0.0038549988789276946,0.0,0.0,0.0,0.0,0.0,0.862
0,154,periodic,sample_aware,0,0.5,0.5,0.5,0.0038172652582741445,0.0038172652582741445,0.0,0.0,0.0,0.0,0.0,0.868
0,155,periodic,sample_aware,0,0.5,0.5,0.5,0.003555899149634772,0.003555899149634772,0.0,0.0,0.0,0.0,0.0,0.862
0,156,periodic,sample_aware,0,0.5,0.5,0.5,0.0033754371106624603,0.0033754371106624603,0.0,0.0,0.0,0.0,0.0,0.864
0,157,periodic,sample_aware,0,0.5,0.5,0.5,0.003545905670358075,0.003545905670358075,0.0,0.0,0.0,0.0,0.0,0.868
0,158,periodic,sample_aware,0,0.5,0.5,0.5,0.003649838553327653,0.003649838553327653,0.0,0.0,0.0,0.0,0.0,0.866
0,159,periodic,sample_aware,0,0.5,0.5,0.5,0.0035568550746474,0.0035568550746474,0.0,0.0,0.0,0.0,0.0,0.866
0,160,periodic,sample_aware,0,0.5,0.5,0.5,0.0036411892829669845,0.0036411892829669845,0.0,0.0,0.0,0.0,0.0,0.866
0,161,periodic,sample_aware,0,0.5,0.5,0.5,0.0034723382494929764,0.0034723382494929764,0.0,0.0,0.0,0.0,0.0,0.858
0,162,periodic,sample_aware,0,0.5,0.5,0.5,0.003812852729525831,0.003812852729525831,0.0,0.0,0.0,0.0,0.0,0.876
0,163,periodic,sample_aware,0,0.5,0.5,0.5,0.00421593270988928,0.00421593270988928,0.0,0.0,0.0,0.0,0.0,0.868
0,164,periodic,sample_aware,0,0.5,0.5,0.5,0.004694005940109491,0.004694005940109491,0.0,0.0,0.0,0.0,0.0,0.864
0,165,periodic,sample_aware,0,0.5,0.5,0.5,0.0046640188795410925,0.0046640188795410925,0.0,0.0,0.0,0.0,0.0,0.868
0,166,periodic,sample_aware,0,0.5,0.5,0.5,0.004007507322563065,0.004007507322563065,0.0,0.0,0.0,0.0,0.0,0.866
0,167,periodic,sample_aware,0,0.5,0.5,0.5,0.003392164698905415,0.003392164698905415,0.0,0.0,0.0,0.0,0.0,0.864
0,168,periodic,sample_aware,0,0.5,0.5,0.5,0.0030935148760262462,0.0030935148760262462,0.0,0.0,0.0,0.0,0.0,0.854
0,169,periodic,sample_aware,0,0.5,0.5,0.5,0.003230759925726387,0.003230759925726387,0.0,0.0,0.0,0.0,0.0,0.87
0,170,periodic,sample_aware,0,0.5,0.5,0.5,0.0032381669411228765,0.0032381669411228765,0.0,0.0,0.0,0.0,0.0,0.86
0,171,periodic,sample_aware,0,0.5,0.5,0.5,0.0031778003451310927,0.0031778003451310927,0.0,0.0,0.0,0.0,0.0,0.864
0,172,periodic,sample_aware,0,0.5,0.5,0.5,0.003215312104051312,0.003215312104051312,0.0,0.0,0.0,0.0,0.0,0.864
0,173,periodic,sample_aware,0,0.5,0.5,0.5,0.0032109401137050656,0.0032109401137050656,0.0,0.0,0.0,0.0,0.0,0.86
0,174,periodic,sample_aware,0,0.5,0.5,0.5,0.003862503579714232,0.003862503579714232,0.0,0.0,0.0,0.0,0.0,0.864
0,175,periodic,sample_aware,0,0.5,0.5,0.5,0.004974712358994616,0.004974712358994616,0.0,0.0,0.0,0.0,0.0,0.866
0,176,periodic,sample_aware,0,0.5,0.5,0.5,0.004904682385838694,0.004904682385838694,0.0,0.0,0.0,0.0,0.0,0.86
0,177,periodic,sample_aware,0,0.5,0.5,0.5,0.004340607569449478,0.004340607569449478,0.0,0.0,0.0,0.0,0.0,0.872
0,178,periodic,sample_aware,0,0.5,0.5,0.5,0.0041506529733952545,0.0041506529733952545,0.0,0.0,0.0,0.0,0.0,0.866
0,179,periodic,sample_aware,0,0.5,0.5,0.5,0.003794208194853531,0.003794208194853531,0.0,0.0,0.0,0.0,0.0,0.866
0,180,periodic,sample_aware,0,0.5,0.5,0.5,0.003990148064783878,0.003990148064783878,0.0,0.0,0.0,0.0,0.0,0.868
0,181,periodic,sample_aware,0,0.5,0.5,0.5,0.003994911934973465,0.003994911934973465,0.0,0.0,0.0,0.0,0.0,0.862
0,182,periodic,sample_aware,0,0.5,0.5,0.5,0.005761973844427202,0.005761973844427202,0.0,0.0,0.0,0.0,0.0,0.872
0,183,periodic,sample_aware,0,0.5,0.5,0.5,0.0039054256501711076,0.0039054256501711076,0.0,0.0,0.0,0.0,0.0,0.872
0,184,periodic,sample_aware,0,0.5,0.5,0.5,0.0032305636753638587,0.0032305636753638587,0.0,0.0,0.0,0.0,0.0,0.86
0,185,periodic,sample_aware,0,0.5,0.5,0.5,0.002648555389088061,0.002648555389088061,0.0,0.0,0.0,0.0,0.0,0.866
0,186,periodic,sample_aware,0,0.5,0.5,0.5,0.002540984113390247,0.002540984113390247,0.0,0.0,0.0,0.0,0.0,0.864
0,187,periodic,sample_aware,0,0.5,0.5,0.5,0.0024399651835362115,0.0024399651835362115,0.0,0.0,0.0,0.0,0.0,0.868
0,188,periodic,sample_aware,0,0.5,0.5,0.5,0.0024531569021443525,0.0024531569021443525,0.0,0.0,0.0,0.0,0.0,0.87
0,189,periodic,sample_aware,0,0.5,0.5,0.5,0.0024685076851811674,0.0024685076851811674,0.0,0.0,0.0,0.0,0.0,0.866
0,190,periodic,sample_aware,0,0.5,0.5,0.5,0.00239241790647308,0.00239241790647308,0.0,0.0,0.0,0.0,0.0,0.864
0,191,periodic,sample_aware,0,0.5,0.5,0.5,0.0024757188382662004,0.0024757188382662004,0.0,0.0,0.0,0.0,0.0,0.87
0,192,periodic,sample_aware,0,0.5,0.5,0.5,0.002560244200544225,0.002560244200544225,0.0,0.0,0.0,0.0,0.0,0.866
0,193,periodic,sample_aware,0,0.5,0.5,0.5,0.002598128980025649,0.002598128980025649,0.0,0.0,0.0,0.0,0.0,0.864
0,194,periodic,sample_aware,0,0.5,0.5,0.5,0.0027271218390928376,0.0027271218390928376,0.0,0.0,0.0,0.0,0.0,0.862
0,195,periodic,sample_aware,0,0.5,0.5,0.5,0.0026795288496133354,0.0026795288496133354,0.0,0.0,0.0,0.0,0.0,0.866
0,196,periodic,sample_aware,0,0.5,0.5,0.5,0.0028615407387001645,0.0028615407387001645,0.0,0.0,0.0,0.0,0.0,0.864
0,197,periodic,sample_aware,0,0.5,0.5,0.5,0.0030878558496220242,0.0030878558496220242,0.0,0.0,0.0,0.0,0.0,0.866
0,198,periodic,sample_aware,0,0.5,0.5,0.5,0.0029006844076017537,0.0029006844076017537,0.0,0.0,0.0,0.0,0.0,0.864
0,199,periodic,sample_aware,0,0.5,0.5,0.5,0.002897089295503166,0.002897089295503166,0.0,0.0,0.0,0.0,0.0,0.868
0,200,periodic,sample_aware,0,0.5,0.5,0.5,0.0028086635025425088,0.0028086635025425088,0.0,0.0,0.0,0.0,0.0,0.866
1,1,periodic,sample_aware,0,0.5,0.5,0.5,2.084200382232666,0.9935682747099135,0.11077857000661122,5.399728828006321,0.2884126769171821,0.29150621592998505,0.011429660487920046,0.462
1,2,periodic,sample_aware,0,0.5,0.5,0.5,1.5032424926757812,0.6085357036855485,0.03150538479288419,5.231254047817654,0.28145964609252083,0.1131671162115203,0.004065559607827001,0.494
1,3,periodic,sample_aware,0,0.5,0.5,0.5,1.310935550265842,0.48061736424763996,0.017572187818586826,5.146225399441189,0.2746257914437188,0.04544303607609537,0.0015522560182337959,0.537
1,4,periodic,sample_aware,0,0.5,0.5,0.5,1.1903769705030653,0.3907973501417372,0.0113070924869842,5.059085687001546,0.2718942066033681,0.020208844397630956,0.0007306839494655529,0.545
1,5,periodic,sample_aware,0,0.5,0.5,0.5,1.1230362786187067,0.3410596681965722,0.009040605121602615,4.991650104522705,0.26870515280299717,0.00975736246133844,0.00037421249888009496,0.563
1,6,periodic,sample_aware,0,0.5,0.5,0.5,1.0636920399136014,0.29416240255037945,0.008793847842348946,4.940713564554851,0.264086041185591,0.004947469129951464,0.00020930648962449696,0.565
1,7,periodic,sample_aware,0,0.5,0.5,0.5,1.0288563039567735,0.2674846549828847,0.009060181263420317,4.860954973432753,0.2646486792299483,0.002999640095772015,0.00013495530907271637,0.587
1,8,periodic,sample_aware,0,0.5,0.5,0.5,0.9841886758804321,0.23920317656464046,0.009351075212988589,4.763132254282634,0.25801297691133285,0.002479821521167954,0.00013660656986758113,0.591
1,9,periodic,sample_aware,0,0.5,0.5,0.5,0.9530562824673123,0.21578364074230194,0.009764036681089137,4.6992777188618975,0.25640203224288094,0.002238978605924381,0.00011863020740242468,0.615
1,10,periodic,sample_aware,0,0.5,0.5,0.5,0.92743009991116,0.19573521779643166,0.010119984857738018,4.618178314632839,0.2584585381878747,0.0024681404595159823,0.00012897589476779103,0.606
1,11,periodic,sample_aware,0,0.5,0.5,0.5,0.8948798245853848,0.1769170280959871,0.00985166658129957,4.547495524088542,0.2520696255895827,0.0024410022370931176,0.00014286444315479862,0.62
1,12,periodic,sample_aware,0,0.5,0.5,0.5,0.8693230748176575,0.16138454112741682,0.009839127047194375,4.496508333418104,0.2471543848514557,0.0024539383593946695,0.00013443109087852968,0.639
1,13,periodic,sample_aware,0,0.5,0.5,0.5,0.8557367192374336,0.15493188632859123,0.010881380074554019,4.426202774047852,0.24581031997998556,0.0028298666648980644,0.00015584023721102212,0.636
1,14,periodic,sample_aware,0,0.5,0.5,0.5,0.844798571533627,0.14941936565770042,0.011059600859880447,4.34246826171875,0.2484644055366516,0.003046956534186999,0.00016976017892981568,0.644
1,15,periodic,sample_aware,0,0.5,0.5,0.5,0.8263907631238302,0.13816648142205346,0.01124220041351186,4.299606482187907,0.245405407415496,0.0030702055017981264,0.00016181811224669218,0.64
1,16,periodic,sample_aware,0,0.5,0.5,0.5,0.807807187239329,0.1283223819401529,0.012300633825361729,4.235369364420573,0.2418880114952723,0.0033372437012278372,0.00018119451770972874,0.648
1,17,periodic,sample_aware,0,0.5,0.5,0.5,0.7981938322385153,0.12452141443888347,0.01232053649922212,4.182011551327175,0.24121570918295118,0.003682386466405458,0.00018761801766231656,0.663
1,18,periodic,sample_aware,0,0.5,0.5,0.5,0.7801712685161166,0.11499106387297313,0.012164674802786775,4.114923636118571,0.23967735800478193,0.0035159917703519263,0.00017560797277837992,0.66
1,19,periodic,sample_aware,0,0.5,0.5,0.5,0.763983792728848,0.10562252667215136,0.012084134647415744,4.056642929712932,0.23860202895270455,0.0038380999273310104,0.0001834940048865974,0.66
1,20,periodic,sample_aware,0,0.5,0.5,0.5,0.7535044021076627,0.10095062189631993,0.012992099237938723,4.001898792054918,0.23735220399167803,0.0038532583146459526,0.00018591429236241512,0.668
1,21,periodic,sample_aware,0,0.5,0.5,0.5,0.7416416539086236,0.09881880796617931,0.01284288956473271,3.9374868869781494,0.23420187499788073,0.003871717412645618,0.0001870471427941488,0.666
1,22,periodic,sample_aware,0,0.5,0.5,0.5,0.7324516243404813,0.09397495124075148,0.012671399654613601,3.8800560103522406,0.2357962860001458,0.0038192272703680727,0.00018752534459862445,0.684
1,23,periodic,sample_aware,0,0.5,0.5,0.5,0.7175176938374838,0.08886132140954335,0.012792324129905965,3.819854153527154,0.23165668216016558,0.004243219374782509,0.00020065821526158188,0.675
1,24,periodic,sample_aware,0,0.5,0.5,0.5,0.7137647006246779,0.08585157328181797,0.012346372111803956,3.7870868841807046,0.23463554183642069,0.004228416493990355,0.00021662490002603995,0.685
1,25,periodic,sample_aware,0,0.5,0.5,0.5,0.697287831041548,0.08361468464136124,0.012142339928282632,3.7008637852138944,0.22913859950171578,0.00440320595064097,0.00020847536830438508,0.685
1,26,periodic,sample_aware,0,0.5,0.5,0.5,0.6857428087128533,0.07702924311161041,0.012826185363034407,3.651666667726305,0.22842492328749764,0.004363560221261448,0.0002280297145868341,0.689
1,27,periodic,sample_aware,0,0.5,0.5,0.5,0.6850045058462355,0.07902291499906117,0.013543516087035338,3.6102596124013266,0.2291752497355143,0.00427068099896941,0.000203014571323163,0.691
1,28,periodic,sample_aware,0,0.5,0.5,0.5,0.6776298483212789,0.07443926317824258,0.014294815042780505,3.5588386323716907,0.23059322436650595,0.0046299284634490805,0.00020742035445032848,0.687
1,29,periodic,sample_aware,0,0.5,0.5,0.5,0.6693491737047831,0.07366306748655108,0.014352527860965993,3.5241494443681507,0.2263396978378296,0.00493401749473479,0.00022384338727634813,0.695
1,30,periodic,sample_aware,0,0.5,0.5,0.5,0.6648325853877597,0.07072270744376713,0.01492444777654277,3.478040165371365,0.2287143137719896,0.0051118434510297244,0.00022234190126053162,0.678
1,31,periodic,sample_aware,0,0.5,0.5,0.5,0.6557486719555325,0.07010989801751243,0.01540263317939308,3.4174939261542425,0.22584364314874014,0.005069198138597939,0.00021698825164801546,0.713
1,32,periodic,sample_aware,0,0.5,0.5,0.5,0.6462066173553467,0.06821492645475599,0.01435059133089251,3.366998937394884,0.22453280455536312,0.0046159619879391454,0.00020083084624881545,0.696
1,33,periodic,sample_aware,0,0.5,0.5,0.5,0.6340014802085029,0.06452092362774743,0.015005076304078102,3.308962901433309,0.22107248504956564,0.004801391572174098,0.00021203037532460358,0.697
1,34,periodic,sample_aware,0,0.5,0.5,0.5,0.6291763583819071,0.06287775354252921,0.014563431135482259,3.2681676811642117,0.22241627838876513,0.004790823337518507,0.00021341099636629224,0.699
1,35,periodic,sample_aware,0,0.5,0.5,0.5,0.6195936070548164,0.06171524400512377,0.014891085732314322,3.2104424635569253,0.2196111645963457,0.004445082559767697,0.00021864991867914796,0.708
1,36,periodic,sample_aware,0,0.5,0.5,0.5,0.6191166241963705,0.06219665954510371,0.015614844548205534,3.182782835430569,0.22052398986286587,0.004794451304607921,0.00021121843019500375,0.709
1,37,periodic,sample_aware,0,0.5,0.5,0.5,0.6163124309645759,0.05981408307949702,0.015807381831109524,3.131761418448554,0.22498549024264017,0.0048403131982518565,0.00021830753475013707,0.701
1,38,periodic,sample_aware,0,0.5,0.5,0.5,0.6099391513400607,0.06036112540298038,0.01704399525705311,3.0910611947377524,0.22070862683984968,0.0052194903708166545,0.00021907581119901605,0.695
1,39,periodic,sample_aware,0,0.5,0.5,0.5,0.6034003761079576,0.060358107917838626,0.016402735995749634,3.046624183654785,0.21943634086185032,0.0048557234307130175,0.00022579515482195548,0.722
1,40,periodic,sample_aware,0,0.5,0.5,0.5,0.6000806225670708,0.058253111938635506,0.01742767821997404,2.9983334011501737,0.22181194689538744,0.005270090368058946,0.00023896233566726247,0.704
1,41,periodic,sample_aware,1,0.41245701909065247,0.5956336259841919,0.5166593194007874,0.5990306337674459,0.0592748766971959,0.025545959464377828,2.92530886332194,0.21843850115935007,0.006217859478460418,0.0002629750783348249,0.714
1,42,periodic,sample_aware,1,0.41245701909065247,0.5956336259841919,0.5166593194007874,0.5964409311612447,0.056753043085336685,0.01890525801314248,2.9165513780381946,0.22600900133450827,0.005994310136884451,0.00024267004078461064,0.722
1,43,periodic,sample_aware,1,0.41245701909065247,0.5956336259841919,0.5166593194007874,0.5843708780076768,0.05827827254931132,0.019319888204336166,2.8483586841159396,0.2186572485499912,0.006311048960520161,0.0002481212917094429,0.712
1,44,periodic,sample_aware,1,0.41245701909065247,0.5956336259841919,0.5166593194007874,0.5730672412448459,0.05446483319004377,0.01916715254386266,2.8075918091668024,0.21556230386098227,0.005989749864157703,0.00023777794558554888,0.726
1,45,periodic,sample_aware,1,0.41245701909065247,0.5956336259841919,0.5166593194007874,0.5698889560169644,0.05450936696595616,0.016867238821254835,2.7621792687310114,0.21920238931973776,0.0059419241216447614,0.00024214063564108478,0.71
1,46,periodic,sample_aware,1,0.41245701909065247,0.5956336259841919,0.5166593194007874,0.5596715609232584,0.05222126634584533,0.016271666520171695,2.723087125354343,0.21614339616563585,0.005218461569812562,0.00023456573641548553,0.712
1,47,periodic,sample_aware,1,0.41245701909065247,0.5956336259841919,0.5166593194007874,0.5530019866095649,0.052092370059755116,0.015983831861780748,2.679168595208062,0.2141063114007314,0.005570858768704865,0.00023431984138571553,0.718
1,48,periodic,sample_aware,1,0.41245701909065247,0.5956336259841919,0.5166593194007874,0.5465592344601949,0.050985601213243276,0.01754271766791741,2.634737835990058,0.21168486608399284,0.00551381003525522,0.00023074701635373963,0.723
1,49,periodic,sample_aware,1,0.41245701909065247,0.5956336259841919,0.5166593194007874,0.5485731032159593,0.05159687168068356,0.0165704811612765,2.5956001016828747,0.21784813536538017,0.00575462630432513,0.0002405545350888537,0.724
1,50,periodic,sample_aware,1,0.41245701909065247,0.5956336259841919,0.5166593194007874,0.5400977730751038,0.050923078424400754,0.01824423215455479,2.558711740705702,0.21183432638645172,0.0062023321063154275,0.00024757944952903525,0.719
1,51,periodic,sample_aware,1,0.41245701909065247,0.5956336259841919,0.5166593194007874,0.537539111243354,0.05072999828391605,0.01736433007236984,2.518239657084147,0.21450462606218126,0.005984752387222316,0.00024759032142659027,0.728
1,52,periodic,sample_aware,1,0.41245701909065247,0.5956336259841919,0.5166593194007874,0.5317884551154243,0.04937066758672396,0.01768865415619479,2.4941996733347573,0.2122991664542092,0.005790610228561693,0.00022939610062167048,0.721
1,53,periodic,sample_aware,1,0.41245701909065247,0.5956336259841919,0.5166593194007874,0.5319110618697273,0.05068858381774691,0.01909892985390292,2.451358053419325,0.21412471433480582,0.005497930674917168,0.00022812057027800215,0.72
1,54,periodic,sample_aware,1,0.41245701909065247,0.5956336259841919,0.5166593194007874,0.5255663461155362,0.05109757847256131,0.018016729710830584,2.4012509981791177,0.21347638799084556,0.005471901088539097,0.00022920988137937256,0.724
1,55,periodic,sample_aware,1,0.41245701909065247,0.5956336259841919,0.5166593194007874,0.5240910053253174,0.05122460962997542,0.019362690962023206,2.3736993736690946,0.21328307688236237,0.005469491860518853,0.00023191991365618177,0.723
1,56,periodic,sample_aware,1,0.41245701909065247,0.5956336259841919,0.5166593194007874,0.5198507375187345,0.05022460553381178,0.017925095847911306,2.3444597721099854,0.21440070205264622,0.005483315015832583,0.00022541921741018692,0.72
1,57,periodic,sample_aware,1,0.41245701909065247,0.5956336259841919,0.5166593194007874,0.5122243232197232,0.0505162448518806,0.01883546594116423,2.2911358144548206,0.21066458192136553,0.005965758115053177,0.00022311822976917028,0.729
1,58,periodic,sample_aware,1,0.41245701909065247,0.5956336259841919,0.5166593194007874,0.5110452903641595,0.04958099747697512,0.01846427967151006,2.2867764366997614,0.21151293317476907,0.005391717060572571,0.00022714492580336,0.717
1,59,periodic,sample_aware,1,0.41245701909065247,0.5956336259841919,0.5166593194007874,0.5052333209249709,0.04830771767430835,0.01837576718793975,2.2401290469699435,0.21189042760266197,0.005081402655276988,0.00021160322163874903,0.726
1,60,periodic,sample_aware,1,0.41245701909065247,0.5956336259841919,0.5166593194007874,0.5036514865027534,0.04942370164725515,0.018107493201063737,2.212834358215332,0.21220639182461631,0.005034365742984746,0.00022657307433999248,0.728
1,61,periodic,sample_aware,1,0.41245701909065247,0.5956336259841919,0.5166593194007874,0.4999825159708659,0.04879697743389341,0.017440871025125187,2.1600479549831815,0.21512693332301247,0.0050121515264941584,0.0002137274261460536,0.737
1,62,periodic,sample_aware,1,0.41245701909065247,0.5956336259841919,0.5166593194007874,0.4947524302535587,0.04695085187753042,0.01827317972977956,2.140086147520277,0.21280854278140598,0.005207072012126446,0.00021541785422919525,0.724
1,63,periodic,sample_aware,1,0.41245701909065247,0.5956336259841919,0.5166593194007874,0.4944971733623081,0.04748974367976189,0.019918910124235682,2.1187957922617593,0.21252634127934775,0.005152288099957837,0.00021293905511912372,0.717
1,64,periodic,sample_aware,1,0.41245701909065247,0.5956336259841919,0.5166593194007874,0.4861121144559648,0.04680555976099438,0.017635507509112358,2.0697113937801785,0.21178390913539463,0.005584853753033612,0.0002471423940733075,0.728
1,65,periodic,sample_aware,1,0.41245701909065247,0.5956336259841919,0.5166593194007874,0.48049552904234993,0.046649261895153254,0.01896603384779559,2.049275212817722,0.20700465805000728,0.0056450627744197845,0.0002510454958408243,0.735
1,66,periodic,sample_aware,1,0.41245701909065247,0.5956336259841919,0.5166593194007874,0.48225292563438416,0.046341857148541346,0.019265007227659225,2.0328215758005777,0.2100856883658303,0.006289318048705657,0.00026711579024170834,0.734
1,67,periodic,sample_aware,1,0.41245701909065247,0.5956336259841919,0.5166593194007874,0.4743432104587555,0.04661861558755239,0.01859512987236182,1.985913462109036,0.20708813104364607,0.006647546258237626,0.00025240642329057056,0.726
1,68,periodic,sample_aware,1,0.41245701909065247,0.5956336259841919,0.5166593194007874,0.47609522607591415,0.045472478287087545,0.017884775168365903,1.9488589763641357,0.21488645176092783,0.005694651407086187,0.00023657721208615435,0.728
1,69,periodic,sample_aware,1,0.41245701909065247,0.5956336259841919,0.5166593194007874,0.47267771429485744,0.047633492284350924,0.019834850604335468,1.945386873351203,0.20768324865235221,0.00574375968426466,0.00023110581484312812,0.734
1,70,periodic,sample_aware,1,0.41245701909065247,0.5956336259841919,0.5166593194007874,0.47243943479326034,0.04757540300488472,0.019902155838078923,1.911612696117825,0.21069740917947558,0.005963147824837102,0.0002432322427113023,0.729
1,71,periodic,sample_aware,1,0.41245701909065247,0.5956336259841919,0.5166593194007874,0.4823245306809743,0.049351587891578674,0.02542893961071968,1.8874996105829875,0.21522661381297642,0.006875475195960866,0.00025937555538904335,0.725
1,72,periodic,sample_aware,1,0.41245701909065247,0.5956336259841919,0.5166593194007874,0.4707205659813351,0.04623249711261855,0.0229443721473217,1.8668161630630493,0.2112001379330953,0.0070644392011066275,0.00025942538761430315,0.737
1,73,periodic,sample_aware,1,0.41245701909065247,0.5956336259841919,0.5166593194007874,0.4655938876999749,0.04590196328030692,0.02178829266793198,1.8433191776275635,0.20963444312413534,0.007612197815130155,0.00026234124864762026,0.726
1,74,periodic,sample_aware,1,0.41245701909065247,0.5956336259841919,0.5166593194007874,0.4613723291291131,0.045237070984310575,0.022379291554292042,1.8102906809912787,0.20870228774017757,0.007790430448949337,0.00025878911967285804,0.725
1,75,periodic,sample_aware,1,0.41245701909065247,0.5956336259841919,0.5166593194007874,0.4552196827199724,0.04515658484564887,0.020073130933774844,1.7831596930821736,0.20812667244010502,0.006849327279875676,0.00024531566305086017,0.721
1,76,periodic,sample_aware,1,0.41245701909065247,0.5956336259841919,0.5166593194007874,0.45898981557952034,0.044841953035857945,0.021263078062070742,1.7727589342329237,0.21178550521532694,0.00739386926094691,0.00025288891305940016,0.723
1,77,periodic,sample_aware,1,0.41245701909065247,0.5956336259841919,0.5166593194007874,0.45101948579152423,0.044195063412189484,0.021230314961738057,1.7447121408250597,0.20773089097605812,0.0065312873468630845,0.0002527165084352924,0.74
1,78,periodic,sample_aware,1,0.41245701909065247,0.5956336259841919,0.5166593194007874,0.448065353764428,0.04574586864974764,0.020213189638323255,1.7093828784094915,0.20748473207155863,0.007107079287783967,0.00025945347604445286,0.732
1,79,periodic,sample_aware,1,0.41245701909065247,0.5956336259841919,0.5166593194007874,0.448360886838701,0.04255165821976132,0.01932343550854259,1.7097680966059368,0.2119667198922899,0.0068279242970877225,0.0002566026329683761,0.738
1,80,periodic,sample_aware,1,0.41245701909065247,0.5956336259841919,0.5166593194007874,0.4433326721191406,0.04446280002593994,0.020539620891213417,1.6691517035166423,0.20851338240835401,0.005583898733473486,0.00021949230641540553,0.729
1,81,periodic,sample_aware,2,0.37425634264945984,0.6409419178962708,0.5201582908630371,0.44173602925406563,0.043869233379761376,0.022547814788089857,1.6377832889556885,0.20801380773385367,0.0068098076929648714,0.000243870140467253,0.738
1,82,periodic,sample_aware,2,0.37425634264945984,0.6409419178962708,0.5201582908630371,0.44280370076497394,0.04483580216765404,0.022212941406501666,1.629895634121365,0.20962271922164494,0.006058426780833138,0.0002269153547887173,0.739
1,83,periodic,sample_aware,2,0.37425634264945984,0.6409419178962708,0.5201582908630371,0.43568290604485405,0.04235739467872514,0.022250938125782542,1.6068273252911038,0.20705050064457786,0.006456064474251535,0.0002266142918314371,0.729
1,84,periodic,sample_aware,2,0.37425634264945984,0.6409419178962708,0.5201582908630371,0.43409735295507645,0.04377196108301481,0.022380020676387682,1.58621437019772,0.20602598951922524,0.006373478513624933,0.0002224034396931529,0.731
1,85,periodic,sample_aware,2,0.37425634264945984,0.6409419178962708,0.5201582908630371,0.43355242411295575,0.04384432567490472,0.02014086830119292,1.5569002363416884,0.21032644477155474,0.0068543410549561186,0.0002471789096792539,0.736
1,86,periodic,sample_aware,2,0.37425634264945984,0.6409419178962708,0.5201582908630371,0.4248140851656596,0.0423384230169985,0.018382721063163545,1.5367000367906358,0.20677170819706386,0.007047250246008237,0.0002552091674361792,0.737
1,87,periodic,sample_aware,2,0.37425634264945984,0.6409419178962708,0.5201582908630371,0.4246616032388475,0.04146345373657015,0.021014931715197034,1.5231221516927083,0.20643843544854057,0.006620498425844643,0.00024462170484993193,0.741
1,88,periodic,sample_aware,2,0.37425634264945984,0.6409419178962708,0.5201582908630371,0.4263928168349796,0.042851395077175565,0.020840739210446674,1.5014370812310114,0.20917387968964046,0.0065107061010267996,0.0002554666716605425,0.739
1,89,periodic,sample_aware,2,0.37425634264945984,0.6409419178962708,0.5201582908630371,0.4202897383107079,0.04318543275197347,0.021522768048776522,1.4789210028118558,0.2042513671848509,0.006623060132066409,0.0002530882290254037,0.736
1,90,periodic,sample_aware,2,0.37425634264945984,0.6409419178962708,0.5201582908630371,0.42053922679689193,0.04324279187454118,0.020191858626074262,1.4672140147950914,0.20727000965012443,0.005991037883278396,0.00023530483142369322,0.739
1,91,periodic,sample_aware,2,0.37425634264945984,0.6409419178962708,0.5201582908630371,0.414893498023351,0.04358804846803347,0.021750417434506945,1.4313039382298787,0.20364567471875084,0.0053541021835472845,0.0002038077994560202,0.732
1,92,periodic,sample_aware,2,0.37425634264945984,0.6409419178962708,0.5201582908630371,0.41548719339900547,0.042766942332188286,0.020717429204119578,1.4286580085754395,0.206500553422504,0.005068709866868125,0.00020422009078578817,0.741
1,93,periodic,sample_aware,2,0.37425634264945984,0.6409419178962708,0.5201582908630371,0.4145386219024658,0.041933636284536786,0.020418295429812536,1.4165126350190904,0.20767919056945378,0.005499484017491341,0.00021298779433386194,0.741
1,94,periodic,sample_aware,2,0.37425634264945984,0.6409419178962708,0.5201582908630371,0.41232983933554757,0.04137495946553019,0.02069931746357017,1.409467750125461,0.20652283562554252,0.005364217433250613,0.00020767992828041315,0.743
1,95,periodic,sample_aware,2,0.37425634264945984,0.6409419178962708,0.5201582908630371,0.4051615065998501,0.04232531496220165,0.02041439629263348,1.3800458510716755,0.2013786170217726,0.005849443996946017,0.00022774469754141237,0.738
1,96,periodic,sample_aware,2,0.37425634264945984,0.6409419178962708,0.5201582908630371,0.40747203429539997,0.04230854080782996,0.020865025826626353,1.3695604271358914,0.20471189088291591,0.005067770990232627,0.00019330869609903958,0.733
1,97,periodic,sample_aware,2,0.37425634264945984,0.6409419178962708,0.5201582908630371,0.4085660245683458,0.04285743460059166,0.021925436953703564,1.3459771341747708,0.2063442418972651,0.005474303590340747,0.00020807390359954702,0.744
1,98,periodic,sample_aware,2,0.37425634264945984,0.6409419178962708,0.5201582908630371,0.404427707195282,0.04117846364776293,0.021692827861342166,1.3380521138509114,0.2046981304883957,0.005896339348206918,0.000209780545750012,0.742
1,99,periodic,sample_aware,2,0.37425634264945984,0.6409419178962708,0.5201582908630371,0.3978854815165202,0.0405334627462758,0.020609927260213427,1.320688353644477,0.20182902117570242,0.005481266364869144,0.000207185467135989,0.732
1,100,periodic,sample_aware,2,0.37425634264945984,0.6409419178962708,0.5201582908630371,0.3997501101758745,0.04200013602773348,0.019792299924625292,1.304364177915785,0.2045779807700051,0.005672610209633906,0.00021393619762319658,0.74
1,101,periodic,sample_aware,2,0.37425634264945984,0.6409419178962708,0.5201582908630371,0.4061686330371433,0.043847508314583034,0.022214252087805007,1.2924373812145658,0.20733291076289284,0.006797713900191916,0.0002627321712983151,0.74
1,102,periodic,sample_aware,2,0.37425634264945984,0.6409419178962708,0.5201582908630371,0.40155476331710815,0.04079714334673352,0.020603043544623587,1.2932780848609076,0.20729530188772413,0.006819130645857917,0.00024378277076822188,0.739
1,103,periodic,sample_aware,2,0.37425634264945984,0.6409419178962708,0.5201582908630371,0.39998816781573826,0.04275832076867422,0.02242192750175794,1.2607575390073988,0.20496967103746203,0.007264088632331954,0.00026088837249618437,0.729
1,104,periodic,sample_aware,2,0.37425634264945984,0.6409419178962708,0.5201582908630371,0.40046780639224583,0.04056446709566646,0.025072982534766197,1.264604714181688,0.20416150987148285,0.008142805399580134,0.0002739469119761553,0.734
1,105,periodic,sample_aware,2,0.37425634264945984,0.6409419178962708,0.5201582908630371,0.39743815196885,0.04123567334479756,0.02511715019742648,1.2471107774310641,0.20181934038798013,0.008822604444705777,0.0002872217446565628,0.709
1,106,periodic,sample_aware,2,0.37425634264945984,0.6409419178962708,0.5201582908630371,0.44409501552581787,0.046028919931915074,0.05663799080583784,1.3084672954347398,0.20320000416702694,0.014352546073496342,0.00041020516073331237,0.72
1,107,periodic,sample_aware,2,0.37425634264945984,0.6409419178962708,0.5201582908630371,0.4299418230851491,0.04442625451419088,0.03366977286835512,1.324034571647644,0.21287958158387077,0.012727102057801353,0.0003984165248564548,0.731
1,108,periodic,sample_aware,2,0.37425634264945984,0.6409419178962708,0.5201582908630371,0.4056027928988139,0.041986561897728175,0.026341556054022577,1.2735124693976507,0.20365981260935465,0.012150512283874882,0.0003767112308802704,0.74
1,109,periodic,sample_aware,2,0.37425634264945984,0.6409419178962708,0.5201582908630371,0.3996053702301449,0.04043367960386806,0.02370111747748322,1.2346761756473117,0.207351576950815,0.009008213981158204,0.00029454172019743256,0.727
1,110,periodic,sample_aware,2,0.37425634264945984,0.6409419178962708,0.5201582908630371,0.3874880075454712,0.0405828021466732,0.020737799091471568,1.1905244456397162,0.20329850746525657,0.007399052071074645,0.00023384415544569492,0.737
1,111,periodic,sample_aware,2,0.37425634264945984,0.6409419178962708,0.5201582908630371,0.3837757607301076,0.03965713787409994,0.01994822153614627,1.1767233742607965,0.20335888531472948,0.006068748991108603,0.00020961381313908432,0.744
1,112,periodic,sample_aware,2,0.37425634264945984,0.6409419178962708,0.5201582908630371,0.3871292935477363,0.04132485596670045,0.020269963062471814,1.170777440071106,0.20563902623123592,0.0054354614371226895,0.0001999334716755483,0.738
1,113,periodic,sample_aware,2,0.37425634264945984,0.6409419178962708,0.5201582908630371,0.3835953341590034,0.03979306999180052,0.01926863607433107,1.1544516351487901,0.2065897269381417,0.004815225230736865,0.0001822634949348867,0.736
1,114,periodic,sample_aware,2,0.37425634264945984,0.6409419178962708,0.5201582908630371,0.37851102153460187,0.04044252592656347,0.018481920576757856,1.1368517213397555,0.2035346527894338,0.004563615346948306,0.00016988016432151198,0.746
1,115,periodic,sample_aware,2,0.37425634264945984,0.6409419178962708,0.5201582908630371,0.3734784457418654,0.03907367421521081,0.018494780071907573,1.1129227876663208,0.20236125257280138,0.004341671036349403,0.000171263230084959,0.745
1,116,periodic,sample_aware,2,0.37425634264945984,0.6409419178962708,0.5201582908630371,0.38050995270411175,0.03983959803978602,0.021752298292186525,1.1229679849412706,0.2042319973309835,0.004612436983734369,0.0001660780399106443,0.75
1,117,periodic,sample_aware,2,0.37425634264945984,0.6409419178962708,0.5201582908630371,0.37740541497866315,0.03949371766712931,0.020304174886809453,1.1052184369828966,0.20453054706255594,0.004936744562453694,0.00017351037563963069,0.735
1,118,periodic,sample_aware,2,0.37425634264945984,0.6409419178962708,0.5201582908630371,0.38051902916696334,0.03925156220793724,0.02222858452134662,1.1185202068752713,0.20444191992282867,0.005312441899958584,0.00017744893880767954,0.736
1,119,periodic,sample_aware,2,0.37425634264945984,0.6409419178962708,0.5201582908630371,0.3791697853141361,0.04020148846838209,0.024796531432204776,1.0995943413840399,0.2010681927204132,0.006084293799681796,0.00020399018346021572,0.737
1,120,periodic,sample_aware,2,0.37425634264945984,0.6409419178962708,0.5201582908630371,0.3757957186963823,0.037165830532709755,0.021947707359989483,1.0990268389383953,0.20301550295617846,0.00730004839392172,0.00022793096205633547,0.755
1,121,periodic,sample_aware,3,0.36001262068748474,0.6476014256477356,0.519805371761322,0.37591195437643266,0.037867300833264984,0.0221027299347851,1.0795393255021837,0.2042936252223121,0.007152655110177066,0.00023605885993068418,0.744
1,122,periodic,sample_aware,3,0.36001262068748474,0.6476014256477356,0.519805371761322,0.38499345382054645,0.038629918876621455,0.025538412854075432,1.0930714739693537,0.20781413714090982,0.007170818590869506,0.00023685923467079797,0.736
1,123,periodic,sample_aware,3,0.36001262068748474,0.6476014256477356,0.519805371761322,0.376951492495007,0.03977023189266523,0.024805804300639365,1.0568409230973985,0.20298204157087538,0.007188849720276064,0.00022978115076613094,0.738
1,124,periodic,sample_aware,3,0.36001262068748474,0.6476014256477356,0.519805371761322,0.36928722593519425,0.037436673417687416,0.02050571723116769,1.0531282027562459,0.2022910863161087,0.007236385045366155,0.00024547163371203677,0.734
1,125,periodic,sample_aware,3,0.36001262068748474,0.6476014256477356,0.519805371761322,0.3758402268091838,0.03907434890667597,0.019500310636228986,1.0518815914789836,0.20872564944956037,0.006464910227805376,0.00023860347897021307,0.742
1,126,periodic,sample_aware,3,0.36001262068748474,0.6476014256477356,0.519805371761322,0.3676341275374095,0.03789494766129388,0.020711160575350124,1.0433490143881903,0.20169648031393686,0.005760789331462648,0.00023248475433016816,0.724
1,127,periodic,sample_aware,3,0.36001262068748474,0.6476014256477356,0.519805371761322,0.3682336343659295,0.03922800057464176,0.022349539523323376,1.0292467872301738,0.20079219506846535,0.005644618378331264,0.00023380990347100628,0.738
1,128,periodic,sample_aware,3,0.36001262068748474,0.6476014256477356,0.519805371761322,0.36851197481155396,0.03744871500465605,0.020396448464857206,1.0215840008523729,0.2053377909792794,0.006084467543082105,0.0002567708595759339,0.73
1,129,periodic,sample_aware,3,0.36001262068748474,0.6476014256477356,0.519805371761322,0.3687332371870677,0.03993476554751396,0.021877203757564228,1.0114365352524652,0.20235564476913875,0.0065854135900735855,0.00025852091817392246,0.739
1,130,periodic,sample_aware,3,0.36001262068748474,0.6476014256477356,0.519805371761322,0.3797331717279222,0.040618145631419286,0.025711491910947695,1.0293995804256864,0.20687990718417698,0.006889628194686439,0.00027771154418587685,0.723
1,131,periodic,sample_aware,3,0.36001262068748474,0.6476014256477356,0.519805371761322,0.368846380048328,0.03914519026875496,0.023826643617616758,1.0040711826748319,0.20089099804560342,0.008793050785445504,0.0003598009740623335,0.735
1,132,periodic,sample_aware,3,0.36001262068748474,0.6476014256477356,0.519805371761322,0.36587657531102497,0.03842468187212944,0.02009063669376903,1.0013726221190558,0.20351508094204795,0.0071069855863849325,0.00031084000107107893,0.734
1,133,periodic,sample_aware,3,0.36001262068748474,0.6476014256477356,0.519805371761322,0.36054788033167523,0.038564995759063296,0.020120116985506482,0.9911433855692545,0.19918506840864816,0.006869608898543649,0.0002571067759870655,0.733
1,134,periodic,sample_aware,3,0.36001262068748474,0.6476014256477356,0.519805371761322,0.35939834846390617,0.037108506800399885,0.01822103715191285,0.9841917554537455,0.202507969405916,0.006074937319176065,0.00020838392406909002,0.73
1,135,periodic,sample_aware,3,0.36001262068748474,0.6476014256477356,0.519805371761322,0.362321353620953,0.03802765988641315,0.019781509828236368,0.9755563603507148,0.20394528408845267,0.005776128162526422,0.0002464003110718396,0.737
1,136,periodic,sample_aware,3,0.36001262068748474,0.6476014256477356,0.519805371761322,0.35969166292084587,0.03824141456021203,0.019698424885670345,0.9628812935617235,0.20176944633324942,0.007117552113615804,0.00027092550105104846,0.745
1,137,periodic,sample_aware,3,0.36001262068748474,0.6476014256477356,0.519805371761322,0.3637204236454434,0.038229638089736305,0.021159732300374243,0.9611027770572238,0.20501023199823168,0.006141335444731845,0.0002797461088953747,0.731
1,138,periodic,sample_aware,3,0.36001262068748474,0.6476014256477356,0.519805371761322,0.378392262591256,0.03899589636259609,0.036633781674835414,0.9761545790566338,0.20132605565918815,0.0073223839410477215,0.0003197425006267925,0.706
1,139,periodic,sample_aware,3,0.36001262068748474,0.6476014256477356,0.519805371761322,0.394669986433453,0.04023706250720554,0.04296862975590759,1.0024828844600253,0.20482752554946476,0.01235596721784936,0.0004209899990301993,0.729
1,140,periodic,sample_aware,3,0.36001262068748474,0.6476014256477356,0.519805371761322,0.3866446084446377,0.04043335674537553,0.037110942933294505,1.000643213589986,0.2021808640824424,0.013296285954614481,0.0004139603697694838,0.715
1,141,periodic,sample_aware,3,0.36001262068748474,0.6476014256477356,0.519805371761322,0.37756871514850193,0.042069252166483134,0.02889102655980322,0.9814601871702406,0.20205239289336735,0.01241486467834976,0.00040517552083151206,0.747
1,142,periodic,sample_aware,3,0.36001262068748474,0.6476014256477356,0.519805371761322,0.36093330052163863,0.03638027732570966,0.021497963203324214,0.9543162120713128,0.20237404770321316,0.01014121746023496,0.0003575535439368751,0.73
1,143,periodic,sample_aware,3,0.36001262068748474,0.6476014256477356,0.519805371761322,0.3652941021654341,0.03861170965764257,0.020202865203221638,0.9470857977867126,0.20775117145644295,0.007746534784220987,0.00029301664714391035,0.732
1,144,periodic,sample_aware,3,0.36001262068748474,0.6476014256477356,0.519805371761322,0.35562147034539116,0.0365055323474937,0.017923218612041738,0.9277994698948331,0.2054404252105289,0.005745436013158824,0.00019925570167187188,0.735
1,145,periodic,sample_aware,3,0.36001262068748474,0.6476014256477356,0.519805371761322,0.35804132289356655,0.03850034582946035,0.020815764036443498,0.9211625324355232,0.20382668574651083,0.0053471834398806095,0.00021735812899553112,0.744
1,146,periodic,sample_aware,3,0.36001262068748474,0.6476014256477356,0.519805371761322,0.3559342092937893,0.036726349550816745,0.02114731404516432,0.9243603812323676,0.20277473992771572,0.005474989975078238,0.00022452578155530823,0.739
1,147,periodic,sample_aware,3,0.36001262068748474,0.6476014256477356,0.519805371761322,0.3575492567486233,0.038296818319294185,0.023500901129510667,0.9091442492273119,0.20223425494299996,0.004970147895316283,0.00023556498086286915,0.742
1,148,periodic,sample_aware,3,0.36001262068748474,0.6476014256477356,0.519805371761322,0.362941390938229,0.037638377812173635,0.024196791980001662,0.9086788760291206,0.20729043086369833,0.005641443034013112,0.00025436511108030874,0.747
1,149,periodic,sample_aware,3,0.36001262068748474,0.6476014256477356,0.519805371761322,0.3559966848956214,0.03691826967729463,0.0216496160460843,0.911690910657247,0.2031233807404836,0.006017179021404849,0.00025546842435788777,0.741
1,150,periodic,sample_aware,3,0.36001262068748474,0.6476014256477356,0.519805371761322,0.3609144157833523,0.038183071547084384,0.02268537672029601,0.9121805429458618,0.20583849648634592,0.005719629685497946,0.00025919469771906734,0.746
1,151,periodic,sample_aware,3,0.36001262068748474,0.6476014256477356,0.519805371761322,0.35970986551708645,0.0365766440000799,0.02147898284925355,0.9114784333440993,0.20739544100231594,0.0059762198684944045,0.0002456872672256496,0.733
1,152,periodic,sample_aware,3,0.36001262068748474,0.6476014256477356,0.519805371761322,0.3551387886206309,0.03810075836049186,0.021135634639196925,0.8857882287767198,0.2043298449781206,0.0057396674528717995,0.0002477810420613322,0.731
1,153,periodic,sample_aware,3,0.36001262068748474,0.6476014256477356,0.519805371761322,0.35386983222431606,0.03826236517892943,0.022350456565618515,0.887667371167077,0.20167645646466148,0.00540347174844808,0.00022414880934067897,0.745
1,154,periodic,sample_aware,3,0.36001262068748474,0.6476014256477356,0.519805371761322,0.35636283622847664,0.037058809565173254,0.02265391353931692,0.8924158811569214,0.20425250132878622,0.006069729156378243,0.00024230261462637119,0.728
1,155,periodic,sample_aware,3,0.36001262068748474,0.6476014256477356,0.519805371761322,0.34841712978151107,0.03660923739274343,0.02096387930214405,0.8774136834674411,0.1996171838707394,0.006705892013592852,0.000265024841711339,0.743
1,156,periodic,sample_aware,3,0.36001262068748474,0.6476014256477356,0.519805371761322,0.35188482536209953,0.036924016972382866,0.019946836142076388,0.872665544350942,0.20457873245080313,0.006104232277721167,0.00023313844576478004,0.744
1,157,periodic,sample_aware,3,0.36001262068748474,0.6476014256477356,0.519805371761322,0.34628205829196507,0.03699148197968801,0.01870978292491701,0.8644012808799744,0.20147007041507298,0.005145414421955745,0.00019576397931410206,0.742
1,158,periodic,sample_aware,3,0.36001262068748474,0.6476014256477356,0.519805371761322,0.3460901644494798,0.03710361114806599,0.018600241384572454,0.8551319373978509,0.2023581945233875,0.004809940854708354,0.0002199087175540626,0.732
1,159,periodic,sample_aware,3,0.36001262068748474,0.6476014256477356,0.519805371761322,0.3421197368039025,0.03498888512452444,0.017806373950507905,0.8472378849983215,0.20224625534481472,0.004499453223413891,0.00020939500407419272,0.745
1,160,periodic,sample_aware,3,0.36001262068748474,0.6476014256477356,0.519805371761322,0.34459128975868225,0.03643619207044443,0.018026868088377848,0.8525834282239279,0.20257660415437487,0.004375396244641807,0.00021115587636207542,0.739
1,161,periodic,sample_aware,4,0.3576158583164215,0.6433202028274536,0.5187050104141235,0.3427136341730754,0.03668784681293699,0.017550256103277206,0.8427444563971626,0.2018620702955458,0.004454295642467009,0.00022373170617760884,0.731
1,162,periodic,sample_aware,4,0.3576158583164215,0.6433202028274536,0.5187050104141235,0.34023382597499424,0.036567693990137845,0.017991386250489287,0.839679651790195,0.19915395975112915,0.004873120691627264,0.0002325243161370357,0.741
1,163,periodic,sample_aware,4,0.3576158583164215,0.6433202028274536,0.5187050104141235,0.3407396806610955,0.03503063155545129,0.01880547756122218,0.8330137862099541,0.20101980865001678,0.004935355960494942,0.0002293914440087974,0.729
1,164,periodic,sample_aware,4,0.3576158583164215,0.6433202028274536,0.5187050104141235,0.3505777319272359,0.03807327813572354,0.024402548455529742,0.8446973628467984,0.20095854666497973,0.005153114286561807,0.00019412428890872333,0.734
1,165,periodic,sample_aware,4,0.3576158583164215,0.6433202028274536,0.5187050104141235,0.3484601544009315,0.03691952510012521,0.023095470956630178,0.8351429502169291,0.20159208608998191,0.006415404327627685,0.0002621410207615958,0.744
1,166,periodic,sample_aware,4,0.3576158583164215,0.6433202028274536,0.5187050104141235,0.3474121027522617,0.03604889785250028,0.021159722780187924,0.8486205206976997,0.20211761858728197,0.006182944660799371,0.00026465939461357065,0.727
1,167,periodic,sample_aware,4,0.3576158583164215,0.6433202028274536,0.5187050104141235,0.34559178352355957,0.036712331904305354,0.021260362532403734,0.832195778687795,0.20080778830581242,0.006903017767601543,0.0002804259937773976,0.732
1,168,periodic,sample_aware,4,0.3576158583164215,0.6433202028274536,0.5187050104141235,0.3473220301998986,0.03597116428944799,0.022074405931764178,0.8343071805106269,0.20262151294284397,0.006192450980759329,0.00025600023541806475,0.745
1,169,periodic,sample_aware,4,0.3576158583164215,0.6433202028274536,0.5187050104141235,0.35241110457314384,0.03727766126394272,0.02704242906636662,0.8338828682899475,0.2012435346841812,0.006640608629418744,0.0002777740592136979,0.72
1,170,periodic,sample_aware,4,0.3576158583164215,0.6433202028274536,0.5187050104141235,0.356875608364741,0.03823930356237623,0.031054208055138588,0.8428743945227729,0.19912632140848371,0.00802998746641808,0.0003066807726605071,0.721
1,171,periodic,sample_aware,4,0.3576158583164215,0.6433202028274536,0.5187050104141235,0.3586324585808648,0.03731210074490971,0.02839950637684928,0.8507434725761414,0.20367498530281913,0.008037240140967898,0.0003058021926941971,0.74
1,172,periodic,sample_aware,4,0.3576158583164215,0.6433202028274536,0.5187050104141235,0.35243557227982414,0.03838810779982143,0.026755457123120625,0.8326249652438693,0.1997467594014274,0.008251022237042585,0.00031447784406029515,0.736
1,173,periodic,sample_aware,4,0.3576158583164215,0.6433202028274536,0.5187050104141235,0.34930151369836593,0.036370122184356056,0.026452869176864624,0.8285186754332649,0.19924995634290907,0.008442827655623356,0.00031056114757019613,0.724
1,174,periodic,sample_aware,4,0.3576158583164215,0.6433202028274536,0.5187050104141235,0.34879321191045976,0.03565525905125671,0.023613724650608167,0.8265521393881904,0.2030573950873481,0.00733238205106722,0.00029085254451880854,0.726
1,175,periodic,sample_aware,4,0.3576158583164215,0.6433202028274536,0.5187050104141235,0.378671321603987,0.040143700109587774,0.04739616024825308,0.8394800358348422,0.20260768632094064,0.008813423621985648,0.0003381222421820793,0.729
1,176,periodic,sample_aware,4,0.3576158583164215,0.6433202028274536,0.5187050104141235,0.3541529741552141,0.036762269420756236,0.029264782658881612,0.8396464453803169,0.19903660317262015,0.00989011333634456,0.00035924244568579726,0.735
1,177,periodic,sample_aware,4,0.3576158583164215,0.6433202028274536,0.5187050104141235,0.3610958721902635,0.03833353519439697,0.028491403079695173,0.8516477213965522,0.2047443323665195,0.008406359598868422,0.00031728272248680395,0.738
1,178,periodic,sample_aware,4,0.3576158583164215,0.6433202028274536,0.5187050104141235,0.35478149188889396,0.03730189220772849,0.031052248345481023,0.8122833371162415,0.19990825321939257,0.010229517395297686,0.00035200889558634825,0.715
1,179,periodic,sample_aware,4,0.3576158583164215,0.6433202028274536,0.5187050104141235,0.3521631558736165,0.036595475756459765,0.028678997937175963,0.8087504704793295,0.20065957804520926,0.0103549813437793,0.0003531314497296181,0.732
1,180,periodic,sample_aware,4,0.3576158583164215,0.6433202028274536,0.5187050104141235,0.350768334335751,0.03591492027044296,0.023951418697834015,0.8074505991405911,0.20561055507924822,0.008789333307908641,0.0003034269838179979,0.737
1,181,periodic,sample_aware,4,0.3576158583164215,0.6433202028274536,0.5187050104141235,0.34697715441385907,0.03629176318645477,0.02153144073155191,0.8103741606076559,0.203762196832233,0.008416550647881296,0.00029212636743775674,0.736
1,182,periodic,sample_aware,4,0.3576158583164215,0.6433202028274536,0.5187050104141235,0.33683249685499406,0.034887817998727165,0.02085092229147752,0.7801314194997152,0.19995795687039694,0.005993356669528617,0.00025197835768469505,0.744
1,183,periodic,sample_aware,4,0.3576158583164215,0.6433202028274536,0.5187050104141235,0.3378281063503689,0.036871676643689476,0.020551912072632048,0.7780558599366082,0.19977149864037833,0.005475969881647163,0.00017890505518557297,0.742
1,184,periodic,sample_aware,4,0.3576158583164215,0.6433202028274536,0.5187050104141235,0.3396107852458954,0.03519393503665924,0.01910630303124587,0.7835999131202698,0.20439159042305416,0.004911666477306021,0.0002062672606876327,0.739
1,185,periodic,sample_aware,4,0.3576158583164215,0.6433202028274536,0.5187050104141235,0.3325519793563419,0.03516313392255041,0.017952447343203757,0.7704399559232924,0.20009969505998823,0.004402904021036293,0.00018251826986670494,0.74
1,186,periodic,sample_aware,4,0.3576158583164215,0.6433202028274536,0.5187050104141235,0.33070135447714066,0.03380643100374275,0.0174791742530134,0.7608436610963609,0.20121318101882935,0.0040550244351228075,0.0001813827612851229,0.736
1,187,periodic,sample_aware,4,0.3576158583164215,0.6433202028274536,0.5187050104141235,0.33006275362438625,0.035612011121379,0.018822603134645358,0.7601566910743713,0.19764750036928388,0.0037603433399150767,0.00016959589750816426,0.738
1,188,periodic,sample_aware,4,0.3576158583164215,0.6433202028274536,0.5187050104141235,0.3295983009868198,0.03369577104846636,0.017919866368174553,0.7598517470889621,0.20002037783463797,0.003778763193016251,0.00017546226606807776,0.736
1,189,periodic,sample_aware,4,0.3576158583164215,0.6433202028274536,0.5187050104141235,0.3322664002577464,0.0355654652747843,0.021269636642601755,0.7526996731758118,0.1979054162899653,0.004291092666486899,0.00022072913513208428,0.736
1,190,periodic,sample_aware,4,0.3576158583164215,0.6433202028274536,0.5187050104141235,0.3286651737160153,0.03403580623368422,0.017328290475739375,0.7677828470865885,0.19805654221110874,0.0047161572405861486,0.0002163332667098277,0.735
1,191,periodic,sample_aware,4,0.3576158583164215,0.6433202028274536,0.5187050104141235,0.3336481617556678,0.03579168518384298,0.018693706434633996,0.7534947130415175,0.2016134129630195,0.004194119557117422,0.00020565254251576133,0.738
1,192,periodic,sample_aware,4,0.3576158583164215,0.6433202028274536,0.5187050104141235,0.33205413156085545,0.03576713469293383,0.021230235695838928,0.7538027829594083,0.19737820989555782,0.0044432396276129615,0.00015330630251102976,0.734
1,193,periodic,sample_aware,4,0.3576158583164215,0.6433202028274536,0.5187050104141235,0.3351151512728797,0.03575999807152483,0.021550447369615238,0.7555775377485487,0.19960780607329476,0.005071708518597815,0.00020658316659844585,0.73
1,194,periodic,sample_aware,4,0.3576158583164215,0.6433202028274536,0.5187050104141235,0.331282162004047,0.03373244901498159,0.02018560158709685,0.7573374973403083,0.1991991831196679,0.004661969840526581,0.00020037806178960536,0.732
1,195,periodic,sample_aware,4,0.3576158583164215,0.6433202028274536,0.5187050104141235,0.3355104857020908,0.0352033039347993,0.019934068537420697,0.7679721646838717,0.2010924385653602,0.004771437547687028,0.00019548337958339188,0.743
1,196,periodic,sample_aware,4,0.3576158583164215,0.6433202028274536,0.5187050104141235,0.3326417903105418,0.03551168863972028,0.02059450786974695,0.7522819174660577,0.1989770448870129,0.004471052593241136,0.00018964857897824712,0.737
1,197,periodic,sample_aware,4,0.3576158583164215,0.6433202028274536,0.5187050104141235,0.33205196923679775,0.03413807931873533,0.01904369331896305,0.7554847266938951,0.20081232653723824,0.0048195286136534475,0.000199259284676777,0.742
1,198,periodic,sample_aware,4,0.3576158583164215,0.6433202028274536,0.5187050104141235,0.3281872570514679,0.03440921939909458,0.017265532890127763,0.7382326987054613,0.20034721162584093,0.004516772098011441,0.0001672759406372077,0.746
1,199,periodic,sample_aware,4,0.3576158583164215,0.6433202028274536,0.5187050104141235,0.3309670454925961,0.035605410320891276,0.018329264182183478,0.737485408782959,0.20121934513250986,0.0039828079752624035,0.0001461683875984616,0.749
1,200,periodic,sample_aware,4,0.3576158583164215,0.6433202028274536,0.5187050104141235,0.33089149329397416,0.03426660245491399,0.02269391446477837,0.743305418226454,0.1971809764703115,0.004645390746494134,0.00019352317839446996,0.728
2,1,periodic,sample_aware,2,0.37425634264945984,0.6409419178962708,0.513438880443573,2.124607655737135,1.120278345213996,0.33356435657636513,3.168172068066067,0.19083172082901,0.3138662013742659,0.012365870953847965,0.528
2,2,periodic,sample_aware,2,0.37425634264945984,0.6409419178962708,0.513438880443573,1.4447682831022475,0.7766294015778435,0.10283888545301226,3.168433321846856,0.18128955529795754,0.12959324485725826,0.00474102590750489,0.5533333333333333
2,3,periodic,sample_aware,2,0.37425634264945984,0.6409419178962708,0.513438880443573,1.1462572415669758,0.580169333351983,0.055723071512248784,3.040029446283976,0.18088485134972465,0.049113849384917155,0.0018401999647418659,0.5813333333333334
2,4,periodic,sample_aware,2,0.37425634264945984,0.6409419178962708,0.513438880443573,1.004192464881473,0.47941259874237907,0.041336208995845586,2.9077834288279214,0.17979254656367832,0.024815331109695964,0.0009302188668193088,0.5886666666666667
2,5,periodic,sample_aware,2,0.37425634264945984,0.6409419178962708,0.513438880443573,0.898206525378757,0.40892178813616437,0.03184143557316727,2.748871405919393,0.1765952855348587,0.011443984280857775,0.000477733523843603,0.6093333333333333
2,6,periodic,sample_aware,2,0.37425634264945984,0.6409419178962708,0.513438880443573,0.8400305310885111,0.3618881040149265,0.027593419576684635,2.6754585107167563,0.1795082406865226,0.006689572758558724,0.00030023095637766854,0.6233333333333333
2,7,periodic,sample_aware,2,0.37425634264945984,0.6409419178962708,0.513438880443573,0.7822771337297227,0.3192844026618534,0.02487748447391722,2.5893149111005993,0.17652159101433224,0.005080768942005104,0.00024354489546062218,0.638
2,8,periodic,sample_aware,2,0.37425634264945984,0.6409419178962708,0.513438880443573,0.745345307721032,0.2905247211456299,0.023979592240518995,2.535918500688341,0.17506886853112114,0.00414678063761029,0.00021377141820266843,0.6406666666666667
2,9,periodic,sample_aware,2,0.37425634264945984,0.6409419178962708,0.513438880443573,0.710801018608941,0.2627227207024892,0.022880303983887035,2.4837247000800238,0.1747770739926232,0.0038906648341152403,0.0002062432338587112,0.6526666666666666
2,10,periodic,sample_aware,2,0.37425634264945984,0.6409419178962708,0.513438880443573,0.6880822777748108,0.2451490561167399,0.022720263443059392,2.4182390107048883,0.17646622326638964,0.003646134916279051,0.00019950306482820047,0.662
2,11,periodic,sample_aware,2,0.37425634264945984,0.6409419178962708,0.513438880443573,0.6596608360608419,0.22521543502807617,0.023187950253486633,2.3535385661655,0.173965679274665,0.0036874544134156573,0.00018834560695621703,0.664
2,12,periodic,sample_aware,2,0.37425634264945984,0.6409419178962708,0.513438880443573,0.6362305482228597,0.21010134783056048,0.02044597040447924,2.300146844651964,0.17372566295994651,0.0036970278403411307,0.00018876446928415034,0.6706666666666666
2,13,periodic,sample_aware,2,0.37425634264945984,0.6409419178962708,0.513438880443573,0.6178400781419542,0.19268848333093855,0.020897203642461035,2.2997301949395075,0.17230663531356388,0.0037537347784058917,0.00019569580520813665,0.6726666666666666
2,14,periodic,sample_aware,2,0.37425634264945984,0.6409419178962708,0.513438880443573,0.6026434633466933,0.18513337108823988,0.0209943370686637,2.223139656914605,0.17234926256868574,0.003524525867154201,0.00018051867502638034,0.6826666666666666
2,15,periodic,sample_aware,2,0.37425634264945984,0.6409419178962708,0.513438880443573,0.582390308380127,0.17274043129550087,0.01969549639357461,2.1802654531266956,0.17002350754208034,0.0036271228455007076,0.0001815192841200365,0.6853333333333333
2,16,periodic,sample_aware,2,0.37425634264945984,0.6409419178962708,0.513438880443573,0.5752185251977708,0.16283386283450657,0.020867262242568865,2.155503749847412,0.17399364047580296,0.003761881470887197,0.00018491048831492662,0.6866666666666666
2,17,periodic,sample_aware,2,0.37425634264945984,0.6409419178962708,0.513438880443573,0.5582447780503167,0.15600056284003788,0.020300035261445575,2.106658246782091,0.169261720445421,0.0038327963557094336,0.00020043630178810822,0.6933333333333334
2,18,periodic,sample_aware,2,0.37425634264945984,0.6409419178962708,0.513438880443573,0.5407122638490465,0.14356843713257048,0.020359753320614498,2.0833731757269964,0.16622908744547102,0.004237697408017185,0.0001976222006811036,0.696
2,19,periodic,sample_aware,2,0.37425634264945984,0.6409419178962708,0.513438880443573,0.5294829540782504,0.13666662822167078,0.02086381862560908,2.0364769564734564,0.16625792450375027,0.0039036775059584114,0.00019007973605766892,0.7026666666666667
2,20,periodic,sample_aware,2,0.37425634264945984,0.6409419178962708,0.513438880443573,0.5209631257587009,0.12875858528746498,0.020127086382773187,2.020912766456604,0.1678741971651713,0.004032518352485365,0.00019147737313889794,0.7013333333333334
2,21,periodic,sample_aware,2,0.37425634264945984,0.6409419178962708,0.513438880443573,0.5147178802225325,0.1270675410827001,0.019841099778811138,1.9710517326990764,0.16872071226437887,0.0037829220139731965,0.0001837782134922842,0.702
2,22,periodic,sample_aware,2,0.37425634264945984,0.6409419178962708,0.513438880443573,0.49760627415445113,0.11549726045793957,0.018900366086098883,1.9501454830169678,0.1662388096253077,0.003743243869394064,0.00016733048121548362,0.7086666666666667
2,23,periodic,sample_aware,2,0.37425634264945984,0.6409419178962708,0.513438880443573,0.4905966818332672,0.11217185937696034,0.01794234270022975,1.915921476152208,0.16693898207611507,0.0037379393664499125,0.0001647650497034192,0.7193333333333334
2,24,periodic,sample_aware,2,0.37425634264945984,0.6409419178962708,0.513438880443573,0.4832394884692298,0.10867396659321255,0.01859818005727397,1.8787310785717435,0.1662314318948322,0.0035604820328040254,0.00016511144349351525,0.7153333333333334
2,25,periodic,sample_aware,2,0.37425634264945984,0.6409419178962708,0.513438880443573,0.4677794277667999,0.10024651719464196,0.018073382270005014,1.8443517287572224,0.16307377484109667,0.0037374089523735973,0.00016373629397195246,0.7146666666666667
2,26,periodic,sample_aware,2,0.37425634264945984,0.6409419178962708,0.513438880443573,0.46706854965951705,0.09950585414965947,0.019205039987961452,1.8206335703531902,0.1644173479742474,0.003595265197671122,0.00015865213936194777,0.7146666666666667
2,27,periodic,sample_aware,2,0.37425634264945984,0.6409419178962708,0.513438880443573,0.4630410472551982,0.09760134087668525,0.018633701735072665,1.8119355572594538,0.1635367986228731,0.00397136698787411,0.00017993696059824692,0.7206666666666667
2,28,periodic,sample_aware,2,0.37425634264945984,0.6409419178962708,0.513438880443573,0.46209531360202366,0.0953108560707834,0.0186054151919153,1.7747481266657512,0.16852199369006687,0.004191281377441353,0.00017318912755904926,0.722
2,29,periodic,sample_aware,2,0.37425634264945984,0.6409419178962708,0.513438880443573,0.45382576518588597,0.09030740376975802,0.019133433285686705,1.7598267793655396,0.166181195113394,0.004259809023804135,0.00018229281866095134,0.7206666666666667
2,30,periodic,sample_aware,2,0.37425634264945984,0.6409419178962708,0.513438880443573,0.4425569441583421,0.0879517247279485,0.01874069186548392,1.725078331099616,0.16118713385528988,0.0041559490168260205,0.0001831684041664832,0.7273333333333334
2,31,periodic,sample_aware,2,0.37425634264945984,0.6409419178962708,0.513438880443573,0.4375350972016652,0.08303124788734648,0.01738713930050532,1.6874197589026556,0.16631988022062513,0.003930439189490344,0.00017925330515330037,0.7306666666666667
2,32,periodic,sample_aware,2,0.37425634264945984,0.6409419178962708,0.513438880443573,0.42652346359358895,0.07882782568534215,0.016417077018154994,1.668179366323683,0.16249877380000222,0.003764607865984241,0.00015910016372799873,0.7326666666666667
2,33,periodic,sample_aware,2,0.37425634264945984,0.6409419178962708,0.513438880443573,0.42092909746699864,0.0761946431464619,0.016963761920730274,1.6391123533248901,0.16203434268633524,0.003497918446858724,0.00015229709808611206,0.7313333333333333
2,34,periodic,sample_aware,2,0.37425634264945984,0.6409419178962708,0.513438880443573,0.4203764365779029,0.07522000124057134,0.017906746102703944,1.6301770077811346,0.16243802342149946,0.0034376785366071593,0.0001502347101146976,0.732
2,35,periodic,sample_aware,2,0.37425634264945984,0.6409419178962708,0.513438880443573,0.4145994981129964,0.07258659352858861,0.017040488724079397,1.605938540564643,0.16254879865381452,0.0035126699755589166,0.0001468568225391209,0.7326666666666667
2,36,periodic,sample_aware,2,0.37425634264945984,0.6409419178962708,0.513438880443573,0.412012067106035,0.07192770722839567,0.016271126973960135,1.5774598121643066,0.16415713396337298,0.0036706810092760455,0.00014955941070285108,0.7293333333333333
2,37,periodic,sample_aware,2,0.37425634264945984,0.6409419178962708,0.513438880443573,0.4024096197552151,0.0690452895230717,0.016307543238831892,1.545725531048245,0.16063528094026777,0.0035420096117175287,0.00015588861424475908,0.7386666666666667
2,38,periodic,sample_aware,2,0.37425634264945984,0.6409419178962708,0.513438880443573,0.39990678760740495,0.06631250638100836,0.016326387205885515,1.533622185389201,0.16211375263002184,0.0034406842508663735,0.00014315004874434735,0.734
2,39,periodic,sample_aware,2,0.37425634264945984,0.6409419178962708,0.513438880443573,0.39596591062015957,0.065188094559643,0.01798846231152614,1.5061648819181654,0.16035421027077568,0.0034893363610737855,0.0001479626775512265,0.7333333333333333
2,40,periodic,sample_aware,2,0.37425634264945984,0.6409419178962708,0.513438880443573,0.3986299932003021,0.06609238932530086,0.020487067393130727,1.4798237880071003,0.16214000350899166,0.0037108740200185114,0.00014542631106451154,0.7426666666666667
2,41,periodic,sample_aware,3,0.3457808494567871,0.6558707356452942,0.5059388279914856,0.3987905548678504,0.059853863384988576,0.02181296485165755,1.472871634695265,0.16760100258721244,0.004306776474954354,0.00016435674883218275,0.7386666666666667
2,42,periodic,sample_aware,3,0.3457808494567871,0.6558707356452942,0.5059388279914856,0.3834259245130751,0.058083098381757736,0.017765504515005484,1.445238537258572,0.16092683374881744,0.004091397626325488,0.00016186301622332798,0.7346666666666667
2,43,periodic,sample_aware,3,0.3457808494567871,0.6558707356452942,0.5059388279914856,0.38701483938429093,0.05939375816120042,0.017954871472385194,1.4286545250150893,0.1647066507074568,0.004039800260215998,0.00014839262520480488,0.7393333333333333
2,44,periodic,sample_aware,3,0.3457808494567871,0.6558707356452942,0.5059388279914856,0.38085828555954826,0.056247000065114766,0.016777654488881428,1.424333307478163,0.16333165930377114,0.003985229465696547,0.00015203826155306565,0.74
2,45,periodic,sample_aware,3,0.3457808494567871,0.6558707356452942,0.5059388279914856,0.3761083417468601,0.055596326374345355,0.01752637657854292,1.3786349296569824,0.1630603770414988,0.003977855046590169,0.00014568188150102893,0.742
2,46,periodic,sample_aware,3,0.3457808494567871,0.6558707356452942,0.5059388279914856,0.3754129244221581,0.05664655648999744,0.017248175003462367,1.3659328884548612,0.1629060986969206,0.003889946551579568,0.00014766254591652087,0.7446666666666667
2,47,periodic,sample_aware,3,0.3457808494567871,0.6558707356452942,0.5059388279914856,0.36947360303666854,0.05435620993375778,0.018384482090671856,1.346653938293457,0.16006919741630554,0.0038395682091100346,0.00015704966952196427,0.7393333333333333
2,48,periodic,sample_aware,3,0.3457808494567871,0.6558707356452942,0.5059388279914856,0.3707749280664656,0.053308140486478806,0.019199318045543298,1.354127870665656,0.16097322934203678,0.0036181495266242158,0.00014475625034214722,0.7413333333333333
2,49,periodic,sample_aware,3,0.3457808494567871,0.6558707356452942,0.5059388279914856,0.36723247170448303,0.052635817478100456,0.01901726300517718,1.3176455762651231,0.16182792021168602,0.003823447377524442,0.00015038848181979524,0.7426666666666667
2,50,periodic,sample_aware,3,0.3457808494567871,0.6558707356452942,0.5059388279914856,0.36852241224712795,0.05309573312600454,0.01850928335140149,1.3133918046951294,0.16358977556228638,0.0038400345688892733,0.00013684090744290088,0.744
2,51,periodic,sample_aware,3,0.3457808494567871,0.6558707356452942,0.5059388279914856,0.36204580465952557,0.05326690276463827,0.017219256092276838,1.2888278828726873,0.16076436142126718,0.0036934681185003784,0.00013150925385869213,0.742
2,52,periodic,sample_aware,3,0.3457808494567871,0.6558707356452942,0.5059388279914856,0.3585798905955421,0.05021369664205445,0.017125128044022456,1.270789000723097,0.16219804187615713,0.003783377818763256,0.00014487106818705797,0.748
2,53,periodic,sample_aware,3,0.3457808494567871,0.6558707356452942,0.5059388279914856,0.35687540968259174,0.04971113718218274,0.016372069095571835,1.2599371009402804,0.16289902561240727,0.0036563005091415513,0.00014263519551604986,0.742
2,54,periodic,sample_aware,3,0.3457808494567871,0.6558707356452942,0.5059388279914856,0.353207485543357,0.049025638235939875,0.016362917195591662,1.2456713782416449,0.16137168970372942,0.003623393260770374,0.00013678913496227728,0.7446666666666667
2,55,periodic,sample_aware,3,0.3457808494567871,0.6558707356452942,0.5059388279914856,0.362434188524882,0.049401903731955424,0.019579752037922542,1.2389491531583998,0.16766861412260267,0.003637836107777225,0.0001401555297585825,0.7453333333333333
2,56,periodic,sample_aware,3,0.3457808494567871,0.6558707356452942,0.5059388279914856,0.34825732310612995,0.046734447280565895,0.017840698775317933,1.2297710842556424,0.15866460568375057,0.0039334231211493416,0.00014748101562468542,0.7453333333333333
2,57,periodic,sample_aware,3,0.3457808494567871,0.6558707356452942,0.5059388279914856,0.34880101018481785,0.04787331695357958,0.018877505428261228,1.1970505449506972,0.16016635133160484,0.004208683191488187,0.00014887893727670112,0.7473333333333333
2,58,periodic,sample_aware,3,0.3457808494567871,0.6558707356452942,0.5059388279914856,0.3469042215082381,0.04713228469093641,0.018485191071199045,1.1875614325205486,0.1604753384987513,0.003966088510221905,0.0001444377121515572,0.742
2,59,periodic,sample_aware,3,0.3457808494567871,0.6558707356452942,0.5059388279914856,0.3496500982178582,0.046739271531502403,0.019325524775518313,1.1812588108910456,0.16337300174766117,0.0040265410724613405,0.00014628449894694818,0.7406666666666667
2,60,periodic,sample_aware,3,0.3457808494567871,0.6558707356452942,0.5059388279914856,0.3483794894483354,0.04676123377349642,0.020211210888293054,1.1747876935535007,0.16168730623192257,0.0043230782935602795,0.00015885094439403879,0.7486666666666667
2,61,periodic,sample_aware,3,0.3457808494567871,0.6558707356452942,0.5059388279914856,0.3457847270700667,0.043754633929994374,0.019928165194061067,1.1706233157051935,0.16279688643084633,0.00433342583063576,0.0001519879119263755,0.744
2,62,periodic,sample_aware,3,0.3457808494567871,0.6558707356452942,0.5059388279914856,0.33886828687455917,0.04426774465375476,0.018972033634781837,1.1432775523927476,0.1589263296789593,0.004598766151401732,0.00015007755589774914,0.744
2,63,periodic,sample_aware,3,0.3457808494567871,0.6558707356452942,0.5059388279914856,0.3418380353185866,0.04457105158103837,0.018877224996685982,1.135767552587721,0.16253895229763454,0.004407669055379099,0.00014042834906528393,0.744
2,64,periodic,sample_aware,3,0.3457808494567871,0.6558707356452942,0.5059388279914856,0.3381003505653805,0.04226943560772472,0.020746272781656847,1.1212114890416462,0.16069279611110687,0.004383003028730552,0.0001583879865292046,0.7446666666666667
2,65,periodic,sample_aware,3,0.3457808494567871,0.6558707356452942,0.5059388279914856,0.3337215880552928,0.04367255378100607,0.020677687807215586,1.1016051769256592,0.15680657161606681,0.004648584975964493,0.00015992842640520798,0.7466666666666667
2,66,periodic,sample_aware,3,0.3457808494567871,0.6558707356452942,0.5059388279914856,0.3308098183737861,0.04271982568833563,0.018333679479029443,1.0909184747272067,0.15839848584598964,0.004379570277200805,0.00015238564487339722,0.7473333333333333
2,67,periodic,sample_aware,3,0.3457808494567871,0.6558707356452942,0.5059388279914856,0.32999709579679704,0.041963150103886925,0.018280532211065292,1.0800972514682345,0.15951240393850538,0.004317599115893245,0.0001449531021838387,0.7446666666666667
2,68,periodic,sample_aware,3,0.3457808494567871,0.6558707356452942,0.5059388279914856,0.3266235358185238,0.039717289722628064,0.016811069928937487,1.073454115125868,0.16066582004229227,0.0040273288420091076,0.00014055825562940704,0.7466666666666667
2,69,periodic,sample_aware,3,0.3457808494567871,0.6558707356452942,0.5059388279914856,0.32926349507437813,0.0409549797574679,0.018949765505062208,1.0649187299940321,0.16076703038480547,0.004065278684720397,0.0001344107117296921,0.75
2,70,periodic,sample_aware,3,0.3457808494567871,0.6558707356452942,0.5059388279914856,0.32466263903511894,0.040470855517519846,0.016582983338998422,1.0535213285022311,0.1602336201402876,0.003914012185608347,0.00013209519804351858,0.748
2,71,periodic,sample_aware,3,0.3457808494567871,0.6558707356452942,0.5059388279914856,0.3258996109167735,0.041683112995492086,0.017106630115045443,1.0328029460377164,0.1617719696627723,0.003976132022216916,0.0001390727443827523,0.752
2,72,periodic,sample_aware,3,0.3457808494567871,0.6558707356452942,0.5059388279914856,0.32067835330963135,0.03943332491649522,0.016639621514413092,1.0322265028953552,0.1590063472588857,0.0045918770548370146,0.00016095551998457976,0.75
2,73,periodic,sample_aware,3,0.3457808494567871,0.6558707356452942,0.5059388279914856,0.32284973396195304,0.039349264154831566,0.016771712547375098,1.0254178841908772,0.16174140572547913,0.0047319731675088406,0.00015916476129657694,0.7473333333333333
2,74,periodic,sample_aware,3,0.3457808494567871,0.6558707356452942,0.5059388279914856,0.3198743363221486,0.03966675905717744,0.017346846767597728,1.0056687196095784,0.15882199505964914,0.006628373120394018,0.0003153440257948306,0.7493333333333333
2,75,periodic,sample_aware,3,0.3457808494567871,0.6558707356452942,0.5059388279914856,0.3208169506655799,0.03975896330343352,0.015508048857251803,1.0041020446353488,0.1610883673032125,0.007738388453920682,0.0003643326150874297,0.748
2,76,periodic,sample_aware,3,0.3457808494567871,0.6558707356452942,0.5059388279914856,0.3153480026457045,0.03823844095071157,0.014270040827492872,0.9937655197249519,0.159024135933982,0.00852684723213315,0.0003508152828241388,0.7506666666666667
2,77,periodic,sample_aware,3,0.3457808494567871,0.6558707356452942,0.5059388279914856,0.31810902224646675,0.038228747331433825,0.015042430617743068,0.9952326615651449,0.16228076981173623,0.005864114604062504,0.00020347490984325609,0.7513333333333333
2,78,periodic,sample_aware,3,0.3457808494567871,0.6558707356452942,0.5059388279914856,0.3114757140477498,0.03835756911171807,0.014709561752776304,0.9727238350444369,0.1587016979853312,0.004706526589062478,0.00016247351110602418,0.748
2,79,periodic,sample_aware,3,0.3457808494567871,0.6558707356452942,0.5059388279914856,0.31108522415161133,0.03690624444021119,0.01381602521157927,0.9597738120290968,0.16232728626992968,0.003960331824297707,0.00015625049774017598,0.7473333333333333
2,80,periodic,sample_aware,3,0.3457808494567871,0.6558707356452942,0.5059388279914856,0.30854228470060563,0.03698693671160274,0.014364076985253228,0.9568471709887186,0.1597609735197491,0.003356161372115215,0.00013498985208570957,0.746
2,81,periodic,sample_aware,4,0.33414268493652344,0.6593859791755676,0.5022138357162476,0.30600863695144653,0.03576940712001589,0.013359029052986039,0.9548672305213081,0.15957929690678915,0.0034876930423908764,0.0001406651766349872,0.752
2,82,periodic,sample_aware,4,0.33414268493652344,0.6593859791755676,0.5022138357162476,0.30202791425916886,0.03642006673746639,0.013285133573744033,0.9370903107855055,0.15653885238700443,0.004006398272597128,0.00014325037934920855,0.7506666666666667
2,83,periodic,sample_aware,4,0.33414268493652344,0.6593859791755676,0.5022138357162476,0.31086116698053146,0.03653491702344683,0.019201663012305897,0.9435576399167379,0.15858770410219827,0.004201319844772418,0.0001609004620048735,0.7533333333333333
2,84,periodic,sample_aware,4,0.33414268493652344,0.6593859791755676,0.5022138357162476,0.31287048591507804,0.037886625776688256,0.01838018952144517,0.9282265504201254,0.1609724826282925,0.005432911424173249,0.00018415389220333763,0.7526666666666667
2,85,periodic,sample_aware,4,0.33414268493652344,0.6593859791755676,0.5022138357162476,0.30799101789792377,0.03565887361764908,0.016334376918772858,0.9317100048065186,0.16033155885007647,0.00481676206820541,0.0001736592190961043,0.756
2,86,periodic,sample_aware,4,0.33414268493652344,0.6593859791755676,0.5022138357162476,0.3141297962930467,0.03708717765079604,0.017580156835416954,0.9228694637616476,0.1648484319448471,0.004490396602907115,0.0001637581606499023,0.748
2,87,periodic,sample_aware,4,0.33414268493652344,0.6593859791755676,0.5022138357162476,0.3052397304111057,0.03625395231776767,0.01710315804100699,0.9076254831420051,0.15868950221273634,0.0047038703018592466,0.0001572610086037053,0.7526666666666667
2,88,periodic,sample_aware,4,0.33414268493652344,0.6593859791755676,0.5022138357162476,0.3073275883992513,0.0350254082845317,0.01677753445174959,0.9024124609099494,0.1629065622886022,0.004606623616483476,0.000147048765534742,0.7473333333333333
2,89,periodic,sample_aware,4,0.33414268493652344,0.6593859791755676,0.5022138357162476,0.3100370698504978,0.036503700332509145,0.020506045988036528,0.8979576230049133,0.16102045443322924,0.0042779881817599135,0.00014420331636857655,0.7513333333333333
2,90,periodic,sample_aware,4,0.33414268493652344,0.6593859791755676,0.5022138357162476,0.3101383050282796,0.03555211342043347,0.021086376781264942,0.9012801051139832,0.16079734596941206,0.0049762204806837775,0.00017271135907827152,0.754
2,91,periodic,sample_aware,4,0.33414268493652344,0.6593859791755676,0.5022138357162476,0.29907648430930245,0.033845565799209804,0.017009630385372374,0.8865569432576498,0.15704776346683502,0.004868614125168986,0.00016705942107364535,0.758
2,92,periodic,sample_aware,4,0.33414268493652344,0.6593859791755676,0.5022138357162476,0.3037561774253845,0.034538974364598594,0.015210859374039702,0.8823761410183377,0.1633960637781355,0.004592295166932874,0.00015302570278031958,0.7506666666666667
2,93,periodic,sample_aware,4,0.33414268493652344,0.6593859791755676,0.5022138357162476,0.2957819534672631,0.033336800833543144,0.014727052197688155,0.8670151564810011,0.15858889453940922,0.004707190984239181,0.00014817582107045583,0.7573333333333333
2,94,periodic,sample_aware,4,0.33414268493652344,0.6593859791755676,0.5022138357162476,0.2934960855378045,0.03349100136094623,0.013822948353158103,0.8595155146386888,0.1578676684035195,0.004578557227634721,0.0001472829931622578,0.752
2,95,periodic,sample_aware,4,0.33414268493652344,0.6593859791755676,0.5022138357162476,0.29425248503685,0.03311954956087801,0.015146147770186266,0.8486475149790446,0.15886560744709438,0.00436651592867242,0.00014633843157854345,0.7513333333333333
2,96,periodic,sample_aware,4,0.33414268493652344,0.6593859791755676,0.5022138357162476,0.2987165053685506,0.034476942072312035,0.017444457651840314,0.8461982740296258,0.15988187823030683,0.0044384497838715715,0.00014835614193644788,0.754
2,97,periodic,sample_aware,4,0.33414268493652344,0.6593859791755676,0.5022138357162476,0.296524766418669,0.03393355798390177,0.016837264204190835,0.847045984533098,0.15891008741325802,0.004136839985019631,0.00014166856676133143,0.7593333333333333
2,98,periodic,sample_aware,4,0.33414268493652344,0.6593859791755676,0.5022138357162476,0.29672733611530727,0.03284126354588403,0.01617123434940974,0.8489796850416396,0.16069412728150687,0.004092882956481642,0.00015260766182715693,0.7546666666666667
2,99,periodic,sample_aware,4,0.33414268493652344,0.6593859791755676,0.5022138357162476,0.29673586951361763,0.0332773874203364,0.01605796886401044,0.8398464653227065,0.16122303240829045,0.004234014260065224,0.00015164976422157552,0.756
2,100,periodic,sample_aware,4,0.33414268493652344,0.6593859791755676,0.5022138357162476,0.29655177063412136,0.03221932777927981,0.018546963938408427,0.8308149311277602,0.16055118209785885,0.004173403166027533,0.0001322198012429807,0.754
2,101,periodic,sample_aware,4,0.33414268493652344,0.6593859791755676,0.5022138357162476,0.2947372727923923,0.03209806606173515,0.01839762470788426,0.8229600257343717,0.15972168081336552,0.004305670658747355,0.00014211989602901868,0.7553333333333333
2,102,periodic,sample_aware,4,0.33414268493652344,0.6593859791755676,0.5022138357162476,0.29825235075420803,0.032848040469818644,0.020527955558564927,0.8312908477253385,0.15950361722045475,0.004328367119241092,0.0001589516307123833,0.75
2,103,periodic,sample_aware,4,0.33414268493652344,0.6593859791755676,0.5022138357162476,0.2997121281094021,0.032789026490516134,0.018462781483928364,0.8220254315270318,0.1641794741153717,0.004023694640232457,0.00013290291341642538,0.7573333333333333
2,104,periodic,sample_aware,4,0.33414268493652344,0.6593859791755676,0.5022138357162476,0.2894226610660553,0.03221631898648209,0.01477119005802605,0.8138732843928866,0.15912318229675293,0.0037302596546295616,0.00011901701024423043,0.7546666666666667
2,105,periodic,sample_aware,4,0.33414268493652344,0.6593859791755676,0.5022138357162476,0.28917717271380955,0.03232168654600779,0.01551844852252139,0.8094850844807095,0.1586228327618705,0.0034139763770831954,0.00011741609907605582,0.7613333333333333
2,106,periodic,sample_aware,4,0.33414268493652344,0.6593859791755676,0.5022138357162476,0.28701433539390564,0.03121221313873927,0.014799233422511153,0.8014028668403625,0.1589383218023512,0.0037183883186015817,0.0001301717129535973,0.758
2,107,periodic,sample_aware,4,0.33414268493652344,0.6593859791755676,0.5022138357162476,0.28968581226136947,0.031611235812306404,0.016743161301645968,0.8009352948930528,0.15922718577914768,0.003897002872286571,0.00012440671626892354,0.7593333333333333
2,108,periodic,sample_aware,4,0.33414268493652344,0.6593859791755676,0.5022138357162476,0.2959949771563212,0.03173530246648523,0.020579513162374496,0.7969269620047675,0.16182711058192784,0.004181677449701561,0.00013903117117782435,0.7493333333333333
2,109,periodic,sample_aware,4,0.33414268493652344,0.6593859791755676,0.5022138357162476,0.29634987976815963,0.03238824071983496,0.022283205555544958,0.7876407106717428,0.16051641437742445,0.004644044209271669,0.0001518325168742902,0.7633333333333333
2,110,periodic,sample_aware,4,0.33414268493652344,0.6593859791755676,0.5022138357162476,0.2910245094034407,0.031040494019786518,0.020086362750993833,0.7902665469381545,0.15816995170381334,0.005237043731742435,0.00016504638026364974,0.746
2,111,periodic,sample_aware,4,0.33414268493652344,0.6593859791755676,0.5022138357162476,0.2906090219815572,0.03139979640642802,0.0205526529914803,0.7787759767638313,0.15813383791181776,0.005130174259344737,0.0001600779877561662,0.7593333333333333
2,112,periodic,sample_aware,4,0.33414268493652344,0.6593859791755676,0.5022138357162476,0.28820958733558655,0.030507359446750745,0.01984935419427024,0.7773387365871005,0.15744935638374752,0.005181082317398654,0.00015819445899170305,0.752
2,113,periodic,sample_aware,4,0.33414268493652344,0.6593859791755676,0.5022138357162476,0.2819754679997762,0.03099158468345801,0.01656390612738,0.76324286725786,0.15533632040023804,0.005346814843101634,0.00017192455319066843,0.7566666666666667
2,114,periodic,sample_aware,4,0.33414268493652344,0.6593859791755676,0.5022138357162476,0.2823150720861223,0.030223083785838552,0.015116734326713614,0.7674301862716675,0.15770524905787575,0.00488931934038798,0.00016466002368057767,0.754
2,115,periodic,sample_aware,4,0.33414268493652344,0.6593859791755676,0.5022138357162476,0.2853090597523583,0.0311932350612349,0.015945772019525368,0.7693904439608256,0.15886669523186153,0.00456021705435382,0.00016841421084892418,0.7546666666666667
2,116,periodic,sample_aware,4,0.33414268493652344,0.6593859791755676,0.5022138357162476,0.28858239120907253,0.03083547121948666,0.016965197813179757,0.7634251382615831,0.16224419242805904,0.004236952686268423,0.0001530928162133528,0.7586666666666667
2,117,periodic,sample_aware,4,0.33414268493652344,0.6593859791755676,0.5022138357162476,0.27910181548860336,0.030229975365930133,0.01567841673062907,0.7579917311668396,0.1551921566327413,0.004244037101873093,0.00016015482833608985,0.7613333333333333
2,118,periodic,sample_aware,4,0.33414268493652344,0.6593859791755676,0.5022138357162476,0.2820150984658135,0.030160015862849023,0.01602827064279053,0.7506319549348619,0.15844406187534332,0.004471936418364446,0.00016719017488261065,0.7613333333333333
2,119,periodic,sample_aware,4,0.33414268493652344,0.6593859791755676,0.5022138357162476,0.2809990412659115,0.030004052445292473,0.016428919405572943,0.7497411039140489,0.15717044141557482,0.00466653782253464,0.00017649334363846315,0.7586666666666667
2,120,periodic,sample_aware,4,0.33414268493652344,0.6593859791755676,0.5022138357162476,0.27941445178455776,0.03021538547343678,0.015631001960072253,0.7408244013786316,0.15710862974325815,0.0045742180405391585,0.0001797830660103096,0.7566666666666667
2,121,periodic,sample_aware,5,0.32724565267562866,0.6577314138412476,0.5001932382583618,0.2830169068442451,0.029448074599107105,0.015466809065805541,0.7453509834077623,0.16136884027057224,0.004238156808747185,0.00015800913873439035,0.7513333333333333
2,122,periodic,sample_aware,5,0.32724565267562866,0.6577314138412476,0.5001932382583618,0.28144438730345833,0.029439437099628978,0.0168843406976925,0.7459957533412509,0.15822325150171915,0.004438092776884635,0.00015745998825877905,0.7573333333333333
2,123,periodic,sample_aware,5,0.32724565267562866,0.6577314138412476,0.5001932382583618,0.27782879604233635,0.02897624485194683,0.016644055334230263,0.7293893429968092,0.15649326807922787,0.005366746957103412,0.00018582432918871442,0.754
2,124,periodic,sample_aware,5,0.32724565267562866,0.6577314138412476,0.5001932382583618,0.27970661057366264,0.029462812054488394,0.018316727959447436,0.7236573894818624,0.15664308104250166,0.005637564644631412,0.0001989255154815813,0.764
2,125,periodic,sample_aware,5,0.32724565267562866,0.6577314138412476,0.5001932382583618,0.28246983885765076,0.02923643237186803,0.01823486511905988,0.7251832485198975,0.15971549186441633,0.005318420783927043,0.00021102845332481794,0.758
2,126,periodic,sample_aware,5,0.32724565267562866,0.6577314138412476,0.5001932382583618,0.27881674302948845,0.028892542132072978,0.016139771478871506,0.7285815742280748,0.15821824140018886,0.005224462132900953,0.00019159149249187775,0.7613333333333333
2,127,periodic,sample_aware,5,0.32724565267562866,0.6577314138412476,0.5001932382583618,0.2770211133692,0.02856056723329756,0.014960929647915892,0.7223331530888876,0.15784403516186607,0.0065957629639241434,0.00024877193694313365,0.764
2,128,periodic,sample_aware,5,0.32724565267562866,0.6577314138412476,0.5001932382583618,0.27317014667722916,0.02805746967593829,0.013152171443733904,0.7118322120772468,0.15746590163972643,0.0064194284689923125,0.00020333995214766927,0.7573333333333333
2,129,periodic,sample_aware,5,0.32724565267562866,0.6577314138412476,0.5001932382583618,0.2723415129714542,0.0281308355430762,0.01307270023971796,0.7127878003650241,0.15729696386390263,0.004943975816584296,0.00018049116220532192,0.7613333333333333
2,130,periodic,sample_aware,5,0.32724565267562866,0.6577314138412476,0.5001932382583618,0.2746842602888743,0.02839739289548662,0.013728866250150733,0.710645854473114,0.1593545758061939,0.004127976691557301,0.00014969604348556863,0.764
2,131,periodic,sample_aware,5,0.32724565267562866,0.6577314138412476,0.5001932382583618,0.27825461824735004,0.029157995349831052,0.01463277679350641,0.7111170954174466,0.16090388099352518,0.004733050345546669,0.0001634655766085618,0.7606666666666667
2,132,periodic,sample_aware,5,0.32724565267562866,0.6577314138412476,0.5001932382583618,0.28632385863198173,0.029702625340885587,0.024964266767104466,0.7117283741633097,0.15731558865971035,0.006131139842586385,0.00020592164299968217,0.7606666666666667
2,133,periodic,sample_aware,5,0.32724565267562866,0.6577314138412476,0.5001932382583618,0.2794249786270989,0.02876193697253863,0.017464356393449836,0.7090603378083971,0.15898596081468794,0.00640812630040778,0.00020524386006096998,0.762
2,134,periodic,sample_aware,5,0.32724565267562866,0.6577314138412476,0.5001932382583618,0.2769026259581248,0.028511502055658236,0.018734526303079393,0.7064659595489502,0.15564853780799442,0.006516608875244856,0.0002063005231320858,0.7673333333333333
2,135,periodic,sample_aware,5,0.32724565267562866,0.6577314138412476,0.5001932382583618,0.27413461605707806,0.028435501373476453,0.01787861105468538,0.6951574484507242,0.15527118908034432,0.005877326346105999,0.00018980751823013028,0.76
2,136,periodic,sample_aware,5,0.32724565267562866,0.6577314138412476,0.5001932382583618,0.27441786064041984,0.027774574649002817,0.016613772759834926,0.6966195238961114,0.15770784185992348,0.005146214841968483,0.00017322650334487358,0.7606666666666667
2,137,periodic,sample_aware,5,0.32724565267562866,0.6577314138412476,0.5001932382583618,0.2730120254887475,0.02727211659981145,0.01382794769273864,0.6965320772594876,0.159738098581632,0.004866983948482407,0.0001743213247714771,0.764
2,138,periodic,sample_aware,5,0.32724565267562866,0.6577314138412476,0.5001932382583618,0.2675704061985016,0.0272696970237626,0.013014779633118046,0.6860595676634047,0.15633940365579393,0.004525992398460706,0.00015513717274491987,0.758
2,139,periodic,sample_aware,5,0.32724565267562866,0.6577314138412476,0.5001932382583618,0.2673003209961785,0.027546463741196528,0.013249851970209016,0.6843287348747253,0.15577920609050327,0.004430911245031489,0.00015292587664185299,0.7626666666666667
2,140,periodic,sample_aware,5,0.32724565267562866,0.6577314138412476,0.5001932382583618,0.2643332282702128,0.02701957958439986,0.012318936280078359,0.680316772725847,0.15483604868253073,0.0040994027060353095,0.000154557838363366,0.7706666666666667
2,141,periodic,sample_aware,5,0.32724565267562866,0.6577314138412476,0.5001932382583618,0.2683419618341658,0.027444471501641803,0.014457397162914276,0.6768082314067416,0.15648584895663792,0.004385725802017583,0.00016110014661939608,0.7606666666666667
2,142,periodic,sample_aware,5,0.32724565267562866,0.6577314138412476,0.5001932382583618,0.26694487200842965,0.027558795486887295,0.013389394722051091,0.674534539381663,0.1562613762087292,0.004400359621892373,0.00016335228509787057,0.764
2,143,periodic,sample_aware,5,0.32724565267562866,0.6577314138412476,0.5001932382583618,0.2687389486365848,0.026495257599486247,0.012903239578008652,0.676330116060045,0.15956083436806998,0.004127931781113148,0.00016528596946348748,0.7633333333333333
2,144,periodic,sample_aware,5,0.32724565267562866,0.6577314138412476,0.5001932382583618,0.2702958285808563,0.027399910820855036,0.013405996685226759,0.681411451763577,0.15919462674193913,0.0041292620201905566,0.0001790373547313114,0.7593333333333333
2,145,periodic,sample_aware,5,0.32724565267562866,0.6577314138412476,0.5001932382583618,0.2738995651404063,0.02764075891011291,0.02169156674709585,0.67115142610338,0.15487621393468645,0.004939793609082699,0.00021197156618452736,0.7586666666666667
2,146,periodic,sample_aware,5,0.32724565267562866,0.6577314138412476,0.5001932382583618,0.27422404289245605,0.02741742775672012,0.019133158442046907,0.6728322903315226,0.15726243787341648,0.006025726855215099,0.0002298454508288867,0.756
2,147,periodic,sample_aware,5,0.32724565267562866,0.6577314138412476,0.5001932382583618,0.2737917403380076,0.027772144104043644,0.018720799022250705,0.6698831452263726,0.1572104791800181,0.005985191609296534,0.00021481903968378901,0.7653333333333333
2,148,periodic,sample_aware,5,0.32724565267562866,0.6577314138412476,0.5001932382583618,0.27406741513146293,0.026971323208676443,0.02002631624539693,0.6689596441056993,0.15735853215058646,0.005444033381839593,0.0001865106880561345,0.76
2,149,periodic,sample_aware,5,0.32724565267562866,0.6577314138412476,0.5001932382583618,0.2773907449510362,0.027683680049247213,0.021468157569567364,0.6711659497684903,0.15848452349503836,0.005095631608532535,0.00017993978690356016,0.7586666666666667
2,150,periodic,sample_aware,5,0.32724565267562866,0.6577314138412476,0.5001932382583618,0.275855905479855,0.027497332336174116,0.021144839624563854,0.6647685898674859,0.1579122543334961,0.005466276676290565,0.0001829712289488978,0.7606666666666667
2,151,periodic,sample_aware,5,0.32724565267562866,0.6577314138412476,0.5001932382583618,0.28536425365342033,0.027873726561665535,0.02800928263200654,0.6806507441732619,0.15819363958305782,0.006239186351497968,0.00020586747753744325,0.758
2,152,periodic,sample_aware,5,0.32724565267562866,0.6577314138412476,0.5001932382583618,0.289636986123191,0.028762566960520215,0.027506275102496147,0.6817156804932488,0.1616377615266376,0.006902619109799464,0.00021500664297491312,0.7573333333333333
2,153,periodic,sample_aware,5,0.32724565267562866,0.6577314138412476,0.5001932382583618,0.2815477252006531,0.027488005451030202,0.02566060216890441,0.6710769931475321,0.15724992752075195,0.007837023068633344,0.0002459475783527725,0.7566666666666667
2,154,periodic,sample_aware,5,0.32724565267562866,0.6577314138412476,0.5001932382583618,0.2722137967745463,0.02666358132329252,0.02103952132165432,0.6584557625982497,0.15517777535650465,0.006746033413542641,0.00022865087440651323,0.7533333333333333
2,155,periodic,sample_aware,5,0.32724565267562866,0.6577314138412476,0.5001932382583618,0.2848518159654405,0.027272895185483828,0.027576498687267303,0.6741506391101413,0.15926734771993425,0.006419800791061587,0.00022022160313402614,0.7626666666666667
2,156,periodic,sample_aware,5,0.32724565267562866,0.6577314138412476,0.5001932382583618,0.2822785841094123,0.027670858634842768,0.029376647331648402,0.6572046213679843,0.15521303647094303,0.00833544171311789,0.00025972471727679175,0.7573333333333333
2,157,periodic,sample_aware,5,0.32724565267562866,0.6577314138412476,0.5001932382583618,0.2787049677636888,0.027388852917485766,0.0249199786533912,0.6641631722450256,0.1559435741768943,0.007818155301113924,0.000254330703885191,0.7573333333333333
2,158,periodic,sample_aware,5,0.32724565267562866,0.6577314138412476,0.5001932382583618,0.27577691939142013,0.026557994385560352,0.02121525299217966,0.6581128968132867,0.15829475058449638,0.007566810947739416,0.00022845792894562086,0.762
2,159,periodic,sample_aware,5,0.32724565267562866,0.6577314138412476,0.5001932382583618,0.2775508827633328,0.026775985542270873,0.022692962032225397,0.654737671216329,0.15914381543795267,0.0067203088870479,0.00020839601186000637,0.758
2,160,periodic,sample_aware,5,0.32724565267562866,0.6577314138412476,0.5001932382583618,0.2715379132164849,0.02647273014816973,0.01917579138858451,0.6472546988063388,0.15782109234068128,0.006481773116522365,0.0002038859917471806,0.7626666666666667
2,161,periodic,sample_aware,6,0.3238198161125183,0.6555085778236389,0.49891889095306396,0.26345336106088424,0.025478854775428772,0.015308050335281424,0.636455410056644,0.1558578693204456,0.006141590057975716,0.00018450700574451021,0.766
2,162,periodic,sample_aware,6,0.3238198161125183,0.6555085778236389,0.49891889095306396,0.26046820481618244,0.025497454322046705,0.014902078443103366,0.6331997712453207,0.154316622349951,0.004713473220666249,0.0001506647159759369,0.766
2,163,periodic,sample_aware,6,0.3238198161125183,0.6555085778236389,0.49891889095306396,0.2591205835342407,0.024966916483309533,0.01393668870959017,0.6347316172387865,0.15445611708694035,0.004416959722422891,0.00015842962440931134,0.764
2,164,periodic,sample_aware,6,0.3238198161125183,0.6555085778236389,0.49891889095306396,0.260685791571935,0.026104944447676342,0.014227209509246878,0.6209646132257249,0.15642081366644967,0.003549654683512118,0.00012306706048548222,0.7666666666666667
2,165,periodic,sample_aware,6,0.3238198161125183,0.6555085778236389,0.49891889095306396,0.25850676165686715,0.024713255051109526,0.014375415423678027,0.6274206439654032,0.1549800369474623,0.003280871082097292,0.00011110919553579556,0.76
2,166,periodic,sample_aware,6,0.3238198161125183,0.6555085778236389,0.49891889095306396,0.26688846945762634,0.026616466956006155,0.019490550375647016,0.6266844272613525,0.15608674784501395,0.003929103543567989,0.0001234168109173576,0.7693333333333333
2,167,periodic,sample_aware,6,0.3238198161125183,0.6555085778236389,0.49891889095306396,0.2675389846165975,0.024944019814332325,0.019998307443327375,0.6352440714836121,0.1567612737417221,0.00446612522419956,0.00015583348512235616,0.7573333333333333
2,168,periodic,sample_aware,6,0.3238198161125183,0.6555085778236389,0.49891889095306396,0.27557090587086147,0.02577717478076617,0.028525965081320867,0.6324876745541891,0.15527010460694632,0.0053211770330866175,0.00017662178854354553,0.7706666666666667
2,169,periodic,sample_aware,6,0.3238198161125183,0.6555085778236389,0.49891889095306396,0.2763545082675086,0.02648400329053402,0.0302763268765476,0.6411407722367181,0.15218142171700796,0.006395593751221895,0.00020175114170544676,0.7626666666666667
2,170,periodic,sample_aware,6,0.3238198161125183,0.6555085778236389,0.49891889095306396,0.2763535744614071,0.025692195528083377,0.025270366420348484,0.6475576029883491,0.15722889867093828,0.00658294294650356,0.00022976897889748216,0.764
2,171,periodic,sample_aware,6,0.3238198161125183,0.6555085778236389,0.49891889095306396,0.26884424024158055,0.025561910536554124,0.021482351339525647,0.6293567220369974,0.15550733109315237,0.006500961724668741,0.00021299655135307048,0.76
2,172,periodic,sample_aware,6,0.3238198161125183,0.6555085778236389,0.49891889095306396,0.2685639626450009,0.025433677559097607,0.020392214982873864,0.6303544640541077,0.15651369260417092,0.0061971065070894026,0.0001807660834553341,0.762
2,173,periodic,sample_aware,6,0.3238198161125183,0.6555085778236389,0.49891889095306396,0.2678025696012709,0.024307426065206528,0.019387634471058846,0.6261658933427598,0.15864495270782047,0.005523230000916455,0.0001687066008647283,0.7646666666666667
2,174,periodic,sample_aware,6,0.3238198161125183,0.6555085778236389,0.49891889095306396,0.2769170900185903,0.025240876608424716,0.03042431382669343,0.6289695037735833,0.15491022004021537,0.006676900873167647,0.0002125470071203179,0.7606666666666667
2,175,periodic,sample_aware,6,0.3238198161125183,0.6555085778236389,0.49891889095306396,0.27446571985880536,0.026365661579701636,0.025558767426345084,0.6293771399392022,0.1562808702389399,0.0064552415990167195,0.00019017309467825625,0.764
2,176,periodic,sample_aware,6,0.3238198161125183,0.6555085778236389,0.49891889095306396,0.2774866024653117,0.025573140217198267,0.024379477111829653,0.6350102093484666,0.16073386039998797,0.00639145453977916,0.00020675328818874227,0.77
2,177,periodic,sample_aware,6,0.3238198161125183,0.6555085778236389,0.49891889095306396,0.2699423564804925,0.024190484856565792,0.02079101155201594,0.6285288400120206,0.1588979893260532,0.006205408471739954,0.00021457302823869718,0.766
2,178,periodic,sample_aware,6,0.3238198161125183,0.6555085778236389,0.49891889095306396,0.28191590971416897,0.026251639136009745,0.0333661339763138,0.6315830879741244,0.15531891418827903,0.0074079701573484475,0.0002338432241231203,0.7573333333333333
2,179,periodic,sample_aware,6,0.3238198161125183,0.6555085778236389,0.49891889095306396,0.27705299523141647,0.02596904171837701,0.027487758547067642,0.62693676021364,0.15671716464890373,0.00811514656783806,0.0002555601014238265,0.7653333333333333
2,180,periodic,sample_aware,6,0.3238198161125183,0.6555085778236389,0.49891889095306396,0.2706175645192464,0.024755201612909634,0.02423156818581952,0.6225520438618131,0.1547712120744917,0.008908083558910422,0.00030067332813309296,0.764
2,181,periodic,sample_aware,6,0.3238198161125183,0.6555085778236389,0.49891889095306396,0.26577626334296334,0.02426069788634777,0.02256191997892327,0.6097362372610304,0.1537933713859982,0.008089568052026961,0.0002837342132503788,0.756
2,182,periodic,sample_aware,6,0.3238198161125183,0.6555085778236389,0.49891889095306396,0.2692605091465844,0.024755728120605152,0.02126031865676244,0.6207453608512878,0.1569996327161789,0.008069185229639212,0.0002713954891078174,0.7606666666666667
2,183,periodic,sample_aware,6,0.3238198161125183,0.6555085778236389,0.49891889095306396,0.2652783195177714,0.024268712227543194,0.019318410919772253,0.6156103875901964,0.15664665235413444,0.006720062034825484,0.00024695100728422403,0.7673333333333333
2,184,periodic,sample_aware,6,0.3238198161125183,0.6555085778236389,0.49891889095306396,0.2639014224211375,0.024879241155253515,0.018802610122495227,0.6044807036717733,0.15643396311336094,0.006441386830475595,0.00023369577765050862,0.7646666666666667
2,185,periodic,sample_aware,6,0.3238198161125183,0.6555085778236389,0.49891889095306396,0.2605332334836324,0.02449677036040359,0.0181396065486802,0.605039980676439,0.15458561480045319,0.0054312387688292395,0.00018324409352822436,0.7586666666666667
2,186,periodic,sample_aware,6,0.3238198161125183,0.6555085778236389,0.49891889095306396,0.2623530675967534,0.024098704051640298,0.017460245432125196,0.601963566409217,0.15765943957699668,0.005678156597746743,0.0001984825551820298,0.7693333333333333
2,187,periodic,sample_aware,6,0.3238198161125183,0.6555085778236389,0.49891889095306396,0.25919627481036717,0.025476660579442978,0.015232217394643359,0.5985277560022142,0.15599539379278818,0.005097482456929154,0.00018095760606229305,0.7693333333333333
2,188,periodic,sample_aware,6,0.3238198161125183,0.6555085778236389,0.49891889095306396,0.2544406255086263,0.023408583882782195,0.013348860459195243,0.5957518617312113,0.15537646412849426,0.0052453250003357725,0.00021773277290372385,0.764
2,189,periodic,sample_aware,6,0.3238198161125183,0.6555085778236389,0.49891889095306396,0.26207004984219867,0.023934265598654747,0.01357413652456469,0.6069567932022942,0.16048202249738905,0.006486281442145507,0.00028160584366156,0.7626666666666667
2,190,periodic,sample_aware,6,0.3238198161125183,0.6555085778236389,0.49891889095306396,0.25294724106788635,0.02391343398226632,0.012441694426039854,0.5896061460177103,0.15508623752329084,0.004889928528832065,0.00020059293860362636,0.764
2,191,periodic,sample_aware,6,0.3238198161125183,0.6555085778236389,0.49891889095306396,0.25391044716040295,0.023926622544725735,0.012958468455407355,0.5941662192344666,0.15537797742419773,0.004278919788905316,0.00018257896752200194,0.76
2,192,periodic,sample_aware,6,0.3238198161125183,0.6555085778236389,0.49891889095306396,0.25137239032321507,0.02393136504623625,0.012817589669591851,0.582250091764662,0.15439287655883366,0.0038781805584828057,0.00013291603601020243,0.7586666666666667
2,193,periodic,sample_aware,6,0.3238198161125183,0.6555085778236389,0.49891889095306396,0.25241295496622723,0.024031055263347097,0.011759759961730905,0.5900677972369723,0.15566030310259926,0.003741717923225628,0.00016839471128251817,0.7653333333333333
2,194,periodic,sample_aware,6,0.3238198161125183,0.6555085778236389,0.49891889095306396,0.25086966653664905,0.023660283328758344,0.011252074709369076,0.5847885873582628,0.15569210052490234,0.0034119427566313082,0.0001607525110658672,0.7646666666666667
2,195,periodic,sample_aware,6,0.3238198161125183,0.6555085778236389,0.49891889095306396,0.2621903551949395,0.024302256604035694,0.024180988884634443,0.5821135375234816,0.15351679921150208,0.003775829423425926,0.00018207849158595005,0.77
2,196,periodic,sample_aware,6,0.3238198161125183,0.6555085778236389,0.49891889095306396,0.26918232440948486,0.02475543154610528,0.024987090585960284,0.6000801655981276,0.15655272371239132,0.0055272371715141665,0.00023089564638212323,0.7653333333333333
2,197,periodic,sample_aware,6,0.3238198161125183,0.6555085778236389,0.49891889095306396,0.2660699254936642,0.02425601105723116,0.021412978569666546,0.6024912264611986,0.15719126330481636,0.0057202607082823915,0.00020082498667761683,0.7666666666666667
2,198,periodic,sample_aware,6,0.3238198161125183,0.6555085778236389,0.49891889095306396,0.26565377910931903,0.023624903832872707,0.019249389155043498,0.6044316556718614,0.15967427525255415,0.005117874126881361,0.00020620853562528887,0.766
2,199,periodic,sample_aware,6,0.3238198161125183,0.6555085778236389,0.49891889095306396,0.26669272118144566,0.025402526267700724,0.020009840942091413,0.5979575647248162,0.15898176696565416,0.004828636068850756,0.0001770152917338742,0.7593333333333333
2,200,periodic,sample_aware,6,0.3238198161125183,0.6555085778236389,0.49891889095306396,0.2654127909077538,0.02466085573865308,0.018094195363422234,0.5965962542427911,0.16018917659918466,0.005416699529935916,0.00020117487939488556,0.7653333333333333
3,1,periodic,sample_aware,5,0.32724565267562866,0.6577314138412476,0.500144898891449,2.39106293519338,1.1539024247063532,0.6160236029012999,2.9546316464742026,0.16943412025769553,0.3006877832942539,0.011791366307685772,0.5635
3,2,periodic,sample_aware,5,0.32724565267562866,0.6577314138412476,0.500144898891449,1.5350982083214655,0.8249679936303033,0.18718295130464765,2.969415479236179,0.16499679452843136,0.11766072776582506,0.004357084735400147,0.5765
3,3,periodic,sample_aware,5,0.32724565267562866,0.6577314138412476,0.500144898891449,1.1729711956448026,0.6029020415412055,0.10239934921264648,2.8337981435987682,0.15984273784690434,0.04708888712856504,0.0018055113549861643,0.5895
3,4,periodic,sample_aware,5,0.32724565267562866,0.6577314138412476,0.500144898891449,0.9689642389615377,0.4664335714446174,0.06855942474471198,2.636121882332696,0.15863286289903852,0.022522903771864042,0.0009294432497376369,0.5975
3,5,periodic,sample_aware,5,0.32724565267562866,0.6577314138412476,0.500144898891449,0.8356868492232429,0.37635677721765304,0.04947414042221175,2.4559759034050836,0.15798171195718977,0.01203935800327195,0.0005138983510227667,0.6125
3,6,periodic,sample_aware,5,0.32724565267562866,0.6577314138412476,0.500144898891449,0.7561739087104797,0.3182399968306224,0.042731236666440964,2.3715941111246743,0.1542910850710339,0.007174312292287747,0.00033006542232922383,0.615
3,7,periodic,sample_aware,5,0.32724565267562866,0.6577314138412476,0.500144898891449,0.6918244163195292,0.26988959478007424,0.03613642851511637,2.2872818575965033,0.1544313198990292,0.00502392313339644,0.0002538720016471214,0.626
3,8,periodic,sample_aware,5,0.32724565267562866,0.6577314138412476,0.500144898891449,0.648069315486484,0.23816566997104222,0.032884081825613976,2.224233759774102,0.1524508131874932,0.004081656820037299,0.00020906555518094037,0.6345
3,9,periodic,sample_aware,5,0.32724565267562866,0.6577314138412476,0.500144898891449,0.6084371407826742,0.20937136146757337,0.031454426132970385,2.14503370390998,0.15115579962730408,0.003700313442904088,0.00020406210872655114,0.6465
3,10,periodic,sample_aware,5,0.32724565267562866,0.6577314138412476,0.500144898891449,0.5805943144692315,0.19138764176103804,0.029178893607523706,2.0792780452304416,0.15026157597700754,0.0034743909620576436,0.00020242781223108372,0.6515
3,11,periodic,sample_aware,5,0.32724565267562866,0.6577314138412476,0.500144898891449,0.5480717221895853,0.17178256313006082,0.02743235809935464,2.0096437798606024,0.14608489639229244,0.0034372475412156847,0.00017781618387541838,0.6605
3,12,periodic,sample_aware,5,0.32724565267562866,0.6577314138412476,0.500144898891449,0.5334031913015578,0.15660949051380157,0.026878695521089766,1.9798652860853407,0.1501753114991718,0.00331822883648177,0.0001881049312133756,0.6605
3,13,periodic,sample_aware,5,0.32724565267562866,0.6577314138412476,0.500144898891449,0.5152062012089623,0.14505922545989355,0.027433448367648654,1.9220335616005793,0.148754412929217,0.0033294747376607526,0.00018202809668663476,0.6725
3,14,periodic,sample_aware,5,0.32724565267562866,0.6577314138412476,0.500144898891449,0.5020453102058835,0.1354100008805593,0.025264369944731396,1.873193211025662,0.15239105621973673,0.0031534378002915117,0.00016765674162242148,0.676
3,15,periodic,sample_aware,5,0.32724565267562866,0.6577314138412476,0.500144898891449,0.4756101800335778,0.12301948914925258,0.023795369391640026,1.8284698857201471,0.14425271418359545,0.0032231094470868507,0.00016814093234845332,0.683
3,16,periodic,sample_aware,5,0.32724565267562866,0.6577314138412476,0.500144898891449,0.47113697396384346,0.11789494090610081,0.02500183218055301,1.7885908020867243,0.14770247373316023,0.0031811940328528485,0.00017608510744240548,0.6865
3,17,periodic,sample_aware,5,0.32724565267562866,0.6577314138412476,0.500144898891449,0.45349348584810895,0.10763071642981635,0.024968126995695963,1.7475642363230388,0.14449112282858956,0.0031218635073552528,0.00017234266528652774,0.689
3,18,periodic,sample_aware,5,0.32724565267562866,0.6577314138412476,0.500144898891449,0.44666343927383423,0.10396457794639799,0.023957822057935927,1.7165900203916762,0.14540019300248888,0.0031943064596917895,0.00016939215775993135,0.6915
3,19,periodic,sample_aware,5,0.32724565267562866,0.6577314138412476,0.500144898891449,0.4310115310880873,0.09762747171852323,0.02303746673795912,1.6762498617172241,0.1411032262775633,0.0030665893314613234,0.00017014835935292972,0.695
3,20,periodic,sample_aware,5,0.32724565267562866,0.6577314138412476,0.500144898891449,0.4212123188707564,0.09091488934225506,0.022736609189046755,1.641083386209276,0.1417347855038113,0.00327282318741911,0.00016256058329923285,0.696
3,21,periodic,sample_aware,5,0.32724565267562866,0.6577314138412476,0.500144898891449,0.4193087683783637,0.08933238767915302,0.0234748102310631,1.6174572043948703,0.14310317900445726,0.0031413359619263145,0.00016398945849181878,0.6945
3,22,periodic,sample_aware,5,0.32724565267562866,0.6577314138412476,0.500144898891449,0.41133182909753585,0.08336311909887525,0.024900791959630117,1.5875786013073392,0.14257680045233834,0.0032954960802776944,0.00017101565996805826,0.694
3,23,periodic,sample_aware,5,0.32724565267562866,0.6577314138412476,0.500144898891449,0.40222280224164325,0.08078210055828094,0.02307798278828462,1.5514804124832153,0.14161671532524955,0.0030369408583889403,0.00015897063227991262,0.704
3,24,periodic,sample_aware,5,0.32724565267562866,0.6577314138412476,0.500144898891449,0.3929131295945909,0.07535487827327517,0.021317379135224555,1.5320799085828993,0.14131068024370405,0.0032888219898773562,0.00015557944102005826,0.7035
3,25,periodic,sample_aware,5,0.32724565267562866,0.6577314138412476,0.500144898891449,0.38649897111786735,0.07193473478158315,0.021842993174990017,1.4950490527682834,0.14154035184118482,0.003207263976542486,0.00014470727182924747,0.707
3,26,periodic,sample_aware,5,0.32724565267562866,0.6577314138412476,0.500144898891449,0.3806162344084846,0.06996362987491819,0.02060687231520812,1.4674968984391954,0.14172734651300642,0.0029878538464092547,0.0001495156902819872,0.7035
3,27,periodic,sample_aware,5,0.32724565267562866,0.6577314138412476,0.500144898891449,0.3764440715312958,0.067398798548513,0.02014965522620413,1.4478447967105441,0.14255167543888092,0.0029714543424132797,0.00014746148372069,0.7045
3,28,periodic,sample_aware,5,0.32724565267562866,0.6577314138412476,0.500144898891449,0.3725517888863881,0.0659681579305066,0.02233031474881702,1.4085370434655085,0.141925315062205,0.0028158415678060716,0.00013274762831214402,0.7085
3,29,periodic,sample_aware,5,0.32724565267562866,0.6577314138412476,0.500144898891449,0.36207979255252415,0.062451975213156805,0.0216743399699529,1.3891822629504733,0.13736169040203094,0.003210182431050473,0.0001369385993004673,0.7045
3,30,periodic,sample_aware,5,0.32724565267562866,0.6577314138412476,0.500144898891449,0.36608657240867615,0.062102252824438944,0.020637461294730503,1.3828847540749445,0.14345300694306692,0.0030730183546741805,0.00013773041751442684,0.7105
3,31,periodic,sample_aware,5,0.32724565267562866,0.6577314138412476,0.500144898891449,0.3597838117016686,0.06086946982476446,0.020909496479564242,1.3529772758483887,0.14111217194133335,0.0030529154205901753,0.00013695026023520363,0.7075
3,32,periodic,sample_aware,5,0.32724565267562866,0.6577314138412476,0.500144898891449,0.35920676589012146,0.059332330193784505,0.023464254207081266,1.3377067380481296,0.14081333577632904,0.00351156384891106,0.00014077200062779916,0.711
3,33,periodic,sample_aware,5,0.32724565267562866,0.6577314138412476,0.500144898891449,0.35762910379303825,0.0569336898624897,0.023599247137705486,1.3248657517962985,0.14258602923817104,0.003884553314290113,0.00016256438619974587,0.7155
3,34,periodic,sample_aware,5,0.32724565267562866,0.6577314138412476,0.500144898891449,0.35132338603337604,0.05516779712504811,0.023116902344756655,1.2959484921561346,0.14155091179741752,0.0036397358764790827,0.00014609381064979566,0.714
3,35,periodic,sample_aware,5,0.32724565267562866,0.6577314138412476,0.500144898891449,0.3470776114198897,0.05480487272143364,0.024380193195409246,1.2710784673690796,0.13868732419278887,0.004036151364238726,0.0001585884989860157,0.712
3,36,periodic,sample_aware,5,0.32724565267562866,0.6577314138412476,0.500144898891449,0.3464757005373637,0.05245145410299301,0.022135628801253106,1.273095276620653,0.14233348104688856,0.004326225491240621,0.0001649908889602456,0.714
3,37,periodic,sample_aware,5,0.32724565267562866,0.6577314138412476,0.500144898891449,0.3444257444805569,0.05175402056839731,0.02254173407951991,1.2504229678048029,0.14284491539001465,0.004330950582193004,0.00015458647653253542,0.713
3,38,periodic,sample_aware,5,0.32724565267562866,0.6577314138412476,0.500144898891449,0.3431733316845364,0.05110112536284658,0.02405737340450287,1.227531909942627,0.14306299885114035,0.004253017172838251,0.00014426279813051224,0.718
3,39,periodic,sample_aware,5,0.32724565267562866,0.6577314138412476,0.500144898891449,0.33494804633988273,0.05039757448765966,0.022092169771591823,1.2064266602198284,0.13992433581087324,0.003640657135595878,0.00014193192408937548,0.7215
3,40,periodic,sample_aware,5,0.32724565267562866,0.6577314138412476,0.500144898891449,0.3282090557946099,0.048439337147606745,0.020709062616030376,1.1894247929255168,0.1382855491505729,0.0035373232741322783,0.00012791932870944342,0.716
3,41,periodic,sample_aware,6,0.2932264804840088,0.6655821800231934,0.4904346168041229,0.32882073521614075,0.048287436780002385,0.02296866559320026,1.1679732004801433,0.13894592225551605,0.0035010388948851162,0.00014173946369232403,0.722
3,42,periodic,sample_aware,6,0.2932264804840088,0.6655821800231934,0.4904346168041229,0.3220100733968947,0.04605760094192293,0.02076313893000285,1.1541504197650485,0.13775394360224405,0.003890880150720477,0.00014981844772895178,0.7255
3,43,periodic,sample_aware,6,0.2932264804840088,0.6655821800231934,0.4904346168041229,0.32434402571784127,0.046128351241350174,0.022449288103315566,1.1338011688656278,0.14034627709123823,0.003938281106659108,0.0001416959437645144,0.721
3,44,periodic,sample_aware,6,0.2932264804840088,0.6655821800231934,0.4904346168041229,0.3198467923535241,0.04455070487327046,0.02016580808493826,1.1201170417997572,0.14134043951829275,0.0034275306130035054,0.00012873898312035535,0.7175
3,45,periodic,sample_aware,6,0.2932264804840088,0.6655821800231934,0.4904346168041229,0.3191654251681434,0.04486999660730362,0.01934746073351966,1.1061599784427218,0.1426278336180581,0.003275060612294409,0.00013322605647974543,0.725
3,46,periodic,sample_aware,6,0.2932264804840088,0.6655821800231934,0.4904346168041229,0.31459126538700527,0.044508720023764506,0.020251432433724403,1.0908474789725409,0.13886985348330605,0.0036254674713644716,0.00012755366818358502,0.725
3,47,periodic,sample_aware,6,0.2932264804840088,0.6655821800231934,0.4904346168041229,0.3120386534267002,0.04278965542713801,0.020860976229111355,1.0730893346998427,0.13926118281152514,0.003508522692653868,0.0001272724475711584,0.7255
3,48,periodic,sample_aware,6,0.2932264804840088,0.6655821800231934,0.4904346168041229,0.3132709629005856,0.04223286939991845,0.022145924675795767,1.063126219643487,0.140512905187077,0.003994217220072945,0.0001390759975442456,0.7215
3,49,periodic,sample_aware,6,0.2932264804840088,0.6655821800231934,0.4904346168041229,0.3086136082808177,0.040682820396290884,0.02178379934695032,1.0572353998819988,0.13818921811050838,0.0043205866693622535,0.00014786922191787098,0.724
3,50,periodic,sample_aware,6,0.2932264804840088,0.6655821800231934,0.4904346168041229,0.3114120662212372,0.04154351601998011,0.021384865873389773,1.0527480178409152,0.1409638226032257,0.004348763678636815,0.0001413551185073124,0.728
3,51,periodic,sample_aware,6,0.2932264804840088,0.6655821800231934,0.4904346168041229,0.3054606583383348,0.040058333012792796,0.020151090083850756,1.0325581894980536,0.13998110426796806,0.0038949790565917888,0.00013364438200369477,0.723
3,52,periodic,sample_aware,6,0.2932264804840088,0.6655821800231934,0.4904346168041229,0.30552931626637775,0.04182057082653046,0.02020615753200319,1.0102498597568936,0.14066915048493278,0.0034939165020154584,0.00012299895752221346,0.723
3,53,periodic,sample_aware,6,0.2932264804840088,0.6655821800231934,0.4904346168041229,0.30780848529603744,0.0411036933461825,0.023747752731045086,1.008546445104811,0.1399426907300949,0.004180846218433645,0.00013854524715700082,0.7255
3,54,periodic,sample_aware,6,0.2932264804840088,0.6655821800231934,0.4904346168041229,0.3062427408165402,0.039459197885460325,0.025632068721784487,1.0019570920202467,0.13838963376151192,0.004977555014193058,0.00015470404307254485,0.7225
3,55,periodic,sample_aware,6,0.2932264804840088,0.6655821800231934,0.4904346168041229,0.3045334286159939,0.039911198533243604,0.02571071580880218,0.981317400932312,0.13799146148893568,0.005412693601101637,0.0001639399561099708,0.7295
3,56,periodic,sample_aware,6,0.2932264804840088,0.6655821800231934,0.4904346168041229,0.30492216017511153,0.038736862440903984,0.022180734616186883,0.9876296586460538,0.14267516798443264,0.004973921148727338,0.00015893499625639783,0.7285
3,57,periodic,sample_aware,6,0.2932264804840088,0.6655821800231934,0.4904346168041229,0.2925515075524648,0.03883414218823115,0.019863110242618456,0.9629588458273146,0.13529065582487318,0.004393887964801656,0.00014154507597494457,0.7235
3,58,periodic,sample_aware,6,0.2932264804840088,0.6655821800231934,0.4904346168041229,0.29556045929590863,0.037646591663360596,0.019613188380996387,0.9620520869890848,0.13997461398442587,0.004105461062863469,0.00013624175011904704,0.729
3,59,periodic,sample_aware,6,0.2932264804840088,0.6655821800231934,0.4904346168041229,0.29142676459418404,0.03714872234397464,0.02114735647208161,0.9415608247121176,0.1370058755079905,0.0038114876175920167,0.00012595981954493455,0.7275
3,60,periodic,sample_aware,6,0.2932264804840088,0.6655821800231934,0.4904346168041229,0.28814350565274555,0.036792687243885465,0.01895773410797119,0.9340934819645352,0.13708690139982435,0.0036670526541355583,0.0001266144940422641,0.7305
3,61,periodic,sample_aware,6,0.2932264804840088,0.6655821800231934,0.4904346168041229,0.2880243957042694,0.036946421282158956,0.016944071071015462,0.9187271926138136,0.1405706289741728,0.0032626998403833974,0.00011839023015151422,0.7265
3,62,periodic,sample_aware,6,0.2932264804840088,0.6655821800231934,0.4904346168041229,0.28439582387606305,0.03603710565302107,0.016031590497328177,0.924699432320065,0.1383041756020652,0.0029880330483946535,0.0001179996114741597,0.729
3,63,periodic,sample_aware,6,0.2932264804840088,0.6655821800231934,0.4904346168041229,0.28540079130066764,0.03692480673392614,0.016543125319812033,0.909549766116672,0.13928822510772282,0.0032479175004280275,0.0001314131788805955,0.7265
3,64,periodic,sample_aware,6,0.2932264804840088,0.6655821800231934,0.4904346168041229,0.28186889158354866,0.035191142103738256,0.016497577954497602,0.8906317551930746,0.13943532937102848,0.0032287208984295526,0.00013461006650080284,0.727
3,65,periodic,sample_aware,6,0.2932264804840088,0.6655821800231934,0.4904346168041229,0.28947632180319893,0.03600390089882745,0.022652745867768925,0.8866923981242709,0.1405030240615209,0.0031740876535574594,0.00012072995822462771,0.7245
3,66,periodic,sample_aware,6,0.2932264804840088,0.6655821800231934,0.4904346168041229,0.2966531813144684,0.03600903683238559,0.031661399743623204,0.8806656996409098,0.1385338091188007,0.0046012366138812565,0.0001634910715640419,0.7305
3,67,periodic,sample_aware,6,0.2932264804840088,0.6655821800231934,0.4904346168041229,0.2942161560058594,0.0352030603422059,0.027241971757676866,0.8862299389309354,0.14059050877888998,0.004936380984468592,0.00017885196333130202,0.7265
3,68,periodic,sample_aware,6,0.2932264804840088,0.6655821800231934,0.4904346168041229,0.29127513368924457,0.03437091803385152,0.0286167584773567,0.8822186258104112,0.13709581560558742,0.005764476541015837,0.00017508493167244725,0.7255
3,69,periodic,sample_aware,6,0.2932264804840088,0.6655821800231934,0.4904346168041229,0.29281680120362175,0.034719112432665296,0.026865013357665803,0.8752471605936686,0.14050424264536965,0.006206253026094701,0.0002011763669239978,0.7315
3,70,periodic,sample_aware,6,0.2932264804840088,0.6655821800231934,0.4904346168041229,0.28702251116434735,0.03381262098749479,0.026698859615458384,0.8572085565990872,0.13779086536831325,0.005811473716878229,0.00018714072777786187,0.724
3,71,periodic,sample_aware,6,0.2932264804840088,0.6655821800231934,0.4904346168041229,0.2858816550837623,0.03487223842077785,0.02623763887418641,0.843653314643436,0.13740284078651005,0.005821442283276055,0.00018576569467162093,0.7345
3,72,periodic,sample_aware,6,0.2932264804840088,0.6655821800231934,0.4904346168041229,0.2890925407409668,0.033450838178396225,0.02670376126964887,0.8549537327554491,0.14044472575187683,0.005812530664520131,0.00018313916451815102,0.7335
3,73,periodic,sample_aware,6,0.2932264804840088,0.6655821800231934,0.4904346168041229,0.28168191181288826,0.03282279604011112,0.023444344393081136,0.8407968613836501,0.13848598963684505,0.005531059836761819,0.00016712111472669576,0.729
3,74,periodic,sample_aware,6,0.2932264804840088,0.6655821800231934,0.4904346168041229,0.27679182754622567,0.03316102301081022,0.023317847814824846,0.8239774571524726,0.13514160447650486,0.005373648678263028,0.00017355560299216045,0.731
3,75,periodic,sample_aware,6,0.2932264804840088,0.6655821800231934,0.4904346168041229,0.2724826004770067,0.0326228030025959,0.01986309513449669,0.8167890508969625,0.1357950054936939,0.004888612983955277,0.00015695470048942498,0.731
3,76,periodic,sample_aware,6,0.2932264804840088,0.6655821800231934,0.4904346168041229,0.2718714773654938,0.03283065764440431,0.01782833867602878,0.8186531000667148,0.13724540339575875,0.004066919649226798,0.00013661823726983534,0.728
3,77,periodic,sample_aware,6,0.2932264804840088,0.6655821800231934,0.4904346168041229,0.27675435940424603,0.032702953865130745,0.018391272467043664,0.8145712614059448,0.14215344190597534,0.003976508276537061,0.00012261800778408846,0.7355
3,78,periodic,sample_aware,6,0.2932264804840088,0.6655821800231934,0.4904346168041229,0.26880085799429154,0.031282204720709056,0.017191363498568535,0.8006023367245992,0.13830928835603926,0.003789421688351366,0.00012611292509569062,0.736
3,79,periodic,sample_aware,6,0.2932264804840088,0.6655821800231934,0.4904346168041229,0.2665927807490031,0.03123379188279311,0.01576058463089996,0.7956223554081387,0.13816394408543906,0.003615214049609171,0.00012924185203802254,0.7315
3,80,periodic,sample_aware,6,0.2932264804840088,0.6655821800231934,0.4904346168041229,0.26828820175594753,0.030859716650512483,0.0152806563095914,0.8035435146755643,0.1400227298339208,0.0034329668722218936,0.00010851979540247057,0.729
3,81,periodic,sample_aware,7,0.27741608023643494,0.667865514755249,0.4836715757846832,0.2679518428113725,0.03187036928203371,0.018222162086102698,0.7828672726949056,0.1377403951353497,0.0035424743158121905,0.0001219008376614915,0.7355
3,82,periodic,sample_aware,7,0.27741608023643494,0.667865514755249,0.4836715757846832,0.2679011623064677,0.030719284382131364,0.018064351752400398,0.7908410694864061,0.13823647134833866,0.003475384941945473,0.00011850810066486399,0.7345
3,83,periodic,sample_aware,7,0.27741608023643494,0.667865514755249,0.4836715757846832,0.26460565129915875,0.03073382584585084,0.018788229260179732,0.7793318099445767,0.13524150848388672,0.003691178099769685,0.00012663784178180827,0.733
3,84,periodic,sample_aware,7,0.27741608023643494,0.667865514755249,0.4836715757846832,0.26235261890623307,0.029786853533652093,0.017954600354035694,0.7661919196446737,0.1360598322418001,0.003734810640000635,0.00012946926936921146,0.7315
3,85,periodic,sample_aware,7,0.27741608023643494,0.667865514755249,0.4836715757846832,0.26651475495762295,0.03040715100036727,0.018088894792728953,0.7728447649214003,0.13881263633569083,0.003715202988435825,0.00012798529092429412,0.7345
3,86,periodic,sample_aware,7,0.27741608023643494,0.667865514755249,0.4836715757846832,0.25674333175023395,0.029325504269864824,0.01604409971170955,0.7540957729021708,0.13415993087821537,0.0034943714789632293,0.0001140723211897744,0.7345
3,87,periodic,sample_aware,7,0.27741608023643494,0.667865514755249,0.4836715757846832,0.2608930534786648,0.029609682245386973,0.015255182050168514,0.7573296560181512,0.13853790362675986,0.0034051648755040434,0.00010947696217853163,0.7305
3,88,periodic,sample_aware,7,0.27741608023643494,0.667865514755249,0.4836715757846832,0.2602873543898265,0.0292999181482527,0.016689473142226536,0.7477026449309455,0.13785403635766771,0.0032378853453944125,0.00010943383676931262,0.7345
3,89,periodic,sample_aware,7,0.27741608023643494,0.667865514755249,0.4836715757846832,0.2603839205371009,0.028530626868208248,0.017160564247104857,0.75508580605189,0.13749081061946022,0.0032746473896420663,0.00011204068626587589,0.7345
3,90,periodic,sample_aware,7,0.27741608023643494,0.667865514755249,0.4836715757846832,0.2550586842828327,0.029623031409250364,0.016213461756706238,0.7417895462777879,0.13345463739501107,0.003067332785576582,0.0001098567995035814,0.7335
3,91,periodic,sample_aware,7,0.27741608023643494,0.667865514755249,0.4836715757846832,0.25500305162535775,0.028501219840513334,0.014816694375541475,0.736627009179857,0.13642367886172402,0.0030948007479310036,0.00010270640874902408,0.7345
3,92,periodic,sample_aware,7,0.27741608023643494,0.667865514755249,0.4836715757846832,0.25367555684513515,0.028180357896619372,0.015563824731442664,0.7293311158816019,0.13538631962405312,0.0031208188997374642,0.00010307386724485291,0.7345
3,93,periodic,sample_aware,7,0.27741608023643494,0.667865514755249,0.4836715757846832,0.25810077289740246,0.02945841641889678,0.018983527397116024,0.7245447768105401,0.1352759599685669,0.0037288442512767184,0.00012792838970199227,0.733
3,94,periodic,sample_aware,7,0.27741608023643494,0.667865514755249,0.4836715757846832,0.26153262290689683,0.028776633656687207,0.018567120966811974,0.7278484635882907,0.1391433427731196,0.004383963351655338,0.00013738862859706083,0.7335
3,95,periodic,sample_aware,7,0.27741608023643494,0.667865514755249,0.4836715757846832,0.2661764952871535,0.02861998188826773,0.023316280502412055,0.7247044311629401,0.13924448523256513,0.0048833781232436495,0.0001672390240451528,0.733
3,96,periodic,sample_aware,7,0.27741608023643494,0.667865514755249,0.4836715757846832,0.26436267296473187,0.028027785734997854,0.02092758607533243,0.731139169798957,0.13978186912006801,0.004856198767407073,0.00016683871702601513,0.7395
3,97,periodic,sample_aware,7,0.27741608023643494,0.667865514755249,0.4836715757846832,0.2601584593454997,0.02892725562883748,0.019064726101027593,0.7151036262512207,0.13796324696805742,0.005219912156462669,0.0001658142945315275,0.737
3,98,periodic,sample_aware,7,0.27741608023643494,0.667865514755249,0.4836715757846832,0.25968283745977616,0.02796467848949962,0.01842679621444808,0.7152060071627299,0.1390852000978258,0.005212471820414066,0.00015863769739452336,0.7285
3,99,periodic,sample_aware,7,0.27741608023643494,0.667865514755249,0.4836715757846832,0.2723633050918579,0.02860515399111642,0.030447109291950863,0.717472493648529,0.13855001164807212,0.005859894988437493,0.00016766658518463373,0.731
3,100,periodic,sample_aware,7,0.27741608023643494,0.667865514755249,0.4836715757846832,0.27898803022172713,0.02934988070693281,0.035789697534508176,0.721703310807546,0.13756639427608913,0.007990094522635141,0.00023337419325899746,0.727
3,101,periodic,sample_aware,7,0.27741608023643494,0.667865514755249,0.4836715757846832,0.2660823464393616,0.028120849281549454,0.027961229905486107,0.7030721373028226,0.13552757104237875,0.008094612405531935,0.00023635175441288285,0.734
3,102,periodic,sample_aware,7,0.27741608023643494,0.667865514755249,0.4836715757846832,0.2647485203213162,0.02797960386508041,0.024227217460672062,0.7107427186436124,0.13752952383624184,0.007629362452361319,0.00024642936962967116,0.735
3,103,periodic,sample_aware,7,0.27741608023643494,0.667865514755249,0.4836715757846832,0.26210242840978837,0.028150440711114142,0.025579298122061625,0.6955926285849677,0.1349352647860845,0.007503644718478124,0.0002526771600565149,0.735
3,104,periodic,sample_aware,7,0.27741608023643494,0.667865514755249,0.4836715757846832,0.26751111613379586,0.028132129253612623,0.028164648554391332,0.6957690980699327,0.137456766433186,0.008105670878042778,0.00025563850067555904,0.7315
3,105,periodic,sample_aware,7,0.27741608023643494,0.667865514755249,0.4836715757846832,0.2620634304152595,0.027648606441087194,0.027542120466629665,0.6911650233798556,0.1338876916302575,0.007484284488277303,0.00025272568584316305,0.738
3,106,periodic,sample_aware,7,0.27741608023643494,0.667865514755249,0.4836715757846832,0.27253475454118514,0.027683036401867867,0.03342560864984989,0.7003262572818332,0.13715283572673798,0.008222175813797448,0.0002591279076619281,0.7305
3,107,periodic,sample_aware,7,0.27741608023643494,0.667865514755249,0.4836715757846832,0.2654842899905311,0.02790880762040615,0.02986192103061411,0.6880742841296725,0.13442359864711761,0.008698030995825926,0.0002670221211802628,0.735
3,108,periodic,sample_aware,7,0.27741608023643494,0.667865514755249,0.4836715757846832,0.2661217186186049,0.026969095278117392,0.025089032120174833,0.6944235364596049,0.14006986055109236,0.008845362605320083,0.00025741019312085374,0.7335
3,109,periodic,sample_aware,7,0.27741608023643494,0.667865514755249,0.4836715757846832,0.2603752050134871,0.02769994114836057,0.022339451023273997,0.6969183617168002,0.13628756172127193,0.008438588378743993,0.000274239431342317,0.7365
3,110,periodic,sample_aware,7,0.27741608023643494,0.667865514755249,0.4836715757846832,0.25779241654607987,0.02627356309029791,0.020225024471680324,0.6811413897408379,0.13947414855162302,0.007180444171859158,0.00023062914584038986,0.7345
3,111,periodic,sample_aware,7,0.27741608023643494,0.667865514755249,0.4836715757846832,0.2539784063895543,0.026493512300981417,0.018037438082198303,0.6800279352400038,0.13795097006691825,0.006766989930636353,0.0002204012255080872,0.7355
3,112,periodic,sample_aware,7,0.27741608023643494,0.667865514755249,0.4836715757846832,0.25352079504066044,0.025782136453522578,0.017681729255451098,0.6748433576689826,0.13952589531739554,0.005898580006841157,0.000194808688118226,0.74
3,113,periodic,sample_aware,7,0.27741608023643494,0.667865514755249,0.4836715757846832,0.24759869939751095,0.026064050901267264,0.016812873176402517,0.6715848114755418,0.13513055278195274,0.00470977286911673,0.0001556998791380061,0.735
3,114,periodic,sample_aware,7,0.27741608023643494,0.667865514755249,0.4836715757846832,0.24872376190291512,0.025285746074385114,0.015155195879439512,0.6732620464430915,0.13838376104831696,0.0049908037504388224,0.0001549087400134239,0.737
3,115,periodic,sample_aware,7,0.27741608023643494,0.667865514755249,0.4836715757846832,0.2434710661570231,0.024702522075838514,0.014290062089761099,0.6577939324908786,0.13644551071855757,0.004364637114728491,0.00014251699515928826,0.733
3,116,periodic,sample_aware,7,0.27741608023643494,0.667865514755249,0.4836715757846832,0.245981118745274,0.025181001259220973,0.015415420445303122,0.661531945069631,0.1371134188440111,0.004094127255181472,0.00014203051493192712,0.7345
3,117,periodic,sample_aware,7,0.27741608023643494,0.667865514755249,0.4836715757846832,0.24648143019941118,0.025494564324617386,0.015901223342451785,0.6540118720796373,0.13763017455736795,0.003970292319233219,0.00013827522828554115,0.7345
3,118,periodic,sample_aware,7,0.27741608023643494,0.667865514755249,0.4836715757846832,0.2461562239461475,0.025082212976283498,0.016862876402835052,0.6483811007605659,0.13732544581095377,0.003957649822243386,0.00013749947538599372,0.734
3,119,periodic,sample_aware,7,0.27741608023643494,0.667865514755249,0.4836715757846832,0.24628866215546927,0.0255529565943612,0.01751024162189828,0.642746819390191,0.1368372854259279,0.004082453592369954,0.000144541063087268,0.734
3,120,periodic,sample_aware,7,0.27741608023643494,0.667865514755249,0.4836715757846832,0.24854684207174513,0.026052729744050238,0.017322448910110526,0.6475596560372247,0.13798287510871887,0.004694752964294619,0.0001708838066810535,0.742
3,121,periodic,sample_aware,8,0.27085021138191223,0.6679182052612305,0.4796447455883026,0.24303374025556776,0.024727501389053132,0.016958497775097687,0.6505923602316115,0.13405747214953104,0.004311893368139863,0.00015016914888595542,0.7345
3,122,periodic,sample_aware,8,0.27085021138191223,0.6679182052612305,0.4796447455883026,0.2426641583442688,0.024928554478618834,0.016836674159599677,0.6412384774949815,0.13465960158242118,0.004097270934532086,0.0001336817836595906,0.7395
3,123,periodic,sample_aware,8,0.27085021138191223,0.6679182052612305,0.4796447455883026,0.2431090341673957,0.024615248044331867,0.015149015312393507,0.6354907949765524,0.13792209327220917,0.0036194719788100985,0.00012772165549298128,0.7395
3,124,periodic,sample_aware,8,0.27085021138191223,0.6679182052612305,0.4796447455883026,0.24440641038947636,0.02502636570069525,0.01595036478506194,0.637316107749939,0.13791016240914664,0.0034583299420773983,0.00011748487466118402,0.7375
3,125,periodic,sample_aware,8,0.27085021138191223,0.6679182052612305,0.4796447455883026,0.25579508807924056,0.025269714701506827,0.025452749596701726,0.6454039083586799,0.13816314935684204,0.004583991701818175,0.0001541676142046021,0.733
3,126,periodic,sample_aware,8,0.27085021138191223,0.6679182052612305,0.4796447455883026,0.25098613401254016,0.025364078374372587,0.02230117842555046,0.6397551165686713,0.13650417824586233,0.005482551227841113,0.00019981228332552646,0.7405
3,127,periodic,sample_aware,8,0.27085021138191223,0.6679182052612305,0.4796447455883026,0.24594785273075104,0.024791587558057573,0.02147657920916875,0.6338233682844374,0.1335861070288552,0.005232437306808101,0.00019004633779534034,0.7375
3,128,periodic,sample_aware,8,0.27085021138191223,0.6679182052612305,0.4796447455883026,0.24631129867500728,0.024062215867969725,0.017538935566941898,0.6351991891860962,0.1387680090135998,0.0046722901622868246,0.000172150489460263,0.743
3,129,periodic,sample_aware,8,0.27085021138191223,0.6679182052612305,0.4796447455883026,0.24170991447236803,0.02525318620933427,0.01577086156855027,0.6267013483577304,0.13570207522975075,0.004471968342032697,0.0001553466103764044,0.739
3,130,periodic,sample_aware,8,0.27085021138191223,0.6679182052612305,0.4796447455883026,0.24390465848975712,0.02384249907400873,0.01628248341795471,0.6340812510914273,0.13802840477890438,0.004529655497107241,0.00015663124698524675,0.741
3,131,periodic,sample_aware,8,0.27085021138191223,0.6679182052612305,0.4796447455883026,0.2435843994220098,0.024384340685274866,0.016609838749799464,0.6242233448558383,0.137921209136645,0.004341392312198877,0.00015195406740531325,0.7415
3,132,periodic,sample_aware,8,0.27085021138191223,0.6679182052612305,0.4796447455883026,0.24438633686966366,0.02432429190311167,0.019558697938919067,0.6191604865921868,0.1365104681915707,0.004017348064937525,0.0001363112241961062,0.7395
3,133,periodic,sample_aware,8,0.27085021138191223,0.6679182052612305,0.4796447455883026,0.25970709323883057,0.024111323058605194,0.03157208032078213,0.6263279385036893,0.13861233492692313,0.005368477018136118,0.00018864700622442696,0.7345
3,134,periodic,sample_aware,8,0.27085021138191223,0.6679182052612305,0.4796447455883026,0.25786248842875165,0.024934130617313914,0.03071459982958105,0.6272790630658468,0.13651288714673784,0.005757745200147231,0.00018816403785927428,0.7435
3,135,periodic,sample_aware,8,0.27085021138191223,0.6679182052612305,0.4796447455883026,0.25044983790980446,0.024091932094759412,0.026223235867089696,0.6266015238232083,0.1342711200316747,0.006212183481289281,0.0001946122501976788,0.7365
3,136,periodic,sample_aware,8,0.27085021138191223,0.6679182052612305,0.4796447455883026,0.2529671291510264,0.024587698901693027,0.025351576921012666,0.6290321615007188,0.13694323930475447,0.006184280643032657,0.00017851009033620358,0.737
3,137,periodic,sample_aware,8,0.27085021138191223,0.6679182052612305,0.4796447455883026,0.252011227938864,0.02447896595630381,0.025586761120292876,0.6234802934858534,0.13683706521987915,0.00535615911293361,0.00016465353029262688,0.741
3,138,periodic,sample_aware,8,0.27085021138191223,0.6679182052612305,0.4796447455883026,0.24902719424830544,0.02371099777519703,0.025489875425895054,0.624250332514445,0.13449185258812374,0.00565623233301772,0.00016263572938947214,0.7415
3,139,periodic,sample_aware,8,0.27085021138191223,0.6679182052612305,0.4796447455883026,0.25483862559000653,0.02378016110095713,0.027002340803543728,0.6223970386717055,0.13901455369260576,0.005434845315499438,0.0001688932728332778,0.7425
3,140,periodic,sample_aware,8,0.27085021138191223,0.6679182052612305,0.4796447455883026,0.24573280413945517,0.02373540836075942,0.024314706317252584,0.6137117014990913,0.1334280123313268,0.00558816734701395,0.00017884193221107125,0.731
3,141,periodic,sample_aware,8,0.27085021138191223,0.6679182052612305,0.4796447455883026,0.24876823193497127,0.02426903425819344,0.024384396978550486,0.6125715970993042,0.13598117894596523,0.005570968561288383,0.00018195069990017347,0.7415
3,142,periodic,sample_aware,8,0.27085021138191223,0.6679182052612305,0.4796447455883026,0.24452089269955954,0.023638698168926768,0.021066690070761576,0.6086960567368401,0.13599416116873422,0.005702007768882645,0.00020146048498443433,0.741
3,143,periodic,sample_aware,8,0.27085021138191223,0.6679182052612305,0.4796447455883026,0.24415251115957895,0.02363022147781319,0.021053707641032007,0.5988899138238695,0.13678779701391855,0.005405601217514939,0.00017798753429411186,0.7445
3,144,periodic,sample_aware,8,0.27085021138191223,0.6679182052612305,0.4796447455883026,0.24720429877440134,0.023524914764695697,0.02131630428549316,0.613164120250278,0.13831941286722818,0.0052809892739686705,0.00017351976000807353,0.74
3,145,periodic,sample_aware,8,0.27085021138191223,0.6679182052612305,0.4796447455883026,0.24435195492373574,0.023081694833106466,0.019476097491052415,0.6074316766526964,0.13853701949119568,0.004859958568380939,0.00016798687607256902,0.739
3,146,periodic,sample_aware,8,0.27085021138191223,0.6679182052612305,0.4796447455883026,0.24403207997481027,0.023459584555692144,0.023178013662497204,0.5995654397540622,0.13444277975294325,0.005783402205755313,0.00020691209809026786,0.747
3,147,periodic,sample_aware,8,0.27085021138191223,0.6679182052612305,0.4796447455883026,0.2389849540260103,0.022798989795976214,0.01672521647479799,0.6057368450694613,0.13609238962332407,0.00541995693412092,0.00016938978418086967,0.741
3,148,periodic,sample_aware,8,0.27085021138191223,0.6679182052612305,0.4796447455883026,0.23486118680900997,0.022635450586676598,0.015304155130353238,0.5989392002423605,0.13463746342394087,0.004632326929519574,0.0001480632733243207,0.743
3,149,periodic,sample_aware,8,0.27085021138191223,0.6679182052612305,0.4796447455883026,0.23760550883081225,0.022826726651853986,0.016942565846774314,0.5945614443884956,0.13618439767095777,0.004246184473029441,0.0001451604249369767,0.7385
3,150,periodic,sample_aware,8,0.27085021138191223,0.6679182052612305,0.4796447455883026,0.23604494995541042,0.021882657375600603,0.014761185066567527,0.5922618707021078,0.13819296326902178,0.0038293086561477846,0.00013460637354809378,0.741
3,151,periodic,sample_aware,8,0.27085021138191223,0.6679182052612305,0.4796447455883026,0.23898490932252672,0.022306678195794422,0.015151270147826936,0.5975774857732985,0.13975579705503252,0.003901868851648437,0.00012496298748171993,0.7465
3,152,periodic,sample_aware,8,0.27085021138191223,0.6679182052612305,0.4796447455883026,0.23277832567691803,0.022588226323326428,0.014254778002699217,0.5925280385547214,0.13474807971053654,0.003757430369862252,0.0001114421110186312,0.737
3,153,periodic,sample_aware,8,0.27085021138191223,0.6679182052612305,0.4796447455883026,0.2386738525496589,0.022806870233681466,0.01962698996067047,0.5903627011511061,0.13529398209518856,0.0037067030142578813,0.00011278278220237957,0.7455
3,154,periodic,sample_aware,8,0.27085021138191223,0.6679182052612305,0.4796447455883026,0.23966184258460999,0.021951824219690427,0.02041784715321329,0.5920184784465365,0.13617879649003348,0.0036980737414624956,0.00012498098011646006,0.7375
3,155,periodic,sample_aware,8,0.27085021138191223,0.6679182052612305,0.4796447455883026,0.23850062655078041,0.022171494447522692,0.02057162548104922,0.5870688822534349,0.13491282032595742,0.004138977913599875,0.00013661376174746288,0.7405
3,156,periodic,sample_aware,8,0.27085021138191223,0.6679182052612305,0.4796447455883026,0.235313238369094,0.021765956034262974,0.016775892530050542,0.5891418390803866,0.13568764262729222,0.0042128484282228686,0.00012628124224849872,0.7405
3,157,periodic,sample_aware,8,0.27085021138191223,0.6679182052612305,0.4796447455883026,0.23313162558608586,0.02269660991926988,0.015303363506164815,0.5821254120932685,0.13479355143176186,0.004126024432480335,0.00012509736956821548,0.7415
3,158,periodic,sample_aware,8,0.27085021138191223,0.6679182052612305,0.4796447455883026,0.2375582887066735,0.02215578220784664,0.01742326095700264,0.5837592283884684,0.13749007715119255,0.004098578252726131,0.0001279064130762385,0.7405
3,159,periodic,sample_aware,8,0.27085021138191223,0.6679182052612305,0.4796447455883026,0.23659593032466042,0.022056057014399104,0.020426248303718038,0.5800308850076463,0.13368971314695147,0.004681709998597701,0.00015993402727569142,0.7465
3,160,periodic,sample_aware,8,0.27085021138191223,0.6679182052612305,0.4796447455883026,0.23903975056277382,0.022416527486509748,0.018944789241585467,0.5847130881415473,0.13658604522546133,0.005075692354391019,0.00016646518553089764,0.7395
3,161,periodic,sample_aware,9,0.26760751008987427,0.6665429472923279,0.47706061601638794,0.2362059603134791,0.02209270517859194,0.018478374928236008,0.5740315119425455,0.1356873164574305,0.00492573394957516,0.00016309177994521128,0.7495
3,162,periodic,sample_aware,9,0.26760751008987427,0.6665429472923279,0.47706061601638794,0.235590860247612,0.021452109639843304,0.018786876669360533,0.5777419474389818,0.13524457977877724,0.004518520759625567,0.00014767545508220792,0.7435
3,163,periodic,sample_aware,9,0.26760751008987427,0.6665429472923279,0.47706061601638794,0.245370681087176,0.02204731624159548,0.021041129819220968,0.5830838547812568,0.14156321353382534,0.004676347753653924,0.0001449223556038406,0.7445
3,164,periodic,sample_aware,9,0.26760751008987427,0.6665429472923279,0.47706061601638794,0.2394427243206236,0.02178248494035668,0.022758201385537784,0.5772170027097067,0.13443945182694328,0.005316043738275766,0.00016572627161319056,0.7385
3,165,periodic,sample_aware,9,0.26760751008987427,0.6665429472923279,0.47706061601638794,0.2464548498392105,0.021649974087874096,0.027975499009092648,0.5799845920668708,0.1354953365193473,0.006457480136305094,0.00021368997275001474,0.7415
3,166,periodic,sample_aware,9,0.26760751008987427,0.6665429472923279,0.47706061601638794,0.2606879439618852,0.022877299330300756,0.03584269703262382,0.5963660875956217,0.13808544145690071,0.00823869447534283,0.0002530936552729044,0.7415
3,167,periodic,sample_aware,9,0.26760751008987427,0.6665429472923279,0.47706061601638794,0.25815632608201766,0.022321700842844114,0.034897276303834386,0.5908914804458618,0.13638353016641405,0.010616149753332138,0.00031319479846085113,0.743
3,168,periodic,sample_aware,9,0.26760751008987427,0.6665429472923279,0.47706061601638794,0.2536018838485082,0.021818916623791058,0.028104510572221544,0.5999850763214959,0.13813542326291403,0.010769961712261042,0.0003190872246503002,0.748
3,169,periodic,sample_aware,9,0.26760751008987427,0.6665429472923279,0.47706061601638794,0.24863033493359885,0.021640290195743244,0.028973015853100352,0.5791117946306864,0.13474982480208078,0.010415692917174764,0.0002963567320774827,0.7435
3,170,periodic,sample_aware,9,0.26760751008987427,0.6665429472923279,0.47706061601638794,0.24130050175719792,0.021281266171071265,0.021873909152216382,0.5814739598168267,0.13552858100997078,0.008695812068051763,0.0002428893349133432,0.742
3,171,periodic,sample_aware,9,0.26760751008987427,0.6665429472923279,0.47706061601638794,0.2439174469974306,0.021963369308246508,0.022441813515292272,0.5757446222835116,0.13767162296507093,0.00828805865926875,0.00024429323901939724,0.741
3,172,periodic,sample_aware,9,0.26760751008987427,0.6665429472923279,0.47706061601638794,0.2482438882191976,0.021267171949148178,0.031055558058950637,0.5754563742213779,0.13440075351132286,0.007690043912993537,0.00025948671261883445,0.7365
3,173,periodic,sample_aware,9,0.26760751008987427,0.6665429472923279,0.47706061601638794,0.24630744092994267,0.022230572998523712,0.026570339169767167,0.5730496512518989,0.13620111015107897,0.007732944252590339,0.00026796531811770465,0.7465
3,174,periodic,sample_aware,9,0.26760751008987427,0.6665429472923279,0.47706061601638794,0.24222625295321146,0.021745048463344574,0.026758255437016487,0.5680617094039917,0.13284266657299465,0.007889263642330965,0.000258960981025464,0.7405
3,175,periodic,sample_aware,9,0.26760751008987427,0.6665429472923279,0.47706061601638794,0.24611665474043953,0.02153774682018492,0.02748999185860157,0.5709085464477539,0.13626177774535286,0.007223970567186673,0.0002485871405547692,0.7405
3,176,periodic,sample_aware,9,0.26760751008987427,0.6665429472923279,0.47706061601638794,0.2419872002469169,0.02149585737950272,0.026999245087305706,0.5714506573147244,0.1325656059715483,0.007326456925107373,0.00023639404551229544,0.747
3,177,periodic,sample_aware,9,0.26760751008987427,0.6665429472923279,0.47706061601638794,0.25064392222298515,0.021749099302623007,0.030305581995182566,0.5742671887079874,0.13715445001920065,0.007768476071457068,0.00024767271113685437,0.751
3,178,periodic,sample_aware,9,0.26760751008987427,0.6665429472923279,0.47706061601638794,0.2559130887190501,0.021962078288197517,0.0375289014644093,0.5765993396441141,0.1345863938331604,0.008108762092888355,0.00024279579520225525,0.7395
3,179,periodic,sample_aware,9,0.26760751008987427,0.6665429472923279,0.47706061601638794,0.2524277733431922,0.021540584042668343,0.035074539896514684,0.5729385283258226,0.13386084967189366,0.009026376530528069,0.00028950884006917477,0.75
3,180,periodic,sample_aware,9,0.26760751008987427,0.6665429472923279,0.47706061601638794,0.2501875211795171,0.021310570960243542,0.03342657432787948,0.5713009105788337,0.13374882605340746,0.008866295373688141,0.00027661402580431767,0.741
3,181,periodic,sample_aware,9,0.26760751008987427,0.6665429472923279,0.47706061601638794,0.24590554502275255,0.021441208405627146,0.02785441672636403,0.5743633972273933,0.13499034444491068,0.008113230526861217,0.00025323367703499063,0.74
3,182,periodic,sample_aware,9,0.26760751008987427,0.6665429472923279,0.47706061601638794,0.2399452014101876,0.020925133178631466,0.024453801413377125,0.5631684528456794,0.13419260250197518,0.007862114088816775,0.0002515228309979041,0.743
3,183,periodic,sample_aware,9,0.26760751008987427,0.6665429472923279,0.47706061601638794,0.23200060923894247,0.020741429800788563,0.01968400614957015,0.5559164616796706,0.13260654442840153,0.006553003667957253,0.00020096736908372905,0.7525
3,184,periodic,sample_aware,9,0.26760751008987427,0.6665429472923279,0.47706061601638794,0.2340230362282859,0.020137538719508383,0.018705690486563578,0.5570720235506693,0.1364398052295049,0.005892274176908864,0.00017332335442511571,0.7465
3,185,periodic,sample_aware,9,0.26760751008987427,0.6665429472923279,0.47706061601638794,0.22991969188054404,0.019956772526105244,0.016356158898108535,0.5535694360733032,0.1355472356081009,0.005255471811526352,0.00014969222765001986,0.742
3,186,periodic,sample_aware,9,0.26760751008987427,0.6665429472923279,0.47706061601638794,0.22905110816160837,0.019828080303139158,0.017697868454787467,0.5546758969624838,0.13366768426365322,0.004639800948401292,0.00013996592153691582,0.744
3,187,periodic,sample_aware,9,0.26760751008987427,0.6665429472923279,0.47706061601638794,0.23283760911888546,0.02016946652697192,0.017418822791013453,0.5593854056464301,0.13711868888801998,0.004242715917320715,0.00014146670259328352,0.7475
3,188,periodic,sample_aware,9,0.26760751008987427,0.6665429472923279,0.47706061601638794,0.23048241602049935,0.02054262885616885,0.015754802773396175,0.5527734425332811,0.13665813704331717,0.004341132524940703,0.0001578695696985556,0.743
3,189,periodic,sample_aware,9,0.26760751008987427,0.6665429472923279,0.47706061601638794,0.22493908968236712,0.01986058863500754,0.015441677222649256,0.5437837971581353,0.13316848046249813,0.004031044275810321,0.0001488750114933484,0.749
3,190,periodic,sample_aware,9,0.26760751008987427,0.6665429472923279,0.47706061601638794,0.23244746857219273,0.019519565006097157,0.017135427022973698,0.5560494926240709,0.13833373453882006,0.0035760444847659934,0.00013154053724267415,0.748
3,191,periodic,sample_aware,9,0.26760751008987427,0.6665429472923279,0.47706061601638794,0.23210389580991533,0.02009440254833963,0.01802559196949005,0.5491644806332059,0.13694979747136435,0.00408186352190872,0.00015344500489946868,0.7445
3,192,periodic,sample_aware,9,0.26760751008987427,0.6665429472923279,0.47706061601638794,0.23069207039144304,0.020290746664007504,0.014990192217131456,0.5516244835323758,0.1382942878537708,0.0037689793906692,0.00013981855914203657,0.746
3,193,periodic,sample_aware,9,0.26760751008987427,0.6665429472923279,0.47706061601638794,0.23006898164749146,0.01965666686495145,0.01794897723529074,0.5531667338477241,0.13506652580367196,0.004007666113062037,0.000152606426531242,0.741
3,194,periodic,sample_aware,9,0.26760751008987427,0.6665429472923279,0.47706061601638794,0.2278179857465956,0.019941307190391753,0.015377869726055197,0.540761411190033,0.13643268413013881,0.003818831406533718,0.00016113215436538061,0.7495
3,195,periodic,sample_aware,9,0.26760751008987427,0.6665429472923279,0.47706061601638794,0.22284575468964046,0.019768707661165133,0.016164041745165985,0.5408623417218527,0.1309880663951238,0.003537275750810901,0.0001401339088463121,0.748
3,196,periodic,sample_aware,9,0.26760751008987427,0.6665429472923279,0.47706061601638794,0.2366413010491265,0.019594564826952085,0.02296584140923288,0.5532984667354159,0.13649282521671718,0.004368095865680112,0.0001483461496213244,0.746
3,197,periodic,sample_aware,9,0.26760751008987427,0.6665429472923279,0.47706061601638794,0.23484651413228777,0.020016353991296556,0.021429333007997937,0.5480521188841926,0.1359325928820504,0.005139896180480719,0.0001861506219332417,0.75
3,198,periodic,sample_aware,9,0.26760751008987427,0.6665429472923279,0.47706061601638794,0.22830143239763048,0.019595807004306052,0.017279332193235557,0.5490186280674405,0.13411095407274035,0.0046607867245458895,0.00016616793194164833,0.7455
3,199,periodic,sample_aware,9,0.26760751008987427,0.6665429472923279,0.47706061601638794,0.2362654192580117,0.020763720696171124,0.022600081128378708,0.5408137043317159,0.13644735680686104,0.004579866615434487,0.0001659132087499731,0.743
3,200,periodic,sample_aware,9,0.26760751008987427,0.6665429472923279,0.47706061601638794,0.23166553841696846,0.020186697236365743,0.019071496816145048,0.5454012023078071,0.13517693347401089,0.00521445781406429,0.00016611250531342294,0.744
4,1,periodic,sample_aware,9,0.26760751008987427,0.6665429472923279,0.4816484749317169,2.344961060418023,1.08258628182941,0.6791225652567745,2.656683603922526,0.15960501962237889,0.30281899207168156,0.01313875387940142,0.586
4,2,periodic,sample_aware,9,0.26760751008987427,0.6665429472923279,0.4816484749317169,1.5475428766674466,0.8541397518581815,0.2117018699645996,2.6087220509847007,0.155113794737392,0.12652221984333462,0.004908252998979555,0.6016
4,3,periodic,sample_aware,9,0.26760751008987427,0.6665429472923279,0.4816484749317169,1.1887353261311848,0.6712852583991157,0.10365504523118337,2.3595925172170005,0.15206027527650198,0.04962477626072036,0.001926098859661983,0.6048
4,4,periodic,sample_aware,9,0.26760751008987427,0.6665429472923279,0.4816484749317169,0.9975719849268595,0.5460174183050791,0.06803364886177911,2.20134703318278,0.15087351865238613,0.02410985632903046,0.0009155357191856536,0.6096
4,5,periodic,sample_aware,9,0.26760751008987427,0.6665429472923279,0.4816484749317169,0.8555083274841309,0.4438147909111447,0.05140555608603689,2.0868519412146673,0.145609512925148,0.011510069171587626,0.00047650823964633874,0.61
4,6,periodic,sample_aware,9,0.26760751008987427,0.6665429472923279,0.4816484749317169,0.766299221250746,0.37310781081517536,0.04165440135531955,2.008721258905199,0.1470322095685535,0.006988251581788063,0.00027709326887917187,0.6168
4,7,periodic,sample_aware,9,0.26760751008987427,0.6665429472923279,0.4816484749317169,0.711409310499827,0.32733047008514404,0.037712093028757304,1.9747613006167941,0.14656520055400002,0.004459800405634774,0.00019102614088397886,0.6256
4,8,periodic,sample_aware,9,0.26760751008987427,0.6665429472923279,0.4816484749317169,0.6605809066030714,0.2871392501725091,0.034280389133426875,1.9121666881773207,0.14626320865419176,0.00321916027718948,0.0001436080330879324,0.6236
4,9,periodic,sample_aware,9,0.26760751008987427,0.6665429472923279,0.4816484749317169,0.6185319556130303,0.25780461563004387,0.03213963078127967,1.8689319557613797,0.14016436868243748,0.002924743134321438,0.00013554532132628892,0.6288
4,10,periodic,sample_aware,9,0.26760751008987427,0.6665429472923279,0.4816484749317169,0.5851396123568217,0.2294566531976064,0.030253912632664044,1.832717564370897,0.14077971047825283,0.002629383027346598,0.00012580869952216744,0.6272
4,11,periodic,sample_aware,9,0.26760751008987427,0.6665429472923279,0.4816484749317169,0.5635157823562622,0.21085687975088754,0.028318203571769927,1.7880312866634793,0.14423274993896484,0.0024922878171006837,0.00011734047438949347,0.6292
4,12,periodic,sample_aware,9,0.26760751008987427,0.6665429472923279,0.4816484749317169,0.5321766071849399,0.19117913974655998,0.027873597625229094,1.743012891875373,0.13750825656784904,0.0025096239729060065,0.00011902304443841179,0.6316
4,13,periodic,sample_aware,9,0.26760751008987427,0.6665429472923279,0.4816484749317169,0.5156601601176791,0.17570460670524174,0.02822618724571334,1.712778992123074,0.1391566726896498,0.0024793961137119266,0.00011019414523616433,0.6328
4,14,periodic,sample_aware,9,0.26760751008987427,0.6665429472923279,0.4816484749317169,0.5015386839707693,0.1638372904724545,0.032986788286103144,1.6618275509940252,0.13716963430245718,0.0026037368612984815,0.0001206936043066283,0.6356
4,15,periodic,sample_aware,9,0.26760751008987427,0.6665429472923279,0.4816484749317169,0.48149755265977645,0.1510319858789444,0.027988861004511516,1.6275638606813219,0.1383504784769482,0.002621449814695451,0.0001182368917701145,0.6396
4,16,periodic,sample_aware,9,0.26760751008987427,0.6665429472923279,0.4816484749317169,0.472502417034573,0.13984952204757267,0.030102348369028833,1.6153928836186726,0.13951859871546426,0.002863206538475222,0.0001221020421427157,0.6396
4,17,periodic,sample_aware,9,0.26760751008987427,0.6665429472923279,0.4816484749317169,0.45621123909950256,0.1318093952205446,0.028181419811315007,1.5682646301057603,0.13800711101955837,0.0026623368935866486,0.00011134701263573434,0.6472
4,18,periodic,sample_aware,9,0.26760751008987427,0.6665429472923279,0.4816484749317169,0.44721950756178963,0.1244578253891733,0.02676562923524115,1.5496725771162245,0.13959001666969723,0.0027611549788465104,0.00011640816875216033,0.6476
4,19,periodic,sample_aware,9,0.26760751008987427,0.6665429472923279,0.4816484749317169,0.43116481105486554,0.11700232409768635,0.026000346367557842,1.514322665002611,0.13530629707707298,0.002736521807188789,0.00011062973256533344,0.6476
4,20,periodic,sample_aware,9,0.26760751008987427,0.6665429472923279,0.4816484749317169,0.4228817853662703,0.11235223213831584,0.02457242810891734,1.4938582844204373,0.13526772293779585,0.0024989094429959855,0.00010823735242916478,0.6532
4,21,periodic,sample_aware,9,0.26760751008987427,0.6665429472923279,0.4816484749317169,0.41038672791586983,0.10358590384324391,0.02392285793191857,1.4477048450046115,0.13675982256730398,0.002588855568319559,0.00010647619557049539,0.6572
4,22,periodic,sample_aware,9,0.26760751008987427,0.6665429472923279,0.4816484749317169,0.4023023115264045,0.09985043356815974,0.02323705827196439,1.4297580321629841,0.1348880347278383,0.002595273338051306,0.0001066832984280255,0.6612
4,23,periodic,sample_aware,9,0.26760751008987427,0.6665429472923279,0.4816484749317169,0.39540965689553154,0.09356257236666149,0.02460451279249456,1.4124389357037015,0.1346108482943641,0.002671727884767784,0.00010392952632779877,0.662
4,24,periodic,sample_aware,9,0.26760751008987427,0.6665429472923279,0.4816484749317169,0.3889429006311629,0.08955623375044929,0.025407892755336232,1.3906407091352675,0.13342421915796068,0.0028694663455502856,0.00011150816377873222,0.6612
4,25,periodic,sample_aware,9,0.26760751008987427,0.6665429472923279,0.4816484749317169,0.3845614227983687,0.08703675038284725,0.02338138408958912,1.3719542821248372,0.13545156518618265,0.002878914095668329,0.00011367683247145679,0.6668
4,26,periodic,sample_aware,9,0.26760751008987427,0.6665429472923279,0.4816484749317169,0.3748761713504791,0.08261658747990926,0.023470378377371363,1.3415521250830755,0.13312427368428972,0.0029068836010992527,0.00011253159674298432,0.664
4,27,periodic,sample_aware,9,0.26760751008987427,0.6665429472923279,0.4816484749317169,0.367745084895028,0.07964162280162175,0.023455224724279508,1.3129842148886786,0.13183331820699903,0.002925727024881376,0.00010728048315892617,0.6688
4,28,periodic,sample_aware,9,0.26760751008987427,0.6665429472923279,0.4816484749317169,0.3669455448786418,0.07429703987307018,0.0212670150730345,1.312773519092136,0.13876097235414717,0.002587299638738235,9.901540923035807e-05,0.6712
4,29,periodic,sample_aware,9,0.26760751008987427,0.6665429472923279,0.4816484749317169,0.35362564192877877,0.07313141143984264,0.02077494499584039,1.2692166434393988,0.13143104977077907,0.00262902087221543,0.00010411046160798933,0.6676
4,30,periodic,sample_aware,9,0.26760751008987427,0.6665429472923279,0.4816484749317169,0.35203618473476833,0.06951214621464412,0.020948091935780313,1.2586824364132352,0.13436201711495718,0.0025843596862008176,0.00010701364630626308,0.6716
4,31,periodic,sample_aware,9,0.26760751008987427,0.6665429472923279,0.4816484749317169,0.3438458674483829,0.0662791778643926,0.019700435921549797,1.2410831054051716,0.13246535095903608,0.002490369758258263,9.480511976612938e-05,0.6712
4,32,periodic,sample_aware,9,0.26760751008987427,0.6665429472923279,0.4816484749317169,0.3404826455646091,0.06581051482094659,0.019934015348553658,1.2203017208311293,0.13142304784721798,0.002472989054189788,9.680326588244902e-05,0.676
4,33,periodic,sample_aware,9,0.26760751008987427,0.6665429472923279,0.4816484749317169,0.3364037142859565,0.06204304637180434,0.019519169711404376,1.1880421373579237,0.13472958736949497,0.002519051337407695,9.633232063303392e-05,0.674
4,34,periodic,sample_aware,9,0.26760751008987427,0.6665429472923279,0.4816484749317169,0.32892997066179913,0.05933426817258199,0.020436828542086814,1.17805814743042,0.13002699034081566,0.002560005057603121,9.213136379710502e-05,0.6776
4,35,periodic,sample_aware,9,0.26760751008987427,0.6665429472923279,0.4816484749317169,0.3318180309401618,0.059271283033821315,0.019728268186251324,1.1698249975840251,0.1345243685775333,0.0025302415661927727,9.29901337561508e-05,0.6764
4,36,periodic,sample_aware,9,0.26760751008987427,0.6665429472923279,0.4816484749317169,0.3298174970679813,0.05716780531737539,0.021413418567842908,1.154176460372077,0.13451646268367767,0.0025133878354811007,9.092867063979308e-05,0.6768
4,37,periodic,sample_aware,9,0.26760751008987427,0.6665429472923279,0.4816484749317169,0.32494233383072746,0.05485205021169451,0.019162349816825654,1.1381103330188327,0.13578394883208805,0.0025708328208161723,9.507025566159023e-05,0.678
4,38,periodic,sample_aware,9,0.26760751008987427,0.6665429472923279,0.4816484749317169,0.3200131522284614,0.05307358379165331,0.020287670609023836,1.1131030321121216,0.13402717974450853,0.002538480821789967,9.03498730622232e-05,0.6816
4,39,periodic,sample_aware,9,0.26760751008987427,0.6665429472923279,0.4816484749317169,0.3177230225669013,0.05239320049683253,0.0215108214567105,1.103557335005866,0.13214994801415336,0.002528218707690636,9.84049984253943e-05,0.6812
4,40,periodic,sample_aware,9,0.26760751008987427,0.6665429472923279,0.4816484749317169,0.3189561400148604,0.0514355744752619,0.021834054340918858,1.0874344110488892,0.13538423346148598,0.0030113226320180628,0.0001063592369771666,0.6808
4,41,periodic,sample_aware,10,0.26416146755218506,0.6696436405181885,0.47279706597328186,0.31738533907466465,0.04831776188479529,0.02720560712946786,1.0768523348702326,0.13250978042682013,0.0032201428483757707,0.0001137825505187114,0.6844
4,42,periodic,sample_aware,10,0.26416146755218506,0.6696436405181885,0.47279706597328186,0.3118803732924991,0.04813831465111838,0.02263335490392314,1.0620228052139282,0.13303331699636248,0.003622740843436784,0.00012346281437203288,0.69
4,43,periodic,sample_aware,10,0.26416146755218506,0.6696436405181885,0.47279706597328186,0.3070112003220452,0.04711906073821916,0.02197194430563185,1.0424659252166748,0.13174461987283495,0.0037201279774308205,0.00013783717683206,0.6856
4,44,periodic,sample_aware,10,0.26416146755218506,0.6696436405181885,0.47279706597328186,0.30404941240946454,0.04600141404403581,0.01973313672675027,1.0241474972830877,0.1341671413845486,0.0033532766004403434,0.00011264007642037339,0.686
4,45,periodic,sample_aware,10,0.26416146755218506,0.6696436405181885,0.47279706597328186,0.2992575599087609,0.04503811978631549,0.021189300964275997,1.0178524984253778,0.12960918909973568,0.003170641682421168,0.00010075488050157826,0.6864
4,46,periodic,sample_aware,10,0.26416146755218506,0.6696436405181885,0.47279706597328186,0.2993987798690796,0.04463355574342939,0.021377737530403666,1.0060222347577412,0.13116025427977243,0.003143826654801766,0.00010618204638982813,0.6876
4,47,periodic,sample_aware,10,0.26416146755218506,0.6696436405181885,0.47279706597328186,0.3014030588997735,0.04269680422213343,0.023632644365231197,0.9944985707600912,0.13389210568534005,0.0033550203984810244,0.00010827405559312966,0.6908
4,48,periodic,sample_aware,10,0.26416146755218506,0.6696436405181885,0.47279706597328186,0.30845658315552604,0.04276800569560793,0.030438616457912657,0.9873918029997084,0.1342126296626197,0.004469622857868671,0.0001266708131879568,0.684
4,49,periodic,sample_aware,10,0.26416146755218506,0.6696436405181885,0.47279706597328186,0.3072959780693054,0.043243341975741915,0.03408774009181394,0.9729867445098029,0.12962730394469368,0.005920549906376336,0.00015727726147613593,0.694
4,50,periodic,sample_aware,10,0.26416146755218506,0.6696436405181885,0.47279706597328186,0.3199692434734768,0.042819401456250086,0.04430061413182153,0.9685827030075921,0.13241437574227652,0.006970284713639153,0.00018288600646580258,0.6872
4,51,periodic,sample_aware,10,0.26416146755218506,0.6696436405181885,0.47279706597328186,0.3090872996383243,0.04104658423198594,0.0375109501183033,0.9529650211334229,0.13149813314278921,0.007267587093843354,0.000202675835074236,0.6884
4,52,periodic,sample_aware,10,0.26416146755218506,0.6696436405181885,0.47279706597328186,0.3046370181772444,0.040542165024413004,0.032461297801799245,0.9492440885967679,0.13333195447921753,0.006564761356761058,0.00018963129130295582,0.6888
4,53,periodic,sample_aware,10,0.26416146755218506,0.6696436405181885,0.47279706597328186,0.29786105619536507,0.040031267123089895,0.029747164497772854,0.9345510204633077,0.13149742285410562,0.0060920135325027835,0.0001681883198519548,0.6924
4,54,periodic,sample_aware,10,0.26416146755218506,0.6696436405181885,0.47279706597328186,0.2898651593261295,0.039006054401397705,0.026538654334015317,0.911947853035397,0.13035350210136837,0.005397149361670017,0.00014716958523624472,0.6916
4,55,periodic,sample_aware,10,0.26416146755218506,0.6696436405181885,0.47279706597328186,0.28614522020022076,0.03806690375010172,0.021907267678115103,0.9085080160035027,0.13290096157126957,0.004702727672540479,0.00013585198515405258,0.6896
4,56,periodic,sample_aware,10,0.26416146755218506,0.6696436405181885,0.47279706597328186,0.28392892413669163,0.0375390752322144,0.021360249775979254,0.9003956052992079,0.13278219434950086,0.004293724842783477,0.0001219777299815582,0.6892
4,57,periodic,sample_aware,10,0.26416146755218506,0.6696436405181885,0.47279706597328186,0.28176355693075394,0.03564930583039919,0.018496098824673228,0.9007842408286201,0.1354403793811798,0.004085749594701661,0.00011294699894885223,0.6892
4,58,periodic,sample_aware,10,0.26416146755218506,0.6696436405181885,0.47279706597328186,0.27497724692026776,0.03648837779959043,0.017373337513870664,0.8915038903554281,0.13017288347085318,0.0034822542996456227,0.00010225824856509765,0.6924
4,59,periodic,sample_aware,10,0.26416146755218506,0.6696436405181885,0.47279706597328186,0.276569621430503,0.03569940353433291,0.017448222678568628,0.8766146500905355,0.134242938624488,0.002942310102904836,9.287110555710064e-05,0.692
4,60,periodic,sample_aware,10,0.26416146755218506,0.6696436405181885,0.47279706597328186,0.27499763502015007,0.035378311657243304,0.01838179160323408,0.8709984951549106,0.13267027172777388,0.002846503449189994,8.83324343400697e-05,0.6932
4,61,periodic,sample_aware,10,0.26416146755218506,0.6696436405181885,0.47279706597328186,0.27739816904067993,0.034684330224990845,0.02032071269220776,0.8671441872914633,0.13420194884141287,0.0028604077589180735,9.30932647962537e-05,0.6908
4,62,periodic,sample_aware,10,0.26416146755218506,0.6696436405181885,0.47279706597328186,0.2747303379906548,0.03441351776321729,0.019745266065001488,0.8615173829926385,0.1329953968524933,0.002759758150205016,8.909203784747256e-05,0.6936
4,63,periodic,sample_aware,10,0.26416146755218506,0.6696436405181885,0.47279706597328186,0.27253362867567277,0.034418892529275685,0.018919677577084966,0.8476609918806288,0.13291131456693014,0.002945082676079538,9.021046571433544e-05,0.6896
4,64,periodic,sample_aware,10,0.26416146755218506,0.6696436405181885,0.47279706597328186,0.27237144443723893,0.03432748715082804,0.017892516632046964,0.8459263377719455,0.13395332296689352,0.003115124431335264,9.58429688277344e-05,0.6976
4,65,periodic,sample_aware,10,0.26416146755218506,0.6696436405181885,0.47279706597328186,0.26854728658994037,0.03328931869732009,0.0183317292895582,0.8378893931706747,0.1315866079595354,0.003010564794143041,9.081145334574912e-05,0.6928
4,66,periodic,sample_aware,10,0.26416146755218506,0.6696436405181885,0.47279706597328186,0.26897050274742973,0.03303081542253494,0.019428814864820905,0.8247707155015733,0.13245575626691183,0.003059287089854479,9.6794159617275e-05,0.6956
4,67,periodic,sample_aware,10,0.26416146755218506,0.6696436405181885,0.47279706597328186,0.267834958102968,0.032692470070388585,0.019008865166041587,0.8155407706896464,0.13291797207461464,0.003219306675924195,0.00010384755053867896,0.696
4,68,periodic,sample_aware,10,0.26416146755218506,0.6696436405181885,0.47279706597328186,0.2697856326897939,0.03272920929723316,0.019863605913188722,0.8148435751597086,0.1341191033522288,0.0030764772608462307,0.00010222661593515013,0.6976
4,69,periodic,sample_aware,10,0.26416146755218506,0.6696436405181885,0.47279706597328186,0.2682937847243415,0.03098084901769956,0.024132598605420854,0.7992819216516283,0.13151262866126168,0.0033721833024173975,0.00010684174614854985,0.6932
4,70,periodic,sample_aware,10,0.26416146755218506,0.6696436405181885,0.47279706597328186,0.27358614404996234,0.03277702132860819,0.026749482585324183,0.7942743102709452,0.13264645139376322,0.003848964348435402,0.0001225391428710686,0.6936
4,71,periodic,sample_aware,10,0.26416146755218506,0.6696436405181885,0.47279706597328186,0.27325137456258136,0.03221127039028539,0.029249701235029433,0.7951441407203674,0.1299059713880221,0.004596443381160498,0.00014359008572581742,0.6996
4,72,periodic,sample_aware,10,0.26416146755218506,0.6696436405181885,0.47279706597328186,0.27310122383965385,0.03171465670069059,0.02616096329357889,0.7941422727372911,0.13324938217798868,0.00497838430520561,0.00014560680655348633,0.7036
4,73,periodic,sample_aware,10,0.26416146755218506,0.6696436405181885,0.47279706597328186,0.26933206783400643,0.03155665554934078,0.02492681435412831,0.7879276076952616,0.13116836216714647,0.005622543342825439,0.0001524100274158021,0.6984
4,74,periodic,sample_aware,10,0.26416146755218506,0.6696436405181885,0.47279706597328186,0.2647831870449914,0.031101392168137763,0.023327636842926342,0.772989292939504,0.13033536987172234,0.005296902006698979,0.0001428056275472045,0.7008
4,75,periodic,sample_aware,10,0.26416146755218506,0.6696436405181885,0.47279706597328186,0.26749676797125077,0.03127503809001711,0.02489063971572452,0.772016187508901,0.13127699328793418,0.0055592239110006225,0.00014572254925345382,0.7032
4,76,periodic,sample_aware,10,0.26416146755218506,0.6696436405181885,0.47279706597328186,0.26252331336339313,0.031250664964318275,0.023160860770278506,0.7616030507617526,0.12919552789794075,0.005367220172451602,0.00014468786280809177,0.7008
4,77,periodic,sample_aware,10,0.26416146755218506,0.6696436405181885,0.47279706597328186,0.26481204562717015,0.03039732285671764,0.023184299882915285,0.7713306148846945,0.13147749503453574,0.005103686617480384,0.0001360325905908313,0.6988
4,78,periodic,sample_aware,10,0.26416146755218506,0.6696436405181885,0.47279706597328186,0.26335535446802777,0.0298344764030642,0.023210208035177655,0.7563795314894782,0.1320432722568512,0.005119221854127116,0.0001396602472393877,0.7012
4,79,periodic,sample_aware,10,0.26416146755218506,0.6696436405181885,0.47279706597328186,0.2662489778465695,0.03051076249943839,0.023892347390453022,0.7626478407118056,0.13305353787210253,0.0049118284239537185,0.00014325986719793745,0.6996
4,80,periodic,sample_aware,10,0.26416146755218506,0.6696436405181885,0.47279706597328186,0.2629503011703491,0.02977538046737512,0.026055607944726944,0.7402831514676412,0.13078980147838593,0.004459454574518734,0.00014292943524196744,0.7016
4,81,periodic,sample_aware,11,0.25975367426872253,0.6645558476448059,0.46698081493377686,0.2642896506521437,0.029530179376403492,0.02478713169693947,0.7437035242716471,0.13348892662260267,0.004100700322952535,0.0001254106949393948,0.7012
4,82,periodic,sample_aware,11,0.25975367426872253,0.6645558476448059,0.46698081493377686,0.26093122694227433,0.02990076049334473,0.024663740975989237,0.7291367053985596,0.13146967854764727,0.003839204605254862,0.00012753762873924442,0.7
4,83,periodic,sample_aware,11,0.25975367426872253,0.6645558476448059,0.46698081493377686,0.256711933347914,0.029111990705132484,0.020044989676939115,0.7301225066184998,0.1327492594718933,0.003468122954169909,0.00011875545088615682,0.6972
4,84,periodic,sample_aware,11,0.25975367426872253,0.6645558476448059,0.46698081493377686,0.25935422546333736,0.028760904860165384,0.02155920842455493,0.7284044093555875,0.13428322805298698,0.003697652395607697,0.00012322639425595602,0.698
4,85,periodic,sample_aware,11,0.25975367426872253,0.6645558476448059,0.46698081493377686,0.2627356747786204,0.02871279666821162,0.026027452821532886,0.7302826709217496,0.1328875803285175,0.004029364635547002,0.00012978354546551904,0.7
4,86,periodic,sample_aware,11,0.25975367426872253,0.6645558476448059,0.46698081493377686,0.2733231054411994,0.029097533060444727,0.03856613838838206,0.7236380908224318,0.13065510160393184,0.005109760806792312,0.00017127862924502956,0.7048
4,87,periodic,sample_aware,11,0.25975367426872253,0.6645558476448059,0.46698081493377686,0.27871011363135445,0.02907142022417651,0.040228128847148686,0.7286917368570963,0.13322183820936415,0.0064407239357630415,0.00019838876970526244,0.6992
4,88,periodic,sample_aware,11,0.25975367426872253,0.6645558476448059,0.46698081493377686,0.2688312166266971,0.02909096351100339,0.03148853323525853,0.7164264255099826,0.13285245332452986,0.007298670605652862,0.00021458112557108203,0.7028
4,89,periodic,sample_aware,11,0.25975367426872253,0.6645558476448059,0.46698081493377686,0.26208361983299255,0.028769016058908567,0.024562907301717334,0.7166674004660712,0.13352954387664795,0.0069145494554605745,0.0001962593523785472,0.7044
4,90,periodic,sample_aware,11,0.25975367426872253,0.6645558476448059,0.46698081493377686,0.25111008518271977,0.026836991517080203,0.020083100017574098,0.7065420084529452,0.13058551980389488,0.005728855108221372,0.00017168817187969884,0.702
4,91,periodic,sample_aware,11,0.25975367426872253,0.6645558476448059,0.46698081493377686,0.2540789080990685,0.027201698472102482,0.01998508121404383,0.7029087675942315,0.13410115738709769,0.004854260322948297,0.0001459158957004547,0.7064
4,92,periodic,sample_aware,11,0.25975367426872253,0.6645558476448059,0.46698081493377686,0.24946324196126726,0.026767095343934164,0.020266966066426702,0.6971582372983297,0.1304823358853658,0.0043152014000548255,0.00014684215420857072,0.7044
4,93,periodic,sample_aware,11,0.25975367426872253,0.6645558476448059,0.46698081493377686,0.2462708188427819,0.02686810659037696,0.01847389226572381,0.6933140158653259,0.12957454638348687,0.003925934537417359,0.00011980871851038601,0.702
4,94,periodic,sample_aware,11,0.25975367426872253,0.6645558476448059,0.46698081493377686,0.24929814371797773,0.02691701427102089,0.020154253683156438,0.6916827228334215,0.13112420505947536,0.003745107161295083,0.00012369186798524525,0.704
4,95,periodic,sample_aware,11,0.25975367426872253,0.6645558476448059,0.46698081493377686,0.2566670907868279,0.026524805774291355,0.02629167027771473,0.6886182824770609,0.13278138803111184,0.00428080005157325,0.00013400027011003759,0.704
4,96,periodic,sample_aware,11,0.25975367426872253,0.6645558476448059,0.46698081493377686,0.2599174843894111,0.026992681332760386,0.03270184910959668,0.6851185162862142,0.12873035172621408,0.005777165138473113,0.00018432964700170688,0.7064
4,97,periodic,sample_aware,11,0.25975367426872253,0.6645558476448059,0.46698081493377686,0.26742448409398395,0.02769539091322157,0.03664618502888414,0.6859404577149285,0.1306389429503017,0.00747395053298937,0.0002258917342664467,0.7044
4,98,periodic,sample_aware,11,0.25975367426872253,0.6645558476448059,0.46698081493377686,0.27398615413241917,0.028091905638575554,0.041449191255701914,0.6859355039066739,0.13106042974525028,0.0093097695046001,0.0002723820054800146,0.7044
4,99,periodic,sample_aware,11,0.25975367426872253,0.6645558476448059,0.46698081493377686,0.27544937200016445,0.02671303807033433,0.04200153218375312,0.6901516649458144,0.132823516925176,0.00953195161289639,0.0002602762672015362,0.7016
4,100,periodic,sample_aware,11,0.25975367426872253,0.6645558476448059,0.46698081493377686,0.2676980992158254,0.02750872468782796,0.037123514960209526,0.6746998296843635,0.13096369802951813,0.009023480427761873,0.00024087827316381864,0.7076
4,101,periodic,sample_aware,11,0.25975367426872253,0.6645558476448059,0.46698081493377686,0.2596811321046617,0.026551348260707326,0.029651209712028503,0.678413814968533,0.13150963021649253,0.008035886515345838,0.00021922333528184227,0.702
4,102,periodic,sample_aware,11,0.25975367426872253,0.6645558476448059,0.46698081493377686,0.259239610698488,0.026658223734961614,0.031369739729497165,0.6672168638971117,0.13071005211936104,0.007344973842716879,0.00021484016259718273,0.7044
4,103,periodic,sample_aware,11,0.25975367426872253,0.6645558476448059,0.46698081493377686,0.2564799189567566,0.025993790063593123,0.027528294051686924,0.6647329264216952,0.13350229958693186,0.005796191386050648,0.0001682855525157518,0.702
4,104,periodic,sample_aware,11,0.25975367426872253,0.6645558476448059,0.46698081493377686,0.25185379054811263,0.02569230728679233,0.023523242730233405,0.666445427470737,0.13314667344093323,0.005532825210442145,0.0001612174415236546,0.7036
4,105,periodic,sample_aware,11,0.25975367426872253,0.6645558476448059,0.46698081493377686,0.24808596074581146,0.025507813112603292,0.01988726171354453,0.6586115227805244,0.1343634525934855,0.004796162299397919,0.00013639257910350958,0.706
4,106,periodic,sample_aware,11,0.25975367426872253,0.6645558476448059,0.46698081493377686,0.2362640682193968,0.024753780621621344,0.01587197484655513,0.6454452673594157,0.1289342881904708,0.004188864724710584,0.000130131711355514,0.7068
4,107,periodic,sample_aware,11,0.25975367426872253,0.6645558476448059,0.46698081493377686,0.24029531412654453,0.025269048909346264,0.015543967485427856,0.653226395448049,0.13230477770169577,0.0035917727638863856,0.00011799188925781184,0.7076
4,108,periodic,sample_aware,11,0.25975367426872253,0.6645558476448059,0.46698081493377686,0.23874976734320322,0.02489389106631279,0.017274586380355887,0.6426265372170342,0.13052784403165182,0.003465455672186282,0.00011612535713033544,0.7052
4,109,periodic,sample_aware,11,0.25975367426872253,0.6645558476448059,0.46698081493377686,0.24034803609053293,0.0246732234954834,0.01636955255849494,0.6463677088419596,0.13261030283239153,0.003964174357760284,0.000152202976298415,0.7044
4,110,periodic,sample_aware,11,0.25975367426872253,0.6645558476448059,0.46698081493377686,0.23752620153956944,0.02447835976878802,0.01588838878605101,0.6397330893410577,0.13130165305402544,0.0036344806818912425,0.00013449921324435208,0.706
4,111,periodic,sample_aware,11,0.25975367426872253,0.6645558476448059,0.46698081493377686,0.23877238399452633,0.02432603844337993,0.01664322904414601,0.6473540663719177,0.13110574252075619,0.003790305487604605,0.00013361611248304447,0.7064
4,112,periodic,sample_aware,11,0.25975367426872253,0.6645558476448059,0.46698081493377686,0.24285300738281673,0.02500209626224306,0.019475832788480654,0.6416134635607401,0.1320784158176846,0.004130782895824975,0.00013984500482264493,0.7104
4,113,periodic,sample_aware,11,0.25975367426872253,0.6645558476448059,0.46698081493377686,0.2478889657391442,0.02428559275964896,0.02288023258248965,0.6445838477876451,0.13371104664272732,0.004955829793794287,0.00015158172593348555,0.7096
4,114,periodic,sample_aware,11,0.25975367426872253,0.6645558476448059,0.46698081493377686,0.24534130758709377,0.023774194427662425,0.023884695230258837,0.6386523114310371,0.13078515231609344,0.005875800322327349,0.00018826511869620945,0.7048
4,115,periodic,sample_aware,11,0.25975367426872253,0.6645558476448059,0.46698081493377686,0.24490725000699362,0.024368396028876305,0.02318938138584296,0.6257490846845839,0.13185345629851022,0.0056676009359459085,0.00017461928978769315,0.7084
4,116,periodic,sample_aware,11,0.25975367426872253,0.6645558476448059,0.46698081493377686,0.24409427411026424,0.025024335831403732,0.021791772916913033,0.6341102785534329,0.1311180657810635,0.005337599975367387,0.00016054013718126548,0.7084
4,117,periodic,sample_aware,11,0.25975367426872253,0.6645558476448059,0.46698081493377686,0.24035193191634285,0.024256207669774692,0.019565811484224267,0.6268068220880296,0.13122815721564823,0.005093045325742828,0.0001491014457618197,0.7048
4,118,periodic,sample_aware,11,0.25975367426872253,0.6645558476448059,0.46698081493377686,0.23694175316227806,0.024231282373269398,0.018407497141096327,0.6267713705698649,0.1293574571609497,0.004399701487272978,0.00013705594594486884,0.7068
4,119,periodic,sample_aware,11,0.25975367426872253,0.6645558476448059,0.46698081493377686,0.23955138358804914,0.02401107135746214,0.01820362266153097,0.6281300849384732,0.13248740798897213,0.0039447989418274826,0.00012774478333691755,0.7076
4,120,periodic,sample_aware,11,0.25975367426872253,0.6645558476448059,0.46698081493377686,0.2404781911108229,0.023799068811866973,0.019726115175419383,0.625370615058475,0.13237355815039742,0.003946174013738831,0.00013859480127899183,0.7068
4,121,periodic,sample_aware,12,0.24900899827480316,0.6605992317199707,0.4641459584236145,0.2404308103852802,0.023447158849901624,0.020078059389359422,0.6229618191719055,0.13229453563690186,0.0044670926096538706,0.00016266106912452314,0.7084
4,122,periodic,sample_aware,12,0.24900899827480316,0.6605992317199707,0.4641459584236145,0.24528402752346462,0.023810864322715335,0.024228129328952894,0.6227297650443183,0.13252628346284231,0.004738578365908729,0.00015296778615771068,0.7036
4,123,periodic,sample_aware,12,0.24900899827480316,0.6605992317199707,0.4641459584236145,0.2493156691392263,0.02413841833670934,0.030611510078112285,0.617843939198388,0.12998183568318686,0.005415518975092305,0.0001835098567729195,0.7076
4,124,periodic,sample_aware,12,0.24900899827480316,0.6605992317199707,0.4641459584236145,0.24117151068316567,0.02333208132121298,0.022368069117267925,0.6163319018152025,0.13102844688627455,0.005417788504726357,0.00020165552592111958,0.7048
4,125,periodic,sample_aware,12,0.24900899827480316,0.6605992317199707,0.4641459584236145,0.2486158029900657,0.023620682665043406,0.028736922269066174,0.614052931467692,0.13196607761912876,0.0055739991884264685,0.00019964789195607105,0.7064
4,126,periodic,sample_aware,12,0.24900899827480316,0.6605992317199707,0.4641459584236145,0.2458579738934835,0.0240926719788048,0.02568678806225459,0.6191536784172058,0.13097339040703243,0.00615949747670028,0.0002200160395457513,0.706
4,127,periodic,sample_aware,12,0.24900899827480316,0.6605992317199707,0.4641459584236145,0.24720250566800436,0.023371590508355036,0.0268979635503557,0.6146298183335198,0.1323159717851215,0.006087095942348242,0.00022090271037692824,0.7072
4,128,periodic,sample_aware,12,0.24900899827480316,0.6605992317199707,0.4641459584236145,0.24768023689587912,0.023420541029837396,0.028739232362972364,0.6121917366981506,0.1308474118510882,0.006676525860610936,0.0002312209689989686,0.71
4,129,periodic,sample_aware,12,0.24900899827480316,0.6605992317199707,0.4641459584236145,0.24347000817457834,0.023318505535523098,0.02498556611438592,0.6093305283122592,0.13105914658970302,0.006132250289536185,0.00021522328542131517,0.7088
4,130,periodic,sample_aware,12,0.24900899827480316,0.6605992317199707,0.4641459584236145,0.23885083364115822,0.023010194922486942,0.022896545007824898,0.6060706973075867,0.12960427833928,0.005299169777168168,0.00016631846342028843,0.708
4,131,periodic,sample_aware,12,0.24900899827480316,0.6605992317199707,0.4641459584236145,0.23465892175833383,0.022737478837370872,0.01719680366416772,0.6031882762908936,0.13222154643800524,0.004240709926105208,0.00012781754938057728,0.7104
4,132,periodic,sample_aware,12,0.24900899827480316,0.6605992317199707,0.4641459584236145,0.22768370807170868,0.02221814812057548,0.013581115545498,0.5953620142406888,0.13060760332478416,0.00337235386379891,0.00010891840793192387,0.7104
4,133,periodic,sample_aware,12,0.24900899827480316,0.6605992317199707,0.4641459584236145,0.22855273054705727,0.022508182459407382,0.013944955232242743,0.5940031276808845,0.1310497886604733,0.003191024660029345,0.00010795905513481962,0.7096
4,134,periodic,sample_aware,12,0.24900899827480316,0.6605992317199707,0.4641459584236145,0.22901371286975014,0.022498224758439593,0.01349586465706428,0.5972336928049723,0.13151361544926962,0.0034438109335800013,0.00012146782440443833,0.7116
4,135,periodic,sample_aware,12,0.24900899827480316,0.6605992317199707,0.4641459584236145,0.22960219946172503,0.022076762177877955,0.014801732988821136,0.5915129449632432,0.1315733508931266,0.0038615233627044493,0.00013658309277767935,0.7092
4,136,periodic,sample_aware,12,0.24900899827480316,0.6605992317199707,0.4641459584236145,0.22663992477787864,0.022882162696785398,0.013504218310117722,0.5932049486372206,0.1291010015540653,0.003519359432781736,0.00014473905321210623,0.7092
4,137,periodic,sample_aware,12,0.24900899827480316,0.6605992317199707,0.4641459584236145,0.23014344771703085,0.022125563480787806,0.014731353976660304,0.5875481830702888,0.132836338546541,0.0032635547945068944,0.00012719197871370448,0.7044
4,138,periodic,sample_aware,12,0.24900899827480316,0.6605992317199707,0.4641459584236145,0.22799714737468296,0.022553027297059696,0.015097627830174234,0.5891984237564935,0.1298008379009035,0.0031332490551802847,0.0001183755682884819,0.7104
4,139,periodic,sample_aware,12,0.24900899827480316,0.6605992317199707,0.4641459584236145,0.23301913837591806,0.021745544754796557,0.01751437234795756,0.5926963885625204,0.1325734191470676,0.003687122500398093,0.00014520108622188369,0.7076
4,140,periodic,sample_aware,12,0.24900899827480316,0.6605992317199707,0.4641459584236145,0.2382674647702111,0.022305198220743075,0.02557146093911595,0.5825451281335619,0.129909238881535,0.004298246879544523,0.00015586482671399912,0.7084
4,141,periodic,sample_aware,12,0.24900899827480316,0.6605992317199707,0.4641459584236145,0.24552582369910347,0.022438105816642444,0.026604487250248592,0.5965885983573066,0.13438151280085245,0.004740482118601601,0.00014523402529044283,0.7096
4,142,periodic,sample_aware,12,0.24900899827480316,0.6605992317199707,0.4641459584236145,0.24283452497588265,0.022504788926906057,0.02589885580042998,0.592845446533627,0.13219034340646532,0.00571137232085069,0.00020060720594806803,0.71
4,143,periodic,sample_aware,12,0.24900899827480316,0.6605992317199707,0.4641459584236145,0.24819814331001705,0.02276871394779947,0.028673061894045934,0.5867356790436639,0.13392134341928694,0.008035592269152403,0.0002873176062065694,0.7104
4,144,periodic,sample_aware,12,0.24900899827480316,0.6605992317199707,0.4641459584236145,0.250968755947219,0.022482132332192525,0.03662666699124707,0.5908090273539225,0.12861541906992593,0.008045850218170218,0.0002814086102363136,0.7056
4,145,periodic,sample_aware,12,0.24900899827480316,0.6605992317199707,0.4641459584236145,0.2539890756209691,0.022961596854858927,0.0361044377916389,0.593689931763543,0.13137822184297773,0.008076252157075537,0.00027538757745383517,0.7108
4,146,periodic,sample_aware,12,0.24900899827480316,0.6605992317199707,0.4641459584236145,0.2596928228934606,0.022274976389275655,0.03835747059848574,0.5977457430627611,0.13486197259691027,0.008561117988493707,0.000286536498202218,0.7144
4,147,periodic,sample_aware,12,0.24900899827480316,0.6605992317199707,0.4641459584236145,0.2543204012844298,0.022668961642516985,0.03771940846410063,0.5895945959621005,0.130003175801701,0.009615824557840824,0.0003229704258653025,0.712
4,148,periodic,sample_aware,12,0.24900899827480316,0.6605992317199707,0.4641459584236145,0.26140861875481075,0.02303882460627291,0.040546305063698024,0.5954990850554572,0.13309739530086517,0.010027596313092444,0.00032475908260999457,0.718
4,149,periodic,sample_aware,12,0.24900899827480316,0.6605992317199707,0.4641459584236145,0.319533485505316,0.02423376590013504,0.09756833273503515,0.6049264272054037,0.13048059244950613,0.013104400080111291,0.00041189098394372396,0.7116
4,150,periodic,sample_aware,12,0.24900899827480316,0.6605992317199707,0.4641459584236145,0.29000478982925415,0.02503551956680086,0.062459282163116664,0.6268057756953769,0.13107265697585213,0.017054695015152294,0.0004587999622647961,0.7108
4,151,periodic,sample_aware,12,0.24900899827480316,0.6605992317199707,0.4641459584236145,0.2783658338917626,0.023207426485088136,0.052858406470881567,0.6080875198046366,0.13319166832500035,0.016161024570465088,0.000438133144699451,0.704
4,152,periodic,sample_aware,12,0.24900899827480316,0.6605992317199707,0.4641459584236145,0.2748609019650353,0.023191768469081983,0.05102682982881864,0.608568959765964,0.1323930968840917,0.01442893428934945,0.00035568732225025695,0.708
4,153,periodic,sample_aware,12,0.24900899827480316,0.6605992317199707,0.4641459584236145,0.26571069492234123,0.022578805685043335,0.04365872177812788,0.5901951193809509,0.13396494752830929,0.01265774274037944,0.00031968104627190367,0.7076
4,154,periodic,sample_aware,12,0.24900899827480316,0.6605992317199707,0.4641459584236145,0.25779274768299526,0.02239842216173808,0.040327033028006554,0.5855342017279731,0.1305057687891854,0.01169644875658883,0.000319747778121382,0.714
4,155,periodic,sample_aware,12,0.24900899827480316,0.6605992317199707,0.4641459584236145,0.25372492439217037,0.021766198178132374,0.037303307404120765,0.5825786458121406,0.12995688286092547,0.01246595186077886,0.00041539249165604514,0.714
4,156,periodic,sample_aware,12,0.24900899827480316,0.6605992317199707,0.4641459584236145,0.2483481698566013,0.021882627573278215,0.03021613901687993,0.5776279899809096,0.13316655158996582,0.010287138943870863,0.00035296367584831186,0.7128
4,157,periodic,sample_aware,12,0.24900899827480316,0.6605992317199707,0.4641459584236145,0.23880520462989807,0.021500037155217595,0.024846143399675686,0.5728028416633606,0.1307041264242596,0.008654510498874717,0.0002947159486615823,0.7116
4,158,periodic,sample_aware,12,0.24900899827480316,0.6605992317199707,0.4641459584236145,0.23426791197723812,0.02102451730105612,0.020327644008729193,0.5682151450051202,0.13257633397976556,0.006794880144298077,0.00024092200005220043,0.708
4,159,periodic,sample_aware,12,0.24900899827480316,0.6605992317199707,0.4641459584236145,0.23161858154667747,0.02098735897905297,0.01998960826959875,0.5688581466674805,0.13052066498332554,0.006253040085236232,0.00021722667022711702,0.7116
4,160,periodic,sample_aware,12,0.24900899827480316,0.6605992317199707,0.4641459584236145,0.2354151788685057,0.02074367677172025,0.02009180984977219,0.5722935530874464,0.13455081317159864,0.0054111893599232035,0.0001878590620536771,0.7116
4,161,periodic,sample_aware,13,0.23693323135375977,0.6580328941345215,0.46260836720466614,0.22953841752476162,0.021029190263814397,0.021766490406460233,0.5623838967747159,0.1276222285297182,0.005580205004662275,0.00018403524558784234,0.7088
4,162,periodic,sample_aware,13,0.23693323135375977,0.6580328941345215,0.46260836720466614,0.23699593047300974,0.021029803074068494,0.02351520024240017,0.5681719912423028,0.1326385968261295,0.005802361242887046,0.00018789576521764198,0.7124
4,163,periodic,sample_aware,13,0.23693323135375977,0.6580328941345215,0.46260836720466614,0.23932528992493948,0.020828724942273565,0.02730182848042912,0.5686017804675632,0.13100128372510275,0.0064731670750512015,0.00019339245692309405,0.7104
4,164,periodic,sample_aware,13,0.23693323135375977,0.6580328941345215,0.46260836720466614,0.23768154117796156,0.021266476147704653,0.027633073843187757,0.5635646118058099,0.1294104845987426,0.005848096528400977,0.0001819958108373814,0.7136
4,165,periodic,sample_aware,13,0.23693323135375977,0.6580328941345215,0.46260836720466614,0.24058926436636183,0.020695277800162632,0.02983928533891837,0.5647271407975091,0.1300226996342341,0.00689373030844662,0.0002248402452096343,0.7104
4,166,periodic,sample_aware,13,0.23693323135375977,0.6580328941345215,0.46260836720466614,0.2507026029957665,0.021915070298645232,0.036867793235513896,0.5647745264901055,0.1313984774880939,0.007850286913000874,0.0002373237770775126,0.7148
4,167,periodic,sample_aware,13,0.23693323135375977,0.6580328941345215,0.46260836720466614,0.24704651534557343,0.02071450526515643,0.035730362973279424,0.566114584604899,0.129690064324273,0.008328244917922549,0.00027201199878214137,0.7132
4,168,periodic,sample_aware,13,0.23693323135375977,0.6580328941345215,0.46260836720466614,0.24628490375147927,0.020745861654480297,0.03523833573692375,0.5643670227792528,0.12952020433213976,0.008417012739098735,0.00027058448176831007,0.7144
4,169,periodic,sample_aware,13,0.23693323135375977,0.6580328941345215,0.46260836720466614,0.2450601342651579,0.021224968549278047,0.03363618834151162,0.5624534752633836,0.12968229833576414,0.008289299750079712,0.00025335943145263527,0.712
4,170,periodic,sample_aware,13,0.23693323135375977,0.6580328941345215,0.46260836720466614,0.23921500974231297,0.020488970188630953,0.02646596564186944,0.5641903877258301,0.13224170274204677,0.006987863685935736,0.00021079345606267452,0.7128
4,171,periodic,sample_aware,13,0.23693323135375977,0.6580328941345215,0.46260836720466614,0.2337978697485394,0.02109238153530492,0.024089997323850792,0.5579630202717252,0.12963811225361294,0.006178711644477314,0.00018344698603161506,0.7148
4,172,periodic,sample_aware,13,0.23693323135375977,0.6580328941345215,0.46260836720466614,0.22867558399836221,0.02060105423960421,0.022190234209928248,0.5520781874656677,0.12820901887284386,0.004788542450923059,0.00014635921818100743,0.7108
4,173,periodic,sample_aware,13,0.23693323135375977,0.6580328941345215,0.46260836720466614,0.22721016572581398,0.02069419974254237,0.01968550971812672,0.5522596637407938,0.12945310274759927,0.004184029246163037,0.00011874677147716284,0.7132
4,174,periodic,sample_aware,13,0.23693323135375977,0.6580328941345215,0.46260836720466614,0.2262529449330436,0.01967881785498725,0.019796329653925367,0.552905625767178,0.1295013510518604,0.003867378613601128,0.00010439258767291903,0.7168
4,175,periodic,sample_aware,13,0.23693323135375977,0.6580328941345215,0.46260836720466614,0.2251096119483312,0.02038405401011308,0.017334613328178722,0.5452372829119364,0.13098448514938354,0.003663747286837962,0.00010170750061257018,0.7132
4,176,periodic,sample_aware,13,0.23693323135375977,0.6580328941345215,0.46260836720466614,0.22306715117560494,0.02010877016517851,0.016040611184305616,0.5497682823075188,0.13036394284831154,0.003056612227939897,9.73866165926059e-05,0.7108
4,177,periodic,sample_aware,13,0.23693323135375977,0.6580328941345215,0.46260836720466614,0.22623230351342094,0.02071743831038475,0.01652861986723211,0.5519240962134467,0.13215256151225832,0.0031727549309531846,0.00010979359245134724,0.7144
4,178,periodic,sample_aware,13,0.23693323135375977,0.6580328941345215,0.46260836720466614,0.22650786572032505,0.019701874090565577,0.01758362777117226,0.5539384682973226,0.13216068844000498,0.003224110851685206,0.00011153780441317294,0.7148
4,179,periodic,sample_aware,13,0.23693323135375977,0.6580328941345215,0.46260836720466614,0.22528688940736982,0.019606639734572835,0.017921605043941073,0.5467265513208177,0.1309896426068412,0.004054126303849949,0.0001385646044380135,0.7148
4,180,periodic,sample_aware,13,0.23693323135375977,0.6580328941345215,0.46260836720466614,0.22218655712074703,0.02035954325563378,0.017363830159107845,0.5439328418837653,0.12805425458484226,0.003900934476405382,0.00013035806154625284,0.71
4,181,periodic,sample_aware,13,0.23693323135375977,0.6580328941345215,0.46260836720466614,0.22768465677897134,0.020252460820807353,0.017805602608455554,0.5441266960567899,0.1332635697391298,0.0037734912604921395,0.0001272070156927738,0.7156
4,182,periodic,sample_aware,13,0.23693323135375977,0.6580328941345215,0.46260836720466614,0.22401765982309976,0.020152016439371638,0.017728441291385226,0.5459007951948378,0.1295413358343972,0.0038772133282489246,0.00013435315728808442,0.712
4,183,periodic,sample_aware,13,0.23693323135375977,0.6580328941345215,0.46260836720466614,0.22303632564014858,0.019843575234214466,0.017558723895086184,0.5416731437047323,0.1296130104197396,0.003583016494909922,0.00012438493366870616,0.7132
4,184,periodic,sample_aware,13,0.23693323135375977,0.6580328941345215,0.46260836720466614,0.22297764321168265,0.020392707652515836,0.01832401617947552,0.5384681158595614,0.12848051968548033,0.0037363525738732684,0.00013081655035623245,0.7152
4,185,periodic,sample_aware,13,0.23693323135375977,0.6580328941345215,0.46260836720466614,0.22607731156879002,0.019909961563017633,0.018264073982006974,0.5440113478236728,0.13164347741338941,0.0035948637200312484,0.00012246685542373193,0.7064
4,186,periodic,sample_aware,13,0.23693323135375977,0.6580328941345215,0.46260836720466614,0.22392332719431984,0.019898620951506827,0.01637883111834526,0.538349277443356,0.13208631012174818,0.0033378720335248443,0.00011140043433341716,0.7124
4,187,periodic,sample_aware,13,0.23693323135375977,0.6580328941345215,0.46260836720466614,0.21833210355705684,0.019231274724006653,0.015297704893681738,0.5401113099522061,0.12811815987030664,0.0032384363520476553,0.00010922369417837924,0.714
4,188,periodic,sample_aware,13,0.23693323135375977,0.6580328941345215,0.46260836720466614,0.21853299107816485,0.01924484988881482,0.014235650085740618,0.5387032230695089,0.12946399715211657,0.0033208778283248344,0.00011546230072983437,0.7156
4,189,periodic,sample_aware,13,0.23693323135375977,0.6580328941345215,0.46260836720466614,0.21720634897549948,0.01955557159251637,0.014039546044336425,0.536681420273251,0.12801904562446806,0.003729624156322744,0.00011846055794093345,0.712
4,190,periodic,sample_aware,13,0.23693323135375977,0.6580328941345215,0.46260836720466614,0.22359192536936867,0.019539206392235227,0.014032837934792042,0.5423082974221971,0.13405869570043352,0.003352792907713188,0.00010791534764899148,0.7136
4,191,periodic,sample_aware,13,0.23693323135375977,0.6580328941345215,0.46260836720466614,0.21815997030999926,0.019380225903458066,0.014178514894511964,0.5335206323199801,0.12964700907468796,0.0030914320765684047,0.00011288663760448496,0.712
4,192,periodic,sample_aware,13,0.23693323135375977,0.6580328941345215,0.46260836720466614,0.22056425445609623,0.01941087345282237,0.015084879369371466,0.5330974923239814,0.1309995816813575,0.003392269265734487,0.0001260723931611412,0.7128
4,193,periodic,sample_aware,13,0.23693323135375977,0.6580328941345215,0.46260836720466614,0.22087970541583168,0.019328963425424363,0.014663211070001125,0.5346521668963962,0.13182616068257225,0.003076260236816274,0.00011605303087789152,0.7144
4,194,periodic,sample_aware,13,0.23693323135375977,0.6580328941345215,0.46260836720466614,0.21919450163841248,0.019034866243600845,0.014022814109921455,0.5359636214044359,0.130935647421413,0.003095861291512847,0.00011375801922339533,0.7132
4,195,periodic,sample_aware,13,0.23693323135375977,0.6580328941345215,0.46260836720466614,0.21853970322344038,0.019691221829917695,0.01577912664247884,0.5328253706296285,0.12823442783620623,0.002995115213303102,0.00010966930616026123,0.7136
4,196,periodic,sample_aware,13,0.23693323135375977,0.6580328941345215,0.46260836720466614,0.21901985009511313,0.01955222524702549,0.016161292377445433,0.5270016656981574,0.1288604653543896,0.0033621181371725267,0.0001292899250984192,0.7132
4,197,periodic,sample_aware,13,0.23693323135375977,0.6580328941345215,0.46260836720466614,0.219441466861301,0.019029425871041086,0.014761133636865351,0.5378885202937655,0.12978229920069376,0.003986368835386302,0.0001731436544408401,0.7128
4,198,periodic,sample_aware,13,0.23693323135375977,0.6580328941345215,0.46260836720466614,0.2238956226242913,0.019340954514013395,0.01719036346508397,0.5371266735924615,0.13150888350274828,0.004120634817000892,0.00016487949889981083,0.7128
4,199,periodic,sample_aware,13,0.23693323135375977,0.6580328941345215,0.46260836720466614,0.2270625332991282,0.019278258499172,0.023166180691785283,0.5350216560893588,0.12877548817131254,0.0045053558941516615,0.0001755248199010061,0.714
4,200,periodic,sample_aware,13,0.23693323135375977,0.6580328941345215,0.46260836720466614,0.22743309206432766,0.01924273371696472,0.022772729810741212,0.5277438561121622,0.13022930920124054,0.004655743224753274,0.00017211320421968898,0.7144
5,1,periodic,sample_aware,12,0.24900899827480316,0.6605992317199707,0.47012168169021606,2.5095592074924045,1.11211668782764,0.8302210052776596,2.5950872898101807,0.15256839328342015,0.2984933803478877,0.011795481563442282,0.5756666666666667
5,2,periodic,sample_aware,12,0.24900899827480316,0.6605992317199707,0.47012168169021606,1.5471551285849676,0.8469797637727525,0.23201819923188952,2.5909828344980874,0.14797570639186436,0.11751325759622785,0.004653068699149622,0.5946666666666667
5,3,periodic,sample_aware,12,0.24900899827480316,0.6605992317199707,0.47012168169021606,1.1931815942128499,0.6674006713761224,0.11480436888005999,2.379256010055542,0.14686603513028887,0.050449141611655555,0.0019206542573455307,0.602
5,4,periodic,sample_aware,12,0.24900899827480316,0.6605992317199707,0.47012168169021606,0.998631132973565,0.5454144477844238,0.07239962369203568,2.2326457500457764,0.14580438203281826,0.022643139792813197,0.0008531021238822076,0.6046666666666667
5,5,periodic,sample_aware,12,0.24900899827480316,0.6605992317199707,0.47012168169021606,0.8707769910494486,0.4495321313540141,0.05410748389032152,2.14157674047682,0.1471930527024799,0.011132624310751757,0.0004406695823288626,0.6073333333333333
5,6,periodic,sample_aware,12,0.24900899827480316,0.6605992317199707,0.47012168169021606,0.778484132554796,0.3815966447194417,0.04406325394908587,2.0736584663391113,0.1421946171257231,0.006255473527643416,0.00027203633605192107,0.6073333333333333
5,7,periodic,sample_aware,12,0.24900899827480316,0.6605992317199707,0.47012168169021606,0.7229182852639092,0.3367340730296241,0.0407390081220203,2.029380096329583,0.14041132728258768,0.004007703935106595,0.00018400896159518097,0.61
5,8,periodic,sample_aware,12,0.24900899827480316,0.6605992317199707,0.47012168169021606,0.677235848373837,0.2978985243373447,0.037247151136398315,1.968694766362508,0.14349761770831215,0.003296386424659027,0.00014978060628184013,0.611
5,9,periodic,sample_aware,12,0.24900899827480316,0.6605992317199707,0.47012168169021606,0.6326166258917915,0.2661634021335178,0.03400657739904192,1.9200781848695543,0.13904033104578653,0.002656469457886285,0.00014051712221569486,0.6126666666666667
5,10,periodic,sample_aware,12,0.24900899827480316,0.6605992317199707,0.47012168169021606,0.604372481505076,0.24136695596906874,0.032907732038034335,1.8946505387624104,0.1392801602681478,0.0025750025330732265,0.00013018462211928435,0.6153333333333333
5,11,periodic,sample_aware,12,0.24900899827480316,0.6605992317199707,0.47012168169021606,0.5775450070699056,0.21932078732384575,0.03169565026958784,1.8560669951968722,0.13963884115219116,0.002439715149294999,0.00012631859216425155,0.6166666666666667
5,12,periodic,sample_aware,12,0.24900899827480316,0.6605992317199707,0.47012168169021606,0.5464289055930244,0.1956645647684733,0.030717218708660867,1.8234799173143175,0.13642236590385437,0.0024275373046596846,0.00012599125814934572,0.6213333333333333
5,13,periodic,sample_aware,12,0.24900899827480316,0.6605992317199707,0.47012168169021606,0.5319652093781365,0.18398196001847586,0.029513042213188276,1.788927714029948,0.13826600876119402,0.002489051988555325,0.00013377563381153677,0.6243333333333333
5,14,periodic,sample_aware,12,0.24900899827480316,0.6605992317199707,0.47012168169021606,0.5110739039050208,0.17112943198945788,0.029632943992813427,1.7624788681666057,0.13276159266630808,0.002469772809288568,0.00013432734542422823,0.6233333333333333
5,15,periodic,sample_aware,12,0.24900899827480316,0.6605992317199707,0.47012168169021606,0.49630171722835964,0.16104688909318712,0.02869768316547076,1.7077760961320665,0.13442999786800808,0.0025733185725079644,0.00012575666834082868,0.6266666666666667
5,16,periodic,sample_aware,12,0.24900899827480316,0.6605992317199707,0.47012168169021606,0.4840908745924632,0.1490333378314972,0.02793813455435965,1.6831185420354207,0.13756566246350607,0.002362239976517028,0.00012152036651968956,0.6273333333333333
5,17,periodic,sample_aware,12,0.24900899827480316,0.6605992317199707,0.47012168169021606,0.4589369098345439,0.13417145858208337,0.026060038556655247,1.6513978640238445,0.13219699429141152,0.0026068667519009775,0.0001303815062985652,0.6293333333333333
5,18,periodic,sample_aware,12,0.24900899827480316,0.6605992317199707,0.47012168169021606,0.45511914955245125,0.13098427239391539,0.027555209688014455,1.6326704157723322,0.13197393218676248,0.0025481258053332567,0.00012925401743915345,0.631
5,19,periodic,sample_aware,12,0.24900899827480316,0.6605992317199707,0.47012168169021606,0.4524029427104526,0.12272484021054374,0.02874835394322872,1.6275048388375177,0.13679393960369957,0.0026355128890524306,0.00013512440232767,0.6333333333333333
5,20,periodic,sample_aware,12,0.24900899827480316,0.6605992317199707,0.47012168169021606,0.4353922936651442,0.11517574969265196,0.028530889915095434,1.5734770562913682,0.13284904261430105,0.002833901076681084,0.00014391405016390813,0.629
5,21,periodic,sample_aware,12,0.24900899827480316,0.6605992317199707,0.47012168169021606,0.427474578221639,0.10787389675776164,0.028463745282755956,1.5502567026350234,0.1345802578661177,0.002915306508334147,0.00014670318665189875,0.6346666666666667
5,22,periodic,sample_aware,12,0.24900899827480316,0.6605992317199707,0.47012168169021606,0.4164275560114119,0.1013184239466985,0.02867807572086652,1.5340482791264851,0.13146298130353293,0.002984380659957727,0.00014211372601696185,0.639
5,23,periodic,sample_aware,12,0.24900899827480316,0.6605992317199707,0.47012168169021606,0.4118588599893782,0.09874159842729568,0.027715795776910253,1.5035335222880046,0.13338124089770848,0.003187370150246554,0.00014636532351788547,0.639
5,24,periodic,sample_aware,12,0.24900899827480316,0.6605992317199707,0.47012168169021606,0.39870964156256783,0.09149611327383253,0.02661255726383792,1.485893448193868,0.13047798391845492,0.0029273536314980853,0.00013992880445180667,0.641
5,25,periodic,sample_aware,12,0.24900899827480316,0.6605992317199707,0.47012168169021606,0.39340272214677596,0.08938070883353551,0.025734331872728135,1.4538005060619779,0.13142154614130655,0.0028414656925532552,0.00013068439956340525,0.6426666666666667
5,26,periodic,sample_aware,12,0.24900899827480316,0.6605992317199707,0.47012168169021606,0.3832566440105438,0.08380485326051712,0.025269372802641656,1.4323247538672552,0.1294110053115421,0.002947313271255957,0.0001305594406504598,0.6433333333333333
5,27,periodic,sample_aware,12,0.24900899827480316,0.6605992317199707,0.47012168169021606,0.3781441118982103,0.07916316721174452,0.024116651672456,1.4165861871507432,0.1317525158325831,0.002774278503946132,0.00013201837686614858,0.6416666666666667
5,28,periodic,sample_aware,12,0.24900899827480316,0.6605992317199707,0.47012168169021606,0.37422129180696273,0.07832573271460003,0.024031568732526567,1.3918110926946003,0.13126582403977713,0.002698119134745664,0.00013597530778497458,0.6446666666666667
5,29,periodic,sample_aware,12,0.24900899827480316,0.6605992317199707,0.47012168169021606,0.369796355565389,0.07451671900020705,0.02413901086482737,1.3797869549857245,0.13169499072763655,0.0028117513025386464,0.00012211857311841514,0.6476666666666666
5,30,periodic,sample_aware,12,0.24900899827480316,0.6605992317199707,0.47012168169021606,0.3660392728116777,0.07397251245048311,0.025113043892714713,1.3496713505850897,0.13044265078173745,0.002959478051505155,0.00012835890649714402,0.65
5,31,periodic,sample_aware,12,0.24900899827480316,0.6605992317199707,0.47012168169021606,0.36290204856130814,0.07002253457903862,0.02566450958450635,1.3435160981284247,0.13134769764211443,0.0029015058858527076,0.00012988381139520142,0.649
5,32,periodic,sample_aware,12,0.24900899827480316,0.6605992317199707,0.47012168169021606,0.35727348261409336,0.0655390578839514,0.02504483051598072,1.3176182111104329,0.13342639969454873,0.0028736889362335205,0.0001290535114498602,0.6506666666666666
5,33,periodic,sample_aware,12,0.24900899827480316,0.6605992317199707,0.47012168169021606,0.350770052936342,0.06538838230901295,0.024702202735675707,1.3018995390997992,0.12902427299155128,0.002804328946189748,0.00012616207176405523,0.6516666666666666
5,34,periodic,sample_aware,12,0.24900899827480316,0.6605992317199707,0.47012168169021606,0.3494915895991855,0.06173161706990666,0.027137922330035105,1.2906136512756348,0.12992191480265725,0.0031456275480902856,0.0001319066828323735,0.651
5,35,periodic,sample_aware,12,0.24900899827480316,0.6605992317199707,0.47012168169021606,0.34943285915586686,0.061913064784473844,0.02589412737223837,1.2745084232754178,0.13255080001221764,0.003117319222332703,0.00013071054127067327,0.654
5,36,periodic,sample_aware,12,0.24900899827480316,0.6605992317199707,0.47012168169021606,0.3458373149236043,0.05826975156863531,0.02797844861116674,1.25842195087009,0.13212583627965716,0.003105738614168432,0.00013640832104202773,0.6556666666666666
5,37,periodic,sample_aware,12,0.24900899827480316,0.6605992317199707,0.47012168169021606,0.3397419552008311,0.05641978523797459,0.028297877353098657,1.2324827777014837,0.1300312810473972,0.0033495791204687622,0.00013989494699570868,0.6523333333333333
5,38,periodic,sample_aware,12,0.24900899827480316,0.6605992317199707,0.47012168169021606,0.3355202873547872,0.05602273717522621,0.02620816437734498,1.2192840973536174,0.1296328537993961,0.0033204255159944296,0.00013581143381694952,0.6583333333333333
5,39,periodic,sample_aware,12,0.24900899827480316,0.6605992317199707,0.47012168169021606,0.33258989453315735,0.055128020544846855,0.02465388799707095,1.2043973472383287,0.13064203328556484,0.0033129390018681684,0.00013950051248280538,0.6596666666666666
5,40,periodic,sample_aware,12,0.24900899827480316,0.6605992317199707,0.47012168169021606,0.3326261407799191,0.053761284384462565,0.025018284304274455,1.1861933602227106,0.13348845971955192,0.0033319542546653086,0.0001455956112800373,0.6583333333333333
5,41,periodic,sample_aware,13,0.2134837806224823,0.6742716431617737,0.4636085331439972,0.3266383906205495,0.050021089199516505,0.026260252628061507,1.1782822873857286,0.13083158102300432,0.0032588171306997538,0.00013564456538814638,0.661
5,42,periodic,sample_aware,13,0.2134837806224823,0.6742716431617737,0.4636085331439972,0.3258658978674147,0.04959606503446897,0.024465216530693903,1.1642924944559734,0.13358766668372685,0.003433466578523318,0.00014191744978436164,0.663
5,43,periodic,sample_aware,13,0.2134837806224823,0.6742716431617737,0.4636085331439972,0.3203115198347304,0.048501447257068425,0.024153076112270355,1.148872971534729,0.13100120176871619,0.003408378533398112,0.00012862510953305496,0.665
5,44,periodic,sample_aware,13,0.2134837806224823,0.6742716431617737,0.4636085331439972,0.31256939967473346,0.04661095183756617,0.02265751175582409,1.1309041579564412,0.1285200590888659,0.003255644709699684,0.00012527477358364395,0.6626666666666666
5,45,periodic,sample_aware,13,0.2134837806224823,0.6742716431617737,0.4636085331439972,0.3145376940568288,0.04703519990046819,0.02535790101521545,1.1113198068406847,0.12926028006606632,0.0033816122191233765,0.00012306087107087174,0.668
5,46,periodic,sample_aware,13,0.2134837806224823,0.6742716431617737,0.4636085331439972,0.31172888808780247,0.04592173256807857,0.02612569948865308,1.0987774266137018,0.12787970072693294,0.0037174378780441154,0.00013058562763035297,0.6656666666666666
5,47,periodic,sample_aware,13,0.2134837806224823,0.6742716431617737,0.4636085331439972,0.31805384159088135,0.04689538975556692,0.030967439835270245,1.0941007667117648,0.1287726710240046,0.0038828024019797644,0.00013370614033192396,0.6663333333333333
5,48,periodic,sample_aware,13,0.2134837806224823,0.6742716431617737,0.4636085331439972,0.31567807661162484,0.04501920483178563,0.030649078595969412,1.0835269424650404,0.12930317885345882,0.004550510707000892,0.0001573243191362255,0.6606666666666666
5,49,periodic,sample_aware,13,0.2134837806224823,0.6742716431617737,0.4636085331439972,0.3133383227719201,0.044077389356162816,0.028961592871281836,1.067803727255927,0.1309142808119456,0.005027405607203643,0.00018195683110712303,0.6696666666666666
5,50,periodic,sample_aware,13,0.2134837806224823,0.6742716431617737,0.4636085331439972,0.3102402885754903,0.043439236366086535,0.029366170573565695,1.0579797294404771,0.12894677784707811,0.005192532669752836,0.00018773878562367626,0.665
5,51,periodic,sample_aware,13,0.2134837806224823,0.6742716431617737,0.4636085331439972,0.30264026920000714,0.04287547287013796,0.027042450176344976,1.040189610587226,0.12615203691853416,0.004924900778051879,0.00017778831534087658,0.669
5,52,periodic,sample_aware,13,0.2134837806224823,0.6742716431617737,0.4636085331439972,0.30298610859447056,0.042237440745035805,0.02425300557580259,1.0325549377335443,0.1307609130938848,0.004796191584318876,0.0001623262845290204,0.6696666666666666
5,53,periodic,sample_aware,13,0.2134837806224823,0.6742716431617737,0.4636085331439972,0.29887793792618644,0.040797491868337,0.022095157868332334,1.0335115194320679,0.1301315418548054,0.004849369896368848,0.0001558185580910908,0.6696666666666666
5,54,periodic,sample_aware,13,0.2134837806224823,0.6742716431617737,0.4636085331439972,0.29422932863235474,0.04024343482322163,0.024168999037808843,1.0151661568217807,0.1260957188076443,0.004265624460660749,0.0001434942565134002,0.6683333333333333
5,55,periodic,sample_aware,13,0.2134837806224823,0.6742716431617737,0.4636085331439972,0.292845133278105,0.03970478971799215,0.024506514685021505,0.9998749958144294,0.1264779335922665,0.004188210186031129,0.00014857645146548748,0.6686666666666666
5,56,periodic,sample_aware,13,0.2134837806224823,0.6742716431617737,0.4636085331439972,0.294909182522032,0.03933961730864313,0.023706515837046836,0.9888488981458876,0.13026567962434557,0.0052407158849140005,0.00018425159052842192,0.6696666666666666
5,57,periodic,sample_aware,13,0.2134837806224823,0.6742716431617737,0.4636085331439972,0.29306389888127643,0.0399206280708313,0.024168703084190685,0.9729620416959127,0.12876408961084154,0.005612395600312286,0.0002161616446553833,0.67
5,58,periodic,sample_aware,13,0.2134837806224823,0.6742716431617737,0.4636085331439972,0.290705402692159,0.03899018963177999,0.02321248108314143,0.9816849960221185,0.127828492058648,0.004831912668628825,0.00017957597608781524,0.6696666666666666
5,59,periodic,sample_aware,13,0.2134837806224823,0.6742716431617737,0.4636085331439972,0.2896847989824083,0.038546107709407806,0.023214163465632334,0.9616885715060763,0.12957712180084652,0.004204023318986098,0.00015308117468117012,0.673
5,60,periodic,sample_aware,13,0.2134837806224823,0.6742716431617737,0.4636085331439972,0.2877087692419688,0.0379451099369261,0.022455864689416356,0.9649522304534912,0.12899528278244865,0.003494663629680872,0.0001399022423558765,0.6723333333333333
5,61,periodic,sample_aware,13,0.2134837806224823,0.6742716431617737,0.4636085331439972,0.2880292667282952,0.03820866925848855,0.024766634735796187,0.9358463419808282,0.12962234682506985,0.0035591917629871103,0.00013477652100846171,0.6713333333333333
5,62,periodic,sample_aware,13,0.2134837806224823,0.6742716431617737,0.4636085331439972,0.2913146979278988,0.03703621029853821,0.028454593279295497,0.936233639717102,0.12998007734616598,0.0042863296241396,0.00015458433578411737,0.6753333333333333
5,63,periodic,sample_aware,13,0.2134837806224823,0.6742716431617737,0.4636085331439972,0.28750437166955733,0.03755375618735949,0.027404218291242916,0.9312072859870063,0.1272914724217521,0.004114874224695895,0.0001535015439407693,0.675
5,64,periodic,sample_aware,13,0.2134837806224823,0.6742716431617737,0.4636085331439972,0.2867012553744846,0.03753276997142368,0.026635383152299456,0.9183719091945224,0.12861713849835926,0.004008690283323328,0.00014885441244890293,0.6756666666666666
5,65,periodic,sample_aware,13,0.2134837806224823,0.6742716431617737,0.4636085331439972,0.28058825267685783,0.03580219050248464,0.024349361037214596,0.9063091145621406,0.1277079689833853,0.004059099281827609,0.0001365622091624472,0.6726666666666666
5,66,periodic,sample_aware,13,0.2134837806224823,0.6742716431617737,0.4636085331439972,0.28745954897668624,0.03668631654646662,0.02689195589886771,0.9147043294376798,0.13007830248938668,0.004526319137463967,0.0001387561464475261,0.6726666666666666
5,67,periodic,sample_aware,13,0.2134837806224823,0.6742716431617737,0.4636085331439972,0.28948311342133415,0.03667729968825976,0.031393428850505084,0.8991833527882894,0.12894298964076573,0.004955690923250384,0.0001464178332955473,0.6736666666666666
5,68,periodic,sample_aware,13,0.2134837806224823,0.6742716431617737,0.4636085331439972,0.29293156663576764,0.035963560144106545,0.03290873165759775,0.894234730137719,0.13181821670797136,0.0054578835972481305,0.00017729955854722194,0.674
5,69,periodic,sample_aware,13,0.2134837806224823,0.6742716431617737,0.4636085331439972,0.28441233767403495,0.0344928213291698,0.031179224451382954,0.883227268854777,0.12748667266633776,0.005658311821106408,0.00020347511680382822,0.679
5,70,periodic,sample_aware,13,0.2134837806224823,0.6742716431617737,0.4636085331439972,0.28991811805301243,0.0361527336968316,0.03249443363812235,0.8888045615620084,0.1293554041120741,0.005878118125514852,0.00019204074568632577,0.6713333333333333
5,71,periodic,sample_aware,13,0.2134837806224823,0.6742716431617737,0.4636085331439972,0.2893693645795186,0.034291014903121524,0.03535389651854833,0.8830380969577365,0.12803776644998127,0.00656632013205025,0.00019942795107555058,0.676
5,72,periodic,sample_aware,13,0.2134837806224823,0.6742716431617737,0.4636085331439972,0.2910439471403758,0.03406145382258627,0.03399368023706807,0.8670509391360812,0.13292287207312053,0.006532797745118539,0.00018890997550139824,0.672
5,73,periodic,sample_aware,13,0.2134837806224823,0.6742716431617737,0.4636085331439972,0.29013893339369035,0.03432389721274376,0.03958431051837073,0.8555187516742282,0.12683661116494072,0.007461478002369404,0.00022299504295612374,0.6753333333333333
5,74,periodic,sample_aware,13,0.2134837806224823,0.6742716431617737,0.4636085331439972,0.2900358802742428,0.03466690145432949,0.03781457576486799,0.8572206497192383,0.12785388032595316,0.007717750242186917,0.00023916471723674072,0.6726666666666666
5,75,periodic,sample_aware,13,0.2134837806224823,0.6742716431617737,0.4636085331439972,0.2889051338036855,0.03432677396469646,0.03707456340392431,0.8488912118805779,0.12854199277030098,0.00789656810876396,0.0002488032461971872,0.674
5,76,periodic,sample_aware,13,0.2134837806224823,0.6742716431617737,0.4636085331439972,0.28941256470150417,0.03382688926325904,0.03917875223689609,0.8470750980907016,0.12802515675624213,0.007116791533513201,0.00023172028724932007,0.6716666666666666
5,77,periodic,sample_aware,13,0.2134837806224823,0.6742716431617737,0.4636085331439972,0.30030038952827454,0.03414080540339152,0.04664893613921271,0.8466560774379306,0.1307511122690307,0.007944545863817135,0.00024330547441624932,0.673
5,78,periodic,sample_aware,13,0.2134837806224823,0.6742716431617737,0.4636085331439972,0.3045547737015618,0.034505179772774376,0.05074920256932577,0.846807148721483,0.12939292026890648,0.010138042271137238,0.00031548019938377873,0.6756666666666666
5,79,periodic,sample_aware,13,0.2134837806224823,0.6742716431617737,0.4636085331439972,0.2935970425605774,0.034356775797075696,0.040825756473673716,0.8318179978264703,0.12938164174556732,0.011354196092320813,0.0003479412342939112,0.6686666666666666
5,80,periodic,sample_aware,13,0.2134837806224823,0.6742716431617737,0.4636085331439972,0.2904495464430915,0.03270815395646625,0.03775398681561152,0.8330509927537706,0.13174734347396427,0.009576892687214745,0.00029304060283013515,0.6763333333333333
5,81,periodic,sample_aware,14,0.1872052401304245,0.6807610392570496,0.45827269554138184,0.27929656041993034,0.03128554920355479,0.03180735992888609,0.8276735411749946,0.1289147569073571,0.008778330869972706,0.0002647613485654195,0.678
5,82,periodic,sample_aware,14,0.1872052401304245,0.6807610392570496,0.45827269554138184,0.2738865680164761,0.03152744037409624,0.028957470630606014,0.8103462060292562,0.12883976764149135,0.006837051051358382,0.00021747723480479585,0.6756666666666666
5,83,periodic,sample_aware,14,0.1872052401304245,0.6807610392570496,0.45827269554138184,0.2761118842495812,0.03164471209877067,0.029600666215022404,0.8087931871414185,0.13086431556277806,0.006049534875071711,0.00019619610652120577,0.6776666666666666
5,84,periodic,sample_aware,14,0.1872052401304245,0.6807610392570496,0.45827269554138184,0.2706822090678745,0.030982808727357123,0.028461776880754366,0.8005277978049384,0.12830685575803122,0.005568086428360807,0.0001878775074146688,0.6786666666666666
5,85,periodic,sample_aware,14,0.1872052401304245,0.6807610392570496,0.45827269554138184,0.2686983346939087,0.03151494305994776,0.026490656865967646,0.7899844447771708,0.12894326448440552,0.005315706547763612,0.00018634405245797502,0.6773333333333333
5,86,periodic,sample_aware,14,0.1872052401304245,0.6807610392570496,0.45827269554138184,0.2686753239896562,0.030718162862790957,0.02614137219885985,0.7916085256470574,0.13017468319998848,0.004792912242313226,0.0001675966907189124,0.6786666666666666
5,87,periodic,sample_aware,14,0.1872052401304245,0.6807610392570496,0.45827269554138184,0.26379050811131793,0.030966612199942272,0.022088917386200693,0.7870277033911811,0.12970292982127932,0.004483558134072357,0.0001749904606387847,0.6796666666666666
5,88,periodic,sample_aware,14,0.1872052401304245,0.6807610392570496,0.45827269554138184,0.25963033901320565,0.030091417539450858,0.02213366950551669,0.7724324199888442,0.12811180783642662,0.003963252141450842,0.00013714403353838457,0.679
5,89,periodic,sample_aware,14,0.1872052401304245,0.6807610392570496,0.45827269554138184,0.26317210661040413,0.030575415740410488,0.02281367778778076,0.7772948344548544,0.13015831427441704,0.0036559474861456286,0.00013449109004189572,0.6743333333333333
5,90,periodic,sample_aware,14,0.1872052401304245,0.6807610392570496,0.45827269554138184,0.2576169702741835,0.030485720477170415,0.020678812430964574,0.7657994959089491,0.12799208445681465,0.003635864109835691,0.0001249373114357392,0.6823333333333333
5,91,periodic,sample_aware,14,0.1872052401304245,0.6807610392570496,0.45827269554138184,0.26168597406811184,0.03026805818080902,0.023863321791092556,0.7699611716800265,0.1288235162695249,0.003347458421356148,0.0001224552526966565,0.677
5,92,periodic,sample_aware,14,0.1872052401304245,0.6807610392570496,0.45827269554138184,0.2679588728480869,0.02992544136941433,0.03048645808464951,0.768205808268653,0.12892824908097586,0.0034728428969780603,0.00012343642689908543,0.6776666666666666
5,93,periodic,sample_aware,14,0.1872052401304245,0.6807610392570496,0.45827269554138184,0.2649825049771203,0.030688773840665817,0.03000536271267467,0.7546941439310709,0.12667765468358994,0.004150612202162544,0.00013198599400412705,0.6773333333333333
5,94,periodic,sample_aware,14,0.1872052401304245,0.6807610392570496,0.45827269554138184,0.2595392432477739,0.02931985238360034,0.02559800673690107,0.7508441540930006,0.12721979369719824,0.004487618079615964,0.00014671795846273503,0.676
5,95,periodic,sample_aware,14,0.1872052401304245,0.6807610392570496,0.45827269554138184,0.25884587731626296,0.028561639082100656,0.023288810211751197,0.7558205789989896,0.12931431167655522,0.00405805586423311,0.00014005940304034285,0.6783333333333333
5,96,periodic,sample_aware,14,0.1872052401304245,0.6807610392570496,0.45827269554138184,0.25335193342632717,0.029113560501072142,0.022220318102174334,0.7425480021370782,0.12568221241235733,0.004018321167677641,0.00014377450053062703,0.6786666666666666
5,97,periodic,sample_aware,14,0.1872052401304245,0.6807610392570496,0.45827269554138184,0.2522582742902968,0.02886308543384075,0.02117070183157921,0.7412749197747972,0.12628945956627527,0.003487140483533343,0.00012792725141884552,0.679
5,98,periodic,sample_aware,14,0.1872052401304245,0.6807610392570496,0.45827269554138184,0.2518743740187751,0.028387812069720693,0.019163533631298277,0.7385590738720365,0.12873498267597622,0.003334638067624635,0.00012962551166613898,0.6776666666666666
5,99,periodic,sample_aware,14,0.1872052401304245,0.6807610392570496,0.45827269554138184,0.24805132548014322,0.027910582721233368,0.019163886912994914,0.7249284055497911,0.12690206037627327,0.003052365422869722,0.00011154514504596591,0.6846666666666666
5,100,periodic,sample_aware,14,0.1872052401304245,0.6807610392570496,0.45827269554138184,0.24951778683397505,0.027192277212937672,0.01971305761900213,0.7301318181885613,0.12802060527933967,0.00304231490008533,0.0001150018910670446,0.6803333333333333
5,101,periodic,sample_aware,14,0.1872052401304245,0.6807610392570496,0.45827269554138184,0.24991272721025679,0.02877008935643567,0.020540158367819257,0.7246163884798685,0.12653331127431658,0.003103082094134556,0.0001119688515447908,0.6776666666666666
5,102,periodic,sample_aware,14,0.1872052401304245,0.6807610392570496,0.45827269554138184,0.25213750700155896,0.027701999992132187,0.0227881684485409,0.7163438465860155,0.12823447502321667,0.0034408686009960044,0.00011609047133889463,0.6793333333333333
5,103,periodic,sample_aware,14,0.1872052401304245,0.6807610392570496,0.45827269554138184,0.2543122238583035,0.02794640531970395,0.024120468646287918,0.7277724809116788,0.12761488722430336,0.003585921807421578,0.00012049240629292197,0.676
5,104,periodic,sample_aware,14,0.1872052401304245,0.6807610392570496,0.45827269554138184,0.2528921200169457,0.02800176168481509,0.023901502291361492,0.7181639009051852,0.12715677585866716,0.0038962195006509623,0.0001351466829267641,0.6783333333333333
5,105,periodic,sample_aware,14,0.1872052401304245,0.6807610392570496,0.45827269554138184,0.25594594577948254,0.027712199630008802,0.026190718842877284,0.7140246364805434,0.12840961830483544,0.004318445895074142,0.00014345096941623423,0.68
5,106,periodic,sample_aware,14,0.1872052401304245,0.6807610392570496,0.45827269554138184,0.25727100173632306,0.02850625891652372,0.026166745978924964,0.7114940219455295,0.1290626840458976,0.00462328570170535,0.000148522370080981,0.6753333333333333
5,107,periodic,sample_aware,14,0.1872052401304245,0.6807610392570496,0.45827269554138184,0.26036476757791305,0.02845786242849297,0.02760944205025832,0.7169678012530009,0.13005110373099646,0.004936440097582009,0.0001627197165766524,0.681
5,108,periodic,sample_aware,14,0.1872052401304245,0.6807610392570496,0.45827269554138184,0.25968747668796116,0.027377534243795607,0.027977278663052454,0.718308515018887,0.12967408862378862,0.005490740192019277,0.00016470830370154645,0.68
5,109,periodic,sample_aware,14,0.1872052401304245,0.6807610392570496,0.45827269554138184,0.25732356641027665,0.028004293019572895,0.025945382192730904,0.7070034742355347,0.12984588825040394,0.005496080550882552,0.00015922277493195402,0.6803333333333333
5,110,periodic,sample_aware,14,0.1872052401304245,0.6807610392570496,0.45827269554138184,0.2584006041288376,0.027122149243950844,0.030253465597828228,0.6968392067485385,0.12830133570565116,0.005899187901781665,0.00018028246187087562,0.679
5,111,periodic,sample_aware,14,0.1872052401304245,0.6807610392570496,0.45827269554138184,0.2665793167220222,0.0271516436090072,0.03704296031759845,0.6981726222568088,0.1286197362674607,0.007662313576373789,0.00023309647804126143,0.6826666666666666
5,112,periodic,sample_aware,14,0.1872052401304245,0.6807610392570496,0.45827269554138184,0.2638435728020138,0.027630335754818387,0.03409347600407071,0.6966387033462524,0.12881646884812248,0.007055351924565103,0.00022350350627675653,0.6776666666666666
5,113,periodic,sample_aware,14,0.1872052401304245,0.6807610392570496,0.45827269554138184,0.2664679487546285,0.02730925463967853,0.035558242764737874,0.7007095482614305,0.13000492751598358,0.006847587103645007,0.00020155582266549268,0.68
5,114,periodic,sample_aware,14,0.1872052401304245,0.6807610392570496,0.45827269554138184,0.2594299349519942,0.02685136679146025,0.032759458447496094,0.6955361697408888,0.12684101776944268,0.0066489602128664655,0.00019998479142992033,0.6776666666666666
5,115,periodic,sample_aware,14,0.1872052401304245,0.6807610392570496,0.45827269554138184,0.2598953876230452,0.027003776902953785,0.03036404297583633,0.6956065230899386,0.1293567501836353,0.006992925889790058,0.00022741125172211064,0.6803333333333333
5,116,periodic,sample_aware,14,0.1872052401304245,0.6807610392570496,0.45827269554138184,0.25904707610607147,0.026808187158571348,0.028327542667587597,0.6951498256789314,0.13065999084048802,0.007236142177134752,0.00023658532882109284,0.6806666666666666
5,117,periodic,sample_aware,14,0.1872052401304245,0.6807610392570496,0.45827269554138184,0.2509636465046141,0.027178465492195554,0.022075583537419636,0.6894636352856954,0.12926018072499168,0.006772112256536881,0.00023399173773618208,0.6803333333333333
5,118,periodic,sample_aware,14,0.1872052401304245,0.6807610392570496,0.45827269554138184,0.25068427787886727,0.026807877752516005,0.020825849018163152,0.6821752124362521,0.1314782036675347,0.006491083186119795,0.0002185695468344622,0.68
5,119,periodic,sample_aware,14,0.1872052401304245,0.6807610392570496,0.45827269554138184,0.24478407866424984,0.026890147891309526,0.01907152123749256,0.6795240706867642,0.1274675577878952,0.006588234617892239,0.0002166520312635435,0.6816666666666666
5,120,periodic,sample_aware,14,0.1872052401304245,0.6807610392570496,0.45827269554138184,0.24353913134998745,0.025980365152160328,0.01800949436922868,0.6704406274689568,0.12952694876326454,0.005748593300167058,0.00020793154706350632,0.6776666666666666
5,121,periodic,sample_aware,15,0.1686069518327713,0.6864215731620789,0.45566079020500183,0.2430995222595003,0.025537600740790367,0.019595560617744923,0.6713074511951871,0.1284763432211346,0.004552603957967626,0.00016593805695366528,0.6833333333333333
5,122,periodic,sample_aware,15,0.1686069518327713,0.6864215731620789,0.45566079020500183,0.2441259804699156,0.02626672304338879,0.019102546903822158,0.6717991630236307,0.1293158150381512,0.004361321166571643,0.0001606351514864299,0.683
5,123,periodic,sample_aware,15,0.1686069518327713,0.6864215731620789,0.45566079020500183,0.2390691207514869,0.02587327112754186,0.017247194320791297,0.6617315279112922,0.1275199121899075,0.004346354295396143,0.0001648119844806691,0.682
5,124,periodic,sample_aware,15,0.1686069518327713,0.6864215731620789,0.45566079020500183,0.24140402177969614,0.025989313920338947,0.01839320154653655,0.6607640319400363,0.12897751066419813,0.0037928239908069372,0.00014235534601741366,0.6806666666666666
5,125,periodic,sample_aware,15,0.1686069518327713,0.6864215731620789,0.45566079020500183,0.2381006015671624,0.02552282644642724,0.015969834393925138,0.666592644320594,0.12823235077990425,0.003305672952491376,0.00012697673325116435,0.6823333333333333
5,126,periodic,sample_aware,15,0.1686069518327713,0.6864215731620789,0.45566079020500183,0.23549234867095947,0.025276626149813335,0.015934025558332603,0.65591475698683,0.1271331947710779,0.0029917307094567353,0.0001223204825590882,0.6813333333333333
5,127,periodic,sample_aware,15,0.1686069518327713,0.6864215731620789,0.45566079020500183,0.24016055630313027,0.02616723792420493,0.016904041584995057,0.6575866076681349,0.1297278164161576,0.0030867075806276668,0.0001188893608438472,0.682
5,128,periodic,sample_aware,15,0.1686069518327713,0.6864215731620789,0.45566079020500183,0.23638794985082415,0.025525423387686413,0.017196406092908647,0.6492090423901876,0.12726871917645136,0.0028362965935634244,0.00011669158832066589,0.6813333333333333
5,129,periodic,sample_aware,15,0.1686069518327713,0.6864215731620789,0.45566079020500183,0.2392380734284719,0.02511108335521486,0.01936875966687997,0.6488630705409579,0.12811289562119377,0.0033905459050503042,0.0001275110731108321,0.6866666666666666
5,130,periodic,sample_aware,15,0.1686069518327713,0.6864215731620789,0.45566079020500183,0.24082558188173506,0.02562026534643438,0.021394872417052586,0.6420375837220086,0.12755262851715088,0.00395385882196327,0.00015425665252324607,0.681
5,131,periodic,sample_aware,15,0.1686069518327713,0.6864215731620789,0.45566079020500183,0.24659991595480177,0.025927432709270053,0.0236902657068438,0.6534080968962775,0.12947494784990946,0.004189648820708196,0.0001432683590489129,0.6843333333333333
5,132,periodic,sample_aware,15,0.1686069518327713,0.6864215731620789,0.45566079020500183,0.2451876683367623,0.025885144455565348,0.02610356609026591,0.643522838751475,0.12621239407194984,0.005096186883747578,0.0001723810888102485,0.6833333333333333
5,133,periodic,sample_aware,15,0.1686069518327713,0.6864215731620789,0.45566079020500183,0.258643517891566,0.025536664037240878,0.03215388539764616,0.6568114426400926,0.13232000834412044,0.005699122065885199,0.00020450709335919883,0.6793333333333333
5,134,periodic,sample_aware,15,0.1686069518327713,0.6864215731620789,0.45566079020500183,0.24927793939908346,0.025641135664449796,0.029456831514835358,0.6434354119830661,0.12669711311658224,0.006050999379820294,0.00022763663178516759,0.686
5,135,periodic,sample_aware,15,0.1686069518327713,0.6864215731620789,0.45566079020500183,0.24820898638831246,0.0242340291539828,0.028039377596643236,0.6432117687331306,0.12838267203834322,0.00623492415373524,0.00022853538393974304,0.6856666666666666
5,136,periodic,sample_aware,15,0.1686069518327713,0.6864215731620789,0.45566079020500183,0.24288609955045912,0.025030170670813985,0.024986793597539265,0.6372116605440775,0.1261173908909162,0.005864494997594092,0.0001966663532786899,0.6843333333333333
5,137,periodic,sample_aware,15,0.1686069518327713,0.6864215731620789,0.45566079020500183,0.24896799359056684,0.02558736503124237,0.02745752553972933,0.6400272713767158,0.12883060342735714,0.0059692405888603795,0.00021030389729680287,0.6813333333333333
5,138,periodic,sample_aware,15,0.1686069518327713,0.6864215731620789,0.45566079020500183,0.24314150214195251,0.024816210485166974,0.024978340913852055,0.6318672365612454,0.1272978170050515,0.005543562376664745,0.00018125551287084818,0.684
5,139,periodic,sample_aware,15,0.1686069518327713,0.6864215731620789,0.45566079020500183,0.2412587652603785,0.024997347137994237,0.02467209618124697,0.628695633676317,0.12613232764932844,0.004997227237456375,0.00017763714357796643,0.691
5,140,periodic,sample_aware,15,0.1686069518327713,0.6864215731620789,0.45566079020500183,0.24460032251146105,0.02493929738799731,0.025954630846778553,0.6278646190961202,0.1280696847372585,0.005522403917792771,0.00017809426127415564,0.676
5,141,periodic,sample_aware,15,0.1686069518327713,0.6864215731620789,0.45566079020500183,0.2452994402911928,0.025028263322181173,0.024296888874636755,0.6294204592704773,0.13031030860212114,0.005263323585192363,0.0001805466147036188,0.685
5,142,periodic,sample_aware,15,0.1686069518327713,0.6864215731620789,0.45566079020500183,0.2463715540038215,0.024749367601341672,0.02572108039425479,0.628431585099962,0.13034994900226593,0.005219804330004586,0.00019618999471680986,0.681
5,143,periodic,sample_aware,15,0.1686069518327713,0.6864215731620789,0.45566079020500183,0.24458803236484528,0.024821378083692655,0.025156899872753356,0.6318995687696669,0.1287597177757157,0.00511422251454658,0.00020594156295475032,0.6843333333333333
5,144,periodic,sample_aware,15,0.1686069518327713,0.6864215731620789,0.45566079020500183,0.24652480251259273,0.02456366622613536,0.027500703930854797,0.628501746389601,0.12860988163285786,0.005801126412633393,0.0001996201721744405,0.683
5,145,periodic,sample_aware,15,0.1686069518327713,0.6864215731620789,0.45566079020500183,0.25289108024703133,0.02435771893295977,0.03337071566945977,0.626870334148407,0.12888355056444803,0.0069474354903731085,0.00023668633851533136,0.683
5,146,periodic,sample_aware,15,0.1686069518327713,0.6864215731620789,0.45566079020500183,0.25443815026018357,0.02532799645430512,0.03228121416436301,0.6365497046046786,0.12956067588594225,0.0069955820217728615,0.00023101031547412276,0.68
5,147,periodic,sample_aware,15,0.1686069518327713,0.6864215731620789,0.45566079020500183,0.24928063485357496,0.02400241916378339,0.030468934112124972,0.6267670525444878,0.12837284389469358,0.007277310670663913,0.00024214467137224146,0.684
5,148,periodic,sample_aware,15,0.1686069518327713,0.6864215731620789,0.45566079020500183,0.25119464430544114,0.024457905234562025,0.033959431366788015,0.624681274096171,0.1260614875290129,0.008227121964510944,0.0002682745818876558,0.681
5,149,periodic,sample_aware,15,0.1686069518327713,0.6864215731620789,0.45566079020500183,0.25083617038196987,0.023416835607753858,0.03203989192843437,0.6223924358685812,0.12938662866751352,0.007283707304547231,0.0002234287741076615,0.6826666666666666
5,150,periodic,sample_aware,15,0.1686069518327713,0.6864215731620789,0.45566079020500183,0.25023550788561505,0.024921883932418294,0.030103522663315136,0.6192294955253601,0.1299108018477758,0.006542028393596411,0.0002106653345334861,0.6863333333333334
5,151,periodic,sample_aware,15,0.1686069518327713,0.6864215731620789,0.45566079020500183,0.24613558252652487,0.02409626605610053,0.028595223195023008,0.6134802103042603,0.12892158743407992,0.006155454191482729,0.000193505871316625,0.6816666666666666
5,152,periodic,sample_aware,15,0.1686069518327713,0.6864215731620789,0.45566079020500183,0.2440903683503469,0.023423074434200924,0.02873080513543553,0.6073915229903327,0.12789725263913473,0.006397648404041926,0.0002025131317269471,0.6886666666666666
5,153,periodic,sample_aware,15,0.1686069518327713,0.6864215731620789,0.45566079020500183,0.24417542086707222,0.024053686401910253,0.025294854823085997,0.6142781575520834,0.1302586073676745,0.006086372149487336,0.00019453837820846174,0.686
5,154,periodic,sample_aware,15,0.1686069518327713,0.6864215731620789,0.45566079020500183,0.2453190137942632,0.02397612275348769,0.028415036698182423,0.6147505839665731,0.12828137973944345,0.006138686815069782,0.00020413948611045876,0.686
5,155,periodic,sample_aware,15,0.1686069518327713,0.6864215731620789,0.45566079020500183,0.2404982563522127,0.022967479916082487,0.02630163191093339,0.6081717875268724,0.12695799436834124,0.006684914490001069,0.00022302465772049295,0.6823333333333333
5,156,periodic,sample_aware,15,0.1686069518327713,0.6864215731620789,0.45566079020500183,0.24033724599414402,0.0235422243260675,0.02551198730038272,0.6062286032570733,0.12759485261307824,0.005921333873023589,0.00020930957463052537,0.689
5,157,periodic,sample_aware,15,0.1686069518327713,0.6864215731620789,0.45566079020500183,0.24034801953368717,0.02423118261827363,0.024685888447695307,0.6042386558320787,0.12792550606860054,0.005946272880666786,0.00021687713969084952,0.6816666666666666
5,158,periodic,sample_aware,15,0.1686069518327713,0.6864215731620789,0.45566079020500183,0.24144427478313446,0.0231906831678417,0.025939416761199634,0.6078156166606479,0.12838876081837547,0.00608283214064108,0.0002048637187625799,0.6853333333333333
5,159,periodic,sample_aware,15,0.1686069518327713,0.6864215731620789,0.45566079020500183,0.2453617122438219,0.023426441061827872,0.026416279582513705,0.615602069430881,0.13043152458137935,0.006840822390384144,0.00021370054067422947,0.687
5,160,periodic,sample_aware,15,0.1686069518327713,0.6864215731620789,0.45566079020500183,0.24579843878746033,0.023416056194239192,0.029212952074077394,0.6043578849898444,0.12883686853779686,0.007534566697561079,0.00025898317754682567,0.6833333333333333
5,161,periodic,sample_aware,16,0.1539701223373413,0.6911526322364807,0.4537469446659088,0.2425799419482549,0.023562460723850463,0.030017583941419918,0.5964786145422194,0.12512795047627556,0.008168668072256777,0.00027950815597756044,0.6836666666666666
5,162,periodic,sample_aware,16,0.1539701223373413,0.6911526322364807,0.4537469446659088,0.24287976655695173,0.02349147241976526,0.02654481389456325,0.5993053780661689,0.1291564562254482,0.007275294926431444,0.00023766608986382684,0.685
5,163,periodic,sample_aware,16,0.1539701223373413,0.6911526322364807,0.4537469446659088,0.2419936110575994,0.023704193325506315,0.025592268961999152,0.5997754997677274,0.12899672322803074,0.007223067856911156,0.000222678794266863,0.686
5,164,periodic,sample_aware,16,0.1539701223373413,0.6911526322364807,0.4537469446659088,0.2431356062491735,0.02316706979440318,0.027719717472791672,0.5988515814145406,0.12914967205789354,0.006220589702328046,0.00020739085610128113,0.684
5,165,periodic,sample_aware,16,0.1539701223373413,0.6911526322364807,0.4537469446659088,0.23957743247350058,0.023142175748944283,0.02598277624282572,0.597416983710395,0.12751993702517617,0.006186479081710179,0.0001952101075504389,0.6826666666666666
5,166,periodic,sample_aware,16,0.1539701223373413,0.6911526322364807,0.4537469446659088,0.23783868551254272,0.023274548972646397,0.02497953838772244,0.5998595092031691,0.12673509203725392,0.005545604042708874,0.00018150837988489203,0.6876666666666666
5,167,periodic,sample_aware,16,0.1539701223373413,0.6911526322364807,0.4537469446659088,0.23243587381309933,0.022872909489605162,0.021668629099925358,0.5900977585050795,0.1261367541220453,0.005328195066087776,0.0001674133301195171,0.6846666666666666
5,168,periodic,sample_aware,16,0.1539701223373413,0.6911526322364807,0.4537469446659088,0.2336441311571333,0.023568730387422774,0.020787088614371087,0.5909063418706259,0.1273847139543957,0.005438780825999048,0.00018714850173435279,0.6856666666666666
5,169,periodic,sample_aware,16,0.1539701223373413,0.6911526322364807,0.4537469446659088,0.23106301327546439,0.022609881021910243,0.020373738474316068,0.5852719876501296,0.12675412578715217,0.005410422001861864,0.00018571526743471622,0.6826666666666666
5,170,periodic,sample_aware,16,0.1539701223373413,0.6911526322364807,0.4537469446659088,0.23202431864208645,0.02324242413871818,0.019833616705404386,0.5836280319425795,0.1275216614206632,0.005929144461535745,0.00019848315666119257,0.6856666666666666
5,171,periodic,sample_aware,16,0.1539701223373413,0.6911526322364807,0.4537469446659088,0.22782214813762242,0.022639400222235255,0.018741676169965003,0.582665741443634,0.12575655844476488,0.004685602099117305,0.00015028244686416455,0.6853333333333333
5,172,periodic,sample_aware,16,0.1539701223373413,0.6911526322364807,0.4537469446659088,0.22740019195609623,0.02243305618564288,0.01786402343875832,0.5801031258371141,0.12709029846721226,0.003867112824486362,0.0001378934377700918,0.6836666666666666
5,173,periodic,sample_aware,16,0.1539701223373413,0.6911526322364807,0.4537469446659088,0.227778693040212,0.022768167985810175,0.017751331130663555,0.5807002054320441,0.1272968426346779,0.0036628747410658333,0.00012178097515263491,0.6833333333333333
5,174,periodic,sample_aware,16,0.1539701223373413,0.6911526322364807,0.4537469446659088,0.23470043473773533,0.022763342700070806,0.02290320706864198,0.5799820091989305,0.12907089789708456,0.0037885605512807765,0.00014100782573223114,0.6793333333333333
5,175,periodic,sample_aware,16,0.1539701223373413,0.6911526322364807,0.4537469446659088,0.23943866789340973,0.02295083138677809,0.026141854623953503,0.5811121662457784,0.1297561443514294,0.004783092687527339,0.00017415276832050749,0.6866666666666666
5,176,periodic,sample_aware,16,0.1539701223373413,0.6911526322364807,0.4537469446659088,0.23696334328916338,0.02287963405251503,0.026660048506326146,0.5847155120637682,0.1260003505481614,0.005697225220501423,0.0002062945600806011,0.6853333333333333
5,177,periodic,sample_aware,16,0.1539701223373413,0.6911526322364807,0.4537469446659088,0.24828419751591152,0.02269060495826933,0.030548404074377485,0.5903751717673408,0.13216671844323477,0.007406433112919331,0.00027547229547053576,0.6846666666666666
5,178,periodic,sample_aware,16,0.1539701223373413,0.6911526322364807,0.4537469446659088,0.25232421192857957,0.022692688844270177,0.04031428798205323,0.5905399653646681,0.12590156743923822,0.008404909063958459,0.0003184381962960793,0.6823333333333333
5,179,periodic,sample_aware,16,0.1539701223373413,0.6911526322364807,0.4537469446659088,0.2597089310487111,0.0228594278709756,0.04641607486539417,0.5919256409009298,0.12674185716443592,0.008719200941009654,0.00027880936007325846,0.6796666666666666
5,180,periodic,sample_aware,16,0.1539701223373413,0.6911526322364807,0.4537469446659088,0.2631710237926907,0.02373298940559228,0.04876703065302637,0.5883041885164049,0.12615203195148045,0.011017447440988488,0.0003596452103617291,0.6833333333333333
5,181,periodic,sample_aware,16,0.1539701223373413,0.6911526322364807,0.4537469446659088,0.26442204581366646,0.02320143249299791,0.048937992917166814,0.5975495643085904,0.12692495766613218,0.010826380199028386,0.00037903123949137,0.68
5,182,periodic,sample_aware,16,0.1539701223373413,0.6911526322364807,0.4537469446659088,0.25541581875748104,0.022571584830681484,0.03958864965372615,0.5911929077572293,0.12950162920686933,0.00897134229954746,0.00029797688411134813,0.688
5,183,periodic,sample_aware,16,0.1539701223373413,0.6911526322364807,0.4537469446659088,0.2510438296529982,0.022728628375464015,0.039038745065530144,0.5821328030692207,0.12655238144927555,0.008743254985246394,0.0002783324841099481,0.68
5,184,periodic,sample_aware,16,0.1539701223373413,0.6911526322364807,0.4537469446659088,0.2496986836194992,0.02200806389252345,0.036128743241230644,0.5834440588951111,0.12890740897920397,0.008355264086276293,0.00026485151869969233,0.6853333333333333
5,185,periodic,sample_aware,16,0.1539701223373413,0.6911526322364807,0.4537469446659088,0.24437118073304495,0.02195433858368132,0.03696500096056196,0.5800135400560167,0.1237664520740509,0.007138685840699408,0.00022938176213453212,0.68
5,186,periodic,sample_aware,16,0.1539701223373413,0.6911526322364807,0.4537469446659088,0.2520364572604497,0.022421762347221375,0.03955746235118972,0.5769169926643372,0.128779207666715,0.006945422591848506,0.00022723578149452806,0.6846666666666666
5,187,periodic,sample_aware,16,0.1539701223373413,0.6911526322364807,0.4537469446659088,0.2468715359767278,0.022308183420035575,0.03408519675334295,0.5772247778044807,0.12923885716332328,0.006783171505149867,0.00025047539060728415,0.6816666666666666
5,188,periodic,sample_aware,16,0.1539701223373413,0.6911526322364807,0.4537469446659088,0.24121284981568655,0.021981520992186334,0.028546374912063282,0.574586828549703,0.12992711034086016,0.006387183649672402,0.0002111370300149752,0.6836666666666666
5,189,periodic,sample_aware,16,0.1539701223373413,0.6911526322364807,0.4537469446659088,0.23907205628024208,0.0224814061075449,0.02667545672092173,0.5708662801318698,0.12929035640425152,0.006860588315046496,0.00021582929831412103,0.6833333333333333
5,190,periodic,sample_aware,16,0.1539701223373413,0.6911526322364807,0.4537469446659088,0.23232712348302206,0.02218874792257945,0.02390305470261309,0.5667402545611063,0.12674063195784888,0.005446566165321403,0.0001947554798486332,0.684
5,191,periodic,sample_aware,16,0.1539701223373413,0.6911526322364807,0.4537469446659088,0.23110621174176535,0.02147388830780983,0.02199478882054488,0.5669391552607218,0.12853847609625924,0.004647190423889292,0.00016309117199853063,0.6836666666666666
5,192,periodic,sample_aware,16,0.1539701223373413,0.6911526322364807,0.4537469446659088,0.22952349815103743,0.021670623992880184,0.02231320697400305,0.5705175797144572,0.12624560130967033,0.004330099663800663,0.0001545116861557795,0.6856666666666666
5,193,periodic,sample_aware,16,0.1539701223373413,0.6911526322364807,0.4537469446659088,0.2298126518726349,0.02131058627532588,0.023481924914651446,0.5629171662860446,0.12619122117757797,0.0049027082406812245,0.00017169104345763722,0.684
5,194,periodic,sample_aware,16,0.1539701223373413,0.6911526322364807,0.4537469446659088,0.23222032023800743,0.021736317210727267,0.024931678962376382,0.5611342853969998,0.1266495039065679,0.00539350038808253,0.0001852763363988035,0.6843333333333333
5,195,periodic,sample_aware,16,0.1539701223373413,0.6911526322364807,0.4537469446659088,0.23481093015935686,0.021538864821195602,0.02439873582786984,0.5703482495413886,0.1294579373465644,0.004601447377353907,0.0001596845492410163,0.6813333333333333
5,196,periodic,sample_aware,16,0.1539701223373413,0.6911526322364807,0.4537469446659088,0.24036260114775765,0.02149362303316593,0.03118321920434634,0.567070934507582,0.12829437686337364,0.005195419769734144,0.00017315074284043576,0.6866666666666666
5,197,periodic,sample_aware,16,0.1539701223373413,0.6911526322364807,0.4537469446659088,0.24344608353243935,0.02211060023142232,0.03372617831660642,0.565046144856347,0.1281150554617246,0.005781445807466905,0.00019782995029042164,0.6833333333333333
5,198,periodic,sample_aware,16,0.1539701223373413,0.6911526322364807,0.4537469446659088,0.23884199228551653,0.022250656659404438,0.02970063417322106,0.5618651906649271,0.12734486411015192,0.0065049781567520564,0.00021366003460975157,0.6816666666666666
5,199,periodic,sample_aware,16,0.1539701223373413,0.6911526322364807,0.4537469446659088,0.2376606414715449,0.020966390561726358,0.02960256114602089,0.566267748673757,0.12695007191763985,0.006822402433802684,0.00020726834191009402,0.6863333333333334
5,200,periodic,sample_aware,16,0.1539701223373413,0.6911526322364807,0.4537469446659088,0.23203506569067636,0.020473875519302156,0.02817309627102481,0.5555443631278144,0.12410993377367656,0.007218697987910774,0.00022874494445406727,0.6823333333333333
6,1,periodic,sample_aware,15,0.1686069518327713,0.6864215731620789,0.4619949460029602,2.6378145615259805,1.119048880206214,0.9663826574942505,2.5413166681925454,0.14469957848389944,0.2930811295906703,0.014022458758619096,0.568
6,2,periodic,sample_aware,15,0.1686069518327713,0.6864215731620789,0.4619949460029602,1.6154105795754328,0.8605283432536655,0.3001689596308602,2.470456679662069,0.1414237684673733,0.12739942636754778,0.0050882940284079975,0.5902857142857143
6,3,periodic,sample_aware,15,0.1686069518327713,0.6864215731620789,0.4619949460029602,1.2186030281914606,0.672035813331604,0.15312043825785318,2.285556581285265,0.1375172883272171,0.05256487304965655,0.002182783623639908,0.5957142857142858
6,4,periodic,sample_aware,15,0.1686069518327713,0.6864215731620789,0.4619949460029602,0.9789013531472948,0.5297421117623647,0.09062864383061726,2.101045264138116,0.13507200280825296,0.025608643268545467,0.0010994794817330937,0.5985714285714285
6,5,periodic,sample_aware,15,0.1686069518327713,0.6864215731620789,0.4619949460029602,0.8533798721101549,0.4386569956938426,0.06923415346278085,2.029468682077196,0.13617699013815987,0.012169332036541568,0.0005603778732216193,0.6037142857142858
6,6,periodic,sample_aware,15,0.1686069518327713,0.6864215731620789,0.4619949460029602,0.7541927496592203,0.36651280853483414,0.05587276485231188,1.960083246231079,0.13228896094693077,0.006696178888281186,0.00032366659595734544,0.6002857142857143
6,7,periodic,sample_aware,15,0.1686069518327713,0.6864215731620789,0.4619949460029602,0.6888834171824985,0.317660520474116,0.04670225456357002,1.910642186800639,0.13111290004518297,0.004459891261325942,0.00022717767731390067,0.606
6,8,periodic,sample_aware,15,0.1686069518327713,0.6864215731620789,0.4619949460029602,0.6398531993230184,0.27694923679033917,0.04201546394162708,1.859153562121921,0.13325746026304033,0.003258857332790891,0.00017250998644158244,0.6065714285714285
6,9,periodic,sample_aware,15,0.1686069518327713,0.6864215731620789,0.4619949460029602,0.5961574647161696,0.24660943117406633,0.037035204056236476,1.8202282587687175,0.1290363056792153,0.0027521189767867327,0.0001552731523083316,0.6085714285714285
6,10,periodic,sample_aware,15,0.1686069518327713,0.6864215731620789,0.4619949460029602,0.5755396948920356,0.2279534803496467,0.03513552910751767,1.796235375934177,0.13155072927474976,0.0024058785962147843,0.00014697323139342997,0.6102857142857143
6,11,periodic,sample_aware,15,0.1686069518327713,0.6864215731620789,0.4619949460029602,0.5438695748647054,0.20519076618883345,0.03334039822220802,1.7467448976304796,0.12937714490625593,0.0024290443398058414,0.00014450020777682462,0.6131428571428571
6,12,periodic,sample_aware,15,0.1686069518327713,0.6864215731620789,0.4619949460029602,0.5189508332146539,0.1836556014087465,0.03217312859164344,1.7187158134248521,0.12999205622408125,0.002384609542787075,0.000132289107164575,0.6145714285714285
6,13,periodic,sample_aware,15,0.1686069518327713,0.6864215731620789,0.4619949460029602,0.5008067852920957,0.17314499616622925,0.032466971625884376,1.6738479402330186,0.12658733957343632,0.0023105745979895196,0.00013479057492481338,0.6154285714285714
6,14,periodic,sample_aware,15,0.1686069518327713,0.6864215731620789,0.4619949460029602,0.4827408956156837,0.15935038692421383,0.031408116014467344,1.6326170100106134,0.1274417307641771,0.0024214417466686834,0.0001364851874920229,0.618
6,15,periodic,sample_aware,15,0.1686069518327713,0.6864215731620789,0.4619949460029602,0.4676361249552833,0.1475469188557731,0.0310853591395749,1.6245323419570923,0.12528025607268015,0.002403256483376026,0.00013742205272946093,0.6202857142857143
6,16,periodic,sample_aware,15,0.1686069518327713,0.6864215731620789,0.4619949460029602,0.4517605072922177,0.1383344034353892,0.03036621378527747,1.5710797177420721,0.12463951441976759,0.0024861576966941357,0.00013863121340465214,0.6217142857142857
6,17,periodic,sample_aware,15,0.1686069518327713,0.6864215731620789,0.4619949460029602,0.4522257447242737,0.13324839621782303,0.032869359478354454,1.57463890976376,0.12737144943740633,0.002400587700928251,0.00014470518282097246,0.622
6,18,periodic,sample_aware,15,0.1686069518327713,0.6864215731620789,0.4619949460029602,0.43401826090282863,0.12312890175316069,0.031113717291090224,1.5281722942988079,0.12555543416076237,0.0026601668085075086,0.00014578170117197765,0.6228571428571429
6,19,periodic,sample_aware,15,0.1686069518327713,0.6864215731620789,0.4619949460029602,0.4264180130428738,0.11695543759398991,0.032774330841170415,1.502943131658766,0.12502381371127236,0.0025966312581052384,0.00014359092650314173,0.6265714285714286
6,20,periodic,sample_aware,15,0.1686069518327713,0.6864215731620789,0.4619949460029602,0.4157525764571296,0.10960130890210469,0.030861127914653882,1.4663557079103258,0.1272558073202769,0.0026511034100419944,0.00014641418561546339,0.6294285714285714
6,21,periodic,sample_aware,15,0.1686069518327713,0.6864215731620789,0.4619949460029602,0.4069547851880391,0.1060387823316786,0.03161647357046604,1.4469521443049114,0.12311146905024846,0.002836823903231157,0.00014884742106207542,0.6257142857142857
6,22,periodic,sample_aware,15,0.1686069518327713,0.6864215731620789,0.4619949460029602,0.40027862787246704,0.10070470223824184,0.031093960007031757,1.4374078777101305,0.12320897397067812,0.0029153617409368358,0.00014503039549001388,0.6342857142857142
6,23,periodic,sample_aware,15,0.1686069518327713,0.6864215731620789,0.4619949460029602,0.3894187874264187,0.09371518674823973,0.03073566034436226,1.394474188486735,0.12392748975091511,0.0030380337913003233,0.00014802636966730157,0.6271428571428571
6,24,periodic,sample_aware,15,0.1686069518327713,0.6864215731620789,0.4619949460029602,0.38130417466163635,0.09118809054295222,0.028469890356063843,1.3816585938135784,0.12202349056800206,0.002775407370386852,0.00013827220795469152,0.6345714285714286
6,25,periodic,sample_aware,15,0.1686069518327713,0.6864215731620789,0.4619949460029602,0.3748670220375061,0.08620450894037883,0.028649667070971593,1.36096986134847,0.12247391707367367,0.0027441260042703813,0.0001397515233192179,0.636
6,26,periodic,sample_aware,15,0.1686069518327713,0.6864215731620789,0.4619949460029602,0.37099262409740025,0.08267058432102203,0.0275038191013866,1.3441375229093764,0.12482124732600318,0.0030225584956092965,0.00014388657614795698,0.6337142857142857
6,27,periodic,sample_aware,15,0.1686069518327713,0.6864215731620789,0.4619949460029602,0.3711979654100206,0.08071586241324742,0.02883830087052451,1.3269566827350192,0.12737325661712223,0.0030104081767300763,0.0001393460746233662,0.6345714285714286
6,28,periodic,sample_aware,15,0.1686069518327713,0.6864215731620789,0.4619949460029602,0.3652431633737352,0.07761399116781023,0.02807915314204163,1.308782696723938,0.12705359442366493,0.0030886969632572597,0.0001475996363701092,0.6311428571428571
6,29,periodic,sample_aware,15,0.1686069518327713,0.6864215731620789,0.4619949460029602,0.36165833804342484,0.0757065357433425,0.028706178689996403,1.3002670076158311,0.12555496477418476,0.0031876266261355746,0.00014027693153669438,0.6402857142857142
6,30,periodic,sample_aware,15,0.1686069518327713,0.6864215731620789,0.4619949460029602,0.35383179121547276,0.07190235124693976,0.030138347090946302,1.2733852465947468,0.12263041569126977,0.003497773962509301,0.00014652371303074889,0.6342857142857142
6,31,periodic,sample_aware,15,0.1686069518327713,0.6864215731620789,0.4619949460029602,0.345751812060674,0.06868272523085277,0.02732106877697839,1.258762862947252,0.12202988151046965,0.0035332356217420762,0.00015043969809388122,0.6388571428571429
6,32,periodic,sample_aware,15,0.1686069518327713,0.6864215731620789,0.4619949460029602,0.3478102617793613,0.06850376849373181,0.02860805785490407,1.2439019680023193,0.12441595892111461,0.0036333881111608613,0.0001511747056307892,0.6371428571428571
6,33,periodic,sample_aware,15,0.1686069518327713,0.6864215731620789,0.4619949460029602,0.338521314991845,0.06486509574784173,0.02787929628458288,1.2203645308812459,0.1218929539124171,0.003536109191675981,0.0001589260128740635,0.6394285714285715
6,34,periodic,sample_aware,15,0.1686069518327713,0.6864215731620789,0.4619949460029602,0.33516092432869804,0.06287363337145911,0.024967844287554424,1.21548506948683,0.12408041374550925,0.0032407697290182114,0.00014028576616611745,0.6397142857142857
6,35,periodic,sample_aware,15,0.1686069518327713,0.6864215731620789,0.4619949460029602,0.32942069901360405,0.06063856432835261,0.026260283051265612,1.2004428307215373,0.12086251046922472,0.0030879320887227855,0.00014217882805193463,0.6411428571428571
6,36,periodic,sample_aware,15,0.1686069518327713,0.6864215731620789,0.4619949460029602,0.3280797468291389,0.05784002774291568,0.027856440800759528,1.1863462262683444,0.12206208126412497,0.0032380454293969604,0.00013510983100988797,0.6394285714285715
6,37,periodic,sample_aware,15,0.1686069518327713,0.6864215731620789,0.4619949460029602,0.32657211356692845,0.05846666834420628,0.028044329956173897,1.1608092652426825,0.1222069693936242,0.003403283500423034,0.00014316522154129215,0.6437142857142857
6,38,periodic,sample_aware,15,0.1686069518327713,0.6864215731620789,0.4619949460029602,0.32273630963431466,0.05724880968530973,0.02750385221507814,1.1521539555655584,0.12095902777380413,0.003471516952332523,0.00014692281709156104,0.6454285714285715
6,39,periodic,sample_aware,15,0.1686069518327713,0.6864215731620789,0.4619949460029602,0.3182767331600189,0.054395847850375705,0.02525863775776492,1.1259543763266668,0.12423840910196304,0.0034330413521577916,0.00014375610690977838,0.6465714285714286
6,40,periodic,sample_aware,15,0.1686069518327713,0.6864215731620789,0.4619949460029602,0.3130674593978458,0.05276627962787946,0.026261321579416592,1.1167447434531317,0.12072525587346819,0.0031539553310722113,0.00012630185422798,0.6482857142857142
6,41,periodic,sample_aware,16,0.14928551018238068,0.6957587599754333,0.4611983597278595,0.3162139919069078,0.05259404041700893,0.02780197747051716,1.1038296620051067,0.12377541429466671,0.003187476502110561,0.00013169905610589517,0.6422857142857142
6,42,periodic,sample_aware,16,0.14928551018238068,0.6957587599754333,0.4611983597278595,0.31217031015290153,0.05164800418747796,0.028012027136153646,1.0923763513565063,0.12159343808889389,0.0032245974418603713,0.0001338138503746854,0.646
6,43,periodic,sample_aware,16,0.14928551018238068,0.6957587599754333,0.4611983597278595,0.3111074103249444,0.05072384203473727,0.02665997813973162,1.0883884694841173,0.12310303582085504,0.0034244267218228844,0.00013898777413285442,0.646
6,44,periodic,sample_aware,16,0.14928551018238068,0.6957587599754333,0.4611983597278595,0.30589908361434937,0.05017148041062885,0.026885145240359835,1.0674537420272827,0.12040701011816661,0.003251542207888431,0.00012861285358667374,0.6442857142857142
6,45,periodic,sample_aware,16,0.14928551018238068,0.6957587599754333,0.4611983597278595,0.29980342586835224,0.04886341094970703,0.02673482211927573,1.0515407588746812,0.11736184193028344,0.0032356377794510787,0.00014290881032745043,0.6491428571428571
6,46,periodic,sample_aware,16,0.14928551018238068,0.6957587599754333,0.4611983597278595,0.29806393053796554,0.04747772961854935,0.025745371770527627,1.0437670681211684,0.11863052596648534,0.0035205928919216,0.0001466064972596036,0.6482857142857142
6,47,periodic,sample_aware,16,0.14928551018238068,0.6957587599754333,0.4611983597278595,0.301305976178911,0.047183515297042,0.026685228985216882,1.0362608035405476,0.12194875462187661,0.00357799573491017,0.00014677336568840675,0.6468571428571429
6,48,periodic,sample_aware,16,0.14928551018238068,0.6957587599754333,0.4611983597278595,0.2990018626054128,0.045253734207815595,0.027337125606007047,1.0331204666031732,0.1211491550008456,0.003755234233621094,0.00014435356974394785,0.6477142857142857
6,49,periodic,sample_aware,16,0.14928551018238068,0.6957587599754333,0.4611983597278595,0.299858378039466,0.04641297790739271,0.030067264412840206,1.0121189090940688,0.11992348978916804,0.004324067642705308,0.00016144290566444397,0.6505714285714286
6,50,periodic,sample_aware,16,0.14928551018238068,0.6957587599754333,0.4611983597278595,0.3019711971282959,0.044738554706176124,0.032420635430349246,1.0054661962721083,0.1218453778160943,0.004671354157229264,0.00016864991953803433,0.6482857142857142
6,51,periodic,sample_aware,16,0.14928551018238068,0.6957587599754333,0.4611983597278595,0.2990434401565128,0.04388227148188485,0.030625995248556137,1.0002288950814142,0.12187367677688599,0.00509185835512148,0.0001853474920305113,0.6502857142857142
6,52,periodic,sample_aware,16,0.14928551018238068,0.6957587599754333,0.4611983597278595,0.2925867504543728,0.043425927973455854,0.030225492186016507,0.9755928582615323,0.11893657429350747,0.0047141085378825665,0.00016483830081091987,0.6511428571428571
6,53,periodic,sample_aware,16,0.14928551018238068,0.6957587599754333,0.4611983597278595,0.29505838288201225,0.04394529014825821,0.031222571515374713,0.9779499702983432,0.11952864792611864,0.004956532321456406,0.00017723200532297292,0.6491428571428571
6,54,periodic,sample_aware,16,0.14928551018238068,0.6957587599754333,0.4611983597278595,0.2971321377489302,0.04269863375359111,0.03166456292900774,0.9657568997806973,0.12343266771899329,0.005346643428007762,0.0001745189785853856,0.65
6,55,periodic,sample_aware,16,0.14928551018238068,0.6957587599754333,0.4611983597278595,0.2880814207924737,0.0417514041894012,0.02545950375497341,0.9519195424185859,0.12315833568572998,0.004878549267434412,0.00016189825126073428,0.6522857142857142
6,56,periodic,sample_aware,16,0.14928551018238068,0.6957587599754333,0.4611983597278595,0.28383251362376744,0.040165787355767354,0.024878956377506256,0.9560254481103685,0.12086890223953459,0.004473621077421639,0.00015901166868085662,0.6528571428571428
6,57,periodic,sample_aware,16,0.14928551018238068,0.6957587599754333,0.4611983597278595,0.28445037537150913,0.04001015176375707,0.024066762791739568,0.9430297546916537,0.12389661040571001,0.004191141187523802,0.0001565987735779749,0.6514285714285715
6,58,periodic,sample_aware,16,0.14928551018238068,0.6957587599754333,0.4611983597278595,0.27783044179280597,0.039016089505619474,0.02357769302195973,0.9299357997046577,0.12031302518314785,0.0037223960066007245,0.00013770243256456323,0.6534285714285715
6,59,periodic,sample_aware,16,0.14928551018238068,0.6957587599754333,0.4611983597278595,0.2780661980311076,0.03867034655478266,0.023525121725267835,0.924938850932651,0.1215811272462209,0.0034661450578520694,0.00012526824785810377,0.6534285714285715
6,60,periodic,sample_aware,16,0.14928551018238068,0.6957587599754333,0.4611983597278595,0.27367863721317714,0.03818773850798607,0.02303295789493455,0.9141581919458177,0.11925792942444484,0.0034385803155601025,0.00012978950204948583,0.6505714285714286
6,61,periodic,sample_aware,16,0.14928551018238068,0.6957587599754333,0.4611983597278595,0.27357906765407985,0.03776371603210767,0.023962640307015844,0.9023976723353068,0.11972486310535008,0.003639994758284754,0.00013617255414525667,0.6505714285714286
6,62,periodic,sample_aware,16,0.14928551018238068,0.6957587599754333,0.4611983597278595,0.27295296390851337,0.03772757864660687,0.024445490911602974,0.8951835036277771,0.11936699267890719,0.003646403421751327,0.00014270849189617566,0.6554285714285715
6,63,periodic,sample_aware,16,0.14928551018238068,0.6957587599754333,0.4611983597278595,0.27772994836171466,0.037323187622759074,0.026197358758913145,0.8872795369890001,0.12360608908865187,0.0036043270439323452,0.00014638139529981546,0.6514285714285715
6,64,periodic,sample_aware,16,0.14928551018238068,0.6957587599754333,0.4611983597278595,0.2753958503405253,0.036980264302757054,0.026163786028822262,0.8857775330543518,0.12157655176189211,0.004043330541915364,0.0001516586635261774,0.6565714285714286
6,65,periodic,sample_aware,16,0.14928551018238068,0.6957587599754333,0.4611983597278595,0.27453088098102146,0.03682943516307407,0.02757630642089579,0.8742041985193888,0.12038769159052107,0.004461463592532609,0.00017258433055960469,0.6554285714285715
6,66,periodic,sample_aware,16,0.14928551018238068,0.6957587599754333,0.4611983597278595,0.27595816055933636,0.03639620252781444,0.028769976769884426,0.8726655509736803,0.12136180450518926,0.004164984967145655,0.00016223874020700654,0.6554285714285715
6,67,periodic,sample_aware,16,0.14928551018238068,0.6957587599754333,0.4611983597278595,0.29559143384297687,0.03624827745887968,0.0460883823947774,0.8817546036508348,0.12234445330169466,0.005284093786031008,0.00018564283770198622,0.654
6,68,periodic,sample_aware,16,0.14928551018238068,0.6957587599754333,0.4611983597278595,0.2899600664774577,0.03710347207056151,0.03695903718471527,0.8762173718876309,0.12497608363628387,0.006371950885901849,0.00022753560268837545,0.652
6,69,periodic,sample_aware,16,0.14928551018238068,0.6957587599754333,0.4611983597278595,0.27752774291568333,0.036158159375190735,0.03446310158405039,0.861206505033705,0.11763181289037068,0.006094313951002227,0.00021372391428384517,0.6548571428571428
6,70,periodic,sample_aware,16,0.14928551018238068,0.6957587599754333,0.4611983597278595,0.27641864617665607,0.03541670408513811,0.030171725071138807,0.847232355011834,0.12281760076681773,0.006357873945186536,0.00022087509407558374,0.6557142857142857
6,71,periodic,sample_aware,16,0.14928551018238068,0.6957587599754333,0.4611983597278595,0.2641403079032898,0.03491373401549128,0.024772033302320376,0.8283266557587518,0.1187428045603964,0.00557957517190112,0.00017857178398925398,0.6531428571428571
6,72,periodic,sample_aware,16,0.14928551018238068,0.6957587599754333,0.4611983597278595,0.2649905780951182,0.03393164939350552,0.023854686361220147,0.8354986508687338,0.12132987214459313,0.00449579240133365,0.0001532156085078087,0.6528571428571428
6,73,periodic,sample_aware,16,0.14928551018238068,0.6957587599754333,0.4611983597278595,0.2620138062371148,0.033496232289406985,0.023575957036680646,0.8296875357627869,0.1197584147254626,0.004280690310729874,0.00014820583682093356,0.6525714285714286
6,74,periodic,sample_aware,16,0.14928551018238068,0.6957587599754333,0.4611983597278595,0.26844318045510185,0.03460102528333664,0.02631833300822311,0.8291067149904039,0.12233909219503403,0.004398442494372527,0.00014966484417931901,0.6537142857142857
6,75,periodic,sample_aware,16,0.14928551018238068,0.6957587599754333,0.4611983597278595,0.26125994324684143,0.03279889188706875,0.026227786516149838,0.8136556082301669,0.11872943656312095,0.004135196743946936,0.00014133572242119245,0.656
6,76,periodic,sample_aware,16,0.14928551018238068,0.6957587599754333,0.4611983597278595,0.261291030380461,0.03284643217921257,0.026067496173911624,0.8054214980867174,0.11967417101065318,0.004171971309309204,0.00014960726386763982,0.6554285714285715
6,77,periodic,sample_aware,16,0.14928551018238068,0.6957587599754333,0.4611983597278595,0.26393288373947144,0.03308656315008799,0.024422012062536344,0.8226399620374044,0.12203311754597558,0.004104624373010463,0.00014975198751522435,0.6577142857142857
6,78,periodic,sample_aware,16,0.14928551018238068,0.6957587599754333,0.4611983597278595,0.2644250492254893,0.03260134988360935,0.02727537788450718,0.8082471821043227,0.12174311445819007,0.0038207148770905202,0.000140267469558037,0.6562857142857143
6,79,periodic,sample_aware,16,0.14928551018238068,0.6957587599754333,0.4611983597278595,0.26377126905653214,0.033084297138783664,0.027179705186022654,0.797419183784061,0.12166574928495619,0.004043407815818985,0.00015578749460271664,0.6528571428571428
6,80,periodic,sample_aware,16,0.14928551018238068,0.6957587599754333,0.4611983597278595,0.26222168405850727,0.032461259307132825,0.027871009790235095,0.7896328767140707,0.12069547921419144,0.00431233804879917,0.0001489660676775707,0.6528571428571428
6,81,periodic,sample_aware,17,0.13463015854358673,0.7017093300819397,0.4607294499874115,0.2676032880942027,0.03304650944968065,0.030124404778083164,0.7918456527921889,0.12281226863463719,0.004682947157157792,0.0001881325475147201,0.6531428571428571
6,82,periodic,sample_aware,17,0.13463015854358673,0.7017093300819397,0.4607294499874115,0.27458154492908055,0.03289977895716826,0.03365532329512967,0.8030020991961161,0.1249764578209983,0.005286375681559245,0.00021318353376247815,0.654
6,83,periodic,sample_aware,17,0.13463015854358673,0.7017093300819397,0.4607294499874115,0.27227005031373763,0.03242663707998064,0.03544379584491253,0.7942854894532098,0.12170240448580848,0.006264227649403943,0.00027309343244673475,0.6511428571428571
6,84,periodic,sample_aware,17,0.13463015854358673,0.7017093300819397,0.4607294499874115,0.2714478075504303,0.03156581686602698,0.036671613446540303,0.7780879206127591,0.12192459652821223,0.006666688972877132,0.0002872960564369957,0.6534285714285715
6,85,periodic,sample_aware,17,0.13463015854358673,0.7017093300819397,0.4607294499874115,0.2784995237986247,0.031687808326549,0.045158045573367014,0.7723001109229194,0.12060652259323332,0.007348366599116061,0.0002858965049704744,0.6568571428571428
6,86,periodic,sample_aware,17,0.13463015854358673,0.7017093300819397,0.4607294499874115,0.2739371756712596,0.03158790970014201,0.040132563561201096,0.7726267576217651,0.12108927302890354,0.007451181248244312,0.00027832895931270387,0.656
6,87,periodic,sample_aware,17,0.13463015854358673,0.7017093300819397,0.4607294499874115,0.277098622586992,0.03150814212858677,0.03933404799964693,0.775738086965349,0.12478152579731411,0.007538300783683856,0.0002638976956303749,0.6522857142857142
6,88,periodic,sample_aware,17,0.13463015854358673,0.7017093300819397,0.4607294499874115,0.26039741933345795,0.030262359521455236,0.03009359973172347,0.7599034772978889,0.12063815279139413,0.006599679071870115,0.00022623120134489404,0.66
6,89,periodic,sample_aware,17,0.13463015854358673,0.7017093300819397,0.4607294499874115,0.2606109314494663,0.03071719201074706,0.02809575841658645,0.7567994793256124,0.1232328787446022,0.005571992860900031,0.00019832679794894325,0.656
6,90,periodic,sample_aware,17,0.13463015854358673,0.7017093300819397,0.4607294499874115,0.26499683989418876,0.030451133226354916,0.034508137239350214,0.7559237281481425,0.12102431472804812,0.006609333937780725,0.000232433014187134,0.6574285714285715
6,91,periodic,sample_aware,17,0.13463015854358673,0.7017093300819397,0.4607294499874115,0.27170638574494255,0.0310324358029498,0.03759638054503335,0.7580060561498007,0.12372762378719118,0.006850420807798703,0.00024824691677673,0.6577142857142857
6,92,periodic,sample_aware,17,0.13463015854358673,0.7017093300819397,0.4607294499874115,0.2612909773985545,0.03037107114990552,0.03295339975092146,0.7444855372111002,0.12009729113843706,0.00659771796522869,0.00024362320416710444,0.6548571428571428
6,93,periodic,sample_aware,17,0.13463015854358673,0.7017093300819397,0.4607294499874115,0.263712293571896,0.029960594243473478,0.03521376061770651,0.7451591425471835,0.12091061721245448,0.0060079509599341285,0.0002148633486487799,0.6562857142857143
6,94,periodic,sample_aware,17,0.13463015854358673,0.7017093300819397,0.4607294499874115,0.25654130180676776,0.029538259738021426,0.03157704551186827,0.7373120453622606,0.11879263404342863,0.005598877608362172,0.00020544328597477742,0.6597142857142857
6,95,periodic,sample_aware,17,0.13463015854358673,0.7017093300819397,0.4607294499874115,0.25584880510965985,0.029906152851051755,0.02823336360355218,0.7380649579895867,0.12110783904790878,0.00537991254693932,0.00020998707946596874,0.6571428571428571
6,96,periodic,sample_aware,17,0.13463015854358673,0.7017093300819397,0.4607294499874115,0.25067811873224044,0.029018503924210865,0.023976931141482458,0.7337850663397048,0.12190714312924279,0.004624812191145288,0.0001692542120710843,0.6568571428571428
6,97,periodic,sample_aware,17,0.13463015854358673,0.7017093300819397,0.4607294499874115,0.24954096807373893,0.029008072697454028,0.023573701373404927,0.7358120348718431,0.1211668708258205,0.004267135014136632,0.00015509777262599932,0.6582857142857143
6,98,periodic,sample_aware,17,0.13463015854358673,0.7017093300819397,0.4607294499874115,0.2522498071193695,0.029327238185538188,0.024572534900572564,0.7193971474965414,0.12407653944359885,0.004509370929251115,0.0001581859865432812,0.6551428571428571
6,99,periodic,sample_aware,17,0.13463015854358673,0.7017093300819397,0.4607294499874115,0.25301913420359295,0.027620937675237656,0.027638412184185453,0.7239755855666267,0.12295719732840855,0.004656105302274227,0.00015395665023889806,0.6571428571428571
6,100,periodic,sample_aware,17,0.13463015854358673,0.7017093300819397,0.4607294499874115,0.2509324765867657,0.028146273353033595,0.02790627380212148,0.7115631169743009,0.12136929813358519,0.004556519263941381,0.00015210721176117659,0.6568571428571428
6,101,periodic,sample_aware,17,0.13463015854358673,0.7017093300819397,0.4607294499874115,0.2474682711892658,0.02777267268134488,0.02414757013320923,0.7186910178926256,0.12127009365293714,0.0046527630442546476,0.00016489714875610339,0.6537142857142857
6,102,periodic,sample_aware,17,0.13463015854358673,0.7017093300819397,0.4607294499874115,0.24301360381974113,0.02770442474219534,0.023133628277315035,0.7102321916156344,0.11907472130325106,0.004021559660840366,0.0001336524922711154,0.6585714285714286
6,103,periodic,sample_aware,17,0.13463015854358673,0.7017093300819397,0.4607294499874115,0.24416832460297477,0.028221775881118245,0.021858350270324282,0.7099934816360474,0.12097594721449746,0.0040800495642340845,0.0001457475203399857,0.6602857142857143
6,104,periodic,sample_aware,17,0.13463015854358673,0.7017093300819397,0.4607294499874115,0.2428538484705819,0.02781499197913541,0.02034547511074278,0.7178431153297424,0.12090962131818135,0.0038577370966474214,0.00014115300857358507,0.66
6,105,periodic,sample_aware,17,0.13463015854358673,0.7017093300819397,0.4607294499874115,0.24031261106332144,0.02785825522409545,0.020500615032182798,0.7033528023295932,0.11952979034847683,0.004041397064510319,0.00013593631511968043,0.6582857142857143
6,106,periodic,sample_aware,17,0.13463015854358673,0.7017093300819397,0.4607294499874115,0.23802773654460907,0.027461117547419336,0.0195883781545692,0.6930655837059021,0.11970048894484837,0.0038086761358297532,0.00013370915419525572,0.6568571428571428
6,107,periodic,sample_aware,17,0.13463015854358673,0.7017093300819397,0.4607294499874115,0.23835324578815037,0.027238550906380016,0.020441324967477057,0.6953206724590726,0.11915893521573809,0.0038270226472781766,0.00013770639715302322,0.6597142857142857
6,108,periodic,sample_aware,17,0.13463015854358673,0.7017093300819397,0.4607294499874115,0.24082409838835397,0.02696996389163865,0.01972032669517729,0.698525435394711,0.12232729213105308,0.003775452341263493,0.0001324869808740914,0.6585714285714286
6,109,periodic,sample_aware,17,0.13463015854358673,0.7017093300819397,0.4607294499874115,0.24628187550438774,0.026831249396006267,0.024850440728995535,0.6977718340026008,0.12293524874581231,0.003641080887367328,0.00013442374377821883,0.6577142857142857
6,110,periodic,sample_aware,17,0.13463015854358673,0.7017093300819397,0.4607294499874115,0.24876300659444597,0.02694028615951538,0.026269022996226948,0.7001503308614095,0.12337997224595812,0.004159709852602746,0.00015767342928383086,0.6622857142857143
6,111,periodic,sample_aware,17,0.13463015854358673,0.7017093300819397,0.4607294499874115,0.2455996556414498,0.027490992926888995,0.025620400284727413,0.6912848485840691,0.12095891022019917,0.00463716189066569,0.00016456922619707056,0.6571428571428571
6,112,periodic,sample_aware,17,0.13463015854358673,0.7017093300819397,0.4607294499874115,0.24612214002344343,0.026652318942877982,0.02781186480489042,0.687904934088389,0.12052190469370948,0.004514738399949338,0.00017637725169253018,0.6582857142857143
6,113,periodic,sample_aware,17,0.13463015854358673,0.7017093300819397,0.4607294499874115,0.24686702920330894,0.026820543946491346,0.028343193646934297,0.6841025816069709,0.12054887993468179,0.005293981275624699,0.0001943220138653285,0.6602857142857143
6,114,periodic,sample_aware,17,0.13463015854358673,0.7017093300819397,0.4607294499874115,0.24604875677161747,0.02679277915093634,0.02870344018770589,0.6798660225338407,0.11963124573230743,0.00566090007002155,0.00020847187584473027,0.6591428571428571
6,115,periodic,sample_aware,17,0.13463015854358673,0.7017093300819397,0.4607294499874115,0.24921482801437378,0.027529965879188642,0.0299591359992822,0.6798861490355598,0.12081501219007704,0.005646719183358882,0.0001974810923760136,0.6588571428571428
6,116,periodic,sample_aware,17,0.13463015854358673,0.7017093300819397,0.4607294499874115,0.2502678914202584,0.02701258473098278,0.03093142869571845,0.6851211455133226,0.1204426238934199,0.006506879658748706,0.00023141758801001642,0.6562857142857143
6,117,periodic,sample_aware,17,0.13463015854358673,0.7017093300819397,0.4607294499874115,0.2546626312865151,0.027213356975052092,0.032362657288710274,0.6750230391820272,0.123901120490498,0.007102209660742018,0.0002641637305108209,0.6571428571428571
6,118,periodic,sample_aware,17,0.13463015854358673,0.7017093300819397,0.4607294499874115,0.2551329963737064,0.026813091296288703,0.03517382364306185,0.676875631014506,0.12142663200696309,0.007779362714952893,0.0002844017645758059,0.6577142857142857
6,119,periodic,sample_aware,17,0.13463015854358673,0.7017093300819397,0.4607294499874115,0.24816159076160854,0.026301185910900433,0.03156209612886111,0.6676337387826707,0.11958433108197318,0.0076166981727712685,0.00028451503021642566,0.6591428571428571
6,120,periodic,sample_aware,17,0.13463015854358673,0.7017093300819397,0.4607294499874115,0.2503586212793986,0.026099878052870434,0.029838438249296613,0.6743354598681132,0.12334020601378547,0.007047783790363206,0.0002453209922855927,0.6571428571428571
6,121,periodic,sample_aware,18,0.12385188043117523,0.7094888687133789,0.45977795124053955,0.24690195752514732,0.026690401343835726,0.028668557190232806,0.6645547747612,0.12133585496081246,0.0072413902833229965,0.00026196002080622647,0.6545714285714286
6,122,periodic,sample_aware,18,0.12385188043117523,0.7094888687133789,0.45977795124053955,0.24983370304107666,0.026064903164903324,0.032807990494701594,0.6609996888372633,0.1208972508708636,0.007647137468059857,0.00028004821959055134,0.6591428571428571
6,123,periodic,sample_aware,18,0.12385188043117523,0.7094888687133789,0.45977795124053955,0.25051698254214394,0.02612809195286698,0.032484848673144974,0.664628803730011,0.12180192354652616,0.007022712069253127,0.000255764074002703,0.658
6,124,periodic,sample_aware,18,0.12385188043117523,0.7094888687133789,0.45977795124053955,0.24786916044023302,0.02578342581788699,0.030001127678487036,0.6588030457496643,0.12276578777366215,0.006634467591842015,0.0002425640511016051,0.6582857142857143
6,125,periodic,sample_aware,18,0.12385188043117523,0.7094888687133789,0.45977795124053955,0.24448175066047245,0.024954785282413166,0.029913453799155023,0.6601295802328322,0.12045984632439083,0.006052251543021864,0.00022915844520967867,0.6577142857142857
6,126,periodic,sample_aware,18,0.12385188043117523,0.7094888687133789,0.45977795124053955,0.24854453073607552,0.0256072785705328,0.03403998580243853,0.6577566862106323,0.1197081059217453,0.0065845779867635835,0.00024240609491243958,0.6597142857142857
6,127,periodic,sample_aware,18,0.12385188043117523,0.7094888687133789,0.45977795124053955,0.24916958808898926,0.02606900843481223,0.034121605257193245,0.655072463883294,0.11955604950586955,0.0075836193023456466,0.0002477314361991982,0.6594285714285715
6,128,periodic,sample_aware,18,0.12385188043117523,0.7094888687133789,0.45977795124053955,0.2446968588564131,0.02554183453321457,0.02963753106693427,0.6416908303896586,0.12163565556208293,0.007170496767179834,0.0002550045804431041,0.6591428571428571
6,129,periodic,sample_aware,18,0.12385188043117523,0.7094888687133789,0.45977795124053955,0.24472098052501678,0.02528718796869119,0.030856963247060776,0.644270486301846,0.12089080694648954,0.0063043054089778,0.00021364103304222226,0.658
6,130,periodic,sample_aware,18,0.12385188043117523,0.7094888687133789,0.45977795124053955,0.249702802962727,0.02526814304292202,0.034391299510995545,0.6553526057137383,0.12116421593560113,0.006471062441253,0.00021670205751433969,0.6588571428571428
6,131,periodic,sample_aware,18,0.12385188043117523,0.7094888687133789,0.45977795124053955,0.2521409723493788,0.024876688917477924,0.03822420392599371,0.6442005104488797,0.12086572746435802,0.007267409832113319,0.00024118563548351327,0.66
6,132,periodic,sample_aware,18,0.12385188043117523,0.7094888687133789,0.45977795124053955,0.2620139883624183,0.025678077505694494,0.040642735030916005,0.6543198691474067,0.12597960233688354,0.008268887591030862,0.0002942805812280211,0.656
6,133,periodic,sample_aware,18,0.12385188043117523,0.7094888687133789,0.45977795124053955,0.2566404143969218,0.02532179943389363,0.041696001258161336,0.6484072870678372,0.12051102932956484,0.008233763432751099,0.0003079404834554427,0.6574285714285715
6,134,periodic,sample_aware,18,0.12385188043117523,0.7094888687133789,0.45977795124053955,0.2582603593667348,0.025653882573048275,0.042479227400488324,0.6455357935693529,0.12108612971173392,0.008664170280098915,0.000310887569665081,0.6591428571428571
6,135,periodic,sample_aware,18,0.12385188043117523,0.7094888687133789,0.45977795124053955,0.25497201250659096,0.02565389188627402,0.038853366341855794,0.6453075607617696,0.12151447766356999,0.008520506425864167,0.00031853085642473563,0.6534285714285715
6,136,periodic,sample_aware,18,0.12385188043117523,0.7094888687133789,0.45977795124053955,0.24945398834016588,0.024885935915840998,0.034793516620993614,0.646706137392256,0.12098370658026801,0.007948248647153378,0.00029217755784177117,0.66
6,137,periodic,sample_aware,18,0.12385188043117523,0.7094888687133789,0.45977795124053955,0.24655508332782322,0.024547342417968646,0.03267100846601857,0.6441615422566732,0.1209840476512909,0.007571721966895793,0.00030133364230601326,0.6611428571428571
6,138,periodic,sample_aware,18,0.12385188043117523,0.7094888687133789,0.45977795124053955,0.24146929714414808,0.02444629619518916,0.030629280747638807,0.6297255357106527,0.11997195995516247,0.00663557317521837,0.00026283667345220846,0.6577142857142857
6,139,periodic,sample_aware,18,0.12385188043117523,0.7094888687133789,0.45977795124053955,0.2378778275516298,0.023959519548548594,0.02555389516055584,0.6370710929234823,0.12145253353648716,0.006184631648163001,0.00022489873744133447,0.6602857142857143
6,140,periodic,sample_aware,18,0.12385188043117523,0.7094888687133789,0.45977795124053955,0.2373099939690696,0.024105739262368944,0.025270915693706937,0.630672037601471,0.12197412633233601,0.00557860763122638,0.00020541069615218375,0.6582857142857143
6,141,periodic,sample_aware,18,0.12385188043117523,0.7094888687133789,0.45977795124053955,0.23545224964618683,0.023954677912924025,0.02428934433394008,0.6311451461580064,0.1212582720650567,0.005471129901707172,0.00019974703253764246,0.6605714285714286
6,142,periodic,sample_aware,18,0.12385188043117523,0.7094888687133789,0.45977795124053955,0.22983859810564253,0.023797167672051325,0.0210625392695268,0.6251977152294583,0.11989501449796888,0.004943658442546924,0.00018455258881052336,0.6571428571428571
6,143,periodic,sample_aware,18,0.12385188043117523,0.7094888687133789,0.45977795124053955,0.2261004067129559,0.023291499664386112,0.016806879080832005,0.6225738525390625,0.12180504202842712,0.003732057495249642,0.00014714305547790395,0.6588571428571428
6,144,periodic,sample_aware,18,0.12385188043117523,0.7094888687133789,0.45977795124053955,0.22748563521438175,0.02341363848083549,0.017454877806206543,0.6275553968217638,0.12220386084583071,0.0031838239843232762,0.0001316069327812228,0.6628571428571428
6,145,periodic,sample_aware,18,0.12385188043117523,0.7094888687133789,0.45977795124053955,0.22840238445334965,0.023892628235949412,0.0189095807986127,0.6266452206505669,0.12122503336932924,0.0032894376199692488,0.0001318041468039155,0.6591428571428571
6,146,periodic,sample_aware,18,0.12385188043117523,0.7094888687133789,0.45977795124053955,0.22643530368804932,0.023346601261032954,0.019342970930867724,0.6213073465559218,0.11977371573448181,0.003535585348597831,0.0001469805590911872,0.6588571428571428
6,147,periodic,sample_aware,18,0.12385188043117523,0.7094888687133789,0.45977795124053955,0.232935498158137,0.023131679536567792,0.02225424163043499,0.6206846038500468,0.12359365738100475,0.0036344569072955185,0.0001404612234586643,0.6642857142857143
6,148,periodic,sample_aware,18,0.12385188043117523,0.7094888687133789,0.45977795124053955,0.23348174658086565,0.02365573702587022,0.024541572357217472,0.6162654492590163,0.12142488194836511,0.0042850973550230265,0.0001809246346561445,0.6594285714285715
6,149,periodic,sample_aware,18,0.12385188043117523,0.7094888687133789,0.45977795124053955,0.23726624415980446,0.023770312261250284,0.027271405276325014,0.6208721796671549,0.12185863571034537,0.004385800178473194,0.00017155073065724637,0.6602857142857143
6,150,periodic,sample_aware,18,0.12385188043117523,0.7094888687133789,0.45977795124053955,0.23157035476631588,0.02343736444082525,0.022885486690534487,0.6213628053665161,0.12097884714603424,0.004112269160234266,0.000152479514427897,0.6628571428571428
6,151,periodic,sample_aware,18,0.12385188043117523,0.7094888687133789,0.45977795124053955,0.23069846795664894,0.023168559910522565,0.02005117552147971,0.6192163162761264,0.1236839849087927,0.003611332219507959,0.00013489920982263156,0.66
6,152,periodic,sample_aware,18,0.12385188043117523,0.7094888687133789,0.45977795124053955,0.22844707634713915,0.02346442722611957,0.022063294218646154,0.6111035943031311,0.12000582615534465,0.00347564408245186,0.00013069188248159157,0.6651428571428571
6,153,periodic,sample_aware,18,0.12385188043117523,0.7094888687133789,0.45977795124053955,0.23359214266141257,0.023085632878873084,0.024968306637472577,0.6140401893191867,0.12214563538630803,0.0038415636712064347,0.00013553348576856984,0.6611428571428571
6,154,periodic,sample_aware,18,0.12385188043117523,0.7094888687133789,0.45977795124053955,0.23315593931410047,0.023366029891702864,0.025243191048502922,0.6150260236528184,0.12080783893664677,0.0043204983489380944,0.0001520533438047601,0.658
6,155,periodic,sample_aware,18,0.12385188043117523,0.7094888687133789,0.45977795124053955,0.236349418759346,0.023305222599042788,0.02850018089844121,0.6173597309324477,0.12025767813126247,0.004915391405423482,0.0001853289625917872,0.6582857142857143
6,156,periodic,sample_aware,18,0.12385188043117523,0.7094888687133789,0.45977795124053955,0.2343540241320928,0.023146112966868613,0.026521737169888284,0.6109373172124227,0.12078753693236245,0.005408358501477374,0.00020145211601629853,0.6574285714285715
6,157,periodic,sample_aware,18,0.12385188043117523,0.7094888687133789,0.45977795124053955,0.23338972363207075,0.022958200631870165,0.026619420076409977,0.6109467082553439,0.11992290533251232,0.005381207913160324,0.0002078408077876601,0.6651428571428571
6,158,periodic,sample_aware,18,0.12385188043117523,0.7094888687133789,0.45977795124053955,0.24075867897934383,0.023437129747536447,0.03000285600622495,0.60677037636439,0.12331913742754194,0.00641032297992044,0.0002347191459395819,0.662
6,159,periodic,sample_aware,18,0.12385188043117523,0.7094888687133789,0.45977795124053955,0.22837363183498383,0.02299372913936774,0.022970924567845132,0.6038550403383043,0.11879423095120324,0.0062264446169137955,0.00023204560339864757,0.66
6,160,periodic,sample_aware,18,0.12385188043117523,0.7094888687133789,0.45977795124053955,0.2272578759325875,0.02285223433540927,0.02092117878297965,0.6024111906687418,0.12042912344137828,0.005427945043063826,0.00020049605518579483,0.6622857142857143
6,161,periodic,sample_aware,19,0.11575490236282349,0.7231083512306213,0.45979592204093933,0.22627697222762638,0.022947405982348654,0.020266006390253704,0.5995794203546312,0.12056075450446871,0.004910561411331098,0.0001791584331335293,0.6608571428571428
6,162,periodic,sample_aware,19,0.11575490236282349,0.7231083512306213,0.45979592204093933,0.22508153319358826,0.02256340326534377,0.019694102928042412,0.5981202324231466,0.1203142288658354,0.005206846683803532,0.0001886982936412096,0.6642857142857143
6,163,periodic,sample_aware,19,0.11575490236282349,0.7231083512306213,0.45979592204093933,0.22282610502507952,0.02262947066790528,0.01869299490418699,0.592338866657681,0.11917485213941997,0.005971193158378203,0.00021861461896656288,0.6634285714285715
6,164,periodic,sample_aware,19,0.11575490236282349,0.7231083512306213,0.45979592204093933,0.223751962184906,0.022645088740521006,0.01915757606426875,0.5956710974375407,0.11996931417120828,0.004656810934344928,0.00016893749772053625,0.6617142857142857
6,165,periodic,sample_aware,19,0.11575490236282349,0.7231083512306213,0.45979592204093933,0.2235407316022449,0.022526575666334894,0.019533834730585415,0.5949525501992967,0.11986007044712703,0.004091844945732091,0.0001581398343356947,0.6582857142857143
6,166,periodic,sample_aware,19,0.11575490236282349,0.7231083512306213,0.45979592204093933,0.22678757541709477,0.02228325791656971,0.020058958066834345,0.598417752318912,0.12260033355818854,0.0038481624538285863,0.0001583335300286611,0.6634285714285715
6,167,periodic,sample_aware,19,0.11575490236282349,0.7231083512306213,0.45979592204093933,0.23823081453641257,0.023098704922530387,0.03147868418859111,0.595673316054874,0.1217154289285342,0.004539133670429389,0.00020219494924984046,0.6594285714285715
6,168,periodic,sample_aware,19,0.11575490236282349,0.7231083512306213,0.45979592204093933,0.22987420691384208,0.022237258238924876,0.025151751935482025,0.599357545375824,0.11993960125578775,0.004988039429816935,0.0002316445784850253,0.6617142857142857
6,169,periodic,sample_aware,19,0.11575490236282349,0.7231083512306213,0.45979592204093933,0.23841333058145311,0.02222098285953204,0.031540463782019086,0.5998102558983697,0.12228482051028146,0.004575167265203264,0.00019691008815748824,0.6597142857142857
6,170,periodic,sample_aware,19,0.11575490236282349,0.7231083512306213,0.45979592204093933,0.27032843232154846,0.023549667042162683,0.06392430721057786,0.6004188723034329,0.11901458021667269,0.007322373903459973,0.00027359668294795684,0.6588571428571428
6,171,periodic,sample_aware,19,0.11575490236282349,0.7231083512306213,0.45979592204093933,0.2640419238143497,0.024610988174875576,0.05190109627114402,0.6098959843317667,0.12202132079336378,0.008684087648159929,0.0003537395775007705,0.6585714285714286
6,172,periodic,sample_aware,19,0.11575490236282349,0.7231083512306213,0.45979592204093933,0.2689919140603807,0.023758397955033515,0.060457235823074974,0.6028323173522949,0.11845987455712424,0.01167337658504645,0.00039296414858351153,0.6597142857142857
6,173,periodic,sample_aware,19,0.11575490236282349,0.7231083512306213,0.45979592204093933,0.2597132689423031,0.023705913581781916,0.04859169200062752,0.6079223685794406,0.12087369130717383,0.01112925023254421,0.0003702022497438722,0.6602857142857143
6,174,periodic,sample_aware,19,0.11575490236282349,0.7231083512306213,0.45979592204093933,0.24540844725237954,0.02302351635363367,0.03946636368830999,0.5902933875719706,0.11859860602352354,0.010214459978871875,0.00036678163774518505,0.6617142857142857
6,175,periodic,sample_aware,19,0.11575490236282349,0.7231083512306213,0.45979592204093933,0.23823892242378658,0.022131494763824675,0.03241818149884542,0.5953934060202705,0.119468259314696,0.009058911353349686,0.00030438035416106385,0.6597142857142857
6,176,periodic,sample_aware,19,0.11575490236282349,0.7231083512306213,0.45979592204093933,0.23910016980436113,0.0217636956108941,0.03161236767967542,0.5958217779795328,0.12183696528275807,0.008322895918455388,0.0002870250027626753,0.6637142857142857
6,177,periodic,sample_aware,19,0.11575490236282349,0.7231083512306213,0.45979592204093933,0.2463410347700119,0.022538819453782506,0.039184216823842793,0.5892899632453918,0.12072789669036865,0.009608940221369267,0.0003132623904902074,0.6577142857142857
6,178,periodic,sample_aware,19,0.11575490236282349,0.7231083512306213,0.45979592204093933,0.24311520159244537,0.023146012384030554,0.03651355620887545,0.5875100625885857,0.1196731651822726,0.009767052200105455,0.0002958658021978206,0.6582857142857143
6,179,periodic,sample_aware,19,0.11575490236282349,0.7231083512306213,0.45979592204093933,0.2445006337430742,0.022330460242099233,0.03828180395066738,0.585543241765764,0.12044252786371443,0.0094822793164187,0.0003007536611726715,0.6585714285714286
6,180,periodic,sample_aware,19,0.11575490236282349,0.7231083512306213,0.45979592204093933,0.24479011529021794,0.022324620849556394,0.03705970570445061,0.5941003892156813,0.1218821472591824,0.007962408992979262,0.00026479406773837074,0.6577142857142857
6,181,periodic,sample_aware,19,0.11575490236282349,0.7231083512306213,0.45979592204093933,0.2467805246512095,0.022472412428922124,0.03870821288890309,0.592469678984748,0.12194897648360994,0.008523672715657286,0.00028423362851349846,0.6588571428571428
6,182,periodic,sample_aware,19,0.11575490236282349,0.7231083512306213,0.45979592204093933,0.24204008612367842,0.02144502600034078,0.03414951368338532,0.5853759315278795,0.12295344803068373,0.009602016665869288,0.0003069973447256618,0.6594285714285715
6,183,periodic,sample_aware,19,0.11575490236282349,0.7231083512306213,0.45979592204093933,0.23689029779699114,0.02207678866883119,0.033219936614235245,0.57887687948015,0.1194230384296841,0.00829740727527274,0.0002682793096432255,0.6594285714285715
6,184,periodic,sample_aware,19,0.11575490236282349,0.7231083512306213,0.45979592204093933,0.2310335271888309,0.02138588536116812,0.0281171016395092,0.5818461643324958,0.1194373650683297,0.007581531898015075,0.0002355822491356068,0.6614285714285715
6,185,periodic,sample_aware,19,0.11575490236282349,0.7231083512306213,0.45979592204093933,0.2286936425500446,0.0217323319779502,0.025276567579971418,0.575873851776123,0.12094191461801529,0.006109017671810256,0.000201874988205317,0.6634285714285715
6,186,periodic,sample_aware,19,0.11575490236282349,0.7231083512306213,0.45979592204093933,0.22816726730929482,0.021588519629504945,0.024038902380400233,0.578510926829444,0.12209311293231116,0.005019605366720093,0.00017166787680859366,0.6625714285714286
6,187,periodic,sample_aware,19,0.11575490236282349,0.7231083512306213,0.45979592204093933,0.22993445727560255,0.02106384477681584,0.024797226819727156,0.5787651406394111,0.12351700084076987,0.00517683791824513,0.00018290321006336145,0.6571428571428571
6,188,periodic,sample_aware,19,0.11575490236282349,0.7231083512306213,0.45979592204093933,0.23053909010357326,0.02095017395913601,0.028166638273331854,0.582806752787696,0.12056221316258113,0.004995372405068742,0.00016339625775193176,0.6597142857142857
6,189,periodic,sample_aware,19,0.11575490236282349,0.7231083512306213,0.45979592204093933,0.22892949647373623,0.02160115498635504,0.02567680345641242,0.5816784964667426,0.12081713229417801,0.005158741182337205,0.00017437203657916852,0.6608571428571428
6,190,periodic,sample_aware,19,0.11575490236282349,0.7231083512306213,0.45979592204093933,0.22899940113226572,0.02155086977614297,0.02600597631600168,0.5784561567836337,0.12063376108805339,0.005731198626259963,0.0001951691034870843,0.66
6,191,periodic,sample_aware,19,0.11575490236282349,0.7231083512306213,0.45979592204093933,0.22697209649615818,0.021407069431410894,0.025703908875584602,0.5761619673834907,0.11940762400627136,0.005482356995344162,0.00019223612940145863,0.6591428571428571
6,192,periodic,sample_aware,19,0.11575490236282349,0.7231083512306213,0.45979592204093933,0.22494292755921683,0.021029193989104696,0.021940990247660212,0.5713970131344266,0.12223659538560444,0.005009326980345779,0.00018356528986866275,0.6628571428571428
6,193,periodic,sample_aware,19,0.11575490236282349,0.7231083512306213,0.45979592204093933,0.22432660394244724,0.021026934393578105,0.021648345101210806,0.5733871261278788,0.12163728310002221,0.005140861444589164,0.00020980306564726762,0.6605714285714286
6,194,periodic,sample_aware,19,0.11575490236282349,0.7231083512306213,0.45979592204093933,0.22272211809953055,0.02112884157233768,0.023337227809760306,0.56307762198978,0.11912733647558424,0.005412988933838076,0.00022891556404324042,0.6594285714285715
6,195,periodic,sample_aware,19,0.11575490236282349,0.7231083512306213,0.45979592204093933,0.22835087776184082,0.021379553609424166,0.025716679377688303,0.5679440432124667,0.1211483519938257,0.006356395625819762,0.00026738015650254156,0.6568571428571428
6,196,periodic,sample_aware,19,0.11575490236282349,0.7231083512306213,0.45979592204093933,0.22798152599069807,0.020704639454682667,0.027060649668176968,0.5737523635228475,0.11977772745821211,0.005891185357338852,0.0002353553944784734,0.6608571428571428
6,197,periodic,sample_aware,19,0.11575490236282349,0.7231083512306213,0.45979592204093933,0.23466019497977364,0.021170789375901222,0.03467677906155586,0.5615119669172499,0.1194718802968661,0.006149929482489824,0.00022916425304073427,0.6605714285714286
6,198,periodic,sample_aware,19,0.11575490236282349,0.7231083512306213,0.45979592204093933,0.23375609517097473,0.0212998456425137,0.03273211088445452,0.5658640596601698,0.11989532162745793,0.006254168486015664,0.00023064885883488588,0.6642857142857143
6,199,periodic,sample_aware,19,0.11575490236282349,0.7231083512306213,0.45979592204093933,0.23625306288401285,0.021285631383458774,0.032622795552015305,0.5736828446388245,0.12179792672395706,0.00612958458562692,0.00022726633404898975,0.6594285714285715
6,200,periodic,sample_aware,19,0.11575490236282349,0.7231083512306213,0.45979592204093933,0.24022952715555826,0.021304968744516373,0.037723253584570356,0.5770118104086982,0.12002143181032604,0.0067357282775143785,0.00022165845277615718,0.6625714285714286
7,1,periodic,sample_aware,18,0.12385188043117523,0.7094888687133789,0.4648056924343109,2.4293015665478177,1.1167724397447374,0.7687035315627023,2.4852212535010443,0.14997913936773935,0.277396516667472,0.01325200441189938,0.563
7,2,periodic,sample_aware,18,0.12385188043117523,0.7094888687133789,0.4648056924343109,1.62883812851376,0.8752519289652506,0.31249869532055324,2.392562256919013,0.14397987888918984,0.11090464310513602,0.0047981740855094455,0.5755
7,3,periodic,sample_aware,18,0.12385188043117523,0.7094888687133789,0.4648056924343109,1.2436128457387288,0.7004314064979553,0.15149671501583523,2.224237230088976,0.14515974289841121,0.04619134548637602,0.0020111926779564884,0.5785
7,4,periodic,sample_aware,18,0.12385188043117523,0.7094888687133789,0.4648056924343109,1.0392557912402682,0.5874251855744256,0.09373669077952702,2.0607551866107516,0.1402552541759279,0.022540249654816255,0.0009860101595727934,0.58425
7,5,periodic,sample_aware,18,0.12385188043117523,0.7094888687133789,0.4648056924343109,0.9120343195067512,0.49596061640315586,0.069268013868067,2.003878182835049,0.1406830350557963,0.010963476469947232,0.0005061339405882689,0.586
7,6,periodic,sample_aware,18,0.12385188043117523,0.7094888687133789,0.4648056924343109,0.8256992035441928,0.4345967736509111,0.05243690932790438,1.9439041879442003,0.1410056319501665,0.0062355890145732295,0.0003033821768541303,0.58325
7,7,periodic,sample_aware,18,0.12385188043117523,0.7094888687133789,0.4648056924343109,0.7657100558280945,0.38576805260446334,0.04717026278376579,1.9086200793584187,0.13974610467751822,0.004111607145104144,0.00021558093269252114,0.587
7,8,periodic,sample_aware,18,0.12385188043117523,0.7094888687133789,0.4648056924343109,0.7105862034691705,0.34359438882933724,0.04236652081211408,1.8677842087215848,0.13624702228440178,0.0030337555540932547,0.0001659475706724657,0.5875
7,9,periodic,sample_aware,18,0.12385188043117523,0.7094888687133789,0.4648056924343109,0.6654325657420688,0.3071515162785848,0.03983862656686041,1.8151745531294081,0.1355210824145211,0.0026665342350800834,0.00014123561171193918,0.58975
7,10,periodic,sample_aware,18,0.12385188043117523,0.7094888687133789,0.4648056924343109,0.6425347791777717,0.28447620073954266,0.03826907773812612,1.8045131497912936,0.13801557322343191,0.002499699799550904,0.00014550354616302584,0.59025
7,11,periodic,sample_aware,18,0.12385188043117523,0.7094888687133789,0.4648056924343109,0.6110853552818298,0.2619997627205319,0.03694393982489904,1.7693567408455744,0.13391354348924425,0.0024391443779071174,0.0001457184941197435,0.58975
7,12,periodic,sample_aware,18,0.12385188043117523,0.7094888687133789,0.4648056924343109,0.5829509033097161,0.2369383821884791,0.03810451552271843,1.7306113772922092,0.13352369103166792,0.0024992031200478473,0.0001471271583189567,0.58725
7,13,periodic,sample_aware,18,0.12385188043117523,0.7094888687133789,0.4648056924343109,0.568336910671658,0.2221614635652966,0.03965009955896272,1.7121907869974773,0.1338768502076467,0.0026982828922983673,0.00016054139834725193,0.5895
7,14,periodic,sample_aware,18,0.12385188043117523,0.7094888687133789,0.4648056924343109,0.5511704881985983,0.2077811492813958,0.039992373850610524,1.6747983826531305,0.13453841043843162,0.002590903313830495,0.00016648808054419028,0.59175
7,15,periodic,sample_aware,18,0.12385188043117523,0.7094888687133789,0.4648056924343109,0.529139777024587,0.19359243412812552,0.03851851531200939,1.643527415063646,0.13119041588571337,0.002810496785160568,0.00016082496666866873,0.5885
7,16,periodic,sample_aware,18,0.12385188043117523,0.7094888687133789,0.4648056924343109,0.5143021378252242,0.1841530700524648,0.03652691965301832,1.6224819289313421,0.12985691014263365,0.0028627397389047677,0.0001713489829045203,0.59175
7,17,periodic,sample_aware,18,0.12385188043117523,0.7094888687133789,0.4648056924343109,0.49851177467240226,0.17086909711360931,0.035621938606103264,1.6026073826683893,0.13027083377043405,0.0028180325300329262,0.000160296732145879,0.58925
7,18,periodic,sample_aware,18,0.12385188043117523,0.7094888687133789,0.4648056924343109,0.48592352204852635,0.15828369226720598,0.036681810600890055,1.589856227238973,0.1304064757294125,0.0029629613531546462,0.00016888725157413218,0.592
7,19,periodic,sample_aware,18,0.12385188043117523,0.7094888687133789,0.4648056924343109,0.4764452675978343,0.15147867633236778,0.036522193915314145,1.5482575231128268,0.13205792837672764,0.002949792296729154,0.000171621090784255,0.59375
7,20,periodic,sample_aware,18,0.12385188043117523,0.7094888687133789,0.4648056924343109,0.4635331895616319,0.1440059228075875,0.03447468330462774,1.5266360309388902,0.13080567783779568,0.003001721549986137,0.00016487451244352592,0.59275
7,21,periodic,sample_aware,18,0.12385188043117523,0.7094888687133789,0.4648056924343109,0.4497832953929901,0.13446522421307033,0.03343856127725707,1.5181099308861628,0.1284921301735772,0.00299152258473138,0.00016124688813255893,0.594
7,22,periodic,sample_aware,18,0.12385188043117523,0.7094888687133789,0.4648056924343109,0.44334636794196236,0.13011913912163842,0.03167300195329719,1.495595653851827,0.13028351217508316,0.0032567995755622783,0.0001654893211606476,0.59225
7,23,periodic,sample_aware,18,0.12385188043117523,0.7094888687133789,0.4648056924343109,0.4324790835380554,0.12169016235404545,0.03125361477335294,1.4809524085786607,0.12983267257610956,0.003046575804344482,0.00016820754131509198,0.59325
7,24,periodic,sample_aware,18,0.12385188043117523,0.7094888687133789,0.4648056924343109,0.41997859213087296,0.11410502592722575,0.032355234026908875,1.4456977711783514,0.1273520216345787,0.0030350024656703076,0.0001580603938135836,0.593
7,25,periodic,sample_aware,18,0.12385188043117523,0.7094888687133789,0.4648056924343109,0.4181984066963196,0.1096297808819347,0.03339908065067397,1.4440947771072388,0.12918029891120064,0.002995313559141424,0.00016424806866173944,0.592
7,26,periodic,sample_aware,18,0.12385188043117523,0.7094888687133789,0.4648056924343109,0.4138206011719174,0.10669364035129547,0.034916997576753296,1.403929935561286,0.13000913129912484,0.0034452396600196757,0.0001704282153190838,0.5915
7,27,periodic,sample_aware,18,0.12385188043117523,0.7094888687133789,0.4648056924343109,0.4051956766181522,0.1005376817451583,0.034844021830293864,1.39512128300137,0.12822565188010535,0.003977662262817224,0.00017470316055955159,0.594
7,28,periodic,sample_aware,18,0.12385188043117523,0.7094888687133789,0.4648056924343109,0.40094493163956535,0.09602990912066565,0.0358691376944383,1.3830155399110582,0.1288501669963201,0.0036095399926933977,0.00017876527272164822,0.5915
7,29,periodic,sample_aware,18,0.12385188043117523,0.7094888687133789,0.4648056924343109,0.3927347759405772,0.09405543489588632,0.031773391283220716,1.365093257692125,0.12847871333360672,0.003662700661354595,0.00017312743390599886,0.593
7,30,periodic,sample_aware,18,0.12385188043117523,0.7094888687133789,0.4648056924343109,0.38285089532534283,0.08946959757142597,0.029693797437681094,1.341336104604933,0.12786318278974956,0.003221985237259004,0.00015942684452359876,0.59475
7,31,periodic,sample_aware,18,0.12385188043117523,0.7094888687133789,0.4648056924343109,0.3760033879015181,0.08488254331880146,0.02906293546160062,1.3143069214291043,0.12889710234271157,0.0033037240823937785,0.00015650772386127047,0.5955
7,32,periodic,sample_aware,18,0.12385188043117523,0.7094888687133789,0.4648056924343109,0.3730357355541653,0.08089900761842728,0.028822920595606167,1.31256099541982,0.13045813722742927,0.0030458305393242175,0.00015329894894320104,0.5955
7,33,periodic,sample_aware,18,0.12385188043117523,0.7094888687133789,0.4648056924343109,0.3663477533393436,0.07896778153048621,0.029752313883768186,1.2888292604022555,0.1271744825773769,0.0029894072407235703,0.00015107817145892314,0.5965
7,34,periodic,sample_aware,18,0.12385188043117523,0.7094888687133789,0.4648056924343109,0.36296502086851334,0.07641303290923436,0.02820849439336194,1.2815232144461737,0.12862702707449594,0.0029794787211964526,0.0001488091074861586,0.5985
7,35,periodic,sample_aware,18,0.12385188043117523,0.7094888687133789,0.4648056924343109,0.35806800259484184,0.07440894428226683,0.02942118855814139,1.261847800678677,0.12636743485927582,0.0032154342625290155,0.00015585807462533316,0.5985
7,36,periodic,sample_aware,18,0.12385188043117523,0.7094888687133789,0.4648056924343109,0.35769902335272896,0.07247647891441981,0.03138020676043299,1.2537833054860432,0.12677142520745596,0.0032326392829418182,0.00015250555265487896,0.5995
7,37,periodic,sample_aware,18,0.12385188043117523,0.7094888687133789,0.4648056924343109,0.3518721361955007,0.06865821530421574,0.03142173153658708,1.2306674851311579,0.12686718255281448,0.0035526491701602936,0.000163863982177443,0.59875
7,38,periodic,sample_aware,18,0.12385188043117523,0.7094888687133789,0.4648056924343109,0.34546295139524674,0.06594568987687428,0.03203028957876894,1.2144296434190538,0.12413000729348925,0.00365663335348169,0.00017137728476276,0.59475
7,39,periodic,sample_aware,18,0.12385188043117523,0.7094888687133789,0.4648056924343109,0.3502156635125478,0.06536631534496944,0.03402177575561735,1.2107311487197876,0.12747220115529168,0.00439001544792619,0.0001744928045405282,0.59525
7,40,periodic,sample_aware,18,0.12385188043117523,0.7094888687133789,0.4648056924343109,0.35098253356085884,0.06432386197977596,0.03563598915934563,1.196730030907525,0.12895970046520233,0.004588326646222008,0.00019161661879883872,0.59725
7,41,periodic,sample_aware,19,0.11476751416921616,0.7234230637550354,0.46284857392311096,0.34796519411934745,0.06131281413965755,0.03863794087535805,1.1783086193932428,0.1278098432554139,0.0045543016038007205,0.00019315689698689513,0.59675
7,42,periodic,sample_aware,19,0.11476751416921616,0.7234230637550354,0.46284857392311096,0.33938051925765145,0.05906765949394968,0.03599257560239898,1.1617147657606337,0.1258335527446535,0.004444610379222367,0.00018590351747762825,0.59525
7,43,periodic,sample_aware,19,0.11476751416921616,0.7234230637550354,0.46284857392311096,0.3377548290623559,0.057910311967134476,0.03606236187948121,1.1514262225892808,0.12632821169164446,0.00443992598189248,0.00018271783159838783,0.59625
7,44,periodic,sample_aware,19,0.11476751416921616,0.7234230637550354,0.46284857392311096,0.3392461571428511,0.05614597557319535,0.04033874058061176,1.138530625237359,0.12639903028806052,0.004817718433009254,0.0002009725366305146,0.5975
7,45,periodic,sample_aware,19,0.11476751416921616,0.7234230637550354,0.46284857392311096,0.34223396248287624,0.05565332662728098,0.0433115524550279,1.1288806332482233,0.12766435825162464,0.0052343921011520755,0.00019895397256025008,0.5965
7,46,periodic,sample_aware,19,0.11476751416921616,0.7234230637550354,0.46284857392311096,0.3385054998927646,0.053291774458355375,0.04209669099913703,1.1152910656399198,0.12874127427736917,0.00548340499194132,0.00020989735559042956,0.5945
7,47,periodic,sample_aware,19,0.11476751416921616,0.7234230637550354,0.46284857392311096,0.3444482849703895,0.054780026276906334,0.046071145269605845,1.1021304395463731,0.1305212759309345,0.0055058070251511205,0.00021977026739882099,0.59675
7,48,periodic,sample_aware,19,0.11476751416921616,0.7234230637550354,0.46284857392311096,0.33217225472132367,0.05230310931801796,0.04131530432237519,1.1008861859639485,0.12547308620479372,0.005743086389783356,0.00024119613226503134,0.599
7,49,periodic,sample_aware,19,0.11476751416921616,0.7234230637550354,0.46284857392311096,0.3179091943634881,0.04969917651679781,0.032317950700720154,1.075402855873108,0.12549591230021584,0.005506049893382523,0.000205688185006794,0.59625
7,50,periodic,sample_aware,19,0.11476751416921616,0.7234230637550354,0.46284857392311096,0.3155573672718472,0.048942900780174464,0.030116044191850558,1.063734491666158,0.12743522061241996,0.00517736380505893,0.00020212376774806116,0.6015
7,51,periodic,sample_aware,19,0.11476751416921616,0.7234230637550354,0.46284857392311096,0.3155115313000149,0.048382451550828084,0.030295956879854202,1.058391981654697,0.12841156704558265,0.00497252085349626,0.00019220101724689206,0.5995
7,52,periodic,sample_aware,19,0.11476751416921616,0.7234230637550354,0.46284857392311096,0.30719132555855644,0.04744053011139234,0.02808495279815462,1.0481761429044936,0.12449442512459225,0.004524162970483303,0.0001834551803767681,0.59925
7,53,periodic,sample_aware,19,0.11476751416921616,0.7234230637550354,0.46284857392311096,0.310304452975591,0.047210978964964546,0.02884797089629703,1.0444437199168735,0.12750034282604852,0.004425668778518836,0.00017592526273801923,0.60175
7,54,periodic,sample_aware,19,0.11476751416921616,0.7234230637550354,0.46284857392311096,0.30760715074009365,0.045684883577956095,0.028558975085616112,1.0380157232284546,0.12732883294423422,0.004291512667097979,0.00017425631328175464,0.602
7,55,periodic,sample_aware,19,0.11476751416921616,0.7234230637550354,0.46284857392311096,0.30444084273444283,0.04502925607893202,0.027644837068186864,1.0182110667228699,0.1277623044119941,0.00419686460453603,0.00016981454488510886,0.59825
7,56,periodic,sample_aware,19,0.11476751416921616,0.7234230637550354,0.46284857392311096,0.30096427268452114,0.04360626141230265,0.028411951950854726,1.0127495858404372,0.12539506869183648,0.0043636779818269945,0.00018838509115286998,0.602
7,57,periodic,sample_aware,19,0.11476751416921616,0.7234230637550354,0.46284857392311096,0.3102606534957886,0.043866544134087034,0.03524461078147093,0.9972889953189426,0.12917761753002802,0.00431692036282685,0.00016903540947371058,0.60125
7,58,periodic,sample_aware,19,0.11476751416921616,0.7234230637550354,0.46284857392311096,0.30397557218869525,0.043784108426835805,0.02893140622311168,0.99386152293947,0.1296926529871093,0.00419636906331612,0.00016614744931252467,0.599
7,59,periodic,sample_aware,19,0.11476751416921616,0.7234230637550354,0.46284857392311096,0.2991479304101732,0.04317354948984252,0.0278660019652711,0.9867737293243408,0.12755678511328167,0.0035966832139011887,0.0001517504958125452,0.59975
7,60,periodic,sample_aware,19,0.11476751416921616,0.7234230637550354,0.46284857392311096,0.2992203368080987,0.042237469305594764,0.03242661679784457,0.9760755300521851,0.1249138390024503,0.0039173333077794975,0.0001523741714966794,0.60175
7,61,periodic,sample_aware,19,0.11476751416921616,0.7234230637550354,0.46284857392311096,0.2985091706116994,0.040727834320730634,0.031222471346457798,0.9716208775838217,0.1271272665924496,0.004370323175357448,0.00016869940898484655,0.60175
7,62,periodic,sample_aware,19,0.11476751416921616,0.7234230637550354,0.46284857392311096,0.29877952403492397,0.042178487612141505,0.030754248715109296,0.9599063793818156,0.12763868272304535,0.004272033046517108,0.00016289530968707468,0.603
7,63,periodic,sample_aware,19,0.11476751416921616,0.7234230637550354,0.46284857392311096,0.29523024294111466,0.040386096056964665,0.028492933346165553,0.9633472495608859,0.12786196255021626,0.004159745087640153,0.0001492976896568305,0.60175
7,64,periodic,sample_aware,19,0.11476751416921616,0.7234230637550354,0.46284857392311096,0.294935233063168,0.03922710153791639,0.028887095757656626,0.9482426312234666,0.12997066891855663,0.003903129707194037,0.00014907003949499794,0.6035
7,65,periodic,sample_aware,19,0.11476751416921616,0.7234230637550354,0.46284857392311096,0.29550207654635113,0.03957177036338382,0.03210256269408597,0.9485491116841634,0.12686940282583237,0.00405167317431834,0.00015518023347896006,0.6045
7,66,periodic,sample_aware,19,0.11476751416921616,0.7234230637550354,0.46284857392311096,0.2859955098893907,0.03969512962632709,0.028743460774421692,0.9211458232667711,0.12332499027252197,0.0040712912256519,0.000163404173993816,0.60325
7,67,periodic,sample_aware,19,0.11476751416921616,0.7234230637550354,0.46284857392311096,0.29191482729381985,0.03888362439142333,0.031687537829081215,0.9152206248707242,0.12760980096128252,0.004253010886410872,0.00017058002089874612,0.604
7,68,periodic,sample_aware,19,0.11476751416921616,0.7234230637550354,0.46284857392311096,0.287180976735221,0.03872913080785009,0.02981572887963719,0.9064957698186239,0.1256770839293798,0.004435857809666131,0.00018304338704587685,0.60075
7,69,periodic,sample_aware,19,0.11476751416921616,0.7234230637550354,0.46284857392311096,0.2900536259015401,0.038661111146211624,0.03344698229597674,0.9039134979248047,0.12524759024381638,0.004438218039770921,0.0001749766395530767,0.60425
7,70,periodic,sample_aware,19,0.11476751416921616,0.7234230637550354,0.46284857392311096,0.28691632548968,0.037749599665403366,0.03112701554265287,0.8985713654094272,0.1259462609887123,0.004313304942722122,0.00015930869590698017,0.60025
7,71,periodic,sample_aware,19,0.11476751416921616,0.7234230637550354,0.46284857392311096,0.29415612750583225,0.037987709459331304,0.03757879841658804,0.8955514166090224,0.1264546803302235,0.004974714273379909,0.00018486264808517363,0.60325
7,72,periodic,sample_aware,19,0.11476751416921616,0.7234230637550354,0.46284857392311096,0.2986321515507168,0.03851975128054619,0.042394102861483894,0.8974640236960517,0.12477992309464349,0.006165146051595609,0.00021878925488433905,0.60425
7,73,periodic,sample_aware,19,0.11476751416921616,0.7234230637550354,0.46284857392311096,0.2959122724003262,0.03672897277606858,0.04153264148367776,0.8829856382475959,0.1258508405751652,0.006770672431836526,0.00023184776202672056,0.60475
7,74,periodic,sample_aware,19,0.11476751416921616,0.7234230637550354,0.46284857392311096,0.2920694318082597,0.036925192922353745,0.037822377350595265,0.8762088219324747,0.12649181816313002,0.006203440069738362,0.00021487167881180844,0.60575
7,75,periodic,sample_aware,19,0.11476751416921616,0.7234230637550354,0.46284857392311096,0.2989478011926015,0.03632263797852728,0.04260988078183598,0.8752445777257284,0.12926315681801903,0.006239799523933066,0.0002155206554258863,0.60175
7,76,periodic,sample_aware,19,0.11476751416921616,0.7234230637550354,0.46284857392311096,0.300345735417472,0.036300896770424314,0.045794607450564705,0.8719152145915561,0.12758882757690218,0.006709049662782086,0.0002307148210497366,0.60425
7,77,periodic,sample_aware,19,0.11476751416921616,0.7234230637550354,0.46284857392311096,0.3074121144082811,0.03693700747357474,0.05169791355729103,0.8682133422957526,0.12790215098195606,0.00782891067986687,0.00027851856106685265,0.599
7,78,periodic,sample_aware,19,0.11476751416921616,0.7234230637550354,0.46284857392311096,0.3007259766260783,0.03556970755259196,0.04770541191101074,0.8582559161716037,0.12665069020456737,0.009617381832665868,0.0003317753241087,0.60325
7,79,periodic,sample_aware,19,0.11476751416921616,0.7234230637550354,0.46284857392311096,0.301138699054718,0.035508727033933006,0.04641240338484446,0.8527664873335097,0.12859942846828037,0.010290312477284007,0.0003926517221973174,0.60275
7,80,periodic,sample_aware,19,0.11476751416921616,0.7234230637550354,0.46284857392311096,0.2888549135790931,0.03551623390780555,0.03617717677520381,0.8524505893389384,0.12743059711323845,0.008634832118534379,0.00033685794591696724,0.603
7,81,periodic,sample_aware,20,0.1066468358039856,0.7304528951644897,0.4611561894416809,0.28511373202006024,0.03464099599255456,0.03536606145401796,0.8400984936290317,0.12756356928083631,0.00682789408084419,0.00023860795449258553,0.603
7,82,periodic,sample_aware,20,0.1066468358039856,0.7304528951644897,0.4611561894416809,0.28333181142807007,0.03407434788015154,0.03208117187023163,0.8410135640038384,0.13008987406889597,0.005764785481409894,0.0002053438931600087,0.60275
7,83,periodic,sample_aware,20,0.1066468358039856,0.7304528951644897,0.4611561894416809,0.27663932575119865,0.03328596862653891,0.03305758618646198,0.8253014816178216,0.1250519860121939,0.005236997889975707,0.00019027373572397564,0.60325
7,84,periodic,sample_aware,20,0.1066468358039856,0.7304528951644897,0.4611561894416809,0.27798499994807774,0.033020160264439054,0.033049771562218666,0.8242406050364176,0.12683169295390448,0.005128849401242203,0.00018976800816340579,0.6045
7,85,periodic,sample_aware,20,0.1066468358039856,0.7304528951644897,0.4611561894416809,0.2820256253083547,0.03239473390082518,0.03695524897840288,0.8245688147015042,0.12760747638013628,0.005017777439206839,0.00020478015843157968,0.602
7,86,periodic,sample_aware,20,0.1066468358039856,0.7304528951644897,0.4611561894416809,0.2769278883934021,0.0325208685050408,0.03169717556900448,0.8170439336034987,0.12847955111000273,0.004863697362856733,0.00018809940795310668,0.604
7,87,periodic,sample_aware,20,0.1066468358039856,0.7304528951644897,0.4611561894416809,0.26924463444285923,0.03250095434486866,0.026793562082780734,0.8057850996653239,0.12709912988874647,0.004378286397291554,0.00016666570445522666,0.6025
7,88,periodic,sample_aware,20,0.1066468358039856,0.7304528951644897,0.4611561894416809,0.2786242398950789,0.03225514251324865,0.037898368719551295,0.8096854355600145,0.12529761592547098,0.004238830698240135,0.00017029841870276464,0.604
7,89,periodic,sample_aware,20,0.1066468358039856,0.7304528951644897,0.4611561894416809,0.29018262690967983,0.03201341339283519,0.0454693627026346,0.8128351701630486,0.1282289574543635,0.0061351462370819515,0.00023961876286193728,0.60125
7,90,periodic,sample_aware,20,0.1066468358039856,0.7304528951644897,0.4611561894416809,0.2849971420235104,0.03251726097530789,0.040491119441058904,0.8006252513991462,0.1283534500333998,0.0069103662648962606,0.00023521249467093084,0.60625
7,91,periodic,sample_aware,20,0.1066468358039856,0.7304528951644897,0.4611561894416809,0.27984500262472367,0.031595306677950755,0.03889171944724189,0.7935117814275954,0.12644950300455093,0.006889928649697039,0.00022466482672219476,0.604
7,92,periodic,sample_aware,20,0.1066468358039856,0.7304528951644897,0.4611561894416809,0.2769574456744724,0.031018237272898357,0.0363688450306654,0.7914575868182712,0.12712567216820186,0.006379283395492368,0.000218570523429662,0.60575
7,93,periodic,sample_aware,20,0.1066468358039856,0.7304528951644897,0.4611561894416809,0.27639008230633205,0.03168031987216738,0.03583861432141728,0.7889203098085191,0.12685663418637383,0.006026414792156882,0.00021853956988909177,0.6085
7,94,periodic,sample_aware,20,0.1066468358039856,0.7304528951644897,0.4611561894416809,0.2711445258723365,0.03099837236934238,0.03258406908975707,0.7775248620245192,0.1269887247019344,0.005455509656005436,0.00018624053336679935,0.60275
7,95,periodic,sample_aware,20,0.1066468358039856,0.7304528951644897,0.4611561894416809,0.2870349453555213,0.03191804947952429,0.04866946612795194,0.7802175217204623,0.1252897572186258,0.0060489172529843115,0.00022291868097252317,0.604
7,96,periodic,sample_aware,20,0.1066468358039856,0.7304528951644897,0.4611561894416809,0.27455587519539726,0.030751645151111815,0.03623796399268839,0.7765850557221307,0.12672077698840034,0.006151269138273265,0.0002227005703995625,0.60375
7,97,periodic,sample_aware,20,0.1066468358039856,0.7304528951644897,0.4611561894416809,0.27349826362397933,0.030092789688044123,0.03266068527268039,0.7776596479945712,0.12972560938861635,0.0062790813648866284,0.00022735188637549678,0.60775
7,98,periodic,sample_aware,20,0.1066468358039856,0.7304528951644897,0.4611561894416809,0.2655109730031755,0.03052080836560991,0.027988176171978314,0.7574339509010315,0.12832963466644287,0.005671425205137994,0.00018648503141270744,0.60775
7,99,periodic,sample_aware,20,0.1066468358039856,0.7304528951644897,0.4611561894416809,0.2591102090146806,0.030132804272903338,0.025755314363373652,0.7581858038902283,0.12463697873883778,0.005370428164800008,0.00016262194064135352,0.60525
7,100,periodic,sample_aware,20,0.1066468358039856,0.7304528951644897,0.4611561894416809,0.2673460874292586,0.0303015210148361,0.030922862597637706,0.7580406334665086,0.12780875712633133,0.00484352915858229,0.00017424174843149053,0.60975
7,101,periodic,sample_aware,20,0.1066468358039856,0.7304528951644897,0.4611561894416809,0.2727515664365556,0.02998344413936138,0.03746095382504993,0.7545321848657396,0.12656461199124655,0.006388052573634518,0.0001906093287592133,0.60425
7,102,periodic,sample_aware,20,0.1066468358039856,0.7304528951644897,0.4611561894416809,0.2600993878311581,0.029157103970646858,0.025750889753301937,0.7539437413215637,0.1272563702530331,0.004900875346114238,0.00018040740138126744,0.60975
7,103,periodic,sample_aware,20,0.1066468358039856,0.7304528951644897,0.4611561894416809,0.2536667105224397,0.02984498192866643,0.023085876264505915,0.7456239263216654,0.12414367248614629,0.003913679082567493,0.00014589975277582803,0.6085
7,104,periodic,sample_aware,20,0.1066468358039856,0.7304528951644897,0.4611561894416809,0.25264603396256763,0.02878252872162395,0.02085839956998825,0.7363410062260098,0.12765860557556152,0.003301372648113304,0.0001234327274788585,0.60675
7,105,periodic,sample_aware,20,0.1066468358039856,0.7304528951644897,0.4611561894416809,0.2507878277036879,0.0294754592080911,0.01961760057343377,0.7364734808603922,0.1264564792315165,0.0030679434227446714,0.00011392816021624539,0.609
7,106,periodic,sample_aware,20,0.1066468358039856,0.7304528951644897,0.4611561894416809,0.2532738695542018,0.028834569371408887,0.02060645508269469,0.7391956051190695,0.12839705497026443,0.002922494067913956,0.00010995290035174953,0.61025
7,107,periodic,sample_aware,20,0.1066468358039856,0.7304528951644897,0.4611561894416809,0.25068219502766925,0.02851439660622014,0.020298682774106663,0.7321425543891059,0.12718404995070565,0.002832173706135816,0.00010944807824368279,0.60675
7,108,periodic,sample_aware,20,0.1066468358039856,0.7304528951644897,0.4611561894416809,0.25707144372993046,0.028780671250489023,0.02427616301510069,0.7291961312294006,0.12946792278024885,0.003138484303942985,0.00011565341588316692,0.60525
7,109,periodic,sample_aware,20,0.1066468358039856,0.7304528951644897,0.4611561894416809,0.25601577593220604,0.0283804422037469,0.029527166651354894,0.7235686050521003,0.12387125194072723,0.003611974857954515,0.00014813424139801,0.607
7,110,periodic,sample_aware,20,0.1066468358039856,0.7304528951644897,0.4611561894416809,0.2577192352877723,0.029061594150132604,0.02677878551185131,0.7311993572447035,0.1269525686899821,0.0034688521021356187,0.0001438386065678464,0.60975
7,111,periodic,sample_aware,20,0.1066468358039856,0.7304528951644897,0.4611561894416809,0.25419728623496163,0.02784548472199175,0.025127459317445755,0.7172382540173001,0.12773045400778452,0.003398685897183087,0.0001414319396846824,0.60925
7,112,periodic,sample_aware,20,0.1066468358039856,0.7304528951644897,0.4611561894416809,0.250214825073878,0.028434805365072355,0.02250735503103998,0.7128249009450277,0.12624599950181115,0.0033596479592637885,0.00012869520449183055,0.606
7,113,periodic,sample_aware,20,0.1066468358039856,0.7304528951644897,0.4611561894416809,0.2520560738113191,0.02823751771615611,0.024079579653011426,0.7166221605406867,0.12636253072155845,0.0033042812978641856,0.00012416961706346937,0.60825
7,114,periodic,sample_aware,20,0.1066468358039856,0.7304528951644897,0.4611561894416809,0.25586191150877213,0.028555576586061053,0.029376852222614817,0.711536725362142,0.12478454659382503,0.003843199539308747,0.00013933576539986662,0.6095
7,115,periodic,sample_aware,20,0.1066468358039856,0.7304528951644897,0.4611561894416809,0.2517939607302348,0.027853502581516903,0.023038807635505993,0.7159146401617262,0.12719964732726416,0.004072092137195998,0.00014898165439565977,0.61075
7,116,periodic,sample_aware,20,0.1066468358039856,0.7304528951644897,0.4611561894416809,0.25082033375899,0.0274361175381475,0.02578191624747382,0.7064792977439033,0.12462534755468369,0.004489755982326137,0.00016828171727764938,0.60725
7,117,periodic,sample_aware,20,0.1066468358039856,0.7304528951644897,0.4611561894416809,0.25786686937014264,0.028028225526213646,0.03163740328616566,0.7010058363278707,0.12560000850094688,0.004818395504520999,0.00018291123625304963,0.6065
7,118,periodic,sample_aware,20,0.1066468358039856,0.7304528951644897,0.4611561894416809,0.2609198855029212,0.027796434031592474,0.03313341778185633,0.7047394514083862,0.12671327011452782,0.005406186502012942,0.0001994397478281624,0.607
7,119,periodic,sample_aware,20,0.1066468358039856,0.7304528951644897,0.4611561894416809,0.2567787766456604,0.027342485263943672,0.03282088517314858,0.6993617746565077,0.12364775190750758,0.0058112601853079265,0.00025168598707144457,0.608
7,120,periodic,sample_aware,20,0.1066468358039856,0.7304528951644897,0.4611561894416809,0.25958127280076343,0.027398536188734904,0.033297016388840146,0.6981874108314514,0.12611692978276146,0.005697008688002825,0.00020310670111535324,0.60775
7,121,periodic,sample_aware,21,0.1001756563782692,0.7356510758399963,0.46061310172080994,0.26081699629624683,0.026955640357401636,0.03398496098816395,0.6964536110560099,0.1271955238448249,0.005844753183838394,0.0002262559590033359,0.609
7,122,periodic,sample_aware,21,0.1001756563782692,0.7356510758399963,0.46061310172080994,0.2573106686274211,0.027043712221913867,0.031278536137607366,0.6935734219021268,0.12655954559644064,0.005900202060325278,0.0002428632449462182,0.60375
7,123,periodic,sample_aware,21,0.1001756563782692,0.7356510758399963,0.46061310172080994,0.2641308804353078,0.027169508238633473,0.03665108813179864,0.6897043718232049,0.12795736226770613,0.006524018270687925,0.00024095056707867317,0.60625
7,124,periodic,sample_aware,21,0.1001756563782692,0.7356510758399963,0.46061310172080994,0.2636684046851264,0.027326194569468498,0.03937641241484218,0.6856646339098612,0.12486102763149473,0.006824621154616277,0.0002519871017688678,0.60825
7,125,periodic,sample_aware,21,0.1001756563782692,0.7356510758399963,0.46061310172080994,0.2666395405928294,0.02701664860877726,0.040655196747846074,0.6916247010231018,0.12608011894755894,0.007190460701369577,0.00025975799912379845,0.607
7,126,periodic,sample_aware,21,0.1001756563782692,0.7356510758399963,0.46061310172080994,0.2693837351269192,0.027537726279762056,0.04070493889351686,0.6922766168912252,0.12837007972929212,0.006839595217671659,0.00024706352916028764,0.61075
7,127,periodic,sample_aware,21,0.1001756563782692,0.7356510758399963,0.46061310172080994,0.26335271530681187,0.02690806094970968,0.03856725121537844,0.68307493130366,0.12571157928970125,0.007467431947588921,0.0002492238094823228,0.60775
7,128,periodic,sample_aware,21,0.1001756563782692,0.7356510758399963,0.46061310172080994,0.2590367380115721,0.02658854362865289,0.030634436756372452,0.691842668586307,0.12928592248095405,0.006459984048787091,0.00022714584419089887,0.608
7,129,periodic,sample_aware,21,0.1001756563782692,0.7356510758399963,0.46061310172080994,0.2501273983054691,0.026798347632090252,0.027443383923835225,0.6723531484603882,0.1256518769595358,0.005793656688183546,0.0002032870478514168,0.609
7,130,periodic,sample_aware,21,0.1001756563782692,0.7356510758399963,0.46061310172080994,0.25079573856459725,0.02629514555964205,0.027316456867588892,0.6723990109231737,0.1268792301416397,0.005929086616055833,0.00020092880974213281,0.6095
7,131,periodic,sample_aware,21,0.1001756563782692,0.7356510758399963,0.46061310172080994,0.24744724399513668,0.026354922809534602,0.0259846823496951,0.6645442247390747,0.1255372597111596,0.006026792960862319,0.00020511414105486538,0.61175
7,132,periodic,sample_aware,21,0.1001756563782692,0.7356510758399963,0.46061310172080994,0.24970601167943743,0.025740102347400453,0.028478417959478166,0.6718788743019104,0.12538424299822915,0.005631206867595513,0.0001995249573762218,0.60975
7,133,periodic,sample_aware,21,0.1001756563782692,0.7356510758399963,0.46061310172080994,0.24972248905234867,0.026224086475041177,0.02984644431206915,0.6689250005616082,0.12376182112428877,0.005793298077252176,0.00020197625013275279,0.6095
7,134,periodic,sample_aware,21,0.1001756563782692,0.7356510758399963,0.46061310172080994,0.24883959194024405,0.02623570669028494,0.02632120396527979,0.6666201750437418,0.12654369821151099,0.00594985309160418,0.00020407217865188917,0.607
7,135,periodic,sample_aware,21,0.1001756563782692,0.7356510758399963,0.46061310172080994,0.25091762509610915,0.025776524303687945,0.02814840546084775,0.6676674551433988,0.12723595069514382,0.005769406341844135,0.00021058823525284728,0.60775
7,136,periodic,sample_aware,21,0.1001756563782692,0.7356510758399963,0.46061310172080994,0.25150828891330296,0.025672803943355877,0.029444161388609145,0.6645685036977133,0.12611049165328345,0.007401684454331796,0.0002462729009696179,0.60825
7,137,periodic,sample_aware,21,0.1001756563782692,0.7356510758399963,0.46061310172080994,0.2582104785574807,0.025503800354070134,0.036010950389835567,0.6647115415996976,0.12551599658197826,0.009117029452075561,0.0003001210603138639,0.60525
7,138,periodic,sample_aware,21,0.1001756563782692,0.7356510758399963,0.46061310172080994,0.2548902945386039,0.02588503248989582,0.032117295596334666,0.663273983531528,0.1267591350608402,0.007341379144539435,0.00026147425200583204,0.606
7,139,periodic,sample_aware,21,0.1001756563782692,0.7356510758399963,0.46061310172080994,0.25260666343900895,0.025712925733791456,0.029672330659296777,0.6622486843003167,0.12728721234533522,0.007156146483288871,0.00026249384973198175,0.60775
7,140,periodic,sample_aware,21,0.1001756563782692,0.7356510758399963,0.46061310172080994,0.25618821051385665,0.025744816702273157,0.03322741016745567,0.6632769306500753,0.12702770365609062,0.00744951418083575,0.0002716511500895851,0.607
7,141,periodic,sample_aware,21,0.1001756563782692,0.7356510758399963,0.46061310172080994,0.25536492135789657,0.025355216736594837,0.03496339420477549,0.6500903566678365,0.12591186496946546,0.007957646933694681,0.00029316262548996345,0.60525
7,142,periodic,sample_aware,21,0.1001756563782692,0.7356510758399963,0.46061310172080994,0.2588803039656745,0.024992658860153623,0.03761270476712121,0.652135968208313,0.12717034998867247,0.007508201421135002,0.00027378556680762104,0.6075
7,143,periodic,sample_aware,21,0.1001756563782692,0.7356510758399963,0.46061310172080994,0.2586324032809999,0.025305395531985495,0.036257386621501714,0.6544160511758592,0.12768646577994028,0.007613101301507818,0.0002699963903675477,0.61025
7,144,periodic,sample_aware,21,0.1001756563782692,0.7356510758399963,0.46061310172080994,0.26960733864042496,0.025736974966194894,0.046268770264254674,0.6645652585559421,0.12707278546359804,0.007851039214680592,0.00029352796263992786,0.6055
7,145,periodic,sample_aware,21,0.1001756563782692,0.7356510758399963,0.46061310172080994,0.26176273822784424,0.026066644945078425,0.04109525183836619,0.6547195249133639,0.12492248581515418,0.008113051247265603,0.0002997524958724777,0.6095
7,146,periodic,sample_aware,21,0.1001756563782692,0.7356510758399963,0.46061310172080994,0.2593520912859175,0.0251042317185137,0.038965043094423085,0.6436842746204801,0.12645620852708817,0.00859056982315249,0.00032578869205382135,0.60775
7,147,periodic,sample_aware,21,0.1001756563782692,0.7356510758399963,0.46061310172080994,0.2561849355697632,0.025674737782941923,0.036677826609876424,0.6459277934498258,0.12505051659213173,0.008071727636787627,0.0003064125711615715,0.60725
7,148,periodic,sample_aware,21,0.1001756563782692,0.7356510758399963,0.46061310172080994,0.2553620802031623,0.025423705163929198,0.037230021216803126,0.6426661809285482,0.12401080462667677,0.008546787417597242,0.0003150651399563584,0.6075
7,149,periodic,sample_aware,21,0.1001756563782692,0.7356510758399963,0.46061310172080994,0.25231293671660954,0.025213144719600677,0.03326800506975916,0.644744078318278,0.12532779574394226,0.007781906933006313,0.0002772503519534237,0.6075
7,150,periodic,sample_aware,21,0.1001756563782692,0.7356510758399963,0.46061310172080994,0.2636556112103992,0.025000396702024672,0.041033280392487846,0.6499029927783542,0.12843028455972672,0.008104022281865278,0.0002986845275801089,0.61475
7,151,periodic,sample_aware,21,0.1001756563782692,0.7356510758399963,0.46061310172080994,0.2701682282818688,0.025016275338000722,0.05182051451669799,0.6362700727250841,0.12495936204989751,0.009160256427195337,0.00032988458406180143,0.6125
7,152,periodic,sample_aware,21,0.1001756563782692,0.7356510758399963,0.46061310172080994,0.26342640320460003,0.024545023424757853,0.04345627336038484,0.6424402197202047,0.12683515499035516,0.008402444629205598,0.00028940247527013224,0.60625
7,153,periodic,sample_aware,21,0.1001756563782692,0.7356510758399963,0.46061310172080994,0.26123128334681195,0.02527065533730719,0.04275756577650706,0.6328443951076932,0.1256095129582617,0.008325062381724516,0.0002931551102341877,0.6085
7,154,periodic,sample_aware,21,0.1001756563782692,0.7356510758399963,0.46061310172080994,0.2552199065685272,0.02477204240858555,0.03661529078251786,0.6335544387499491,0.1263300577799479,0.008012506852133406,0.00028163864044472575,0.60875
7,155,periodic,sample_aware,21,0.1001756563782692,0.7356510758399963,0.46061310172080994,0.25568485756715137,0.023509229843815167,0.037749167531728745,0.6472087038887872,0.12572593241930008,0.007687232664061917,0.0002720909542404115,0.608
7,156,periodic,sample_aware,21,0.1001756563782692,0.7356510758399963,0.46061310172080994,0.25666992531882393,0.02423712093796995,0.039850191937552557,0.6303842001491122,0.12500557717349794,0.008753078886204295,0.00032413714022065204,0.61575
7,157,periodic,sample_aware,21,0.1001756563782692,0.7356510758399963,0.46061310172080994,0.2545671496126387,0.024915376885069743,0.03662027480701605,0.6362946298387315,0.1250801467233234,0.008330868246654669,0.000312888263983445,0.6115
7,158,periodic,sample_aware,21,0.1001756563782692,0.7356510758399963,0.46061310172080994,0.26303963363170624,0.024713313207030296,0.0462548467848036,0.6278498570124308,0.12523200114568075,0.007810792368319299,0.0002981822536740866,0.60875
7,159,periodic,sample_aware,21,0.1001756563782692,0.7356510758399963,0.46061310172080994,0.2507975416051017,0.024315638053748343,0.03349133849971824,0.6292473938730028,0.1265652287337515,0.006747660744521353,0.0002535177174852126,0.61075
7,160,periodic,sample_aware,21,0.1001756563782692,0.7356510758399963,0.46061310172080994,0.24641631212499407,0.024279277978671923,0.02978271928926309,0.6261986295382181,0.12658112910058764,0.006058277614000771,0.0002483626400741438,0.61075
7,161,periodic,sample_aware,22,0.09547344595193863,0.7431908845901489,0.46025314927101135,0.24555608299043444,0.023669902856151264,0.030467439856794145,0.6246419350306193,0.1257827820049392,0.006119858214838637,0.00022367643476981256,0.60825
7,162,periodic,sample_aware,22,0.09547344595193863,0.7431908845901489,0.46025314927101135,0.24313808812035453,0.023289643228054047,0.028723824355337355,0.6174452304840088,0.12643656796879238,0.005649030725989077,0.00023802714551695518,0.61075
7,163,periodic,sample_aware,22,0.09547344595193863,0.7431908845901489,0.46025314927101135,0.2465055932601293,0.023418695562415652,0.02962735171119372,0.6300385528140597,0.1274048330055343,0.005875574787043863,0.00022612949962624244,0.6105
7,164,periodic,sample_aware,22,0.09547344595193863,0.7431908845901489,0.46025314927101135,0.24963129394584233,0.023148946257101163,0.035286866335405245,0.615110178788503,0.1265619463390774,0.006023816143472989,0.00022122714694382416,0.608
7,165,periodic,sample_aware,22,0.09547344595193863,0.7431908845901489,0.46025314927101135,0.2535605794853634,0.023650410895546276,0.038695425209071904,0.6130888263384501,0.12656474941306645,0.006417714783714877,0.0002644990389752719,0.6085
7,166,periodic,sample_aware,22,0.09547344595193863,0.7431908845901489,0.46025314927101135,0.2584857741991679,0.024072059533662267,0.04144994272953934,0.6233077049255371,0.1270360532734129,0.006936895919756757,0.000257010429373218,0.60975
7,167,periodic,sample_aware,22,0.09547344595193863,0.7431908845901489,0.46025314927101135,0.2513844735092587,0.02395747664074103,0.03676728821463055,0.6192655762036642,0.12499752392371495,0.007220888769047128,0.00025036742833132547,0.608
7,168,periodic,sample_aware,22,0.09547344595193863,0.7431908845901489,0.46025314927101135,0.2512236651447084,0.0235179141163826,0.037608951744106084,0.6171343790160285,0.12439918931987551,0.007690929859462712,0.000277413676182429,0.61
7,169,periodic,sample_aware,22,0.09547344595193863,0.7431908845901489,0.46025314927101135,0.25550464457935756,0.02362842547396819,0.0409001215464539,0.6137201852268643,0.1253562577896648,0.008229337787876526,0.0002663030108023021,0.60625
7,170,periodic,sample_aware,22,0.09547344595193863,0.7431908845901489,0.46025314927101135,0.2521927340163125,0.023546326491567824,0.03576020855042669,0.6187038090493944,0.12698261191447577,0.007817696986926926,0.00024871548197956546,0.61125
7,171,periodic,sample_aware,22,0.09547344595193863,0.7431908845901489,0.46025314927101135,0.2409609705209732,0.023289116306437388,0.02872381338642703,0.6099067529042562,0.12513259053230286,0.005462188377148575,0.0001873723878007796,0.61125
7,172,periodic,sample_aware,22,0.09547344595193863,0.7431908845901489,0.46025314927101135,0.23750344581074184,0.02304090393914117,0.026758530487616856,0.6091276937060885,0.12432403945260578,0.004772299693690406,0.00016209701102020012,0.61075
7,173,periodic,sample_aware,22,0.09547344595193863,0.7431908845901489,0.46025314927101135,0.23768162065082127,0.022979791793558333,0.0256612083564202,0.6141678690910339,0.12533354924784768,0.004429640067327354,0.00015091526115106212,0.61
7,174,periodic,sample_aware,22,0.09547344595193863,0.7431908845901489,0.46025314927101135,0.23593526085217795,0.022584827823771372,0.02491778549220827,0.6043431229061551,0.12583194424708685,0.004188364914928873,0.00014441466838535335,0.6125
7,175,periodic,sample_aware,22,0.09547344595193863,0.7431908845901489,0.46025314927101135,0.2421201484070884,0.023199828548563853,0.02845852118399408,0.603362500667572,0.12777449438969293,0.004537707919047939,0.00016439799866121676,0.60925
7,176,periodic,sample_aware,22,0.09547344595193863,0.7431908845901489,0.46025314927101135,0.2383329901430342,0.02311858721077442,0.025601709675457742,0.6035765409469604,0.12709941218296686,0.00414961969686879,0.00016163448001154594,0.60975
7,177,periodic,sample_aware,22,0.09547344595193863,0.7431908845901489,0.46025314927101135,0.23499727414713967,0.022430504775709577,0.024107182812359598,0.6008868416150411,0.12619498620430628,0.004189928967712654,0.00016190175018790696,0.609
7,178,periodic,sample_aware,22,0.09547344595193863,0.7431908845901489,0.46025314927101135,0.23047061430083382,0.023065418832831912,0.022525069614251454,0.5949003762669034,0.12347766425874498,0.003677525454097324,0.00014731973513132997,0.6095
7,179,periodic,sample_aware,22,0.09547344595193863,0.7431908845901489,0.46025314927101135,0.2348618275589413,0.02243695387409793,0.02243565685219235,0.6029681364695231,0.1279604501194424,0.003341652556425995,0.000122254921330346,0.6105
7,180,periodic,sample_aware,22,0.09547344595193863,0.7431908845901489,0.46025314927101135,0.2308115760485331,0.0225244861923986,0.021694716893964343,0.5921240581406487,0.12553520666228402,0.003559773891336388,0.00012974713333985873,0.60675
7,181,periodic,sample_aware,22,0.09547344595193863,0.7431908845901489,0.46025314927101135,0.23743638396263123,0.022350103076961305,0.029366923082205985,0.5925355354944865,0.12458345956272548,0.003629852526096834,0.00013483760671483146,0.61025
7,182,periodic,sample_aware,22,0.09547344595193863,0.7431908845901489,0.46025314927101135,0.23277742664019266,0.022727851652436785,0.0238413123620881,0.6002131104469299,0.12437280350261265,0.0034887854837709004,0.00013951134557525316,0.61225
7,183,periodic,sample_aware,22,0.09547344595193863,0.7431908845901489,0.46025314927101135,0.23428775701257917,0.02245073558555709,0.023186662130885653,0.5997316704856025,0.12677425063318676,0.003665406800185641,0.0001404798175725672,0.61225
7,184,periodic,sample_aware,22,0.09547344595193863,0.7431908845901489,0.46025314927101135,0.2353180150190989,0.0229952788601319,0.02285419859819942,0.5927199655108981,0.12803578873475394,0.0041758595034480095,0.00014564534002501104,0.61225
7,185,periodic,sample_aware,22,0.09547344595193863,0.7431908845901489,0.46025314927101135,0.22919481661584643,0.022702375426888466,0.021334072368012533,0.5944501360257467,0.12382880929443571,0.003627700291367041,0.00014138946749476923,0.6095
7,186,periodic,sample_aware,22,0.09547344595193863,0.7431908845901489,0.46025314927101135,0.23225271867381203,0.022346368473437097,0.022020972644289333,0.5958582493993971,0.1265263126956092,0.0034088268099973598,0.00013765556893001,0.60875
7,187,periodic,sample_aware,22,0.09547344595193863,0.7431908845901489,0.46025314927101135,0.22763162189059788,0.022443105984065268,0.021307230409648683,0.5929380787743462,0.12286589211887783,0.003300707968365815,0.0001424624933861196,0.61025
7,188,periodic,sample_aware,22,0.09547344595193863,0.7431908845901489,0.46025314927101135,0.23182582358519235,0.02152778146167596,0.023823445248934958,0.59282562467787,0.1251845674382316,0.003860837650588817,0.0001540964391703407,0.61075
7,189,periodic,sample_aware,22,0.09547344595193863,0.7431908845901489,0.46025314927101135,0.24076017240683237,0.022409251373675134,0.03338956232700083,0.5863338775104947,0.1241661591662301,0.004149777556045188,0.00017384740446383754,0.61125
7,190,periodic,sample_aware,22,0.09547344595193863,0.7431908845901489,0.46025314927101135,0.2741399390829934,0.02295909139017264,0.06226767102877299,0.5912410550647311,0.12698470138841206,0.005381653706232707,0.00022708286996930838,0.611
7,191,periodic,sample_aware,22,0.09547344595193863,0.7431908845901489,0.46025314927101135,0.3004049625661638,0.024106587179832988,0.0837122541334894,0.6197590165668063,0.1257673270172543,0.009323770801226297,0.00036201317561790347,0.6115
7,192,periodic,sample_aware,22,0.09547344595193863,0.7431908845901489,0.46025314927101135,0.28161756528748405,0.023907641155852213,0.06557544734742907,0.6147282388475206,0.12527786360846627,0.01036975501726071,0.0003978257817733619,0.612
7,193,periodic,sample_aware,22,0.09547344595193863,0.7431908845901489,0.46025314927101135,0.2800179554356469,0.023943607798881,0.06181744858622551,0.6075583630137973,0.12709303779734504,0.012346868506736226,0.00046917547135510377,0.6115
7,194,periodic,sample_aware,22,0.09547344595193863,0.7431908845901489,0.46025314927101135,0.2659233775403764,0.02274607453081343,0.047874652263191014,0.6006764107280307,0.1292113247844908,0.011645523831248283,0.000401866706346886,0.6105
7,195,periodic,sample_aware,22,0.09547344595193863,0.7431908845901489,0.46025314927101135,0.24577685528331333,0.02215016819536686,0.03495336282584402,0.5945232179429796,0.12436964197291268,0.009365429377390279,0.00033729531181355316,0.609
7,196,periodic,sample_aware,22,0.09547344595193863,0.7431908845901489,0.46025314927101135,0.24063670138518015,0.022168177283472486,0.030125239450070593,0.583476722240448,0.1259941119286749,0.007730220444500446,0.00027277775936656527,0.61075
7,197,periodic,sample_aware,22,0.09547344595193863,0.7431908845901489,0.46025314927101135,0.23214322162999046,0.021981255875693426,0.023995781110392675,0.5857514142990112,0.12443375421894921,0.006114495452493429,0.00020007996095551385,0.611
7,198,periodic,sample_aware,22,0.09547344595193863,0.7431908845901489,0.46025314927101135,0.23452205955982208,0.021897799024979275,0.021092654516299564,0.5979092783398099,0.12933726525968975,0.004643546262135108,0.00016327695791713067,0.608
7,199,periodic,sample_aware,22,0.09547344595193863,0.7431908845901489,0.46025314927101135,0.22760210434595743,0.020823785621258948,0.02022596448659897,0.5817508631282382,0.12617108722527823,0.004257627504153384,0.00015474084324927794,0.60975
7,200,periodic,sample_aware,22,0.09547344595193863,0.7431908845901489,0.46025314927101135,0.2275862478547626,0.021660363508595362,0.01933634529511134,0.5739393565389845,0.1270661304394404,0.0041106742185850935,0.00014826308082168302,0.612
8,1,periodic,sample_aware,21,0.1001756563782692,0.7356510758399963,0.46498945355415344,2.6172933181126914,1.0814598864979215,0.9935467628444409,2.4378038777245417,0.14593248731560177,0.2924862884812885,0.012661294597718451,0.5291111111111111
8,2,periodic,sample_aware,21,0.1001756563782692,0.7356510758399963,0.46498945355415344,1.6425972117318048,0.8697150217162238,0.3308335774474674,2.34219847785102,0.1426664176914427,0.12534435755676693,0.004980297448734443,0.5371111111111111
8,3,periodic,sample_aware,21,0.1001756563782692,0.7356510758399963,0.46498945355415344,1.2254203822877672,0.6855501002735562,0.15870779504378638,2.13431708017985,0.14056944847106934,0.05222252756357193,0.0021001919327924647,0.5442222222222223
8,4,periodic,sample_aware,21,0.1001756563782692,0.7356510758399963,0.46498945355415344,1.005740013387468,0.556372258398268,0.09395936297045814,2.002421736717224,0.14237567120128208,0.024541327108939488,0.0010397456806256538,0.5426666666666666
8,5,periodic,sample_aware,21,0.1001756563782692,0.7356510758399963,0.46498945355415344,0.8737334211667379,0.4710288478268517,0.06467576076587041,1.9318536917368572,0.1387638681464725,0.011638269966675175,0.0005208579758699569,0.546
8,6,periodic,sample_aware,21,0.1001756563782692,0.7356510758399963,0.46498945355415344,0.7802359925376045,0.3993500504228804,0.05027892730302281,1.8864674700631037,0.13847979572084215,0.00667559453803632,0.0002853223187331524,0.5488888888888889
8,7,periodic,sample_aware,21,0.1001756563782692,0.7356510758399963,0.46498945355415344,0.7171825567881266,0.3535695705148909,0.0434024151828554,1.8367187976837158,0.1343408359421624,0.00420973861279587,0.00018598022870719433,0.5517777777777778
8,8,periodic,sample_aware,21,0.1001756563782692,0.7356510758399963,0.46498945355415344,0.6609676082928976,0.30771612789895797,0.03887285002403789,1.7730519109302096,0.13541856408119202,0.003168970010139876,0.0001407733652740717,0.5515555555555556
8,9,periodic,sample_aware,21,0.1001756563782692,0.7356510758399963,0.46498945355415344,0.6311877104971144,0.2841852241092258,0.036334507167339325,1.7505452103084989,0.1342608349190818,0.002586138072527117,0.00011909149664764603,0.5531111111111111
8,10,periodic,sample_aware,21,0.1001756563782692,0.7356510758399963,0.46498945355415344,0.5986301634046767,0.25636480583084953,0.03616807030306922,1.71770887904697,0.1330301496717665,0.002481085481122136,0.00011140711527938645,0.554
8,11,periodic,sample_aware,21,0.1001756563782692,0.7356510758399963,0.46498945355415344,0.5733737283282809,0.23613555398252276,0.035105122874180474,1.6803135474522908,0.1328149148159557,0.00246018600753612,0.00011335396751140554,0.5535555555555556
8,12,periodic,sample_aware,21,0.1001756563782692,0.7356510758399963,0.46498945355415344,0.545536478360494,0.2147524505853653,0.03477217132846514,1.6462021536297269,0.13018479777706993,0.0022996065931187738,0.00011404946498158906,0.5566666666666666
8,13,periodic,sample_aware,21,0.1001756563782692,0.7356510758399963,0.46498945355415344,0.5302282041973538,0.20365628600120544,0.03391993625296487,1.613142900996738,0.13014001813199785,0.002290729329817825,0.00010460838934199678,0.5548888888888889
8,14,periodic,sample_aware,21,0.1001756563782692,0.7356510758399963,0.46498945355415344,0.5063095092773438,0.1837828904390335,0.034046821710136205,1.5814024872250028,0.1290722456243303,0.0024250122821993297,0.00010954229704414804,0.5575555555555556
8,15,periodic,sample_aware,21,0.1001756563782692,0.7356510758399963,0.46498945355415344,0.4969038830863105,0.1735097799036238,0.036025334149599075,1.5612256394492254,0.12996046079529655,0.00245657193267511,0.00011491886754002835,0.5577777777777778
8,16,periodic,sample_aware,21,0.1001756563782692,0.7356510758399963,0.46498945355415344,0.4809630546304915,0.1606091724501716,0.036641410241524376,1.5364733272128634,0.1286754227346844,0.0026547290488249725,0.00012469068557644883,0.5577777777777778
8,17,periodic,sample_aware,21,0.1001756563782692,0.7356510758399963,0.46498945355415344,0.46719832221666974,0.15051313903596666,0.03569943582018217,1.512351671854655,0.12837353431516224,0.0026389617576367324,0.0001150967566192978,0.5586666666666666
8,18,periodic,sample_aware,21,0.1001756563782692,0.7356510758399963,0.46498945355415344,0.4593299561076694,0.14312368300226,0.03719306571616067,1.486971868409051,0.12895893305540085,0.0025955467847072417,0.00011862549904940857,0.5577777777777778
8,19,periodic,sample_aware,21,0.1001756563782692,0.7356510758399963,0.46498945355415344,0.44476960433853996,0.1332562474740876,0.037679523643520146,1.451211068365309,0.1272415982352363,0.0028167076719303927,0.00012554263877164986,0.56
8,20,periodic,sample_aware,21,0.1001756563782692,0.7356510758399963,0.46498945355415344,0.43120799130863613,0.12544018112950855,0.036922471390830144,1.4186937941445246,0.12552399105495876,0.002773669781163335,0.00013025243404424854,0.5617777777777778
8,21,periodic,sample_aware,21,0.1001756563782692,0.7356510758399963,0.46498945355415344,0.42208730843332076,0.11973267296950023,0.03464512320028411,1.4090325170093112,0.1253996276193195,0.0026912016845825645,0.0001220600485491256,0.5611111111111111
8,22,periodic,sample_aware,21,0.1001756563782692,0.7356510758399963,0.46498945355415344,0.4108743733829922,0.11345737096336153,0.0318662046144406,1.3861818313598633,0.12550206316841972,0.002738317707553506,0.00012277950170553394,0.564
8,23,periodic,sample_aware,21,0.1001756563782692,0.7356510758399963,0.46498945355415344,0.40758197175131905,0.110813626812564,0.029777026631765895,1.3845058812035456,0.1272356179025438,0.0024963245054499972,0.00011388692332224714,0.5637777777777778
8,24,periodic,sample_aware,21,0.1001756563782692,0.7356510758399963,0.46498945355415344,0.3939240939087338,0.10197151452302933,0.028959229588508606,1.3554040458467271,0.1262101208170255,0.002378821088415053,0.00010683407567234503,0.5651111111111111
8,25,periodic,sample_aware,21,0.1001756563782692,0.7356510758399963,0.46498945355415344,0.3922376897599962,0.09915481756130855,0.0306044885267814,1.3405811654196844,0.12712132268481785,0.0024923956176886954,0.00010549898595652646,0.5666666666666667
8,26,periodic,sample_aware,21,0.1001756563782692,0.7356510758399963,0.46498945355415344,0.38342653380499947,0.0938998551832305,0.033569876518514424,1.307110071182251,0.12368854797548717,0.00299474053705732,0.00011974839597112603,0.5655555555555556
8,27,periodic,sample_aware,21,0.1001756563782692,0.7356510758399963,0.46498945355415344,0.3813149995274014,0.08996554629670249,0.035790027015739016,1.2888503869374592,0.12491416931152344,0.0033906616218802002,0.0001297623966820538,0.5655555555555556
8,28,periodic,sample_aware,21,0.1001756563782692,0.7356510758399963,0.46498945355415344,0.3728293511602614,0.08659538957807753,0.03272529857026206,1.2694279617733426,0.12484374890724818,0.0033164991376300654,0.00012775205929453173,0.5682222222222222
8,29,periodic,sample_aware,21,0.1001756563782692,0.7356510758399963,0.46498945355415344,0.363950961165958,0.08324193374978171,0.029512468725442886,1.2523099051581488,0.1244002381960551,0.0030126282427873877,0.00011803267989307642,0.5693333333333334
8,30,periodic,sample_aware,21,0.1001756563782692,0.7356510758399963,0.46498945355415344,0.3580084476206038,0.07876121915049022,0.029435311547584005,1.2432743575837877,0.12393547263410357,0.002979378733370039,0.0001186430260228614,0.5691111111111111
8,31,periodic,sample_aware,21,0.1001756563782692,0.7356510758399963,0.46498945355415344,0.35303979449801975,0.07617829988400142,0.029038999643590715,1.2445055776172214,0.121859819524818,0.0029060765066080624,0.00011816448790745603,0.5695555555555556
8,32,periodic,sample_aware,21,0.1001756563782692,0.7356510758399963,0.46498945355415344,0.3474843204021454,0.07379987008041805,0.02780846796101994,1.219989816347758,0.12240753322839737,0.0028222984013458094,0.0001166337299057179,0.5693333333333334
8,33,periodic,sample_aware,21,0.1001756563782692,0.7356510758399963,0.46498945355415344,0.3447132309277852,0.07022988216744529,0.02819318821032842,1.2031828429963853,0.12453554653459126,0.002760386456631952,0.00011226766380584902,0.5693333333333334
8,34,periodic,sample_aware,21,0.1001756563782692,0.7356510758399963,0.46498945355415344,0.3440309829182095,0.07084270318349202,0.029975813296106126,1.1889414389928181,0.12288783987363179,0.0027507895914216838,0.00011017741376741065,0.5704444444444444
8,35,periodic,sample_aware,21,0.1001756563782692,0.7356510758399963,0.46498945355415344,0.34524714946746826,0.06688269558880064,0.03380789669851462,1.1798559294806585,0.12511087871260113,0.0028073706715885135,0.00011278156630901826,0.5695555555555556
8,36,periodic,sample_aware,21,0.1001756563782692,0.7356510758399963,0.46498945355415344,0.34194793303807575,0.06456128632028897,0.03300859406590462,1.1661206881205242,0.12616835286219916,0.0030674743724779952,0.0001277954175343944,0.5717777777777778
8,37,periodic,sample_aware,21,0.1001756563782692,0.7356510758399963,0.46498945355415344,0.3361613319979774,0.0640177730884817,0.03288980511327585,1.1490262084537082,0.1226116849316491,0.0033495263972630105,0.00012937871118386587,0.5706666666666667
8,38,periodic,sample_aware,21,0.1001756563782692,0.7356510758399963,0.46498945355415344,0.33232655458980137,0.061759129580524236,0.03077871518002616,1.1379876534144084,0.1243491272131602,0.0031561588402837515,0.00012546927771634527,0.5726666666666667
8,39,periodic,sample_aware,21,0.1001756563782692,0.7356510758399963,0.46498945355415344,0.3286236855718825,0.060713900046216115,0.029188030088941257,1.1314755943086412,0.12397681093878216,0.003070938918325636,0.00012381143298827938,0.5693333333333334
8,40,periodic,sample_aware,21,0.1001756563782692,0.7356510758399963,0.46498945355415344,0.3250502645969391,0.05917530134320259,0.02926125584377183,1.1110392411549885,0.12381742977433735,0.0032610666368984515,0.00012362800124618743,0.5722222222222222
8,41,periodic,sample_aware,22,0.0984533503651619,0.7410215735435486,0.4632563292980194,0.32447318898306954,0.056464876565668315,0.03379921615123749,1.0891103876961603,0.12346164137125015,0.0035451704946657023,0.0001276518451049924,0.5706666666666667
8,42,periodic,sample_aware,22,0.0984533503651619,0.7410215735435486,0.4632563292980194,0.31959108511606854,0.0567453114522828,0.03135325200855732,1.0813781420389812,0.12146803405549791,0.003631731133080191,0.00014159626637895903,0.5706666666666667
8,43,periodic,sample_aware,22,0.0984533503651619,0.7410215735435486,0.4632563292980194,0.3160845836003621,0.054294530716207295,0.02874113226102458,1.072222153345744,0.12405269261863497,0.003415196461396085,0.0001328279225466152,0.5691111111111111
8,44,periodic,sample_aware,22,0.0984533503651619,0.7410215735435486,0.4632563292980194,0.33382129006915623,0.05303581100371149,0.04884686693549156,1.0635122193230524,0.12353106836477916,0.003969008568674326,0.00014364399895485904,0.574
8,45,periodic,sample_aware,22,0.0984533503651619,0.7410215735435486,0.4632563292980194,0.3209479120042589,0.05032144238551458,0.03898964160018497,1.0614668130874634,0.12308983835909101,0.004634505499982172,0.00016609405995243124,0.572
8,46,periodic,sample_aware,22,0.0984533503651619,0.7410215735435486,0.4632563292980194,0.31322066651450264,0.05089846005042394,0.03346175721122159,1.0400586128234863,0.12272507035069996,0.004108492181532913,0.00015054743400671415,0.5746666666666667
8,47,periodic,sample_aware,22,0.0984533503651619,0.7410215735435486,0.4632563292980194,0.31879645586013794,0.04893587032953898,0.04102389266093572,1.0306363701820374,0.12369523114628261,0.004009310621768236,0.00014632430005197725,0.5702222222222222
8,48,periodic,sample_aware,22,0.0984533503651619,0.7410215735435486,0.4632563292980194,0.3205009665754106,0.05021840126978026,0.041794163485368095,1.0185163285997179,0.12435496681266361,0.004402842890057299,0.00016077571652001806,0.5724444444444444
8,49,periodic,sample_aware,22,0.0984533503651619,0.7410215735435486,0.4632563292980194,0.3140523268116845,0.047552422102954656,0.03949930311905013,1.0144839551713731,0.12315505163537131,0.004629628784540627,0.0001646836107182834,0.5722222222222222
8,50,periodic,sample_aware,22,0.0984533503651619,0.7410215735435486,0.4632563292980194,0.3109179668956333,0.048400399171643786,0.03705433300799794,1.0030590626928542,0.12243703173266517,0.005256601712769932,0.0001839837382754518,0.5757777777777778
8,51,periodic,sample_aware,22,0.0984533503651619,0.7410215735435486,0.4632563292980194,0.2993491656250424,0.04571856806675593,0.0326483239316278,0.9844987922244601,0.11979463282558653,0.005299359973933961,0.00017615438749392828,0.5733333333333334
8,52,periodic,sample_aware,22,0.0984533503651619,0.7410215735435486,0.4632563292980194,0.294879953066508,0.04497670547829734,0.028627286561661296,0.9833694828881158,0.12059440794918272,0.004529083923747142,0.000160110784539332,0.5755555555555556
8,53,periodic,sample_aware,22,0.0984533503651619,0.7410215735435486,0.4632563292980194,0.2975644502374861,0.044375103380945,0.02904930255479283,0.9812048210038079,0.12382847567399342,0.004238938654048575,0.0001432281116851502,0.574
8,54,periodic,sample_aware,22,0.0984533503651619,0.7410215735435486,0.4632563292980194,0.29286940892537433,0.0435024570259783,0.028954835815562144,0.9563044839435153,0.12271293583843443,0.0039905693588985335,0.00014691057408021556,0.5773333333333334
8,55,periodic,sample_aware,22,0.0984533503651619,0.7410215735435486,0.4632563292980194,0.29649772577815586,0.042866062786844045,0.030631507022513285,0.9590563641654121,0.12493069635497199,0.004177429506348239,0.00015021593491029408,0.5762222222222222
8,56,periodic,sample_aware,22,0.0984533503651619,0.7410215735435486,0.4632563292980194,0.2908473114172618,0.04239268021451102,0.030869028220574062,0.940382891231113,0.12131654222806294,0.004299194552004337,0.0001623447622276015,0.5762222222222222
8,57,periodic,sample_aware,22,0.0984533503651619,0.7410215735435486,0.4632563292980194,0.28884315490722656,0.04197621221343676,0.03168123525877794,0.9423878192901611,0.11881797429588106,0.004103283915254805,0.00015462203494583568,0.5762222222222222
8,58,periodic,sample_aware,22,0.0984533503651619,0.7410215735435486,0.4632563292980194,0.28874897625711227,0.04105576790041394,0.032908502138323255,0.9298796653747559,0.11954882078700596,0.004337574096603526,0.000158275302965194,0.5813333333333334
8,59,periodic,sample_aware,22,0.0984533503651619,0.7410215735435486,0.4632563292980194,0.292731417549981,0.040989206896887884,0.031509860108296074,0.9307175676027933,0.12477556284930971,0.004607183030909962,0.00016287712302679816,0.5751111111111111
8,60,periodic,sample_aware,22,0.0984533503651619,0.7410215735435486,0.4632563292980194,0.289577947722541,0.040291823032829494,0.03096039779484272,0.9163033498658074,0.124373493095239,0.004470107507788473,0.00017369191239898404,0.5811111111111111
8,61,periodic,sample_aware,22,0.0984533503651619,0.7410215735435486,0.4632563292980194,0.2889775236447652,0.0393627964788013,0.03198473610811763,0.91575821240743,0.12350040425856908,0.004921508487313986,0.00018601869750354026,0.58
8,62,periodic,sample_aware,22,0.0984533503651619,0.7410215735435486,0.4632563292980194,0.28322818875312805,0.038506811691655055,0.031146240110198658,0.9126577178637186,0.11984896659851074,0.004754456122302347,0.0001663331705559459,0.5791111111111111
8,63,periodic,sample_aware,22,0.0984533503651619,0.7410215735435486,0.4632563292980194,0.2801889048682319,0.03857481065723631,0.027142651793029573,0.8974645468923781,0.12254096236493853,0.004212813322535819,0.0001552319024792976,0.5786666666666667
8,64,periodic,sample_aware,22,0.0984533503651619,0.7410215735435486,0.4632563292980194,0.27419931689898175,0.037338284568654165,0.025419419217440817,0.882661395602756,0.12115014510022269,0.0039045821564892926,0.00014605768956243992,0.5802222222222222
8,65,periodic,sample_aware,22,0.0984533503651619,0.7410215735435486,0.4632563292980194,0.2743513153658973,0.037896117402447596,0.025412721145484183,0.8809341059790717,0.12099855724308226,0.0037630462708572545,0.000137967678407828,0.5797777777777777
8,66,periodic,sample_aware,22,0.0984533503651619,0.7410215735435486,0.4632563292980194,0.2833784818649292,0.037724066318737134,0.031001491886046197,0.8862208127975464,0.12407802210913764,0.0037600508011463615,0.00014558928604755137,0.5788888888888889
8,67,periodic,sample_aware,22,0.0984533503651619,0.7410215735435486,0.4632563292980194,0.30169061488575405,0.03739211584130923,0.050162398566802345,0.8766099744372897,0.12397935572597715,0.004809286290158828,0.00018220967871861326,0.5828888888888889
8,68,periodic,sample_aware,22,0.0984533503651619,0.7410215735435486,0.4632563292980194,0.2927803231610192,0.03771903241674105,0.0416080831653542,0.865180618233151,0.1241039666864607,0.0054643164492315715,0.00019805176675112711,0.5806666666666667
8,69,periodic,sample_aware,22,0.0984533503651619,0.7410215735435486,0.4632563292980194,0.28433972265985274,0.03723934003048473,0.03389593131012387,0.8690682649612427,0.12342864440547095,0.005544687207374308,0.0001932687527086172,0.5782222222222222
8,70,periodic,sample_aware,22,0.0984533503651619,0.7410215735435486,0.4632563292980194,0.27600493364863926,0.0361735833187898,0.0312485144370132,0.8463316824701097,0.12144115153286192,0.0048308032047417425,0.00018622699685187804,0.5806666666666667
8,71,periodic,sample_aware,22,0.0984533503651619,0.7410215735435486,0.4632563292980194,0.2758669853210449,0.03523793899350696,0.03206484061148432,0.8394349018732706,0.12215382357438405,0.004756832650552194,0.00017694998920584717,0.5831111111111111
8,72,periodic,sample_aware,22,0.0984533503651619,0.7410215735435486,0.4632563292980194,0.27357687552769977,0.03557657988535033,0.03053261525928974,0.846009267701043,0.12026637461450365,0.005019648155818383,0.00018109181999332376,0.5822222222222222
8,73,periodic,sample_aware,22,0.0984533503651619,0.7410215735435486,0.4632563292980194,0.2731260657310486,0.03446992031402058,0.029123967306481466,0.8363499177826775,0.12325412117772633,0.00509258359670639,0.00019353608756015697,0.5833333333333334
8,74,periodic,sample_aware,22,0.0984533503651619,0.7410215735435486,0.4632563292980194,0.27395691143141854,0.03529341436094708,0.03164214123454359,0.8301155103577508,0.121510811150074,0.004824771131906245,0.00017321169919644794,0.5786666666666667
8,75,periodic,sample_aware,22,0.0984533503651619,0.7410215735435486,0.4632563292980194,0.27254124482472736,0.03396974483297931,0.03170689899060461,0.8191954228613112,0.12245052638981077,0.004816734749409888,0.0001723200548440218,0.5811111111111111
8,76,periodic,sample_aware,22,0.0984533503651619,0.7410215735435486,0.4632563292980194,0.26949264936976963,0.03365051166878806,0.031165067934327655,0.8141385581758287,0.12062214397721821,0.00511064851242635,0.0001714896190808051,0.5768888888888889
8,77,periodic,sample_aware,22,0.0984533503651619,0.7410215735435486,0.4632563292980194,0.269375655386183,0.03358716103765699,0.02942060327364339,0.8154523372650146,0.12226200020975536,0.004964499475641383,0.0001568117230716679,0.5835555555555556
8,78,periodic,sample_aware,22,0.0984533503651619,0.7410215735435486,0.4632563292980194,0.2687052587668101,0.03323656175699499,0.03282846386233965,0.8029500312275357,0.11999636060661739,0.004542472306638956,0.00015526989914683832,0.5797777777777777
8,79,periodic,sample_aware,22,0.0984533503651619,0.7410215735435486,0.4632563292980194,0.2903105649683211,0.033450796786281795,0.05286051332950592,0.7996623582310147,0.12116942803064983,0.005542092956602573,0.000185091701698386,0.5808888888888889
8,80,periodic,sample_aware,22,0.0984533503651619,0.7410215735435486,0.4632563292980194,0.26911617981062996,0.033352566676007375,0.03553215910991033,0.7915626631842719,0.11844003780020608,0.005101269835399257,0.00016903330753039982,0.5791111111111111
8,81,periodic,sample_aware,23,0.09747640043497086,0.7459113001823425,0.46188974380493164,0.2697463995880551,0.03257553403576215,0.03263943331936995,0.7970940007103814,0.12233417812320921,0.004815858892268605,0.0001598434173502028,0.5806666666666667
8,82,periodic,sample_aware,23,0.09747640043497086,0.7459113001823425,0.46188974380493164,0.26450427373250324,0.03215234188569917,0.029129619399706524,0.7934995293617249,0.12170181588994132,0.004195823489377896,0.0001452624047588971,0.578
8,83,periodic,sample_aware,23,0.09747640043497086,0.7459113001823425,0.46188974380493164,0.2671258615122901,0.03260257053706381,0.030160006342662707,0.7895907825893826,0.12345684816439946,0.0037601031363010406,0.00013461539573553536,0.5833333333333334
8,84,periodic,sample_aware,23,0.09747640043497086,0.7459113001823425,0.46188974380493164,0.2625337392091751,0.03192037116322252,0.029311338853504922,0.7754583160082499,0.12180590546793407,0.0037702002252141633,0.00013037636462185119,0.5786666666666667
8,85,periodic,sample_aware,23,0.09747640043497086,0.7459113001823425,0.46188974380493164,0.26542268527878654,0.03148444079690509,0.031312107005053096,0.7816395627127753,0.12240249415238698,0.003975184349757101,0.000144183952620046,0.5833333333333334
8,86,periodic,sample_aware,23,0.09747640043497086,0.7459113001823425,0.46188974380493164,0.25769759549034965,0.03201692303021749,0.0266127557390266,0.7660182979371812,0.12007906867398156,0.0046161155009435285,0.00015791842532861564,0.5804444444444444
8,87,periodic,sample_aware,23,0.09747640043497086,0.7459113001823425,0.46188974380493164,0.2581292622619205,0.030925417732861307,0.026059119030833244,0.764650391207801,0.1224727224972513,0.004253131518554356,0.00016077481753503284,0.584
8,88,periodic,sample_aware,23,0.09747640043497086,0.7459113001823425,0.46188974380493164,0.26114972432454425,0.031590442483623825,0.02899404221938716,0.7676021589173211,0.12053762541876899,0.006368419931580623,0.0001663796396719085,0.5782222222222222
8,89,periodic,sample_aware,23,0.09747640043497086,0.7459113001823425,0.46188974380493164,0.261626402537028,0.030431981508930523,0.028663135651085112,0.7650718887646993,0.12364968905846278,0.004568442029671537,0.00018036321529911624,0.5835555555555556
8,90,periodic,sample_aware,23,0.09747640043497086,0.7459113001823425,0.46188974380493164,0.26674969991048175,0.030871556243962713,0.03462094792889224,0.7627299692895677,0.12144619309239918,0.006885653723859125,0.00019034967731891407,0.5788888888888889
8,91,periodic,sample_aware,23,0.09747640043497086,0.7459113001823425,0.46188974380493164,0.27258941531181335,0.03138446911341614,0.03908269935184055,0.7482831146981981,0.1235183361503813,0.0073435511957440115,0.00020764393654341498,0.5842222222222222
8,92,periodic,sample_aware,23,0.09747640043497086,0.7459113001823425,0.46188974380493164,0.27545781599150765,0.03103308565914631,0.04071047736538781,0.7554186582565308,0.12407824479871327,0.007947323481655784,0.00024096330808889534,0.5771111111111111
8,93,periodic,sample_aware,23,0.09747640043497086,0.7459113001823425,0.46188974380493164,0.2789228591654036,0.030744501079122227,0.0476565013329188,0.7507207327418857,0.12128105925189124,0.008074676359279288,0.00026276557602816157,0.5826666666666667
8,94,periodic,sample_aware,23,0.09747640043497086,0.7459113001823425,0.46188974380493164,0.283132897482978,0.030710494973593287,0.051857283959786095,0.749034583568573,0.1212591023908721,0.008491327210019032,0.00031378921509409946,0.5813333333333334
8,95,periodic,sample_aware,23,0.09747640043497086,0.7459113001823425,0.46188974380493164,0.3482006357775794,0.031436684644884534,0.11428853496909142,0.7539581259091696,0.12052351319127613,0.01267818496045139,0.0004339928661162655,0.574
8,96,periodic,sample_aware,23,0.09747640043497086,0.7459113001823425,0.46188974380493164,0.3052466809749603,0.031981931585404605,0.06728221144941118,0.7602358394198947,0.12290427088737488,0.013618261967268255,0.0004911021937409209,0.5782222222222222
8,97,periodic,sample_aware,23,0.09747640043497086,0.7459113001823425,0.46188974380493164,0.28791560729344684,0.030138746317889955,0.05708764286504851,0.7408401105138991,0.11984248790476057,0.013040708791878488,0.00048471801629703905,0.5813333333333334
8,98,periodic,sample_aware,23,0.09747640043497086,0.7459113001823425,0.46188974380493164,0.2752632300059001,0.02999365350438489,0.04606496998005443,0.7383426162931654,0.11943577643897799,0.011470309251712428,0.00039880302372492023,0.5775555555555556
8,99,periodic,sample_aware,23,0.09747640043497086,0.7459113001823425,0.46188974380493164,0.27095721165339154,0.029903848345081013,0.03840535465213987,0.7416666746139526,0.12345225281185573,0.009735175097982088,0.00032298598671332,0.5824444444444444
8,100,periodic,sample_aware,23,0.09747640043497086,0.7459113001823425,0.46188974380493164,0.2626254591676924,0.029402193302909534,0.0331795449472136,0.7339418795373704,0.12255836443768607,0.007932872977107763,0.00024944966167418496,0.5813333333333334
8,101,periodic,sample_aware,23,0.09747640043497086,0.7459113001823425,0.46188974380493164,0.25419118503729504,0.02852285508480337,0.0283077499932713,0.720304356680976,0.12186682224273682,0.00668942638569408,0.00023722256689021984,0.5808888888888889
8,102,periodic,sample_aware,23,0.09747640043497086,0.7459113001823425,0.46188974380493164,0.25026386976242065,0.028459215743674174,0.026980321647392377,0.7229010860125223,0.11930610984563828,0.006211315488649739,0.0002449115143261022,0.5822222222222222
8,103,periodic,sample_aware,23,0.09747640043497086,0.7459113001823425,0.46188974380493164,0.2508181631565094,0.028878634381625388,0.02542751758462853,0.7136249939600626,0.12211716257863575,0.005824935260332293,0.00023977262511228523,0.5848888888888889
8,104,periodic,sample_aware,23,0.09747640043497086,0.7459113001823425,0.46188974380493164,0.24861335423257616,0.02809617482125759,0.025062669689456623,0.7118877834743924,0.12159865432315403,0.005142178593410386,0.0001919730113715761,0.5853333333333334
8,105,periodic,sample_aware,23,0.09747640043497086,0.7459113001823425,0.46188974380493164,0.24476206964916652,0.028390998641649883,0.022358683869242668,0.7106505764855279,0.12055939518743092,0.004597285400248236,0.00017857197154727246,0.5804444444444444
8,106,periodic,sample_aware,23,0.09747640043497086,0.7459113001823425,0.46188974380493164,0.24540599352783626,0.027166773461633258,0.02134787581033177,0.7106704049640231,0.12393894377681944,0.003638332709670067,0.00013238035737433366,0.5831111111111111
8,107,periodic,sample_aware,23,0.09747640043497086,0.7459113001823425,0.46188974380493164,0.2431379242075814,0.028506874417265255,0.020893076434731483,0.7071134580506219,0.1211227352420489,0.003681483678519726,0.000126296175747282,0.5835555555555556
8,108,periodic,sample_aware,23,0.09747640043497086,0.7459113001823425,0.46188974380493164,0.2406304677327474,0.0277909640636709,0.022818113987644512,0.6921239097913107,0.11896822518772548,0.003544575586501095,0.00013697850388578244,0.5824444444444444
8,109,periodic,sample_aware,23,0.09747640043497086,0.7459113001823425,0.46188974380493164,0.24404477576414743,0.027350703461302653,0.02201335525347127,0.7021032902929518,0.12265761113829082,0.00349008214349548,0.00013548236003973417,0.5822222222222222
8,110,periodic,sample_aware,23,0.09747640043497086,0.7459113001823425,0.46188974380493164,0.2562790248129103,0.02773409730030431,0.03374649460117022,0.7068333824475607,0.12202878048022588,0.004021250099564592,0.00015138382635389766,0.5822222222222222
8,111,periodic,sample_aware,23,0.09747640043497086,0.7459113001823425,0.46188974380493164,0.2510680788093143,0.02767705751789941,0.030030217435624864,0.6971728536817763,0.12142740107244915,0.004277528056667911,0.00015469712929593193,0.5813333333333334
8,112,periodic,sample_aware,23,0.09747640043497086,0.7459113001823425,0.46188974380493164,0.2456614209545983,0.027388668308655422,0.027222081397970516,0.6907501816749573,0.11989480588171217,0.004022053805076414,0.00013963750744652416,0.5831111111111111
8,113,periodic,sample_aware,23,0.09747640043497086,0.7459113001823425,0.46188974380493164,0.24487194584475624,0.02746936720278528,0.023900729086663988,0.6879839168654548,0.12271819512049358,0.0038385033969663912,0.0001320273602484829,0.5795555555555556
8,114,periodic,sample_aware,23,0.09747640043497086,0.7459113001823425,0.46188974380493164,0.24131223559379578,0.027057843489779368,0.022749182250764634,0.6878944238026937,0.12069788409603967,0.003895853387398852,0.0001399109411674241,0.5831111111111111
8,115,periodic,sample_aware,23,0.09747640043497086,0.7459113001823425,0.46188974380493164,0.24643411238988241,0.027056270589431126,0.025846722225348156,0.6859373450279236,0.12278396470679177,0.004150005678335826,0.00015683039479578534,0.5833333333333334
8,116,periodic,sample_aware,23,0.09747640043497086,0.7459113001823425,0.46188974380493164,0.24468597769737244,0.026904845610260963,0.025657518249419,0.6823751330375671,0.12166627993186314,0.004271788781301843,0.00016784922142202655,0.5817777777777777
8,117,periodic,sample_aware,23,0.09747640043497086,0.7459113001823425,0.46188974380493164,0.24277970360385048,0.025506958779361513,0.025602769520547655,0.6872911585701836,0.12074335830079184,0.004232659573770232,0.00016234034491288994,0.5802222222222222
8,118,periodic,sample_aware,23,0.09747640043497086,0.7459113001823425,0.46188974380493164,0.2460644609398312,0.026771298092272546,0.027353166912992794,0.6806929243935479,0.12144287261697981,0.004695788439777162,0.00015987735888403322,0.5797777777777777
8,119,periodic,sample_aware,23,0.09747640043497086,0.7459113001823425,0.46188974380493164,0.24247973495059544,0.02621647963921229,0.02673511082927386,0.6718770662943522,0.1200646319323116,0.004385499309541451,0.0001661049059799148,0.5831111111111111
8,120,periodic,sample_aware,23,0.09747640043497086,0.7459113001823425,0.46188974380493164,0.24624446199999916,0.026496467284030385,0.029733685362670157,0.6755404472351074,0.12004154755009545,0.0046572283738189274,0.000180193779265715,0.5824444444444444
8,121,periodic,sample_aware,24,0.09705091267824173,0.74925696849823,0.46114277839660645,0.2484187963936064,0.026411805715825822,0.03006845505701171,0.6751455399725173,0.12198960367176268,0.004670845810323954,0.00019789794977340434,0.5808888888888889
8,122,periodic,sample_aware,24,0.09705091267824173,0.74925696849823,0.46114277839660645,0.25184674229886794,0.02609575457043118,0.03469447770880328,0.6745927598741319,0.12091763648721907,0.005148234052790536,0.00021094907101036774,0.5797777777777777
8,123,periodic,sample_aware,24,0.09705091267824173,0.74925696849823,0.46114277839660645,0.2540989700290892,0.026518906156222027,0.03260360202855534,0.6801680988735623,0.1241592922144466,0.005409528242631091,0.00019117634251920713,0.5813333333333334
8,124,periodic,sample_aware,24,0.09705091267824173,0.74925696849823,0.46114277839660645,0.24285095598962572,0.02584816887974739,0.027553341661890347,0.6648769511116875,0.12034739305575688,0.005047248262498114,0.00018147018919181492,0.5777777777777777
8,125,periodic,sample_aware,24,0.09705091267824173,0.74925696849823,0.46114277839660645,0.24709551367494795,0.026211015673147306,0.02989309322502878,0.6641751461558871,0.12201619231038624,0.004926450550556183,0.0001889357097550399,0.584
8,126,periodic,sample_aware,24,0.09705091267824173,0.74925696849823,0.46114277839660645,0.25306494368447197,0.025929574130309954,0.03502369982500871,0.670230872101254,0.12217255930105846,0.005638958575824897,0.00019308856119298271,0.582
8,127,periodic,sample_aware,24,0.09705091267824173,0.74925696849823,0.46114277839660645,0.25241204102834064,0.02626088137427966,0.0368840028014448,0.6600063973002963,0.12045662105083466,0.0054485538146562046,0.0001712385112316244,0.5788888888888889
8,128,periodic,sample_aware,24,0.09705091267824173,0.74925696849823,0.46114277839660645,0.2584524949391683,0.025882002380159166,0.04216661200755172,0.6636873881022135,0.12090793251991272,0.006051043772863017,0.00020337093802582886,0.5822222222222222
8,129,periodic,sample_aware,24,0.09705091267824173,0.74925696849823,0.46114277839660645,0.2608352353175481,0.0261348866754108,0.04447567090392113,0.6605677074856229,0.12027227381865184,0.007538811096714603,0.00025244126380938623,0.5777777777777777
8,130,periodic,sample_aware,24,0.09705091267824173,0.74925696849823,0.46114277839660645,0.2594412515560786,0.025970040924019284,0.04304114315244886,0.6577477057774862,0.12041092581219143,0.008202773208419481,0.00028595842498665053,0.5822222222222222
8,131,periodic,sample_aware,24,0.09705091267824173,0.74925696849823,0.46114277839660645,0.25791043705410427,0.02578624648352464,0.04218989031182395,0.6562527285681831,0.12021191500955158,0.007922227908339765,0.00027197583242216043,0.5788888888888889
8,132,periodic,sample_aware,24,0.09705091267824173,0.74925696849823,0.46114277839660645,0.2628658844365014,0.02517659506864018,0.04512183947695626,0.6583140956030952,0.12243562605645922,0.008332895063277748,0.00026793358847498894,0.58
8,133,periodic,sample_aware,24,0.09705091267824173,0.74925696849823,0.46114277839660645,0.2528064234389199,0.025849306335051853,0.038458155261145696,0.654049727651808,0.11874187240997951,0.008417848445889022,0.0002863714471459389,0.5853333333333334
8,134,periodic,sample_aware,24,0.09705091267824173,0.74925696849823,0.46114277839660645,0.25691604283120895,0.025453407938281696,0.03919868709312545,0.649621824423472,0.12317074586947759,0.00800346148510774,0.00025856474207507237,0.5822222222222222
8,135,periodic,sample_aware,24,0.09705091267824173,0.74925696849823,0.46114277839660645,0.25911468433009255,0.025759607346521482,0.039341088798311025,0.6567192475001017,0.12426202247540157,0.007894970062706206,0.0002651119333071013,0.5822222222222222
8,136,periodic,sample_aware,24,0.09705091267824173,0.74925696849823,0.46114277839660645,0.26052295830514693,0.025241790132390127,0.04404793762498432,0.6555302672915988,0.1212177566356129,0.008639193553891446,0.00028569829495002824,0.5826666666666667
8,137,periodic,sample_aware,24,0.09705091267824173,0.74925696849823,0.46114277839660645,0.2604396409458584,0.02552307231558694,0.043429005477163524,0.6493473251660665,0.12204059958457947,0.008745542520450221,0.0002789284076748623,0.578
8,138,periodic,sample_aware,24,0.09705091267824173,0.74925696849823,0.46114277839660645,0.25946133666568333,0.02546409662399027,0.04287108075287607,0.6417059037420485,0.12227978308995564,0.009049870694677034,0.0003016951636204289,0.5804444444444444
8,139,periodic,sample_aware,24,0.09705091267824173,0.74925696849823,0.46114277839660645,0.25870007276535034,0.024676086174117193,0.04538278364472919,0.6440576646063063,0.11975359006060494,0.008658190154367022,0.0003054976696148515,0.5804444444444444
8,140,periodic,sample_aware,24,0.09705091267824173,0.74925696849823,0.46114277839660645,0.25235966510242885,0.02513260477119022,0.036951571289036006,0.6471448805597093,0.12104778736829758,0.008719787001609802,0.00030662965986670717,0.5802222222222222
8,141,periodic,sample_aware,24,0.09705091267824173,0.74925696849823,0.46114277839660645,0.2557923313644197,0.025123062647051282,0.03935866057872772,0.6400418480237325,0.123064243959056,0.008200536275075542,0.00028382369136023853,0.5804444444444444
8,142,periodic,sample_aware,24,0.09705091267824173,0.74925696849823,0.46114277839660645,0.2533782919247945,0.02466737458275424,0.03864209146963225,0.6417660448286269,0.12207434740331438,0.007380877621471882,0.00025486848446437053,0.5806666666666667
8,143,periodic,sample_aware,24,0.09705091267824173,0.74925696849823,0.46114277839660645,0.3187946180502574,0.025898807992537815,0.10145625306500329,0.6534275611241659,0.12040029300583734,0.010995697954462634,0.00039731969849930867,0.5793333333333334
8,144,periodic,sample_aware,24,0.09705091267824173,0.74925696849823,0.46114277839660645,0.2996025217903985,0.02590681633187665,0.08340503358178669,0.6496264272265964,0.11929849535226822,0.011643761148055395,0.0004152975290910237,0.5806666666666667
8,145,periodic,sample_aware,24,0.09705091267824173,0.74925696849823,0.46114277839660645,0.29038940204514396,0.025710539271434147,0.07455359564887153,0.6444991893238492,0.11876711994409561,0.013383019819027848,0.00043343276613288454,0.5864444444444444
8,146,periodic,sample_aware,24,0.09705091267824173,0.74925696849823,0.46114277839660645,0.28598839706844753,0.02535432618525293,0.06749139436417156,0.6494114597638448,0.12164714518520567,0.012696329711212052,0.00041244587110769417,0.5831111111111111
8,147,periodic,sample_aware,24,0.09705091267824173,0.74925696849823,0.46114277839660645,0.2909858359230889,0.025101438785592716,0.0748675846391254,0.6445829272270203,0.12024417685137855,0.012242223757008711,0.0003864556395759185,0.5793333333333334
8,148,periodic,sample_aware,24,0.09705091267824173,0.74925696849823,0.46114277839660645,0.31963516275087994,0.02617250093155437,0.10028569069173601,0.646807955371009,0.12156317879756291,0.013459008290535875,0.00040698377415537834,0.5806666666666667
8,149,periodic,sample_aware,24,0.09705091267824173,0.74925696849823,0.46114277839660645,0.30366388625568813,0.024225613723198574,0.08520279328028361,0.6388235754436917,0.12169369392924839,0.016831950801942084,0.0004868867561324603,0.5775555555555556
8,150,periodic,sample_aware,24,0.09705091267824173,0.74925696849823,0.46114277839660645,0.28807877500851947,0.025825617214043934,0.06895387089914745,0.6408148341708713,0.12156521694527732,0.014852187596261501,0.0004530003643594682,0.5853333333333334
8,151,periodic,sample_aware,24,0.09705091267824173,0.74925696849823,0.46114277839660645,0.26945096254348755,0.024697982395688694,0.05349614512589243,0.6348253024948968,0.12142998394038942,0.012285130408902964,0.0004035005565836198,0.5806666666666667
8,152,periodic,sample_aware,24,0.09705091267824173,0.74925696849823,0.46114277839660645,0.2553268124659856,0.024319168387187853,0.04202922681967417,0.6284205847316318,0.1205533320705096,0.01080684694978926,0.00035920922851396934,0.5786666666666667
8,153,periodic,sample_aware,24,0.09705091267824173,0.74925696849823,0.46114277839660645,0.2482451250155767,0.024030693082345858,0.03669140405125088,0.627341197596656,0.1198305015762647,0.00958251663380199,0.0003342953795153234,0.5795555555555556
8,154,periodic,sample_aware,24,0.09705091267824173,0.74925696849823,0.46114277839660645,0.24249458147419822,0.02417448369993104,0.032305328796307244,0.6146339442994859,0.12044600728485319,0.007914224794755379,0.00029651027095193666,0.578
8,155,periodic,sample_aware,24,0.09705091267824173,0.74925696849823,0.46114277839660645,0.24144099487198722,0.023258965462446213,0.030715798545214865,0.629710508717431,0.12107399188809925,0.006582860110534562,0.0002595152085026105,0.5802222222222222
8,156,periodic,sample_aware,24,0.09705091267824173,0.74925696849823,0.46114277839660645,0.24048565493689644,0.023915717999140423,0.029141247272491455,0.6200760139359368,0.12236585219701131,0.005885414779186249,0.00022505170717421506,0.5822222222222222
8,157,periodic,sample_aware,24,0.09705091267824173,0.74925696849823,0.46114277839660645,0.23473643925454882,0.023694699423180685,0.027239043679502275,0.6105431914329529,0.12002735253837374,0.005229991705467303,0.0002120629522121615,0.5806666666666667
8,158,periodic,sample_aware,24,0.09705091267824173,0.74925696849823,0.46114277839660645,0.2338029361433453,0.023193148482176993,0.025129441999726825,0.6156723234388564,0.12171232120858298,0.004240902942708797,0.0001606831145990226,0.5824444444444444
8,159,periodic,sample_aware,24,0.09705091267824173,0.74925696849823,0.46114277839660645,0.2346231606271532,0.02254484345515569,0.025286028782526653,0.6196159521738688,0.12285196946726905,0.0038187552450431716,0.00013868947927322652,0.5815555555555556
8,160,periodic,sample_aware,24,0.09705091267824173,0.74925696849823,0.46114277839660645,0.23410353561242422,0.02346134206487073,0.02662014505929417,0.610872315035926,0.12095718168550068,0.003817665726981229,0.00013760500587522984,0.5828888888888889
8,161,periodic,sample_aware,25,0.09639919549226761,0.753719687461853,0.4610193967819214,0.23172599408361647,0.022942537648810282,0.02488855727844768,0.6142420967419943,0.1205858521991306,0.003643470428263148,0.00012620738319431743,0.5822222222222222
8,162,periodic,sample_aware,25,0.09639919549226761,0.753719687461853,0.4610193967819214,0.22484866281350455,0.022855146063698664,0.020871475545896426,0.6055417391988966,0.11896961679061253,0.003085879531378547,0.0001106183238637944,0.5806666666666667
8,163,periodic,sample_aware,25,0.09639919549226761,0.753719687461853,0.4610193967819214,0.22492496338155535,0.022380602028634813,0.018755861868460972,0.6117859482765198,0.12130648311641481,0.0025161049432224697,9.073635252813499e-05,0.5815555555555556
8,164,periodic,sample_aware,25,0.09639919549226761,0.753719687461853,0.4610193967819214,0.2236949023273256,0.022116958474119503,0.017560090455744002,0.6068381998274062,0.12212332172526254,0.0023352737124595377,8.615000276929802e-05,0.5791111111111111
8,165,periodic,sample_aware,25,0.09639919549226761,0.753719687461853,0.4610193967819214,0.2238920016421212,0.02261099571155177,0.017302954776419535,0.6063363022274442,0.1222826490799586,0.0020487140605433118,7.483022313358056e-05,0.5788888888888889
8,166,periodic,sample_aware,25,0.09639919549226761,0.753719687461853,0.4610193967819214,0.223838210105896,0.02281459586487876,0.017831699094838567,0.606394476360745,0.12142118811607361,0.0021801061359130675,8.245374515859617e-05,0.5786666666666667
8,167,periodic,sample_aware,25,0.09639919549226761,0.753719687461853,0.4610193967819214,0.22398095826307932,0.02176751589609517,0.01937829392651717,0.6086934937371148,0.12066958513524798,0.002485741783554355,0.00010669047090535362,0.5826666666666667
8,168,periodic,sample_aware,25,0.09639919549226761,0.753719687461853,0.4610193967819214,0.22540251745118034,0.022079542693164613,0.022046586084696982,0.601572745376163,0.11966037584675683,0.002799763758149412,0.00011771496307725708,0.5811111111111111
8,169,periodic,sample_aware,25,0.09639919549226761,0.753719687461853,0.4610193967819214,0.22385873397191366,0.022264740533298917,0.021272217027015157,0.6029751830630832,0.11852932721376419,0.00287532185514768,0.000114543240569118,0.5835555555555556
8,170,periodic,sample_aware,25,0.09639919549226761,0.753719687461853,0.4610193967819214,0.22598540286223093,0.0223637359837691,0.02264051863716708,0.5976503491401672,0.1197214921315511,0.0028731537620640462,0.00011609516028935711,0.58
8,171,periodic,sample_aware,25,0.09639919549226761,0.753719687461853,0.4610193967819214,0.22911260359817082,0.02213783168958293,0.024038472730252478,0.5989687707689073,0.12141736431254281,0.003127029217365715,0.00011708665018280347,0.5815555555555556
8,172,periodic,sample_aware,25,0.09639919549226761,0.753719687461853,0.4610193967819214,0.22689798805448744,0.022373946176634893,0.023524686901105776,0.5977959036827087,0.11938014874855678,0.0035429930107461084,0.00013624009443446994,0.5791111111111111
8,173,periodic,sample_aware,25,0.09639919549226761,0.753719687461853,0.4610193967819214,0.22836454378234017,0.022235147034128506,0.02320683726833926,0.6035850511656867,0.12080676853656769,0.0033877158227066198,0.00012685145096232495,0.5844444444444444
8,174,periodic,sample_aware,25,0.09639919549226761,0.753719687461853,0.4610193967819214,0.23044573101732466,0.02225284009344048,0.025990918692615297,0.5975049336751302,0.12067511926094691,0.0034196549095213413,0.00013305920098597804,0.58
8,175,periodic,sample_aware,25,0.09639919549226761,0.753719687461853,0.4610193967819214,0.2328784598244561,0.02259515453543928,0.029189462049139872,0.5949420134226481,0.11964309049977197,0.003785833509431945,0.0001272690197866824,0.5828888888888889
8,176,periodic,sample_aware,25,0.09639919549226761,0.753719687461853,0.4610193967819214,0.23837090366416508,0.022586381890707545,0.03634605287677712,0.5922262933519151,0.11790912018881904,0.004457813196091188,0.0001556250822937323,0.5773333333333334
8,177,periodic,sample_aware,25,0.09639919549226761,0.753719687461853,0.4610193967819214,0.24543413354290855,0.022327444619602628,0.0377280426522096,0.597871806886461,0.12281878292560577,0.0053581286532183485,0.00018723626595197452,0.5831111111111111
8,178,periodic,sample_aware,25,0.09639919549226761,0.753719687461853,0.4610193967819214,0.24424366487397087,0.02246555292771922,0.03794967962635888,0.5994859404034085,0.12087735616498524,0.005808589773045646,0.000196375935855839,0.5788888888888889
8,179,periodic,sample_aware,25,0.09639919549226761,0.753719687461853,0.4610193967819214,0.24096248050530752,0.022583449880282085,0.03487741781605615,0.6015395190980699,0.12024709085623424,0.005963517301198509,0.00023763031155491868,0.5782222222222222
8,180,periodic,sample_aware,25,0.09639919549226761,0.753719687461853,0.4610193967819214,0.25349213348494637,0.02252084327240785,0.047694080819686256,0.5947920680046082,0.12037274241447449,0.006605968862358067,0.0002445657672877941,0.5802222222222222
8,181,periodic,sample_aware,25,0.09639919549226761,0.753719687461853,0.4610193967819214,0.24327519204881456,0.02247177664604452,0.038038290623161525,0.594001313050588,0.11990149898661508,0.00668710744422343,0.000239872709951467,0.5773333333333334
8,182,periodic,sample_aware,25,0.09639919549226761,0.753719687461853,0.4610193967819214,0.240589901804924,0.022417432732052274,0.0355681667311324,0.5981640285915799,0.11930426541301939,0.006727415757874648,0.0002398442399377624,0.5773333333333334
8,183,periodic,sample_aware,25,0.09639919549226761,0.753719687461853,0.4610193967819214,0.23113414645195007,0.021748114791181352,0.02863170723948214,0.5939447151290046,0.11833727856477101,0.005836143158376217,0.00020900892559438944,0.5826666666666667
8,184,periodic,sample_aware,25,0.09639919549226761,0.753719687461853,0.4610193967819214,0.23413067559401193,0.022277700611286692,0.028698561920060053,0.5966208113564385,0.12095154159598881,0.004886678368267085,0.00019489511355964674,0.5786666666666667
8,185,periodic,sample_aware,25,0.09639919549226761,0.753719687461853,0.4610193967819214,0.23096822533342573,0.021688123130136065,0.03172824076480336,0.57877207464642,0.11715646502044466,0.004860710870060656,0.0001756703002481825,0.5788888888888889
8,186,periodic,sample_aware,25,0.09639919549226761,0.753719687461853,0.4610193967819214,0.23196361627843645,0.021684905514121056,0.0287510407053762,0.5931344959470961,0.11961441321505441,0.005022469494077895,0.00017714552167389129,0.5824444444444444
8,187,periodic,sample_aware,25,0.09639919549226761,0.753719687461853,0.4610193967819214,0.23395328223705292,0.022307555087738566,0.028568141990237765,0.5901681383450826,0.12156015386184056,0.00483763466278712,0.00016359680254633227,0.58
8,188,periodic,sample_aware,25,0.09639919549226761,0.753719687461853,0.4610193967819214,0.23176454338762495,0.021784949633810256,0.029903502100043826,0.589388370513916,0.11854281110896005,0.0050221286300155855,0.00016675538305814067,0.5753333333333334
8,189,periodic,sample_aware,25,0.09639919549226761,0.753719687461853,0.4610193967819214,0.2378188967704773,0.02181338643034299,0.03222640376124117,0.5890202389823066,0.12218314988745584,0.005190142016443942,0.00019771853435991539,0.5824444444444444
8,190,periodic,sample_aware,25,0.09639919549226761,0.753719687461853,0.4610193967819214,0.24102551572852665,0.021870151576068666,0.035121975466609,0.5908346639739143,0.12200313640965356,0.0056990256739987265,0.00019454024732112885,0.58
8,191,periodic,sample_aware,25,0.09639919549226761,0.753719687461853,0.4610193967819214,0.24223399493429396,0.021740543759531446,0.03979049829973115,0.5863283607694838,0.11918793453110589,0.005584051780816581,0.0001803113652082781,0.5791111111111111
8,192,periodic,sample_aware,25,0.09639919549226761,0.753719687461853,0.4610193967819214,0.2428172247277366,0.021402682695123885,0.03838187828660011,0.5855596727795072,0.12154783970779842,0.0056656514708366655,0.00019205695328613123,0.5822222222222222
8,193,periodic,sample_aware,25,0.09639919549226761,0.753719687461853,0.4610193967819214,0.2393427309062746,0.022496542168988123,0.03333948304255804,0.5862775577439202,0.1219823236266772,0.005589102394878864,0.00020415522158145905,0.5817777777777777
8,194,periodic,sample_aware,25,0.09639919549226761,0.753719687461853,0.4610193967819214,0.23383135265774196,0.021736837923526764,0.029823554679751396,0.5812545551194085,0.12147300276491377,0.005162633903738525,0.00018236150370082923,0.578
8,195,periodic,sample_aware,25,0.09639919549226761,0.753719687461853,0.4610193967819214,0.2352454794777764,0.021261918875906203,0.031216395397981007,0.5830174618297153,0.12163486828406651,0.005469416837311453,0.0001916838033745686,0.5811111111111111
8,196,periodic,sample_aware,25,0.09639919549226761,0.753719687461853,0.4610193967819214,0.23285273214181265,0.021396940367089376,0.028681243252423074,0.5807259480158488,0.12202304436100854,0.005172611214220524,0.0001852054459353288,0.5793333333333334
8,197,periodic,sample_aware,25,0.09639919549226761,0.753719687461853,0.4610193967819214,0.2280229495631324,0.02124050673511293,0.02534735430445936,0.5796869529618157,0.12087416069375144,0.004988925014105108,0.00019553496450599696,0.5791111111111111
8,198,periodic,sample_aware,25,0.09639919549226761,0.753719687461853,0.4610193967819214,0.22537465062406328,0.021539792211519346,0.02458372712135315,0.5761553115314908,0.11894387917386161,0.005165383426679505,0.00021806472472639548,0.5782222222222222
8,199,periodic,sample_aware,25,0.09639919549226761,0.753719687461853,0.4610193967819214,0.22555478248331282,0.02116327401664522,0.026876584937175114,0.5693550374772813,0.11788891173071331,0.005158527599026759,0.00022248570005305938,0.5831111111111111
8,200,periodic,sample_aware,25,0.09639919549226761,0.753719687461853,0.4610193967819214,0.22596396340264213,0.021024763584136963,0.02670705835852358,0.5758581625090705,0.11816595163610247,0.004776634017212523,0.0001841106115736895,0.5786666666666667
9,1,periodic,sample_aware,24,0.09705091267824173,0.74925696849823,0.4650284945964813,2.5729315280914307,1.1318549182679918,0.8917632934902334,2.3501932621002197,0.14922196004125807,0.31795716947979397,0.012186938845035102,0.5098
9,2,periodic,sample_aware,24,0.09705091267824173,0.74925696849823,0.4650284945964813,1.6319884724087186,0.8885344134436713,0.3147494246562322,2.208053376939562,0.1419935789373186,0.12676173531346852,0.005049631542836626,0.5264
9,3,periodic,sample_aware,24,0.09705091267824173,0.74925696849823,0.4650284945964813,1.2250869936413236,0.7111701567967733,0.14651034110122257,2.0302953322728476,0.1383345905277464,0.05015438132815891,0.0019303805893287063,0.5298
9,4,periodic,sample_aware,24,0.09705091267824173,0.74925696849823,0.4650284945964813,1.0070024331410725,0.5777058866288927,0.08414067576328914,1.9389947917726305,0.1388725241025289,0.023791862858666316,0.0009758624041246043,0.5306
9,5,periodic,sample_aware,24,0.09705091267824173,0.74925696849823,0.4650284945964813,0.8808665606710646,0.4911044140656789,0.0610540397465229,1.8674577871958415,0.13571467498938242,0.012016339227557182,0.00047894379693186947,0.5324
9,6,periodic,sample_aware,24,0.09705091267824173,0.74925696849823,0.4650284945964813,0.7924458649423387,0.42179420590400696,0.04963294375273916,1.8037567933400471,0.13717626366350386,0.006653474074684911,0.0002800373412254784,0.5314
9,7,periodic,sample_aware,24,0.09705091267824173,0.74925696849823,0.4650284945964813,0.7242898941040039,0.367536273267534,0.044212552822298475,1.7537592119640775,0.1349303060107761,0.004281973129966193,0.00018768835838677155,0.532
9,8,periodic,sample_aware,24,0.09705091267824173,0.74925696849823,0.4650284945964813,0.6728853318426344,0.3272184431552887,0.04019678425457743,1.7084349128935072,0.13295598328113556,0.0031981029444270665,0.00014313804503116343,0.533
9,9,periodic,sample_aware,24,0.09705091267824173,0.74925696849823,0.4650284945964813,0.627174953619639,0.29035620556937325,0.03797146015697055,1.6688379579120212,0.13055547575155893,0.00269467414667209,0.0001213474768317408,0.534
9,10,periodic,sample_aware,24,0.09705091267824173,0.74925696849823,0.4650284945964813,0.59414451652103,0.26218897766537136,0.03723719674679968,1.6300470299190946,0.13036773105462393,0.002576373025981916,0.0001154438489013248,0.5336
9,11,periodic,sample_aware,24,0.09705091267824173,0.74925696849823,0.4650284945964813,0.5648275547557406,0.23925376766257817,0.035960806326733694,1.5940818389256795,0.12888394627306196,0.002528598816651437,0.0001131123604459895,0.5328
9,12,periodic,sample_aware,24,0.09705091267824173,0.74925696849823,0.4650284945964813,0.533427357673645,0.2163003550635444,0.03370904322299692,1.5588897069295247,0.12623129950629342,0.0024812522396031353,0.00011411941765497129,0.5334
9,13,periodic,sample_aware,24,0.09705091267824173,0.74925696849823,0.4650284945964813,0.5138537784417471,0.20013217296865252,0.0330350866748227,1.5295311477449205,0.1264680309428109,0.0024147452269163397,0.00011598518661533792,0.535
9,14,periodic,sample_aware,24,0.09705091267824173,0.74925696849823,0.4650284945964813,0.49555018875334,0.1852012723684311,0.03199557421935929,1.4994998243119981,0.12711112780703437,0.00246995496046212,0.000114535686508235,0.5334
9,15,periodic,sample_aware,24,0.09705091267824173,0.74925696849823,0.4650284945964813,0.4840484857559204,0.177348502808147,0.032701819928156003,1.4722977611753676,0.12545841187238693,0.002499073122938474,0.00012086644225443403,0.5358
9,16,periodic,sample_aware,24,0.09705091267824173,0.74925696849823,0.4650284945964813,0.4699535369873047,0.1612542900774214,0.033686539779106774,1.4501950078540378,0.12874651037984425,0.00238412057256533,0.00010927576416482528,0.5356
9,17,periodic,sample_aware,24,0.09705091267824173,0.74925696849823,0.4650284945964813,0.4575443896982405,0.1527914653221766,0.03578027565446165,1.4197813669840496,0.12568638308180702,0.0025022587894151607,0.00011396964287592305,0.5372
9,18,periodic,sample_aware,24,0.09705091267824173,0.74925696849823,0.4650284945964813,0.44920430911911857,0.14644768668545616,0.03498814358479447,1.407014701101515,0.12569854905207953,0.002618483759255873,0.00011841037646970815,0.5364
9,19,periodic,sample_aware,24,0.09705091267824173,0.74925696849823,0.4650284945964813,0.43672314286231995,0.1368902193175422,0.03473090980615881,1.38813320795695,0.12489967048168182,0.0026531563036971623,0.0001248780819070008,0.5364
9,20,periodic,sample_aware,24,0.09705091267824173,0.74925696849823,0.4650284945964813,0.42732832166883683,0.12926467176940706,0.0350735518667433,1.3730147547192044,0.12428873942957984,0.002677308473115166,0.00012246779968134232,0.5368
9,21,periodic,sample_aware,24,0.09705091267824173,0.74925696849823,0.4650284945964813,0.4165705111291673,0.12043312026394738,0.03488833374447293,1.339637279510498,0.12583051870266596,0.002786346866438786,0.00012324507244759135,0.5364
9,22,periodic,sample_aware,24,0.09705091267824173,0.74925696849823,0.4650284945964813,0.4060019122229682,0.11404935601684782,0.03329447656869888,1.3221307595570881,0.12504463394482931,0.0026767244562506676,0.00012401218474325206,0.5368
9,23,periodic,sample_aware,24,0.09705091267824173,0.74925696849823,0.4650284945964813,0.40007422036594814,0.11086021860440572,0.03350344093309508,1.2941214905844793,0.12490940756267971,0.0026584076177742747,0.00011958426330238581,0.5384
9,24,periodic,sample_aware,24,0.09705091267824173,0.74925696849823,0.4650284945964813,0.3864072130786048,0.10378523750437631,0.031738740288549,1.2771966854731243,0.12171047843164867,0.0027834355779406098,0.00012273076249079572,0.5362
9,25,periodic,sample_aware,24,0.09705091267824173,0.74925696849823,0.4650284945964813,0.38370862272050643,0.09868666198518541,0.03243481098777718,1.2635049952401056,0.1247754337059127,0.0027972105890512466,0.00012520784124111137,0.5394
9,26,periodic,sample_aware,24,0.09705091267824173,0.74925696849823,0.4650284945964813,0.3826049102677239,0.09506160848670536,0.035569085429112114,1.2485670116212633,0.12561096085442436,0.0028825110962821376,0.00013059091159246035,0.5362
9,27,periodic,sample_aware,24,0.09705091267824173,0.74925696849823,0.4650284945964813,0.3750898540019989,0.09206946773661508,0.03491350097788705,1.226143134964837,0.12393417457739513,0.002989173401147127,0.00012763006897229288,0.5384
9,28,periodic,sample_aware,24,0.09705091267824173,0.74925696849823,0.4650284945964813,0.37301743361685014,0.089200206928783,0.035416388884186745,1.2145007848739624,0.12538942611879772,0.00299987499602139,0.0001227954894097315,0.5362
9,29,periodic,sample_aware,24,0.09705091267824173,0.74925696849823,0.4650284945964813,0.3646215299765269,0.08540863129827711,0.034529353181521096,1.1996019151475694,0.12309360918071535,0.003128989599645138,0.00013049499183479283,0.5374
9,30,periodic,sample_aware,24,0.09705091267824173,0.74925696849823,0.4650284945964813,0.35232970118522644,0.07933733363946278,0.033451424497697085,1.1810540093315973,0.11984759983089235,0.0030541597451600763,0.0001217090822238889,0.5354
9,31,periodic,sample_aware,24,0.09705091267824173,0.74925696849823,0.4650284945964813,0.3524491654502021,0.07895185301701228,0.033808706121312246,1.1647362444135878,0.12160103933678733,0.0031060729848427903,0.00012181990961026814,0.5396
9,32,periodic,sample_aware,24,0.09705091267824173,0.74925696849823,0.4650284945964813,0.34195612536536324,0.07448592036962509,0.03103300163315402,1.1481884982850816,0.12007392032278909,0.002962929326006108,0.00012595018294329444,0.5368
9,33,periodic,sample_aware,24,0.09705091267824173,0.74925696849823,0.4650284945964813,0.3349312510755327,0.0709048683444659,0.029371276290880308,1.132684932814704,0.11991840021477805,0.002823410633330544,0.00011302287586861187,0.5384
9,34,periodic,sample_aware,24,0.09705091267824173,0.74925696849823,0.4650284945964813,0.3305294480588701,0.06994155711597866,0.027584165127740964,1.1093536218007405,0.12069218771325217,0.0026451053304804694,0.00010724458196717832,0.5398
9,35,periodic,sample_aware,24,0.09705091267824173,0.74925696849823,0.4650284945964813,0.3319418761465285,0.06846016935176319,0.028360729416211445,1.1137555970085993,0.12244414703713523,0.0024983523827460078,0.00010419653133592672,0.5396
9,36,periodic,sample_aware,24,0.09705091267824173,0.74925696849823,0.4650284945964813,0.3277350763479869,0.06483509184585677,0.02984060471256574,1.1054823928409152,0.12110425863001081,0.0027064672257337305,0.00010729076004483634,0.5382
9,37,periodic,sample_aware,24,0.09705091267824173,0.74925696849823,0.4650284945964813,0.32383501198556686,0.06289714947342873,0.028150659882360034,1.0821945534812079,0.12317957397964266,0.00267088969445063,0.00010545140442748864,0.538
9,38,periodic,sample_aware,24,0.09705091267824173,0.74925696849823,0.4650284945964813,0.32168664866023594,0.061058704637818866,0.02850031956202454,1.0748486253950331,0.12324649840593338,0.0026887100603845385,0.00010380452214222815,0.537
9,39,periodic,sample_aware,24,0.09705091267824173,0.74925696849823,0.4650284945964813,0.3194320698579152,0.06050063048799833,0.029327386990189552,1.0622133413950603,0.1219212950931655,0.0028148848408212266,0.00010796491470601823,0.5378
9,40,periodic,sample_aware,24,0.09705091267824173,0.74925696849823,0.4650284945964813,0.32019302911228603,0.05940931414564451,0.030753287797172863,1.0534781879848905,0.12314688745472166,0.002957113708058993,0.00011431968434610301,0.5388
9,41,periodic,sample_aware,25,0.09442123025655746,0.7538281083106995,0.46030211448669434,0.3336304459306929,0.05846884143021372,0.04508888969818751,1.0422027243508234,0.12386104298962487,0.0038365725324385697,0.0001462313230149448,0.5382
9,42,periodic,sample_aware,25,0.09442123025655746,0.7538281083106995,0.46030211448669434,0.3310680256949531,0.056792762958341174,0.048047073599365026,1.025418758392334,0.12123238792022069,0.0047385467526813345,0.0001693004936290284,0.5356
9,43,periodic,sample_aware,25,0.09442123025655746,0.7538281083106995,0.46030211448669434,0.3319116466575199,0.05710902437567711,0.04618622321221563,1.0079732007450528,0.12500431719753477,0.005431278815699948,0.0001982421769450108,0.5348
9,44,periodic,sample_aware,25,0.09442123025655746,0.7538281083106995,0.46030211448669434,0.3217754430241055,0.05429113366537624,0.04493019605676333,1.0022521482573614,0.11931462585926056,0.005810940896885263,0.00021759247950588664,0.536
9,45,periodic,sample_aware,25,0.09442123025655746,0.7538281083106995,0.46030211448669434,0.3141942388481564,0.05317638276351823,0.03932519464029206,0.9884423679775662,0.11998422278298272,0.005511284909314579,0.00021711201407015324,0.5392
9,46,periodic,sample_aware,25,0.09442123025655746,0.7538281083106995,0.46030211448669434,0.30881662832366097,0.05095029870669047,0.038397032767534256,0.9758402970102098,0.11921343952417374,0.005162268100927274,0.00018137965687654086,0.541
9,47,periodic,sample_aware,25,0.09442123025655746,0.7538281083106995,0.46030211448669434,0.3140176468425327,0.050903011941247515,0.04060138306683964,0.9761068489816453,0.12233093463712269,0.004978223807281918,0.00016503300543667542,0.5398
9,48,periodic,sample_aware,25,0.09442123025655746,0.7538281083106995,0.46030211448669434,0.30708517299758065,0.04983903798792097,0.03725659971435865,0.9689059654871622,0.1204117097788387,0.005198227759036753,0.00017622002633288503,0.5396
9,49,periodic,sample_aware,25,0.09442123025655746,0.7538281083106995,0.46030211448669434,0.2971697880162133,0.04856150017844306,0.032459310359425016,0.9527624977959527,0.11842843890190125,0.004726730390555329,0.00016185667158828842,0.539
9,50,periodic,sample_aware,25,0.09442123025655746,0.7538281083106995,0.46030211448669434,0.29725556903415257,0.04737093009882503,0.03172991548975309,0.9457868999905057,0.12124806973669264,0.004499516863789823,0.00015642455158134302,0.538
9,51,periodic,sample_aware,25,0.09442123025655746,0.7538281083106995,0.46030211448669434,0.2973601089583503,0.046315508170260325,0.03374812193214893,0.9358182218339708,0.12151423924499088,0.004245064842204253,0.00015576954077308378,0.5424
9,52,periodic,sample_aware,25,0.09442123025655746,0.7538281083106995,0.46030211448669434,0.29422776566611397,0.04540833623872863,0.03371708591779073,0.9296786586443583,0.11987803131341934,0.0043512569843894905,0.00016164482157263491,0.541
9,53,periodic,sample_aware,25,0.09442123025655746,0.7538281083106995,0.46030211448669434,0.29981060160530937,0.04577826336026192,0.0381991658359766,0.9164162013265822,0.12185857941706975,0.004499741467750735,0.00016618798771459196,0.5416
9,54,periodic,sample_aware,25,0.09442123025655746,0.7538281083106995,0.46030211448669434,0.29885781473583645,0.04468078994088703,0.0391077341304885,0.918735596868727,0.1208500365416209,0.004514308646321297,0.00017708596876925894,0.5402
9,55,periodic,sample_aware,25,0.09442123025655746,0.7538281083106995,0.46030211448669434,0.2988300621509552,0.04431805469923549,0.03963504359126091,0.9043867058224149,0.12174701939026515,0.00518954327950875,0.0001930092112161219,0.5424
9,56,periodic,sample_aware,25,0.09442123025655746,0.7538281083106995,0.46030211448669434,0.29484012722969055,0.042988010578685336,0.03888622588581509,0.8993653323915269,0.12020215392112732,0.005455923266708851,0.00019849236640665267,0.54
9,57,periodic,sample_aware,25,0.09442123025655746,0.7538281083106995,0.46030211448669434,0.29415374000867206,0.042666384743319616,0.03555028264721235,0.8984502951304117,0.12342034777005513,0.005147068243887689,0.00019631609838041995,0.5404
9,58,periodic,sample_aware,25,0.09442123025655746,0.7538281083106995,0.46030211448669434,0.29899348153008354,0.042893975145286985,0.04281864729192522,0.8802919520272149,0.12247231685452992,0.005374453030526638,0.00018424287878183855,0.5408
9,59,periodic,sample_aware,25,0.09442123025655746,0.7538281083106995,0.46030211448669434,0.301466123925315,0.042381488200691014,0.04505253376232253,0.8865878648228116,0.12235960943831338,0.00580960719121827,0.00021779146562847827,0.5398
9,60,periodic,sample_aware,25,0.09442123025655746,0.7538281083106995,0.46030211448669434,0.300221261050966,0.04135984637671047,0.044241359250413045,0.8750056359503005,0.12403834859530131,0.0059498501424160265,0.00021242975102116665,0.542
9,61,periodic,sample_aware,25,0.09442123025655746,0.7538281083106995,0.46030211448669434,0.31897489892111885,0.04103517242603832,0.06731394885314836,0.8636801640192667,0.12060720225175221,0.007075907714251015,0.00022520964396082691,0.5412
9,62,periodic,sample_aware,25,0.09442123025655746,0.7538281083106995,0.46030211448669434,0.3155531684557597,0.04201705215705766,0.06336880930595928,0.8608273333973355,0.11959040992789799,0.008683574696381887,0.00030474628632267314,0.5392
9,63,periodic,sample_aware,25,0.09442123025655746,0.7538281083106995,0.46030211448669434,0.3177880280547672,0.040148390663994685,0.063794932845566,0.8678804834683737,0.12252726488643223,0.008773301935030354,0.0002854877125678791,0.542
9,64,periodic,sample_aware,25,0.09442123025655746,0.7538281083106995,0.46030211448669434,0.31765445073445636,0.040627311915159225,0.0656465809378359,0.8493959108988444,0.12206073767609066,0.008470020774337981,0.0002904452267102897,0.5414
9,65,periodic,sample_aware,25,0.09442123025655746,0.7538281083106995,0.46030211448669434,0.31846240493986344,0.040126413106918335,0.06685437800155745,0.8554091586007012,0.12114172097709444,0.009271193554417955,0.0003267602231870923,0.5406
9,66,periodic,sample_aware,25,0.09442123025655746,0.7538281083106995,0.46030211448669434,0.30979854861895245,0.038934215903282166,0.06027415187822448,0.8388502928945754,0.12184540182352066,0.009408334839261241,0.000311147712636739,0.5426
9,67,periodic,sample_aware,25,0.09442123025655746,0.7538281083106995,0.46030211448669434,0.30639687180519104,0.03872976452112198,0.058403953082031675,0.8266142275598314,0.12240824517276552,0.00810661849876245,0.0002803448975707094,0.5434
9,68,periodic,sample_aware,25,0.09442123025655746,0.7538281083106995,0.46030211448669434,0.2948656876881917,0.038449551496240825,0.04849845046798388,0.8299306299951341,0.12134204804897308,0.006915992953711086,0.0002491661515604291,0.5412
9,69,periodic,sample_aware,25,0.09442123025655746,0.7538281083106995,0.46030211448669434,0.29123665557967293,0.0380206737253401,0.04546438426607185,0.8223546610938178,0.12218240400155385,0.006435822126352125,0.00023163282053752078,0.5436
9,70,periodic,sample_aware,25,0.09442123025655746,0.7538281083106995,0.46030211448669434,0.2945351269510057,0.03715842465559641,0.04906629191504584,0.8202100528611077,0.12308604684140947,0.006186168175190687,0.0002205387831458615,0.5398
9,71,periodic,sample_aware,25,0.09442123025655746,0.7538281083106995,0.46030211448669434,0.2946093711588118,0.03668752436836561,0.05114912738402685,0.8127924667464362,0.12207760082350837,0.006594862581955062,0.00023688006654588712,0.543
9,72,periodic,sample_aware,25,0.09442123025655746,0.7538281083106995,0.46030211448669434,0.28323543402883744,0.035090709726015724,0.04424111213948992,0.8011571168899536,0.1205657563275761,0.006232881297667821,0.00021139496109551855,0.542
9,73,periodic,sample_aware,25,0.09442123025655746,0.7538281083106995,0.46030211448669434,0.2877892984284295,0.036267970585160784,0.047788753691646785,0.8011910716692606,0.12039062546359168,0.006262794033520752,0.00018287344007856317,0.5444
9,74,periodic,sample_aware,25,0.09442123025655746,0.7538281083106995,0.46030211448669434,0.2852856417496999,0.035639040586021214,0.04385021163357629,0.80610148774253,0.12211240910821491,0.0059562366352313096,0.00019143378853590952,0.543
9,75,periodic,sample_aware,25,0.09442123025655746,0.7538281083106995,0.46030211448669434,0.27937044699986774,0.034792099768916764,0.040217601590686373,0.792275627454122,0.12226685633261998,0.0055366915961106615,0.00019596670366202792,0.541
9,76,periodic,sample_aware,25,0.09442123025655746,0.7538281083106995,0.46030211448669434,0.2794755432340834,0.035024401214387685,0.036512174333135285,0.7928427590264214,0.1257343880004353,0.0056384168565273285,0.00020219229109999206,0.5436
9,77,periodic,sample_aware,25,0.09442123025655746,0.7538281083106995,0.46030211448669434,0.2763719922966427,0.03420848026871681,0.036574660489956536,0.7865137788984511,0.12385277201731999,0.005966196974946393,0.00020320531136045852,0.5428
9,78,periodic,sample_aware,25,0.09442123025655746,0.7538281083106995,0.46030211448669434,0.26985277069939506,0.03360253738032447,0.030579212225145765,0.7892479366726346,0.12437956614626779,0.004579080837882227,0.00015424020562527908,0.5462
9,79,periodic,sample_aware,25,0.09442123025655746,0.7538281083106995,0.46030211448669434,0.2644413974550035,0.03306047432124615,0.031024949418173894,0.7714131209585402,0.12098955031898287,0.004286027979105711,0.00016418837347171374,0.5416
9,80,periodic,sample_aware,25,0.09442123025655746,0.7538281083106995,0.46030211448669434,0.26705026626586914,0.03320117356876532,0.03233947749767038,0.7720238831308153,0.12233170453045103,0.003818518559758862,0.00013251226886899935,0.5416
9,81,periodic,sample_aware,26,0.09198249131441116,0.7547080516815186,0.45618337392807007,0.274376779794693,0.03361395663685269,0.041283511453204684,0.7727890147103204,0.11980851574076547,0.004618363817118936,0.00016543282092445425,0.5436
9,82,periodic,sample_aware,26,0.09198249131441116,0.7547080516815186,0.45618337392807007,0.27248920996983844,0.03349089725977845,0.03624688109589948,0.7710575991206698,0.1231150594022539,0.004869208360711734,0.00019202520424086187,0.5432
9,83,periodic,sample_aware,26,0.09198249131441116,0.7547080516815186,0.45618337392807007,0.2703182035022312,0.033009122850166425,0.034732631925079555,0.7599585784806145,0.12404545065429476,0.004897160300364097,0.0001731121964338753,0.5422
9,84,periodic,sample_aware,26,0.09198249131441116,0.7547080516815186,0.45618337392807007,0.26778024435043335,0.032271267018384404,0.03494778937763638,0.7606109976768494,0.1219975964890586,0.004839176777750254,0.000165806928028663,0.5448
9,85,periodic,sample_aware,26,0.09198249131441116,0.7547080516815186,0.45618337392807007,0.2722438739405738,0.033328752550813884,0.03952603000733587,0.7573616769578722,0.12094310422738393,0.00524812512513664,0.0001715185482882791,0.541
9,86,periodic,sample_aware,26,0.09198249131441116,0.7547080516815186,0.45618337392807007,0.27180490891138714,0.03254494857456949,0.04021079714099566,0.7543445958031548,0.12054579704999924,0.0059482187239660155,0.0001895915031329625,0.5436
9,87,periodic,sample_aware,26,0.09198249131441116,0.7547080516815186,0.45618337392807007,0.26673635509279037,0.032113159696261086,0.03774149881468879,0.7371967103746202,0.12041159553660287,0.00531074632373121,0.0001901118278813859,0.5458
9,88,periodic,sample_aware,26,0.09198249131441116,0.7547080516815186,0.45618337392807007,0.2647511197461022,0.03146205966671308,0.034149460287557706,0.7402428984642029,0.12259054349528418,0.004876588419493701,0.00017294367878801294,0.5438
9,89,periodic,sample_aware,26,0.09198249131441116,0.7547080516815186,0.45618337392807007,0.26363052593337166,0.03138645034697321,0.034882599487900734,0.740588539176517,0.12074627561701669,0.004931434575054381,0.00018126079683295556,0.5428
9,90,periodic,sample_aware,26,0.09198249131441116,0.7547080516815186,0.45618337392807007,0.2613292286793391,0.031069712506400213,0.03133683051500055,0.7400964697202047,0.12207932687467998,0.005459092350469695,0.0002083247010078695,0.5432
9,91,periodic,sample_aware,26,0.09198249131441116,0.7547080516815186,0.45618337392807007,0.25863199432690936,0.03105622695551978,0.030093547370698717,0.7380530900425382,0.12071025371551514,0.005724656136913432,0.00020865127185566557,0.5416
9,92,periodic,sample_aware,26,0.09198249131441116,0.7547080516815186,0.45618337392807007,0.2605153156651391,0.031529630016949445,0.032181729873021446,0.7306884460979037,0.12132960971858767,0.004650887567549944,0.00016011643714995848,0.5428
9,93,periodic,sample_aware,26,0.09198249131441116,0.7547080516815186,0.45618337392807007,0.25906284319029915,0.030330295984943707,0.03213469601339764,0.7322872943348355,0.12118724319669935,0.004218048157377375,0.0001457081008185115,0.5444
9,94,periodic,sample_aware,26,0.09198249131441116,0.7547080516815186,0.45618337392807007,0.256386152572102,0.03035456293986903,0.03231434668931696,0.7199196285671658,0.11955305023325814,0.004203529511060979,0.00014091938242523206,0.5436
9,95,periodic,sample_aware,26,0.09198249131441116,0.7547080516815186,0.45618337392807007,0.2546355211072498,0.03083980559474892,0.030366527951425977,0.7174744937154982,0.11943263063828151,0.004358015281872617,0.0001402057435673972,0.5442
9,96,periodic,sample_aware,26,0.09198249131441116,0.7547080516815186,0.45618337392807007,0.25938595831394196,0.03013988584280014,0.03188998045192824,0.7225589487287734,0.12276569174395667,0.004525689822104242,0.0001433260299058424,0.545
9,97,periodic,sample_aware,26,0.09198249131441116,0.7547080516815186,0.45618337392807007,0.25438979102505577,0.03000365611579683,0.030064711554182902,0.7141027649243673,0.12074992226229773,0.00418059802096751,0.00014184084850259952,0.5424
9,98,periodic,sample_aware,26,0.09198249131441116,0.7547080516815186,0.45618337392807007,0.2535772422949473,0.03020603706439336,0.03165968031518989,0.7113230228424072,0.11840027653508717,0.004194989127831327,0.00016289315600362088,0.5448
9,99,periodic,sample_aware,26,0.09198249131441116,0.7547080516815186,0.45618337392807007,0.2541073378589418,0.029810628957218595,0.02991573905779256,0.718540370464325,0.12041202435890834,0.004068976294042336,0.00016084584381638301,0.5432
9,100,periodic,sample_aware,26,0.09198249131441116,0.7547080516815186,0.45618337392807007,0.25322360297044116,0.028966119926836755,0.029477965500619676,0.7099489039844937,0.12179744905895656,0.0038266638035161626,0.0001476702487303151,0.544
9,101,periodic,sample_aware,26,0.09198249131441116,0.7547080516815186,0.45618337392807007,0.25225404567188686,0.03026390096379651,0.028768148066269025,0.7038232617908053,0.12086889561679628,0.003800000193425351,0.00014155064450783862,0.5432
9,102,periodic,sample_aware,26,0.09198249131441116,0.7547080516815186,0.45618337392807007,0.2504202276468277,0.028669548945294485,0.029154801948202982,0.706907656457689,0.11960910922951168,0.004422638461821609,0.0001693669344402022,0.5456
9,103,periodic,sample_aware,26,0.09198249131441116,0.7547080516815186,0.45618337392807007,0.25042268137137097,0.029841622958580654,0.02848150788082017,0.7020970053142972,0.1196082631746928,0.00439447873375482,0.00016869990051620535,0.5458
9,104,periodic,sample_aware,26,0.09198249131441116,0.7547080516815186,0.45618337392807007,0.2576032115353478,0.029443686207135517,0.033671607366866536,0.6969650321536593,0.12230775836441252,0.004782292836656173,0.0001850278284918103,0.5452
9,105,periodic,sample_aware,26,0.09198249131441116,0.7547080516815186,0.45618337392807007,0.25977546142207253,0.029492022676600352,0.03416413192947706,0.7002089950773451,0.1234569400548935,0.00508068786520097,0.00020224106911983754,0.5426
9,106,periodic,sample_aware,26,0.09198249131441116,0.7547080516815186,0.45618337392807007,0.2552385363313887,0.028710356810026698,0.037885591801669866,0.6922672192255656,0.11673641618755129,0.005158102605491877,0.00020080639256371392,0.5464
9,107,periodic,sample_aware,26,0.09198249131441116,0.7547080516815186,0.45618337392807007,0.2545519636736976,0.029000460480650265,0.034595661279228,0.6826086905267503,0.1201730113890436,0.00486356464938985,0.00018034825593026148,0.5448
9,108,periodic,sample_aware,26,0.09198249131441116,0.7547080516815186,0.45618337392807007,0.25405676166216534,0.028773692746957142,0.031471097014016576,0.6920095814598931,0.12193462666538027,0.005149734309977955,0.00020304542138344713,0.5458
9,109,periodic,sample_aware,26,0.09198249131441116,0.7547080516815186,0.45618337392807007,0.25484448505772483,0.028537640555037394,0.032408127561211586,0.6900088919533623,0.12230002217822605,0.004992232399268283,0.00020335784130212333,0.5428
9,110,periodic,sample_aware,26,0.09198249131441116,0.7547080516815186,0.45618337392807007,0.25248215430312687,0.028605245467689302,0.03115804700387849,0.6907329890463088,0.12112716088692348,0.00481969661389788,0.00021710636145952676,0.5472
9,111,periodic,sample_aware,26,0.09198249131441116,0.7547080516815186,0.45618337392807007,0.2509222825368245,0.028646257809466787,0.03126307742463218,0.6793058978186713,0.12039914975563686,0.005160341608441538,0.0002060694451857772,0.545
9,112,periodic,sample_aware,26,0.09198249131441116,0.7547080516815186,0.45618337392807007,0.2504797859324349,0.02729130619102054,0.03130295996864637,0.6792239613003201,0.12146910114420785,0.004794033865133922,0.00019400285479302207,0.5444
9,113,periodic,sample_aware,26,0.09198249131441116,0.7547080516815186,0.45618337392807007,0.2569478882683648,0.028193687192267843,0.03557727113366127,0.6870844629075792,0.12166369044118458,0.005413006525486708,0.00019656702513910003,0.5454
9,114,periodic,sample_aware,26,0.09198249131441116,0.7547080516815186,0.45618337392807007,0.2575700316164229,0.02793408412900236,0.03799252605272664,0.6730217072698805,0.12136455128590266,0.005732694847716225,0.0002207040411627127,0.5468
9,115,periodic,sample_aware,26,0.09198249131441116,0.7547080516815186,0.45618337392807007,0.2577153593301773,0.028212297707796097,0.040992065229349665,0.6687533987892998,0.1182788751191563,0.006465677689347003,0.0002478957176208496,0.5446
9,116,periodic,sample_aware,26,0.09198249131441116,0.7547080516815186,0.45618337392807007,0.2598983115620083,0.02791552473273542,0.04097295179963112,0.6725707517729865,0.12030322601397832,0.00664946964631478,0.0002495925291441381,0.5446
9,117,periodic,sample_aware,26,0.09198249131441116,0.7547080516815186,0.45618337392807007,0.26006772617499035,0.028158760733074613,0.0394633145382007,0.6745190421740214,0.12105464604165819,0.0076024700990981525,0.00027572247199714184,0.546
9,118,periodic,sample_aware,26,0.09198249131441116,0.7547080516815186,0.45618337392807007,0.2633780903286404,0.027691892658670742,0.043427438371711306,0.6705041593975491,0.12128491782479817,0.00757232080731127,0.0002745287428196106,0.5482
9,119,periodic,sample_aware,26,0.09198249131441116,0.7547080516815186,0.45618337392807007,0.2630000114440918,0.027630583486623235,0.041983197960588664,0.6743737922774421,0.12223443057801989,0.0071531663545303876,0.00027567582825819653,0.5456
9,120,periodic,sample_aware,26,0.09198249131441116,0.7547080516815186,0.45618337392807007,0.2670232703288396,0.02764038410451677,0.04647116321656439,0.6678216258684794,0.12187352114253575,0.00819973306109508,0.0003123346897256043,0.5482
9,121,periodic,sample_aware,27,0.08929870277643204,0.7544399499893188,0.4527091085910797,0.27207106517420876,0.02759400113589234,0.05351252150204447,0.6662179562780592,0.11932960235410267,0.009695248678326607,0.00033103167596790526,0.547
9,122,periodic,sample_aware,27,0.08929870277643204,0.7544399499893188,0.4527091085910797,0.27671728862656486,0.027431025894151792,0.05756674955288569,0.6571531494458517,0.1210359748866823,0.009592846346398195,0.0003435855679627922,0.5418
9,123,periodic,sample_aware,27,0.08929870277643204,0.7544399499893188,0.4527091085910797,0.2794519431061215,0.028103208997183375,0.05734945750898785,0.6648334860801697,0.12245780560705397,0.009805175165335337,0.0003110578788133959,0.548
9,124,periodic,sample_aware,27,0.08929870277643204,0.7544399499893188,0.4527091085910797,0.2685510019461314,0.027522551723652415,0.05239268268148104,0.6585981382264031,0.11762984428140852,0.009969744624363052,0.00032247093299196824,0.5434
9,125,periodic,sample_aware,27,0.08929870277643204,0.7544399499893188,0.4527091085910797,0.2698176900545756,0.027758748167090945,0.04838889340559641,0.6617599328358968,0.12281738966703415,0.009045044788055949,0.00030828707127107517,0.5464
9,126,periodic,sample_aware,27,0.08929870277643204,0.7544399499893188,0.4527091085910797,0.2600174943606059,0.02687637714876069,0.042068993051846824,0.652193976773156,0.12142403754923078,0.00855350023549464,0.0003038719684506456,0.5452
9,127,periodic,sample_aware,27,0.08929870277643204,0.7544399499893188,0.4527091085910797,0.26100128557946944,0.026398493804865412,0.04485856700274679,0.6544749604331123,0.1198183505071534,0.008649064641859796,0.00030769401281658147,0.546
9,128,periodic,sample_aware,27,0.08929870277643204,0.7544399499893188,0.4527091085910797,0.2617742617925008,0.02642154072721799,0.0468101989891794,0.6542181703779433,0.11864717221922344,0.008624521601531241,0.0003225404458741347,0.5474
9,129,periodic,sample_aware,27,0.08929870277643204,0.7544399499893188,0.4527091085910797,0.2563595374425252,0.026956076216366556,0.04228721559047699,0.6458270880911086,0.1186387903160519,0.007535107226835357,0.0002543758277574347,0.5448
9,130,periodic,sample_aware,27,0.08929870277643204,0.7544399499893188,0.4527091085910797,0.2561543699767854,0.026534845638606284,0.0412686380247275,0.6449179848035177,0.12006880591313045,0.007324090900106562,0.00025646329029566713,0.547
9,131,periodic,sample_aware,27,0.08929870277643204,0.7544399499893188,0.4527091085910797,0.2484024680323071,0.02692554932501581,0.03476663389139705,0.6514484484990438,0.11793532967567444,0.007011152700417572,0.0002490563913144999,0.5478
9,132,periodic,sample_aware,27,0.08929870277643204,0.7544399499893188,0.4527091085910797,0.24293501509560478,0.025802399963140488,0.02990636953877078,0.6432628764046563,0.1198283616039488,0.005922864242974255,0.00022032601474266913,0.5466
9,133,periodic,sample_aware,27,0.08929870277643204,0.7544399499893188,0.4527091085910797,0.2388744917180803,0.02629257717894183,0.028595573579271633,0.6354278590944078,0.11789732260836495,0.004915670181314151,0.00017679187779625258,0.5484
9,134,periodic,sample_aware,27,0.08929870277643204,0.7544399499893188,0.4527091085910797,0.236838945084148,0.02597241372697883,0.027851530247264437,0.6318587197197808,0.11744571146037844,0.004620724254184299,0.0001461157355354064,0.5478
9,135,periodic,sample_aware,27,0.08929870277643204,0.7544399499893188,0.4527091085910797,0.23975989553663465,0.026440450093812413,0.02480615447792742,0.6343827048937479,0.12312080297205183,0.0037811283125645584,0.00012731389789324667,0.5488
9,136,periodic,sample_aware,27,0.08929870277643204,0.7544399499893188,0.4527091085910797,0.23339078658156925,0.025456628451744717,0.020419850945472717,0.6391705274581909,0.12190566956996918,0.0032623927626344892,0.00012077600048441027,0.5482
9,137,periodic,sample_aware,27,0.08929870277643204,0.7544399499893188,0.4527091085910797,0.229316684934828,0.025371148354477353,0.018317411343256634,0.628626114792294,0.12112939440541798,0.003149257636525565,0.00012297524760166803,0.5486
9,138,periodic,sample_aware,27,0.08929870277643204,0.7544399499893188,0.4527091085910797,0.22811989155080584,0.025423879424730938,0.017982633784413338,0.6364460388819376,0.11950740052594079,0.0030036166879451936,0.00011913653644215729,0.5482
9,139,periodic,sample_aware,27,0.08929870277643204,0.7544399499893188,0.4527091085910797,0.22655711405807072,0.025120613889561758,0.0178535512338082,0.6343998312950134,0.11840084609058169,0.0033449364515642324,0.0001392944250255823,0.5468
9,140,periodic,sample_aware,27,0.08929870277643204,0.7544399499893188,0.4527091085910797,0.22767018444008297,0.024466109772523243,0.016926402019129858,0.6366978155242072,0.12126752568615808,0.002577585918414924,0.00010314673030128081,0.5484
9,141,periodic,sample_aware,27,0.08929870277643204,0.7544399499893188,0.4527091085910797,0.22751794093185002,0.02541082062655025,0.018250251809755962,0.6200588544209799,0.12058437532848781,0.002438930147844884,9.428150305110548e-05,0.547
9,142,periodic,sample_aware,27,0.08929870277643204,0.7544399499893188,0.4527091085910797,0.22542617718378702,0.025348883743087452,0.017552002229624324,0.6199531488948398,0.11934845977359348,0.002278187053485049,8.484130699394477e-05,0.5488
9,143,periodic,sample_aware,27,0.08929870277643204,0.7544399499893188,0.4527091085910797,0.22576701641082764,0.02485624390343825,0.0176798188024097,0.6301929752031962,0.11903672996494505,0.002265567554988795,8.427683496847749e-05,0.5486
9,144,periodic,sample_aware,27,0.08929870277643204,0.7544399499893188,0.4527091085910797,0.22582973374260795,0.02469764691260126,0.017930242750379775,0.6192361646228366,0.11992857191297743,0.002609639066374964,8.967252991472681e-05,0.5482
9,145,periodic,sample_aware,27,0.08929870277643204,0.7544399499893188,0.4527091085910797,0.2244558268123203,0.024703402693072956,0.01796235516667366,0.6188867688179016,0.11859730713897282,0.0025193123146891594,8.885682068972124e-05,0.5488
9,146,periodic,sample_aware,27,0.08929870277643204,0.7544399499893188,0.4527091085910797,0.23139589693811205,0.025070757915576298,0.020878857208622828,0.623244841893514,0.12162081483337614,0.0028959160360197225,0.00010604589867095153,0.5492
9,147,periodic,sample_aware,27,0.08929870277643204,0.7544399499893188,0.4527091085910797,0.23013278510835436,0.02455426028205289,0.02462200013299783,0.6235363682111105,0.11674156867795521,0.003598146994287769,0.00012449398895518648,0.5472
9,148,periodic,sample_aware,27,0.08929870277643204,0.7544399499893188,0.4527091085910797,0.23381215665075514,0.02472457682920827,0.025782903449402914,0.6168051295810275,0.11969063182671864,0.0037440187556462157,0.0001230469012322525,0.5494
9,149,periodic,sample_aware,27,0.08929870277643204,0.7544399499893188,0.4527091085910797,0.23919499417146048,0.02506106450325913,0.02977676937977473,0.6178452836142646,0.1202937579817242,0.004415626792858045,0.00014212030348264508,0.547
9,150,periodic,sample_aware,27,0.08929870277643204,0.7544399499893188,0.4527091085910797,0.25323619279596543,0.024509745960434277,0.04174587751428286,0.6217267447047763,0.12149326586061054,0.0064110875957542,0.00021817086316231225,0.5482
9,151,periodic,sample_aware,27,0.08929870277643204,0.7544399499893188,0.4527091085910797,0.2727346486515469,0.025305342343118455,0.06311560504966313,0.6226846708191766,0.11756175176964866,0.008660695308612453,0.0003062770895970364,0.5506
9,152,periodic,sample_aware,27,0.08929870277643204,0.7544399499893188,0.4527091085910797,0.2980937461058299,0.025783273494905896,0.08302677753898832,0.626635750134786,0.12111443032821019,0.01062354114320543,0.0003878434654325247,0.548
9,153,periodic,sample_aware,27,0.08929870277643204,0.7544399499893188,0.4527091085910797,0.303086260954539,0.02630961375931899,0.08547149846951167,0.6297921074761285,0.12097256299522188,0.014166390523314476,0.0005403548453210129,0.5496
9,154,periodic,sample_aware,27,0.08929870277643204,0.7544399499893188,0.4527091085910797,0.2964480221271515,0.026275796194871266,0.07932223627964656,0.6276107364230685,0.11905791858832042,0.017436957814627223,0.0006250436870484716,0.5466
9,155,periodic,sample_aware,27,0.08929870277643204,0.7544399499893188,0.4527091085910797,0.27503006325827706,0.026033863218294248,0.05677648219797346,0.6201059089766608,0.12160500138998032,0.01661801752116945,0.0005902215230485632,0.5476
9,156,periodic,sample_aware,27,0.08929870277643204,0.7544399499893188,0.4527091085910797,0.2625023093488481,0.024638229774104223,0.04804998387893041,0.6187641620635986,0.1204274661011166,0.01447365546805991,0.0005467703061488768,0.5478
9,157,periodic,sample_aware,27,0.08929870277643204,0.7544399499893188,0.4527091085910797,0.24889173275894588,0.024284747946593497,0.04066204445229636,0.6087226470311483,0.11763684120443132,0.010476096843679747,0.0003955674991529021,0.5486
9,158,periodic,sample_aware,27,0.08929870277643204,0.7544399499893188,0.4527091085910797,0.25181536542044747,0.024481811043288972,0.0374379162159231,0.6119488808843825,0.1242463191350301,0.008577396472295126,0.00033146823342475627,0.549
9,159,periodic,sample_aware,27,0.08929870277643204,0.7544399499893188,0.4527091085910797,0.24267090360323587,0.024105278568135366,0.032746640137500234,0.6083888610204061,0.12080905752049552,0.008036076867332062,0.00030600947664222785,0.546
9,160,periodic,sample_aware,27,0.08929870277643204,0.7544399499893188,0.4527091085910797,0.24217669003539616,0.02455671773188644,0.03187962559362253,0.611580510934194,0.12043643908368216,0.007963096464259757,0.0003286252548504207,0.5468
9,161,periodic,sample_aware,28,0.0873614102602005,0.7548989057540894,0.45053917169570923,0.2399266759554545,0.024539440042442746,0.03298586524195141,0.6060845189624362,0.11808022442791197,0.007143619573778576,0.00028176879277452826,0.547
9,162,periodic,sample_aware,28,0.0873614102602005,0.7548989057540894,0.45053917169570923,0.23862426645225948,0.0238200630992651,0.029926557507779863,0.6074303454822965,0.12086679952012168,0.006297491697801484,0.00023812649305909872,0.5488
9,163,periodic,sample_aware,28,0.0873614102602005,0.7548989057540894,0.45053917169570923,0.23273235228326586,0.024284733045432303,0.026772401192122035,0.5925334029727511,0.11969117903047138,0.005247166587246789,0.0002142311746461524,0.547
9,164,periodic,sample_aware,28,0.0873614102602005,0.7548989057540894,0.45053917169570923,0.23025571637683445,0.023706511076953676,0.024882428555024996,0.5981735852029588,0.11952296147743861,0.004483222754465209,0.00016969415850730406,0.5494
9,165,periodic,sample_aware,28,0.0873614102602005,0.7548989057540894,0.45053917169570923,0.23108839823140037,0.02357733870546023,0.026300822902056906,0.598465813530816,0.11921826004981995,0.0041347398784839446,0.0001560474112112489,0.545
9,166,periodic,sample_aware,28,0.0873614102602005,0.7548989057540894,0.45053917169570923,0.23131387101279366,0.023717527588208515,0.02626617646051778,0.6039738986227248,0.11897454741928312,0.003780858824029565,0.0001355962142244809,0.5482
9,167,periodic,sample_aware,28,0.0873614102602005,0.7548989057540894,0.45053917169570923,0.23382928636338976,0.023491775823964015,0.028542462115486462,0.6015034251742892,0.11955567283762826,0.004033454616243641,0.00014460668252367113,0.5502
9,168,periodic,sample_aware,28,0.0873614102602005,0.7548989057540894,0.45053917169570923,0.23229794866508907,0.023082042733828228,0.026026505562994216,0.597448726495107,0.1214798821343316,0.0037969484304388366,0.0001323389070522454,0.5502
9,169,periodic,sample_aware,28,0.0873614102602005,0.7548989057540894,0.45053917169570923,0.2319688167836931,0.023005615298946697,0.027866631746292114,0.5965250730514526,0.11964221795399983,0.0034765837610595757,0.00012709791513366831,0.5478
9,170,periodic,sample_aware,28,0.0873614102602005,0.7548989057540894,0.45053917169570923,0.23279735280407798,0.023894740268588066,0.0270225273238288,0.5952917469872369,0.1203041962451405,0.003956825860465567,0.0001366047977676822,0.5496
9,171,periodic,sample_aware,28,0.0873614102602005,0.7548989057540894,0.45053917169570923,0.2320826401313146,0.023840227474768955,0.02694244620700677,0.5948780841297574,0.11966240819957522,0.004144706064835191,0.00015479357939006554,0.55
9,172,periodic,sample_aware,28,0.0873614102602005,0.7548989057540894,0.45053917169570923,0.24678326812055376,0.024049892607662413,0.039446341080798045,0.5999164912435744,0.12090758234262466,0.004602798467708958,0.00017281847410938807,0.5492
9,173,periodic,sample_aware,28,0.0873614102602005,0.7548989057540894,0.45053917169570923,0.23907650841606987,0.023698721494939592,0.034350462878743805,0.5932577848434448,0.11871466702885097,0.005769219146006637,0.00020453597082652978,0.5462
9,174,periodic,sample_aware,28,0.0873614102602005,0.7548989057540894,0.45053917169570923,0.2367158846722709,0.023197080940008163,0.03165052727692657,0.5956362618340386,0.11938925832509995,0.005626246436602539,0.00020453639768270982,0.5494
9,175,periodic,sample_aware,28,0.0873614102602005,0.7548989057540894,0.45053917169570923,0.23737034367190468,0.023684918466541503,0.03512825402948591,0.5953946444723341,0.11621924075815412,0.005388934113499191,0.00020800265095507106,0.546
9,176,periodic,sample_aware,28,0.0873614102602005,0.7548989057540894,0.45053917169570923,0.24322236577669779,0.023566279974248674,0.03750098020666175,0.587395065360599,0.12040644966893727,0.005816265630225341,0.00020203451600132717,0.5502
9,177,periodic,sample_aware,28,0.0873614102602005,0.7548989057540894,0.45053917169570923,0.25215548939175075,0.02373512565261788,0.04943569211496247,0.5908183852831522,0.11662755906581879,0.006326839379552338,0.00022369637412743436,0.5482
9,178,periodic,sample_aware,28,0.0873614102602005,0.7548989057540894,0.45053917169570923,0.26607650849554276,0.024076801621251635,0.0589087994562255,0.5917910999721951,0.12036754853195614,0.006824794432355298,0.0002637120455296503,0.5468
9,179,periodic,sample_aware,28,0.0873614102602005,0.7548989057540894,0.45053917169570923,0.2606982953018612,0.023250252629319828,0.05367643220557107,0.594996001985338,0.12030979245901108,0.007626336844017108,0.0002980823693279591,0.5428
9,180,periodic,sample_aware,28,0.0873614102602005,0.7548989057540894,0.45053917169570923,0.2738868014680015,0.024379118863079283,0.06228776607248518,0.5960647198888991,0.12259029100338618,0.009710602151850859,0.00033570305418430106,0.546
9,181,periodic,sample_aware,28,0.0873614102602005,0.7548989057540894,0.45053917169570923,0.27917877833048504,0.0240531913522217,0.07044913868109386,0.5956405599912008,0.11930495666133033,0.011235561221837997,0.00037931321033587057,0.5496
9,182,periodic,sample_aware,28,0.0873614102602005,0.7548989057540894,0.45053917169570923,0.2655074761973487,0.02456890419125557,0.05680137831303808,0.5898546841409471,0.11900580012136036,0.011910428913931051,0.00038140212159810797,0.5454
9,183,periodic,sample_aware,28,0.0873614102602005,0.7548989057540894,0.45053917169570923,0.256587694088618,0.02382348312271966,0.05040748086240557,0.5900733537144132,0.11760580788056056,0.011140053470929464,0.00034711950380976003,0.5474
9,184,periodic,sample_aware,28,0.0873614102602005,0.7548989057540894,0.45053917169570923,0.2502883192565706,0.023171971862514813,0.041510979334513344,0.5942233800888062,0.12155187378327052,0.008965651504695415,0.00029666307899687026,0.5474
9,185,periodic,sample_aware,28,0.0873614102602005,0.7548989057540894,0.45053917169570923,0.24332207606898415,0.022553310833043523,0.036459260516696505,0.5944169097476535,0.12066688554154502,0.008139913280804953,0.0002619452878004975,0.55
9,186,periodic,sample_aware,28,0.0873614102602005,0.7548989057540894,0.45053917169570923,0.23102623555395338,0.022861153094304934,0.02847768221464422,0.5851588646570841,0.1174342425333129,0.0072290171972579425,0.00024551360790307325,0.5454
9,187,periodic,sample_aware,28,0.0873614102602005,0.7548989057540894,0.45053917169570923,0.22841277884112465,0.022584580298927095,0.026083861995074484,0.5831955671310425,0.11833160205019845,0.005978872119966481,0.00020748178293514583,0.5468
9,188,periodic,sample_aware,28,0.0873614102602005,0.7548989057540894,0.45053917169570923,0.23033994932969412,0.022743726356161967,0.02353303341401948,0.5867842965655856,0.12269185483455658,0.005210308047632377,0.0001755036905200945,0.549
9,189,periodic,sample_aware,28,0.0873614102602005,0.7548989057540894,0.45053917169570923,0.22136800984541574,0.0221076055119435,0.020810849964618683,0.5736065573162503,0.11871630946795146,0.004586358709881703,0.00015880913189094927,0.55
9,190,periodic,sample_aware,28,0.0873614102602005,0.7548989057540894,0.45053917169570923,0.22137315571308136,0.02210423122677538,0.020453164767887857,0.5749507546424866,0.11911109172635609,0.0042759561393823885,0.00014322697986952134,0.5506
9,191,periodic,sample_aware,28,0.0873614102602005,0.7548989057540894,0.45053917169570923,0.2204532970984777,0.022474043899112277,0.01886416578458415,0.5757833851708306,0.1196282986137602,0.0036811103992578057,0.0001357889397897654,0.5492
9,192,periodic,sample_aware,28,0.0873614102602005,0.7548989057540894,0.45053917169570923,0.21773337655597264,0.02226498329805003,0.017320740554067824,0.5739947689904107,0.11913300471173392,0.003113482457896074,0.00011685921991657879,0.5488
9,193,periodic,sample_aware,28,0.0873614102602005,0.7548989057540894,0.45053917169570923,0.21621989210446677,0.021797098633315828,0.017125498606926866,0.5723280509312948,0.1186716432372729,0.0026853021699935198,0.00010039192339819338,0.55
9,194,periodic,sample_aware,28,0.0873614102602005,0.7548989057540894,0.45053917169570923,0.2159577359755834,0.02199279661807749,0.016780717505349055,0.574895355436537,0.11831584903928968,0.002652217634022236,0.00010546131266487969,0.5488
9,195,periodic,sample_aware,28,0.0873614102602005,0.7548989057540894,0.45053917169570923,0.21874153282907274,0.021730558946728706,0.01607715141856008,0.5698126289579604,0.12242301636272007,0.0029339277599420813,0.0001251575562896,0.5496
9,196,periodic,sample_aware,28,0.0873614102602005,0.7548989057540894,0.45053917169570923,0.21874441040886772,0.02182937537630399,0.015836663130256865,0.5771667692396376,0.12175905125008689,0.003071124639569057,0.0001341646808820466,0.549
9,197,periodic,sample_aware,28,0.0873614102602005,0.7548989057540894,0.45053917169570923,0.2139570713043213,0.021451367893152766,0.016140541579160426,0.5725283357832167,0.11769667350583607,0.002721028092006842,0.00011028369448872076,0.5506
9,198,periodic,sample_aware,28,0.0873614102602005,0.7548989057540894,0.45053917169570923,0.21395358608828652,0.02195711454583539,0.01580003183335066,0.5706198083029853,0.11769107646412319,0.0027762618329789904,0.00011050573084503412,0.5504
9,199,periodic,sample_aware,28,0.0873614102602005,0.7548989057540894,0.45053917169570923,0.21380544205506644,0.021400834537214704,0.015177170435587565,0.5631728834576077,0.11954211857583788,0.002627568112479316,0.00010848941747099161,0.5488
9,200,periodic,sample_aware,28,0.0873614102602005,0.7548989057540894,0.45053917169570923,0.21466009815533957,0.021637868136167526,0.0162810610814227,0.5678090188238356,0.11859793878263897,0.0026220998778525326,0.00010255043808784749,0.5484
