step,epoch,rd_mode,cmr_penalty,cmr_scale,cmr_tolerance,train_loss,cross_sdc_i,cross_sdc_c,weighted_cross_sdc,cmr,weighted_cmr,cmr_active_a_from_v,cmr_active_v_from_a,mean_deficit_a_from_v,mean_deficit_v_from_a,val_acc
0,0,adaptive_crosssdc_cmr,hinge,1.0,0.01,1.9660414192411635,0.0,0.0,0.0,0.0,0.0,0.0,0.0,0.0,0.0,0.4259999990463257
0,1,adaptive_crosssdc_cmr,hinge,1.0,0.01,1.3815042972564697,0.0,0.0,0.0,0.0,0.0,0.0,0.0,0.0,0.0,0.671999990940094
0,2,adaptive_crosssdc_cmr,hinge,1.0,0.01,1.0328180657492743,0.0,0.0,0.0,0.0,0.0,0.0,0.0,0.0,0.0,0.7200000286102295
0,3,adaptive_crosssdc_cmr,hinge,1.0,0.01,0.7964769535594516,0.0,0.0,0.0,0.0,0.0,0.0,0.0,0.0,0.0,0.75
0,4,adaptive_crosssdc_cmr,hinge,1.0,0.01,0.6122967468367683,0.0,0.0,0.0,0.0,0.0,0.0,0.0,0.0,0.0,0.7900000214576721
0,5,adaptive_crosssdc_cmr,hinge,1.0,0.01,0.5095763471391466,0.0,0.0,0.0,0.0,0.0,0.0,0.0,0.0,0.0,0.8299999833106995
0,6,adaptive_crosssdc_cmr,hinge,1.0,0.01,0.4144817392031352,0.0,0.0,0.0,0.0,0.0,0.0,0.0,0.0,0.0,0.8539999723434448
0,7,adaptive_crosssdc_cmr,hinge,1.0,0.01,0.3391398423247867,0.0,0.0,0.0,0.0,0.0,0.0,0.0,0.0,0.0,0.8600000143051147
0,8,adaptive_crosssdc_cmr,hinge,1.0,0.01,0.2740258773167928,0.0,0.0,0.0,0.0,0.0,0.0,0.0,0.0,0.0,0.8659999966621399
0,9,adaptive_crosssdc_cmr,hinge,1.0,0.01,0.23893305328157213,0.0,0.0,0.0,0.0,0.0,0.0,0.0,0.0,0.0,0.8539999723434448
0,10,adaptive_crosssdc_cmr,hinge,1.0,0.01,0.21090337302949694,0.0,0.0,0.0,0.0,0.0,0.0,0.0,0.0,0.0,0.8539999723434448
0,11,adaptive_crosssdc_cmr,hinge,1.0,0.01,0.16663124329513973,0.0,0.0,0.0,0.0,0.0,0.0,0.0,0.0,0.0,0.8820000290870667
0,12,adaptive_crosssdc_cmr,hinge,1.0,0.01,0.13830857310030195,0.0,0.0,0.0,0.0,0.0,0.0,0.0,0.0,0.0,0.8880000114440918
0,13,adaptive_crosssdc_cmr,hinge,1.0,0.01,0.11668041265673107,0.0,0.0,0.0,0.0,0.0,0.0,0.0,0.0,0.0,0.8640000224113464
0,14,adaptive_crosssdc_cmr,hinge,1.0,0.01,0.10419455998473698,0.0,0.0,0.0,0.0,0.0,0.0,0.0,0.0,0.0,0.8740000128746033
0,15,adaptive_crosssdc_cmr,hinge,1.0,0.01,0.08751827230056126,0.0,0.0,0.0,0.0,0.0,0.0,0.0,0.0,0.0,0.8820000290870667
0,16,adaptive_crosssdc_cmr,hinge,1.0,0.01,0.07491842781503995,0.0,0.0,0.0,0.0,0.0,0.0,0.0,0.0,0.0,0.8799999952316284
0,17,adaptive_crosssdc_cmr,hinge,1.0,0.01,0.06480364294515716,0.0,0.0,0.0,0.0,0.0,0.0,0.0,0.0,0.0,0.8859999775886536
0,18,adaptive_crosssdc_cmr,hinge,1.0,0.01,0.05682629388239649,0.0,0.0,0.0,0.0,0.0,0.0,0.0,0.0,0.0,0.8799999952316284
0,19,adaptive_crosssdc_cmr,hinge,1.0,0.01,0.050061979641517006,0.0,0.0,0.0,0.0,0.0,0.0,0.0,0.0,0.0,0.8740000128746033
0,20,adaptive_crosssdc_cmr,hinge,1.0,0.01,0.04441124531957838,0.0,0.0,0.0,0.0,0.0,0.0,0.0,0.0,0.0,0.8820000290870667
0,21,adaptive_crosssdc_cmr,hinge,1.0,0.01,0.04144763160083029,0.0,0.0,0.0,0.0,0.0,0.0,0.0,0.0,0.0,0.8880000114440918
0,22,adaptive_crosssdc_cmr,hinge,1.0,0.01,0.03740502231650882,0.0,0.0,0.0,0.0,0.0,0.0,0.0,0.0,0.0,0.878000020980835
0,23,adaptive_crosssdc_cmr,hinge,1.0,0.01,0.03340090231762992,0.0,0.0,0.0,0.0,0.0,0.0,0.0,0.0,0.0,0.871999979019165
0,24,adaptive_crosssdc_cmr,hinge,1.0,0.01,0.03256117097205586,0.0,0.0,0.0,0.0,0.0,0.0,0.0,0.0,0.0,0.8880000114440918
0,25,adaptive_crosssdc_cmr,hinge,1.0,0.01,0.028565752630432446,0.0,0.0,0.0,0.0,0.0,0.0,0.0,0.0,0.0,0.8840000033378601
0,26,adaptive_crosssdc_cmr,hinge,1.0,0.01,0.025364615644017856,0.0,0.0,0.0,0.0,0.0,0.0,0.0,0.0,0.0,0.8799999952316284
0,27,adaptive_crosssdc_cmr,hinge,1.0,0.01,0.02497210477789243,0.0,0.0,0.0,0.0,0.0,0.0,0.0,0.0,0.0,0.8820000290870667
0,28,adaptive_crosssdc_cmr,hinge,1.0,0.01,0.023788431866301432,0.0,0.0,0.0,0.0,0.0,0.0,0.0,0.0,0.0,0.8759999871253967
0,29,adaptive_crosssdc_cmr,hinge,1.0,0.01,0.021907810121774673,0.0,0.0,0.0,0.0,0.0,0.0,0.0,0.0,0.0,0.8840000033378601
0,30,adaptive_crosssdc_cmr,hinge,1.0,0.01,0.02212133775982592,0.0,0.0,0.0,0.0,0.0,0.0,0.0,0.0,0.0,0.878000020980835
0,31,adaptive_crosssdc_cmr,hinge,1.0,0.01,0.020588383078575134,0.0,0.0,0.0,0.0,0.0,0.0,0.0,0.0,0.0,0.8859999775886536
0,32,adaptive_crosssdc_cmr,hinge,1.0,0.01,0.018852364996241197,0.0,0.0,0.0,0.0,0.0,0.0,0.0,0.0,0.0,0.8759999871253967
0,33,adaptive_crosssdc_cmr,hinge,1.0,0.01,0.018448346087502107,0.0,0.0,0.0,0.0,0.0,0.0,0.0,0.0,0.0,0.8799999952316284
0,34,adaptive_crosssdc_cmr,hinge,1.0,0.01,0.01766639409793748,0.0,0.0,0.0,0.0,0.0,0.0,0.0,0.0,0.0,0.8740000128746033
0,35,adaptive_crosssdc_cmr,hinge,1.0,0.01,0.01711795986112621,0.0,0.0,0.0,0.0,0.0,0.0,0.0,0.0,0.0,0.8859999775886536
0,36,adaptive_crosssdc_cmr,hinge,1.0,0.01,0.016724121653371386,0.0,0.0,0.0,0.0,0.0,0.0,0.0,0.0,0.0,0.8840000033378601
0,37,adaptive_crosssdc_cmr,hinge,1.0,0.01,0.015900582902961306,0.0,0.0,0.0,0.0,0.0,0.0,0.0,0.0,0.0,0.878000020980835
0,38,adaptive_crosssdc_cmr,hinge,1.0,0.01,0.014717037065161599,0.0,0.0,0.0,0.0,0.0,0.0,0.0,0.0,0.0,0.8820000290870667
0,39,adaptive_crosssdc_cmr,hinge,1.0,0.01,0.013983888034191396,0.0,0.0,0.0,0.0,0.0,0.0,0.0,0.0,0.0,0.8799999952316284
0,40,adaptive_crosssdc_cmr,hinge,1.0,0.01,0.013691859112845527,0.0,0.0,0.0,0.0,0.0,0.0,0.0,0.0,0.0,0.8820000290870667
0,41,adaptive_crosssdc_cmr,hinge,1.0,0.01,0.014258513641026285,0.0,0.0,0.0,0.0,0.0,0.0,0.0,0.0,0.0,0.8820000290870667
0,42,adaptive_crosssdc_cmr,hinge,1.0,0.01,0.014151608674890466,0.0,0.0,0.0,0.0,0.0,0.0,0.0,0.0,0.0,0.8740000128746033
0,43,adaptive_crosssdc_cmr,hinge,1.0,0.01,0.013262813807361655,0.0,0.0,0.0,0.0,0.0,0.0,0.0,0.0,0.0,0.8820000290870667
0,44,adaptive_crosssdc_cmr,hinge,1.0,0.01,0.012133689493768744,0.0,0.0,0.0,0.0,0.0,0.0,0.0,0.0,0.0,0.8759999871253967
0,45,adaptive_crosssdc_cmr,hinge,1.0,0.01,0.011850862142940363,0.0,0.0,0.0,0.0,0.0,0.0,0.0,0.0,0.0,0.8820000290870667
0,46,adaptive_crosssdc_cmr,hinge,1.0,0.01,0.011804611525601812,0.0,0.0,0.0,0.0,0.0,0.0,0.0,0.0,0.0,0.8840000033378601
0,47,adaptive_crosssdc_cmr,hinge,1.0,0.01,0.011595337858630551,0.0,0.0,0.0,0.0,0.0,0.0,0.0,0.0,0.0,0.8799999952316284
0,48,adaptive_crosssdc_cmr,hinge,1.0,0.01,0.011257110680970881,0.0,0.0,0.0,0.0,0.0,0.0,0.0,0.0,0.0,0.8799999952316284
0,49,adaptive_crosssdc_cmr,hinge,1.0,0.01,0.011268096458580758,0.0,0.0,0.0,0.0,0.0,0.0,0.0,0.0,0.0,0.8740000128746033
0,50,adaptive_crosssdc_cmr,hinge,1.0,0.01,0.01066757645457983,0.0,0.0,0.0,0.0,0.0,0.0,0.0,0.0,0.0,0.8859999775886536
0,51,adaptive_crosssdc_cmr,hinge,1.0,0.01,0.010431654130419096,0.0,0.0,0.0,0.0,0.0,0.0,0.0,0.0,0.0,0.878000020980835
0,52,adaptive_crosssdc_cmr,hinge,1.0,0.01,0.01038743948770894,0.0,0.0,0.0,0.0,0.0,0.0,0.0,0.0,0.0,0.8799999952316284
0,53,adaptive_crosssdc_cmr,hinge,1.0,0.01,0.010375558398663998,0.0,0.0,0.0,0.0,0.0,0.0,0.0,0.0,0.0,0.8759999871253967
0,54,adaptive_crosssdc_cmr,hinge,1.0,0.01,0.01022129650745127,0.0,0.0,0.0,0.0,0.0,0.0,0.0,0.0,0.0,0.878000020980835
0,55,adaptive_crosssdc_cmr,hinge,1.0,0.01,0.010194307503600916,0.0,0.0,0.0,0.0,0.0,0.0,0.0,0.0,0.0,0.8820000290870667
0,56,adaptive_crosssdc_cmr,hinge,1.0,0.01,0.009726782639821371,0.0,0.0,0.0,0.0,0.0,0.0,0.0,0.0,0.0,0.8840000033378601
0,57,adaptive_crosssdc_cmr,hinge,1.0,0.01,0.009862953279581334,0.0,0.0,0.0,0.0,0.0,0.0,0.0,0.0,0.0,0.8820000290870667
0,58,adaptive_crosssdc_cmr,hinge,1.0,0.01,0.00927279894757602,0.0,0.0,0.0,0.0,0.0,0.0,0.0,0.0,0.0,0.8759999871253967
0,59,adaptive_crosssdc_cmr,hinge,1.0,0.01,0.009478194949527582,0.0,0.0,0.0,0.0,0.0,0.0,0.0,0.0,0.0,0.8799999952316284
0,60,adaptive_crosssdc_cmr,hinge,1.0,0.01,0.00934286591493421,0.0,0.0,0.0,0.0,0.0,0.0,0.0,0.0,0.0,0.8799999952316284
0,61,adaptive_crosssdc_cmr,hinge,1.0,0.01,0.00905810415537821,0.0,0.0,0.0,0.0,0.0,0.0,0.0,0.0,0.0,0.8700000047683716
0,62,adaptive_crosssdc_cmr,hinge,1.0,0.01,0.009268911400189003,0.0,0.0,0.0,0.0,0.0,0.0,0.0,0.0,0.0,0.8799999952316284
0,63,adaptive_crosssdc_cmr,hinge,1.0,0.01,0.008738068915489648,0.0,0.0,0.0,0.0,0.0,0.0,0.0,0.0,0.0,0.8759999871253967
0,64,adaptive_crosssdc_cmr,hinge,1.0,0.01,0.008366644641177522,0.0,0.0,0.0,0.0,0.0,0.0,0.0,0.0,0.0,0.8799999952316284
0,65,adaptive_crosssdc_cmr,hinge,1.0,0.01,0.008454407772256268,0.0,0.0,0.0,0.0,0.0,0.0,0.0,0.0,0.0,0.8679999709129333
0,66,adaptive_crosssdc_cmr,hinge,1.0,0.01,0.008118451417734226,0.0,0.0,0.0,0.0,0.0,0.0,0.0,0.0,0.0,0.878000020980835
0,67,adaptive_crosssdc_cmr,hinge,1.0,0.01,0.007966286916699674,0.0,0.0,0.0,0.0,0.0,0.0,0.0,0.0,0.0,0.8740000128746033
0,68,adaptive_crosssdc_cmr,hinge,1.0,0.01,0.007974221422854397,0.0,0.0,0.0,0.0,0.0,0.0,0.0,0.0,0.0,0.8740000128746033
0,69,adaptive_crosssdc_cmr,hinge,1.0,0.01,0.007806834195637041,0.0,0.0,0.0,0.0,0.0,0.0,0.0,0.0,0.0,0.8700000047683716
0,70,adaptive_crosssdc_cmr,hinge,1.0,0.01,0.008281388320028782,0.0,0.0,0.0,0.0,0.0,0.0,0.0,0.0,0.0,0.8700000047683716
0,71,adaptive_crosssdc_cmr,hinge,1.0,0.01,0.008021009309838215,0.0,0.0,0.0,0.0,0.0,0.0,0.0,0.0,0.0,0.8759999871253967
0,72,adaptive_crosssdc_cmr,hinge,1.0,0.01,0.007673074284361469,0.0,0.0,0.0,0.0,0.0,0.0,0.0,0.0,0.0,0.8659999966621399
0,73,adaptive_crosssdc_cmr,hinge,1.0,0.01,0.007449478583617343,0.0,0.0,0.0,0.0,0.0,0.0,0.0,0.0,0.0,0.8820000290870667
0,74,adaptive_crosssdc_cmr,hinge,1.0,0.01,0.007605706652005513,0.0,0.0,0.0,0.0,0.0,0.0,0.0,0.0,0.0,0.878000020980835
0,75,adaptive_crosssdc_cmr,hinge,1.0,0.01,0.007389374077320099,0.0,0.0,0.0,0.0,0.0,0.0,0.0,0.0,0.0,0.8700000047683716
0,76,adaptive_crosssdc_cmr,hinge,1.0,0.01,0.007594168082707458,0.0,0.0,0.0,0.0,0.0,0.0,0.0,0.0,0.0,0.8679999709129333
0,77,adaptive_crosssdc_cmr,hinge,1.0,0.01,0.007455310008178155,0.0,0.0,0.0,0.0,0.0,0.0,0.0,0.0,0.0,0.8740000128746033
0,78,adaptive_crosssdc_cmr,hinge,1.0,0.01,0.007333583715889189,0.0,0.0,0.0,0.0,0.0,0.0,0.0,0.0,0.0,0.8700000047683716
0,79,adaptive_crosssdc_cmr,hinge,1.0,0.01,0.00734964959944288,0.0,0.0,0.0,0.0,0.0,0.0,0.0,0.0,0.0,0.871999979019165
0,80,adaptive_crosssdc_cmr,hinge,1.0,0.01,0.007079572261621554,0.0,0.0,0.0,0.0,0.0,0.0,0.0,0.0,0.0,0.8679999709129333
0,81,adaptive_crosssdc_cmr,hinge,1.0,0.01,0.00680552190169692,0.0,0.0,0.0,0.0,0.0,0.0,0.0,0.0,0.0,0.8740000128746033
0,82,adaptive_crosssdc_cmr,hinge,1.0,0.01,0.0067259868503444726,0.0,0.0,0.0,0.0,0.0,0.0,0.0,0.0,0.0,0.8679999709129333
0,83,adaptive_crosssdc_cmr,hinge,1.0,0.01,0.006484436336904764,0.0,0.0,0.0,0.0,0.0,0.0,0.0,0.0,0.0,0.8679999709129333
0,84,adaptive_crosssdc_cmr,hinge,1.0,0.01,0.0062514061315192115,0.0,0.0,0.0,0.0,0.0,0.0,0.0,0.0,0.0,0.871999979019165
0,85,adaptive_crosssdc_cmr,hinge,1.0,0.01,0.006250308516124885,0.0,0.0,0.0,0.0,0.0,0.0,0.0,0.0,0.0,0.8679999709129333
0,86,adaptive_crosssdc_cmr,hinge,1.0,0.01,0.006480356005744802,0.0,0.0,0.0,0.0,0.0,0.0,0.0,0.0,0.0,0.8679999709129333
0,87,adaptive_crosssdc_cmr,hinge,1.0,0.01,0.006151045931296216,0.0,0.0,0.0,0.0,0.0,0.0,0.0,0.0,0.0,0.8679999709129333
0,88,adaptive_crosssdc_cmr,hinge,1.0,0.01,0.006160729823427068,0.0,0.0,0.0,0.0,0.0,0.0,0.0,0.0,0.0,0.8679999709129333
0,89,adaptive_crosssdc_cmr,hinge,1.0,0.01,0.006297458066708512,0.0,0.0,0.0,0.0,0.0,0.0,0.0,0.0,0.0,0.8700000047683716
0,90,adaptive_crosssdc_cmr,hinge,1.0,0.01,0.006287238457136684,0.0,0.0,0.0,0.0,0.0,0.0,0.0,0.0,0.0,0.871999979019165
0,91,adaptive_crosssdc_cmr,hinge,1.0,0.01,0.006221023543427388,0.0,0.0,0.0,0.0,0.0,0.0,0.0,0.0,0.0,0.8640000224113464
0,92,adaptive_crosssdc_cmr,hinge,1.0,0.01,0.0060785227041277624,0.0,0.0,0.0,0.0,0.0,0.0,0.0,0.0,0.0,0.8679999709129333
0,93,adaptive_crosssdc_cmr,hinge,1.0,0.01,0.006169598549604416,0.0,0.0,0.0,0.0,0.0,0.0,0.0,0.0,0.0,0.871999979019165
0,94,adaptive_crosssdc_cmr,hinge,1.0,0.01,0.006082127181192239,0.0,0.0,0.0,0.0,0.0,0.0,0.0,0.0,0.0,0.8659999966621399
0,95,adaptive_crosssdc_cmr,hinge,1.0,0.01,0.006001256975448794,0.0,0.0,0.0,0.0,0.0,0.0,0.0,0.0,0.0,0.8640000224113464
0,96,adaptive_crosssdc_cmr,hinge,1.0,0.01,0.0063075160918136435,0.0,0.0,0.0,0.0,0.0,0.0,0.0,0.0,0.0,0.871999979019165
0,97,adaptive_crosssdc_cmr,hinge,1.0,0.01,0.006238836225950056,0.0,0.0,0.0,0.0,0.0,0.0,0.0,0.0,0.0,0.8640000224113464
0,98,adaptive_crosssdc_cmr,hinge,1.0,0.01,0.005779161221451229,0.0,0.0,0.0,0.0,0.0,0.0,0.0,0.0,0.0,0.8659999966621399
0,99,adaptive_crosssdc_cmr,hinge,1.0,0.01,0.006018112051404185,0.0,0.0,0.0,0.0,0.0,0.0,0.0,0.0,0.0,0.8640000224113464
0,100,adaptive_crosssdc_cmr,hinge,1.0,0.01,0.006141867333402236,0.0,0.0,0.0,0.0,0.0,0.0,0.0,0.0,0.0,0.8560000061988831
0,101,adaptive_crosssdc_cmr,hinge,1.0,0.01,0.006569720959911744,0.0,0.0,0.0,0.0,0.0,0.0,0.0,0.0,0.0,0.8619999885559082
0,102,adaptive_crosssdc_cmr,hinge,1.0,0.01,0.005828461040639215,0.0,0.0,0.0,0.0,0.0,0.0,0.0,0.0,0.0,0.8640000224113464
0,103,adaptive_crosssdc_cmr,hinge,1.0,0.01,0.005171235599037673,0.0,0.0,0.0,0.0,0.0,0.0,0.0,0.0,0.0,0.8640000224113464
0,104,adaptive_crosssdc_cmr,hinge,1.0,0.01,0.005062505085435178,0.0,0.0,0.0,0.0,0.0,0.0,0.0,0.0,0.0,0.8679999709129333
0,105,adaptive_crosssdc_cmr,hinge,1.0,0.01,0.005327838990423415,0.0,0.0,0.0,0.0,0.0,0.0,0.0,0.0,0.0,0.8579999804496765
0,106,adaptive_crosssdc_cmr,hinge,1.0,0.01,0.005302252506630288,0.0,0.0,0.0,0.0,0.0,0.0,0.0,0.0,0.0,0.8600000143051147
0,107,adaptive_crosssdc_cmr,hinge,1.0,0.01,0.00532143371593621,0.0,0.0,0.0,0.0,0.0,0.0,0.0,0.0,0.0,0.8740000128746033
0,108,adaptive_crosssdc_cmr,hinge,1.0,0.01,0.0052892240281734205,0.0,0.0,0.0,0.0,0.0,0.0,0.0,0.0,0.0,0.8619999885559082
0,109,adaptive_crosssdc_cmr,hinge,1.0,0.01,0.005337344275580512,0.0,0.0,0.0,0.0,0.0,0.0,0.0,0.0,0.0,0.8659999966621399
0,110,adaptive_crosssdc_cmr,hinge,1.0,0.01,0.0051513891149726175,0.0,0.0,0.0,0.0,0.0,0.0,0.0,0.0,0.0,0.8640000224113464
0,111,adaptive_crosssdc_cmr,hinge,1.0,0.01,0.00496000646510058,0.0,0.0,0.0,0.0,0.0,0.0,0.0,0.0,0.0,0.8659999966621399
0,112,adaptive_crosssdc_cmr,hinge,1.0,0.01,0.005022979134486781,0.0,0.0,0.0,0.0,0.0,0.0,0.0,0.0,0.0,0.8640000224113464
0,113,adaptive_crosssdc_cmr,hinge,1.0,0.01,0.005053649501254161,0.0,0.0,0.0,0.0,0.0,0.0,0.0,0.0,0.0,0.8619999885559082
0,114,adaptive_crosssdc_cmr,hinge,1.0,0.01,0.004832630977034569,0.0,0.0,0.0,0.0,0.0,0.0,0.0,0.0,0.0,0.8679999709129333
0,115,adaptive_crosssdc_cmr,hinge,1.0,0.01,0.005012978903121418,0.0,0.0,0.0,0.0,0.0,0.0,0.0,0.0,0.0,0.8640000224113464
0,116,adaptive_crosssdc_cmr,hinge,1.0,0.01,0.005106748495664861,0.0,0.0,0.0,0.0,0.0,0.0,0.0,0.0,0.0,0.8659999966621399
0,117,adaptive_crosssdc_cmr,hinge,1.0,0.01,0.004997850654439794,0.0,0.0,0.0,0.0,0.0,0.0,0.0,0.0,0.0,0.8579999804496765
0,118,adaptive_crosssdc_cmr,hinge,1.0,0.01,0.004953109038372834,0.0,0.0,0.0,0.0,0.0,0.0,0.0,0.0,0.0,0.8640000224113464
0,119,adaptive_crosssdc_cmr,hinge,1.0,0.01,0.005076822876516316,0.0,0.0,0.0,0.0,0.0,0.0,0.0,0.0,0.0,0.8679999709129333
0,120,adaptive_crosssdc_cmr,hinge,1.0,0.01,0.0046380991116166115,0.0,0.0,0.0,0.0,0.0,0.0,0.0,0.0,0.0,0.8619999885559082
0,121,adaptive_crosssdc_cmr,hinge,1.0,0.01,0.004518928653043177,0.0,0.0,0.0,0.0,0.0,0.0,0.0,0.0,0.0,0.871999979019165
0,122,adaptive_crosssdc_cmr,hinge,1.0,0.01,0.004589770868834522,0.0,0.0,0.0,0.0,0.0,0.0,0.0,0.0,0.0,0.8659999966621399
0,123,adaptive_crosssdc_cmr,hinge,1.0,0.01,0.004574863654043939,0.0,0.0,0.0,0.0,0.0,0.0,0.0,0.0,0.0,0.8579999804496765
0,124,adaptive_crosssdc_cmr,hinge,1.0,0.01,0.004466320388019085,0.0,0.0,0.0,0.0,0.0,0.0,0.0,0.0,0.0,0.8619999885559082
0,125,adaptive_crosssdc_cmr,hinge,1.0,0.01,0.0046873558312654495,0.0,0.0,0.0,0.0,0.0,0.0,0.0,0.0,0.0,0.8700000047683716
0,126,adaptive_crosssdc_cmr,hinge,1.0,0.01,0.0046530319895181395,0.0,0.0,0.0,0.0,0.0,0.0,0.0,0.0,0.0,0.8700000047683716
0,127,adaptive_crosssdc_cmr,hinge,1.0,0.01,0.004490690254088905,0.0,0.0,0.0,0.0,0.0,0.0,0.0,0.0,0.0,0.8679999709129333
0,128,adaptive_crosssdc_cmr,hinge,1.0,0.01,0.004388737932054533,0.0,0.0,0.0,0.0,0.0,0.0,0.0,0.0,0.0,0.8600000143051147
0,129,adaptive_crosssdc_cmr,hinge,1.0,0.01,0.004282851289543841,0.0,0.0,0.0,0.0,0.0,0.0,0.0,0.0,0.0,0.8619999885559082
0,130,adaptive_crosssdc_cmr,hinge,1.0,0.01,0.004209149784098069,0.0,0.0,0.0,0.0,0.0,0.0,0.0,0.0,0.0,0.8659999966621399
0,131,adaptive_crosssdc_cmr,hinge,1.0,0.01,0.004237588313925598,0.0,0.0,0.0,0.0,0.0,0.0,0.0,0.0,0.0,0.8579999804496765
0,132,adaptive_crosssdc_cmr,hinge,1.0,0.01,0.004301284181161059,0.0,0.0,0.0,0.0,0.0,0.0,0.0,0.0,0.0,0.8600000143051147
0,133,adaptive_crosssdc_cmr,hinge,1.0,0.01,0.00429688945102195,0.0,0.0,0.0,0.0,0.0,0.0,0.0,0.0,0.0,0.8659999966621399
0,134,adaptive_crosssdc_cmr,hinge,1.0,0.01,0.004201203946852022,0.0,0.0,0.0,0.0,0.0,0.0,0.0,0.0,0.0,0.8640000224113464
0,135,adaptive_crosssdc_cmr,hinge,1.0,0.01,0.004201671315564049,0.0,0.0,0.0,0.0,0.0,0.0,0.0,0.0,0.0,0.8640000224113464
0,136,adaptive_crosssdc_cmr,hinge,1.0,0.01,0.004270434146746993,0.0,0.0,0.0,0.0,0.0,0.0,0.0,0.0,0.0,0.871999979019165
0,137,adaptive_crosssdc_cmr,hinge,1.0,0.01,0.004485856250135435,0.0,0.0,0.0,0.0,0.0,0.0,0.0,0.0,0.0,0.8659999966621399
0,138,adaptive_crosssdc_cmr,hinge,1.0,0.01,0.004328901387958063,0.0,0.0,0.0,0.0,0.0,0.0,0.0,0.0,0.0,0.8640000224113464
0,139,adaptive_crosssdc_cmr,hinge,1.0,0.01,0.004233440436008904,0.0,0.0,0.0,0.0,0.0,0.0,0.0,0.0,0.0,0.8600000143051147
0,140,adaptive_crosssdc_cmr,hinge,1.0,0.01,0.004137981527795394,0.0,0.0,0.0,0.0,0.0,0.0,0.0,0.0,0.0,0.8560000061988831
0,141,adaptive_crosssdc_cmr,hinge,1.0,0.01,0.00443871339990033,0.0,0.0,0.0,0.0,0.0,0.0,0.0,0.0,0.0,0.8539999723434448
0,142,adaptive_crosssdc_cmr,hinge,1.0,0.01,0.0040960601893150145,0.0,0.0,0.0,0.0,0.0,0.0,0.0,0.0,0.0,0.8600000143051147
0,143,adaptive_crosssdc_cmr,hinge,1.0,0.01,0.003926948902921544,0.0,0.0,0.0,0.0,0.0,0.0,0.0,0.0,0.0,0.871999979019165
0,144,adaptive_crosssdc_cmr,hinge,1.0,0.01,0.0038887521303776237,0.0,0.0,0.0,0.0,0.0,0.0,0.0,0.0,0.0,0.8619999885559082
0,145,adaptive_crosssdc_cmr,hinge,1.0,0.01,0.004178665371404754,0.0,0.0,0.0,0.0,0.0,0.0,0.0,0.0,0.0,0.8579999804496765
0,146,adaptive_crosssdc_cmr,hinge,1.0,0.01,0.003988736179760761,0.0,0.0,0.0,0.0,0.0,0.0,0.0,0.0,0.0,0.8600000143051147
0,147,adaptive_crosssdc_cmr,hinge,1.0,0.01,0.004038187545827693,0.0,0.0,0.0,0.0,0.0,0.0,0.0,0.0,0.0,0.8700000047683716
0,148,adaptive_crosssdc_cmr,hinge,1.0,0.01,0.003850257877881328,0.0,0.0,0.0,0.0,0.0,0.0,0.0,0.0,0.0,0.871999979019165
0,149,adaptive_crosssdc_cmr,hinge,1.0,0.01,0.003881444637146261,0.0,0.0,0.0,0.0,0.0,0.0,0.0,0.0,0.0,0.8640000224113464
0,150,adaptive_crosssdc_cmr,hinge,1.0,0.01,0.003933386928919289,0.0,0.0,0.0,0.0,0.0,0.0,0.0,0.0,0.0,0.8679999709129333
0,151,adaptive_crosssdc_cmr,hinge,1.0,0.01,0.0038597738473779624,0.0,0.0,0.0,0.0,0.0,0.0,0.0,0.0,0.0,0.8579999804496765
0,152,adaptive_crosssdc_cmr,hinge,1.0,0.01,0.0038188049414505563,0.0,0.0,0.0,0.0,0.0,0.0,0.0,0.0,0.0,0.8619999885559082
0,153,adaptive_crosssdc_cmr,hinge,1.0,0.01,0.003871818254184392,0.0,0.0,0.0,0.0,0.0,0.0,0.0,0.0,0.0,0.8640000224113464
0,154,adaptive_crosssdc_cmr,hinge,1.0,0.01,0.003724683567674624,0.0,0.0,0.0,0.0,0.0,0.0,0.0,0.0,0.0,0.8619999885559082
0,155,adaptive_crosssdc_cmr,hinge,1.0,0.01,0.003589457884016964,0.0,0.0,0.0,0.0,0.0,0.0,0.0,0.0,0.0,0.8519999980926514
0,156,adaptive_crosssdc_cmr,hinge,1.0,0.01,0.0037517630132950014,0.0,0.0,0.0,0.0,0.0,0.0,0.0,0.0,0.0,0.8600000143051147
0,157,adaptive_crosssdc_cmr,hinge,1.0,0.01,0.0037336633023288515,0.0,0.0,0.0,0.0,0.0,0.0,0.0,0.0,0.0,0.8519999980926514
0,158,adaptive_crosssdc_cmr,hinge,1.0,0.01,0.0037887892168429163,0.0,0.0,0.0,0.0,0.0,0.0,0.0,0.0,0.0,0.8600000143051147
0,159,adaptive_crosssdc_cmr,hinge,1.0,0.01,0.004261759627196524,0.0,0.0,0.0,0.0,0.0,0.0,0.0,0.0,0.0,0.8600000143051147
0,160,adaptive_crosssdc_cmr,hinge,1.0,0.01,0.0037455416491462123,0.0,0.0,0.0,0.0,0.0,0.0,0.0,0.0,0.0,0.8659999966621399
0,161,adaptive_crosssdc_cmr,hinge,1.0,0.01,0.0035937162530091074,0.0,0.0,0.0,0.0,0.0,0.0,0.0,0.0,0.0,0.8640000224113464
0,162,adaptive_crosssdc_cmr,hinge,1.0,0.01,0.0037996797408494684,0.0,0.0,0.0,0.0,0.0,0.0,0.0,0.0,0.0,0.8619999885559082
0,163,adaptive_crosssdc_cmr,hinge,1.0,0.01,0.0038862247278706897,0.0,0.0,0.0,0.0,0.0,0.0,0.0,0.0,0.0,0.8640000224113464
0,164,adaptive_crosssdc_cmr,hinge,1.0,0.01,0.0034650866356160906,0.0,0.0,0.0,0.0,0.0,0.0,0.0,0.0,0.0,0.8560000061988831
0,165,adaptive_crosssdc_cmr,hinge,1.0,0.01,0.0038698800942964023,0.0,0.0,0.0,0.0,0.0,0.0,0.0,0.0,0.0,0.8619999885559082
0,166,adaptive_crosssdc_cmr,hinge,1.0,0.01,0.003774119463438789,0.0,0.0,0.0,0.0,0.0,0.0,0.0,0.0,0.0,0.8640000224113464
0,167,adaptive_crosssdc_cmr,hinge,1.0,0.01,0.0033927944281862844,0.0,0.0,0.0,0.0,0.0,0.0,0.0,0.0,0.0,0.8619999885559082
0,168,adaptive_crosssdc_cmr,hinge,1.0,0.01,0.0033748819906678465,0.0,0.0,0.0,0.0,0.0,0.0,0.0,0.0,0.0,0.8659999966621399
0,169,adaptive_crosssdc_cmr,hinge,1.0,0.01,0.003218455550571283,0.0,0.0,0.0,0.0,0.0,0.0,0.0,0.0,0.0,0.8600000143051147
0,170,adaptive_crosssdc_cmr,hinge,1.0,0.01,0.003288679419913226,0.0,0.0,0.0,0.0,0.0,0.0,0.0,0.0,0.0,0.8539999723434448
0,171,adaptive_crosssdc_cmr,hinge,1.0,0.01,0.0034136574249714613,0.0,0.0,0.0,0.0,0.0,0.0,0.0,0.0,0.0,0.8700000047683716
0,172,adaptive_crosssdc_cmr,hinge,1.0,0.01,0.003309205847067965,0.0,0.0,0.0,0.0,0.0,0.0,0.0,0.0,0.0,0.8539999723434448
0,173,adaptive_crosssdc_cmr,hinge,1.0,0.01,0.0033898618227491775,0.0,0.0,0.0,0.0,0.0,0.0,0.0,0.0,0.0,0.8579999804496765
0,174,adaptive_crosssdc_cmr,hinge,1.0,0.01,0.0034899365208629104,0.0,0.0,0.0,0.0,0.0,0.0,0.0,0.0,0.0,0.8619999885559082
0,175,adaptive_crosssdc_cmr,hinge,1.0,0.01,0.0033197267912328243,0.0,0.0,0.0,0.0,0.0,0.0,0.0,0.0,0.0,0.8519999980926514
0,176,adaptive_crosssdc_cmr,hinge,1.0,0.01,0.0037458224170323876,0.0,0.0,0.0,0.0,0.0,0.0,0.0,0.0,0.0,0.8500000238418579
0,177,adaptive_crosssdc_cmr,hinge,1.0,0.01,0.003184250323101878,0.0,0.0,0.0,0.0,0.0,0.0,0.0,0.0,0.0,0.8579999804496765
0,178,adaptive_crosssdc_cmr,hinge,1.0,0.01,0.00354165221667952,0.0,0.0,0.0,0.0,0.0,0.0,0.0,0.0,0.0,0.8579999804496765
0,179,adaptive_crosssdc_cmr,hinge,1.0,0.01,0.0034412954054358932,0.0,0.0,0.0,0.0,0.0,0.0,0.0,0.0,0.0,0.8579999804496765
0,180,adaptive_crosssdc_cmr,hinge,1.0,0.01,0.003793182705218593,0.0,0.0,0.0,0.0,0.0,0.0,0.0,0.0,0.0,0.8679999709129333
0,181,adaptive_crosssdc_cmr,hinge,1.0,0.01,0.003528937335229582,0.0,0.0,0.0,0.0,0.0,0.0,0.0,0.0,0.0,0.8659999966621399
0,182,adaptive_crosssdc_cmr,hinge,1.0,0.01,0.00325622101728287,0.0,0.0,0.0,0.0,0.0,0.0,0.0,0.0,0.0,0.8600000143051147
0,183,adaptive_crosssdc_cmr,hinge,1.0,0.01,0.0029126934758904907,0.0,0.0,0.0,0.0,0.0,0.0,0.0,0.0,0.0,0.8659999966621399
0,184,adaptive_crosssdc_cmr,hinge,1.0,0.01,0.002955757366079423,0.0,0.0,0.0,0.0,0.0,0.0,0.0,0.0,0.0,0.8579999804496765
0,185,adaptive_crosssdc_cmr,hinge,1.0,0.01,0.0030512529580543437,0.0,0.0,0.0,0.0,0.0,0.0,0.0,0.0,0.0,0.8600000143051147
0,186,adaptive_crosssdc_cmr,hinge,1.0,0.01,0.002831178070563409,0.0,0.0,0.0,0.0,0.0,0.0,0.0,0.0,0.0,0.8619999885559082
0,187,adaptive_crosssdc_cmr,hinge,1.0,0.01,0.002913075318146083,0.0,0.0,0.0,0.0,0.0,0.0,0.0,0.0,0.0,0.8539999723434448
0,188,adaptive_crosssdc_cmr,hinge,1.0,0.01,0.003087536845770147,0.0,0.0,0.0,0.0,0.0,0.0,0.0,0.0,0.0,0.8679999709129333
0,189,adaptive_crosssdc_cmr,hinge,1.0,0.01,0.0030634549912065268,0.0,0.0,0.0,0.0,0.0,0.0,0.0,0.0,0.0,0.8619999885559082
0,190,adaptive_crosssdc_cmr,hinge,1.0,0.01,0.003208223989026414,0.0,0.0,0.0,0.0,0.0,0.0,0.0,0.0,0.0,0.8579999804496765
0,191,adaptive_crosssdc_cmr,hinge,1.0,0.01,0.003181831342064672,0.0,0.0,0.0,0.0,0.0,0.0,0.0,0.0,0.0,0.8539999723434448
0,192,adaptive_crosssdc_cmr,hinge,1.0,0.01,0.003517442693312963,0.0,0.0,0.0,0.0,0.0,0.0,0.0,0.0,0.0,0.8539999723434448
0,193,adaptive_crosssdc_cmr,hinge,1.0,0.01,0.003274589181981153,0.0,0.0,0.0,0.0,0.0,0.0,0.0,0.0,0.0,0.8560000061988831
0,194,adaptive_crosssdc_cmr,hinge,1.0,0.01,0.003058609500941303,0.0,0.0,0.0,0.0,0.0,0.0,0.0,0.0,0.0,0.8579999804496765
0,195,adaptive_crosssdc_cmr,hinge,1.0,0.01,0.002932839509513643,0.0,0.0,0.0,0.0,0.0,0.0,0.0,0.0,0.0,0.8600000143051147
0,196,adaptive_crosssdc_cmr,hinge,1.0,0.01,0.0033520374757548175,0.0,0.0,0.0,0.0,0.0,0.0,0.0,0.0,0.0,0.8619999885559082
0,197,adaptive_crosssdc_cmr,hinge,1.0,0.01,0.003205610542661614,0.0,0.0,0.0,0.0,0.0,0.0,0.0,0.0,0.0,0.8659999966621399
0,198,adaptive_crosssdc_cmr,hinge,1.0,0.01,0.002814456251346403,0.0,0.0,0.0,0.0,0.0,0.0,0.0,0.0,0.0,0.8560000061988831
0,199,adaptive_crosssdc_cmr,hinge,1.0,0.01,0.0028361237038754756,0.0,0.0,0.0,0.0,0.0,0.0,0.0,0.0,0.0,0.8539999723434448
1,0,adaptive_crosssdc_cmr,hinge,1.0,0.01,3.327124489678277,4.465250174204509,4.385631985134548,1.3156895955403645,0.028895696418152914,0.0028895696418152917,0.4869791666666667,0.2725694444444444,0.04798252508044243,0.008918717503547668,0.4449999928474426
1,1,adaptive_crosssdc_cmr,hinge,1.0,0.01,2.759330987930298,4.394520918528239,4.3130997021993,1.29392991065979,0.031050133829315502,0.0031050133829315504,0.5390625,0.4201388888888889,0.045446551922294826,0.021889195673995547,0.515999972820282
1,2,adaptive_crosssdc_cmr,hinge,1.0,0.01,2.5743981202443442,4.348137749565972,4.274317317538792,1.2822951952616375,0.023099961794084974,0.0023099961794084975,0.4435763888888889,0.3645833333333333,0.029887551441788673,0.021135436164008245,0.5529999732971191
1,3,adaptive_crosssdc_cmr,hinge,1.0,0.01,2.4751274055904813,4.338346428341335,4.2644357151455345,1.2793307145436603,0.01339569605059094,0.001339569605059094,0.24479166666666666,0.2465277777777778,0.015055312671595149,0.015019098296761513,0.5619999766349792
1,4,adaptive_crosssdc_cmr,hinge,1.0,0.01,2.380361318588257,4.275476084815131,4.2042980723910865,1.2612894217173258,0.010531097495307526,0.0010531097495307526,0.1918402777777778,0.1736111111111111,0.010431408054298826,0.012871911749243736,0.5770000219345093
1,5,adaptive_crosssdc_cmr,hinge,1.0,0.01,2.331124438179864,4.264224105411106,4.207525094350179,1.2622575283050537,0.008210572207139598,0.0008210572207139598,0.14583333333333334,0.1501736111111111,0.007282627953423394,0.011419574005736245,0.5870000123977661
1,6,adaptive_crosssdc_cmr,hinge,1.0,0.01,2.264823145336575,4.2125600179036455,4.158133718702528,1.2474401156107584,0.006815388746973541,0.0006815388746973541,0.10677083333333333,0.12760416666666666,0.005541771236393187,0.010530961056550344,0.6060000061988831
1,7,adaptive_crosssdc_cmr,hinge,1.0,0.01,2.21901535987854,4.167694833543566,4.1240261395772295,1.237207841873169,0.004393495800387528,0.0004393495800387528,0.07725694444444445,0.09288194444444445,0.0038383077416155073,0.006500352174043655,0.6190000176429749
1,8,adaptive_crosssdc_cmr,hinge,1.0,0.01,2.186127397749159,4.158411979675293,4.123602867126465,1.2370808601379395,0.003552672828340696,0.0003552672828340696,0.06510416666666667,0.05295138888888889,0.004113314052422841,0.004048892814252112,0.6230000257492065
1,9,adaptive_crosssdc_cmr,hinge,1.0,0.01,2.1683606571621366,4.14214563369751,4.118309709760878,1.2354929129282632,0.004085031544996632,0.00040850315449966323,0.059895833333333336,0.059027777777777776,0.004145315951771206,0.0052145421504974365,0.6330000162124634
1,10,adaptive_crosssdc_cmr,hinge,1.0,0.01,2.125529686609904,4.09824275970459,4.071154435475667,1.2213463306427002,0.002905097492556605,0.0002905097492556605,0.052083333333333336,0.046875,0.0031714520106712976,0.003567584686809116,0.6380000114440918
1,11,adaptive_crosssdc_cmr,hinge,1.0,0.01,2.102600442038642,4.081536028120253,4.063474284278022,1.2190422852834064,0.002535422216169536,0.0002535422216169536,0.042534722222222224,0.036458333333333336,0.002202935309873687,0.003292994780672921,0.6430000066757202
1,12,adaptive_crosssdc_cmr,hinge,1.0,0.01,2.072497182422214,4.037278705173069,4.037955443064372,1.2113866329193115,0.00250709371175617,0.000250709371175617,0.050347222222222224,0.033854166666666664,0.0028699011438422734,0.0029245447367429733,0.6499999761581421
1,13,adaptive_crosssdc_cmr,hinge,1.0,0.01,2.05777907371521,4.01459625032213,4.030257966783312,1.2090773900349936,0.00175700283014319,0.000175700283014319,0.03732638888888889,0.019965277777777776,0.002308345710237821,0.0018588766041729185,0.6669999957084656
1,14,adaptive_crosssdc_cmr,hinge,1.0,0.01,2.0311867131127253,4.009898742039998,4.016015503141615,1.2048046509424843,0.0013934609725967878,0.0001393460972596788,0.03211805555555555,0.017361111111111112,0.0019587112797631156,0.0013509676274326113,0.6629999876022339
1,15,adaptive_crosssdc_cmr,hinge,1.0,0.01,2.0105015569263034,3.990263170666165,4.017239173253377,1.205171751976013,0.0012611446177793874,0.00012611446177793876,0.03211805555555555,0.011284722222222222,0.0018943045288324356,0.0011596584485636817,0.6629999876022339
1,16,adaptive_crosssdc_cmr,hinge,1.0,0.01,1.9965628782908122,3.994732697804769,4.009844038221571,1.2029532114664712,0.0010143960890774098,0.00010143960890774099,0.027777777777777776,0.008680555555555556,0.0016569188899464076,0.000795315123266644,0.6790000200271606
1,17,adaptive_crosssdc_cmr,hinge,1.0,0.01,1.976632449362013,3.9501076804267035,3.9759143458472357,1.1927743037541707,0.0003960801477660425,3.9608014776604254e-05,0.017361111111111112,0.0026041666666666665,0.0005819255279170142,0.0003208596673276689,0.6759999990463257
1,18,adaptive_crosssdc_cmr,hinge,1.0,0.01,1.951301309797499,3.93754776318868,3.9559527238210044,1.1867858171463013,0.000638455282670394,6.38455282670394e-05,0.018229166666666668,0.005208333333333333,0.0013349252856440013,0.00044419119755427044,0.6809999942779541
1,19,adaptive_crosssdc_cmr,hinge,1.0,0.01,1.9223133193122015,3.879710409376356,3.9081224070654974,1.1724367221196492,0.0003193607909553167,3.193607909553167e-05,0.016493055555555556,0.005208333333333333,0.0008392350541220771,0.00014960972799195183,0.6729999780654907
1,20,adaptive_crosssdc_cmr,hinge,1.0,0.01,1.919301536348131,3.907361242506239,3.9153341717190213,1.1746002515157064,0.00028385850201731146,2.8385850201731147e-05,0.013888888888888888,0.0,0.0007640220638778475,0.0,0.6930000185966492
1,21,adaptive_crosssdc_cmr,hinge,1.0,0.01,1.9115937815772162,3.9012766679128013,3.929450829823812,1.1788352489471436,0.0002274479134535391,2.274479134535391e-05,0.011284722222222222,0.0026041666666666665,0.0003998267153898875,0.0001420937478542328,0.6919999718666077
1,22,adaptive_crosssdc_cmr,hinge,1.0,0.01,1.8928016953998141,3.8491898112826877,3.8953260050879583,1.1685978015263874,0.00015916887806118515,1.5916887806118516e-05,0.0078125,0.004340277777777778,0.000396416833003362,0.0001606506605943044,0.6980000138282776
1,23,adaptive_crosssdc_cmr,hinge,1.0,0.01,1.8809553782145183,3.837501711315579,3.901719013849894,1.170515704154968,0.00012151034464598827,1.2151034464598828e-05,0.0078125,0.0,0.0002591018047597673,0.0,0.6980000138282776
1,24,adaptive_crosssdc_cmr,hinge,1.0,0.01,1.868749009238349,3.820609596040514,3.88525210486518,1.165575631459554,0.00047808163637657545,4.780816363765755e-05,0.013888888888888888,0.0026041666666666665,0.0009906103627549277,0.00010942667722702026,0.6930000185966492
1,25,adaptive_crosssdc_cmr,hinge,1.0,0.01,1.8498421510060628,3.8097934457990856,3.864614062839084,1.1593842188517252,0.00011880366946570575,1.1880366946570577e-05,0.006944444444444444,0.001736111111111111,0.00034300175805886585,4.9924684895409475e-05,0.6970000267028809
1,26,adaptive_crosssdc_cmr,hinge,1.0,0.01,1.8470856083763971,3.7912712891896567,3.862386279635959,1.1587158838907876,0.00016179617371866092,1.617961737186609e-05,0.009548611111111112,0.0,0.0004600592785411411,0.0,0.7049999833106995
1,27,adaptive_crosssdc_cmr,hinge,1.0,0.01,1.8333056502872043,3.788752105500963,3.8620623217688665,1.15861869653066,5.1958075346192345e-05,5.195807534619235e-06,0.006076388888888889,0.0,0.0001862336777978473,0.0,0.7099999785423279
1,28,adaptive_crosssdc_cmr,hinge,1.0,0.01,1.8202911880281236,3.7731352382236056,3.8543561829460993,1.1563068548838298,2.3859142755908477e-05,2.385914275590848e-06,0.004340277777777778,0.0,0.0001354898429579205,0.0,0.7129999995231628
1,29,adaptive_crosssdc_cmr,hinge,1.0,0.01,1.7908748653199937,3.689820263120863,3.797623289955987,1.139286986986796,5.9932281146757305e-06,5.993228114675731e-07,0.0008680555555555555,0.0,2.4188309907913208e-05,0.0,0.7089999914169312
1,30,adaptive_crosssdc_cmr,hinge,1.0,0.01,1.789620452457004,3.7265033986833362,3.8155220084720187,1.1446566025416056,2.3028429293642854e-05,2.3028429293642856e-06,0.001736111111111111,0.0,0.00011352904968791538,0.0,0.7310000061988831
1,31,adaptive_crosssdc_cmr,hinge,1.0,0.01,1.7835165394677057,3.695280287000868,3.7964961528778076,1.1389488458633423,9.659326234315004e-05,9.659326234315004e-06,0.0026041666666666665,0.0,0.00015018963151507906,0.0,0.7250000238418579
1,32,adaptive_crosssdc_cmr,hinge,1.0,0.01,1.777242104212443,3.699101448059082,3.8079552120632596,1.1423865636189778,6.784816696381313e-05,6.784816696381313e-06,0.0026041666666666665,0.0008680555555555555,0.0002832009146610896,9.27059186829461e-06,0.7110000252723694
1,33,adaptive_crosssdc_cmr,hinge,1.0,0.01,1.7659769588046603,3.668303198284573,3.8029236263699002,1.14087708791097,8.31704188991959e-05,8.31704188991959e-06,0.003472222222222222,0.0,0.00015672627422544692,0.0,0.7260000109672546
1,34,adaptive_crosssdc_cmr,hinge,1.0,0.01,1.7627683215671115,3.6637623574998646,3.796794785393609,1.1390384356180827,0.00012639714946595227,1.2639714946595228e-05,0.006076388888888889,0.0,0.0002561420616176393,0.0,0.7200000286102295
1,35,adaptive_crosssdc_cmr,hinge,1.0,0.01,1.7457119623819988,3.6403300762176514,3.776085615158081,1.1328256845474243,2.7065426466934798e-05,2.70654264669348e-06,0.001736111111111111,0.0,6.735904349221123e-05,0.0,0.7329999804496765
1,36,adaptive_crosssdc_cmr,hinge,1.0,0.01,1.73468021551768,3.6197347905900745,3.7670288615756564,1.130108658472697,0.0,0.0,0.0,0.0,1.9158340162701075e-05,0.0,0.7269999980926514
1,37,adaptive_crosssdc_cmr,hinge,1.0,0.01,1.740115589565701,3.641772058275011,3.792109966278076,1.1376329898834228,6.917034422965824e-05,6.917034422965824e-06,0.004340277777777778,0.0,0.00013992956115139855,0.0,0.7319999933242798
1,38,adaptive_crosssdc_cmr,hinge,1.0,0.01,1.7243687841627333,3.6343319680955677,3.7617799176110163,1.1285339752833048,7.890239506183307e-05,7.890239506183307e-06,0.004340277777777778,0.0,0.00016002895103560554,0.0,0.7490000128746033
1,39,adaptive_crosssdc_cmr,hinge,1.0,0.01,1.7096064620547824,3.605376376046075,3.733234405517578,1.1199703216552734,9.121031330828878e-05,9.121031330828878e-06,0.004340277777777778,0.0,0.0001740646031167772,0.0,0.7390000224113464
1,40,adaptive_crosssdc_cmr,hinge,1.0,0.01,1.7111939721637301,3.5894468095567493,3.75931896103753,1.127795688311259,0.00010359927344123005,1.0359927344123006e-05,0.005208333333333333,0.0,0.0002146203898721271,0.0,0.7310000061988831
1,41,adaptive_crosssdc_cmr,hinge,1.0,0.01,1.7177786694632635,3.6059900654686823,3.765228615866767,1.12956858476003,1.682307831490309e-05,1.6823078314903092e-06,0.0026041666666666665,0.0,5.9419828984472486e-05,0.0,0.7379999756813049
1,42,adaptive_crosssdc_cmr,hinge,1.0,0.01,1.7021625969145033,3.5873312420315213,3.7450655036502414,1.1235196510950725,2.6474826477674975e-05,2.6474826477674977e-06,0.001736111111111111,0.0,0.00010164765020211537,0.0,0.7429999709129333
1,43,adaptive_crosssdc_cmr,hinge,1.0,0.01,1.6914245155122545,3.5770480632781982,3.7334798441992865,1.120043953259786,4.0600219815840115e-05,4.0600219815840115e-06,0.003472222222222222,0.0,0.00011441980799039204,0.0,0.7540000081062317
1,44,adaptive_crosssdc_cmr,hinge,1.0,0.01,1.6608323521084256,3.5130279858907065,3.6816958321465387,1.1045087496439616,3.3039299725917066e-05,3.303929972591707e-06,0.0026041666666666665,0.0,7.048828734291924e-05,0.0,0.7300000190734863
1,45,adaptive_crosssdc_cmr,hinge,1.0,0.01,1.6758405499988132,3.5716248088412814,3.718563053343031,1.1155689160029092,9.989289618614648e-05,9.989289618614649e-06,0.003472222222222222,0.0,0.00017838780250814225,0.0,0.7429999709129333
1,46,adaptive_crosssdc_cmr,hinge,1.0,0.01,1.674975037574768,3.571491824256049,3.731577846739027,1.1194733540217081,1.9122476563400898e-05,1.91224765634009e-06,0.001736111111111111,0.0,6.350667940245735e-05,0.0,0.7480000257492065
1,47,adaptive_crosssdc_cmr,hinge,1.0,0.01,1.6531349685457017,3.5189632574717202,3.687411493725247,1.1062234481175741,0.0,0.0,0.0,0.0,1.1643601788414849e-06,0.0,0.746999979019165
1,48,adaptive_crosssdc_cmr,hinge,1.0,0.01,1.6560350391599867,3.537462684843275,3.7153689861297607,1.1146106958389281,6.426982306745938e-06,6.426982306745939e-07,0.001736111111111111,0.0,4.523413048850166e-05,0.0,0.7409999966621399
1,49,adaptive_crosssdc_cmr,hinge,1.0,0.01,1.6489936775631375,3.537838035159641,3.715822378794352,1.1147467136383056,1.921687281638798e-05,1.921687281638798e-06,0.001736111111111111,0.0,4.871934652328491e-05,0.0,0.7559999823570251
1,50,adaptive_crosssdc_cmr,hinge,1.0,0.01,1.629713045226203,3.48734802669949,3.675111002392239,1.1025333007176716,1.1440141558220299e-05,1.14401415582203e-06,0.0026041666666666665,0.0,5.493623514970144e-05,0.0,0.7440000176429749
1,51,adaptive_crosssdc_cmr,hinge,1.0,0.01,1.6308057573106554,3.4886901113722057,3.691927512486776,1.1075782537460328,4.51362988466523e-08,4.5136298846652306e-09,0.0008680555555555555,0.0,2.0899292495515612e-05,0.0,0.7509999871253967
1,52,adaptive_crosssdc_cmr,hinge,1.0,0.01,1.6234361992941961,3.5043189790513782,3.6696192158593073,1.100885764757792,5.12183376283954e-06,5.12183376283954e-07,0.001736111111111111,0.0,3.701634705066681e-05,0.0,0.7459999918937683
1,53,adaptive_crosssdc_cmr,hinge,1.0,0.01,1.609481241967943,3.463514698876275,3.6486449771457248,1.0945934931437173,1.4131036449624744e-06,1.4131036449624744e-07,0.001736111111111111,0.0,2.0142023762067158e-05,0.0,0.753000020980835
1,54,adaptive_crosssdc_cmr,hinge,1.0,0.01,1.6140871445337932,3.475119458304511,3.6694944169786243,1.1008483250935872,4.580145792311265e-06,4.580145792311265e-07,0.0008680555555555555,0.0,2.856138679716322e-05,0.0,0.753000020980835
1,55,adaptive_crosssdc_cmr,hinge,1.0,0.01,1.612365510728624,3.4808353318108454,3.664018710454305,1.0992056131362915,1.9494346512753207e-05,1.949434651275321e-06,0.0026041666666666665,0.0,6.213846306006114e-05,0.0,0.75
1,56,adaptive_crosssdc_cmr,hinge,1.0,0.01,1.6124781105253432,3.475564055972629,3.6753875414530435,1.102616262435913,9.94937727227807e-06,9.949377272278071e-07,0.0026041666666666665,0.0,4.412668446699778e-05,0.0,0.7540000081062317
1,57,adaptive_crosssdc_cmr,hinge,1.0,0.01,1.5983054372999403,3.455721802181668,3.659551673465305,1.0978655020395913,4.605568634967009e-05,4.605568634967009e-06,0.003472222222222222,0.0,0.00013124590946568383,0.0,0.75
1,58,adaptive_crosssdc_cmr,hinge,1.0,0.01,1.6081203487184312,3.461080206765069,3.678069379594591,1.1034208138783772,3.9323542195132985e-05,3.9323542195132985e-06,0.003472222222222222,0.0,0.00010768717361821068,0.0,0.746999979019165
1,59,adaptive_crosssdc_cmr,hinge,1.0,0.01,1.5934414863586426,3.4711819224887424,3.6716061962975397,1.1014818588892619,4.411359016861146e-05,4.4113590168611464e-06,0.003472222222222222,0.0,0.00011824899249606662,0.0,0.7590000033378601
1,60,adaptive_crosssdc_cmr,hinge,1.0,0.01,1.58467608027988,3.4611325793796115,3.6588794125450983,1.0976638237635294,2.2243987485934566e-05,2.2243987485934566e-06,0.003472222222222222,0.0,7.553998794820573e-05,0.0,0.7620000243186951
1,61,adaptive_crosssdc_cmr,hinge,1.0,0.01,1.5890364117092557,3.4611059029897056,3.67232354482015,1.101697063446045,6.603372276003938e-05,6.603372276003939e-06,0.003472222222222222,0.0,0.0001517604622575972,0.0,0.7630000114440918
1,62,adaptive_crosssdc_cmr,hinge,1.0,0.01,1.5754739973280165,3.40937868754069,3.632006194856432,1.0896018584569296,3.6666008074664405e-06,3.666600807466441e-07,0.0008680555555555555,0.0,2.6130220956272548e-05,0.0,0.7509999871253967
1,63,adaptive_crosssdc_cmr,hinge,1.0,0.01,1.5681103865305583,3.4155448277791343,3.6305390199025473,1.0891617059707641,0.0,0.0,0.0,0.0,2.4959444999694824e-06,0.0,0.765999972820282
1,64,adaptive_crosssdc_cmr,hinge,1.0,0.01,1.5786074532402887,3.438113292058309,3.6480422019958496,1.0944126605987547,5.7717841021561377e-05,5.771784102156138e-06,0.004340277777777778,0.0,0.0001398279435104794,0.0,0.7599999904632568
1,65,adaptive_crosssdc_cmr,hinge,1.0,0.01,1.5748229291703966,3.439576360914442,3.6486528714497886,1.0945958614349365,3.8527029068467935e-05,3.852702906846794e-06,0.003472222222222222,0.0,0.00010201790266566807,0.0,0.7429999709129333
1,66,adaptive_crosssdc_cmr,hinge,1.0,0.01,1.566188825501336,3.4176484743754068,3.6374089452955456,1.0912226835886636,3.887153030114455e-05,3.887153030114455e-06,0.0026041666666666665,0.0,9.819285737143623e-05,0.0,0.7549999952316284
1,67,adaptive_crosssdc_cmr,hinge,1.0,0.01,1.5657531023025513,3.4304334587521024,3.6484309567345514,1.0945292870203653,6.342832906132874e-05,6.342832906132874e-06,0.003472222222222222,0.0,0.00014758358399073282,0.0,0.7559999823570251
1,68,adaptive_crosssdc_cmr,hinge,1.0,0.01,1.5568206707636516,3.409704393810696,3.618565453423394,1.0855696360270182,7.32300434012561e-05,7.323004340125611e-06,0.006076388888888889,0.0,0.0001863990392949846,0.0,0.7549999952316284
1,69,adaptive_crosssdc_cmr,hinge,1.0,0.01,1.553506334622701,3.3987874719831677,3.6234685844845242,1.0870405753453571,0.0,0.0,0.0,0.0,0.0,0.0,0.7540000081062317
1,70,adaptive_crosssdc_cmr,hinge,1.0,0.01,1.5392487049102783,3.3864586618211536,3.606395165125529,1.0819185495376586,1.4737964294100595e-05,1.4737964294100595e-06,0.001736111111111111,0.0,5.176311565770043e-05,0.0,0.7609999775886536
1,71,adaptive_crosssdc_cmr,hinge,1.0,0.01,1.544340279367235,3.4088340865241156,3.635854403177897,1.090756320953369,5.350823792266763e-05,5.350823792266763e-06,0.0026041666666666665,0.0,0.0001213341537449095,0.0,0.7480000257492065
1,72,adaptive_crosssdc_cmr,hinge,1.0,0.01,1.5387542380226984,3.386448780695597,3.6071153481801352,1.0821346044540405,1.4734876458533108e-05,1.4734876458533109e-06,0.0008680555555555555,0.0,4.131139980422126e-05,0.0,0.7649999856948853
1,73,adaptive_crosssdc_cmr,hinge,1.0,0.01,1.5451933940251668,3.4086456298828125,3.6375537978278265,1.0912661393483478,6.853516323543672e-05,6.853516323543672e-06,0.003472222222222222,0.0,0.00015831200612915886,0.0,0.7670000195503235
1,74,adaptive_crosssdc_cmr,hinge,1.0,0.01,1.5372457106908162,3.39491777949863,3.623146798875597,1.086944039662679,0.0,0.0,0.0,0.0,7.64222608672248e-06,0.0,0.7699999809265137
1,75,adaptive_crosssdc_cmr,hinge,1.0,0.01,1.5397778617011175,3.4084907637702093,3.641378747092353,1.0924136241277058,5.145548331913435e-05,5.1455483319134355e-06,0.003472222222222222,0.0,0.00012202064196268718,0.0,0.7649999856948853
1,76,adaptive_crosssdc_cmr,hinge,1.0,0.01,1.5287517839007907,3.382177379396227,3.6124711831410727,1.0837413549423218,7.115506579995983e-06,7.115506579995983e-07,0.0008680555555555555,0.0,2.178384198082818e-05,0.0,0.7639999985694885
1,77,adaptive_crosssdc_cmr,hinge,1.0,0.01,1.5272117455800374,3.3840720653533936,3.6183078818851047,1.0854923645655314,1.7298578313784674e-05,1.7298578313784674e-06,0.003472222222222222,0.0,7.127101222674052e-05,0.0,0.7689999938011169
1,78,adaptive_crosssdc_cmr,hinge,1.0,0.01,1.5301863352457683,3.40296827422248,3.6287106937832303,1.088613208134969,8.41166862907509e-05,8.41166862907509e-06,0.003472222222222222,0.0,0.00018067740731769137,0.0,0.765999972820282
1,79,adaptive_crosssdc_cmr,hinge,1.0,0.01,1.5276018248664007,3.3835187223222523,3.6193091604444714,1.0857927481333414,7.150563700027608e-05,7.150563700027609e-06,0.004340277777777778,0.0,0.0001752999507718616,0.0,0.7459999918937683
1,80,adaptive_crosssdc_cmr,hinge,1.0,0.01,1.5253443055682712,3.366039064195421,3.6013596852620444,1.0804079055786133,4.866770319090897e-07,4.8667703190908975e-08,0.0008680555555555555,0.0,9.576065672768487e-06,0.0,0.7720000147819519
1,81,adaptive_crosssdc_cmr,hinge,1.0,0.01,1.5237392452028062,3.381126085917155,3.6119410196940103,1.083582305908203,2.874292274807683e-05,2.8742922748076835e-06,0.001736111111111111,0.0,7.909908890724182e-05,0.0,0.7739999890327454
1,82,adaptive_crosssdc_cmr,hinge,1.0,0.01,1.5112640725241766,3.3564155101776123,3.587393283843994,1.076217985153198,7.28412507871528e-05,7.284125078715281e-06,0.003472222222222222,0.0,0.0001693022333913379,0.0,0.7559999823570251
1,83,adaptive_crosssdc_cmr,hinge,1.0,0.01,1.5134841203689575,3.370025740729438,3.6013377242618136,1.080401317278544,0.0,0.0,0.0,0.0,0.0,0.0,0.7730000019073486
1,84,adaptive_crosssdc_cmr,hinge,1.0,0.01,1.506832202275594,3.37589348687066,3.601099385155572,1.0803298155466716,2.7388318105497296e-05,2.73883181054973e-06,0.003472222222222222,0.0,8.876497546831767e-05,0.0,0.7699999809265137
1,85,adaptive_crosssdc_cmr,hinge,1.0,0.01,1.5088394350475736,3.3672009574042425,3.6021607451968722,1.0806482235590615,0.0,0.0,0.0,0.0,0.0,0.0,0.7749999761581421
1,86,adaptive_crosssdc_cmr,hinge,1.0,0.01,1.4940879609849718,3.355095704396566,3.587418874104818,1.0762256622314452,2.2671980938563745e-05,2.2671980938563747e-06,0.001736111111111111,0.0,6.435438990592957e-05,0.0,0.7620000243186951
1,87,adaptive_crosssdc_cmr,hinge,1.0,0.01,1.4871272378497653,3.3560270998213024,3.578061925040351,1.0734185775121052,2.9573092029345895e-05,2.9573092029345897e-06,0.0026041666666666665,0.0,7.798357142342461e-05,0.0,0.7710000276565552
1,88,adaptive_crosssdc_cmr,hinge,1.0,0.01,1.4888010025024414,3.349281655417548,3.587862147225274,1.076358644167582,1.1889259541122657e-05,1.1889259541122658e-06,0.001736111111111111,0.0,4.3120235204696655e-05,0.0,0.7730000019073486
1,89,adaptive_crosssdc_cmr,hinge,1.0,0.01,1.485897633764479,3.3502486017015247,3.566423363155789,1.0699270089467365,8.294463441416156e-06,8.294463441416156e-07,0.003472222222222222,0.0,4.910863935947418e-05,0.0,0.777999997138977
1,90,adaptive_crosssdc_cmr,hinge,1.0,0.01,1.4838552739885118,3.3491629229651556,3.5741520987616644,1.0722456296284992,0.0,0.0,0.0,0.0,0.0,0.0,0.7689999938011169
1,91,adaptive_crosssdc_cmr,hinge,1.0,0.01,1.4875403377744887,3.3518082830641003,3.5736785729726157,1.0721035718917846,0.0,0.0,0.0,0.0,0.0,0.0,0.7670000195503235
1,92,adaptive_crosssdc_cmr,hinge,1.0,0.01,1.4959492815865412,3.356744474834866,3.59299808078342,1.077899424235026,9.986287962722902e-05,9.986287962722903e-06,0.004340277777777778,0.0,0.00022029856012927162,0.0,0.7749999761581421
1,93,adaptive_crosssdc_cmr,hinge,1.0,0.01,1.4953534603118896,3.3710313902960882,3.6130568981170654,1.0839170694351197,4.3192325392737985e-05,4.319232539273799e-06,0.003472222222222222,0.0,0.00011474473608864678,0.0,0.7699999809265137
1,94,adaptive_crosssdc_cmr,hinge,1.0,0.01,1.4809429910447862,3.3529394467671714,3.58792871899075,1.0763786156972248,5.340225298924553e-05,5.340225298924553e-06,0.004340277777777778,0.0,0.0001415709654490153,0.0,0.7730000019073486
1,95,adaptive_crosssdc_cmr,hinge,1.0,0.01,1.4835522837109036,3.353263881471422,3.5982279777526855,1.0794683933258056,2.8330849292817424e-05,2.8330849292817425e-06,0.0026041666666666665,0.0,7.659569382667542e-05,0.0,0.7799999713897705
1,96,adaptive_crosssdc_cmr,hinge,1.0,0.01,1.4735299613740709,3.3572775522867837,3.5806579060024686,1.0741973718007405,5.62756331324484e-05,5.62756331324484e-06,0.003472222222222222,0.0,0.00013485695752832625,0.0,0.7680000066757202
1,97,adaptive_crosssdc_cmr,hinge,1.0,0.01,1.4744649860594008,3.3534901671939426,3.58659119076199,1.0759773572285969,1.568015634095193e-05,1.568015634095193e-06,0.001736111111111111,0.0,4.9506210618548925e-05,0.0,0.7649999856948853
1,98,adaptive_crosssdc_cmr,hinge,1.0,0.01,1.4630017148123846,3.3253290918138294,3.5644529395633273,1.0693358818689982,2.6890871393132125e-05,2.6890871393132127e-06,0.001736111111111111,0.0,8.015520870685577e-05,0.0,0.7699999809265137
1,99,adaptive_crosssdc_cmr,hinge,1.0,0.01,1.476143134964837,3.3588787979549832,3.5864547888437905,1.0759364366531372,2.2491097398516205e-05,2.2491097398516205e-06,0.0026041666666666665,0.0,6.611645221710205e-05,0.0,0.7689999938011169
1,100,adaptive_crosssdc_cmr,hinge,1.0,0.01,1.482039663526747,3.3676315413581,3.6007669501834445,1.0802300850550333,3.75690708299064e-05,3.7569070829906402e-06,0.0026041666666666665,0.0,9.540923767619663e-05,0.0,0.777999997138977
1,101,adaptive_crosssdc_cmr,hinge,1.0,0.01,1.4713594781027899,3.3540422121683755,3.5930290487077503,1.077908714612325,2.666725544663172e-05,2.6667255446631723e-06,0.0026041666666666665,0.0,8.083279762003157e-05,0.0,0.781000018119812
1,102,adaptive_crosssdc_cmr,hinge,1.0,0.01,1.4613737397723727,3.3288457128736706,3.5656476815541587,1.0696943044662475,1.7419649035825085e-05,1.7419649035825086e-06,0.001736111111111111,0.0,4.8850145604875353e-05,0.0,0.7639999985694885
1,103,adaptive_crosssdc_cmr,hinge,1.0,0.01,1.4760897954305012,3.3554362720913358,3.5853831503126354,1.0756149450937906,2.8696301241224217e-05,2.8696301241224217e-06,0.0026041666666666665,0.0,8.085763288868798e-05,0.0,0.7649999856948853
1,104,adaptive_crosssdc_cmr,hinge,1.0,0.01,1.4764795038435194,3.3479946984185114,3.5825317170884876,1.0747595151265463,2.3083420880235888e-05,2.308342088023589e-06,0.004340277777777778,0.0,9.342055353853438e-05,0.0,0.7710000276565552
1,105,adaptive_crosssdc_cmr,hinge,1.0,0.01,1.4624924262364705,3.349258025487264,3.5695027775234647,1.0708508332570394,4.584126003869137e-05,4.584126003869137e-06,0.0026041666666666665,0.0,0.00010696281161573198,0.0,0.7649999856948853
1,106,adaptive_crosssdc_cmr,hinge,1.0,0.01,1.456783692042033,3.325862937503391,3.56203203731113,1.068609611193339,4.850308525621788e-05,4.850308525621788e-06,0.003472222222222222,0.0,0.00012086890637874603,0.0,0.7739999890327454
1,107,adaptive_crosssdc_cmr,hinge,1.0,0.01,1.4610873990588717,3.3501514858669705,3.5831588639153376,1.0749476591746012,4.827073199622747e-05,4.827073199622748e-06,0.0026041666666666665,0.0,0.00011602996124161614,0.0,0.7720000147819519
1,108,adaptive_crosssdc_cmr,hinge,1.0,0.01,1.4605327447255452,3.3227543036142984,3.5520862208472357,1.0656258662541707,2.7037157754724223e-05,2.7037157754724227e-06,0.0008680555555555555,0.0,6.216309136814541e-05,0.0,0.777999997138977
1,109,adaptive_crosssdc_cmr,hinge,1.0,0.01,1.4597564803229437,3.326466586854723,3.558705462349786,1.0676116387049357,0.0,0.0,0.0,0.0,0.0,0.0,0.7680000066757202
1,110,adaptive_crosssdc_cmr,hinge,1.0,0.01,1.4560423427157931,3.3181823094685874,3.556661261452569,1.0669983784357706,5.760488824711905e-06,5.760488824711906e-07,0.0008680555555555555,0.0,1.92158752017551e-05,0.0,0.7689999938011169
1,111,adaptive_crosssdc_cmr,hinge,1.0,0.01,1.4568345016903348,3.3306161562601724,3.5635867648654513,1.0690760294596353,2.0061833816321774e-05,2.0061833816321777e-06,0.001736111111111111,0.0,5.544722080230713e-05,0.0,0.7749999761581421
1,112,adaptive_crosssdc_cmr,hinge,1.0,0.01,1.452286468611823,3.327510568830702,3.562204811308119,1.0686614433924355,5.649562505520104e-06,5.649562505520104e-07,0.0026041666666666665,0.0,4.46091095606486e-05,0.0,0.7760000228881836
1,113,adaptive_crosssdc_cmr,hinge,1.0,0.01,1.4708762566248577,3.3448785146077475,3.596752511130439,1.0790257533391316,8.422960915292303e-05,8.422960915292303e-06,0.0026041666666666665,0.0,0.00018646361099349128,0.0,0.765999972820282
1,114,adaptive_crosssdc_cmr,hinge,1.0,0.01,1.4440186818440754,3.3208129670884876,3.5540582603878446,1.0662174781163534,8.543755231787347e-06,8.543755231787347e-07,0.001736111111111111,0.0,4.4767020477188955e-05,0.0,0.7710000276565552
1,115,adaptive_crosssdc_cmr,hinge,1.0,0.01,1.4531873067220051,3.332127571105957,3.569435093137953,1.070830527941386,4.717745468951762e-06,4.717745468951762e-07,0.0008680555555555555,0.0,1.7670707570181952e-05,0.0,0.7770000100135803
1,116,adaptive_crosssdc_cmr,hinge,1.0,0.01,1.4426777627733018,3.31811253229777,3.5550371011098227,1.0665111303329469,3.902556070695735e-06,3.902556070695735e-07,0.0008680555555555555,0.0,2.7642067935731677e-05,0.0,0.7710000276565552
1,117,adaptive_crosssdc_cmr,hinge,1.0,0.01,1.4425893094804552,3.316154877344767,3.5528775321112738,1.0658632596333821,2.6136967790080234e-06,2.6136967790080234e-07,0.0008680555555555555,0.0,1.8212530348036024e-05,0.0,0.7799999713897705
1,118,adaptive_crosssdc_cmr,hinge,1.0,0.01,1.4378031227323744,3.31263444158766,3.551170825958252,1.0653512477874756,1.711850846833032e-05,1.7118508468330322e-06,0.0026041666666666665,0.0,5.708076059818268e-05,0.0,0.7789999842643738
1,119,adaptive_crosssdc_cmr,hinge,1.0,0.01,1.448832843038771,3.3158116075727673,3.5534962283240423,1.0660488684972127,0.0,0.0,0.0,0.0,0.0,0.0,0.7649999856948853
1,120,adaptive_crosssdc_cmr,hinge,1.0,0.01,1.4571482340494792,3.3320777681138782,3.580323722627428,1.0740971167882283,3.7033314583823085e-06,3.703331458382309e-07,0.0008680555555555555,0.0,1.535067955652873e-05,0.0,0.7730000019073486
1,121,adaptive_crosssdc_cmr,hinge,1.0,0.01,1.4426810211605496,3.3084999720255532,3.55547743373447,1.066643230120341,5.3569753718976346e-05,5.356975371897635e-06,0.004340277777777778,0.0,0.00014676878021823036,0.0,0.7760000228881836
1,122,adaptive_crosssdc_cmr,hinge,1.0,0.01,1.4416081772910223,3.3202212386661105,3.568821907043457,1.0706465721130372,1.570753293991503e-05,1.570753293991503e-06,0.0008680555555555555,0.0,4.0379249387317235e-05,0.0,0.7829999923706055
1,123,adaptive_crosssdc_cmr,hinge,1.0,0.01,1.4496857590145535,3.331931326124403,3.5771193504333496,1.0731358051300048,4.120102352721409e-06,4.1201023527214094e-07,0.0008680555555555555,0.0,1.8829272853003607e-05,0.0,0.7820000052452087
1,124,adaptive_crosssdc_cmr,hinge,1.0,0.01,1.441526214281718,3.329663382636176,3.5658507876925998,1.0697552363077798,5.3418727475218475e-05,5.341872747521848e-06,0.003472222222222222,0.0,0.00014927362402280173,0.0,0.7850000262260437
1,125,adaptive_crosssdc_cmr,hinge,1.0,0.01,1.4278772936926947,3.2922381030188665,3.5328873528374567,1.059866205851237,6.16948600509204e-05,6.16948600509204e-06,0.0026041666666666665,0.0,0.00014868440727392832,0.0,0.7789999842643738
1,126,adaptive_crosssdc_cmr,hinge,1.0,0.01,1.4413258102205064,3.316204309463501,3.564154121610853,1.069246236483256,2.098775399240872e-05,2.0987753992408724e-06,0.003472222222222222,0.0,7.490937908490498e-05,0.0,0.7789999842643738
1,127,adaptive_crosssdc_cmr,hinge,1.0,0.01,1.4414434830347698,3.316267172495524,3.5502157741122775,1.0650647322336833,5.291106531836299e-05,5.2911065318362995e-06,0.0026041666666666665,0.0,0.00012011474205387963,0.0,0.7649999856948853
1,128,adaptive_crosssdc_cmr,hinge,1.0,0.01,1.438945213953654,3.3315003712972007,3.565377871195475,1.0696133613586425,5.85304674637478e-05,5.85304674637478e-06,0.004340277777777778,0.0,0.00015275201035870446,0.0,0.7829999923706055
1,129,adaptive_crosssdc_cmr,hinge,1.0,0.01,1.4410396416982014,3.3159384727478027,3.554099851184421,1.0662299553553263,3.0480448104855088e-05,3.048044810485509e-06,0.001736111111111111,0.0,8.461251854896545e-05,0.0,0.7689999938011169
1,130,adaptive_crosssdc_cmr,hinge,1.0,0.01,1.4284806781344943,3.3020421663920083,3.5438787937164307,1.0631636381149292,5.077330529780334e-05,5.077330529780334e-06,0.003472222222222222,0.0,0.00012514015866650475,0.0,0.777999997138977
1,131,adaptive_crosssdc_cmr,hinge,1.0,0.01,1.4226846562491522,3.3122507996029324,3.547119564480252,1.0641358693440754,1.3189266206205099e-05,1.3189266206205099e-06,0.0026041666666666665,0.0,4.934043520026737e-05,0.0,0.7789999842643738
1,132,adaptive_crosssdc_cmr,hinge,1.0,0.01,1.4282394647598267,3.320174800025092,3.550551414489746,1.0651654243469237,1.4885457251997044e-05,1.4885457251997045e-06,0.001736111111111111,0.0,5.1949587133195666e-05,0.0,0.7799999713897705
1,133,adaptive_crosssdc_cmr,hinge,1.0,0.01,1.4175995190938313,3.3000448279910617,3.5374707910749645,1.0612412373224893,0.0,0.0,0.0,0.0,0.0,0.0,0.7799999713897705
1,134,adaptive_crosssdc_cmr,hinge,1.0,0.01,1.4186469978756375,3.3226603402031794,3.548182725906372,1.0644548177719115,2.0061611495394674e-05,2.0061611495394676e-06,0.001736111111111111,0.0,5.3726550605562e-05,0.0,0.7749999761581421
1,135,adaptive_crosssdc_cmr,hinge,1.0,0.01,1.4224423832363553,3.303639041052924,3.545823653539022,1.0637470960617066,2.5158238612574576e-05,2.515823861257458e-06,0.0026041666666666665,0.0,7.530488073825836e-05,0.0,0.7710000276565552
1,136,adaptive_crosssdc_cmr,hinge,1.0,0.01,1.427245299021403,3.3140765031178794,3.549671014149984,1.064901304244995,1.743033256692191e-06,1.743033256692191e-07,0.0008680555555555555,0.0,2.183309859699673e-05,0.0,0.781000018119812
1,137,adaptive_crosssdc_cmr,hinge,1.0,0.01,1.4263505803214178,3.3053954707251654,3.5407768885294595,1.0622330665588378,0.0,0.0,0.0,0.0,1.7430219385359023e-06,0.0,0.7710000276565552
1,138,adaptive_crosssdc_cmr,hinge,1.0,0.01,1.4211438629362318,3.294296900431315,3.5426653491126165,1.0627996047337849,4.348209283004204e-05,4.348209283004205e-06,0.001736111111111111,0.0,9.528092212147183e-05,0.0,0.7839999794960022
1,139,adaptive_crosssdc_cmr,hinge,1.0,0.01,1.4217846393585205,3.2801620165506997,3.5282236999935574,1.0584671099980671,0.0,0.0,0.0,0.0,0.0,0.0,0.7789999842643738
1,140,adaptive_crosssdc_cmr,hinge,1.0,0.01,1.4203788174523249,3.3180596033732095,3.55550487836202,1.066651463508606,1.0505189291305012e-05,1.0505189291305012e-06,0.0008680555555555555,0.0,3.4698181682162816e-05,0.0,0.7770000100135803
1,141,adaptive_crosssdc_cmr,hinge,1.0,0.01,1.40403147538503,3.297007772657606,3.512188090218438,1.0536564270655313,1.1407970608464288e-05,1.1407970608464289e-06,0.001736111111111111,0.0,4.583141869968838e-05,0.0,0.7760000228881836
1,142,adaptive_crosssdc_cmr,hinge,1.0,0.01,1.4137309392293294,3.2911896440717907,3.5424672497643366,1.0627401749293008,0.0,0.0,0.0,0.0,8.666266997655233e-06,0.0,0.7730000019073486
1,143,adaptive_crosssdc_cmr,hinge,1.0,0.01,1.414541694853041,3.2986203564537897,3.5431878566741943,1.0629563570022582,2.6069853144387405e-05,2.6069853144387407e-06,0.0026041666666666665,0.0,7.756965027915107e-05,0.0,0.7829999923706055
1,144,adaptive_crosssdc_cmr,hinge,1.0,0.01,1.4248171250025432,3.3057201438479953,3.551730102962918,1.0655190308888753,1.970207651740768e-05,1.970207651740768e-06,0.0026041666666666665,0.0,6.207782361242507e-05,0.0,0.7829999923706055
1,145,adaptive_crosssdc_cmr,hinge,1.0,0.01,1.4036120706134372,3.271018770005968,3.512348175048828,1.0537044525146484,2.7067420887760818e-05,2.706742088776082e-06,0.001736111111111111,0.0,8.199839956230587e-05,0.0,0.7799999713897705
1,146,adaptive_crosssdc_cmr,hinge,1.0,0.01,1.41252777311537,3.2921547889709473,3.52783121003045,1.058349363009135,3.080407946577502e-05,3.0804079465775024e-06,0.0026041666666666665,0.0,8.524395525455475e-05,0.0,0.7680000066757202
1,147,adaptive_crosssdc_cmr,hinge,1.0,0.01,1.4315148989359539,3.3061908615960016,3.549180375205146,1.0647541125615436,6.472996998733531e-05,6.472996998733531e-06,0.001736111111111111,0.0,0.00014397398465209536,0.0,0.7720000147819519
1,148,adaptive_crosssdc_cmr,hinge,1.0,0.01,1.4144624869028728,3.2867878013186984,3.524405744340685,1.0573217233022054,2.096095057721767e-05,2.0960950577217673e-06,0.0026041666666666665,0.0,6.283178097671932e-05,0.0,0.7799999713897705
1,149,adaptive_crosssdc_cmr,hinge,1.0,0.01,1.4151691993077595,3.2780994839138455,3.5101972156100802,1.053059164683024,0.0,0.0,0.0,0.0,0.0,0.0,0.7760000228881836
1,150,adaptive_crosssdc_cmr,hinge,1.0,0.01,1.422389308611552,3.3034977118174234,3.5487936867607965,1.0646381060282388,3.431930074131944e-05,3.4319300741319446e-06,0.0026041666666666665,0.0,0.00010425783693790436,0.0,0.7770000100135803
1,151,adaptive_crosssdc_cmr,hinge,1.0,0.01,1.4226510657204523,3.2954936027526855,3.5312621858384876,1.0593786557515463,3.845877977760715e-05,3.845877977760715e-06,0.0026041666666666665,0.0,9.695709579520755e-05,0.0,0.7680000066757202
1,152,adaptive_crosssdc_cmr,hinge,1.0,0.01,1.428924798965454,3.306200530793932,3.544100840886434,1.0632302522659303,1.930238472090827e-05,1.9302384720908273e-06,0.001736111111111111,0.0,5.276252826054891e-05,0.0,0.7739999890327454
1,153,adaptive_crosssdc_cmr,hinge,1.0,0.01,1.4099890391031902,3.3021219041612415,3.535582701365153,1.0606748104095458,2.1234256968859376e-05,2.1234256968859375e-06,0.001736111111111111,0.0,5.8710575103759766e-05,0.0,0.7799999713897705
1,154,adaptive_crosssdc_cmr,hinge,1.0,0.01,1.4154212209913466,3.3025937610202365,3.538587305280897,1.0615761915842692,8.431902339604372e-06,8.431902339604373e-07,0.001736111111111111,0.0,4.54477137989468e-05,0.0,0.7760000228881836
1,155,adaptive_crosssdc_cmr,hinge,1.0,0.01,1.4146454201804266,3.294234275817871,3.535084433025784,1.060525329907735,1.5731838680545075e-05,1.5731838680545076e-06,0.001736111111111111,0.0,4.5455992221832275e-05,0.0,0.7829999923706055
1,156,adaptive_crosssdc_cmr,hinge,1.0,0.01,1.415712594985962,3.2959188090430365,3.5368762811024985,1.0610628843307495,2.85247154655129e-05,2.8524715465512903e-06,0.0026041666666666665,0.0,8.403861688243019e-05,0.0,0.781000018119812
1,157,adaptive_crosssdc_cmr,hinge,1.0,0.01,1.415757868025038,3.3129020267062717,3.539647022883097,1.061894106864929,3.258050532571765e-05,3.258050532571765e-06,0.0026041666666666665,0.0,8.337054815557267e-05,0.0,0.7749999761581421
1,158,adaptive_crosssdc_cmr,hinge,1.0,0.01,1.4101935889985826,3.287763516108195,3.5323679712083607,1.059710391362508,4.65012388101766e-08,4.650123881017661e-09,0.0008680555555555555,0.0,1.7082525624169244e-05,0.0,0.7770000100135803
1,159,adaptive_crosssdc_cmr,hinge,1.0,0.01,1.4222912788391113,3.312589830822415,3.548490868674384,1.0645472606023152,4.896850118206607e-05,4.896850118206608e-06,0.0026041666666666665,0.0,0.00011554505262109969,0.0,0.7670000195503235
1,160,adaptive_crosssdc_cmr,hinge,1.0,0.01,1.4146582285563152,3.3071686691708035,3.537044048309326,1.0611132144927977,1.5580245720533032e-05,1.5580245720533033e-06,0.0008680555555555555,0.0,4.41115763452318e-05,0.0,0.777999997138977
1,161,adaptive_crosssdc_cmr,hinge,1.0,0.01,1.4179641670650907,3.303232749303182,3.5389481120639377,1.0616844336191813,2.142158741157295e-05,2.142158741157295e-06,0.001736111111111111,0.0,5.748164322641161e-05,0.0,0.7760000228881836
1,162,adaptive_crosssdc_cmr,hinge,1.0,0.01,1.417802545759413,3.3036745919121637,3.546076085832384,1.063822825749715,0.0,0.0,0.0,0.0,5.646298329035441e-06,0.0,0.7730000019073486
1,163,adaptive_crosssdc_cmr,hinge,1.0,0.01,1.4177742136849298,3.302232371436225,3.546606911553277,1.063982073465983,2.7158723646102266e-05,2.715872364610227e-06,0.001736111111111111,0.0,7.960241701867845e-05,0.0,0.7689999938011169
1,164,adaptive_crosssdc_cmr,hinge,1.0,0.01,1.4162937667634752,3.3017225530412464,3.542999611960517,1.0628998835881551,5.5974669521674514e-05,5.597466952167451e-06,0.003472222222222222,0.0,0.00014225000308619605,0.0,0.781000018119812
1,165,adaptive_crosssdc_cmr,hinge,1.0,0.01,1.4392555289798312,3.30257076687283,3.543282243940565,1.0629846731821695,7.677034348792706e-05,7.677034348792707e-06,0.004340277777777778,0.0,0.00018326565623283386,0.0,0.7760000228881836
1,166,adaptive_crosssdc_cmr,hinge,1.0,0.01,1.4381290806664362,3.3243544896443686,3.5537693235609265,1.0661307970682778,4.0393548260908574e-05,4.039354826090858e-06,0.0026041666666666665,0.0,0.0001058367391427358,0.0,0.7710000276565552
1,167,adaptive_crosssdc_cmr,hinge,1.0,0.01,1.4131066136889987,3.297489325205485,3.523405260509915,1.0570215781529744,2.5960398488678038e-05,2.596039848867804e-06,0.0008680555555555555,0.0,5.587024821175469e-05,0.0,0.7739999890327454
1,168,adaptive_crosssdc_cmr,hinge,1.0,0.01,1.4122009542253282,3.2958949936760797,3.5347643428378634,1.060429302851359,2.681120127413629e-05,2.681120127413629e-06,0.001736111111111111,0.0,7.451139390468597e-05,0.0,0.7739999890327454
1,169,adaptive_crosssdc_cmr,hinge,1.0,0.01,1.3912354972627428,3.2746287981669107,3.5013053152296276,1.0503915945688882,0.0,0.0,0.0,0.0,5.4360263877444795e-06,0.0,0.7829999923706055
1,170,adaptive_crosssdc_cmr,hinge,1.0,0.01,1.4017446835835774,3.28629650010003,3.529775513543023,1.058932654062907,4.402617923915386e-05,4.402617923915387e-06,0.0026041666666666665,0.0,0.0001081853277153439,0.0,0.781000018119812
1,171,adaptive_crosssdc_cmr,hinge,1.0,0.01,1.3955145412021213,3.276755279964871,3.5194290479024253,1.0558287143707275,4.9494544024734445e-05,4.949454402473445e-06,0.003472222222222222,0.0,0.0001301746815443039,0.0,0.7770000100135803
1,172,adaptive_crosssdc_cmr,hinge,1.0,0.01,1.394318699836731,3.2894005510542126,3.510445144441393,1.0531335433324178,4.6497353347755656e-05,4.649735334775566e-06,0.004340277777777778,0.0,0.0001323572877380583,0.0,0.7749999761581421
1,173,adaptive_crosssdc_cmr,hinge,1.0,0.01,1.3922245105107625,3.279760864045885,3.529151863522,1.0587455590566,3.686893938316239e-05,3.686893938316239e-06,0.0026041666666666665,0.0,9.10208457046085e-05,0.0,0.7860000133514404
1,174,adaptive_crosssdc_cmr,hinge,1.0,0.01,1.394718395339118,3.2847736411624484,3.5174788104163275,1.0552436431248982,8.795662627865871e-06,8.795662627865872e-07,0.0008680555555555555,0.0,2.4432937304178875e-05,0.0,0.7760000228881836
1,175,adaptive_crosssdc_cmr,hinge,1.0,0.01,1.3992911444769964,3.3049129645029702,3.535883453157213,1.0607650359471639,2.24881352753275e-05,2.24881352753275e-06,0.001736111111111111,0.0,6.297313504748874e-05,0.0,0.7820000052452087
1,176,adaptive_crosssdc_cmr,hinge,1.0,0.01,1.3929181098937988,3.288961966832479,3.5197364754147,1.05592094262441,3.890313463570136e-06,3.8903134635701364e-07,0.0008680555555555555,0.0,1.781061291694641e-05,0.0,0.7839999794960022
1,177,adaptive_crosssdc_cmr,hinge,1.0,0.01,1.3941954374313354,3.281796375910441,3.5206193129221597,1.056185793876648,5.415387022367213e-05,5.415387022367213e-06,0.0026041666666666665,0.0,0.00012150158484776814,0.0,0.7710000276565552
1,178,adaptive_crosssdc_cmr,hinge,1.0,0.01,1.3831861681408353,3.2665768729315863,3.5028455522325306,1.0508536656697591,5.0882679513759085e-06,5.088267951375909e-07,0.0008680555555555555,0.0,2.940350936518775e-05,0.0,0.777999997138977
1,179,adaptive_crosssdc_cmr,hinge,1.0,0.01,1.3860382239023845,3.2610009246402316,3.5111016697353787,1.0533305009206135,0.0,0.0,0.0,0.0,0.0,0.0,0.7789999842643738
1,180,adaptive_crosssdc_cmr,hinge,1.0,0.01,1.418505801094903,3.311022228664822,3.5444607734680176,1.0633382320404052,0.0,0.0,0.0,0.0,0.0,0.0,0.7929999828338623
1,181,adaptive_crosssdc_cmr,hinge,1.0,0.01,1.4572717878553603,3.3399141099717884,3.570721705754598,1.0712165117263794,0.0,0.0,0.0,0.0,6.626463598675198e-06,0.0,0.7829999923706055
1,182,adaptive_crosssdc_cmr,hinge,1.0,0.01,1.4290057950549655,3.3166173034244113,3.545038011338976,1.0635114034016928,0.0,0.0,0.0,0.0,5.490663978788588e-07,0.0,0.777999997138977
1,183,adaptive_crosssdc_cmr,hinge,1.0,0.01,1.4178721374935574,3.321295976638794,3.5422800381978354,1.0626840114593505,2.2040271536146367e-05,2.204027153614637e-06,0.0026041666666666665,0.0,7.258645362324185e-05,0.0,0.7680000066757202
1,184,adaptive_crosssdc_cmr,hinge,1.0,0.01,1.4004549847708807,3.278697517183092,3.5249136288960776,1.0574740886688232,5.01931102310967e-06,5.01931102310967e-07,0.001736111111111111,0.0,3.867596387863159e-05,0.0,0.777999997138977
1,185,adaptive_crosssdc_cmr,hinge,1.0,0.01,1.4004011551539104,3.2830550405714245,3.5177895228068032,1.055336856842041,1.927191301042007e-05,1.927191301042007e-06,0.0008680555555555555,0.0,4.312437441613939e-05,0.0,0.7760000228881836
1,186,adaptive_crosssdc_cmr,hinge,1.0,0.01,1.396682275666131,3.265054119957818,3.518708440992567,1.05561253229777,0.0,0.0,0.0,0.0,5.424022674560547e-06,0.0,0.7820000052452087
1,187,adaptive_crosssdc_cmr,hinge,1.0,0.01,1.3903392685784235,3.2706801891326904,3.5102571646372476,1.0530771493911741,0.0,0.0,0.0,0.0,0.0,0.0,0.777999997138977
1,188,adaptive_crosssdc_cmr,hinge,1.0,0.01,1.397130913204617,3.286476082272,3.531806468963623,1.059541940689087,1.6449441318400204e-05,1.6449441318400206e-06,0.001736111111111111,0.0,4.7235232260492114e-05,0.0,0.7900000214576721
1,189,adaptive_crosssdc_cmr,hinge,1.0,0.01,1.3781106736924913,3.2635388904147677,3.503302150302463,1.050990645090739,1.409340378207465e-05,1.4093403782074652e-06,0.0008680555555555555,0.0,3.8826424214575025e-05,0.0,0.777999997138977
1,190,adaptive_crosssdc_cmr,hinge,1.0,0.01,1.376980463663737,3.264537360933092,3.4989343219333224,1.0496802965799967,1.1290116263909214e-05,1.1290116263909215e-06,0.001736111111111111,0.0,4.147717522250282e-05,0.0,0.7710000276565552
1,191,adaptive_crosssdc_cmr,hinge,1.0,0.01,1.401297132174174,3.290415392981635,3.5325107044643826,1.0597532113393147,2.9861409631040362e-05,2.9861409631040365e-06,0.0008680555555555555,0.0,7.351756923728519e-05,0.0,0.7829999923706055
1,192,adaptive_crosssdc_cmr,hinge,1.0,0.01,1.3852640125486586,3.2628367212083607,3.4905702537960477,1.0471710761388142,5.882515122518978e-06,5.882515122518979e-07,0.0008680555555555555,0.0,2.4098489019605848e-05,0.0,0.7699999809265137
1,193,adaptive_crosssdc_cmr,hinge,1.0,0.01,1.4218848678800795,3.293685648176405,3.5306663513183594,1.0591999053955077,8.893949699187134e-07,8.893949699187135e-08,0.0008680555555555555,0.0,1.060134834713406e-05,0.0,0.7789999842643738
1,194,adaptive_crosssdc_cmr,hinge,1.0,0.01,1.4259634282853868,3.3083243899875217,3.535756323072645,1.0607268969217936,6.594530067458335e-05,6.5945300674583355e-06,0.0026041666666666665,0.0,0.00014948720733324686,0.0,0.765999972820282
1,195,adaptive_crosssdc_cmr,hinge,1.0,0.01,1.4021823273764715,3.2792889542049832,3.506642129686144,1.0519926389058432,1.3167091310606338e-06,1.316709131060634e-07,0.0008680555555555555,0.0,1.094904210832384e-05,0.0,0.7799999713897705
1,196,adaptive_crosssdc_cmr,hinge,1.0,0.01,1.3976675536897447,3.297365559471978,3.5266355673472085,1.0579906702041626,7.372228073007945e-05,7.372228073007945e-06,0.0026041666666666665,0.0,0.0001547777404387792,0.0,0.7850000262260437
1,197,adaptive_crosssdc_cmr,hinge,1.0,0.01,1.3909075789981418,3.283231364356147,3.522704601287842,1.0568113803863526,4.424605625293528e-06,4.424605625293528e-07,0.0008680555555555555,0.0,1.6724069913228352e-05,0.0,0.7749999761581421
1,198,adaptive_crosssdc_cmr,hinge,1.0,0.01,1.3906746175554063,3.292424652311537,3.515593502256605,1.0546780506769815,4.512510632695113e-05,4.512510632695113e-06,0.0026041666666666665,0.0,0.00011853915121820237,0.0,0.7799999713897705
1,199,adaptive_crosssdc_cmr,hinge,1.0,0.01,1.38768736521403,3.2818886174096003,3.5163812902238636,1.0549143870671591,4.683013604436484e-05,4.683013604436484e-06,0.001736111111111111,0.0,0.00010572539435492622,0.0,0.7720000147819519
2,0,adaptive_crosssdc_cmr,hinge,1.0,0.01,3.323056115044488,1.0534475180837843,2.838786151674059,0.8516358455022176,0.5933389200104607,0.05933389200104608,0.8654513888888888,0.7473958333333334,0.881628778245714,0.2932366795010037,0.5073333382606506
2,1,adaptive_crosssdc_cmr,hinge,1.0,0.01,2.517468319998847,1.070238471031189,2.738885482152303,0.8216656446456909,0.4961394899421268,0.04961394899421268,0.984375,0.6840277777777778,0.8100418779585097,0.18139119611846077,0.5580000281333923
2,2,adaptive_crosssdc_cmr,hinge,1.0,0.01,2.16674452357822,1.0317438046137493,2.6639181772867837,0.7991754531860351,0.3849950366550022,0.03849950366550022,0.9626736111111112,0.6840277777777778,0.6091709666781955,0.16092064479986826,0.5733333230018616
2,3,adaptive_crosssdc_cmr,hinge,1.0,0.01,1.963517189025879,0.994832714398702,2.6067468325297036,0.782024049758911,0.32192379898495144,0.032192379898495146,0.9565972222222222,0.6024305555555556,0.5119636721081204,0.13240423632992637,0.5879999995231628
2,4,adaptive_crosssdc_cmr,hinge,1.0,0.01,1.836657272444831,1.009922915034824,2.5763472186194525,0.7729041655858357,0.2669858005311754,0.026698580053117538,0.9288194444444444,0.5251736111111112,0.4322373370329539,0.10416318807337019,0.5973333120346069
2,5,adaptive_crosssdc_cmr,hinge,1.0,0.01,1.74782043033176,1.0094542039765253,2.568550454245673,0.7705651362737019,0.24533176918824515,0.024533176918824517,0.9227430555555556,0.5052083333333334,0.404268076022466,0.08941280924611622,0.6133333444595337
2,6,adaptive_crosssdc_cmr,hinge,1.0,0.01,1.6667339536878798,0.986288825670878,2.5169488853878446,0.7550846656163533,0.20849057535330454,0.020849057535330454,0.8706597222222222,0.4288194444444444,0.3474013176229265,0.07257289811968803,0.6273333430290222
2,7,adaptive_crosssdc_cmr,hinge,1.0,0.01,1.630488846037123,1.0441658629311457,2.547987381617228,0.7643962144851684,0.1945527129703098,0.01945527129703098,0.8732638888888888,0.4149305555555556,0.3245241906907823,0.06720118928286764,0.6353333592414856
2,8,adaptive_crosssdc_cmr,hinge,1.0,0.01,1.5657938851250544,1.0054199894269307,2.4956041177113852,0.7486812353134156,0.1717238740788566,0.01717238740788566,0.8446180555555556,0.3828125,0.2909108102321625,0.05463274692495664,0.6426666378974915
2,9,adaptive_crosssdc_cmr,hinge,1.0,0.01,1.541315171453688,1.0291683276494343,2.5006757047441273,0.7502027114232381,0.1517433375120163,0.01517433375120163,0.8081597222222222,0.3159722222222222,0.26448414391941494,0.04135889228847292,0.6566666960716248
2,10,adaptive_crosssdc_cmr,hinge,1.0,0.01,1.514539851082696,1.0365457269880507,2.516583548651801,0.7549750645955403,0.13921641061703363,0.013921641061703363,0.7864583333333334,0.3012152777777778,0.24387682808770073,0.03857993707060814,0.6653333306312561
2,11,adaptive_crosssdc_cmr,hinge,1.0,0.01,1.4671272039413452,1.0204576783710055,2.479539632797241,0.7438618898391723,0.1356851930419604,0.01356851930419604,0.7743055555555556,0.2847222222222222,0.24018847280078465,0.03427798466549979,0.6713333129882812
2,12,adaptive_crosssdc_cmr,hinge,1.0,0.01,1.4263358381059434,1.060719609260559,2.440870894326104,0.7322612682978312,0.12470029791196187,0.012470029791196187,0.7413194444444444,0.23350694444444445,0.2266948421796163,0.026632093720965914,0.6853333115577698
2,13,adaptive_crosssdc_cmr,hinge,1.0,0.01,1.4232828749550714,1.0442590845955744,2.4747514724731445,0.7424254417419434,0.10132710387309392,0.010132710387309393,0.7213541666666666,0.19444444444444445,0.18982622689670986,0.017152549905909434,0.687333345413208
2,14,adaptive_crosssdc_cmr,hinge,1.0,0.01,1.4013891087638006,1.037863426738315,2.44628643989563,0.7338859319686889,0.10872154351737764,0.010872154351737766,0.6796875,0.19618055555555555,0.20000670850276947,0.020107394291294947,0.6953333616256714
2,15,adaptive_crosssdc_cmr,hinge,1.0,0.01,1.389595839712355,1.08273356490665,2.4617063204447427,0.7385118961334228,0.10753135217560662,0.010753135217560663,0.7022569444444444,0.1953125,0.199332927664121,0.019431126200490527,0.6946666836738586
2,16,adaptive_crosssdc_cmr,hinge,1.0,0.01,1.3621598879496257,1.0738547113206651,2.428004927105374,0.7284014781316122,0.09022760474019581,0.009022760474019582,0.6171875,0.1579861111111111,0.1682529929611418,0.015319883409473632,0.7013333439826965
2,17,adaptive_crosssdc_cmr,hinge,1.0,0.01,1.3435239394505818,1.0723579592174954,2.4195529884762235,0.725865896542867,0.09175322784317864,0.009175322784317866,0.6215277777777778,0.1753472222222222,0.1698705272542106,0.01652034165130721,0.7080000042915344
2,18,adaptive_crosssdc_cmr,hinge,1.0,0.01,1.3298775090111628,1.0871654484007094,2.418568664126926,0.7255705992380778,0.08253943423430125,0.008253943423430126,0.6067708333333334,0.140625,0.1568534274895986,0.011518355045053694,0.7080000042915344
2,19,adaptive_crosssdc_cmr,hinge,1.0,0.01,1.3120446734958224,1.0882971551683214,2.409289518992106,0.7227868556976318,0.0716713596549299,0.007167135965492991,0.5607638888888888,0.13802083333333334,0.13504649036460453,0.011488652891582914,0.7120000123977661
2,20,adaptive_crosssdc_cmr,hinge,1.0,0.01,1.2926889260609944,1.0889612436294556,2.382848103841146,0.7148544311523438,0.07242987884415521,0.007242987884415521,0.5772569444444444,0.11284722222222222,0.13904224832852682,0.009224244289928012,0.718666672706604
2,21,adaptive_crosssdc_cmr,hinge,1.0,0.01,1.2856674326790705,1.1024193101459079,2.388460397720337,0.716538119316101,0.06400548045833905,0.006400548045833905,0.5442708333333334,0.1154513888888889,0.12251273873779508,0.009386407832304636,0.7160000205039978
2,22,adaptive_crosssdc_cmr,hinge,1.0,0.01,1.2816162904103596,1.1063440375857883,2.413218524720934,0.7239655574162801,0.06780790206458834,0.0067807902064588345,0.5434027777777778,0.12065972222222222,0.13046642310089535,0.008701208151049085,0.7193333506584167
2,23,adaptive_crosssdc_cmr,hinge,1.0,0.01,1.2623227304882474,1.105081942346361,2.389673286014133,0.7169019858042399,0.05979515777693854,0.005979515777693855,0.5112847222222222,0.11805555555555555,0.11523968229691188,0.007811422563261456,0.7253333330154419
2,24,adaptive_crosssdc_cmr,hinge,1.0,0.01,1.2445303334130182,1.1475057072109647,2.3815965122646756,0.7144789536794026,0.056211569243007235,0.005621156924300724,0.5060763888888888,0.09809027777777778,0.11121205902761883,0.005107709931002723,0.7279999852180481
2,25,adaptive_crosssdc_cmr,hinge,1.0,0.01,1.2383582989374797,1.1249195734659831,2.383703099356757,0.7151109298070272,0.04981105816033152,0.004981105816033152,0.4878472222222222,0.07899305555555555,0.09848645743396547,0.004805638972255919,0.7293333411216736
2,26,adaptive_crosssdc_cmr,hinge,1.0,0.01,1.2357838286293878,1.153403679529826,2.373489009009467,0.7120467027028401,0.05438652551836438,0.005438652551836438,0.4696180555555556,0.09375,0.10599912951389949,0.0060444362461566925,0.734000027179718
2,27,adaptive_crosssdc_cmr,hinge,1.0,0.01,1.2123855749766033,1.1258854071299236,2.3631038665771484,0.7089311599731445,0.04458060612281164,0.004458060612281164,0.4305555555555556,0.0642361111111111,0.08865003453360663,0.003924426519208484,0.7353333234786987
2,28,adaptive_crosssdc_cmr,hinge,1.0,0.01,1.213171614540948,1.1414390405019124,2.3717421690622964,0.7115226507186889,0.042973675247695714,0.004297367524769571,0.4175347222222222,0.07465277777777778,0.08533356090386708,0.0034279305901792315,0.734666645526886
2,29,adaptive_crosssdc_cmr,hinge,1.0,0.01,1.1894108719295926,1.1415774292416043,2.3358039326137967,0.700741179784139,0.04467120725247595,0.004467120725247595,0.4244791666666667,0.07465277777777778,0.08877728217177921,0.0034403358068731097,0.7413333058357239
2,30,adaptive_crosssdc_cmr,hinge,1.0,0.01,1.1900597016016643,1.1691247357262506,2.3522881666819253,0.7056864500045775,0.03973864412142171,0.003973864412142171,0.3854166666666667,0.06597222222222222,0.07940042225850953,0.0034237326019340092,0.7386666536331177
2,31,adaptive_crosssdc_cmr,hinge,1.0,0.01,1.1786351601282756,1.1426450146569147,2.3316416475507946,0.6994924942652384,0.04095913883712557,0.004095913883712557,0.3975694444444444,0.06510416666666667,0.08131733785072963,0.0034074621895949044,0.7446666955947876
2,32,adaptive_crosssdc_cmr,hinge,1.0,0.01,1.1726043621699016,1.185669183731079,2.3423389063941107,0.7027016719182332,0.035781815441118345,0.0035781815441118347,0.3758680555555556,0.04774305555555555,0.07175430614087316,0.002537960393561257,0.7440000176429749
2,33,adaptive_crosssdc_cmr,hinge,1.0,0.01,1.1618657774395413,1.1615456740061443,2.3290268580118814,0.6987080574035643,0.03440692793163988,0.003440692793163988,0.3628472222222222,0.059027777777777776,0.06827323428458637,0.003248147252533171,0.7440000176429749
2,34,adaptive_crosssdc_cmr,hinge,1.0,0.01,1.1489116085900202,1.1552176740434434,2.3107170263926187,0.6932151079177856,0.0348552411629094,0.0034855241162909407,0.3585069444444444,0.046875,0.0696691299478213,0.002430661271015803,0.7473333477973938
2,35,adaptive_crosssdc_cmr,hinge,1.0,0.01,1.155189832051595,1.1982647975285847,2.335524876912435,0.7006574630737304,0.03648533754878574,0.003648533754878574,0.3567708333333333,0.050347222222222224,0.07306858814424938,0.0027435363994704354,0.7440000176429749
2,36,adaptive_crosssdc_cmr,hinge,1.0,0.01,1.1482786734898884,1.2012888722949557,2.3334830866919622,0.7000449260075886,0.02999947178694937,0.002999947178694937,0.3307291666666667,0.03819444444444445,0.06170346587896347,0.0014620638555950588,0.7473333477973938
2,37,adaptive_crosssdc_cmr,hinge,1.0,0.01,1.1302257776260376,1.1761893298890855,2.2986666361490884,0.6895999908447265,0.03242338407370779,0.003242338407370779,0.3420138888888889,0.04513888888888889,0.06519862885276477,0.0020602813197506797,0.7486666440963745
2,38,adaptive_crosssdc_cmr,hinge,1.0,0.01,1.132110767894321,1.1998100015852187,2.3244295914967856,0.6973288774490357,0.027931400885184605,0.0027931400885184607,0.3255208333333333,0.042534722222222224,0.05632409950097402,0.0022643527223004233,0.7473333477973938
2,39,adaptive_crosssdc_cmr,hinge,1.0,0.01,1.1161807775497437,1.1993591520521376,2.2815563678741455,0.6844669103622436,0.027447351358003087,0.002744735135800309,0.3038194444444444,0.04513888888888889,0.055281122111611895,0.0023891027602884504,0.753333330154419
2,40,adaptive_crosssdc_cmr,hinge,1.0,0.01,1.1201313866509333,1.2234307659996881,2.306163602405124,0.6918490807215373,0.027563478383753035,0.0027563478383753038,0.3107638888888889,0.04774305555555555,0.05494035532077154,0.002808923108710183,0.7513333559036255
2,41,adaptive_crosssdc_cmr,hinge,1.0,0.01,1.1156914763980441,1.2299522426393297,2.303008132510715,0.6909024397532145,0.026549829377068415,0.0026549829377068416,0.3107638888888889,0.043402777777777776,0.05312117810050646,0.0024299431178304884,0.7540000081062317
2,42,adaptive_crosssdc_cmr,hinge,1.0,0.01,1.104426622390747,1.2295553949144151,2.2891270054711237,0.6867381016413371,0.023610645284255345,0.0023610645284255346,0.2873263888888889,0.0390625,0.04710422166519695,0.002499552236662971,0.7586666941642761
2,43,adaptive_crosssdc_cmr,hinge,1.0,0.01,1.1008022493786283,1.2255380948384602,2.2918470435672336,0.68755411307017,0.02559244053231345,0.002559244053231345,0.3064236111111111,0.03732638888888889,0.05195553104082743,0.0018831677734851837,0.7586666941642761
2,44,adaptive_crosssdc_cmr,hinge,1.0,0.01,1.0961106088426378,1.2391150924894545,2.2833041879865856,0.6849912563959757,0.025725608691573143,0.0025725608691573145,0.2786458333333333,0.030381944444444444,0.05201406652728716,0.0011444422933790418,0.7526666522026062
2,45,adaptive_crosssdc_cmr,hinge,1.0,0.01,1.0963483651479085,1.2363146146138508,2.287323474884033,0.68619704246521,0.025440646335482597,0.00254406463354826,0.2916666666666667,0.03125,0.05179881677031517,0.0011121237443553077,0.7573333382606506
2,46,adaptive_crosssdc_cmr,hinge,1.0,0.01,1.0952958001030817,1.255905098385281,2.289494858847724,0.6868484576543171,0.020371713158157136,0.002037171315815714,0.2569444444444444,0.034722222222222224,0.04157875726620356,0.0016152593824598524,0.7586666941642761
2,47,adaptive_crosssdc_cmr,hinge,1.0,0.01,1.0917513370513916,1.2548942565917969,2.3020006550682917,0.6906001965204874,0.021643625158402655,0.0021643625158402654,0.2690972222222222,0.033854166666666664,0.04457809983028306,0.001333234624730216,0.762666642665863
2,48,adaptive_crosssdc_cmr,hinge,1.0,0.01,1.0791260533862643,1.2759832408693101,2.2904764811197915,0.6871429443359375,0.022160605630940862,0.0022160605630940863,0.2717013888888889,0.020833333333333332,0.04561268496844503,0.0010239378445678288,0.7620000243186951
2,49,adaptive_crosssdc_cmr,hinge,1.0,0.01,1.0703856017854478,1.250180893474155,2.2696789370642767,0.680903681119283,0.019248724604646366,0.0019248724604646367,0.2578125,0.026041666666666668,0.039535059283177056,0.0012890688247150844,0.7566666603088379
2,50,adaptive_crosssdc_cmr,hinge,1.0,0.01,1.0677205721537273,1.2739299138387044,2.27230077319675,0.681690231959025,0.02045959337717957,0.0020459593377179573,0.2508680555555556,0.028645833333333332,0.04196952117813958,0.0014154517816172706,0.7580000162124634
2,51,adaptive_crosssdc_cmr,hinge,1.0,0.01,1.0628710455364652,1.2790912522210016,2.260732889175415,0.6782198667526245,0.017884229206376605,0.0017884229206376605,0.24131944444444445,0.0234375,0.03654838353395462,0.0009618066251277924,0.7613333463668823
2,52,adaptive_crosssdc_cmr,hinge,1.0,0.01,1.0523328251308866,1.272252294752333,2.2395823001861572,0.6718746900558471,0.017972670702470675,0.0017972670702470677,0.24739583333333334,0.03125,0.0370628506773048,0.0013720405598481495,0.7566666603088379
2,53,adaptive_crosssdc_cmr,hinge,1.0,0.01,1.0589907699161105,1.2958821720547147,2.2625887393951416,0.6787766218185425,0.016656201539768115,0.0016656201539768116,0.22916666666666666,0.020833333333333332,0.03440056244532267,0.0008144242068131765,0.765333354473114
2,54,adaptive_crosssdc_cmr,hinge,1.0,0.01,1.0565549267662897,1.294748928811815,2.264026085535685,0.6792078256607055,0.01772693803326951,0.001772693803326951,0.2404513888888889,0.014756944444444444,0.03696598567896419,0.00044292501277393766,0.7599999904632568
2,55,adaptive_crosssdc_cmr,hinge,1.0,0.01,1.0440885623296101,1.2885373565885756,2.2398043738471136,0.6719413121541341,0.01816112610201041,0.001816112610201041,0.2326388888888889,0.024305555555555556,0.03697071679764324,0.001288922710551156,0.7633333206176758
2,56,adaptive_crosssdc_cmr,hinge,1.0,0.01,1.0350581937366061,1.2944297658072577,2.2303572495778403,0.669107174873352,0.015608580265608098,0.00156085802656081,0.2144097222222222,0.025173611111111112,0.03205878701474932,0.0009885914623737335,0.762666642665863
2,57,adaptive_crosssdc_cmr,hinge,1.0,0.01,1.0423575904634264,1.3213232358296711,2.246991369459364,0.6740974108378092,0.013805651726822058,0.0013805651726822058,0.21354166666666666,0.021701388888888888,0.028393079837163288,0.001219957239098019,0.765333354473114
2,58,adaptive_crosssdc_cmr,hinge,1.0,0.01,1.0304471519258287,1.3159734672970242,2.2303116056654186,0.6690934816996256,0.014648198150098324,0.0014648198150098324,0.21354166666666666,0.017361111111111112,0.03101812716987398,0.0005637270708878835,0.7680000066757202
2,59,adaptive_crosssdc_cmr,hinge,1.0,0.01,1.0304554303487141,1.3193091948827107,2.2407707373301187,0.6722312211990356,0.013691668398678303,0.0013691668398678304,0.2126736111111111,0.017361111111111112,0.02875907967487971,0.0007153575619061788,0.7633333206176758
2,60,adaptive_crosssdc_cmr,hinge,1.0,0.01,1.0357309844758775,1.337742977672153,2.255092329449124,0.6765276988347372,0.011655235714796517,0.0011655235714796517,0.20225694444444445,0.026909722222222224,0.0244049947294924,0.0009456032680140601,0.7706666588783264
2,61,adaptive_crosssdc_cmr,hinge,1.0,0.01,1.0209659735361736,1.3231789271036785,2.2275909582773843,0.6682772874832152,0.012573013909988932,0.0012573013909988934,0.1970486111111111,0.0234375,0.026061958736843534,0.001146022230386734,0.7680000066757202
2,62,adaptive_crosssdc_cmr,hinge,1.0,0.01,1.0227137009302776,1.331673993004693,2.2419765260484485,0.6725929578145345,0.012901671799934573,0.0012901671799934575,0.18836805555555555,0.014756944444444444,0.026641313814454608,0.0006601057118839688,0.7680000066757202
2,63,adaptive_crosssdc_cmr,hinge,1.0,0.01,1.0262870126300387,1.3509589301215277,2.24954891204834,0.674864673614502,0.0129367731925514,0.0012936773192551401,0.1831597222222222,0.027777777777777776,0.02619332778784964,0.0010344824857181972,0.7693333625793457
2,64,adaptive_crosssdc_cmr,hinge,1.0,0.01,1.0302001900143094,1.366117583380805,2.261777718861898,0.6785333156585693,0.011881045324520932,0.0011881045324520934,0.1892361111111111,0.019097222222222224,0.024738847381538816,0.0007674892743428549,0.7693333625793457
2,65,adaptive_crosssdc_cmr,hinge,1.0,0.01,1.009635117318895,1.348531617058648,2.2254348860846624,0.6676304658253988,0.013921329544650184,0.0013921329544650184,0.21875,0.015625,0.02935018266240756,0.0006560894350210825,0.7673333287239075
2,66,adaptive_crosssdc_cmr,hinge,1.0,0.01,1.0236734019385443,1.3820305135515,2.256483316421509,0.6769449949264527,0.011661610255638758,0.0011661610255638759,0.18229166666666666,0.021701388888888888,0.02411311947637134,0.0010462461246384515,0.7713333368301392
2,67,adaptive_crosssdc_cmr,hinge,1.0,0.01,1.0145015120506287,1.3617517683241103,2.241605626212226,0.6724816878636678,0.011713799399634203,0.0011713799399634204,0.19618055555555555,0.015625,0.024732462647888396,0.0004767916268772549,0.7713333368301392
2,68,adaptive_crosssdc_cmr,hinge,1.0,0.01,1.0068488717079163,1.374493228064643,2.2233541541629367,0.6670062462488809,0.011460118564880557,0.0011460118564880558,0.17881944444444445,0.018229166666666668,0.024244414849413767,0.0005294800632529788,0.7666666507720947
2,69,adaptive_crosssdc_cmr,hinge,1.0,0.01,1.0090949071778192,1.3746109935972426,2.2237687375810413,0.6671306212743123,0.011579802363283105,0.0011579802363283105,0.1935763888888889,0.018229166666666668,0.024224587612681918,0.0007284974886311425,0.7666666507720947
2,70,adaptive_crosssdc_cmr,hinge,1.0,0.01,1.0059005618095398,1.382236851586236,2.216955025990804,0.6650865077972412,0.01189096447908216,0.001189096447908216,0.17881944444444445,0.019965277777777776,0.024574089381429885,0.0010183975100517273,0.7673333287239075
2,71,adaptive_crosssdc_cmr,hinge,1.0,0.01,1.0020642081896465,1.3970253335105047,2.2195325162675648,0.6658597548802694,0.010761076791418923,0.0010761076791418924,0.18489583333333334,0.013888888888888888,0.022698112659984164,0.0004894969364007314,0.7699999809265137
2,72,adaptive_crosssdc_cmr,hinge,1.0,0.01,1.0018188291125827,1.3975005017386541,2.2174215846591525,0.6652264753977457,0.010654008429911401,0.0010654008429911402,0.19444444444444445,0.012152777777777778,0.022861633449792862,0.0005283570951885647,0.7680000066757202
2,73,adaptive_crosssdc_cmr,hinge,1.0,0.01,0.997125870651669,1.397816366619534,2.2176518705156116,0.6652955611546835,0.011260856408625841,0.0011260856408625841,0.1831597222222222,0.014756944444444444,0.0238935649394989,0.0004149207638369666,0.7693333625793457
2,74,adaptive_crosssdc_cmr,hinge,1.0,0.01,0.9902836018138461,1.4008860720528498,2.2092328601413302,0.6627698580423991,0.009501041585786475,0.0009501041585786475,0.1675347222222222,0.015625,0.02001988763610522,0.0006549706061681112,0.768666684627533
2,75,adaptive_crosssdc_cmr,hinge,1.0,0.01,0.9862380888726976,1.3938649892807007,2.2031143771277533,0.660934313138326,0.009940623823139403,0.0009940623823139403,0.1640625,0.010416666666666666,0.020994568450583354,0.0004175682034757402,0.7673333287239075
2,76,adaptive_crosssdc_cmr,hinge,1.0,0.01,0.9810973604520162,1.3921546936035156,2.194203164842394,0.6582609494527182,0.010230218060314655,0.0010230218060314656,0.15538194444444445,0.018229166666666668,0.021064675102631252,0.0008084877497620053,0.765999972820282
2,77,adaptive_crosssdc_cmr,hinge,1.0,0.01,0.9785582423210144,1.398245374361674,2.1871246496836343,0.6561373949050903,0.01024330360814929,0.001024330360814929,0.16927083333333334,0.018229166666666668,0.02166321501135826,0.000580484668413798,0.7726666927337646
2,78,adaptive_crosssdc_cmr,hinge,1.0,0.01,0.9845881462097168,1.4055671559439764,2.2012471887800427,0.6603741566340128,0.009122867188933823,0.0009122867188933823,0.15885416666666666,0.018229166666666668,0.019307050853967667,0.0007806921170817481,0.7693333625793457
2,79,adaptive_crosssdc_cmr,hinge,1.0,0.01,0.9765399363305833,1.3998887009090848,2.1916496488783093,0.6574948946634928,0.009816152302341329,0.000981615230234133,0.17100694444444445,0.014756944444444444,0.02071245304412312,0.000714064058330324,0.7706666588783264
2,80,adaptive_crosssdc_cmr,hinge,1.0,0.01,0.9725343055195279,1.417230765024821,2.188062058554755,0.6564186175664265,0.008361754990700219,0.0008361754990700219,0.1519097222222222,0.013020833333333334,0.017663411796092987,0.00047082785103056167,0.7720000147819519
2,81,adaptive_crosssdc_cmr,hinge,1.0,0.01,0.9769781231880188,1.4339916043811374,2.201771709654066,0.6605315128962198,0.00879922452279263,0.0008799224522792631,0.1467013888888889,0.011284722222222222,0.018541254103183746,0.000397981454928716,0.768666684627533
2,82,adaptive_crosssdc_cmr,hinge,1.0,0.01,0.9712882571750217,1.4222200976477728,2.189278523127238,0.6567835569381714,0.008326024437944094,0.0008326024437944094,0.1657986111111111,0.016493055555555556,0.01736548874113295,0.000772433148490058,0.7713333368301392
2,83,adaptive_crosssdc_cmr,hinge,1.0,0.01,0.9714858267042372,1.4194908142089844,2.184381034639147,0.655314310391744,0.008696024047417773,0.0008696024047417773,0.1501736111111111,0.011284722222222222,0.018329191125101514,0.0004608552489015791,0.7666666507720947
2,84,adaptive_crosssdc_cmr,hinge,1.0,0.01,0.9748931858274672,1.4414047002792358,2.196866432825724,0.6590599298477172,0.0079213400474853,0.00079213400474853,0.1345486111111111,0.014756944444444444,0.016378615465429094,0.0007260375552707248,0.7693333625793457
2,85,adaptive_crosssdc_cmr,hinge,1.0,0.01,0.9716827538278368,1.4421270026101007,2.1973036660088434,0.659191099802653,0.008136406799571382,0.0008136406799571383,0.1545138888888889,0.019965277777777776,0.017124736060698826,0.0005849873026212057,0.768666684627533
2,86,adaptive_crosssdc_cmr,hinge,1.0,0.01,0.9715165230962965,1.4492084582646687,2.197982284757826,0.6593946854273477,0.006264170166105032,0.0006264170166105032,0.1310763888888889,0.013888888888888888,0.013471235831578573,0.0005143669744332632,0.7680000066757202
2,87,adaptive_crosssdc_cmr,hinge,1.0,0.01,0.97571818696128,1.4733708964453802,2.209192434946696,0.6627577304840088,0.0058531030598613955,0.0005853103059861395,0.1362847222222222,0.008680555555555556,0.012948763039377,0.00040087766117519804,0.7666666507720947
2,88,adaptive_crosssdc_cmr,hinge,1.0,0.01,0.9692657523685031,1.4590428802702162,2.1837443510691323,0.6551233053207397,0.008799154673599534,0.0008799154673599535,0.1501736111111111,0.011284722222222222,0.018747896369960573,0.00048199337389734056,0.7699999809265137
2,89,adaptive_crosssdc_cmr,hinge,1.0,0.01,0.9650619228680929,1.4543417692184448,2.189450396431817,0.656835118929545,0.007305781408730481,0.0007305781408730481,0.1371527777777778,0.012152777777777778,0.01565730944275856,0.00041830332742797,0.768666684627533
2,90,adaptive_crosssdc_cmr,hinge,1.0,0.01,0.9654027885860867,1.4509133497873943,2.1839578681521945,0.6551873604456583,0.006533751108994086,0.0006533751108994087,0.13020833333333334,0.013020833333333334,0.014001256061924828,0.000583205372095108,0.768666684627533
2,91,adaptive_crosssdc_cmr,hinge,1.0,0.01,0.9573008285628425,1.4611070818371243,2.1742621527777777,0.6522786458333333,0.007338091265410185,0.0007338091265410185,0.13802083333333334,0.012152777777777778,0.015324607491493225,0.0005735622511969672,0.768666684627533
2,92,adaptive_crosssdc_cmr,hinge,1.0,0.01,0.964855326546563,1.464053405655755,2.182087712817722,0.6546263138453166,0.00868646971260508,0.000868646971260508,0.1501736111111111,0.006944444444444444,0.01825073113044103,0.0003171033329433865,0.7680000066757202
2,93,adaptive_crosssdc_cmr,hinge,1.0,0.01,0.9808885852495829,1.4931324985292223,2.209959798389011,0.6629879395167032,0.00867679151188996,0.0008676791511889961,0.1579861111111111,0.011284722222222222,0.018178679049015045,0.0005617534948719873,0.765333354473114
2,94,adaptive_crosssdc_cmr,hinge,1.0,0.01,0.9649344682693481,1.461447662777371,2.155494133631388,0.6466482400894165,0.010094479088568024,0.0010094479088568024,0.1640625,0.013888888888888888,0.02084981443153487,0.0006233226093981001,0.7646666765213013
2,95,adaptive_crosssdc_cmr,hinge,1.0,0.01,0.9564622574382358,1.4620139466391668,2.1587367587619357,0.6476210276285806,0.008578891038066812,0.0008578891038066813,0.14149305555555555,0.010416666666666666,0.017769967516263325,0.00037639795078171626,0.765333354473114
2,96,adaptive_crosssdc_cmr,hinge,1.0,0.01,0.9660386112001207,1.4897276825375028,2.1903769969940186,0.6571130990982056,0.00631842612185412,0.000631842612185412,0.13194444444444445,0.008680555555555556,0.013526114738649793,0.000510986480447981,0.7713333368301392
2,97,adaptive_crosssdc_cmr,hinge,1.0,0.01,0.9620548089345297,1.4923575586742825,2.187794817818536,0.6563384453455607,0.0073590317947996985,0.0007359031794799699,0.13541666666666666,0.008680555555555556,0.01523239951994684,0.00048387092020776536,0.7693333625793457
2,98,adaptive_crosssdc_cmr,hinge,1.0,0.01,0.9586881068017747,1.502185172504849,2.1852316326565213,0.6555694897969564,0.005910719046369195,0.0005910719046369195,0.11805555555555555,0.010416666666666666,0.012454780025614632,0.00036011056767569645,0.7699999809265137
2,99,adaptive_crosssdc_cmr,hinge,1.0,0.01,0.9618049462636312,1.509926716486613,2.1961412694719105,0.6588423808415731,0.0071669028968446786,0.0007166902896844679,0.140625,0.014756944444444444,0.014966566529538896,0.0006681564781400892,0.7666666507720947
2,100,adaptive_crosssdc_cmr,hinge,1.0,0.01,0.9516952236493429,1.4947658512327406,2.16731063524882,0.650193190574646,0.005285801676412423,0.0005285801676412423,0.1232638888888889,0.006076388888888889,0.011165642076068454,0.00029988297157817416,0.7646666765213013
2,101,adaptive_crosssdc_cmr,hinge,1.0,0.01,0.9533060789108276,1.5040834214952257,2.1767335997687445,0.6530200799306233,0.005939090262270636,0.0005939090262270636,0.11979166666666667,0.0078125,0.012544872032271491,0.0004238730503453149,0.7753333449363708
2,102,adaptive_crosssdc_cmr,hinge,1.0,0.01,0.9466727640893724,1.4884162214067247,2.1599386003282337,0.6479815800984701,0.006819672416895628,0.0006819672416895628,0.11979166666666667,0.0078125,0.014385392682419883,0.00027725266085730656,0.7713333368301392
2,103,adaptive_crosssdc_cmr,hinge,1.0,0.01,0.9633346398671468,1.5016317632463243,2.1702227857377796,0.6510668357213338,0.00929201477103763,0.0009292014771037631,0.140625,0.013888888888888888,0.018903853164778814,0.0006934950749079386,0.7646666765213013
2,104,adaptive_crosssdc_cmr,hinge,1.0,0.01,0.9596101509200202,1.517700433731079,2.1667602327134876,0.6500280698140463,0.008221036625198193,0.0008221036625198193,0.15625,0.013888888888888888,0.017046554221047297,0.0008063986897468567,0.7713333368301392
2,105,adaptive_crosssdc_cmr,hinge,1.0,0.01,0.9547016090816922,1.5090957747565374,2.167930338117811,0.6503791014353434,0.007024590210575197,0.0007024590210575198,0.12065972222222222,0.006944444444444444,0.014703089992205301,0.0004154551360342238,0.7639999985694885
2,106,adaptive_crosssdc_cmr,hinge,1.0,0.01,0.9482146369086372,1.5099449422624376,2.1729714340633817,0.6518914302190145,0.004726057775163402,0.00047260577751634023,0.09027777777777778,0.001736111111111111,0.010089175154765448,9.221128291553921e-05,0.7673333287239075
2,107,adaptive_crosssdc_cmr,hinge,1.0,0.01,0.9451338118977017,1.5051854054133098,2.16294346915351,0.648883040746053,0.006372548174113035,0.0006372548174113035,0.11805555555555555,0.004340277777777778,0.013782944944169786,0.00015103610025511848,0.7720000147819519
2,108,adaptive_crosssdc_cmr,hinge,1.0,0.01,0.9442528022660149,1.5404393805397882,2.166300800111559,0.6498902400334676,0.008385278077589141,0.0008385278077589142,0.12413194444444445,0.009548611111111112,0.016791889650954142,0.0006799764103359646,0.7713333368301392
2,109,adaptive_crosssdc_cmr,hinge,1.0,0.01,0.9410883519384596,1.5198020272784762,2.15176084306505,0.645528252919515,0.007280782486001651,0.0007280782486001651,0.1284722222222222,0.009548611111111112,0.015330993052985933,0.00043185800313949585,0.7646666765213013
2,110,adaptive_crosssdc_cmr,hinge,1.0,0.01,0.9502266314294603,1.5387673907809787,2.1815656820933023,0.6544697046279907,0.0054495417409473,0.00054495417409473,0.10850694444444445,0.013888888888888888,0.011171412964661917,0.0007299784984853533,0.7666666507720947
2,111,adaptive_crosssdc_cmr,hinge,1.0,0.01,0.9409525526894463,1.536252909236484,2.1552126937442355,0.6465638081232706,0.005635524737752146,0.0005635524737752146,0.11197916666666667,0.004340277777777778,0.012290761702590518,0.00019025388691160415,0.768666684627533
2,112,adaptive_crosssdc_cmr,hinge,1.0,0.01,0.9488585193951925,1.536186416943868,2.1679536236657038,0.6503860870997111,0.006019897241559293,0.0006019897241559294,0.12065972222222222,0.013020833333333334,0.012675263401534822,0.0006546560260984632,0.7613333463668823
2,113,adaptive_crosssdc_cmr,hinge,1.0,0.01,0.9499060445361667,1.5433432128694322,2.1746970547570124,0.6524091164271036,0.005883658175460166,0.0005883658175460167,0.11979166666666667,0.008680555555555556,0.01250298528207673,0.0003235559496614668,0.7699999809265137
2,114,adaptive_crosssdc_cmr,hinge,1.0,0.01,0.9674606323242188,1.5334840615590413,2.15813676516215,0.6474410295486449,0.010275266650650237,0.0010275266650650236,0.17100694444444445,0.013888888888888888,0.021478426953156788,0.0006229405601819357,0.7593333125114441
2,115,adaptive_crosssdc_cmr,hinge,1.0,0.01,0.9616403248574998,1.5409426424238417,2.166568915049235,0.6499706745147704,0.007666715782963567,0.0007666715782963568,0.13802083333333334,0.014756944444444444,0.01574005103773541,0.000898066908121109,0.765333354473114
2,116,adaptive_crosssdc_cmr,hinge,1.0,0.01,0.9457813501358032,1.5372656318876479,2.1491316159566245,0.6447394847869873,0.00720536230235464,0.0007205362302354641,0.1232638888888889,0.009548611111111112,0.01514026067323155,0.00032834957043329876,0.7666666507720947
2,117,adaptive_crosssdc_cmr,hinge,1.0,0.01,0.941363877720303,1.5206658177905612,2.1595412625206842,0.6478623787562052,0.0059842264745384455,0.0005984226474538446,0.11197916666666667,0.005208333333333333,0.012635680950350232,0.00026171281933784485,0.7666666507720947
2,118,adaptive_crosssdc_cmr,hinge,1.0,0.01,0.9277749061584473,1.5476631323496501,2.1483469009399414,0.6445040702819824,0.006626885436061356,0.0006626885436061356,0.12413194444444445,0.006944444444444444,0.014011990278959274,0.00020300183031294082,0.765999972820282
2,119,adaptive_crosssdc_cmr,hinge,1.0,0.01,0.9220410916540358,1.535948183801439,2.140645292070177,0.642193587621053,0.00369788965003358,0.00036978896500335806,0.0842013888888889,0.008680555555555556,0.007855275438891517,0.00035104528069496155,0.7680000066757202
2,120,adaptive_crosssdc_cmr,hinge,1.0,0.01,0.9246019985940721,1.5435122119055853,2.14589966668023,0.643769900004069,0.003941641577209036,0.00039416415772090363,0.0859375,0.003472222222222222,0.008389335953527026,0.00011358451512124803,0.7713333368301392
2,121,adaptive_crosssdc_cmr,hinge,1.0,0.01,0.9285671446058485,1.579548054271274,2.1648529370625815,0.6494558811187744,0.0044788573609871995,0.00044788573609872,0.07899305555555555,0.008680555555555556,0.009263527476125293,0.00041858686341179744,0.7673333287239075
2,122,adaptive_crosssdc_cmr,hinge,1.0,0.01,0.9442538221677145,1.6002485752105713,2.1894745561811657,0.6568423668543497,0.005627048098378711,0.0005627048098378712,0.10416666666666667,0.012152777777777778,0.011740035480923124,0.0004988308582040998,0.7713333368301392
2,123,adaptive_crosssdc_cmr,hinge,1.0,0.01,0.9289730588595072,1.5528307888242934,2.153124703301324,0.6459374109903971,0.004326283310850461,0.0004326283310850461,0.0998263888888889,0.008680555555555556,0.009278620282808939,0.00038655888703134324,0.7693333625793457
2,124,adaptive_crosssdc_cmr,hinge,1.0,0.01,0.9319067398707072,1.578789022233751,2.1699144310421414,0.6509743293126424,0.004028638475574553,0.0004028638475574553,0.09895833333333333,0.004340277777777778,0.00913183018565178,8.456905682881673e-05,0.7680000066757202
2,125,adaptive_crosssdc_cmr,hinge,1.0,0.01,0.9282852411270142,1.578596419758267,2.1599163744184704,0.647974912325541,0.003208839903689093,0.00032088399036890933,0.0859375,0.008680555555555556,0.006863836199045181,0.0002826853758758969,0.765333354473114
2,126,adaptive_crosssdc_cmr,hinge,1.0,0.01,0.9268096221817864,1.5484505626890395,2.1520587073432074,0.6456176122029622,0.004264026052421994,0.0004264026052421994,0.10069444444444445,0.003472222222222222,0.009281232953071594,0.00010734589563475715,0.765333354473114
2,127,adaptive_crosssdc_cmr,hinge,1.0,0.01,0.9240243236223856,1.5598098172081842,2.1454532146453857,0.6436359643936157,0.005210308176982734,0.0005210308176982735,0.10069444444444445,0.001736111111111111,0.011147031767500771,8.112978604104783e-05,0.7720000147819519
2,128,adaptive_crosssdc_cmr,hinge,1.0,0.01,0.9184308449427286,1.5660059716966417,2.1433023611704507,0.6429907083511351,0.00342731684860256,0.000342731684860256,0.08246527777777778,0.0008680555555555555,0.00770203603638543,3.1400471925735474e-05,0.768666684627533
2,129,adaptive_crosssdc_cmr,hinge,1.0,0.01,0.9184714555740356,1.569547004169888,2.1418783929612903,0.6425635178883871,0.003949615263587071,0.0003949615263587071,0.07899305555555555,0.004340277777777778,0.008571588330798678,0.00017962149447864958,0.7713333368301392
2,130,adaptive_crosssdc_cmr,hinge,1.0,0.01,0.9258467025227017,1.573385410838657,2.1577854421403675,0.6473356326421102,0.004530855376894276,0.0004530855376894276,0.0998263888888889,0.005208333333333333,0.009732905361387465,0.00019199235571755303,0.765999972820282
2,131,adaptive_crosssdc_cmr,hinge,1.0,0.01,0.9301264153586494,1.592818472120497,2.1766737037234836,0.6530021111170451,0.004455612972378731,0.0004455612972378731,0.10069444444444445,0.010416666666666666,0.009519515352116691,0.0004638971553908454,0.7706666588783264
2,132,adaptive_crosssdc_cmr,hinge,1.0,0.01,0.9141964978641934,1.5623936653137207,2.136617342631022,0.6409852027893066,0.004288420443319612,0.00042884204433196125,0.09635416666666667,0.0078125,0.009215477440092299,0.00035450276401307847,0.7680000066757202
2,133,adaptive_crosssdc_cmr,hinge,1.0,0.01,0.9128824604882134,1.575804140832689,2.1470060878329806,0.6441018263498942,0.0045176321226689554,0.00045176321226689557,0.09635416666666667,0.006076388888888889,0.009807616058323119,0.00013981262842814127,0.7713333368301392
2,134,adaptive_crosssdc_cmr,hinge,1.0,0.01,0.9250121514002482,1.6105922990375094,2.1656383673350015,0.6496915102005004,0.003252020131589638,0.00032520201315896385,0.08333333333333333,0.0026041666666666665,0.007152186499701606,0.00023570284247398376,0.7666666507720947
2,135,adaptive_crosssdc_cmr,hinge,1.0,0.01,0.9164034128189087,1.5929531653722127,2.151727279027303,0.6455181837081909,0.004700015402502484,0.0004700015402502484,0.09375,0.006076388888888889,0.009948546687761942,0.0002179071307182312,0.7713333368301392
2,136,adaptive_crosssdc_cmr,hinge,1.0,0.01,0.9109844830301073,1.5750294393963284,2.1372768878936768,0.641183066368103,0.004501710361283686,0.0004501710361283686,0.1076388888888889,0.003472222222222222,0.00985359400510788,0.00017036207848125033,0.7646666765213013
2,137,adaptive_crosssdc_cmr,hinge,1.0,0.01,0.9108057816823324,1.5825164582994249,2.1417850653330484,0.6425355195999145,0.004057452108504044,0.0004057452108504044,0.08506944444444445,0.006944444444444444,0.008733521319097944,0.00019662951429684958,0.7699999809265137
2,138,adaptive_crosssdc_cmr,hinge,1.0,0.01,0.9062582188182406,1.5908471213446722,2.1339870029025607,0.6401961008707682,0.0029798988382228548,0.0002979898838222855,0.07899305555555555,0.006944444444444444,0.0067635513842105865,0.00020817915598551431,0.7699999809265137
2,139,adaptive_crosssdc_cmr,hinge,1.0,0.01,0.9068217939800687,1.5811845461527507,2.1351410018073187,0.6405423005421956,0.0027330443780455324,0.00027330443780455323,0.05642361111111111,0.006076388888888889,0.005807390643490685,0.00018274494343333773,0.7680000066757202
2,140,adaptive_crosssdc_cmr,hinge,1.0,0.01,0.9113352762328254,1.6024256812201605,2.1403257846832275,0.6420977354049683,0.0031538084666762087,0.00031538084666762087,0.08680555555555555,0.005208333333333333,0.006743009305662579,0.00015479160679711236,0.7713333368301392
2,141,adaptive_crosssdc_cmr,hinge,1.0,0.01,0.9091807007789612,1.5873701969782512,2.1279733180999756,0.6383919954299927,0.003608677846690019,0.00036086778466900193,0.0842013888888889,0.005208333333333333,0.007860805839300156,0.00013681956463389925,0.7613333463668823
2,142,adaptive_crosssdc_cmr,hinge,1.0,0.01,0.9084891080856323,1.6004192696677313,2.1320112811194525,0.6396033843358357,0.0037719454461087785,0.00037719454461087785,0.08072916666666667,0.0026041666666666665,0.008148356444305845,0.00020994328790240816,0.7673333287239075
2,143,adaptive_crosssdc_cmr,hinge,1.0,0.01,0.9171388083034091,1.6150733629862468,2.154492325252957,0.6463476975758871,0.0031474471454405123,0.00031474471454405125,0.08680555555555555,0.006944444444444444,0.0069742608401510454,0.00026158822907341854,0.7733333110809326
2,144,adaptive_crosssdc_cmr,hinge,1.0,0.01,0.9194206926557753,1.6246824794345431,2.164860063129001,0.6494580189387004,0.002506351072548164,0.00025063510725481644,0.07378472222222222,0.004340277777777778,0.00580257053176562,0.0001472321649392446,0.7699999809265137
2,145,adaptive_crosssdc_cmr,hinge,1.0,0.01,0.9157017403178744,1.6091366211573284,2.1461997826894126,0.6438599348068238,0.0035025786362691885,0.00035025786362691887,0.0876736111111111,0.004340277777777778,0.007580655730432934,0.00017657048172420927,0.7753333449363708
2,146,adaptive_crosssdc_cmr,hinge,1.0,0.01,0.9112332198354933,1.6185565524631076,2.135750320222643,0.6407250960667928,0.003023386816494167,0.0003023386816494167,0.08506944444444445,0.004340277777777778,0.006534256454971101,0.000198733475473192,0.768666684627533
2,147,adaptive_crosssdc_cmr,hinge,1.0,0.01,0.9204560650719537,1.6165010929107666,2.1510910987854004,0.6453273296356201,0.0037237046959085595,0.00037237046959085596,0.10069444444444445,0.0026041666666666665,0.008286876397000419,0.00018594248427285088,0.7733333110809326
2,148,adaptive_crosssdc_cmr,hinge,1.0,0.01,0.9108896123038398,1.5950974225997925,2.1265323162078857,0.6379596948623657,0.003480289519454042,0.00034802895194540424,0.09114583333333333,0.001736111111111111,0.007701057526800368,0.00015444391303592257,0.765333354473114
2,149,adaptive_crosssdc_cmr,hinge,1.0,0.01,0.9269019895129733,1.6237779590818617,2.157328579160902,0.6471985737482706,0.0033847378929042155,0.0003384737892904216,0.08246527777777778,0.005208333333333333,0.007361316846476661,0.00018584769633081224,0.7666666507720947
2,150,adaptive_crosssdc_cmr,hinge,1.0,0.01,0.917279839515686,1.6179083453284369,2.151628441280789,0.6454885323842366,0.003868005044447879,0.0003868005044447879,0.09027777777777778,0.005208333333333333,0.008292112085554335,0.00037967289487520855,0.7713333368301392
2,151,adaptive_crosssdc_cmr,hinge,1.0,0.01,0.9095380041334364,1.6023688316345215,2.1278857125176325,0.6383657137552897,0.0037538381034715306,0.00037538381034715306,0.09461805555555555,0.005208333333333333,0.008166477912002139,0.00016942620277404785,0.7713333368301392
2,152,adaptive_crosssdc_cmr,hinge,1.0,0.01,0.9154980513784621,1.6454410023159451,2.150845925013224,0.6452537775039672,0.003935968374005622,0.00039359683740056227,0.09288194444444445,0.006076388888888889,0.00841942098405626,0.0002850985361470117,0.7680000066757202
2,153,adaptive_crosssdc_cmr,hinge,1.0,0.01,0.9187053177091811,1.6263242297702365,2.1572421656714544,0.6471726497014363,0.0031597109175183708,0.0003159710917518371,0.08940972222222222,0.003472222222222222,0.006990663707256317,0.00019244394368595548,0.7706666588783264
2,154,adaptive_crosssdc_cmr,hinge,1.0,0.01,0.9137280053562589,1.6238006353378296,2.145612213346693,0.6436836640040079,0.0033352772265465725,0.00033352772265465727,0.08854166666666667,0.006944444444444444,0.007318438755141364,0.00022144243121147156,0.762666642665863
2,155,adaptive_crosssdc_cmr,hinge,1.0,0.01,0.9101083013746474,1.623335838317871,2.126807371775309,0.6380422115325927,0.004018047617541419,0.00040180476175414193,0.08854166666666667,0.004340277777777778,0.008563995361328125,0.0001674724949730767,0.7706666588783264
2,156,adaptive_crosssdc_cmr,hinge,1.0,0.01,0.9108774198426141,1.6311864852905273,2.145351833767361,0.6436055501302084,0.0031326988181616697,0.000313269881816167,0.078125,0.006076388888888889,0.0066722242368592154,0.00030548787779278227,0.7720000147819519
2,157,adaptive_crosssdc_cmr,hinge,1.0,0.01,0.8987248473697238,1.6012794176737468,2.1148034731547036,0.634441041946411,0.003876189985829923,0.0003876189985829923,0.09461805555555555,0.0026041666666666665,0.008542218969927894,7.149163219663833e-05,0.768666684627533
2,158,adaptive_crosssdc_cmr,hinge,1.0,0.01,0.9031344321038988,1.6196858750449286,2.1195057498084173,0.6358517249425252,0.002815294845883424,0.0002815294845883424,0.0685763888888889,0.004340277777777778,0.00609890909658538,0.00012660109334521822,0.7693333625793457
2,159,adaptive_crosssdc_cmr,hinge,1.0,0.01,0.8994844290945265,1.6281081305609808,2.122451729244656,0.6367355187733968,0.0039639996830374,0.00039639996830374006,0.0798611111111111,0.006076388888888889,0.008255407628085878,0.00029218941926956177,0.7706666588783264
2,160,adaptive_crosssdc_cmr,hinge,1.0,0.01,0.8987035817570157,1.621987885899014,2.114416387346056,0.6343249162038168,0.003366380955816971,0.0003366380955816971,0.07899305555555555,0.006076388888888889,0.007153480003277461,0.0002352644999821981,0.768666684627533
2,161,adaptive_crosssdc_cmr,hinge,1.0,0.01,0.904305186536577,1.6321789158715143,2.1243352360195584,0.6373005708058676,0.003675032588135865,0.00036750325881358654,0.09114583333333333,0.0026041666666666665,0.008156770633326637,9.069467584292094e-05,0.765333354473114
2,162,adaptive_crosssdc_cmr,hinge,1.0,0.01,0.9181828565067716,1.6425018707911174,2.1328479184044733,0.639854375521342,0.004100187707485424,0.00041001877074854247,0.08333333333333333,0.0008680555555555555,0.008691329922940996,8.677608437008328e-05,0.765999972820282
2,163,adaptive_crosssdc_cmr,hinge,1.0,0.01,0.9231199092335172,1.647594239976671,2.139455927742852,0.6418367783228557,0.004041238791412777,0.00040412387914127773,0.08333333333333333,0.004340277777777778,0.008319188737206988,0.0002597971922821469,0.7639999985694885
2,164,adaptive_crosssdc_cmr,hinge,1.0,0.01,0.9156394071049161,1.6277278529273138,2.12103181415134,0.636309544245402,0.004869028925895691,0.0004869028925895691,0.11284722222222222,0.001736111111111111,0.010455850097868178,0.0001405928697850969,0.7633333206176758
2,165,adaptive_crosssdc_cmr,hinge,1.0,0.01,0.9214130110210843,1.6365827984280057,2.1395236916012235,0.6418571074803671,0.003547516457426051,0.00035475164574260516,0.07552083333333333,0.005208333333333333,0.007539237125052346,0.0002417808605564965,0.7693333625793457
2,166,adaptive_crosssdc_cmr,hinge,1.0,0.01,0.9197672605514526,1.651079085138109,2.1358709865146213,0.6407612959543864,0.004429351422004402,0.0004429351422004402,0.0920138888888889,0.005208333333333333,0.009507058809200922,0.0002414571742216746,0.7693333625793457
2,167,adaptive_crosssdc_cmr,hinge,1.0,0.01,0.9095454282230802,1.6314127180311415,2.120290438334147,0.6360871315002441,0.004578063523189889,0.0004578063523189889,0.10677083333333333,0.004340277777777778,0.009808365669515397,0.0002197109990649753,0.7746666669845581
2,168,adaptive_crosssdc_cmr,hinge,1.0,0.01,0.9301750395033095,1.6630642943912082,2.1586992740631104,0.6476097822189331,0.0032653620130279,0.00032653620130279,0.08506944444444445,0.0026041666666666665,0.007080040872097015,0.00010501469175020854,0.7646666765213013
2,169,adaptive_crosssdc_cmr,hinge,1.0,0.01,0.9091666274600558,1.6378127204047308,2.124882221221924,0.6374646663665772,0.002744992444705632,0.0002744992444705632,0.06770833333333333,0.005208333333333333,0.005871761176321242,0.0002720533973640866,0.7720000147819519
2,170,adaptive_crosssdc_cmr,hinge,1.0,0.01,0.8991591069433424,1.6288776530159845,2.119938956366645,0.6359816869099935,0.0023316847251003813,0.00023316847251003814,0.07725694444444445,0.003472222222222222,0.005210958421230316,0.00016443638337983025,0.7713333368301392
2,171,adaptive_crosssdc_cmr,hinge,1.0,0.01,0.8899363279342651,1.6348131895065308,2.109457015991211,0.6328371047973632,0.0021832465168295633,0.00021832465168295634,0.0703125,0.003472222222222222,0.004862922347254223,0.00015255560477574667,0.7639999985694885
2,172,adaptive_crosssdc_cmr,hinge,1.0,0.01,0.9048401117324829,1.6529396639929876,2.1415678924984403,0.642470367749532,0.003021621119437946,0.00030216211194379465,0.07118055555555555,0.001736111111111111,0.00649621296260092,9.519979357719421e-05,0.7706666588783264
2,173,adaptive_crosssdc_cmr,hinge,1.0,0.01,0.9048080113199022,1.6734935972425673,2.148327430089315,0.6444982290267944,0.002910217865266734,0.0002910217865266734,0.07725694444444445,0.005208333333333333,0.006379940029647615,0.0001523813439740075,0.7680000066757202
2,174,adaptive_crosssdc_cmr,hinge,1.0,0.01,0.8891081809997559,1.6501486036512587,2.109706481297811,0.6329119443893433,0.0025654714554548264,0.00025654714554548266,0.0798611111111111,0.0026041666666666665,0.005831343018346363,6.674437059296502e-05,0.7693333625793457
2,175,adaptive_crosssdc_cmr,hinge,1.0,0.01,0.8897580371962653,1.638453549808926,2.113796684477064,0.6341390053431192,0.0023292276891879737,0.00023292276891879738,0.06336805555555555,0.005208333333333333,0.005141586065292358,0.0001390423211786482,0.7713333368301392
2,176,adaptive_crosssdc_cmr,hinge,1.0,0.01,0.8835505975617303,1.64839502175649,2.1111257076263428,0.6333377122879028,0.0025492513862748942,0.00025492513862748945,0.07118055555555555,0.005208333333333333,0.00542737709151374,0.00018929317593574524,0.7706666588783264
2,177,adaptive_crosssdc_cmr,hinge,1.0,0.01,0.9182954364352756,1.671418097284105,2.144699600007799,0.6434098800023397,0.004530256303648154,0.00045302563036481543,0.09635416666666667,0.006944444444444444,0.009567747099532021,0.00022233153382937113,0.7606666684150696
2,178,adaptive_crosssdc_cmr,hinge,1.0,0.01,0.9541459348466661,1.6519654326968722,2.1170340379079184,0.6351102113723756,0.009516918617818091,0.0009516918617818092,0.1467013888888889,0.005208333333333333,0.019371690849463146,0.0003848547736803691,0.7606666684150696
2,179,adaptive_crosssdc_cmr,hinge,1.0,0.01,0.9539192782508003,1.6808042658699884,2.166814830568102,0.6500444491704306,0.011101371401713954,0.0011101371401713955,0.13802083333333334,0.006076388888888889,0.022125891513294645,0.00044767641358905367,0.7680000066757202
2,180,adaptive_crosssdc_cmr,hinge,1.0,0.01,0.9256340265274048,1.658422244919671,2.130699767006768,0.6392099301020304,0.005659553998460372,0.0005659553998460372,0.1111111111111111,0.009548611111111112,0.011631232582860522,0.0005148520900143518,0.768666684627533
2,181,adaptive_crosssdc_cmr,hinge,1.0,0.01,0.9095452427864075,1.6409126387702093,2.1271931065453424,0.6381579319636027,0.004038116998142666,0.00040381169981426666,0.0842013888888889,0.004340277777777778,0.008598998188972473,0.00013597971863216825,0.7586666941642761
2,182,adaptive_crosssdc_cmr,hinge,1.0,0.01,0.9081605407926772,1.6531172328525119,2.1222417884402804,0.6366725365320841,0.00414167533421682,0.00041416753342168205,0.0954861111111111,0.006944444444444444,0.008478379084004296,0.0004349682066175673,0.7620000243186951
2,183,adaptive_crosssdc_cmr,hinge,1.0,0.01,0.9082330796453688,1.6461099916034274,2.1322231822543674,0.6396669546763102,0.004495180781102843,0.0004495180781102843,0.09635416666666667,0.004340277777777778,0.009477853775024414,0.0001743589010503557,0.7706666588783264
2,184,adaptive_crosssdc_cmr,hinge,1.0,0.01,0.8972389631801181,1.6480844020843506,2.1129488945007324,0.6338846683502197,0.003475222063975202,0.00034752220639752023,0.0798611111111111,0.004340277777777778,0.007348360700739754,0.00028895379768477543,0.7706666588783264
2,185,adaptive_crosssdc_cmr,hinge,1.0,0.01,0.8947072558932834,1.6485237810346816,2.1239185598161487,0.6371755679448446,0.002075888255300621,0.00020758882553006212,0.05555555555555555,0.001736111111111111,0.004640054371621873,4.1267938084072535e-05,0.7673333287239075
2,186,adaptive_crosssdc_cmr,hinge,1.0,0.01,0.9060660269525316,1.6777963638305664,2.14119209183587,0.6423576275507609,0.002873502264264971,0.0002873502264264971,0.08333333333333333,0.001736111111111111,0.00649285978741116,5.426133672396342e-05,0.7639999985694885
2,187,adaptive_crosssdc_cmr,hinge,1.0,0.01,0.891296366850535,1.6669787698321872,2.1174061563279896,0.6352218468983969,0.0020670983196598375,0.00020670983196598375,0.0625,0.001736111111111111,0.004609208554029465,3.763867749108208e-05,0.7726666927337646
2,188,adaptive_crosssdc_cmr,hinge,1.0,0.01,0.8864621188905504,1.654695404900445,2.116333246231079,0.6348999738693237,0.0027130276624423764,0.00027130276624423767,0.0798611111111111,0.001736111111111111,0.006069281034999424,3.262029753790962e-05,0.7693333625793457
2,189,adaptive_crosssdc_cmr,hinge,1.0,0.01,0.8973302841186523,1.6773953172895644,2.1410401132371693,0.6423120339711508,0.002080783028052085,0.00020807830280520853,0.057291666666666664,0.001736111111111111,0.004599961555666394,0.00010397326615121629,0.7699999809265137
2,190,adaptive_crosssdc_cmr,hinge,1.0,0.01,0.8966318766276041,1.6841523117489285,2.139550765355428,0.6418652296066284,0.002163851035422542,0.00021638510354225423,0.06336805555555555,0.0008680555555555555,0.00483091382516755,3.7495874696307714e-05,0.7666666507720947
2,191,adaptive_crosssdc_cmr,hinge,1.0,0.01,0.8895899852116903,1.661110175980462,2.1152505344814725,0.6345751603444417,0.0023635520289341607,0.0002363552028934161,0.0642361111111111,0.004340277777777778,0.0051699235207504695,0.00011687104900677998,0.7720000147819519
2,192,adaptive_crosssdc_cmr,hinge,1.0,0.01,0.887337671385871,1.6439063019222684,2.106572389602661,0.6319717168807983,0.0028981826746732825,0.00028981826746732824,0.07552083333333333,0.0026041666666666665,0.006352856755256653,0.00011519301268789504,0.7666666507720947
2,193,adaptive_crosssdc_cmr,hinge,1.0,0.01,0.8928179211086698,1.6514224476284451,2.0947199132707386,0.6284159739812215,0.003308476039415432,0.00033084760394154326,0.0798611111111111,0.001736111111111111,0.007101799050966899,8.56460796462165e-05,0.768666684627533
2,194,adaptive_crosssdc_cmr,hinge,1.0,0.01,0.9152996473842197,1.6860062546200223,2.1289910210503473,0.6386973063151041,0.0041776761904151905,0.0004177676190415191,0.09114583333333333,0.0026041666666666665,0.008797177837954627,0.0001626300315062205,0.7639999985694885
2,195,adaptive_crosssdc_cmr,hinge,1.0,0.01,0.9026352432039049,1.6588486565483942,2.1230825583140054,0.6369247674942016,0.0029025304182949993,0.00029025304182949996,0.0720486111111111,0.005208333333333333,0.005984754612048467,0.00028801668021414016,0.765333354473114
2,196,adaptive_crosssdc_cmr,hinge,1.0,0.01,0.8927528262138367,1.6735649108886719,2.1103957759009466,0.633118732770284,0.0020574151357221934,0.00020574151357221935,0.06770833333333333,0.0026041666666666665,0.004732066144545873,6.771460175514221e-05,0.7693333625793457
2,197,adaptive_crosssdc_cmr,hinge,1.0,0.01,0.8886475364367167,1.659982681274414,2.1092385980818005,0.6327715794245401,0.0029552993558657667,0.0002955299355865767,0.07118055555555555,0.0026041666666666665,0.006362474213043849,9.03714034292433e-05,0.765999972820282
2,198,adaptive_crosssdc_cmr,hinge,1.0,0.01,0.9000812967618307,1.6894828875859578,2.127215305964152,0.6381645917892456,0.002150807089896666,0.0002150807089896666,0.06510416666666667,0.0026041666666666665,0.004705888943539726,0.00014276554187138876,0.7693333625793457
2,199,adaptive_crosssdc_cmr,hinge,1.0,0.01,0.8973987499872843,1.6590984132554796,2.119323306613498,0.6357969919840495,0.004340262381851466,0.00043402623818514664,0.09027777777777778,0.0026041666666666665,0.009045272651645873,6.808381941583421e-05,0.762666642665863
3,0,adaptive_crosssdc_cmr,hinge,1.0,0.01,3.360637108484904,0.9599460495842828,2.3703409830729165,0.7111022949218749,0.6350239051712884,0.06350239051712885,0.8654513888888888,0.734375,0.9507373306486342,0.2842506451739205,0.5529999732971191
3,1,adaptive_crosssdc_cmr,hinge,1.0,0.01,2.452841467327542,0.9782976971732246,2.293651156955295,0.6880953470865885,0.5407121015919579,0.0540712101591958,0.9861111111111112,0.6996527777777778,0.8983359667989943,0.17420114080111185,0.6010000109672546
3,2,adaptive_crosssdc_cmr,hinge,1.0,0.01,2.056583046913147,0.8986167709032694,2.261986255645752,0.6785958766937256,0.39581220348676044,0.03958122034867605,0.9809027777777778,0.6493055555555556,0.6425740122795105,0.14181313084231484,0.5985000133514404
3,3,adaptive_crosssdc_cmr,hinge,1.0,0.01,1.8172816965315077,0.8906418548689948,2.20279598236084,0.6608387947082519,0.32837233940760296,0.032837233940760296,0.9513888888888888,0.5972222222222222,0.5287538766860962,0.1217964424027337,0.5989999771118164
3,4,adaptive_crosssdc_cmr,hinge,1.0,0.01,1.6487380266189575,0.8734784987237718,2.159029960632324,0.6477089881896972,0.30235645174980164,0.030235645174980164,0.9618055555555556,0.6024305555555556,0.4816621674431695,0.11948062148359087,0.6065000295639038
3,5,adaptive_crosssdc_cmr,hinge,1.0,0.01,1.5515927871068318,0.8776810566584269,2.161549621158176,0.6484648863474528,0.25829847157001495,0.025829847157001498,0.9288194444444444,0.5373263888888888,0.41438347432348466,0.09941595792770386,0.6150000095367432
3,6,adaptive_crosssdc_cmr,hinge,1.0,0.01,1.46183353000217,0.8535541560914781,2.130779504776001,0.6392338514328003,0.22874737779299417,0.02287473777929942,0.9123263888888888,0.4609375,0.3734762238131629,0.08321436742941539,0.6230000257492065
3,7,adaptive_crosssdc_cmr,hinge,1.0,0.01,1.4093913237253826,0.8783478339513143,2.1291348139444985,0.6387404441833495,0.21107849644290078,0.021107849644290078,0.8880208333333334,0.4609375,0.3467406862311893,0.07563752349880007,0.6349999904632568
3,8,adaptive_crosssdc_cmr,hinge,1.0,0.01,1.3545693424012926,0.8827454182836745,2.113321304321289,0.6339963912963867,0.19047428667545319,0.01904742866754532,0.8897569444444444,0.4097222222222222,0.31908032298088074,0.06217644570602311,0.6510000228881836
3,9,adaptive_crosssdc_cmr,hinge,1.0,0.01,1.3329231474134657,0.8808084262741936,2.1371391084459095,0.6411417325337728,0.1630282915300793,0.01630282915300793,0.8524305555555556,0.3923611111111111,0.26832838190926445,0.06014461608396636,0.6535000205039978
3,10,adaptive_crosssdc_cmr,hinge,1.0,0.01,1.2868663867314656,0.8952636255158318,2.092221816380819,0.6276665449142457,0.1641493621799681,0.01641493621799681,0.8480902777777778,0.3168402777777778,0.2779765791363186,0.050794250435299344,0.6660000085830688
3,11,adaptive_crosssdc_cmr,hinge,1.0,0.01,1.2656235694885254,0.8981947501500448,2.1207558578915067,0.6362267573674519,0.14414552019702065,0.014414552019702065,0.8064236111111112,0.2604166666666667,0.2528644386265013,0.03574054315686226,0.6740000247955322
3,12,adaptive_crosssdc_cmr,hinge,1.0,0.01,1.222600433561537,0.8768105043305291,2.0638747215270996,0.6191624164581299,0.12498952034446928,0.012498952034446929,0.7578125,0.2421875,0.21867446766959298,0.03325778370102247,0.6784999966621399
3,13,adaptive_crosssdc_cmr,hinge,1.0,0.01,1.2004632155100505,0.9170486132303873,2.0592181152767606,0.6177654345830281,0.11985318031575945,0.011985318031575945,0.7361111111111112,0.2621527777777778,0.20531386468145582,0.03674716336859597,0.6880000233650208
3,14,adaptive_crosssdc_cmr,hinge,1.0,0.01,1.1873940626780193,0.8905270033412509,2.069043000539144,0.6207129001617432,0.10605755199988683,0.010605755199988683,0.6961805555555556,0.22135416666666666,0.18663007186518776,0.028045712659756344,0.6930000185966492
3,15,adaptive_crosssdc_cmr,hinge,1.0,0.01,1.1621577872170343,0.9157022701369392,2.0372922950320773,0.6111876885096231,0.09985598507854673,0.009985598507854673,0.6875,0.2065972222222222,0.17900525033473969,0.022686846554279327,0.6909999847412109
3,16,adaptive_crosssdc_cmr,hinge,1.0,0.01,1.1596349080403645,0.9293333623144362,2.06758353445265,0.620275060335795,0.08293113112449646,0.008293113112449646,0.6475694444444444,0.20399305555555555,0.14975089165899488,0.021027372115188174,0.7009999752044678
3,17,adaptive_crosssdc_cmr,hinge,1.0,0.01,1.136955976486206,0.9394196470578512,2.05705549981859,0.617116649945577,0.08702287077903748,0.008702287077903747,0.6701388888888888,0.16666666666666666,0.15978501902686226,0.016779997282558017,0.7020000219345093
3,18,adaptive_crosssdc_cmr,hinge,1.0,0.01,1.1220023499594793,0.9161692990197076,2.0433674653371177,0.6130102396011353,0.07010092669063145,0.007010092669063145,0.5989583333333334,0.1605902777777778,0.12729127125607598,0.01566404476761818,0.703499972820282
3,19,adaptive_crosssdc_cmr,hinge,1.0,0.01,1.1047583950890436,0.9135817090670267,2.030394925011529,0.6091184775034587,0.0640503896607293,0.006405038966072931,0.5659722222222222,0.1423611111111111,0.11695298304160436,0.014315480159388648,0.7055000066757202
3,20,adaptive_crosssdc_cmr,hinge,1.0,0.01,1.0889548990461562,0.9220502707693312,2.002224153942532,0.6006672461827596,0.06330530552400483,0.006330530552400484,0.546875,0.13020833333333334,0.11852721787161297,0.011092784504095713,0.7095000147819519
3,21,adaptive_crosssdc_cmr,hinge,1.0,0.01,1.0822727680206299,0.956723709901174,2.0090220504336886,0.6027066151301066,0.06136641734176212,0.006136641734176212,0.5390625,0.1267361111111111,0.11332868867450291,0.012932900339365005,0.7135000228881836
3,22,adaptive_crosssdc_cmr,hinge,1.0,0.01,1.0596545272403293,0.9076763126585219,1.97418479124705,0.592255437374115,0.05236759243739976,0.005236759243739977,0.53125,0.12586805555555555,0.09956341154045528,0.008503374540143542,0.7114999890327454
3,23,adaptive_crosssdc_cmr,hinge,1.0,0.01,1.0491339498096042,0.9204178121354845,1.963732639948527,0.5891197919845581,0.049752471347649894,0.0049752471347649894,0.4852430555555556,0.1171875,0.09288736681143443,0.008988897005716959,0.7139999866485596
3,24,adaptive_crosssdc_cmr,hinge,1.0,0.01,1.0455686648686726,0.9324643943044875,1.9758863316641913,0.5927658994992574,0.04395594447851181,0.0043955944478511816,0.46875,0.09114583333333333,0.08340918562478489,0.00724728943573104,0.7195000052452087
3,25,adaptive_crosssdc_cmr,hinge,1.0,0.01,1.0566930505964491,0.974714994430542,2.014146513409085,0.6042439540227255,0.04431196136607064,0.004431196136607064,0.4539930555555556,0.0920138888888889,0.08364023682143953,0.006908814526266522,0.7195000052452087
3,26,adaptive_crosssdc_cmr,hinge,1.0,0.01,1.0396694474750094,0.9543843534257677,1.97883935769399,0.593651807308197,0.03650828471614255,0.003650828471614255,0.4253472222222222,0.09114583333333333,0.0691722503138913,0.006771336827013228,0.718999981880188
3,27,adaptive_crosssdc_cmr,hinge,1.0,0.01,1.0297109484672546,0.965268161561754,1.9687658150990803,0.590629744529724,0.0380940515961912,0.00380940515961912,0.4444444444444444,0.06770833333333333,0.07509605917665693,0.004110778371493022,0.7214999794960022
3,28,adaptive_crosssdc_cmr,hinge,1.0,0.01,1.0272893640730116,0.9782521459791396,1.9974348545074463,0.5992304563522338,0.03161304071545601,0.0031613040715456012,0.3793402777777778,0.06597222222222222,0.0614657306836711,0.0038772233658366734,0.7214999794960022
3,29,adaptive_crosssdc_cmr,hinge,1.0,0.01,1.0039437876807318,0.9527884787983365,1.9480676121181912,0.5844202836354574,0.03066483098599646,0.003066483098599646,0.3767361111111111,0.0720486111111111,0.05852367190851106,0.005137685272428725,0.7250000238418579
3,30,adaptive_crosssdc_cmr,hinge,1.0,0.01,0.9984722799725003,0.9685547086927626,1.9458242389890883,0.5837472716967265,0.02930209930572245,0.002930209930572245,0.3515625,0.06336805555555555,0.05657758398188485,0.00406982915269004,0.7254999876022339
3,31,adaptive_crosssdc_cmr,hinge,1.0,0.01,1.003240214453803,1.0153284404012892,1.9820947117275662,0.5946284135182699,0.02830713304380576,0.002830713304380576,0.3446180555555556,0.05381944444444445,0.0558292455971241,0.0031300245059861075,0.722000002861023
3,32,adaptive_crosssdc_cmr,hinge,1.0,0.01,0.9937036964628432,0.9808697501818339,1.9571021397908528,0.5871306419372558,0.02716478705406189,0.0027164787054061892,0.3177083333333333,0.049479166666666664,0.0526871784693665,0.0030041171444786918,0.7264999747276306
3,33,adaptive_crosssdc_cmr,hinge,1.0,0.01,0.9848502940601773,0.9879038598802354,1.9347595903608534,0.580427877108256,0.025761117330855794,0.0025761117330855795,0.3324652777777778,0.050347222222222224,0.051305913676818214,0.002411781499783198,0.7335000038146973
3,34,adaptive_crosssdc_cmr,hinge,1.0,0.01,0.979887326558431,1.0306184490521748,1.9371056689156427,0.5811317006746928,0.023958808225062158,0.002395880822506216,0.3038194444444444,0.057291666666666664,0.046248338288731046,0.003560699936416414,0.7315000295639038
3,35,adaptive_crosssdc_cmr,hinge,1.0,0.01,0.968664116329617,0.9849926365746392,1.9179845253626506,0.5753953576087951,0.022782236751582887,0.002278223675158289,0.3003472222222222,0.04774305555555555,0.04454272612929344,0.002210858381456799,0.7319999933242798
3,36,adaptive_crosssdc_cmr,hinge,1.0,0.01,0.9815306531058418,1.045458541976081,1.9619600243038602,0.588588007291158,0.021164770134621196,0.0021164770134621197,0.2847222222222222,0.05642361111111111,0.04120328608486387,0.0031133455534776053,0.7315000295639038
3,37,adaptive_crosssdc_cmr,hinge,1.0,0.01,0.9565980633099874,1.0077688031726413,1.9224750598271687,0.5767425179481506,0.022258959089716274,0.0022258959089716274,0.2934027777777778,0.049479166666666664,0.04378481623199251,0.002467919968896442,0.7354999780654907
3,38,adaptive_crosssdc_cmr,hinge,1.0,0.01,0.955990195274353,1.0214833352300856,1.9300160672929552,0.5790048201878866,0.01791923793239726,0.0017919237932397262,0.2578125,0.041666666666666664,0.03607369876570172,0.001996778365638521,0.7379999756813049
3,39,adaptive_crosssdc_cmr,hinge,1.0,0.01,0.9503622651100159,1.004952761862013,1.9162330362531874,0.5748699108759562,0.01469351216736767,0.0014693512167367672,0.2326388888888889,0.033854166666666664,0.029460284445020888,0.001532361325290468,0.7365000247955322
3,40,adaptive_crosssdc_cmr,hinge,1.0,0.01,0.9382518662346734,1.0071874260902405,1.901356988483005,0.5704070965449015,0.019228444745143253,0.0019228444745143253,0.2621527777777778,0.0390625,0.038138544807831444,0.001975330627626843,0.734499990940094
3,41,adaptive_crosssdc_cmr,hinge,1.0,0.01,0.9386496543884277,1.025406042734782,1.9096912807888455,0.5729073842366537,0.017862429324951436,0.0017862429324951438,0.2421875,0.036458333333333336,0.035353160152832665,0.0019391555753019121,0.7360000014305115
3,42,adaptive_crosssdc_cmr,hinge,1.0,0.01,0.9272042314211527,1.0402130948172674,1.8874560594558716,0.5662368178367615,0.014173914367953936,0.0014173914367953937,0.22569444444444445,0.03298611111111111,0.02872310247686174,0.001237062116463979,0.7384999990463257
3,43,adaptive_crosssdc_cmr,hinge,1.0,0.01,0.9275949464903938,1.0331846872965496,1.886962652206421,0.5660887956619263,0.013664619686702887,0.0013664619686702888,0.2092013888888889,0.03993055555555555,0.027399568094147578,0.0013938757280508678,0.7450000047683716
3,44,adaptive_crosssdc_cmr,hinge,1.0,0.01,0.9365255898899503,1.0570353402031794,1.9283447530534532,0.578503425916036,0.014462647856109671,0.0014462647856109672,0.21614583333333334,0.033854166666666664,0.02893195528950956,0.001689493242237303,0.7360000014305115
3,45,adaptive_crosssdc_cmr,hinge,1.0,0.01,0.9340563747617934,1.0883426003985934,1.9302862220340304,0.5790858666102091,0.012734278519120481,0.0012734278519120482,0.2152777777777778,0.026041666666666668,0.025871650212340884,0.0012713037431240082,0.7379999756813049
3,46,adaptive_crosssdc_cmr,hinge,1.0,0.01,0.9112608830134074,1.0367404752307467,1.8810669581095378,0.5643200874328613,0.012161268645690547,0.001216126864569055,0.1892361111111111,0.030381944444444444,0.02438077309893237,0.001318244884411494,0.737500011920929
3,47,adaptive_crosssdc_cmr,hinge,1.0,0.01,0.9226500921779208,1.0780752764807806,1.9121033350626628,0.5736310005187988,0.012534032265345255,0.0012534032265345257,0.19010416666666666,0.021701388888888888,0.02507407445874479,0.0008537222941716512,0.7404999732971191
3,48,adaptive_crosssdc_cmr,hinge,1.0,0.01,0.9128075440724691,1.0671818653742473,1.902395314640469,0.5707185943921407,0.010751563434799513,0.0010751563434799514,0.16493055555555555,0.024305555555555556,0.021904181482063398,0.000934003127945794,0.734000027179718
3,49,adaptive_crosssdc_cmr,hinge,1.0,0.01,0.9047165645493401,1.0493342876434326,1.8838918738894992,0.5651675621668497,0.01256770852746235,0.001256770852746235,0.18663194444444445,0.022569444444444444,0.025390391962395772,0.0011711840828259785,0.7400000095367432
3,50,adaptive_crosssdc_cmr,hinge,1.0,0.01,0.9108400808440315,1.069998754395379,1.9036762714385986,0.5711028814315796,0.011232134679125415,0.0011232134679125415,0.1762152777777778,0.024305555555555556,0.022568195023470454,0.0012055772046248119,0.7379999756813049
3,51,adaptive_crosssdc_cmr,hinge,1.0,0.01,0.892341415087382,1.0410908195707533,1.851849741405911,0.5555549224217733,0.009614760392448969,0.000961476039244897,0.1684027777777778,0.020833333333333332,0.01973778588904275,0.0008458553089035882,0.7304999828338623
3,52,adaptive_crosssdc_cmr,hinge,1.0,0.01,0.9006914032830132,1.0631557570563421,1.872721791267395,0.5618165373802185,0.009047264957593547,0.0009047264957593548,0.16927083333333334,0.022569444444444444,0.018831874761316512,0.0009086877107620239,0.7429999709129333
3,53,adaptive_crosssdc_cmr,hinge,1.0,0.01,0.8986106117566427,1.094829003016154,1.8820364872614543,0.5646109461784363,0.008334711142298248,0.0008334711142298248,0.1579861111111111,0.017361111111111112,0.017370542511343956,0.0008724385665522681,0.7335000038146973
3,54,adaptive_crosssdc_cmr,hinge,1.0,0.01,0.8939326008160909,1.0781364838282268,1.8614300224516127,0.5584290067354838,0.007924850098788738,0.0007924850098788739,0.15364583333333334,0.025173611111111112,0.016065859960185155,0.0011915668017334407,0.7404999732971191
3,55,adaptive_crosssdc_cmr,hinge,1.0,0.01,0.8881080481741164,1.0766491757498846,1.8512340386708577,0.5553702116012573,0.008455716487434175,0.0008455716487434175,0.14149305555555555,0.029513888888888888,0.016475873274935618,0.001701075169775221,0.7329999804496765
3,56,adaptive_crosssdc_cmr,hinge,1.0,0.01,0.8902815050548978,1.0832850933074951,1.8619696961508856,0.5585909088452656,0.007564540900703933,0.0007564540900703934,0.15885416666666666,0.022569444444444444,0.015702287563019328,0.0008864423467053308,0.7440000176429749
3,57,adaptive_crosssdc_cmr,hinge,1.0,0.01,0.9041726390520731,1.1032647556728787,1.8763729333877563,0.5629118800163269,0.008203145840929614,0.0008203145840929614,0.1640625,0.03211805555555555,0.01640970798002349,0.0014649128748310937,0.7325000166893005
3,58,adaptive_crosssdc_cmr,hinge,1.0,0.01,0.8961157070265876,1.10813397831387,1.872891240649753,0.5618673721949259,0.007591755336357487,0.0007591755336357488,0.1440972222222222,0.019097222222222224,0.01562441305981742,0.0007724695735507541,0.7400000095367432
3,59,adaptive_crosssdc_cmr,hinge,1.0,0.01,0.8820418053203158,1.1036154164208307,1.8603037198384602,0.558091115951538,0.007321375680880414,0.0007321375680880415,0.13975694444444445,0.028645833333333332,0.01454262062907219,0.0012172278430726794,0.7409999966621399
3,60,adaptive_crosssdc_cmr,hinge,1.0,0.01,0.8720419605573019,1.1091223425335355,1.8449043697781033,0.5534713109334309,0.007171959357543124,0.0007171959357543125,0.13368055555555555,0.015625,0.014935532377825843,0.0004546716809272766,0.737500011920929
3,61,adaptive_crosssdc_cmr,hinge,1.0,0.01,0.8779203361935086,1.1083072953754,1.8680061499277751,0.5604018449783326,0.006041450852838655,0.0006041450852838655,0.12413194444444445,0.016493055555555556,0.01268679690029886,0.0005658090942435794,0.7354999780654907
3,62,adaptive_crosssdc_cmr,hinge,1.0,0.01,0.8691621555222405,1.1197891235351562,1.8595629798041449,0.5578688939412434,0.005434886888704366,0.0005434886888704367,0.1189236111111111,0.015625,0.011439093699057898,0.0005717099540763431,0.7400000095367432
3,63,adaptive_crosssdc_cmr,hinge,1.0,0.01,0.8699626392788358,1.1140856477949355,1.8566772275500827,0.5570031682650248,0.0060940443848570185,0.0006094044384857019,0.13020833333333334,0.020833333333333332,0.012185646014081107,0.0010166197187370723,0.7379999756813049
3,64,adaptive_crosssdc_cmr,hinge,1.0,0.01,0.8753654360771179,1.1379310025109186,1.8712009456422594,0.5613602836926778,0.005881371726799343,0.0005881371726799343,0.1284722222222222,0.022569444444444444,0.01200508326292038,0.0009862565331988865,0.7335000038146973
3,65,adaptive_crosssdc_cmr,hinge,1.0,0.01,0.8636893431345621,1.1295028660032485,1.8426163329018488,0.5527848998705546,0.004922856706091099,0.00049228567060911,0.10069444444444445,0.016493055555555556,0.010160886579089694,0.0006496405435933007,0.7415000200271606
3,66,adaptive_crosssdc_cmr,hinge,1.0,0.01,0.8696941335995992,1.1389228105545044,1.870285153388977,0.5610855460166931,0.004709860879100031,0.0004709860879100031,0.10503472222222222,0.011284722222222222,0.00990933490296205,0.00041265330380863615,0.7379999756813049
3,67,adaptive_crosssdc_cmr,hinge,1.0,0.01,0.8573714892069498,1.1380078660117254,1.8372135824627347,0.5511640747388203,0.00516885213760866,0.000516885213760866,0.1111111111111111,0.022569444444444444,0.010279441045390235,0.0010893349018361834,0.7384999990463257
3,68,adaptive_crosssdc_cmr,hinge,1.0,0.01,0.8574618366029527,1.1242307557000055,1.8469713661405776,0.5540914098421732,0.004676731484424736,0.00046767314844247364,0.12065972222222222,0.018229166666666668,0.009627769390741983,0.0006876265009244283,0.7400000095367432
3,69,adaptive_crosssdc_cmr,hinge,1.0,0.01,0.8619884318775601,1.1492367055681016,1.8500267797046237,0.5550080339113871,0.004104185642467605,0.0004104185642467605,0.1015625,0.011284722222222222,0.008745648380782869,0.0005276737113793691,0.7360000014305115
3,70,adaptive_crosssdc_cmr,hinge,1.0,0.01,0.8616949319839478,1.142012702094184,1.8490446276134915,0.5547133882840475,0.004543032083246443,0.00045430320832464435,0.10503472222222222,0.021701388888888888,0.008872001535362668,0.0009871514307128058,0.7404999732971191
3,71,adaptive_crosssdc_cmr,hinge,1.0,0.01,0.8525209360652499,1.1453159782621596,1.8433539470036824,0.5530061841011047,0.003672382276919153,0.0003672382276919153,0.09809027777777778,0.017361111111111112,0.007630802484022247,0.000730465269751019,0.7404999732971191
3,72,adaptive_crosssdc_cmr,hinge,1.0,0.01,0.8612367047203912,1.165472322040134,1.8658400509092543,0.5597520152727763,0.003860234593351682,0.00038602345933516825,0.09114583333333333,0.019097222222222224,0.0076191044516033595,0.0008443200753794776,0.734499990940094
3,73,adaptive_crosssdc_cmr,hinge,1.0,0.01,0.8501565059026083,1.1594563060336642,1.8384052515029907,0.5515215754508972,0.0037054818434019885,0.00037054818434019887,0.09809027777777778,0.010416666666666666,0.007665247139003541,0.0005393313864866892,0.7419999837875366
3,74,adaptive_crosssdc_cmr,hinge,1.0,0.01,0.8400473197301229,1.1477722856733534,1.8225939406288996,0.5467781821886698,0.0034393520682998416,0.0003439352068299842,0.08854166666666667,0.012152777777777778,0.007087392111619313,0.0005973983142111036,0.737500011920929
3,75,adaptive_crosssdc_cmr,hinge,1.0,0.01,0.8347612222035726,1.1590809027353923,1.8144770198398166,0.5443431059519449,0.0037383759239067635,0.00037383759239067635,0.08159722222222222,0.008680555555555556,0.0077569906910260516,0.0003814784189065297,0.7369999885559082
3,76,adaptive_crosssdc_cmr,hinge,1.0,0.01,0.8399529854456583,1.1467952595816717,1.8227856953938801,0.546835708618164,0.003155755629349086,0.0003155755629349086,0.08680555555555555,0.013888888888888888,0.006379038095474243,0.0006699384086661869,0.7419999837875366
3,77,adaptive_crosssdc_cmr,hinge,1.0,0.01,0.8459562261899313,1.1511745717790391,1.8152923848893907,0.5445877154668172,0.003594505691176487,0.0003594505691176487,0.09027777777777778,0.013020833333333334,0.007314576043023003,0.0005399336417516073,0.7354999780654907
3,78,adaptive_crosssdc_cmr,hinge,1.0,0.01,0.8530027667681376,1.151439110438029,1.822732024722629,0.5468196074167887,0.00392455629642225,0.00039245562964222496,0.09722222222222222,0.014756944444444444,0.007738366723060608,0.0008937178386582269,0.7429999709129333
3,79,adaptive_crosssdc_cmr,hinge,1.0,0.01,0.8603134685092502,1.1956818368699815,1.8609066539340549,0.5582719961802164,0.003997128586181336,0.0003997128586181336,0.08940972222222222,0.018229166666666668,0.007761241247256597,0.0010706538127528296,0.7394999861717224
3,80,adaptive_crosssdc_cmr,hinge,1.0,0.01,0.8433253367741903,1.1597183280520968,1.7992942200766668,0.539788266023,0.004949434298194117,0.0004949434298194117,0.0920138888888889,0.019965277777777776,0.009604337314764658,0.0008403824435340033,0.7360000014305115
3,81,adaptive_crosssdc_cmr,hinge,1.0,0.01,0.8387909730275472,1.161542468600803,1.7941694921917386,0.5382508476575215,0.0029490774290429223,0.00029490774290429224,0.07899305555555555,0.0078125,0.006225789172781838,0.0003141040603319804,0.7354999780654907
3,82,adaptive_crosssdc_cmr,hinge,1.0,0.01,0.8433643778165182,1.1858150296741061,1.819700903362698,0.5459102710088094,0.0037070775740883416,0.0003707077574088342,0.078125,0.011284722222222222,0.007512769351402919,0.0003881636593076918,0.7404999732971191
3,83,adaptive_crosssdc_cmr,hinge,1.0,0.01,0.854299869802263,1.2153650787141588,1.8633792532814875,0.5590137759844462,0.003724710601899359,0.0003724710601899359,0.0920138888888889,0.014756944444444444,0.0074704645408524405,0.000755806350045734,0.7369999885559082
3,84,adaptive_crosssdc_cmr,hinge,1.0,0.01,0.8348644309573703,1.1640950176450942,1.8203294674555461,0.5460988402366638,0.003196721435718549,0.00031967214357185494,0.0685763888888889,0.013020833333333334,0.006356152395407359,0.0006132796406745911,0.7419999837875366
3,85,adaptive_crosssdc_cmr,hinge,1.0,0.01,0.8497187693913778,1.2149929470486112,1.8489439090092976,0.5546831727027892,0.0025040661243514884,0.0002504066124351489,0.07118055555555555,0.008680555555555556,0.005249085525671641,0.0004007261660363939,0.7409999966621399
3,86,adaptive_crosssdc_cmr,hinge,1.0,0.01,0.82416922516293,1.1891837517420452,1.8128184080123901,0.543845522403717,0.003194504799062593,0.0003194504799062593,0.07899305555555555,0.014756944444444444,0.006242247091399299,0.0007713267372714148,0.7379999756813049
3,87,adaptive_crosssdc_cmr,hinge,1.0,0.01,0.8348462250497606,1.210870835516188,1.8337155712975397,0.5501146713892618,0.002564718526425875,0.0002564718526425875,0.0720486111111111,0.014756944444444444,0.005356324215730031,0.0006110891699790955,0.7369999885559082
3,88,adaptive_crosssdc_cmr,hinge,1.0,0.01,0.8254341549343533,1.191652814547221,1.8165895806418524,0.5449768741925557,0.0029044104740023613,0.00029044104740023614,0.06944444444444445,0.014756944444444444,0.005539384153154161,0.0007661891480286916,0.7394999861717224
3,89,adaptive_crosssdc_cmr,hinge,1.0,0.01,0.8212007681528727,1.1953834295272827,1.808160702387492,0.5424482107162476,0.0027557941826267373,0.00027557941826267376,0.07552083333333333,0.012152777777777778,0.005730385581652324,0.00038082235389285616,0.7415000200271606
3,90,adaptive_crosssdc_cmr,hinge,1.0,0.01,0.8241387539439731,1.1907271676593356,1.8166400459077623,0.5449920137723286,0.002343756457169851,0.00023437564571698508,0.06770833333333333,0.010416666666666666,0.004731071492036183,0.00048025987214512296,0.7419999837875366
3,91,adaptive_crosssdc_cmr,hinge,1.0,0.01,0.8227853973706564,1.2056202358669705,1.818225449985928,0.5454676349957784,0.00177337667102822,0.00017733766710282203,0.05555555555555555,0.011284722222222222,0.00350300595164299,0.0005641335414515601,0.7450000047683716
3,92,adaptive_crosssdc_cmr,hinge,1.0,0.01,0.8190598289171854,1.1907514201270208,1.8035059372584026,0.5410517811775207,0.002242927992483601,0.0002242927992483601,0.06684027777777778,0.011284722222222222,0.00435521908932262,0.0006626045538319482,0.7444999814033508
3,93,adaptive_crosssdc_cmr,hinge,1.0,0.01,0.834758977095286,1.2039423783620198,1.8228898180855646,0.5468669454256694,0.0027944057947024703,0.00027944057947024706,0.07291666666666667,0.011284722222222222,0.005797528144386079,0.0004451055493619707,0.7390000224113464
3,94,adaptive_crosssdc_cmr,hinge,1.0,0.01,0.827822036213345,1.197482426961263,1.808162318335639,0.5424486955006916,0.0033547780476510525,0.0003354778047651053,0.0842013888888889,0.015625,0.006684174554215537,0.0006102604998482598,0.7419999837875366
3,95,adaptive_crosssdc_cmr,hinge,1.0,0.01,0.8336256411340501,1.229316446516249,1.8209758467144437,0.5462927540143331,0.0024086711281496617,0.0002408671128149662,0.0642361111111111,0.008680555555555556,0.005057428446080949,0.00034181525309880573,0.7415000200271606
3,96,adaptive_crosssdc_cmr,hinge,1.0,0.01,0.82166987657547,1.2151175869835749,1.8048644728130765,0.541459341843923,0.0024405464064329863,0.00024405464064329864,0.07378472222222222,0.013888888888888888,0.004861737291018168,0.0005984343588352203,0.7409999966621399
3,97,adaptive_crosssdc_cmr,hinge,1.0,0.01,0.815235608153873,1.1989216539594862,1.799952851401435,0.5399858554204304,0.0021948389864216247,0.00021948389864216247,0.057291666666666664,0.008680555555555556,0.004456363825334443,0.00038948448167906865,0.7419999837875366
3,98,adaptive_crosssdc_cmr,hinge,1.0,0.01,0.8201292024718391,1.2222132947709825,1.8074926137924194,0.5422477841377258,0.0018662292633153913,0.00018662292633153915,0.057291666666666664,0.013020833333333334,0.0036833658814430237,0.0005903604129950205,0.7415000200271606
3,99,adaptive_crosssdc_cmr,hinge,1.0,0.01,0.8209575944476657,1.2288651333914862,1.8055306937959459,0.5416592081387838,0.0022737735675440896,0.00022737735675440896,0.06163194444444445,0.010416666666666666,0.0047163392106692,0.00032738720377286273,0.7450000047683716
3,100,adaptive_crosssdc_cmr,hinge,1.0,0.01,0.8243802057372199,1.2240731981065538,1.812510331471761,0.5437530994415283,0.0030330208958023125,0.0003033020895802313,0.07465277777777778,0.013020833333333334,0.006002652976248,0.0007215382324324714,0.7440000176429749
3,101,adaptive_crosssdc_cmr,hinge,1.0,0.01,0.8113393916024102,1.207474152247111,1.7885548273722331,0.5365664482116699,0.0019141919813894976,0.00019141919813894976,0.0546875,0.011284722222222222,0.0036878976970911026,0.00046452755729357403,0.7404999732971191
3,102,adaptive_crosssdc_cmr,hinge,1.0,0.01,0.8147112329800924,1.206969724761115,1.7960147725211248,0.5388044317563374,0.0016083200332812136,0.00016083200332812138,0.046875,0.015625,0.0030331557823552024,0.0006412412557337019,0.7394999861717224
3,103,adaptive_crosssdc_cmr,hinge,1.0,0.01,0.8132081429163615,1.2324372662438288,1.8052901559405856,0.5415870467821756,0.001440417791147613,0.0001440417791147613,0.049479166666666664,0.011284722222222222,0.0028804714481035867,0.00042569927043384977,0.7429999709129333
3,104,adaptive_crosssdc_cmr,hinge,1.0,0.01,0.8081299331453111,1.2445326778623793,1.8068778249952528,0.5420633474985759,0.0015800579955490928,0.00015800579955490928,0.04513888888888889,0.0078125,0.003296780917379591,0.00031789309448666044,0.737500011920929
3,105,adaptive_crosssdc_cmr,hinge,1.0,0.01,0.7947635187043084,1.2195245954725478,1.7709783713022869,0.531293511390686,0.0019221998275800918,0.00019221998275800918,0.05555555555555555,0.012152777777777778,0.004017478475968043,0.00041538476943969727,0.7465000152587891
3,106,adaptive_crosssdc_cmr,hinge,1.0,0.01,0.8000432915157742,1.2224654886457655,1.7942946354548137,0.5382883906364441,0.001350299869146612,0.0001350299869146612,0.04600694444444445,0.008680555555555556,0.0027606425185998282,0.00029545029004414874,0.7429999709129333
3,107,adaptive_crosssdc_cmr,hinge,1.0,0.01,0.7932604749997457,1.2274719211790297,1.7752720912297566,0.532581627368927,0.0013939280308679575,0.00013939280308679575,0.043402777777777776,0.004340277777777778,0.0030384568704499137,0.0001394413411617279,0.7404999732971191
3,108,adaptive_crosssdc_cmr,hinge,1.0,0.01,0.8063401182492574,1.2562610308329265,1.8126340177324083,0.5437902053197224,0.0016903896434491293,0.00016903896434491294,0.046875,0.0078125,0.0033969788087738883,0.00043339075313674077,0.746999979019165
3,109,adaptive_crosssdc_cmr,hinge,1.0,0.01,0.7978783382309808,1.2490707370969985,1.7896156443489923,0.5368846933046977,0.001559809598095146,0.00015598095980951462,0.052083333333333336,0.006076388888888889,0.003270835512214237,0.00026914518740442063,0.7404999732971191
3,110,adaptive_crosssdc_cmr,hinge,1.0,0.01,0.7924268245697021,1.2381064361996121,1.777807765536838,0.5333423296610514,0.0014057335340314442,0.00014057335340314443,0.03993055555555555,0.0026041666666666665,0.0031164197458161246,6.22508426507314e-05,0.7419999837875366
3,111,adaptive_crosssdc_cmr,hinge,1.0,0.01,0.8041181696785821,1.2682041592068143,1.8125212060080633,0.5437563618024189,0.0013371359188264857,0.0001337135918826486,0.04513888888888889,0.005208333333333333,0.0028546456661489275,0.00016210310988956026,0.7429999709129333
3,112,adaptive_crosssdc_cmr,hinge,1.0,0.01,0.7931600345505608,1.2250723706351385,1.7810412645339966,0.5343123793601989,0.0017729050951958117,0.00017729050951958118,0.052083333333333336,0.006076388888888889,0.0035544687675105203,0.00040405078066719905,0.7440000176429749
3,113,adaptive_crosssdc_cmr,hinge,1.0,0.01,0.7942102948824564,1.2446211841371324,1.7828479078080919,0.5348543723424275,0.001317410710422943,0.0001317410710422943,0.049479166666666664,0.004340277777777778,0.00279681964053048,0.00017360266711976792,0.7425000071525574
3,114,adaptive_crosssdc_cmr,hinge,1.0,0.01,0.7972166935602824,1.2529461913638644,1.7946890592575073,0.5384067177772521,0.0012170655851756844,0.00012170655851756845,0.044270833333333336,0.006944444444444444,0.002574863119257821,0.00024955512748824223,0.7425000071525574
3,115,adaptive_crosssdc_cmr,hinge,1.0,0.01,0.7892845273017883,1.243615706761678,1.7793991565704346,0.5338197469711303,0.0020899094007391897,0.00020899094007391898,0.050347222222222224,0.011284722222222222,0.003959001766310798,0.0006055235862731934,0.7444999814033508
3,116,adaptive_crosssdc_cmr,hinge,1.0,0.01,0.7891443371772766,1.2630238268110487,1.787893295288086,0.5363679885864258,0.0013792822137475014,0.00013792822137475015,0.043402777777777776,0.005208333333333333,0.0028279324372609458,0.0001698024570941925,0.7444999814033508
3,117,adaptive_crosssdc_cmr,hinge,1.0,0.01,0.7915067540274726,1.253315462006463,1.7854582203759088,0.5356374661127726,0.0014613589090812537,0.00014613589090812539,0.04600694444444445,0.004340277777777778,0.003051559958193037,0.00019942182633611892,0.7434999942779541
3,118,adaptive_crosssdc_cmr,hinge,1.0,0.01,0.800005402829912,1.27777275774214,1.8025019301308527,0.5407505790392558,0.0014209014900390888,0.0001420901490039089,0.04861111111111111,0.006944444444444444,0.00293508627348476,0.0003815885219309065,0.7484999895095825
3,119,adaptive_crosssdc_cmr,hinge,1.0,0.01,0.7909334897994995,1.267681982782152,1.7889413701163397,0.5366824110349019,0.0013186805687534313,0.00013186805687534313,0.03819444444444445,0.008680555555555556,0.0024580785797701944,0.0004533508585558997,0.7415000200271606
3,120,adaptive_crosssdc_cmr,hinge,1.0,0.01,0.7844825718137953,1.2390666140450373,1.7749871677822537,0.5324961503346761,0.0013018896570429206,0.00013018896570429205,0.044270833333333336,0.006076388888888889,0.0027690931326813167,0.0002568641470538245,0.7415000200271606
3,121,adaptive_crosssdc_cmr,hinge,1.0,0.01,0.7845537861188253,1.2514477968215942,1.764159573449029,0.5292478720347087,0.0015642935565362375,0.00015642935565362377,0.052083333333333336,0.006944444444444444,0.0034103617072105408,0.00031870189640257094,0.7450000047683716
3,122,adaptive_crosssdc_cmr,hinge,1.0,0.01,0.7876254916191101,1.2596044805314806,1.770080778333876,0.5310242335001627,0.0013451699148087453,0.00013451699148087453,0.044270833333333336,0.008680555555555556,0.002801535444127189,0.00027841909064186946,0.7429999709129333
3,123,adaptive_crosssdc_cmr,hinge,1.0,0.01,0.7891562382380167,1.2551447418000963,1.771473937564426,0.5314421812693277,0.0012017867039604527,0.00012017867039604528,0.03993055555555555,0.0078125,0.0022776880198054844,0.000489190634753969,0.7400000095367432
3,124,adaptive_crosssdc_cmr,hinge,1.0,0.01,0.7894136044714186,1.2628650267918904,1.7711240582995944,0.5313372174898783,0.0016085050883702934,0.00016085050883702935,0.043402777777777776,0.006076388888888889,0.0031796308855215707,0.0003056265413761139,0.7465000152587891
3,125,adaptive_crosssdc_cmr,hinge,1.0,0.01,0.7869772911071777,1.247104737493727,1.765682405895657,0.5297047217686971,0.001707016943126089,0.00017070169431260892,0.042534722222222224,0.006944444444444444,0.003489222377538681,0.000264506373140547,0.7490000128746033
3,126,adaptive_crosssdc_cmr,hinge,1.0,0.01,0.7999911573198106,1.2996445364422269,1.799697717030843,0.5399093151092529,0.0013194006104539665,0.00013194006104539667,0.04774305555555555,0.008680555555555556,0.002621813780731625,0.0004207462900214725,0.7444999814033508
3,127,adaptive_crosssdc_cmr,hinge,1.0,0.01,0.7828130722045898,1.2547465827729967,1.7535521189371746,0.5260656356811524,0.0014817758249895026,0.00014817758249895027,0.059027777777777776,0.0078125,0.003256724112563663,0.0001509197884135776,0.7450000047683716
3,128,adaptive_crosssdc_cmr,hinge,1.0,0.01,0.7912769516309103,1.2816136280695598,1.781792442003886,0.5345377326011658,0.0013922136923712161,0.00013922136923712162,0.049479166666666664,0.010416666666666666,0.0028725978400972155,0.00038465360800425213,0.7415000200271606
3,129,adaptive_crosssdc_cmr,hinge,1.0,0.01,0.7993129955397712,1.2987574206458197,1.8151900635825262,0.5445570190747578,0.0007776667545032171,7.77666754503217e-05,0.030381944444444444,0.004340277777777778,0.001664886044131385,0.0001022020975748698,0.7425000071525574
3,130,adaptive_crosssdc_cmr,hinge,1.0,0.01,0.7806332045131259,1.2533201906416152,1.7536173264185588,0.5260851979255676,0.0012090552740523384,0.00012090552740523385,0.04513888888888889,0.009548611111111112,0.0025313860840267604,0.0003169625997543335,0.7400000095367432
3,131,adaptive_crosssdc_cmr,hinge,1.0,0.01,0.7870295577579074,1.2938902510537043,1.785032484266493,0.5355097452799479,0.0009454152249317202,9.454152249317202e-05,0.036458333333333336,0.006076388888888889,0.00205270325144132,0.0002437809275256263,0.7459999918937683
3,132,adaptive_crosssdc_cmr,hinge,1.0,0.01,0.7774170835812887,1.2701540523105197,1.7560666269726224,0.5268199880917867,0.0012346605298161092,0.00012346605298161093,0.044270833333333336,0.006076388888888889,0.002493203514152103,0.0002899567286173503,0.7440000176429749
3,133,adaptive_crosssdc_cmr,hinge,1.0,0.01,0.7820266551441617,1.2886803679996066,1.769641015264723,0.5308923045794169,0.0009617188366569786,9.617188366569786e-05,0.03125,0.008680555555555556,0.00191730840338601,0.00037036422226164077,0.7444999814033508
3,134,adaptive_crosssdc_cmr,hinge,1.0,0.01,0.7863869269688925,1.2990212308035956,1.7918968730502658,0.5375690619150797,0.000764953008102667,7.649530081026672e-05,0.034722222222222224,0.003472222222222222,0.0017655793991353777,0.0001072341369258033,0.7475000023841858
3,135,adaptive_crosssdc_cmr,hinge,1.0,0.01,0.7816694180170695,1.2856330341762967,1.7751911746131048,0.5325573523839314,0.0008606080033738787,8.606080033738787e-05,0.03298611111111111,0.008680555555555556,0.0017971686191029018,0.0002984926104545593,0.7429999709129333
3,136,adaptive_crosssdc_cmr,hinge,1.0,0.01,0.770098970996009,1.2636950943205092,1.7500279876920912,0.5250083963076273,0.0007681181693139175,7.681181693139176e-05,0.035590277777777776,0.008680555555555556,0.0015115042527516682,0.00039285504155688814,0.746999979019165
3,137,adaptive_crosssdc_cmr,hinge,1.0,0.01,0.7745740347438388,1.2776351902219985,1.7599601480695937,0.5279880444208781,0.0011384173833195949,0.00011384173833195949,0.03819444444444445,0.0078125,0.002015798870060179,0.0005717496905061933,0.75
3,138,adaptive_crosssdc_cmr,hinge,1.0,0.01,0.7924177381727431,1.3149004909727309,1.810632414287991,0.5431897242863973,0.0008674534199397183,8.674534199397184e-05,0.03819444444444445,0.004340277777777778,0.0019477738274468316,0.00010128526224030388,0.7390000224113464
3,139,adaptive_crosssdc_cmr,hinge,1.0,0.01,0.7840699288580153,1.303597503238254,1.780081656244066,0.5340244968732197,0.0014859006429711978,0.0001485900642971198,0.03819444444444445,0.008680555555555556,0.0027829905351003013,0.0005065384838316175,0.7409999966621399
3,140,adaptive_crosssdc_cmr,hinge,1.0,0.01,0.7901418275303311,1.29670160346561,1.7776185539033678,0.5332855661710103,0.001653424194147293,0.0001653424194147293,0.04513888888888889,0.005208333333333333,0.0034821944104300607,0.00021155675252278647,0.7429999709129333
3,141,adaptive_crosssdc_cmr,hinge,1.0,0.01,0.7855561905437045,1.2821996476915147,1.755536953608195,0.5266610860824585,0.001143415553896274,0.0001143415553896274,0.041666666666666664,0.004340277777777778,0.002430890997250875,0.00021251539389292398,0.7429999709129333
3,142,adaptive_crosssdc_cmr,hinge,1.0,0.01,0.7957415050930448,1.297793494330512,1.7830568552017212,0.5349170565605164,0.0016271291921536128,0.0001627129192153613,0.049479166666666664,0.006944444444444444,0.0032623720665772757,0.00035178661346435547,0.7440000176429749
3,143,adaptive_crosssdc_cmr,hinge,1.0,0.01,0.7989551292525398,1.2985475725597806,1.7890106307135687,0.5367031892140706,0.0016193194961589244,0.00016193194961589246,0.04861111111111111,0.0078125,0.0032130757139788736,0.00032071727845403884,0.7415000200271606
3,144,adaptive_crosssdc_cmr,hinge,1.0,0.01,0.8083235224088033,1.3165762821833293,1.7912075652016535,0.537362269560496,0.0024342916424049893,0.00024342916424049894,0.0720486111111111,0.006944444444444444,0.005082741379737854,0.00035694696837001375,0.7440000176429749
3,145,adaptive_crosssdc_cmr,hinge,1.0,0.01,0.7970524695184495,1.2972995572619967,1.7769091261757746,0.5330727378527323,0.002518948267809012,0.0002518948267809012,0.05555555555555555,0.010416666666666666,0.004785921424627304,0.0005827186008294424,0.7475000023841858
3,146,adaptive_crosssdc_cmr,hinge,1.0,0.01,0.796046601401435,1.3059524165259466,1.7722927464379206,0.5316878239313761,0.001617327600898635,0.00016173276008986352,0.03993055555555555,0.013020833333333334,0.002800704704390632,0.0006661713123321533,0.7434999942779541
3,147,adaptive_crosssdc_cmr,hinge,1.0,0.01,0.7786730527877808,1.2698101997375488,1.750578072335985,0.5251734217007955,0.000894326406220595,8.94326406220595e-05,0.03298611111111111,0.005208333333333333,0.0018670037388801575,0.00018293244971169365,0.7455000281333923
3,148,adaptive_crosssdc_cmr,hinge,1.0,0.01,0.7803513341479831,1.292273826069302,1.7601857450273302,0.5280557235081991,0.0010621258487743842,0.00010621258487743842,0.03125,0.006076388888888889,0.002076149814658695,0.0002902642720275455,0.7450000047683716
3,149,adaptive_crosssdc_cmr,hinge,1.0,0.01,0.7798514167467753,1.310136702325609,1.7670047680536907,0.5301014304161071,0.0010528368697527589,0.00010528368697527589,0.036458333333333336,0.0026041666666666665,0.0023592751887109545,8.502147263950772e-05,0.7480000257492065
3,150,adaptive_crosssdc_cmr,hinge,1.0,0.01,0.7799384660191007,1.300505797068278,1.7646561993492975,0.5293968598047892,0.0007283640764702189,7.28364076470219e-05,0.030381944444444444,0.004340277777777778,0.001675131834215588,0.0001282447742091285,0.7434999942779541
3,151,adaptive_crosssdc_cmr,hinge,1.0,0.01,0.7761923869450887,1.2958155737982855,1.7614026069641113,0.5284207820892334,0.0011060798634490413,0.00011060798634490413,0.036458333333333336,0.008680555555555556,0.002010446455743578,0.0005260813567373487,0.7459999918937683
3,152,adaptive_crosssdc_cmr,hinge,1.0,0.01,0.7745168275303311,1.2993069754706488,1.7660229338539972,0.5298068801561991,0.0011016366544127879,0.00011016366544127879,0.03211805555555555,0.004340277777777778,0.0019172893630133735,0.0005634766485955981,0.7480000257492065
3,153,adaptive_crosssdc_cmr,hinge,1.0,0.01,0.7742612626817491,1.3061690595414903,1.7668155034383137,0.5300446510314941,0.0007437513704644516,7.437513704644516e-05,0.033854166666666664,0.003472222222222222,0.00169202478395568,0.0001462569667233361,0.7480000257492065
3,154,adaptive_crosssdc_cmr,hinge,1.0,0.01,0.7829510105980767,1.321802748574151,1.7874235312143962,0.5362270593643188,0.0010273490980681446,0.00010273490980681446,0.034722222222222224,0.008680555555555556,0.0017310107747713725,0.0006128557854228549,0.7429999709129333
3,155,adaptive_crosssdc_cmr,hinge,1.0,0.01,0.7805321878857083,1.3109055095248752,1.7689802646636963,0.5306940793991088,0.0008731320396893554,8.731320396893554e-05,0.033854166666666664,0.001736111111111111,0.0020545158121320936,9.051503406630622e-05,0.7404999732971191
3,156,adaptive_crosssdc_cmr,hinge,1.0,0.01,0.7794841395484077,1.3172678682539198,1.7656678756078084,0.5297003626823424,0.0013543627153719878,0.0001354362715371988,0.041666666666666664,0.011284722222222222,0.0023926960097418893,0.0006313323974609375,0.75
3,157,adaptive_crosssdc_cmr,hinge,1.0,0.01,0.7812656296624078,1.302647007836236,1.7686688502629597,0.5306006550788879,0.0010121594791093634,0.00010121594791093635,0.03819444444444445,0.0078125,0.0019764697386158835,0.0003822685943709479,0.7429999709129333
3,158,adaptive_crosssdc_cmr,hinge,1.0,0.01,0.7740094198120965,1.3081930345959134,1.7596714364157782,0.5279014309247334,0.0008693210133717204,8.693210133717205e-05,0.034722222222222224,0.006944444444444444,0.0017763599753379822,0.000294091800848643,0.7455000281333923
3,159,adaptive_crosssdc_cmr,hinge,1.0,0.01,0.7672534320089552,1.3152069118287828,1.756734397676256,0.5270203193028767,0.0006921924468770158,6.921924468770158e-05,0.030381944444444444,0.006944444444444444,0.0014596465561125013,0.000274046841594908,0.7429999709129333
3,160,adaptive_crosssdc_cmr,hinge,1.0,0.01,0.7709380719396803,1.3185270097520616,1.7728299034966364,0.5318489710489909,0.0005361880806352323,5.361880806352323e-05,0.026909722222222224,0.006076388888888889,0.0011080635918511285,0.0002757414347595639,0.7475000023841858
3,161,adaptive_crosssdc_cmr,hinge,1.0,0.01,0.7572732435332404,1.2892239226235285,1.7353414164649115,0.5206024249394734,0.0004830822807788435,4.830822807788435e-05,0.025173611111111112,0.004340277777777778,0.0010668937530782488,0.00016064693530400595,0.7484999895095825
3,162,adaptive_crosssdc_cmr,hinge,1.0,0.01,0.7645282480451796,1.3167933490541246,1.7576480044258966,0.527294401327769,0.000765748124750745,7.657481247507451e-05,0.029513888888888888,0.004340277777777778,0.0016336395508713191,0.0001629301243358188,0.7425000071525574
3,163,adaptive_crosssdc_cmr,hinge,1.0,0.01,0.759522431426578,1.3170895046657987,1.7476026746961806,0.5242808024088541,0.00043256584386755194,4.3256584386755194e-05,0.019965277777777776,0.006076388888888889,0.0008511725399229261,0.00029522056380907696,0.746999979019165
3,164,adaptive_crosssdc_cmr,hinge,1.0,0.01,0.7703016466564603,1.3409418529934354,1.78134904967414,0.534404714902242,0.0003922609919552795,3.922609919552795e-05,0.020833333333333332,0.0026041666666666665,0.0009266047014130487,9.61137314637502e-05,0.7459999918937683
3,165,adaptive_crosssdc_cmr,hinge,1.0,0.01,0.7641055716408623,1.320669068230523,1.7635083066092596,0.5290524919827778,0.000431311474029725,4.31311474029725e-05,0.0234375,0.004340277777777778,0.0009583367241753472,0.0001380770570702023,0.7440000176429749
3,166,adaptive_crosssdc_cmr,hinge,1.0,0.01,0.7569501929812961,1.3060923152499728,1.7402556869718764,0.5220767060915629,0.001061852626864695,0.0001061852626864695,0.041666666666666664,0.006076388888888889,0.002277038577530119,0.00017253971762127348,0.7394999861717224
3,167,adaptive_crosssdc_cmr,hinge,1.0,0.01,0.7606880929734972,1.3116059833102756,1.7460828754636977,0.5238248626391093,0.0006444002534004136,6.444002534004136e-05,0.03298611111111111,0.005208333333333333,0.001437007553047604,0.00021872545282046,0.7434999942779541
3,168,adaptive_crosssdc_cmr,hinge,1.0,0.01,0.7755481335851881,1.3456818792555068,1.782877763112386,0.5348633289337158,0.0005177251902447703,5.177251902447703e-05,0.024305555555555556,0.0026041666666666665,0.0011715197728739844,0.00010366530881987678,0.7494999766349792
3,169,adaptive_crosssdc_cmr,hinge,1.0,0.01,0.7657446066538492,1.3091566960016887,1.7515779733657837,0.5254733920097351,0.0009146742037652681,9.146742037652681e-05,0.033854166666666664,0.006944444444444444,0.0018323374291261036,0.00033863592478964064,0.7434999942779541
3,170,adaptive_crosssdc_cmr,hinge,1.0,0.01,0.7690861225128174,1.3243898550669353,1.7545370128419664,0.5263611038525899,0.0008141858529092537,8.141858529092537e-05,0.035590277777777776,0.006944444444444444,0.0016160462465551165,0.0003163872493637933,0.7459999918937683
3,171,adaptive_crosssdc_cmr,hinge,1.0,0.01,0.7780618402693007,1.3446421490775213,1.7762019634246826,0.5328605890274047,0.0004451142873828455,4.451142873828455e-05,0.026909722222222224,0.005208333333333333,0.0009357105526659223,0.0002191571725739373,0.7465000152587891
3,172,adaptive_crosssdc_cmr,hinge,1.0,0.01,0.7747959428363376,1.3387966950734456,1.7580896880891588,0.5274269064267476,0.0009134427657247417,9.134427657247418e-05,0.035590277777777776,0.0026041666666666665,0.0020503894322448308,7.624675830205281e-05,0.737500011920929
3,173,adaptive_crosssdc_cmr,hinge,1.0,0.01,0.7753756509886848,1.342723634507921,1.771867209010654,0.5315601627031962,0.0009182237424991197,9.182237424991197e-05,0.04079861111111111,0.004340277777777778,0.00196484559112125,0.0001716783477200402,0.7425000071525574
3,174,adaptive_crosssdc_cmr,hinge,1.0,0.01,0.7703497608502706,1.3099482854207356,1.7494040065341525,0.5248212019602457,0.0008165051339245918,8.16505133924592e-05,0.027777777777777776,0.006076388888888889,0.0015783910122182635,0.00029454628626505536,0.7394999861717224
3,175,adaptive_crosssdc_cmr,hinge,1.0,0.01,0.7659883565372891,1.3076180617014568,1.7399279144075182,0.5219783743222555,0.0008712048082897025,8.712048082897026e-05,0.033854166666666664,0.006076388888888889,0.0017917309370305804,0.0002597450382179684,0.7444999814033508
3,176,adaptive_crosssdc_cmr,hinge,1.0,0.01,0.7784860465261672,1.3449217743343778,1.7854809628592596,0.5356442888577778,0.000757978637314712,7.579786373147121e-05,0.029513888888888888,0.008680555555555556,0.001350478579600652,0.00047561153769493103,0.7379999756813049
3,177,adaptive_crosssdc_cmr,hinge,1.0,0.01,0.7665330436494615,1.334554632504781,1.753199405140347,0.5259598215421041,0.0007613068689048911,7.613068689048911e-05,0.029513888888888888,0.003472222222222222,0.0016737634109126197,0.00011888974242740207,0.7429999709129333
3,178,adaptive_crosssdc_cmr,hinge,1.0,0.01,0.7693327400419447,1.3291049533420138,1.7584053940243192,0.5275216182072957,0.0005624023655804598,5.624023655804598e-05,0.029513888888888888,0.004340277777777778,0.0012386726836363475,0.00015210318896505568,0.7404999732971191
3,179,adaptive_crosssdc_cmr,hinge,1.0,0.01,0.7671136789851718,1.3461172580718994,1.7646112706926134,0.5293833812077839,0.0006417995431951971,6.417995431951971e-05,0.026909722222222224,0.003472222222222222,0.0014452743861410352,8.632491032282512e-05,0.7394999861717224
3,180,adaptive_crosssdc_cmr,hinge,1.0,0.01,0.7670192056232028,1.3450974888271756,1.7663043075137668,0.52989129225413,0.0005640665056287415,5.640665056287415e-05,0.026041666666666668,0.003472222222222222,0.0012483373284339905,0.00015648992525206672,0.7409999966621399
3,181,adaptive_crosssdc_cmr,hinge,1.0,0.01,0.7755195962058173,1.3503573073281183,1.7823617060979207,0.5347085118293762,0.0005251937212859856,5.2519372128598555e-05,0.027777777777777776,0.004340277777777778,0.0012062680390146044,0.00012101522750324673,0.7429999709129333
3,182,adaptive_crosssdc_cmr,hinge,1.0,0.01,0.7615372008747525,1.329125099711948,1.7440118789672852,0.5232035636901855,0.0008183002420183686,8.183002420183686e-05,0.03211805555555555,0.006076388888888889,0.0015855820642577277,0.00032954000764422945,0.7425000071525574
3,183,adaptive_crosssdc_cmr,hinge,1.0,0.01,0.7512138618363274,1.3070898585849338,1.7218874030643039,0.5165662209192912,0.0006565815874637337,6.565815874637337e-05,0.026041666666666668,0.0026041666666666665,0.0014457764724890392,0.0001322159336672889,0.7400000095367432
3,184,adaptive_crosssdc_cmr,hinge,1.0,0.01,0.7668198413319058,1.3409864372677274,1.7657725281185574,0.5297317584355672,0.000555545111031582,5.55545111031582e-05,0.022569444444444444,0.006076388888888889,0.0008742958307266235,0.0004393292797936334,0.7425000071525574
3,185,adaptive_crosssdc_cmr,hinge,1.0,0.01,0.7570972442626953,1.341648088561164,1.750996987024943,0.5252990961074829,0.0004971191646403225,4.971191646403225e-05,0.03298611111111111,0.003472222222222222,0.0012183102468649547,9.773257705900405e-05,0.7404999732971191
3,186,adaptive_crosssdc_cmr,hinge,1.0,0.01,0.7693403628137376,1.3520262108908758,1.768221590254042,0.5304664770762125,0.0006555279299694424,6.555279299694425e-05,0.024305555555555556,0.004340277777777778,0.0013343609041637844,0.00018054495255152384,0.746999979019165
3,187,adaptive_crosssdc_cmr,hinge,1.0,0.01,0.772658129533132,1.3430101871490479,1.7619917260275946,0.5285975178082783,0.0009134834237758898,9.134834237758899e-05,0.033854166666666664,0.005208333333333333,0.0020066661139329276,0.00015421584248542786,0.7379999756813049
3,188,adaptive_crosssdc_cmr,hinge,1.0,0.01,0.7683498726950752,1.3315982288784451,1.7471202082104154,0.5241360624631246,0.0007444428790929831,7.444428790929831e-05,0.03211805555555555,0.005208333333333333,0.0014989405042595333,0.0002029144929514991,0.7335000038146973
3,189,adaptive_crosssdc_cmr,hinge,1.0,0.01,0.9270248148176405,1.3696084684795804,1.7800502909554377,0.5340150872866313,0.013469793109430207,0.0013469793109430208,0.1545138888888889,0.016493055555555556,0.025533145293593407,0.001547765400674608,0.7319999933242798
3,190,adaptive_crosssdc_cmr,hinge,1.0,0.01,0.8682052426868014,1.3406711154513888,1.75386381149292,0.526159143447876,0.015029083368264966,0.0015029083368264967,0.1440972222222222,0.019097222222222224,0.027548731615146,0.001864766495095359,0.7400000095367432
3,191,adaptive_crosssdc_cmr,hinge,1.0,0.01,0.8295145763291253,1.3324541118409898,1.7586600250667996,0.5275980075200398,0.00686850561760366,0.000686850561760366,0.1032986111111111,0.019965277777777776,0.012447791794935862,0.0017567256258593665,0.7419999837875366
3,192,adaptive_crosssdc_cmr,hinge,1.0,0.01,0.7993022667037116,1.3248593277401395,1.7578437725702922,0.5273531317710877,0.002798679194206165,0.0002798679194206165,0.052083333333333336,0.013888888888888888,0.004737623035907745,0.0012831857634915246,0.737500011920929
3,193,adaptive_crosssdc_cmr,hinge,1.0,0.01,0.7872897519005669,1.3430866400400798,1.7699571583006117,0.5309871474901835,0.002000102288244913,0.0002000102288244913,0.03819444444444445,0.006944444444444444,0.0035734160078896415,0.0005152734617392222,0.7384999990463257
3,194,adaptive_crosssdc_cmr,hinge,1.0,0.01,0.7726472748650445,1.3317890961964924,1.752608233027988,0.5257824699083964,0.0009932015422641092,9.932015422641093e-05,0.030381944444444444,0.009548611111111112,0.0017109496725930108,0.0005597728821966383,0.737500011920929
3,195,adaptive_crosssdc_cmr,hinge,1.0,0.01,0.7772128118409051,1.3544537756178114,1.771820929315355,0.5315462787946065,0.000988858300843276,9.888583008432761e-05,0.029513888888888888,0.004340277777777778,0.001743457383579678,0.00043968111276626587,0.7459999918937683
3,196,adaptive_crosssdc_cmr,hinge,1.0,0.01,0.7564806607034471,1.317822813987732,1.7341522773106892,0.5202456831932067,0.00034614404608469666,3.4614404608469664e-05,0.010416666666666666,0.005208333333333333,0.0005245324638154772,0.0003398474719789293,0.7425000071525574
3,197,adaptive_crosssdc_cmr,hinge,1.0,0.01,0.7766881717575921,1.3763859669367473,1.8058356708950467,0.541750701268514,0.0004616652715614893,4.616652715614894e-05,0.021701388888888888,0.006076388888888889,0.0009233678380648295,0.0002670110099845462,0.7360000014305115
3,198,adaptive_crosssdc_cmr,hinge,1.0,0.01,0.7551651994387308,1.338295406765408,1.75311103132036,0.5259333093961079,0.0005652943796626965,5.6529437966269656e-05,0.019965277777777776,0.005208333333333333,0.0008755322131845686,0.00042645964357588027,0.7444999814033508
3,199,adaptive_crosssdc_cmr,hinge,1.0,0.01,0.752401504251692,1.3393433491388957,1.7456813123491075,0.5237043937047322,0.0003018362957744911,3.0183629577449112e-05,0.016493055555555556,0.003472222222222222,0.0006563241283098856,0.0001635812222957611,0.7459999918937683
4,0,adaptive_crosssdc_cmr,hinge,1.0,0.01,3.0617059071858725,0.7248140705956353,1.9817543824513753,0.5945263147354125,0.6125112639533149,0.06125112639533149,0.8663194444444444,0.7508680555555556,0.9173088669776917,0.3067610826757219,0.5708000063896179
4,1,adaptive_crosssdc_cmr,hinge,1.0,0.01,2.3069603178236218,0.7510004507170783,1.9494816462198894,0.5848444938659668,0.5457252893182967,0.05457252893182967,0.9895833333333334,0.6753472222222222,0.9225857390297784,0.17541934384240043,0.5860000252723694
4,2,adaptive_crosssdc_cmr,hinge,1.0,0.01,1.9330780903498332,0.6283796959453158,1.8713761303159926,0.5614128390947978,0.2980838219324748,0.029808382193247482,0.953125,0.6493055555555556,0.4728991488615672,0.1357503135999044,0.598800003528595
4,3,adaptive_crosssdc_cmr,hinge,1.0,0.01,1.7102899683846369,0.6003715793291727,1.8229433960384793,0.5468830188115438,0.23692233694924247,0.02369223369492425,0.9296875,0.625,0.3463016748428345,0.1387330409553316,0.6039999723434448
4,4,adaptive_crosssdc_cmr,hinge,1.0,0.01,1.571803821457757,0.6197372343805101,1.802976303630405,0.5408928910891214,0.18814305464426676,0.018814305464426678,0.8680555555555556,0.6388888888888888,0.2647267414463891,0.12653174416886437,0.6043999791145325
4,5,adaptive_crosssdc_cmr,hinge,1.0,0.01,1.4594933324389987,0.6371523936589559,1.7687305079566107,0.5306191523869832,0.17207656304041544,0.017207656304041544,0.8689236111111112,0.5555555555555556,0.2479264818959766,0.11087418347597122,0.6079999804496765
4,6,adaptive_crosssdc_cmr,hinge,1.0,0.01,1.3906771077050104,0.6452466977967156,1.7850659290949504,0.5355197787284851,0.16449586550394693,0.016449586550394694,0.8454861111111112,0.5651041666666666,0.22752700911627877,0.11355790081951353,0.6115999817848206
4,7,adaptive_crosssdc_cmr,hinge,1.0,0.01,1.3256513939963446,0.637134227487776,1.7602192693286471,0.5280657807985941,0.14103918936517504,0.014103918936517504,0.8263888888888888,0.4817708333333333,0.20830419990751478,0.08597758660713832,0.6144000291824341
4,8,adaptive_crosssdc_cmr,hinge,1.0,0.01,1.2704687118530273,0.6638635529412164,1.7479043669170804,0.524371310075124,0.12028253823518753,0.012028253823518754,0.7569444444444444,0.4522569444444444,0.17329147458076477,0.07884637680318621,0.6212000250816345
4,9,adaptive_crosssdc_cmr,hinge,1.0,0.01,1.2320835060543485,0.6594119535552131,1.7461318174997966,0.5238395452499389,0.11937475287252003,0.011937475287252003,0.7534722222222222,0.4201388888888889,0.1768446316321691,0.07237699586484167,0.6251999735832214
4,10,adaptive_crosssdc_cmr,hinge,1.0,0.01,1.204075813293457,0.7099138034714593,1.7610061830944486,0.5283018549283346,0.10510479079352485,0.010510479079352486,0.7005208333333334,0.3975694444444444,0.15472261938783857,0.06604148488905695,0.6255999803543091
4,11,adaptive_crosssdc_cmr,hinge,1.0,0.01,1.1597225533591375,0.6736537681685554,1.713687578837077,0.514106273651123,0.09128821144501369,0.00912882114450137,0.6935763888888888,0.3220486111111111,0.14450652731789482,0.04862961338626014,0.6344000101089478
4,12,adaptive_crosssdc_cmr,hinge,1.0,0.01,1.14039327038659,0.6965701513820224,1.7238093217213948,0.5171427965164184,0.09526499857505162,0.009526499857505163,0.6987847222222222,0.3446180555555556,0.14326132088899612,0.05747384288244777,0.6388000249862671
4,13,adaptive_crosssdc_cmr,hinge,1.0,0.01,1.126629180378384,0.7224181493123373,1.7485805749893188,0.5245741724967956,0.07876813080575731,0.007876813080575732,0.6345486111111112,0.3064236111111111,0.12175147980451584,0.04496176871988508,0.6407999992370605
4,14,adaptive_crosssdc_cmr,hinge,1.0,0.01,1.097030480702718,0.7055174377229478,1.739527040057712,0.5218581120173136,0.07500520596901576,0.007500520596901577,0.6458333333333334,0.2899305555555556,0.11998143957720862,0.03989246694578065,0.6407999992370605
4,15,adaptive_crosssdc_cmr,hinge,1.0,0.01,1.0594259632958307,0.6893746323055692,1.6679212119844224,0.5003763635953267,0.06698938293589486,0.006698938293589487,0.6128472222222222,0.28125,0.1087342037094964,0.035608383930391736,0.6456000208854675
4,16,adaptive_crosssdc_cmr,hinge,1.0,0.01,1.0560360882017348,0.7132365107536316,1.7026246388753254,0.5107873916625976,0.06431080028414726,0.006431080028414727,0.5833333333333334,0.23697916666666666,0.10984198335144255,0.02747537112898297,0.651199996471405
4,17,adaptive_crosssdc_cmr,hinge,1.0,0.01,1.0285733739535015,0.712761640548706,1.6623712380727131,0.49871137142181393,0.059455018076631755,0.005945501807663176,0.5711805555555556,0.23350694444444445,0.09923123319943745,0.02855792807208167,0.652400016784668
4,18,adaptive_crosssdc_cmr,hinge,1.0,0.01,1.026381982697381,0.7295663621690538,1.6846034791734483,0.5053810437520345,0.04913630046778255,0.004913630046778255,0.5260416666666666,0.2144097222222222,0.08379550774892171,0.022987512664662466,0.652400016784668
4,19,adaptive_crosssdc_cmr,hinge,1.0,0.01,1.001731554667155,0.7071125043763055,1.6431705951690674,0.4929511785507202,0.05012596108847194,0.0050125961088471945,0.5208333333333334,0.19791666666666666,0.08601728164487416,0.022644991262091532,0.6564000248908997
4,20,adaptive_crosssdc_cmr,hinge,1.0,0.01,0.9949256181716919,0.7275732490751479,1.6627792252434626,0.49883376757303877,0.045425019330448575,0.0045425019330448575,0.5217013888888888,0.18489583333333334,0.07836497119731373,0.020982679807477526,0.6571999788284302
4,21,adaptive_crosssdc_cmr,hinge,1.0,0.01,0.990103973282708,0.7729236947165595,1.6836369964811537,0.5050910989443461,0.04230073591073354,0.004230073591073354,0.4661458333333333,0.20225694444444445,0.07270306679937574,0.01960596897535854,0.6620000004768372
4,22,adaptive_crosssdc_cmr,hinge,1.0,0.01,0.9790017935964797,0.7539937297503153,1.6596767372555203,0.4979030211766561,0.03489326768451267,0.003489326768451267,0.4331597222222222,0.1762152777777778,0.06135650806956821,0.015805650916364457,0.6620000004768372
4,23,adaptive_crosssdc_cmr,hinge,1.0,0.01,0.954128172662523,0.7413693798912896,1.6485857831107245,0.4945757349332173,0.03589634348948797,0.003589634348948797,0.4401041666666667,0.1675347222222222,0.06408865418699053,0.01519695296883583,0.6656000018119812
4,24,adaptive_crosssdc_cmr,hinge,1.0,0.01,0.9508445991410149,0.7624363568094041,1.63925924566057,0.49177777369817094,0.02885890586508645,0.0028858905865086454,0.3923611111111111,0.1423611111111111,0.05344137880537245,0.01025693491101265,0.671999990940094
4,25,adaptive_crosssdc_cmr,hinge,1.0,0.01,0.9382064607408311,0.7514768772655063,1.6277910603417292,0.48833731810251874,0.02747751461962859,0.002747751461962859,0.3767361111111111,0.12152777777777778,0.051573529839515686,0.009594873835643133,0.6743999719619751
4,26,adaptive_crosssdc_cmr,hinge,1.0,0.01,0.9223350485165914,0.7568125791019864,1.6062638097339206,0.48187914292017614,0.026001185385717288,0.002600118538571729,0.3602430555555556,0.0998263888888889,0.04817894887593058,0.009181035889519585,0.6740000247955322
4,27,adaptive_crosssdc_cmr,hinge,1.0,0.01,0.9177171389261881,0.7770424683888754,1.6120911836624146,0.48362735509872434,0.025107927827371493,0.0025107927827371494,0.3506944444444444,0.11631944444444445,0.04433468563689126,0.011325882954729928,0.6747999787330627
4,28,adaptive_crosssdc_cmr,hinge,1.0,0.01,0.9220906959639655,0.8006637824906243,1.6453951862123277,0.4936185558636983,0.022826966726117663,0.0022826966726117665,0.3368055555555556,0.1171875,0.04166630200213856,0.009095341381099489,0.680400013923645
4,29,adaptive_crosssdc_cmr,hinge,1.0,0.01,0.904089523686303,0.7797682483990988,1.6083983050452337,0.4825194915135701,0.02195102121267054,0.002195102121267054,0.3489583333333333,0.10677083333333333,0.0423961008588473,0.007507650802532832,0.6848000288009644
4,30,adaptive_crosssdc_cmr,hinge,1.0,0.01,0.8824935489230685,0.7661026120185852,1.5676035351223416,0.4702810605367025,0.01820661976105637,0.0018206619761056372,0.2899305555555556,0.1154513888888889,0.03244339840279685,0.008879057649109099,0.6783999800682068
4,31,adaptive_crosssdc_cmr,hinge,1.0,0.01,0.8890118466483222,0.8007652560869852,1.6131311257680256,0.48393933773040765,0.01986097265034914,0.001986097265034914,0.3168402777777778,0.07465277777777778,0.039022527221176356,0.005483657535579469,0.6851999759674072
4,32,adaptive_crosssdc_cmr,hinge,1.0,0.01,0.8858227531115214,0.7929909626642863,1.6144773695203993,0.48434321085611975,0.01486825466983848,0.001486825466983848,0.24913194444444445,0.0954861111111111,0.0266131895283858,0.0072755345867739785,0.6851999759674072
4,33,adaptive_crosssdc_cmr,hinge,1.0,0.01,0.8835828436745538,0.8063828945159912,1.6079122225443523,0.4823736667633057,0.014911166495747037,0.0014911166495747037,0.24913194444444445,0.0798611111111111,0.027998026460409164,0.006041950235764186,0.6887999773025513
4,34,adaptive_crosssdc_cmr,hinge,1.0,0.01,0.8709146910243564,0.8054586516486274,1.5948788324991863,0.47846364974975586,0.015255273940662542,0.0015255273940662543,0.2638888888888889,0.08680555555555555,0.029747659547461405,0.005119584914710786,0.6872000098228455
4,35,adaptive_crosssdc_cmr,hinge,1.0,0.01,0.8667528033256531,0.808539092540741,1.596549047364129,0.4789647142092387,0.013010542115403546,0.0013010542115403547,0.23958333333333334,0.07552083333333333,0.02515766645471255,0.00477378774020407,0.6919999718666077
4,36,adaptive_crosssdc_cmr,hinge,1.0,0.01,0.8607379794120789,0.824140727519989,1.5980067518022325,0.47940202554066974,0.013544162942303551,0.0013544162942303551,0.2309027777777778,0.09375,0.02489346307184961,0.0060532428324222565,0.6883999705314636
4,37,adaptive_crosssdc_cmr,hinge,1.0,0.01,0.8641059597333273,0.839295870727963,1.6072672870424058,0.48218018611272173,0.012201113626360893,0.0012201113626360894,0.2152777777777778,0.0703125,0.023435809132125642,0.004554912447929382,0.6908000111579895
4,38,adaptive_crosssdc_cmr,hinge,1.0,0.01,0.854871584309472,0.8171630965338813,1.6045458184348211,0.4813637455304463,0.011722485690067211,0.0011722485690067212,0.2230902777777778,0.05555555555555555,0.023925270471307967,0.0033222962584760454,0.6891999840736389
4,39,adaptive_crosssdc_cmr,hinge,1.0,0.01,0.8340935177273221,0.8176597952842712,1.55940580368042,0.46782174110412594,0.011044249611182345,0.0011044249611182346,0.2126736111111111,0.057291666666666664,0.022309684091144137,0.003319472074508667,0.6923999786376953
4,40,adaptive_crosssdc_cmr,hinge,1.0,0.01,0.8410359621047974,0.8352808753649393,1.5850990745756361,0.4755297223726908,0.010250610661589436,0.0010250610661589436,0.19270833333333334,0.06944444444444445,0.01974143460392952,0.004382639295525021,0.6952000260353088
4,41,adaptive_crosssdc_cmr,hinge,1.0,0.01,0.834674186176724,0.8402958313624064,1.580657336446974,0.4741972009340922,0.009326966738121377,0.0009326966738121378,0.1779513888888889,0.06770833333333333,0.017899310009347066,0.004056269923845927,0.6952000260353088
4,42,adaptive_crosssdc_cmr,hinge,1.0,0.01,0.8249862458970811,0.8171300755606757,1.5583416753345065,0.4675025026003519,0.00937594131877025,0.0009375941318770251,0.2074652777777778,0.058159722222222224,0.018853502141104803,0.003485156844059626,0.6935999989509583
4,43,adaptive_crosssdc_cmr,hinge,1.0,0.01,0.8276612361272176,0.8636687927775912,1.5874307023154364,0.47622921069463087,0.008235378863496913,0.0008235378863496913,0.1701388888888889,0.04513888888888889,0.01681709082590209,0.0027574809888998666,0.6959999799728394
4,44,adaptive_crosssdc_cmr,hinge,1.0,0.01,0.828578405910068,0.8359381424056159,1.5645433531867132,0.46936300595601393,0.008090700902458694,0.0008090700902458694,0.1762152777777778,0.06076388888888889,0.015992881109317143,0.0030564111140039233,0.6904000043869019
4,45,adaptive_crosssdc_cmr,hinge,1.0,0.01,0.8278130292892456,0.8446672426329719,1.5729321108924017,0.4718796332677205,0.00713082524533901,0.000713082524533901,0.1501736111111111,0.050347222222222224,0.014168445434835222,0.002947854499022166,0.6952000260353088
4,46,adaptive_crosssdc_cmr,hinge,1.0,0.01,0.8142323692639669,0.8386352724499173,1.544835580719842,0.46345067421595254,0.0067948265673799645,0.0006794826567379965,0.1657986111111111,0.06076388888888889,0.012950465497043397,0.00332101724214024,0.6991999745368958
4,47,adaptive_crosssdc_cmr,hinge,1.0,0.01,0.8234169748094347,0.876308884885576,1.5807985994550917,0.4742395798365275,0.005181797443785601,0.0005181797443785601,0.1310763888888889,0.044270833333333336,0.010144047853019502,0.002410690403646893,0.6944000124931335
4,48,adaptive_crosssdc_cmr,hinge,1.0,0.01,0.8024910953309801,0.8510200646188524,1.5517062875959609,0.46551188627878826,0.006528335985624128,0.0006528335985624129,0.14583333333333334,0.049479166666666664,0.013093364321523242,0.0025086705055501726,0.6976000070571899
4,49,adaptive_crosssdc_cmr,hinge,1.0,0.01,0.8104982309871249,0.8750675188170539,1.5670206679238214,0.4701062003771464,0.0052046215989523465,0.0005204621598952347,0.15104166666666666,0.041666666666666664,0.011373079071442286,0.0015696750746832953,0.6995999813079834
4,50,adaptive_crosssdc_cmr,hinge,1.0,0.01,0.8077438142564561,0.8569954435030619,1.5648054016960993,0.46944162050882976,0.004946078147946132,0.0004946078147946133,0.11805555555555555,0.034722222222222224,0.010372983912626902,0.0017004340059227413,0.696399986743927
4,51,adaptive_crosssdc_cmr,hinge,1.0,0.01,0.7971909377310011,0.8671573797861735,1.5505349900987413,0.46516049702962237,0.005678549201952087,0.0005678549201952087,0.12760416666666666,0.04513888888888889,0.010393712669610977,0.0032036490738391876,0.699999988079071
4,52,adaptive_crosssdc_cmr,hinge,1.0,0.01,0.8028557830386691,0.8564710881974962,1.5569462776184082,0.4670838832855224,0.004700835457899504,0.00047008354578995044,0.12239583333333333,0.041666666666666664,0.009708503054247962,0.001753523117966122,0.7003999948501587
4,53,adaptive_crosssdc_cmr,hinge,1.0,0.01,0.7971307502852546,0.8751329117351108,1.5422951380411785,0.4626885414123535,0.004611394626812803,0.0004611394626812803,0.11371527777777778,0.041666666666666664,0.008826451169119941,0.002239812579419878,0.6980000138282776
4,54,adaptive_crosssdc_cmr,hinge,1.0,0.01,0.796055257320404,0.8646601769659255,1.5491604672537909,0.46474814017613725,0.005360966988114847,0.0005360966988114847,0.12152777777777778,0.03993055555555555,0.010212358501222398,0.002568701075183021,0.6967999935150146
4,55,adaptive_crosssdc_cmr,hinge,1.0,0.01,0.7879655493630303,0.8844336072603861,1.5311343007617526,0.45934029022852574,0.004667983959532446,0.0004667983959532446,0.12413194444444445,0.03993055555555555,0.00953062168425984,0.002032823860645294,0.7024000287055969
4,56,adaptive_crosssdc_cmr,hinge,1.0,0.01,0.7866846919059753,0.8849241137504578,1.5322569476233587,0.4596770842870076,0.004488661704171035,0.0004488661704171036,0.12239583333333333,0.042534722222222224,0.008964884612295363,0.001924674544069502,0.6944000124931335
4,57,adaptive_crosssdc_cmr,hinge,1.0,0.01,0.7917838825119866,0.8970466322369046,1.5532819430033367,0.465984582901001,0.003817015922524863,0.00038170159225248633,0.1076388888888889,0.03732638888888889,0.007516051332155864,0.0018271162278122371,0.6984000205993652
4,58,adaptive_crosssdc_cmr,hinge,1.0,0.01,0.7919726702902052,0.890943619940016,1.5554988516701593,0.46664965550104776,0.003873895478641821,0.0003873895478641821,0.0920138888888889,0.03211805555555555,0.007404533111386829,0.0018069139785236782,0.6944000124931335
4,59,adaptive_crosssdc_cmr,hinge,1.0,0.01,0.7940426468849182,0.9139045940505134,1.543360365761651,0.46300810972849527,0.00450052631398042,0.000450052631398042,0.11805555555555555,0.03211805555555555,0.008765687545140585,0.0018186941742897034,0.6984000205993652
4,60,adaptive_crosssdc_cmr,hinge,1.0,0.01,0.777420441309611,0.8891068167156644,1.5274234215418498,0.4582270264625549,0.00408365111798048,0.00040836511179804803,0.1154513888888889,0.03993055555555555,0.00835720325509707,0.0016412304507361518,0.701200008392334
4,61,adaptive_crosssdc_cmr,hinge,1.0,0.01,0.7725917630725436,0.9047183063295152,1.5369876225789387,0.4610962867736816,0.004077442740607593,0.00040774427406075936,0.11631944444444445,0.03993055555555555,0.008017424080106948,0.0019735826386345755,0.6984000205993652
4,62,adaptive_crosssdc_cmr,hinge,1.0,0.01,0.7726895411809286,0.909319731924269,1.5428353680504694,0.4628506104151408,0.002935800753119919,0.00029358007531199193,0.08854166666666667,0.028645833333333332,0.006020349346929126,0.0014270200497574275,0.696399986743927
4,63,adaptive_crosssdc_cmr,hinge,1.0,0.01,0.7786105142699348,0.9334644609027438,1.5671110153198242,0.47013330459594727,0.0024289435112021035,0.00024289435112021036,0.08159722222222222,0.026041666666666668,0.004900416566265954,0.0013122926983568403,0.699999988079071
4,64,adaptive_crosssdc_cmr,hinge,1.0,0.01,0.7549159857961867,0.8979958891868591,1.5075044102138944,0.45225132306416826,0.0023212212060267725,0.00023212212060267726,0.07725694444444445,0.029513888888888888,0.004492706308762233,0.0015104268160131243,0.7024000287055969
4,65,adaptive_crosssdc_cmr,hinge,1.0,0.01,0.7632564173804389,0.9125175078709921,1.5329949458440144,0.4598984837532043,0.0032020784112521345,0.00032020784112521346,0.0920138888888889,0.03298611111111111,0.006067858388026555,0.0017787764469782512,0.6988000273704529
4,66,adaptive_crosssdc_cmr,hinge,1.0,0.01,0.7520687381426493,0.9116259084807502,1.5069504446453519,0.45208513339360556,0.002215749280165053,0.00022157492801650532,0.08159722222222222,0.019965277777777776,0.004905735452969869,0.0007715655697716607,0.7016000151634216
4,67,adaptive_crosssdc_cmr,hinge,1.0,0.01,0.7558485004636977,0.9128543270958794,1.5106838544209797,0.4532051563262939,0.0023602120992210177,0.00023602120992210178,0.07899305555555555,0.019965277777777776,0.005160682317283418,0.0007088987363709344,0.7024000287055969
4,68,adaptive_crosssdc_cmr,hinge,1.0,0.01,0.7739255030949911,0.9447567529148526,1.5597586896684434,0.46792760690053303,0.0023420531975312363,0.00023420531975312363,0.06944444444444445,0.035590277777777776,0.004056469847758611,0.0018230403463045757,0.7027999758720398
4,69,adaptive_crosssdc_cmr,hinge,1.0,0.01,0.7617439296510484,0.9243175652292039,1.5263811879687839,0.45791435639063516,0.0023149794950667354,0.00023149794950667356,0.06944444444444445,0.027777777777777776,0.003927805771430333,0.001653231680393219,0.7008000016212463
4,70,adaptive_crosssdc_cmr,hinge,1.0,0.01,0.7605833609898885,0.9435350828700595,1.532655914624532,0.45979677438735955,0.00179660010487876,0.000179660010487876,0.0703125,0.026909722222222224,0.003592936529053582,0.00119684636592865,0.7044000029563904
4,71,adaptive_crosssdc_cmr,hinge,1.0,0.01,0.756106952826182,0.922163016266293,1.517360356118944,0.45520810683568314,0.002051848879394432,0.0002051848879394432,0.06684027777777778,0.018229166666666668,0.004174146801233292,0.0009371526539325714,0.7035999894142151
4,72,adaptive_crosssdc_cmr,hinge,1.0,0.01,0.810596764087677,0.9311674303478665,1.5446822908189561,0.46340468724568684,0.003995027302557396,0.0003995027302557396,0.10677083333333333,0.025173611111111112,0.008343174225754209,0.0011557423406177098,0.7027999758720398
4,73,adaptive_crosssdc_cmr,hinge,1.0,0.01,0.7936904033025106,0.9291135668754578,1.4916743569903903,0.4475023070971171,0.00470598825874428,0.000470598825874428,0.10590277777777778,0.03819444444444445,0.008098503781689538,0.0028094719681474897,0.701200008392334
4,74,adaptive_crosssdc_cmr,hinge,1.0,0.01,0.7694840100076463,0.9304990900887383,1.5088763236999512,0.4526628971099853,0.0027612599984018337,0.00027612599984018336,0.07291666666666667,0.036458333333333336,0.0044620103306240505,0.0021785878472858006,0.701200008392334
4,75,adaptive_crosssdc_cmr,hinge,1.0,0.01,0.7645455333921645,0.9430054227511088,1.520995855331421,0.45629875659942626,0.002138058286315451,0.0002138058286315451,0.0642361111111111,0.03211805555555555,0.0037973837720023263,0.001615983744462331,0.6991999745368958
4,76,adaptive_crosssdc_cmr,hinge,1.0,0.01,0.7532920175128512,0.9459033674663968,1.5216191079881456,0.45648573239644363,0.0015984501515049487,0.00015984501515049488,0.041666666666666664,0.030381944444444444,0.0023311732543839347,0.001628884838687049,0.7008000016212463
4,77,adaptive_crosssdc_cmr,hinge,1.0,0.01,0.7605985535515679,0.9654568963580661,1.5311519437366061,0.45934558312098184,0.0017816964795606004,0.00017816964795606006,0.058159722222222224,0.028645833333333332,0.002989093048704995,0.0015791551106505925,0.699999988079071
4,78,adaptive_crosssdc_cmr,hinge,1.0,0.01,0.7556365529696146,0.9641847146881951,1.539349423514472,0.46180482705434156,0.0017985692635799448,0.00017985692635799448,0.051215277777777776,0.026041666666666668,0.0032875496480200025,0.0011479846305317348,0.699999988079071
4,79,adaptive_crosssdc_cmr,hinge,1.0,0.01,0.730878578291999,0.9329345954789056,1.4946087068981595,0.44838261206944785,0.0016224173822491947,0.0001622417382249195,0.057291666666666664,0.024305555555555556,0.003064919263124466,0.0011618534723917644,0.7008000016212463
4,80,adaptive_crosssdc_cmr,hinge,1.0,0.01,0.7375719944636027,0.9440293047163222,1.5100094742245145,0.4530028422673543,0.0009200165416890135,9.200165416890136e-05,0.027777777777777776,0.026041666666666668,0.0012562407387627496,0.0011609656115372975,0.699999988079071
4,81,adaptive_crosssdc_cmr,hinge,1.0,0.01,0.7362876865598891,0.9498952163590325,1.5142034822040134,0.454261044661204,0.0011111944622825831,0.00011111944622825831,0.041666666666666664,0.019965277777777776,0.0019008657998508876,0.000961580624183019,0.7035999894142151
4,82,adaptive_crosssdc_cmr,hinge,1.0,0.01,0.7321140170097351,0.9509571327103509,1.505940039952596,0.4517820119857788,0.0010213772313565845,0.00010213772313565845,0.03819444444444445,0.013888888888888888,0.0021693168414963614,0.0005731706817944845,0.7044000029563904
4,83,adaptive_crosssdc_cmr,hinge,1.0,0.01,0.7256622579362657,0.9598770870102776,1.49627599451277,0.448882798353831,0.0012055104081001547,0.00012055104081001547,0.042534722222222224,0.027777777777777776,0.0018456867999500698,0.0014352169301774767,0.7039999961853027
4,84,adaptive_crosssdc_cmr,hinge,1.0,0.01,0.7310237023565505,0.9593196974860297,1.5144966178470187,0.4543489853541056,0.001068457877408946,0.0001068457877408946,0.03298611111111111,0.020833333333333332,0.0016590721077389186,0.001087572839525011,0.7016000151634216
4,85,adaptive_crosssdc_cmr,hinge,1.0,0.01,0.7285009092754788,0.9589099287986755,1.5069058471255832,0.4520717541376749,0.0009040160415073236,9.040160415073236e-05,0.035590277777777776,0.020833333333333332,0.001585927274492052,0.0008775111701753405,0.7003999948501587
4,86,adaptive_crosssdc_cmr,hinge,1.0,0.01,0.718909502029419,0.9509132703145345,1.4931135310067072,0.44793405930201213,0.000951334827631298,9.51334827631298e-05,0.03732638888888889,0.016493055555555556,0.001655714793337716,0.0008319069941838583,0.7020000219345093
4,87,adaptive_crosssdc_cmr,hinge,1.0,0.01,0.7224454018804762,0.9677470458878411,1.5066905948850844,0.4520071784655253,0.0007760317110094345,7.760317110094345e-05,0.03732638888888889,0.017361111111111112,0.0016676146123144361,0.000524898370107015,0.7003999948501587
4,88,adaptive_crosssdc_cmr,hinge,1.0,0.01,0.7135779857635498,0.945215662320455,1.4875470532311335,0.44626411596934,0.0008942939186656278,8.942939186656279e-05,0.025173611111111112,0.013020833333333334,0.0014415639970037672,0.0007523149251937866,0.7020000219345093
4,89,adaptive_crosssdc_cmr,hinge,1.0,0.01,0.7228348983658685,0.9705944922235277,1.5041838089625041,0.4512551426887512,0.0010980470526394332,0.00010980470526394332,0.0390625,0.020833333333333332,0.0014292523264884949,0.001327243944009145,0.7063999772071838
4,90,adaptive_crosssdc_cmr,hinge,1.0,0.01,0.7177983058823479,0.9689217607180277,1.4957036309772067,0.448711089293162,0.0009096953209437844,9.096953209437845e-05,0.0390625,0.018229166666666668,0.0017266633609930675,0.0007107522752549914,0.7059999704360962
4,91,adaptive_crosssdc_cmr,hinge,1.0,0.01,0.7198709977997674,0.9895681871308221,1.5091416438420613,0.4527424931526184,0.000569917131441697,5.6991713144169704e-05,0.026909722222222224,0.017361111111111112,0.000966304706202613,0.000608351081609726,0.7088000178337097
4,92,adaptive_crosssdc_cmr,hinge,1.0,0.01,0.7205692794587877,0.9731874333487617,1.5099484258227878,0.4529845277468363,0.0006801296161332478,6.801296161332479e-05,0.03211805555555555,0.013888888888888888,0.0013031955394479963,0.0005353511207633548,0.7031999826431274
4,93,adaptive_crosssdc_cmr,hinge,1.0,0.01,0.7051486372947693,0.9587575130992465,1.4774623446994357,0.4432387034098307,0.0008799777877154864,8.799777877154864e-05,0.029513888888888888,0.017361111111111112,0.0015277920497788324,0.0007864625917540656,0.7044000029563904
4,94,adaptive_crosssdc_cmr,hinge,1.0,0.01,0.7034175395965576,0.9764136340883043,1.4753783411449857,0.44261350234349567,0.0006739669649202066,6.739669649202066e-05,0.026909722222222224,0.016493055555555556,0.0010382235050201416,0.0007812372512287564,0.7027999758720398
4,95,adaptive_crosssdc_cmr,hinge,1.0,0.01,0.7039078209135268,0.9624794986512926,1.4764394892586603,0.44293184677759806,0.0008312108354099715,8.312108354099716e-05,0.0234375,0.014756944444444444,0.0012745534380276997,0.0008547877271970113,0.7044000029563904
4,96,adaptive_crosssdc_cmr,hinge,1.0,0.01,0.720060818725162,1.0077081388897366,1.523687309688992,0.4571061929066976,0.000998879239584009,9.988792395840089e-05,0.025173611111111112,0.018229166666666668,0.0012737943066491021,0.0011696703732013702,0.6991999745368958
4,97,adaptive_crosssdc_cmr,hinge,1.0,0.01,0.7091381086243523,0.9800150924258761,1.49117112159729,0.447351336479187,0.0008474047370125643,8.474047370125643e-05,0.022569444444444444,0.018229166666666668,0.0012289298077424367,0.0009291321039199829,0.7052000164985657
4,98,adaptive_crosssdc_cmr,hinge,1.0,0.01,0.7134109669261508,0.9837797416581048,1.5021492772632175,0.4506447831789652,0.0005969381915444197,5.969381915444198e-05,0.026041666666666668,0.016493055555555556,0.0011359386973910863,0.0005764431423611111,0.699999988079071
4,99,adaptive_crosssdc_cmr,hinge,1.0,0.01,0.7158830960591634,0.9869882398181491,1.5143397781583998,0.4543019334475199,0.0006531131382669426,6.531131382669426e-05,0.03298611111111111,0.011284722222222222,0.0015112910833623675,0.0003655035462644365,0.7008000016212463
4,100,adaptive_crosssdc_cmr,hinge,1.0,0.01,0.7121178309122721,0.9995382825533549,1.4976771540111966,0.449303146203359,0.0007246602552994671,7.246602552994672e-05,0.03125,0.013888888888888888,0.0012071579694747925,0.0007124861909283532,0.701200008392334
4,101,adaptive_crosssdc_cmr,hinge,1.0,0.01,0.7027167280515035,0.981202695104811,1.4827201896243625,0.44481605688730874,0.0007275670662541719,7.275670662541719e-05,0.027777777777777776,0.015625,0.0011683598988586003,0.0007878380517164866,0.701200008392334
4,102,adaptive_crosssdc_cmr,hinge,1.0,0.01,0.7041480408774482,0.982016901175181,1.4831416209538777,0.4449424862861633,0.0007199536420456651,7.199536420456651e-05,0.025173611111111112,0.0234375,0.0008887797594070435,0.001032189362578922,0.7024000287055969
4,103,adaptive_crosssdc_cmr,hinge,1.0,0.01,0.7021526959207323,1.0041346086396112,1.4920385281244914,0.4476115584373474,0.0007237590559978142,7.237590559978141e-05,0.021701388888888888,0.013020833333333334,0.0012087859213352203,0.000655133691098955,0.7067999839782715
4,104,adaptive_crosssdc_cmr,hinge,1.0,0.01,0.7043837043974135,1.0083110398716397,1.4963457584381104,0.4489037275314331,0.0007250781232465266,7.250781232465265e-05,0.027777777777777776,0.015625,0.0012077933384312524,0.0007490403950214386,0.6955999732017517
4,105,adaptive_crosssdc_cmr,hinge,1.0,0.01,0.7154649694760641,1.0276149776246812,1.5110485156377156,0.45331455469131465,0.0011706627653135608,0.00011706627653135609,0.042534722222222224,0.018229166666666668,0.0021171636051601833,0.0008570564289887747,0.7080000042915344
4,106,adaptive_crosssdc_cmr,hinge,1.0,0.01,0.7041879892349243,0.9847850534651015,1.4804003106223211,0.4441200931866963,0.0008005687187606883,8.005687187606884e-05,0.03298611111111111,0.015625,0.0013433040844069587,0.0007406634589036306,0.7008000016212463
4,107,adaptive_crosssdc_cmr,hinge,1.0,0.01,0.7208521233664619,1.0414553748236761,1.5177740785810683,0.45533222357432046,0.0007526697704128714,7.526697704128714e-05,0.030381944444444444,0.017361111111111112,0.0012322130302588146,0.0007333523697323269,0.7035999894142151
4,108,adaptive_crosssdc_cmr,hinge,1.0,0.01,0.7087625000211928,1.0208955340915256,1.4916271501117282,0.44748814503351847,0.001021273933777896,0.0001021273933777896,0.030381944444444444,0.019097222222222224,0.0015440467331144544,0.0009725814064343771,0.7027999758720398
4,109,adaptive_crosssdc_cmr,hinge,1.0,0.01,0.7100282510121664,0.9975713094075521,1.4797904756334093,0.44393714269002277,0.001059166042573957,0.0001059166042573957,0.03125,0.013020833333333334,0.0018679019477632311,0.0006170777810944451,0.7016000151634216
4,110,adaptive_crosssdc_cmr,hinge,1.0,0.01,0.7105683220757378,1.0107509560055203,1.4915858772065904,0.4474757631619771,0.00101497052431417,0.000101497052431417,0.035590277777777776,0.0234375,0.0016792027486695184,0.0008932182358370887,0.6980000138282776
4,111,adaptive_crosssdc_cmr,hinge,1.0,0.01,0.7151381836997138,1.0237911409801908,1.5038632022009955,0.4511589606602986,0.0010476592126198942,0.00010476592126198943,0.03732638888888889,0.012152777777777778,0.0019335345261626774,0.0006828208764394125,0.704800009727478
4,112,adaptive_crosssdc_cmr,hinge,1.0,0.01,0.7093831168280708,1.0013748870955572,1.4760694238874648,0.44282082716623944,0.0007874370591404537,7.874370591404537e-05,0.028645833333333332,0.009548611111111112,0.0014838907453748914,0.00045228790905740525,0.7008000016212463
4,113,adaptive_crosssdc_cmr,hinge,1.0,0.01,0.6996603210767111,0.9981429179509481,1.4720615148544312,0.44161845445632936,0.0007047092981843485,7.047092981843485e-05,0.018229166666666668,0.017361111111111112,0.0009400885966089037,0.0008723590936925677,0.7063999772071838
4,114,adaptive_crosssdc_cmr,hinge,1.0,0.01,0.7061344583829244,1.0226701299349468,1.5031186474694147,0.4509355942408244,0.0010680004553351966,0.00010680004553351966,0.03298611111111111,0.014756944444444444,0.001769556767410702,0.0008001977370844947,0.7039999961853027
4,115,adaptive_crosssdc_cmr,hinge,1.0,0.01,0.7024975816408793,1.0115094516012404,1.4912609789106581,0.4473782936731974,0.0006426902837119997,6.426902837119997e-05,0.020833333333333332,0.012152777777777778,0.0010796238978703816,0.0005545512669616275,0.7031999826431274
4,116,adaptive_crosssdc_cmr,hinge,1.0,0.01,0.6984996795654297,1.0314194361368816,1.4814053111606174,0.4444215933481852,0.0003957227503027146,3.957227503027146e-05,0.014756944444444444,0.014756944444444444,0.000545742197169198,0.0005623934169610342,0.6995999813079834
4,117,adaptive_crosssdc_cmr,hinge,1.0,0.01,0.7135035461849637,1.0608827670415242,1.5374275181028578,0.4612282554308573,0.0008790640115168773,8.790640115168774e-05,0.026041666666666668,0.014756944444444444,0.0009643154011832343,0.001241716659731335,0.7035999894142151
4,118,adaptive_crosssdc_cmr,hinge,1.0,0.01,0.7106177806854248,1.045612057050069,1.5230382813347711,0.45691148440043133,0.0009962097796637358,9.962097796637359e-05,0.024305555555555556,0.019097222222222224,0.0011262492173247868,0.0012550635470284356,0.6995999813079834
4,119,adaptive_crosssdc_cmr,hinge,1.0,0.01,0.6949737734264798,1.017584568924374,1.480328189002143,0.44409845670064285,0.0008963797526020142,8.963797526020142e-05,0.025173611111111112,0.020833333333333332,0.0011714307798279657,0.0010864122046364679,0.6995999813079834
4,120,adaptive_crosssdc_cmr,hinge,1.0,0.01,0.6899479164017571,1.013309703932868,1.4654936922921076,0.43964810768763224,0.0004820629280099335,4.820629280099335e-05,0.017361111111111112,0.013888888888888888,0.0007273621029324002,0.000612970855500963,0.6988000273704529
4,121,adaptive_crosssdc_cmr,hinge,1.0,0.01,0.689318425125546,1.0204047229554918,1.4653063615163167,0.439591908454895,0.0007210281360635741,7.210281360635741e-05,0.019097222222222224,0.013888888888888888,0.0008574066062768301,0.000916072063975864,0.6995999813079834
4,122,adaptive_crosssdc_cmr,hinge,1.0,0.01,0.6951055394278632,1.0260000361336603,1.4753071202172174,0.44259213606516523,0.0005458480041448234,5.4584800414482345e-05,0.024305555555555556,0.013020833333333334,0.0008968946834405264,0.0005908674663967557,0.7039999961853027
4,123,adaptive_crosssdc_cmr,hinge,1.0,0.01,0.709476113319397,1.0075570742289226,1.4668194717831082,0.4400458415349325,0.0011023303296598089,0.0001102330329659809,0.0390625,0.012152777777777778,0.002216858168443044,0.0006248698466353946,0.7044000029563904
4,124,adaptive_crosssdc_cmr,hinge,1.0,0.01,0.7346653805838691,1.0411064624786377,1.5037498739030626,0.45112496217091874,0.0016983771994192568,0.00016983771994192568,0.03732638888888889,0.022569444444444444,0.002698543585009045,0.0011817792223559485,0.6988000273704529
4,125,adaptive_crosssdc_cmr,hinge,1.0,0.01,0.7310730550024245,1.0186251534356012,1.4627738528781467,0.438832155863444,0.0018938573581787448,0.0001893857358178745,0.0390625,0.018229166666666668,0.0029849207235707175,0.0012668164239989386,0.6976000070571899
4,126,adaptive_crosssdc_cmr,hinge,1.0,0.01,0.7313283814324273,1.0233902004030015,1.478216462665134,0.4434649387995402,0.0021816528104763064,0.00021816528104763065,0.05295138888888889,0.014756944444444444,0.00400710975130399,0.0010248782734076183,0.7084000110626221
4,127,adaptive_crosssdc_cmr,hinge,1.0,0.01,0.7233293321397569,1.0295881032943726,1.4826604657702975,0.4447981397310892,0.0018426479590642783,0.00018426479590642785,0.044270833333333336,0.024305555555555556,0.0030468814074993134,0.0012745112180709839,0.7044000029563904
4,128,adaptive_crosssdc_cmr,hinge,1.0,0.01,0.709649297926161,1.0337437921100192,1.4636161459816828,0.4390848437945048,0.0009969087873792483,9.969087873792484e-05,0.03211805555555555,0.019097222222222224,0.001788755671845542,0.0006830179029040866,0.701200008392334
4,129,adaptive_crosssdc_cmr,hinge,1.0,0.01,0.7126666241221957,1.0439394778675504,1.497441331545512,0.44923239946365356,0.0010835651317190947,0.00010835651317190947,0.034722222222222224,0.0234375,0.0014498622881041633,0.0012140021555953557,0.701200008392334
4,130,adaptive_crosssdc_cmr,hinge,1.0,0.01,0.6989246606826782,1.0309589041603937,1.4738125271267362,0.4421437581380208,0.0003652717674008778,3.652717674008778e-05,0.013888888888888888,0.010416666666666666,0.0007280177540249295,0.000340954711039861,0.6991999745368958
4,131,adaptive_crosssdc_cmr,hinge,1.0,0.01,0.6856658127572801,1.033486591445075,1.4673156473371718,0.44019469420115154,0.0003735915678488608,3.7359156784886085e-05,0.013888888888888888,0.008680555555555556,0.0006930455565452576,0.0003095070521036784,0.7039999961853027
4,132,adaptive_crosssdc_cmr,hinge,1.0,0.01,0.6835475365320841,1.0255426168441772,1.4641533295313518,0.4392459988594055,0.0005446419009887096,5.446419009887097e-05,0.011284722222222222,0.014756944444444444,0.0005039990776114994,0.0008608578807777829,0.7039999961853027
4,133,adaptive_crosssdc_cmr,hinge,1.0,0.01,0.6740743186738756,1.0419270197550456,1.4484811888800726,0.43454435666402175,0.00042391362593561,4.2391362593561e-05,0.013888888888888888,0.010416666666666666,0.0008158600992626614,0.0003411616716119978,0.7052000164985657
4,134,adaptive_crosssdc_cmr,hinge,1.0,0.01,0.6745829052395291,1.0237257613076105,1.4538915554682414,0.4361674666404724,0.00019144534639457965,1.9144534639457968e-05,0.0078125,0.009548611111111112,0.0002709987262884776,0.0003003904389010535,0.7063999772071838
4,135,adaptive_crosssdc_cmr,hinge,1.0,0.01,0.6812927921613058,1.042593969239129,1.4737991624408298,0.4421397487322489,0.00044064852085688873,4.4064852085688876e-05,0.013888888888888888,0.010416666666666666,0.0006235672367943658,0.0005509033799171448,0.7056000232696533
4,136,adaptive_crosssdc_cmr,hinge,1.0,0.01,0.6788523197174072,1.0312259329689875,1.465814643436008,0.43974439303080237,0.000503607513059655,5.03607513059655e-05,0.019097222222222224,0.009548611111111112,0.0008776448667049408,0.0005171981950600942,0.7027999758720398
4,137,adaptive_crosssdc_cmr,hinge,1.0,0.01,0.673818396197425,1.031282557381524,1.4616074826982286,0.43848224480946857,0.00031509785387445137,3.1509785387445135e-05,0.018229166666666668,0.011284722222222222,0.0005786091917090946,0.000338585012488895,0.7027999758720398
4,138,adaptive_crosssdc_cmr,hinge,1.0,0.01,0.680931892659929,1.0442203548219469,1.478003806538052,0.4434011419614156,0.0005796148357654198,5.796148357654198e-05,0.019965277777777776,0.012152777777777778,0.000840359263949924,0.0006374427013927036,0.7031999826431274
4,139,adaptive_crosssdc_cmr,hinge,1.0,0.01,0.6759790711932712,1.0440067450205486,1.4567604859670003,0.4370281457901001,0.0005293483021281039,5.2934830212810396e-05,0.014756944444444444,0.015625,0.0007454049256112841,0.000631995913055208,0.7052000164985657
4,140,adaptive_crosssdc_cmr,hinge,1.0,0.01,0.6818957196341621,1.0411029789182875,1.4683489667044745,0.44050469001134235,0.0004300008392116676,4.3000083921166764e-05,0.010416666666666666,0.010416666666666666,0.0005110191802183787,0.0005701453321509891,0.7075999975204468
4,141,adaptive_crosssdc_cmr,hinge,1.0,0.01,0.6823764509624906,1.0550174845589533,1.4741800493664212,0.4422540148099264,0.0003477215497393142,3.477215497393142e-05,0.018229166666666668,0.005208333333333333,0.0006308456261952718,0.0002974271774291992,0.7016000151634216
4,142,adaptive_crosssdc_cmr,hinge,1.0,0.01,0.6827460063828362,1.0662861929999456,1.4759462409549289,0.44278387228647864,0.0010107934964859548,0.00010107934964859549,0.021701388888888888,0.017361111111111112,0.0010256742437680562,0.001384465644756953,0.7056000232696533
4,143,adaptive_crosssdc_cmr,hinge,1.0,0.01,0.6726571122805277,1.030572811762492,1.4453678528467815,0.43361035585403446,0.0007458305586219972,7.458305586219973e-05,0.025173611111111112,0.010416666666666666,0.0012525291078620488,0.0006137751042842865,0.7056000232696533
4,144,adaptive_crosssdc_cmr,hinge,1.0,0.01,0.6796208752526177,1.0529831250508626,1.4639272292455037,0.43917816877365107,0.0005285946796599698,5.285946796599698e-05,0.015625,0.017361111111111112,0.0007252821491824256,0.0006553389959865146,0.7024000287055969
4,145,adaptive_crosssdc_cmr,hinge,1.0,0.01,0.6856095261043973,1.067407449086507,1.4746850066714816,0.44240550200144446,0.0005439895936029239,5.4398959360292396e-05,0.024305555555555556,0.013020833333333334,0.0008869448469744788,0.0005563071204556359,0.7027999758720398
4,146,adaptive_crosssdc_cmr,hinge,1.0,0.01,0.6781718797153897,1.0544708967208862,1.4546353419621785,0.43639060258865353,0.0002411837275657389,2.411837275657389e-05,0.013020833333333334,0.0078125,0.0004516604046026866,0.0002853187421957652,0.704800009727478
4,147,adaptive_crosssdc_cmr,hinge,1.0,0.01,0.6792452070448134,1.0435640282101102,1.4601043065388997,0.4380312919616699,0.00043862172444480367,4.386217244448037e-05,0.014756944444444444,0.012152777777777778,0.0006922611759768592,0.0005053666730721792,0.7031999826431274
4,148,adaptive_crosssdc_cmr,hinge,1.0,0.01,0.6765980588065253,1.0558398697111342,1.4664519495434232,0.4399355848630269,0.0004158015225483622,4.1580152254836226e-05,0.010416666666666666,0.013888888888888888,0.00034876540303230286,0.0006778173976474338,0.7035999894142151
4,149,adaptive_crosssdc_cmr,hinge,1.0,0.01,0.6779555214775933,1.0534493525822957,1.462050239245097,0.43861507177352904,0.0008791258878773078,8.791258878773079e-05,0.018229166666666668,0.015625,0.0010204414526621501,0.001050662249326706,0.7092000246047974
4,150,adaptive_crosssdc_cmr,hinge,1.0,0.01,0.6712606085671319,1.0414754417207506,1.455999533335368,0.4367998600006104,0.0003879617676526929,3.879617676526929e-05,0.0078125,0.011284722222222222,0.0004275180399417877,0.0005481243133544922,0.7020000219345093
4,151,adaptive_crosssdc_cmr,hinge,1.0,0.01,0.6739033791753981,1.0579149723052979,1.4673881000942655,0.44021643002827965,0.00041577151488228183,4.157715148822818e-05,0.014756944444444444,0.010416666666666666,0.0004081130027770996,0.0006130424638589224,0.7008000016212463
4,152,adaptive_crosssdc_cmr,hinge,1.0,0.01,0.6757976743910048,1.0594023201200697,1.4746037191814847,0.4423811157544454,0.0005112160789495748,5.112160789495749e-05,0.017361111111111112,0.0078125,0.0009053643378946516,0.0004013565679391225,0.7031999826431274
4,153,adaptive_crosssdc_cmr,hinge,1.0,0.01,0.6629690660370721,1.0535147587458293,1.440017753177219,0.43200532595316565,0.00039681641768159653,3.9681641768159653e-05,0.013888888888888888,0.012152777777777778,0.0004165040122138129,0.000609965787993537,0.701200008392334
4,154,adaptive_crosssdc_cmr,hinge,1.0,0.01,0.6703998115327623,1.0671172009574041,1.4604874584409926,0.43814623753229776,0.0006257328148219838,6.257328148219839e-05,0.0234375,0.013888888888888888,0.0008516253696547614,0.0008066851231786939,0.7027999758720398
4,155,adaptive_crosssdc_cmr,hinge,1.0,0.01,0.6786475115352206,1.0685373809602525,1.4625707864761353,0.43877123594284057,0.0004042470488154019,4.042470488154019e-05,0.011284722222222222,0.011284722222222222,0.0006426233384344312,0.0004245121445920732,0.7024000287055969
4,156,adaptive_crosssdc_cmr,hinge,1.0,0.01,0.6708133882946439,1.0525618659125433,1.4477075338363647,0.4343122601509094,0.0005599323380415121,5.599323380415121e-05,0.0234375,0.006076388888888889,0.0009685920344458686,0.0004138946533203125,0.7088000178337097
4,157,adaptive_crosssdc_cmr,hinge,1.0,0.01,0.6861463520261977,1.0881998936335247,1.480602675014072,0.4441808025042216,0.0005672041376480289,5.6720413764802896e-05,0.014756944444444444,0.015625,0.0006170794367790222,0.000828585277001063,0.7052000164985657
4,158,adaptive_crosssdc_cmr,hinge,1.0,0.01,0.6727141274346246,1.0566906531651814,1.4473642243279352,0.43420926729838055,0.00034004510032698617,3.400451003269862e-05,0.010416666666666666,0.011284722222222222,0.0005039282970958286,0.0003857558800114526,0.7044000029563904
4,159,adaptive_crosssdc_cmr,hinge,1.0,0.01,0.6749805940522088,1.0445406569374933,1.4508103132247925,0.4352430939674377,0.0002097053777813724,2.0970537778137242e-05,0.014756944444444444,0.006076388888888889,0.0003372439079814487,0.0003179721534252167,0.7056000232696533
4,160,adaptive_crosssdc_cmr,hinge,1.0,0.01,0.6717683540450202,1.0715483691957262,1.4547765254974365,0.43643295764923096,0.0005534860117930091,5.5348601179300913e-05,0.018229166666666668,0.009548611111111112,0.0007561561134126452,0.0006452778147326575,0.699999988079071
4,161,adaptive_crosssdc_cmr,hinge,1.0,0.01,0.6721826725535922,1.0653004778756037,1.4657451974021063,0.4397235592206319,0.0006625557397354795,6.625557397354795e-05,0.017361111111111112,0.010416666666666666,0.0008532926440238953,0.0006864575876129998,0.701200008392334
4,162,adaptive_crosssdc_cmr,hinge,1.0,0.01,0.6706962188084921,1.0637312862608168,1.4389607244067721,0.4316882173220316,0.00036685542131130607,3.668554213113061e-05,0.018229166666666668,0.011284722222222222,0.0005780458450317383,0.0004287556641631656,0.7084000110626221
4,163,adaptive_crosssdc_cmr,hinge,1.0,0.01,0.6753966742091708,1.0708717770046658,1.4622464444902208,0.4386739333470662,0.0005536741258159358,5.536741258159358e-05,0.022569444444444444,0.008680555555555556,0.0009663444426324633,0.0004506959683365292,0.7031999826431274
4,164,adaptive_crosssdc_cmr,hinge,1.0,0.01,0.6668617924054464,1.0457255707846747,1.4285543362299602,0.42856630086898806,0.0007625369309809887,7.625369309809887e-05,0.020833333333333332,0.013888888888888888,0.0008360569675763448,0.0010398257937696245,0.7056000232696533
4,165,adaptive_crosssdc_cmr,hinge,1.0,0.01,0.6786417365074158,1.0710361401240032,1.46403087510003,0.43920926253000897,0.0005912436172366142,5.9124361723661425e-05,0.017361111111111112,0.012152777777777778,0.0008168402645323011,0.0006462389396296607,0.6995999813079834
4,166,adaptive_crosssdc_cmr,hinge,1.0,0.01,0.6770348813798692,1.0690854125552707,1.450286520851983,0.43508595625559493,0.00046707992603640177,4.670799260364018e-05,0.013888888888888888,0.012152777777777778,0.00046553669704331294,0.0006907118691338433,0.7080000042915344
4,167,adaptive_crosssdc_cmr,hinge,1.0,0.01,0.6792299482557509,1.0875480704837375,1.4769180218378704,0.4430754065513611,0.0004553012432653405,4.553012432653405e-05,0.014756944444444444,0.006076388888888889,0.0007077621089087592,0.00038844719529151917,0.7024000287055969
4,168,adaptive_crosssdc_cmr,hinge,1.0,0.01,0.6751581297980415,1.0712444252438016,1.4640804926554363,0.4392241477966309,0.0006308517529558028,6.308517529558028e-05,0.018229166666666668,0.009548611111111112,0.0009127772516674466,0.0006216992106702593,0.7039999961853027
4,169,adaptive_crosssdc_cmr,hinge,1.0,0.01,0.6737075249354044,1.0859165853924222,1.4661013285319011,0.43983039855957035,0.0005899638215649045,5.8996382156490456e-05,0.018229166666666668,0.010416666666666666,0.0008134192062748803,0.0006501653956042395,0.7031999826431274
4,170,adaptive_crosssdc_cmr,hinge,1.0,0.01,0.6662110752529569,1.0779641204410129,1.4470215903388128,0.43410647710164385,0.0007591898958910153,7.591898958910154e-05,0.019097222222222224,0.013020833333333334,0.0009384912749131521,0.0008126464154985216,0.7063999772071838
4,171,adaptive_crosssdc_cmr,hinge,1.0,0.01,0.6616737180285983,1.0647985935211182,1.439217554198371,0.4317652662595113,0.0004214987776423287,4.214987776423287e-05,0.011284722222222222,0.013888888888888888,0.0005110750595728556,0.0005737042261494531,0.7039999961853027
4,172,adaptive_crosssdc_cmr,hinge,1.0,0.01,0.6661762396494547,1.0854785574807062,1.458827839957343,0.4376483519872029,0.00035567946219493426,3.5567946219493424e-05,0.017361111111111112,0.008680555555555556,0.0005943994555208418,0.00037617443336380855,0.7067999839782715
4,173,adaptive_crosssdc_cmr,hinge,1.0,0.01,0.6706584360864427,1.0780273013644748,1.4638060728708904,0.4391418218612671,0.00057379895830915,5.7379895830915e-05,0.015625,0.013888888888888888,0.00047161471512582566,0.0009289425280359057,0.6995999813079834
4,174,adaptive_crosssdc_cmr,hinge,1.0,0.01,0.6681163244777255,1.0874172846476238,1.4690834681193035,0.440725040435791,0.00037449743669842265,3.7449743669842267e-05,0.017361111111111112,0.009548611111111112,0.0006906816528903113,0.00038567640715175204,0.7056000232696533
4,175,adaptive_crosssdc_cmr,hinge,1.0,0.01,0.6665598485204909,1.0787731673982408,1.4518836206860013,0.43556508620580037,0.00040759124587768584,4.075912458776859e-05,0.016493055555555556,0.011284722222222222,0.0005656447675493029,0.0004928538368807898,0.7044000029563904
4,176,adaptive_crosssdc_cmr,hinge,1.0,0.01,0.6566611925760905,1.0534805059432983,1.429107705752055,0.4287323117256165,0.00047322095876249176,4.732209587624918e-05,0.014756944444444444,0.011284722222222222,0.0005970419281058841,0.000605609267950058,0.7095999717712402
4,177,adaptive_crosssdc_cmr,hinge,1.0,0.01,0.6598457296689352,1.0749321381251018,1.4360722568300035,0.43082167704900104,0.0003511992286399214,3.511992286399214e-05,0.018229166666666668,0.006076388888888889,0.0006673137346903483,0.00027487013075086806,0.7039999961853027
4,178,adaptive_crosssdc_cmr,hinge,1.0,0.01,0.6715712481074863,1.0890155368381076,1.4614122311274211,0.43842366933822635,0.00036952800453744,3.6952800453744006e-05,0.015625,0.006944444444444444,0.0006175008085038927,0.0003525552650292714,0.7016000151634216
4,179,adaptive_crosssdc_cmr,hinge,1.0,0.01,0.6713925732506646,1.0862673785951402,1.4492125113805134,0.434763753414154,0.00036283750462947256,3.6283750462947256e-05,0.014756944444444444,0.009548611111111112,0.0005231979820463392,0.0004466577536529965,0.7039999961853027
4,180,adaptive_crosssdc_cmr,hinge,1.0,0.01,0.6617531975110372,1.066463589668274,1.4307948350906372,0.4292384505271912,0.0008937438493982578,8.937438493982578e-05,0.016493055555555556,0.013020833333333334,0.0012546483841207293,0.0008028087516625723,0.7027999758720398
4,181,adaptive_crosssdc_cmr,hinge,1.0,0.01,0.6801435152689616,1.1072194973627727,1.4836050934261746,0.4450815280278524,0.0006407353078733043,6.407353078733044e-05,0.015625,0.014756944444444444,0.0006120995514922672,0.0009335796866152021,0.7003999948501587
4,182,adaptive_crosssdc_cmr,hinge,1.0,0.01,0.661670274204678,1.075981577237447,1.4425117307239108,0.43275351921717325,0.0008379216807144177,8.379216807144177e-05,0.014756944444444444,0.0078125,0.0007806292010678186,0.0009926470617453258,0.7084000110626221
4,183,adaptive_crosssdc_cmr,hinge,1.0,0.01,0.6600645846790738,1.072002993689643,1.4334697326024373,0.43004091978073117,0.0003494390394836147,3.494390394836147e-05,0.019097222222222224,0.006944444444444444,0.0006622092591391669,0.0003107521269056532,0.7020000219345093
4,184,adaptive_crosssdc_cmr,hinge,1.0,0.01,0.6646519237094455,1.0813092788060505,1.4482333262761433,0.43446999788284296,0.00032343941307367966,3.234394130736797e-05,0.009548611111111112,0.010416666666666666,0.0004138847192128499,0.0004267030292087131,0.7035999894142151
4,185,adaptive_crosssdc_cmr,hinge,1.0,0.01,0.6820798714955648,1.1089640723334417,1.4722479316923354,0.4416743795077006,0.0008456226690517118,8.456226690517119e-05,0.016493055555555556,0.010416666666666666,0.001122474256489012,0.0007922881179385715,0.7056000232696533
4,186,adaptive_crosssdc_cmr,hinge,1.0,0.01,0.6751348839865791,1.08348458343082,1.4443997277153864,0.4333199183146159,0.00052180132156031,5.2180132156031e-05,0.018229166666666668,0.008680555555555556,0.0006102625694539812,0.0006933406823211246,0.7020000219345093
4,187,adaptive_crosssdc_cmr,hinge,1.0,0.01,0.6926855312453376,1.1320897605684068,1.496961447927687,0.4490884343783061,0.0006832721749863898,6.832721749863898e-05,0.015625,0.013020833333333334,0.0009498749342229632,0.0006501703626579709,0.7063999772071838
4,188,adaptive_crosssdc_cmr,hinge,1.0,0.01,0.6701778968175253,1.0931230518552992,1.4541770882076688,0.43625312646230063,0.0005287940924366316,5.287940924366316e-05,0.015625,0.006944444444444444,0.0007892143395211962,0.00045594283276134066,0.7059999704360962
4,189,adaptive_crosssdc_cmr,hinge,1.0,0.01,0.6786415378252665,1.1029797792434692,1.468204869164361,0.4404614607493083,0.0006082273862880862,6.0822738628808624e-05,0.014756944444444444,0.008680555555555556,0.0007449674109617869,0.0006850175559520721,0.7067999839782715
4,190,adaptive_crosssdc_cmr,hinge,1.0,0.01,0.6629557543330722,1.0835835271411471,1.440766414006551,0.4322299242019653,0.00044540525575737574,4.454052557573758e-05,0.015625,0.0078125,0.0007641882532172733,0.0003134496510028839,0.7056000232696533
4,191,adaptive_crosssdc_cmr,hinge,1.0,0.01,0.6559826069407992,1.0851246780819364,1.4360333416197035,0.43081000248591106,0.00035050602309638634,3.505060230963864e-05,0.011284722222222222,0.006944444444444444,0.0005973221527205573,0.00028647979100545246,0.7020000219345093
4,192,adaptive_crosssdc_cmr,hinge,1.0,0.01,0.665289408630795,1.0761034621132746,1.4474696318308513,0.4342408895492554,0.00040284170568661974,4.0284170568661974e-05,0.013888888888888888,0.009548611111111112,0.0005633590949906243,0.00045525530974070233,0.7027999758720398
4,193,adaptive_crosssdc_cmr,hinge,1.0,0.01,0.6655555764834086,1.087283558315701,1.434739112854004,0.43042173385620114,0.0006193887869206568,6.193887869206569e-05,0.014756944444444444,0.013888888888888888,0.0009147777325577206,0.000592146482732561,0.7052000164985657
4,194,adaptive_crosssdc_cmr,hinge,1.0,0.01,0.6758534709612528,1.1046481794781156,1.4656295776367188,0.43968887329101564,0.0005212876324852308,5.2128763248523085e-05,0.009548611111111112,0.009548611111111112,0.0006905136009057363,0.0005148049030039045,0.6948000192642212
4,195,adaptive_crosssdc_cmr,hinge,1.0,0.01,0.6700780855284797,1.094415717654758,1.436596777704027,0.43097903331120807,0.0007776951246746143,7.776951246746143e-05,0.019097222222222224,0.013888888888888888,0.0012982065478960674,0.0005781013104650709,0.7020000219345093
4,196,adaptive_crosssdc_cmr,hinge,1.0,0.01,0.6778469946649339,1.0894799894756741,1.4580387009514704,0.4374116102854411,0.00040033308970224526,4.003330897022453e-05,0.012152777777777778,0.009548611111111112,0.0004672333598136902,0.0005576871335506439,0.6980000138282776
4,197,adaptive_crosssdc_cmr,hinge,1.0,0.01,0.6678476995891995,1.085536824332343,1.4394828743404813,0.43184486230214436,0.00044076582869618304,4.407658286961831e-05,0.013888888888888888,0.010416666666666666,0.00046665180060598586,0.0006328022314442529,0.7039999961853027
4,198,adaptive_crosssdc_cmr,hinge,1.0,0.01,0.6731837259398566,1.0950758589638605,1.4408161375257704,0.4322448412577311,0.0005303099534204295,5.303099534204295e-05,0.014756944444444444,0.005208333333333333,0.0009597386750910017,0.00030433220995797054,0.704800009727478
4,199,adaptive_crosssdc_cmr,hinge,1.0,0.01,0.6672000752555,1.109875930680169,1.4486567444271512,0.43459702332814537,0.0007045071785493443,7.045071785493444e-05,0.019097222222222224,0.006944444444444444,0.0014180570012993282,0.00029044970870018005,0.7075999975204468
5,0,adaptive_crosssdc_cmr,hinge,1.0,0.01,3.091274367438422,0.6016568475299411,1.733416782485114,0.5200250347455342,0.6296791765424941,0.0629679176542494,0.8567708333333334,0.7369791666666666,0.9480182793405321,0.2977532860305574,0.5686666369438171
5,1,adaptive_crosssdc_cmr,hinge,1.0,0.01,2.250073379940457,0.6288731031947665,1.7107144461737738,0.5132143338521321,0.5832610130310059,0.05832610130310059,0.9887152777777778,0.6805555555555556,0.9843439526028104,0.16920951505502066,0.5846666693687439
5,2,adaptive_crosssdc_cmr,hinge,1.0,0.01,1.8463844723171658,0.51170770989524,1.638366354836358,0.4915099064509074,0.3293978770573934,0.03293978770573934,0.9548611111111112,0.6519097222222222,0.5200834141837226,0.13820909377601412,0.5950000286102295
5,3,adaptive_crosssdc_cmr,hinge,1.0,0.01,1.6331898636288114,0.4904111822446187,1.5981881221135457,0.4794564366340637,0.23716491791937086,0.023716491791937088,0.8993055555555556,0.5868055555555556,0.3488713867134518,0.13114262951744926,0.5946666598320007
5,4,adaptive_crosssdc_cmr,hinge,1.0,0.01,1.496113657951355,0.5265069603919983,1.582137942314148,0.4746413826942444,0.20386021501488155,0.020386021501488157,0.8845486111111112,0.5815972222222222,0.28255961338679,0.1345101222395897,0.5983333587646484
5,5,adaptive_crosssdc_cmr,hinge,1.0,0.01,1.388892239994473,0.5090196463796828,1.5658454497655232,0.46975363492965694,0.1895338859823015,0.01895338859823015,0.8489583333333334,0.5755208333333334,0.25998277962207794,0.12958760890695784,0.6033333539962769
5,6,adaptive_crosssdc_cmr,hinge,1.0,0.01,1.3223014142778184,0.5269815458191766,1.5992802381515503,0.4797840714454651,0.17475877039962345,0.017475877039962347,0.8463541666666666,0.5564236111111112,0.23612569438086617,0.12172157731321123,0.6013333201408386
5,7,adaptive_crosssdc_cmr,hinge,1.0,0.01,1.247480935520596,0.5373014344109429,1.5474055343204074,0.4642216602961222,0.15340395934051937,0.015340395934051938,0.7942708333333334,0.5338541666666666,0.20477465126249525,0.11373114006386863,0.6043333411216736
5,8,adaptive_crosssdc_cmr,hinge,1.0,0.01,1.1960761017269559,0.5218866467475891,1.5267589489618938,0.45802768468856814,0.14057548509703743,0.014057548509703744,0.7821180555555556,0.4765625,0.1928086992767122,0.09826503114567862,0.609000027179718
5,9,adaptive_crosssdc_cmr,hinge,1.0,0.01,1.1520733568403456,0.5475563142034743,1.5078382227155898,0.4523514668146769,0.12399455242686802,0.012399455242686803,0.7638888888888888,0.4765625,0.16983425948354933,0.0885841233862771,0.6110000014305115
5,10,adaptive_crosssdc_cmr,hinge,1.0,0.01,1.117599778705173,0.5445649955007765,1.5217518011728923,0.45652554035186765,0.11479118549161488,0.011479118549161489,0.7378472222222222,0.4184027777777778,0.16397874222861397,0.07697610557079315,0.6113333106040955
5,11,adaptive_crosssdc_cmr,hinge,1.0,0.01,1.1016160117255316,0.5641136368115743,1.5433249870936077,0.4629974961280823,0.09990357028113471,0.009990357028113472,0.6909722222222222,0.4296875,0.13944579826460946,0.0719902188413673,0.6169999837875366
5,12,adaptive_crosssdc_cmr,hinge,1.0,0.01,1.0576272937986586,0.5529569652345445,1.4943939050038655,0.44831817150115966,0.08985753026273516,0.008985753026273515,0.6675347222222222,0.3715277777777778,0.1314156883292728,0.06000381459792455,0.6190000176429749
5,13,adaptive_crosssdc_cmr,hinge,1.0,0.01,1.045107947455512,0.5759288138813443,1.5112166537178888,0.4533649961153666,0.08830963323513667,0.008830963323513668,0.6623263888888888,0.3671875,0.12570971002181372,0.061280050625403724,0.6183333396911621
5,14,adaptive_crosssdc_cmr,hinge,1.0,0.01,1.0195420914226108,0.5692024827003479,1.4841400649812486,0.4452420194943746,0.08260140981939104,0.008260140981939104,0.6649305555555556,0.3333333333333333,0.12345066583818859,0.05216253507468435,0.6240000128746033
5,15,adaptive_crosssdc_cmr,hinge,1.0,0.01,1.0112489726808336,0.580006288157569,1.526461296611362,0.45793838898340855,0.07383284717798233,0.0073832847177982336,0.5980902777777778,0.34375,0.11005196968714397,0.04815097898244858,0.625333309173584
5,16,adaptive_crosssdc_cmr,hinge,1.0,0.01,0.9949281877941556,0.5718104706870185,1.5089118745591905,0.45267356236775713,0.06471380094687144,0.006471380094687145,0.5590277777777778,0.3133680555555556,0.09590963853730096,0.04257230046722624,0.628000020980835
5,17,adaptive_crosssdc_cmr,hinge,1.0,0.01,0.9620006084442139,0.5767138534122043,1.4629806809955173,0.43889420429865517,0.0628736743496524,0.0062873674349652395,0.5546875,0.265625,0.09738336089584562,0.03717914140886731,0.6286666393280029
5,18,adaptive_crosssdc_cmr,hinge,1.0,0.01,0.9508789512846205,0.5907939142651029,1.4759564532174005,0.4427869359652202,0.05857446582780944,0.005857446582780944,0.5729166666666666,0.265625,0.09207801603608662,0.03445444297459391,0.624666690826416
5,19,adaptive_crosssdc_cmr,hinge,1.0,0.01,0.9337775111198425,0.5893108116255866,1.4580962790383234,0.437428883711497,0.05186816843019591,0.005186816843019592,0.5130208333333334,0.2595486111111111,0.0833247842060195,0.029563499407635793,0.6320000290870667
5,20,adaptive_crosssdc_cmr,hinge,1.0,0.01,0.9270312256283231,0.5739163557688395,1.4751156833436754,0.4425347050031026,0.04650017908877797,0.004650017908877797,0.4809027777777778,0.24739583333333334,0.07529622399144703,0.026316121634509828,0.6336666941642761
5,21,adaptive_crosssdc_cmr,hinge,1.0,0.01,0.921847422917684,0.6134158704015944,1.4700498051113553,0.4410149415334066,0.04325216139356295,0.004325216139356295,0.4782986111111111,0.2378472222222222,0.06741968500945303,0.02808172669675615,0.6363333463668823
5,22,adaptive_crosssdc_cmr,hinge,1.0,0.01,0.9053501619233025,0.6230297287305196,1.4401618639628093,0.4320485591888428,0.043527754230631724,0.004352775423063173,0.4809027777777778,0.2248263888888889,0.06982441743214925,0.025670236597458523,0.6380000114440918
5,23,adaptive_crosssdc_cmr,hinge,1.0,0.01,0.9134592215220133,0.610002875328064,1.4760819673538208,0.44282459020614623,0.03890694181124369,0.003890694181124369,0.4461805555555556,0.21788194444444445,0.06220264981190363,0.02350568605793847,0.6343333125114441
5,24,adaptive_crosssdc_cmr,hinge,1.0,0.01,0.8729326526323954,0.6034734646479288,1.3958457973268297,0.41875373919804887,0.033482353720400065,0.0033482353720400066,0.4071180555555556,0.19618055555555555,0.053147293627262115,0.02119137595097224,0.6423333287239075
5,25,adaptive_crosssdc_cmr,hinge,1.0,0.01,0.8736672467655606,0.6040996445549859,1.420646415816413,0.42619392474492385,0.03436924558546808,0.0034369245585468087,0.4157986111111111,0.2013888888888889,0.056210900760359235,0.01991286128759384,0.6386666893959045
5,26,adaptive_crosssdc_cmr,hinge,1.0,0.01,0.8627349800533719,0.5915537542766995,1.4008014334572687,0.4202404300371806,0.03369404003024101,0.0033694040030241013,0.4157986111111111,0.1831597222222222,0.0547001746793588,0.020326105256875355,0.6399999856948853
5,27,adaptive_crosssdc_cmr,hinge,1.0,0.01,0.866283290916019,0.6013012925783793,1.4317693445417616,0.42953080336252847,0.025784248072240088,0.002578424807224009,0.3541666666666667,0.1675347222222222,0.042984682652685374,0.01465809303853247,0.637333333492279
5,28,adaptive_crosssdc_cmr,hinge,1.0,0.01,0.8504995505015055,0.620080378320482,1.4013279279073079,0.42039837837219235,0.025050311866733763,0.0025050311866733764,0.3524305555555556,0.14930555555555555,0.043292466551065445,0.013062550789780088,0.6430000066757202
5,29,adaptive_crosssdc_cmr,hinge,1.0,0.01,0.8478939864370558,0.6230225099457635,1.4199132257037692,0.4259739677111308,0.02477014809846878,0.0024770148098468784,0.3446180555555556,0.18229166666666666,0.040196283823914,0.015513397339317534,0.6389999985694885
5,30,adaptive_crosssdc_cmr,hinge,1.0,0.01,0.8232850895987617,0.6072065499093797,1.371557593345642,0.4114672780036926,0.020800564645065203,0.0020800564645065203,0.3064236111111111,0.140625,0.03509109632836448,0.01203550605310334,0.6413333415985107
5,31,adaptive_crosssdc_cmr,hinge,1.0,0.01,0.8318024939960904,0.6213462352752686,1.3944658703274198,0.4183397610982259,0.021945561385817,0.0021945561385817,0.3454861111111111,0.1501736111111111,0.03837956819269392,0.011754449870851304,0.6413333415985107
5,32,adaptive_crosssdc_cmr,hinge,1.0,0.01,0.8168609407212999,0.6141226026746962,1.3772357437345717,0.4131707231203715,0.018691791635420587,0.0018691791635420587,0.2769097222222222,0.12586805555555555,0.03263533674180508,0.009462526275051964,0.6386666893959045
5,33,adaptive_crosssdc_cmr,hinge,1.0,0.01,0.8269274565908644,0.6431739264064364,1.4105554421742756,0.42316663265228266,0.019356653715173405,0.0019356653715173406,0.3064236111111111,0.1310763888888889,0.03474103452430831,0.008593358099460602,0.6443333625793457
5,34,adaptive_crosssdc_cmr,hinge,1.0,0.01,0.8078417645560371,0.6288123660617404,1.369795560836792,0.4109386682510376,0.01644230882326762,0.001644230882326762,0.2699652777777778,0.12760416666666666,0.029370212099618383,0.00851041865017679,0.6396666765213013
5,35,adaptive_crosssdc_cmr,hinge,1.0,0.01,0.8204055494732327,0.652532266245948,1.421167016029358,0.42635010480880736,0.015743621211085055,0.0015743621211085055,0.2821180555555556,0.1076388888888889,0.028487881645560265,0.0071643512282106615,0.6439999938011169
5,36,adaptive_crosssdc_cmr,hinge,1.0,0.01,0.8028247091505263,0.6296345790227255,1.3698446220821805,0.41095338662465414,0.017644537716276117,0.0017644537716276117,0.2873263888888889,0.1371527777777778,0.030225511433349714,0.01001053262088034,0.6463333368301392
5,37,adaptive_crosssdc_cmr,hinge,1.0,0.01,0.795439276430342,0.651785499519772,1.3733409378263686,0.41200228134791056,0.015943678406377632,0.0015943678406377634,0.2864583333333333,0.09635416666666667,0.030209318217304017,0.0063096148272355395,0.6470000147819519
5,38,adaptive_crosssdc_cmr,hinge,1.0,0.01,0.8004733191596137,0.6697154310014513,1.400973704126146,0.4202921112378438,0.014191453241639666,0.0014191453241639666,0.2456597222222222,0.12065972222222222,0.02347612256805102,0.009183820750978258,0.6460000276565552
5,39,adaptive_crosssdc_cmr,hinge,1.0,0.01,0.7837060160107083,0.6393924355506897,1.3779090113110013,0.4133727033933004,0.012850911253028445,0.0012850911253028446,0.2282986111111111,0.10243055555555555,0.02268895527554883,0.006829734063810772,0.6480000019073486
5,40,adaptive_crosssdc_cmr,hinge,1.0,0.01,0.7686877714263068,0.6536977357334561,1.3550853331883748,0.40652559995651244,0.012211509152419038,0.0012211509152419038,0.22569444444444445,0.0998263888888889,0.022351791047387652,0.0057235124210516615,0.6480000019073486
5,41,adaptive_crosssdc_cmr,hinge,1.0,0.01,0.7783175441953871,0.6673103637165494,1.3941847483317058,0.41825542449951175,0.00954758282750845,0.000954758282750845,0.2170138888888889,0.0720486111111111,0.018626961443159316,0.004254272000657188,0.6483333110809326
5,42,adaptive_crosssdc_cmr,hinge,1.0,0.01,0.7702135841051737,0.6619230707486471,1.3817990488476224,0.4145397146542867,0.010604702453646395,0.0010604702453646396,0.20833333333333334,0.0954861111111111,0.018511581752035353,0.006466635813315709,0.6513333320617676
5,43,adaptive_crosssdc_cmr,hinge,1.0,0.01,0.770423948764801,0.6712657676802741,1.3883728981018066,0.41651186943054197,0.00953755739869343,0.000953755739869343,0.1987847222222222,0.08680555555555555,0.01825767196714878,0.004348761091629664,0.6470000147819519
5,44,adaptive_crosssdc_cmr,hinge,1.0,0.01,0.7450221313370599,0.6346078647507561,1.3260923888948228,0.39782771666844685,0.0091585966034068,0.00091585966034068,0.18663194444444445,0.08854166666666667,0.016371146051420107,0.005083517481883367,0.6499999761581421
5,45,adaptive_crosssdc_cmr,hinge,1.0,0.01,0.7483546535174052,0.6811617347929213,1.3350615633858576,0.4005184690157573,0.008887328104012542,0.0008887328104012542,0.18836805555555555,0.078125,0.015562307503488328,0.005384957210885154,0.6476666927337646
5,46,adaptive_crosssdc_cmr,hinge,1.0,0.01,0.7542363670137193,0.6633565955691867,1.3543237845102947,0.40629713535308837,0.009353445635901557,0.0009353445635901557,0.20052083333333334,0.0859375,0.016484176326129172,0.005683481279346678,0.6476666927337646
5,47,adaptive_crosssdc_cmr,hinge,1.0,0.01,0.7508429620001051,0.6769243478775024,1.3372846841812134,0.401185405254364,0.008849162711865373,0.0008849162711865373,0.1684027777777778,0.0798611111111111,0.01577124496301015,0.004836099429263009,0.6483333110809326
5,48,adaptive_crosssdc_cmr,hinge,1.0,0.01,0.7508129477500916,0.6799968547291226,1.3535911242167156,0.40607733726501466,0.008176519794182645,0.0008176519794182646,0.15711805555555555,0.0842013888888889,0.014771001413464546,0.004280903273158603,0.6489999890327454
5,49,adaptive_crosssdc_cmr,hinge,1.0,0.01,0.756790041923523,0.695222450627221,1.377934283680386,0.4133802851041158,0.006844471053530772,0.0006844471053530773,0.1501736111111111,0.07725694444444445,0.012713838782575395,0.0036312734915150535,0.6536666750907898
5,50,adaptive_crosssdc_cmr,hinge,1.0,0.01,0.7492889960606893,0.697101096312205,1.369427548514472,0.41082826455434157,0.006913818574200074,0.0006913818574200074,0.17274305555555555,0.059895833333333336,0.012804825893706746,0.0035294584102100795,0.6523333191871643
5,51,adaptive_crosssdc_cmr,hinge,1.0,0.01,0.7525981598430209,0.7108617027600607,1.3882798618740506,0.41648395856221515,0.005909963614410824,0.0005909963614410825,0.1597222222222222,0.0642361111111111,0.011539624796973335,0.003060736589961582,0.6516666412353516
5,52,adaptive_crosssdc_cmr,hinge,1.0,0.01,0.7367817759513855,0.6952483389112685,1.3485796716478136,0.4045739014943441,0.006641006769819392,0.0006641006769819392,0.1527777777777778,0.05381944444444445,0.012587266249789132,0.003241807222366333,0.6493333578109741
5,53,adaptive_crosssdc_cmr,hinge,1.0,0.01,0.7287103997336494,0.6838862101236979,1.3275589678022597,0.3982676903406779,0.0059096843211187255,0.0005909684321118726,0.1527777777777778,0.06076388888888889,0.010813861464460691,0.0033346907132201726,0.6513333320617676
5,54,adaptive_crosssdc_cmr,hinge,1.0,0.01,0.7206048634317186,0.6939562956492106,1.3193403747346666,0.3958021124204,0.006169660948216915,0.0006169660948216916,0.14583333333333334,0.07291666666666667,0.010732862891422378,0.0039407627450095285,0.6526666879653931
5,55,adaptive_crosssdc_cmr,hinge,1.0,0.01,0.7276294562551711,0.6954954067866007,1.3434509568744235,0.40303528706232705,0.005736861119253768,0.0005736861119253767,0.1467013888888889,0.06510416666666667,0.009854357689619064,0.004060237771934933,0.6513333320617676
5,56,adaptive_crosssdc_cmr,hinge,1.0,0.01,0.72843556271659,0.7140817178620232,1.3433146344290838,0.40299439032872514,0.005333186955087715,0.0005333186955087715,0.1310763888888889,0.059027777777777776,0.009499047365453508,0.0031832100616561044,0.6539999842643738
5,57,adaptive_crosssdc_cmr,hinge,1.0,0.01,0.7258384890026517,0.6946668028831482,1.340709990925259,0.4022129972775777,0.005669023996839921,0.0005669023996839922,0.1449652777777778,0.07552083333333333,0.009677385497424338,0.004050674123896493,0.656000018119812
5,58,adaptive_crosssdc_cmr,hinge,1.0,0.01,0.7293920848104689,0.727311458852556,1.3607848617765639,0.40823545853296916,0.005227891495451331,0.0005227891495451332,0.13194444444444445,0.0685763888888889,0.008778164370192422,0.004012967149416606,0.6510000228881836
5,59,adaptive_crosssdc_cmr,hinge,1.0,0.01,0.7260622183481852,0.7076953252156576,1.3481544653574626,0.4044463396072388,0.0045302134110695785,0.00045302134110695785,0.1189236111111111,0.05555555555555555,0.008365809089607663,0.00256240823202663,0.6543333530426025
5,60,adaptive_crosssdc_cmr,hinge,1.0,0.01,0.7286317812071906,0.7269423736466302,1.3607876698176067,0.408236300945282,0.004553113831207156,0.0004553113831207156,0.12586805555555555,0.044270833333333336,0.009126050397753716,0.001992178046041065,0.6549999713897705
5,61,adaptive_crosssdc_cmr,hinge,1.0,0.01,0.736050566037496,0.7461936672528585,1.3780719571643405,0.41342158714930216,0.0038851791630602544,0.0003885179163060255,0.11371527777777778,0.059895833333333336,0.006296100301875008,0.0033787737290064492,0.653333306312561
5,62,adaptive_crosssdc_cmr,hinge,1.0,0.01,0.7202678587701585,0.7366141411993239,1.3567968209584553,0.40703904628753657,0.0044460640961511266,0.00044460640961511267,0.11979166666666667,0.06163194444444445,0.007645936475859748,0.0031185473004976907,0.652999997138977
5,63,adaptive_crosssdc_cmr,hinge,1.0,0.01,0.715044014983707,0.7357102433840433,1.3444096512264676,0.40332289536794025,0.0039686063925425214,0.00039686063925425214,0.1111111111111111,0.057291666666666664,0.006821873287359874,0.002793697019418081,0.6499999761581421
5,64,adaptive_crosssdc_cmr,hinge,1.0,0.01,0.71651158730189,0.7473614811897278,1.3479625516467624,0.4043887654940287,0.004137174213408596,0.00041371742134085963,0.11631944444444445,0.06076388888888889,0.0070429522958066725,0.0032352813416057164,0.6576666831970215
5,65,adaptive_crosssdc_cmr,hinge,1.0,0.01,0.7111288441552056,0.7195263107617696,1.3262958923975627,0.3978887677192688,0.0036615902920150096,0.000366159029201501,0.1076388888888889,0.04600694444444445,0.0067690325280030566,0.0022330155803097617,0.6496666669845581
5,66,adaptive_crosssdc_cmr,hinge,1.0,0.01,0.7132678429285685,0.743805276023017,1.35077170530955,0.405231511592865,0.0038262359384033415,0.0003826235938403342,0.10416666666666667,0.057291666666666664,0.006541699171066284,0.002722065895795822,0.656000018119812
5,67,adaptive_crosssdc_cmr,hinge,1.0,0.01,0.7076539794603983,0.7412181033028497,1.330660343170166,0.3991981029510498,0.003049304437202712,0.0003049304437202712,0.0954861111111111,0.052083333333333336,0.005029016484816869,0.002578573922316233,0.6556666493415833
5,68,adaptive_crosssdc_cmr,hinge,1.0,0.01,0.7022671633296542,0.7366370426283942,1.3299661212497287,0.3989898363749186,0.0036834618852784238,0.0003683461885278424,0.1076388888888889,0.04774305555555555,0.0069379313952393,0.0023219200472036996,0.6553333401679993
5,69,adaptive_crosssdc_cmr,hinge,1.0,0.01,0.6961680518256294,0.7380524079004923,1.3127606577343411,0.39382819732030233,0.0038304311585509116,0.00038304311585509116,0.11979166666666667,0.051215277777777776,0.0068154724107848275,0.002668794658448961,0.6549999713897705
5,70,adaptive_crosssdc_cmr,hinge,1.0,0.01,0.6999128063519796,0.7424722777472602,1.3167617585923936,0.39502852757771806,0.004367272835224867,0.0004367272835224867,0.11631944444444445,0.05295138888888889,0.007337827856341998,0.0029153463741143546,0.6499999761581421
5,71,adaptive_crosssdc_cmr,hinge,1.0,0.01,0.6998083061642117,0.7254560258653429,1.315374003516303,0.3946122010548909,0.0033812899039023453,0.00033812899039023454,0.0998263888888889,0.050347222222222224,0.005315086700850063,0.002927624930938085,0.652999997138977
5,72,adaptive_crosssdc_cmr,hinge,1.0,0.01,0.7040817671351962,0.7509109179178873,1.3328095144695706,0.3998428543408712,0.0030574017825225988,0.0003057401782522599,0.0859375,0.0546875,0.004512051948242717,0.0028982431524329716,0.656000018119812
5,73,adaptive_crosssdc_cmr,hinge,1.0,0.01,0.6995240184995863,0.7489276925722758,1.3318311373392742,0.39954934120178226,0.003821297652191586,0.0003821297652191586,0.1015625,0.050347222222222224,0.006471351409951846,0.002597562140888638,0.6583333611488342
5,74,adaptive_crosssdc_cmr,hinge,1.0,0.01,0.6994409561157227,0.7577633526590135,1.3349327113893297,0.4004798134167989,0.0027012923835880226,0.0002701292383588023,0.0859375,0.043402777777777776,0.004703966693745719,0.0021397144430213505,0.6543333530426025
5,75,adaptive_crosssdc_cmr,hinge,1.0,0.01,0.6943353878127204,0.7688683337635465,1.3309263918134902,0.399277917544047,0.0023746238115967978,0.0002374623811596798,0.07378472222222222,0.04600694444444445,0.0036926944222715166,0.0023258469170994228,0.6543333530426025
5,76,adaptive_crosssdc_cmr,hinge,1.0,0.01,0.685032433933682,0.7495995826191373,1.3156723711225722,0.3947017113367716,0.0021187636302784085,0.00021187636302784086,0.07725694444444445,0.0390625,0.003836143347952101,0.0017533885935942333,0.6516666412353516
5,77,adaptive_crosssdc_cmr,hinge,1.0,0.01,0.7090575893719991,0.8161125183105469,1.3771606948640611,0.41314820845921835,0.002342740222552998,0.00023427402225529982,0.0642361111111111,0.05555555555555555,0.003275423828098509,0.002529241144657135,0.6546666622161865
5,78,adaptive_crosssdc_cmr,hinge,1.0,0.01,0.684140165646871,0.7505107786920335,1.296583930651347,0.3889751791954041,0.002335837899914218,0.00023358378999142182,0.07291666666666667,0.044270833333333336,0.00384910363290045,0.0018003562258349524,0.6556666493415833
5,79,adaptive_crosssdc_cmr,hinge,1.0,0.01,0.6900413764847649,0.7733294434017606,1.3288263744778104,0.3986479123433431,0.0020182557960247826,0.00020182557960247828,0.08159722222222222,0.034722222222222224,0.004002006931437386,0.0012938765188058217,0.6513333320617676
5,80,adaptive_crosssdc_cmr,hinge,1.0,0.01,0.6991528934902616,0.7711988223923577,1.343116866217719,0.4029350598653157,0.0026920888986852434,0.00026920888986852436,0.0798611111111111,0.034722222222222224,0.005216092906064457,0.001450541118780772,0.6579999923706055
5,81,adaptive_crosssdc_cmr,hinge,1.0,0.01,0.6996237635612488,0.779949598842197,1.326412108209398,0.3979236324628194,0.0023525792704377738,0.00023525792704377738,0.06944444444444445,0.03732638888888889,0.004465322527620528,0.001356496579117245,0.6543333530426025
5,82,adaptive_crosssdc_cmr,hinge,1.0,0.01,0.704050189918942,0.7775316834449768,1.3192942804760404,0.3957882841428121,0.003101400843459285,0.0003101400843459285,0.07899305555555555,0.051215277777777776,0.004703499790694978,0.0027496967878606585,0.6553333401679993
5,83,adaptive_crosssdc_cmr,hinge,1.0,0.01,0.7169413765271505,0.8019847737418281,1.354669796095954,0.4064009388287862,0.00406483400406109,0.000406483400406109,0.09809027777777778,0.05381944444444445,0.006792561461528142,0.0029381600519021354,0.6516666412353516
5,84,adaptive_crosssdc_cmr,hinge,1.0,0.01,0.7098284363746643,0.7851504749721951,1.305965993139479,0.39178979794184365,0.0034677733201533556,0.00034677733201533557,0.09895833333333333,0.03993055555555555,0.005913502226273219,0.002273418837123447,0.653333306312561
5,85,adaptive_crosssdc_cmr,hinge,1.0,0.01,0.7147083679835001,0.7916543616188897,1.3287808497746785,0.3986342549324035,0.004053156952270203,0.0004053156952270203,0.09288194444444445,0.059027777777777776,0.006291790140999688,0.003113522711727354,0.656333327293396
5,86,adaptive_crosssdc_cmr,hinge,1.0,0.01,0.709359970357683,0.7772335410118103,1.3069348732630413,0.3920804619789124,0.004225320538454171,0.00042253205384541715,0.09895833333333333,0.04861111111111111,0.007328932483990987,0.002451001356045405,0.6556666493415833
5,87,adaptive_crosssdc_cmr,hinge,1.0,0.01,0.6987980604171753,0.7690776056713529,1.3243992328643799,0.39731976985931394,0.002986114782591661,0.0002986114782591661,0.06684027777777778,0.042534722222222224,0.004302435658044285,0.0025008246302604675,0.6566666960716248
5,88,adaptive_crosssdc_cmr,hinge,1.0,0.01,0.6781618330213759,0.7606689929962158,1.28527389632331,0.385582168896993,0.0026943551169501413,0.00026943551169501416,0.0685763888888889,0.0390625,0.004083788643280665,0.0021923420329888663,0.6620000004768372
5,89,adaptive_crosssdc_cmr,hinge,1.0,0.01,0.6787571443451775,0.7813184460004171,1.294959134525723,0.3884877403577169,0.0018857755931094289,0.0001885775593109429,0.0546875,0.04774305555555555,0.002460531062550015,0.002280323455731074,0.6539999842643738
5,90,adaptive_crosssdc_cmr,hinge,1.0,0.01,0.6844554940859476,0.7856565647655063,1.3083277410931058,0.39249832232793175,0.0032975098325146567,0.00032975098325146567,0.078125,0.04861111111111111,0.005088761862781312,0.002481005671951506,0.656333327293396
5,91,adaptive_crosssdc_cmr,hinge,1.0,0.01,0.6925893359714084,0.7944078246752421,1.3187192281087239,0.39561576843261714,0.0026058887338472735,0.00026058887338472735,0.08246527777777778,0.035590277777777776,0.004689183293117417,0.0016161306864685481,0.6600000262260437
5,92,adaptive_crosssdc_cmr,hinge,1.0,0.01,0.6805237332979838,0.7858350740538703,1.3134009573194716,0.3940202871958415,0.0022257991756002107,0.00022257991756002108,0.06336805555555555,0.04079861111111111,0.0028079508079422843,0.0026040656699074637,0.6543333530426025
5,93,adaptive_crosssdc_cmr,hinge,1.0,0.01,0.6750518613391452,0.8124913043446012,1.323089255226983,0.3969267765680949,0.00202019268181175,0.000202019268181175,0.041666666666666664,0.051215277777777776,0.00219926279452112,0.0026970927913983664,0.6579999923706055
5,94,adaptive_crosssdc_cmr,hinge,1.0,0.01,0.6715669565730624,0.8027041686905755,1.3055064015918307,0.3916519204775492,0.0019605617271736264,0.00019605617271736266,0.0685763888888889,0.04079861111111111,0.0032861154112550947,0.0016135072542561425,0.6576666831970215
5,95,adaptive_crosssdc_cmr,hinge,1.0,0.01,0.6635775566101074,0.7967311342557272,1.2900768385993109,0.3870230515797933,0.00213192747388449,0.000213192747388449,0.05295138888888889,0.043402777777777776,0.0030912280910544926,0.0019372838238875072,0.6549999713897705
5,96,adaptive_crosssdc_cmr,hinge,1.0,0.01,0.6650446785820855,0.7833072940508524,1.2900380425983005,0.38701141277949014,0.0020187189802527428,0.0002018718980252743,0.06770833333333333,0.03125,0.0032626671923531424,0.0016274634334776136,0.6596666574478149
5,97,adaptive_crosssdc_cmr,hinge,1.0,0.01,0.6662818988164266,0.7869560321172079,1.3046369817521837,0.39139109452565507,0.0016837428621430364,0.00016837428621430367,0.03819444444444445,0.03993055555555555,0.0022758146127065024,0.0018146000802516937,0.6520000100135803
5,98,adaptive_crosssdc_cmr,hinge,1.0,0.01,0.6568545632892184,0.7922486596637301,1.2883487939834595,0.38650463819503783,0.0018267080756939119,0.0001826708075693912,0.0546875,0.030381944444444444,0.002785707099570168,0.0017124865618016985,0.6556666493415833
5,99,adaptive_crosssdc_cmr,hinge,1.0,0.01,0.6585043734974332,0.802011059390174,1.2986427413092718,0.38959282239278153,0.0011822149455029932,0.00011822149455029932,0.03211805555555555,0.036458333333333336,0.0012195081346564824,0.0017830642561117809,0.6539999842643738
5,100,adaptive_crosssdc_cmr,hinge,1.0,0.01,0.666220035817888,0.8178296817673577,1.3167972697152033,0.395039180914561,0.0019054602340070738,0.00019054602340070739,0.04861111111111111,0.050347222222222224,0.0020747726990116965,0.002533559583955341,0.6576666831970215
5,101,adaptive_crosssdc_cmr,hinge,1.0,0.01,0.6657195885976156,0.7955982287724813,1.3120996819602118,0.3936299045880635,0.0019566451794364387,0.00019566451794364388,0.06076388888888889,0.04774305555555555,0.0029714256525039673,0.0019946611589855617,0.6553333401679993
5,102,adaptive_crosssdc_cmr,hinge,1.0,0.01,0.656598236825731,0.7969356113009982,1.2883754836188421,0.38651264508565264,0.0021398893441073596,0.000213988934410736,0.06163194444444445,0.0390625,0.0035859118733141157,0.0015789142085446252,0.6546666622161865
5,103,adaptive_crosssdc_cmr,hinge,1.0,0.01,0.6616833607355753,0.7948866022957696,1.2889238463507757,0.3866771539052327,0.0015384532873415286,0.00015384532873415286,0.051215277777777776,0.028645833333333332,0.003142447935210334,0.0008491902715630002,0.656000018119812
5,104,adaptive_crosssdc_cmr,hinge,1.0,0.01,0.6650589042239718,0.8205817143122355,1.3088955746756659,0.39266867240269976,0.0016951020904040586,0.00016951020904040586,0.051215277777777776,0.029513888888888888,0.0024117595619625514,0.0016891645888487499,0.6549999713897705
5,105,adaptive_crosssdc_cmr,hinge,1.0,0.01,0.6614221798049079,0.8047650853792826,1.2921551995807223,0.3876465598742167,0.002165079181496468,0.0002165079181496468,0.04513888888888889,0.03993055555555555,0.0024422920412487453,0.002637382596731186,0.6573333144187927
5,106,adaptive_crosssdc_cmr,hinge,1.0,0.01,0.6560168200069003,0.8135668502913581,1.2780654562844171,0.38341963688532515,0.0015745770069770515,0.00015745770069770516,0.057291666666666664,0.03298611111111111,0.002529547860225042,0.0014648334019713933,0.6579999923706055
5,107,adaptive_crosssdc_cmr,hinge,1.0,0.01,0.6637472709019979,0.8259545233514574,1.2960523631837633,0.38881570895512896,0.0022885773279186753,0.00022885773279186753,0.050347222222222224,0.035590277777777776,0.0029305852949619293,0.0023580466707547507,0.6570000052452087
5,108,adaptive_crosssdc_cmr,hinge,1.0,0.01,0.6544037858645121,0.8029388189315796,1.2696117560068767,0.380883526802063,0.0022342113855605326,0.00022342113855605326,0.06076388888888889,0.03819444444444445,0.003499018649260203,0.0018871008521980709,0.6576666831970215
5,109,adaptive_crosssdc_cmr,hinge,1.0,0.01,0.6537300811873542,0.7967546383539835,1.2671597798665364,0.3801479339599609,0.0018505782419298259,0.0001850578241929826,0.049479166666666664,0.041666666666666664,0.0024865737391842734,0.0020101877550284066,0.6503333449363708
5,110,adaptive_crosssdc_cmr,hinge,1.0,0.01,0.6765399906370375,0.8430632286601596,1.310487323337131,0.3931461970011393,0.0019341176634447442,0.00019341176634447442,0.049479166666666664,0.04079861111111111,0.0029088486399915484,0.001721529910961787,0.6579999923706055
5,111,adaptive_crosssdc_cmr,hinge,1.0,0.01,0.6572631663746304,0.8067565825250413,1.2711431052949693,0.3813429315884908,0.00236725808483445,0.000236725808483445,0.04861111111111111,0.046875,0.002568540887700187,0.0029178282452954184,0.6536666750907898
5,112,adaptive_crosssdc_cmr,hinge,1.0,0.01,0.6562176280551486,0.797945088810391,1.2704805003272162,0.3811441500981648,0.0016085199345575853,0.00016085199345575854,0.04079861111111111,0.030381944444444444,0.002114923463927375,0.0017939652833673689,0.6536666750907898
5,113,adaptive_crosssdc_cmr,hinge,1.0,0.01,0.6567362679375542,0.8242109947734408,1.295313106642829,0.3885939319928487,0.0018114550265535298,0.00018114550265535298,0.05642361111111111,0.034722222222222224,0.00230981492333942,0.001996183974875344,0.6616666913032532
5,114,adaptive_crosssdc_cmr,hinge,1.0,0.01,0.652622295750512,0.8264176978005303,1.2809974484973483,0.3842992345492045,0.0015653391472167438,0.0001565339147216744,0.043402777777777776,0.033854166666666664,0.002205746869246165,0.0016467724409368304,0.656333327293396
5,115,adaptive_crosssdc_cmr,hinge,1.0,0.01,0.6726363036367629,0.8716651797294617,1.3502821392483182,0.40508464177449544,0.0021538099196429052,0.00021538099196429054,0.052083333333333336,0.03732638888888889,0.002968449145555496,0.002108250641160541,0.6579999923706055
5,116,adaptive_crosssdc_cmr,hinge,1.0,0.01,0.6616033580568101,0.8379873302247789,1.3196024232440524,0.3958807269732157,0.001446507247035495,0.0001446507247035495,0.03298611111111111,0.0390625,0.0015157577064302233,0.0019192600415812598,0.6549999713897705
5,117,adaptive_crosssdc_cmr,hinge,1.0,0.01,0.6493003368377686,0.8380188080999587,1.29366311762068,0.38809893528620404,0.0018050848545196156,0.00018050848545196158,0.04774305555555555,0.03732638888888889,0.0025654282006952497,0.0017367551724116008,0.6549999713897705
5,118,adaptive_crosssdc_cmr,hinge,1.0,0.01,0.6437050236596001,0.8277362651295133,1.2782530387242634,0.383475911617279,0.0012509399417063429,0.0001250939941706343,0.033854166666666664,0.03211805555555555,0.00157534455259641,0.001532084412044949,0.6543333530426025
5,119,adaptive_crosssdc_cmr,hinge,1.0,0.01,0.6436620288425021,0.8219601578182645,1.2744503286149766,0.382335098584493,0.001159625855507329,0.00011596258555073291,0.03819444444444445,0.0234375,0.002059435264931785,0.0008425207601653205,0.6523333191871643
5,120,adaptive_crosssdc_cmr,hinge,1.0,0.01,0.650278753704495,0.8227321969138252,1.287974887424045,0.3863924662272135,0.0016444489204635222,0.00016444489204635223,0.043402777777777776,0.03819444444444445,0.00205968568722407,0.0020515103307035235,0.656333327293396
5,121,adaptive_crosssdc_cmr,hinge,1.0,0.01,0.6472003592385186,0.8178754581345452,1.2742754618326824,0.3822826385498047,0.001724730782573008,0.0001724730782573008,0.05295138888888889,0.024305555555555556,0.0028716975616084207,0.0012574725680881077,0.653333306312561
5,122,adaptive_crosssdc_cmr,hinge,1.0,0.01,0.6539075507058038,0.8337888055377536,1.2791878117455378,0.38375634352366134,0.0020158791319570607,0.00020158791319570607,0.042534722222222224,0.0390625,0.002722663184007009,0.0019114067157109578,0.6553333401679993
5,123,adaptive_crosssdc_cmr,hinge,1.0,0.01,0.6435716019736396,0.8175081875589159,1.2555936972300212,0.37667810916900635,0.0020699696809363863,0.00020699696809363865,0.057291666666666664,0.03819444444444445,0.0034453682601451874,0.0015409708850913579,0.659333348274231
5,124,adaptive_crosssdc_cmr,hinge,1.0,0.01,0.6539809306462606,0.8472580711046854,1.287523667017619,0.38625710010528563,0.0017724964321435739,0.0001772496432143574,0.05381944444444445,0.028645833333333332,0.0031066197488043043,0.001106390936507119,0.6526666879653931
5,125,adaptive_crosssdc_cmr,hinge,1.0,0.01,0.660045411851671,0.8473968439631991,1.3031813038720026,0.39095439116160074,0.0017315073831317325,0.00017315073831317325,0.043402777777777776,0.035590277777777776,0.0022094849911000994,0.0019360995954937404,0.6573333144187927
5,126,adaptive_crosssdc_cmr,hinge,1.0,0.01,0.655915704038408,0.8515675597720676,1.3019369840621948,0.3905810952186584,0.002195192345728477,0.00021951923457284771,0.052083333333333336,0.03298611111111111,0.00312071293592453,0.0017571490671899584,0.656333327293396
5,127,adaptive_crosssdc_cmr,hinge,1.0,0.01,0.6559596127933927,0.861304395728641,1.2983000013563368,0.389490000406901,0.001938612523695661,0.00019386125236956611,0.04774305555555555,0.0390625,0.0024974486894077724,0.0020381261905034385,0.656000018119812
5,128,adaptive_crosssdc_cmr,hinge,1.0,0.01,0.6575596200095283,0.8466277387407091,1.3018193244934082,0.39054579734802247,0.001827644248906937,0.0001827644248906937,0.043402777777777776,0.03125,0.0027655760447184243,0.0015668579273753697,0.6546666622161865
5,129,adaptive_crosssdc_cmr,hinge,1.0,0.01,0.6490512556499906,0.856236974398295,1.2917076879077487,0.3875123063723246,0.0019904821270352435,0.00019904821270352435,0.05381944444444445,0.025173611111111112,0.002993844449520111,0.0015869666304853228,0.6526666879653931
5,130,adaptive_crosssdc_cmr,hinge,1.0,0.01,0.6508211096127828,0.8569159507751465,1.3010581864251032,0.3903174559275309,0.0016076716193411914,0.00016076716193411914,0.035590277777777776,0.03819444444444445,0.0013828749457995098,0.0024365617169274222,0.6589999794960022
5,131,adaptive_crosssdc_cmr,hinge,1.0,0.01,0.627566052807702,0.8348029653231303,1.2435759173499212,0.37307277520497634,0.0015202447070300372,0.00015202447070300373,0.046875,0.027777777777777776,0.002383399340841505,0.0013259955578380162,0.653333306312561
5,132,adaptive_crosssdc_cmr,hinge,1.0,0.01,0.6376003291871812,0.833831356631385,1.2742162280612521,0.38226486841837565,0.0014357030320550418,0.00014357030320550417,0.0390625,0.042534722222222224,0.0017946776416566637,0.001820760882563061,0.653333306312561
5,133,adaptive_crosssdc_cmr,hinge,1.0,0.01,0.6552355024549696,0.8744760155677795,1.3050079743067424,0.3915023922920227,0.002612997079268098,0.0002612997079268098,0.057291666666666664,0.027777777777777776,0.004406435622109307,0.0013437523610062068,0.6523333191871643
5,134,adaptive_crosssdc_cmr,hinge,1.0,0.01,0.6437655886014303,0.8544716636339823,1.2772694163852267,0.383180824915568,0.0014972186957796414,0.00014972186957796415,0.03732638888888889,0.03298611111111111,0.001973208867841297,0.0015649750000900691,0.656000018119812
5,135,adaptive_crosssdc_cmr,hinge,1.0,0.01,0.651486443148719,0.876619365480211,1.3024961948394775,0.39074885845184326,0.0012532042003133232,0.00012532042003133233,0.03298611111111111,0.03125,0.001363776210281584,0.0016577094793319702,0.652999997138977
5,136,adaptive_crosssdc_cmr,hinge,1.0,0.01,0.6464488572544522,0.852368540234036,1.2819308704800076,0.38457926114400226,0.0016014991528613286,0.00016014991528613286,0.03211805555555555,0.03732638888888889,0.0018869282470809089,0.0018795256813367207,0.6493333578109741
5,137,adaptive_crosssdc_cmr,hinge,1.0,0.01,0.6626422935061984,0.8846309648619758,1.3105871809853449,0.39317615429560343,0.0020958316227835086,0.00020958316227835086,0.04774305555555555,0.029513888888888888,0.0029988851812150744,0.0017480117579301198,0.6573333144187927
5,138,adaptive_crosssdc_cmr,hinge,1.0,0.01,0.6607198516527811,0.8408856789271036,1.2857135666741266,0.38571407000223795,0.002070934149540133,0.0002070934149540133,0.04861111111111111,0.029513888888888888,0.0028014087842570413,0.0020041060116555956,0.6566666960716248
5,139,adaptive_crosssdc_cmr,hinge,1.0,0.01,0.6476754678620232,0.8425513174798753,1.2678899632559881,0.38036698897679644,0.0013195338995299405,0.00013195338995299405,0.033854166666666664,0.04079861111111111,0.0016649001174502904,0.0016078924139340718,0.6523333191871643
5,140,adaptive_crosssdc_cmr,hinge,1.0,0.01,0.6401514808336893,0.851335326830546,1.2601747115453084,0.3780524134635925,0.0019992562398935356,0.00019992562398935356,0.04513888888888889,0.030381944444444444,0.0027231528527206844,0.001864696956343121,0.6549999713897705
5,141,adaptive_crosssdc_cmr,hinge,1.0,0.01,0.652299529976315,0.8642232219378153,1.283166593975491,0.3849499781926473,0.002250612939759675,0.00022506129397596752,0.04079861111111111,0.03819444444444445,0.0029858346614572736,0.0021083694365289477,0.6503333449363708
5,142,adaptive_crosssdc_cmr,hinge,1.0,0.01,0.6456916464699639,0.85668017466863,1.2659658193588257,0.3797897458076477,0.0019934438557053604,0.00019934438557053606,0.04600694444444445,0.033854166666666664,0.002972623126374351,0.0017473941875828637,0.6549999713897705
5,143,adaptive_crosssdc_cmr,hinge,1.0,0.01,0.6462231079737345,0.8608381681972079,1.2692944208780925,0.38078832626342773,0.001958966488018632,0.0001958966488018632,0.034722222222222224,0.03732638888888889,0.0022115115490224627,0.002277967416577869,0.6489999890327454
5,144,adaptive_crosssdc_cmr,hinge,1.0,0.01,0.6569568581051297,0.8630439506636726,1.2959161599477131,0.38877484798431394,0.0012160329077030635,0.00012160329077030635,0.0234375,0.027777777777777776,0.0014178682532575396,0.001546751707792282,0.6579999923706055
5,145,adaptive_crosssdc_cmr,hinge,1.0,0.01,0.6439913643731011,0.841161847114563,1.2520152860217624,0.3756045858065287,0.0016339868824515077,0.0001633986882451508,0.03993055555555555,0.03732638888888889,0.0022611750496758353,0.0017219968140125275,0.6449999809265137
5,146,adaptive_crosssdc_cmr,hinge,1.0,0.01,0.6608948045306735,0.8899452884991964,1.2968498998218112,0.38905496994654337,0.0017873012693598866,0.00017873012693598868,0.03732638888888889,0.03298611111111111,0.002370521840122011,0.001755042208565606,0.6506666541099548
5,147,adaptive_crosssdc_cmr,hinge,1.0,0.01,0.6489271322886149,0.8648162285486857,1.2693360381656222,0.38080081144968664,0.002581569514909966,0.0002581569514909966,0.05295138888888889,0.034722222222222224,0.0036073215305805206,0.002193989025221931,0.6466666460037231
5,148,adaptive_crosssdc_cmr,hinge,1.0,0.01,0.6402944458855523,0.8496869272655911,1.2524394459194608,0.37573183377583824,0.0017839833421425687,0.00017839833421425688,0.04861111111111111,0.03298611111111111,0.0028853370911545223,0.0012746668524212306,0.6589999794960022
5,149,adaptive_crosssdc_cmr,hinge,1.0,0.01,0.6426308684878879,0.8499843743112352,1.270711726612515,0.38121351798375447,0.0015164746954623195,0.00015164746954623195,0.0390625,0.034722222222222224,0.0020324794782532584,0.0015682611200544569,0.6566666960716248
5,150,adaptive_crosssdc_cmr,hinge,1.0,0.01,0.6482950780126784,0.8664937218030294,1.2835353480445013,0.3850606044133504,0.0012090524348119895,0.00012090524348119896,0.027777777777777776,0.03125,0.001510984781715605,0.0014252749582131703,0.653333306312561
5,151,adaptive_crosssdc_cmr,hinge,1.0,0.01,0.6287493705749512,0.8426071537865533,1.240418831507365,0.3721256494522095,0.0011001910251151356,0.00011001910251151356,0.029513888888888888,0.026909722222222224,0.001349303043550915,0.0013562113874488408,0.6539999842643738
5,152,adaptive_crosssdc_cmr,hinge,1.0,0.01,0.6306572755177816,0.8572590748469034,1.2655045986175537,0.3796513795852661,0.001279271556995809,0.00012792715569958092,0.035590277777777776,0.025173611111111112,0.001760619795984692,0.0013411550058258905,0.652999997138977
5,153,adaptive_crosssdc_cmr,hinge,1.0,0.01,0.6154019832611084,0.8533294796943665,1.2444483174218073,0.37333449522654216,0.000791607188552411,7.916071885524112e-05,0.019097222222222224,0.0234375,0.0006811714006794824,0.0013139111300309498,0.6516666412353516
5,154,adaptive_crosssdc_cmr,hinge,1.0,0.01,0.6219521363576254,0.867663045724233,1.2707083755069308,0.3812125126520792,0.001120723897151442,0.00011207238971514421,0.03298611111111111,0.017361111111111112,0.0016006616254647572,0.0010575809412532384,0.6553333401679993
5,155,adaptive_crosssdc_cmr,hinge,1.0,0.01,0.6202801598442925,0.8676033218701681,1.2670367426342435,0.38011102279027303,0.001033644848373822,0.0001033644848373822,0.026041666666666668,0.026041666666666668,0.0011695660650730133,0.0013103634119033813,0.6513333320617676
5,156,adaptive_crosssdc_cmr,hinge,1.0,0.01,0.6171005898051791,0.8740989234712389,1.264771646923489,0.37943149407704674,0.0007752253020751394,7.752253020751394e-05,0.018229166666666668,0.024305555555555556,0.0005635449455844031,0.0013746312922901576,0.6523333191871643
5,157,adaptive_crosssdc_cmr,hinge,1.0,0.01,0.6038600736194186,0.8638972375128005,1.2318654457728069,0.36955963373184203,0.0006935586829462813,6.935586829462814e-05,0.026041666666666668,0.021701388888888888,0.000841963208383984,0.001000426709651947,0.656000018119812
5,158,adaptive_crosssdc_cmr,hinge,1.0,0.01,0.617086198594835,0.876011331876119,1.274237248632643,0.3822711745897929,0.0007298207783605903,7.298207783605904e-05,0.0234375,0.024305555555555556,0.0009317555361323886,0.0010027289390563965,0.652999997138977
5,159,adaptive_crosssdc_cmr,hinge,1.0,0.01,0.6088907652431064,0.8675984144210815,1.2526497840881348,0.3757949352264404,0.0007868861624350151,7.868861624350152e-05,0.027777777777777776,0.024305555555555556,0.0010727490815851423,0.0009615127411153582,0.6583333611488342
5,160,adaptive_crosssdc_cmr,hinge,1.0,0.01,0.6215769449869791,0.8697964350382487,1.2803715732362535,0.38411147197087603,0.0007194633637684294,7.194633637684294e-05,0.020833333333333332,0.0234375,0.0008160774078634051,0.0010097001989682515,0.6503333449363708
5,161,adaptive_crosssdc_cmr,hinge,1.0,0.01,0.626197357972463,0.8861353198687235,1.29212220509847,0.38763666152954096,0.0012928188411428386,0.00012928188411428387,0.019965277777777776,0.026909722222222224,0.0010501398808426326,0.0018442724314000872,0.6493333578109741
5,162,adaptive_crosssdc_cmr,hinge,1.0,0.01,0.6228831675317552,0.8837784263822768,1.2769590748680963,0.3830877224604289,0.0008967255901855727,8.967255901855728e-05,0.022569444444444444,0.026041666666666668,0.0009906411998801762,0.0011658118002944523,0.6553333401679993
5,163,adaptive_crosssdc_cmr,hinge,1.0,0.01,0.6134692695405748,0.8574838505850898,1.2480819622675579,0.37442458868026735,0.0009499364516361513,9.499364516361513e-05,0.03298611111111111,0.022569444444444444,0.0012643738753265804,0.0010999379058678944,0.6503333449363708
5,164,adaptive_crosssdc_cmr,hinge,1.0,0.01,0.6187950571378072,0.8711895942687988,1.2618655098809137,0.37855965296427413,0.0012057903465271618,0.00012057903465271619,0.024305555555555556,0.029513888888888888,0.0013081812196307713,0.0014783947004212274,0.6496666669845581
5,165,adaptive_crosssdc_cmr,hinge,1.0,0.01,0.6166288389099969,0.887079656124115,1.2632557551066081,0.37897672653198244,0.0008177281480230805,8.177281480230807e-05,0.033854166666666664,0.016493055555555556,0.0012604047854741414,0.0007957708504464892,0.6520000100135803
5,166,adaptive_crosssdc_cmr,hinge,1.0,0.01,0.6137567692332797,0.8651111788219876,1.2536864545610216,0.37610593636830647,0.0007624740246683359,7.62474024668336e-05,0.021701388888888888,0.024305555555555556,0.0009621849490536584,0.0009658113121986389,0.6520000100135803
5,167,adaptive_crosssdc_cmr,hinge,1.0,0.01,0.6281444165441725,0.8979865378803678,1.3038280540042453,0.39114841620127355,0.0006663300793863729,6.66330079386373e-05,0.021701388888888888,0.024305555555555556,0.0007480970687336392,0.0010097378657923804,0.653333306312561
5,168,adaptive_crosssdc_cmr,hinge,1.0,0.01,0.6074030266867744,0.8646257519721985,1.2434177663591173,0.3730253299077352,0.001101673018032064,0.0001101673018032064,0.024305555555555556,0.033854166666666664,0.0011597275733947754,0.0015336705578698053,0.6556666493415833
5,169,adaptive_crosssdc_cmr,hinge,1.0,0.01,0.6200162900818719,0.8834396203358968,1.2738706138398912,0.38216118415196737,0.0016438933315738621,0.00016438933315738623,0.04079861111111111,0.025173611111111112,0.002706983851061927,0.0009965776569313472,0.6503333449363708
5,170,adaptive_crosssdc_cmr,hinge,1.0,0.01,0.6162109242545234,0.8636541366577148,1.2711002031962078,0.3813300609588623,0.0008596281598632535,8.596281598632536e-05,0.017361111111111112,0.034722222222222224,0.0007138256397512224,0.0015347885588804882,0.6476666927337646
5,171,adaptive_crosssdc_cmr,hinge,1.0,0.01,0.6156435542636447,0.884264714188046,1.2581665648354425,0.37744996945063275,0.0010515040549863544,0.00010515040549863545,0.03298611111111111,0.0234375,0.0012868820793098873,0.0013465645412604015,0.653333306312561
5,172,adaptive_crosssdc_cmr,hinge,1.0,0.01,0.6125305626127455,0.8727322816848755,1.253438777393765,0.3760316332181295,0.0009708153342621194,9.708153342621195e-05,0.024305555555555556,0.025173611111111112,0.001041786124308904,0.0013263896107673645,0.653333306312561
5,173,adaptive_crosssdc_cmr,hinge,1.0,0.01,0.616325749291314,0.87747147348192,1.2650530073377821,0.37951590220133463,0.0011268029694393692,0.00011268029694393693,0.027777777777777776,0.0234375,0.0013123229146003723,0.0012634247541427612,0.6539999842643738
5,174,adaptive_crosssdc_cmr,hinge,1.0,0.01,0.6120168699158562,0.8712702658441331,1.2511542903052435,0.375346287091573,0.0006966950378328976,6.966950378328977e-05,0.024305555555555556,0.012152777777777778,0.0011663693520757887,0.0006074131362968021,0.6493333578109741
5,175,adaptive_crosssdc_cmr,hinge,1.0,0.01,0.6100245846642388,0.8921302358309428,1.2562235991160076,0.37686707973480227,0.0006019115325115207,6.019115325115207e-05,0.018229166666666668,0.024305555555555556,0.000594199945529302,0.000971685681078169,0.6543333530426025
5,176,adaptive_crosssdc_cmr,hinge,1.0,0.01,0.6072514454523722,0.8796374864048428,1.2432988749610052,0.37298966248830157,0.0009523059707134962,9.523059707134963e-05,0.019965277777777776,0.028645833333333332,0.0008948279751671685,0.0013813691006766425,0.6496666669845581
5,177,adaptive_crosssdc_cmr,hinge,1.0,0.01,0.6148394743601481,0.8741269244088067,1.2486519945992365,0.3745955983797709,0.0007945861644758326,7.945861644758327e-05,0.026041666666666668,0.026909722222222224,0.0010917596518993378,0.001062437891960144,0.6553333401679993
5,178,adaptive_crosssdc_cmr,hinge,1.0,0.01,0.6296487053235372,0.8809772928555807,1.2804370058907404,0.3841311017672221,0.0012558929415212737,0.00012558929415212739,0.03732638888888889,0.0234375,0.0019607775741153294,0.0010480727586481306,0.6473333239555359
5,179,adaptive_crosssdc_cmr,hinge,1.0,0.01,0.6374400721655952,0.9127402438057793,1.3003955549663968,0.39011866648991905,0.0013772395985951233,0.00013772395985951234,0.03819444444444445,0.026909722222222224,0.002247546696000629,0.0009993029137452443,0.653333306312561
5,180,adaptive_crosssdc_cmr,hinge,1.0,0.01,0.6302089293797811,0.9113413559065925,1.2655585871802435,0.37966757615407304,0.001422144078080439,0.00014221440780804392,0.03298611111111111,0.0234375,0.0019631278183725146,0.0012853075232770708,0.6503333449363708
5,181,adaptive_crosssdc_cmr,hinge,1.0,0.01,0.6190037661128573,0.8554752402835422,1.2402157651053534,0.372064729531606,0.0018056226480338308,0.0001805622648033831,0.041666666666666664,0.027777777777777776,0.0024532274239593083,0.0015748751660188038,0.6549999713897705
5,182,adaptive_crosssdc_cmr,hinge,1.0,0.01,0.6366075939602323,0.9179883797963461,1.2916194332970514,0.3874858299891154,0.001493980027993934,0.00014939800279939342,0.03732638888888889,0.029513888888888888,0.0017177276313304901,0.001810215413570404,0.652999997138977
5,183,adaptive_crosssdc_cmr,hinge,1.0,0.01,0.6276509099536471,0.8887658450338576,1.2679948144488864,0.3803984443346659,0.0014811895509612644,0.00014811895509612646,0.025173611111111112,0.03211805555555555,0.0016746276782618628,0.0016930380629168616,0.6506666541099548
5,184,adaptive_crosssdc_cmr,hinge,1.0,0.01,0.6207800441318088,0.8820809721946716,1.251844048500061,0.3755532145500183,0.0013514223359783904,0.00013514223359783906,0.034722222222222224,0.028645833333333332,0.0019609336223867205,0.0011860003901852502,0.6583333611488342
5,185,adaptive_crosssdc_cmr,hinge,1.0,0.01,0.6233830650647482,0.89143349064721,1.261715571085612,0.3785146713256836,0.0012413719571971644,0.00012413719571971644,0.030381944444444444,0.026909722222222224,0.0018140744003984663,0.0011001572840743596,0.6536666750907898
5,186,adaptive_crosssdc_cmr,hinge,1.0,0.01,0.6222076084878709,0.9009260535240173,1.2752749257617526,0.38258247772852577,0.001117315675300132,0.00011173156753001321,0.028645833333333332,0.025173611111111112,0.001280442708068424,0.001452995671166314,0.656333327293396
5,187,adaptive_crosssdc_cmr,hinge,1.0,0.01,0.6134350630972121,0.8861784338951111,1.2531977229648166,0.37595931688944495,0.0010663380574745436,0.00010663380574745436,0.020833333333333332,0.028645833333333332,0.0009600797461138831,0.0015883718927701314,0.6543333530426025
5,188,adaptive_crosssdc_cmr,hinge,1.0,0.01,0.6147741741604276,0.8801523513264127,1.2495242754618328,0.37485728263854984,0.0004181114806366774,4.181114806366774e-05,0.013888888888888888,0.017361111111111112,0.0003539878461096022,0.0007519241836335924,0.6553333401679993
5,189,adaptive_crosssdc_cmr,hinge,1.0,0.01,0.6131629745165507,0.9078523450427585,1.2577419810824924,0.3773225943247477,0.0009169737782536282,9.169737782536282e-05,0.03211805555555555,0.017361111111111112,0.0014155246317386627,0.0008645231525103251,0.6549999713897705
5,190,adaptive_crosssdc_cmr,hinge,1.0,0.01,0.6122957335578071,0.8912447690963745,1.260391566488478,0.3781174699465434,0.0008693554393377983,8.693554393377983e-05,0.021701388888888888,0.017361111111111112,0.0010189265012741089,0.0010283208555645412,0.6489999890327454
5,191,adaptive_crosssdc_cmr,hinge,1.0,0.01,0.6084366970592074,0.900137464205424,1.2596129708819919,0.37788389126459754,0.0007294161478057504,7.294161478057505e-05,0.019097222222222224,0.019097222222222224,0.0007766741845342848,0.0009430737959014045,0.6583333611488342
5,192,adaptive_crosssdc_cmr,hinge,1.0,0.01,0.6017382144927979,0.884461157851749,1.244906438721551,0.37347193161646525,0.000708936925447132,7.08936925447132e-05,0.015625,0.024305555555555556,0.0005485212637318505,0.0012104461590449016,0.6526666879653931
5,193,adaptive_crosssdc_cmr,hinge,1.0,0.01,0.6053493089146085,0.9106539554066129,1.2635846667819552,0.37907540003458656,0.0005564425858513763,5.5644258585137635e-05,0.026041666666666668,0.018229166666666668,0.0009307935833930969,0.0006518765456146664,0.6523333191871643
5,194,adaptive_crosssdc_cmr,hinge,1.0,0.01,0.6054325169987149,0.8934782346089681,1.2570088042153253,0.3771026412645976,0.0006134215331662239,6.134215331662239e-05,0.013020833333333334,0.0234375,0.0004578572180536058,0.001111429598596361,0.656333327293396
5,195,adaptive_crosssdc_cmr,hinge,1.0,0.01,0.6153053508864509,0.9203380147616068,1.2836218145158556,0.38508654435475664,0.0006434836702990449,6.434836702990449e-05,0.020833333333333332,0.018229166666666668,0.0006244642039140066,0.0010672666960292393,0.652999997138977
5,196,adaptive_crosssdc_cmr,hinge,1.0,0.01,0.5962139964103699,0.8969947298367819,1.2391638623343573,0.37174915870030717,0.0009434345572824694,9.434345572824694e-05,0.015625,0.027777777777777776,0.0006660247842470804,0.0015588212344381544,0.6513333320617676
5,197,adaptive_crosssdc_cmr,hinge,1.0,0.01,0.6138649582862854,0.9152095516522726,1.278942863146464,0.3836828589439392,0.0006450155423307377,6.450155423307377e-05,0.013888888888888888,0.0234375,0.0004412705699602763,0.0011507757008075714,0.656000018119812
5,198,adaptive_crosssdc_cmr,hinge,1.0,0.01,0.6099891927507188,0.9010310504171584,1.2536881234910753,0.37610643704732255,0.0005853454315203837,5.853454315203837e-05,0.017361111111111112,0.021701388888888888,0.0006161783304479388,0.0008517545130517748,0.656000018119812
5,199,adaptive_crosssdc_cmr,hinge,1.0,0.01,0.6069451438056098,0.9069961110750834,1.2457586526870728,0.3737275958061218,0.0007331313075458942,7.331313075458943e-05,0.0234375,0.017361111111111112,0.0010902873343891567,0.0007373111115561591,0.653333306312561
6,0,adaptive_crosssdc_cmr,hinge,1.0,0.01,2.961866855621338,0.7115544113847945,1.478563282224867,0.44356898466746014,0.5226123266749911,0.052261232667499116,0.8506944444444444,0.6519097222222222,0.7911444968647428,0.21934044857819876,0.5454285740852356
6,1,adaptive_crosssdc_cmr,hinge,1.0,0.01,2.1089437272813587,0.6585738327768114,1.4238474766413372,0.4271542429924011,0.38976382546954685,0.03897638254695469,0.9496527777777778,0.6371527777777778,0.6346469124158224,0.13125414318508571,0.5771428346633911
6,2,adaptive_crosssdc_cmr,hinge,1.0,0.01,1.730889187918769,0.6053219040234884,1.3863050275378757,0.4158915082613627,0.23964553905857933,0.023964553905857933,0.8975694444444444,0.5685763888888888,0.36992869443363613,0.1057827158106698,0.581428587436676
6,3,adaptive_crosssdc_cmr,hinge,1.0,0.01,1.528661264313592,0.5724860164854262,1.3784377574920654,0.4135313272476196,0.16257394519117144,0.016257394519117143,0.8359375,0.5104166666666666,0.2498890459537506,0.07961044791671965,0.5842857360839844
6,4,adaptive_crosssdc_cmr,hinge,1.0,0.01,1.3733904096815321,0.5754266447491116,1.326347245110406,0.39790417353312174,0.14458159771230486,0.014458159771230487,0.8020833333333334,0.5355902777777778,0.2125485042730967,0.08218194461531109,0.583142876625061
6,5,adaptive_crosssdc_cmr,hinge,1.0,0.01,1.2695630656348333,0.5588609708680047,1.3139586448669434,0.394187593460083,0.1313816871907976,0.01313816871907976,0.7829861111111112,0.4704861111111111,0.19742514689763388,0.07047371566295624,0.5834285616874695
6,6,adaptive_crosssdc_cmr,hinge,1.0,0.01,1.2037098407745361,0.5785028404659696,1.3300466802385118,0.3990140040715535,0.11668018996715546,0.011668018996715546,0.7708333333333334,0.46875,0.17155785196357304,0.06727861654427317,0.5868571400642395
6,7,adaptive_crosssdc_cmr,hinge,1.0,0.01,1.1410546435250177,0.581732710202535,1.3306202756034002,0.39918608268102007,0.10299053953753577,0.010299053953753579,0.7413194444444444,0.4236111111111111,0.15332734750376809,0.059224912689791784,0.5871428847312927
6,8,adaptive_crosssdc_cmr,hinge,1.0,0.01,1.0924787521362305,0.5780056052737765,1.300700134701199,0.3902100404103597,0.09063039637274212,0.009063039637274213,0.6892361111111112,0.4027777777777778,0.1331636690431171,0.05412222403619024,0.5874285697937012
6,9,adaptive_crosssdc_cmr,hinge,1.0,0.01,1.054927839173211,0.5911632710032992,1.328141901228163,0.3984425703684489,0.08529693964454862,0.008529693964454863,0.6935763888888888,0.3515625,0.13027936137384838,0.045046739280223846,0.5897142887115479
6,10,adaptive_crosssdc_cmr,hinge,1.0,0.01,1.0401365889443293,0.599550273683336,1.3703272077772353,0.4110981623331706,0.07811143497625987,0.007811143497625988,0.6484375,0.3732638888888889,0.11669510271814135,0.045333024942212634,0.590571403503418
6,11,adaptive_crosssdc_cmr,hinge,1.0,0.01,0.9864544206195407,0.5773069328731961,1.293801228205363,0.3881403684616089,0.07264536453617944,0.007264536453617944,0.640625,0.296875,0.11699670718775855,0.03372577370868789,0.592285692691803
6,12,adaptive_crosssdc_cmr,hinge,1.0,0.01,0.9693681995073954,0.5870323710971408,1.3116851382785373,0.39350554148356115,0.05952497199177742,0.005952497199177742,0.5920138888888888,0.3055555555555556,0.09354369756248263,0.03205779939889908,0.597428560256958
6,13,adaptive_crosssdc_cmr,hinge,1.0,0.01,0.9219621751043532,0.5832841065194871,1.251602782143487,0.3754808346430461,0.058889771501223244,0.005888977150122324,0.578125,0.2638888888888889,0.09394725908835729,0.029171536366144817,0.5971428751945496
6,14,adaptive_crosssdc_cmr,hinge,1.0,0.01,0.9214899473720126,0.6104082531399198,1.3014661868413289,0.39043985605239867,0.046182244602176875,0.0046182244602176875,0.5069444444444444,0.2777777777777778,0.07248327798313564,0.02580957818362448,0.593999981880188
6,15,adaptive_crosssdc_cmr,hinge,1.0,0.01,0.9010760320557488,0.5826512707604302,1.2788935369915433,0.383668061097463,0.04616201751761966,0.004616201751761966,0.5173611111111112,0.2482638888888889,0.07330824103620318,0.024430731104479894,0.5979999899864197
6,16,adaptive_crosssdc_cmr,hinge,1.0,0.01,0.8819387753804525,0.5801481140984429,1.2620152367485895,0.37860457102457684,0.04026878459586038,0.004026878459586038,0.5008680555555556,0.21180555555555555,0.0685450935529338,0.01795141523083051,0.5960000157356262
6,17,adaptive_crosssdc_cmr,hinge,1.0,0.01,0.8708342446221246,0.6016620596249899,1.2778972917132907,0.3833691875139872,0.03809955778221289,0.0038099557782212893,0.4973958333333333,0.2222222222222222,0.06270345341828135,0.018976459486616984,0.5979999899864197
6,18,adaptive_crosssdc_cmr,hinge,1.0,0.01,0.8576415710979037,0.5900675124592252,1.2688312927881877,0.3806493878364563,0.031866428752740227,0.003186642875274023,0.4383680555555556,0.1736111111111111,0.055127559022770986,0.01318615757756763,0.6014285683631897
6,19,adaptive_crosssdc_cmr,hinge,1.0,0.01,0.8595963848961724,0.5916340351104736,1.301778621143765,0.39053358634312946,0.031066180310315557,0.003106618031031556,0.4166666666666667,0.1918402777777778,0.05029992635051409,0.01635293745332294,0.6002857089042664
6,20,adaptive_crosssdc_cmr,hinge,1.0,0.01,0.8400084575017294,0.6107848750220405,1.2841073936886258,0.38523221810658775,0.02826640506585439,0.002826640506585439,0.3923611111111111,0.1753472222222222,0.04646061153875457,0.014304982705248727,0.6071428656578064
6,21,adaptive_crosssdc_cmr,hinge,1.0,0.01,0.8323156370057,0.6071511507034302,1.2852716710832384,0.3855815013249715,0.025795675814151764,0.0025795675814151765,0.3741319444444444,0.14930555555555555,0.04442904806799359,0.011180631402466033,0.6079999804496765
6,22,adaptive_crosssdc_cmr,hinge,1.0,0.01,0.8053221503893534,0.6068239874309964,1.238158146540324,0.37144744396209717,0.023808975807494588,0.002380897580749459,0.3645833333333333,0.1423611111111111,0.04163948032591078,0.01014819492896398,0.6057142615318298
6,23,adaptive_crosssdc_cmr,hinge,1.0,0.01,0.8031203614340888,0.6020645101865133,1.2482577827241685,0.37447733481725054,0.021520055416557524,0.0021520055416557526,0.3350694444444444,0.1371527777777778,0.03773475479748514,0.009816192504432466,0.6074285507202148
6,24,adaptive_crosssdc_cmr,hinge,1.0,0.01,0.8079530662960477,0.600709405210283,1.2708714008331299,0.381261420249939,0.02124325020445718,0.002124325020445718,0.3307291666666667,0.1605902777777778,0.03551024819413821,0.011104314691490598,0.6088571548461914
6,25,adaptive_crosssdc_cmr,hinge,1.0,0.01,0.8092490434646606,0.6281190448337131,1.279841038915846,0.3839523116747538,0.018196476623415947,0.0018196476623415947,0.3090277777777778,0.1189236111111111,0.032044938661985926,0.00807612513502439,0.6085714101791382
6,26,adaptive_crosssdc_cmr,hinge,1.0,0.01,0.7936415672302246,0.5914185576968722,1.250677956475152,0.37520338694254557,0.016462040237254567,0.0016462040237254568,0.2795138888888889,0.11631944444444445,0.028501526763041813,0.008041282494862875,0.6097142696380615
6,27,adaptive_crosssdc_cmr,hinge,1.0,0.01,0.7774203750822279,0.6123883724212646,1.2234365807639227,0.3670309742291768,0.016257070418861177,0.0016257070418861177,0.2821180555555556,0.12065972222222222,0.028635181486606598,0.0078064174287849,0.6142857074737549
6,28,adaptive_crosssdc_cmr,hinge,1.0,0.01,0.7752563092443678,0.6154655946625603,1.2417692873213027,0.3725307861963908,0.013533943643172583,0.0013533943643172584,0.2517361111111111,0.09461805555555555,0.0241320315334532,0.006409503933456209,0.6111428737640381
6,29,adaptive_crosssdc_cmr,hinge,1.0,0.01,0.7554544938935174,0.5931028789944119,1.2046789195802476,0.3614036758740743,0.013800556564496623,0.0013800556564496625,0.265625,0.11197916666666667,0.024506256812148623,0.007099711646636327,0.6119999885559082
6,30,adaptive_crosssdc_cmr,hinge,1.0,0.01,0.7572378052605523,0.6106132997406853,1.2413564787970648,0.3724069436391194,0.012326233399411043,0.0012326233399411043,0.2517361111111111,0.1171875,0.02145416910449664,0.006788712408807542,0.6165714263916016
6,31,adaptive_crosssdc_cmr,hinge,1.0,0.01,0.7523780796262953,0.6185945471127828,1.2263027297125921,0.3678908189137776,0.01154581798861424,0.001154581798861424,0.2222222222222222,0.09461805555555555,0.020990399229857657,0.005299523058864806,0.6174286007881165
6,32,adaptive_crosssdc_cmr,hinge,1.0,0.01,0.7595138947168986,0.6102142797576057,1.2360060744815402,0.3708018223444621,0.01110342476103041,0.001110342476103041,0.2439236111111111,0.08159722222222222,0.021039033101664648,0.0045223790738317705,0.6134285926818848
6,33,adaptive_crosssdc_cmr,hinge,1.0,0.01,0.7586545215712653,0.6162489851315817,1.2607668373319838,0.37823005119959513,0.009330887916601367,0.0009330887916601367,0.1953125,0.0876736111111111,0.016341906040906906,0.005401800076166789,0.6182857155799866
6,34,adaptive_crosssdc_cmr,hinge,1.0,0.01,0.7434910270902846,0.6288697984483507,1.2369165685441759,0.3710749705632527,0.008278110116306279,0.0008278110116306279,0.1684027777777778,0.078125,0.014320580495728387,0.004665457954009374,0.6177142858505249
6,35,adaptive_crosssdc_cmr,hinge,1.0,0.01,0.7368217507998148,0.6243531703948975,1.2289307912190754,0.3686792373657226,0.009081702084384032,0.0009081702084384032,0.19010416666666666,0.08159722222222222,0.016869367824660406,0.004370414548450046,0.6222857236862183
6,36,adaptive_crosssdc_cmr,hinge,1.0,0.01,0.7192951440811157,0.6133625176217821,1.192630688349406,0.35778920650482177,0.007629218356062968,0.0007629218356062969,0.16145833333333334,0.0842013888888889,0.01320409526427587,0.004737831652164459,0.6225714087486267
6,37,adaptive_crosssdc_cmr,hinge,1.0,0.01,0.7264026072290208,0.6144058307011923,1.2209580341974895,0.3662874102592468,0.007841049952225553,0.0007841049952225553,0.17100694444444445,0.0763888888888889,0.014215167197916243,0.00409494795733028,0.6217142939567566
6,38,adaptive_crosssdc_cmr,hinge,1.0,0.01,0.7166274984677633,0.6201916072103713,1.2149981525209215,0.3644994457562764,0.006931277664585246,0.0006931277664585247,0.1423611111111111,0.06597222222222222,0.012191700852579541,0.003928222176101472,0.6222857236862183
6,39,adaptive_crosssdc_cmr,hinge,1.0,0.01,0.715427491399977,0.61496059762107,1.2209030389785767,0.366270911693573,0.00663555969691111,0.000663555969691111,0.14583333333333334,0.06944444444444445,0.01180172711610794,0.0034925436808003318,0.6222857236862183
6,40,adaptive_crosssdc_cmr,hinge,1.0,0.01,0.710611985789405,0.6410411728752984,1.2349313894907634,0.370479416847229,0.005822004362319906,0.0005822004362319907,0.12760416666666666,0.058159722222222224,0.011183187779453065,0.002595348904530207,0.6231428384780884
6,41,adaptive_crosssdc_cmr,hinge,1.0,0.01,0.6974235110812717,0.6010969877243042,1.2069816721810236,0.36209450165430707,0.007231517177489068,0.0007231517177489069,0.15625,0.06770833333333333,0.012966639879677031,0.003968969815307193,0.6240000128746033
6,42,adaptive_crosssdc_cmr,hinge,1.0,0.01,0.6998596721225314,0.6360132628017001,1.223279595375061,0.3669838786125183,0.005771436314615939,0.0005771436314615939,0.1467013888888889,0.06076388888888889,0.011452926529778374,0.0024453120099173654,0.6240000128746033
6,43,adaptive_crosssdc_cmr,hinge,1.0,0.01,0.6982112924257914,0.6382641924752129,1.21999016073015,0.365997048219045,0.004723187044469846,0.0004723187044469847,0.11979166666666667,0.05381944444444445,0.008648244457112418,0.002477936860587862,0.6248571276664734
6,44,adaptive_crosssdc_cmr,hinge,1.0,0.01,0.6955242090755038,0.6139887505107455,1.2083397573894925,0.36250192721684776,0.005020705103460286,0.0005020705103460286,0.11805555555555555,0.06770833333333333,0.00862238970067766,0.003177281469106674,0.6248571276664734
6,45,adaptive_crosssdc_cmr,hinge,1.0,0.01,0.6794366770320468,0.6187599897384644,1.1889842218822904,0.3566952665646871,0.00482436197085513,0.000482436197085513,0.11197916666666667,0.05295138888888889,0.00897540400425593,0.0022505877746476066,0.6259999871253967
6,46,adaptive_crosssdc_cmr,hinge,1.0,0.01,0.6892519328329298,0.6398908495903015,1.2197804583443537,0.3659341375033061,0.00466599845741358,0.0004665998457413581,0.11458333333333333,0.0685763888888889,0.008136043532027138,0.003117536505063375,0.6254285573959351
6,47,adaptive_crosssdc_cmr,hinge,1.0,0.01,0.7033073703447977,0.6578376756774055,1.2567345963584051,0.37702037890752155,0.004294946220599943,0.0004294946220599943,0.0842013888888889,0.050347222222222224,0.0072437673807144165,0.0028373748064041138,0.6245714426040649
6,48,adaptive_crosssdc_cmr,hinge,1.0,0.01,0.6816373666127523,0.6357242663701376,1.206623872121175,0.36198716163635253,0.004341519411860241,0.0004341519411860241,0.09375,0.05555555555555555,0.007243338144487805,0.00283555934826533,0.6259999871253967
6,49,adaptive_crosssdc_cmr,hinge,1.0,0.01,0.6854849722650316,0.6428777244355943,1.2093127965927124,0.3627938389778137,0.004580105939466093,0.0004580105939466093,0.09809027777777778,0.05555555555555555,0.007463823590013716,0.0029343292117118835,0.6251428723335266
6,50,adaptive_crosssdc_cmr,hinge,1.0,0.01,0.6923820310168796,0.687092489666409,1.2340961694717407,0.3702288508415222,0.004320792310560743,0.0004320792310560744,0.10677083333333333,0.044270833333333336,0.00855246600177553,0.0021314571301142373,0.6259999871253967
6,51,adaptive_crosssdc_cmr,hinge,1.0,0.01,0.6725459761089749,0.6236152516471015,1.194037463929918,0.3582112391789754,0.0044278791691694,0.00044278791691694,0.09114583333333333,0.059027777777777776,0.007110838260915544,0.0032268203794956207,0.6231428384780884
6,52,adaptive_crosssdc_cmr,hinge,1.0,0.01,0.6927536858452691,0.6594151390923394,1.239444997575548,0.37183349927266435,0.0032320126321994597,0.000323201263219946,0.09461805555555555,0.046875,0.006527167227533128,0.0017415972219573127,0.6254285573959351
6,53,adaptive_crosssdc_cmr,hinge,1.0,0.01,0.6791114807128906,0.6522754496998258,1.2079898913701375,0.3623969674110412,0.004098255704674456,0.00040982557046744563,0.09461805555555555,0.04861111111111111,0.00753168554769622,0.0025232256286674077,0.6234285831451416
6,54,adaptive_crosssdc_cmr,hinge,1.0,0.01,0.6761786209212409,0.6465699738926358,1.1960722472932603,0.3588216741879781,0.0032781104867657027,0.00032781104867657027,0.08246527777777778,0.04600694444444445,0.005300190299749374,0.002500139590766695,0.6277142763137817
6,55,adaptive_crosssdc_cmr,hinge,1.0,0.01,0.6838689711358812,0.6646590762668185,1.2149799929724798,0.3644939978917439,0.004201656129832069,0.00042016561298320696,0.09114583333333333,0.04861111111111111,0.007234926025072734,0.0028474748962455327,0.6225714087486267
6,56,adaptive_crosssdc_cmr,hinge,1.0,0.01,0.6760007672839694,0.6299009521802267,1.1912550528844197,0.35737651586532587,0.0038518876406467622,0.00038518876406467623,0.08072916666666667,0.0546875,0.005990403393904368,0.0029191536207993827,0.6257143020629883
6,57,adaptive_crosssdc_cmr,hinge,1.0,0.01,0.6718399061097039,0.664314329624176,1.1852009296417236,0.35556027889251707,0.0032861933577805758,0.0003286193357780576,0.08072916666666667,0.04774305555555555,0.006039772596624162,0.0018517826166417864,0.6271428465843201
6,58,adaptive_crosssdc_cmr,hinge,1.0,0.01,0.6770112117131551,0.6649644043710496,1.2016767130957708,0.36050301392873124,0.0037929394230660466,0.00037929394230660466,0.09027777777777778,0.049479166666666664,0.006231209884087245,0.0028071639438470206,0.6257143020629883
6,59,adaptive_crosssdc_cmr,hinge,1.0,0.01,0.6745439569155375,0.6641973257064819,1.2139594422446356,0.36418783267339067,0.0037984756183707053,0.00037984756183707057,0.09027777777777778,0.03819444444444445,0.007593917349974315,0.0016067450245221455,0.6245714426040649
6,60,adaptive_crosssdc_cmr,hinge,1.0,0.01,0.6713386376698812,0.6717305713229709,1.211789846420288,0.3635369539260864,0.002904027829774552,0.0002904027829774552,0.06597222222222222,0.036458333333333336,0.005364665140708287,0.0014817884398831262,0.6222857236862183
6,61,adaptive_crosssdc_cmr,hinge,1.0,0.01,0.6678274869918823,0.6761853628688388,1.198875453737047,0.3596626361211141,0.002784954966045916,0.0002784954966045916,0.06336805555555555,0.044270833333333336,0.004574138671159744,0.0022194116479820674,0.6268571615219116
6,62,adaptive_crosssdc_cmr,hinge,1.0,0.01,0.6560671130816141,0.6555118958155314,1.1843523052003648,0.35530569156010944,0.0028476473849473726,0.00028476473849473727,0.06597222222222222,0.03819444444444445,0.005578589522176319,0.0016084449986616771,0.6259999871253967
6,63,adaptive_crosssdc_cmr,hinge,1.0,0.01,0.651147723197937,0.6395008563995361,1.1701884137259588,0.35105652411778765,0.0031838079707490075,0.00031838079707490076,0.06597222222222222,0.057291666666666664,0.004809349775314331,0.002966850996017456,0.62628573179245
6,64,adaptive_crosssdc_cmr,hinge,1.0,0.01,0.6710639662212796,0.6861234108606974,1.2264808548821344,0.3679442564646403,0.002936147205117676,0.00029361472051176764,0.0703125,0.041666666666666664,0.005669393059280183,0.0015941523015499115,0.6305714249610901
6,65,adaptive_crosssdc_cmr,hinge,1.0,0.01,0.6569804549217224,0.6635579268137614,1.1988038486904569,0.359641154607137,0.002275630443667372,0.00022756304436673724,0.057291666666666664,0.04600694444444445,0.0033505231969886357,0.002273338950342602,0.6288571357727051
6,66,adaptive_crosssdc_cmr,hinge,1.0,0.01,0.642133977678087,0.6539618770281473,1.167281985282898,0.35018459558486936,0.002492732342539562,0.0002492732342539562,0.059895833333333336,0.04861111111111111,0.00412367656826973,0.002107263439231449,0.6268571615219116
6,67,adaptive_crosssdc_cmr,hinge,1.0,0.01,0.6555068029297723,0.6734034750196669,1.1929308705859714,0.3578792611757914,0.0023732482998942337,0.00023732482998942337,0.05642361111111111,0.03298611111111111,0.004562336123651928,0.001431171264913347,0.628000020980835
6,68,adaptive_crosssdc_cmr,hinge,1.0,0.01,0.6585804224014282,0.6740804579522874,1.2084088060590956,0.3625226418177287,0.0020880611587522756,0.00020880611587522756,0.05642361111111111,0.03211805555555555,0.0038309337364302743,0.0014289911422464582,0.6254285573959351
6,69,adaptive_crosssdc_cmr,hinge,1.0,0.01,0.6588856312963698,0.6752573053042094,1.1801681651009455,0.35405044953028364,0.003251151298172772,0.0003251151298172772,0.07378472222222222,0.03819444444444445,0.005484753184848362,0.0021601211693551806,0.6299999952316284
6,70,adaptive_crosssdc_cmr,hinge,1.0,0.01,0.6541174385282729,0.6633341047498915,1.1722549597422283,0.3516764879226685,0.0031216647734658588,0.0003121664773465859,0.06684027777777778,0.035590277777777776,0.00541846826672554,0.0018723002738422817,0.6228571534156799
6,71,adaptive_crosssdc_cmr,hinge,1.0,0.01,0.6448511282602946,0.6512022084660001,1.1475299464331732,0.34425898392995197,0.0024194297277265126,0.00024194297277265126,0.058159722222222224,0.042534722222222224,0.004276160978608661,0.0017746293710337745,0.6282857060432434
6,72,adaptive_crosssdc_cmr,hinge,1.0,0.01,0.6713939176665412,0.6951115131378174,1.199917369418674,0.3599752108256022,0.0022633816762309936,0.00022633816762309937,0.05555555555555555,0.03819444444444445,0.003697063773870468,0.0018400040765603383,0.6259999871253967
6,73,adaptive_crosssdc_cmr,hinge,1.0,0.01,0.6715168158213297,0.6784205171797011,1.1918447017669678,0.3575534105300903,0.0030335671682324675,0.00030335671682324677,0.0685763888888889,0.041666666666666664,0.004742356224192513,0.002365385906563865,0.6251428723335266
6,74,adaptive_crosssdc_cmr,hinge,1.0,0.01,0.6649886038568285,0.684383663866255,1.190782520506117,0.35723475615183514,0.0032314426369137233,0.0003231442636913724,0.06510416666666667,0.051215277777777776,0.00533466206656562,0.0022565325101216636,0.6271428465843201
6,75,adaptive_crosssdc_cmr,hinge,1.0,0.01,0.6611280573738946,0.7076803313361274,1.201419128312005,0.3604257384936015,0.0032378685945231053,0.00032378685945231054,0.0642361111111111,0.042534722222222224,0.005364391952753067,0.001989397323793835,0.6259999871253967
6,76,adaptive_crosssdc_cmr,hinge,1.0,0.01,0.6614148418108622,0.6948702534039816,1.2185700999365912,0.36557102998097735,0.0020684401970356703,0.00020684401970356704,0.041666666666666664,0.035590277777777776,0.0026002108222908443,0.002009846270084381,0.6245714426040649
6,77,adaptive_crosssdc_cmr,hinge,1.0,0.01,0.6511500279108683,0.6951643957032098,1.1937385532591078,0.3581215659777323,0.002283855567738,0.0002283855567738,0.05295138888888889,0.036458333333333336,0.0035647679534223345,0.0019865834878550637,0.6311428546905518
6,78,adaptive_crosssdc_cmr,hinge,1.0,0.01,0.6308307846387228,0.6524333026674058,1.1407378249698215,0.3422213474909464,0.002271413816035622,0.00022714138160356218,0.04861111111111111,0.049479166666666664,0.0032617573936780295,0.0023342507580916085,0.6254285573959351
6,79,adaptive_crosssdc_cmr,hinge,1.0,0.01,0.634849038388994,0.6623980071809557,1.165813856654697,0.3497441569964091,0.002081282870171385,0.0002081282870171385,0.046875,0.0390625,0.0027528914312521615,0.0020724551545249093,0.6274285912513733
6,80,adaptive_crosssdc_cmr,hinge,1.0,0.01,0.6495297286245558,0.7242245276769003,1.2360417313045926,0.37081251939137777,0.0013584034620887702,0.00013584034620887702,0.04600694444444445,0.026909722222222224,0.002495807492070728,0.0011313433448473613,0.6282857060432434
6,81,adaptive_crosssdc_cmr,hinge,1.0,0.01,0.6382036142879062,0.6899269421895345,1.2049243185255263,0.3614772955576579,0.0012826130421470022,0.00012826130421470024,0.04513888888888889,0.020833333333333332,0.0023643991185559165,0.0009776362114482457,0.6291428804397583
6,82,adaptive_crosssdc_cmr,hinge,1.0,0.01,0.6369929446114434,0.7096885177824233,1.2092282639609442,0.36276847918828325,0.0018944949390263194,0.00018944949390263196,0.043402777777777776,0.027777777777777776,0.002689808193180296,0.0018568738467163509,0.6285714507102966
6,83,adaptive_crosssdc_cmr,hinge,1.0,0.01,0.6240670151180692,0.6829425692558289,1.179795331425137,0.3539385994275411,0.001495375097470565,0.0001495375097470565,0.036458333333333336,0.0390625,0.00211057025525305,0.0016559999850061205,0.6257143020629883
6,84,adaptive_crosssdc_cmr,hinge,1.0,0.01,0.6277622779210409,0.7055136230256822,1.1920855707592435,0.35762567122777306,0.0016969384935994942,0.00016969384935994943,0.04600694444444445,0.03125,0.0023476150300767687,0.0018391460180282593,0.628000020980835
6,85,adaptive_crosssdc_cmr,hinge,1.0,0.01,0.6341311203108894,0.7098924583858914,1.2125517394807603,0.3637655218442281,0.0008515815578802074,8.515815578802075e-05,0.026041666666666668,0.03125,0.001449877189265357,0.0009377371105882856,0.6282857060432434
6,86,adaptive_crosssdc_cmr,hinge,1.0,0.01,0.618630157576667,0.6898661984337701,1.1695445775985718,0.3508633732795715,0.0016795086946027975,0.00016795086946027975,0.042534722222222224,0.033854166666666664,0.0023575536906719208,0.0017257067892286512,0.62628573179245
6,87,adaptive_crosssdc_cmr,hinge,1.0,0.01,0.6220739152696397,0.698102699385749,1.16827744907803,0.35048323472340903,0.0018235179110585402,0.00018235179110585403,0.04861111111111111,0.0390625,0.0028828096886475882,0.0016868263483047485,0.6291428804397583
6,88,adaptive_crosssdc_cmr,hinge,1.0,0.01,0.6320603688557943,0.7130598160955641,1.1923652357525296,0.3577095707257589,0.002097058381574849,0.00020970583815748493,0.04774305555555555,0.03732638888888889,0.0027626434134112466,0.00211432245042589,0.6242856979370117
6,89,adaptive_crosssdc_cmr,hinge,1.0,0.01,0.6211184329456754,0.6941919724146525,1.1795003016789753,0.3538500905036926,0.0010913436029416819,0.00010913436029416819,0.025173611111111112,0.027777777777777776,0.0015689627163940007,0.0012234747409820557,0.6311428546905518
6,90,adaptive_crosssdc_cmr,hinge,1.0,0.01,0.6281037330627441,0.7111274533801608,1.2092886103524103,0.3627865831057231,0.0014355709976775365,0.00014355709976775365,0.04079861111111111,0.022569444444444444,0.0023229126301076678,0.0011297787229220073,0.6248571276664734
6,91,adaptive_crosssdc_cmr,hinge,1.0,0.01,0.6014729605780708,0.6547602415084839,1.1376637485292223,0.34129912455876665,0.0015086889357513024,0.00015086889357513025,0.036458333333333336,0.034722222222222224,0.0022684025267759957,0.0016490225162771014,0.6308571696281433
6,92,adaptive_crosssdc_cmr,hinge,1.0,0.01,0.6083721982108222,0.7063088748190138,1.1594139205084906,0.3478241761525472,0.0009763624241006457,9.763624241006458e-05,0.022569444444444444,0.036458333333333336,0.0007390806244479285,0.0016902900404400295,0.6302857398986816
6,93,adaptive_crosssdc_cmr,hinge,1.0,0.01,0.6100381679005094,0.6830087105433146,1.1662835545010037,0.3498850663503011,0.0013146957434299919,0.00013146957434299918,0.034722222222222224,0.030381944444444444,0.0016882581015427907,0.0016891335447629292,0.6282857060432434
6,94,adaptive_crosssdc_cmr,hinge,1.0,0.01,0.6214166283607483,0.7112749881214566,1.182655758327908,0.3547967274983724,0.0011046005642533095,0.00011046005642533096,0.03819444444444445,0.027777777777777776,0.0017981256047884624,0.001112499584754308,0.6294285655021667
6,95,adaptive_crosssdc_cmr,hinge,1.0,0.01,0.6182124614715576,0.7002024385664198,1.1797291437784831,0.35391874313354493,0.0010042640593989443,0.00010042640593989443,0.033854166666666664,0.021701388888888888,0.001951657235622406,0.0007570770879586538,0.62628573179245
6,96,adaptive_crosssdc_cmr,hinge,1.0,0.01,0.6175049344698588,0.703383829858568,1.1798640489578247,0.3539592146873474,0.001810579757956374,0.00018105797579563742,0.042534722222222224,0.034722222222222224,0.002183445625834995,0.0020982354051536983,0.6291428804397583
6,97,adaptive_crosssdc_cmr,hinge,1.0,0.01,0.6237554616398282,0.7212000423007541,1.1901197963290744,0.3570359388987223,0.0017728296224959195,0.00017728296224959195,0.033854166666666664,0.03993055555555555,0.0020892110963662467,0.0020712659590774113,0.6328571438789368
6,98,adaptive_crosssdc_cmr,hinge,1.0,0.01,0.6072446174091763,0.7023261057005988,1.1557202736536663,0.3467160820960999,0.0012273283888741087,0.00012273283888741086,0.030381944444444444,0.03211805555555555,0.0015303645696904925,0.0016051783329910701,0.6302857398986816
6,99,adaptive_crosssdc_cmr,hinge,1.0,0.01,0.5978334148724874,0.6888047589196099,1.1300592025121052,0.33901776075363155,0.0010697484572624995,0.00010697484572624996,0.03819444444444445,0.026041666666666668,0.001726735383272171,0.0010005123913288116,0.631428599357605
6,100,adaptive_crosssdc_cmr,hinge,1.0,0.01,0.5955584976408217,0.6793072289890714,1.1266429424285889,0.33799288272857664,0.0014354244146185617,0.00014354244146185617,0.03732638888888889,0.03211805555555555,0.0018226541578769684,0.0016962728566593593,0.6291428804397583
6,101,adaptive_crosssdc_cmr,hinge,1.0,0.01,0.6030545035998026,0.7056247856881883,1.14679839875963,0.344039519627889,0.0011274667922407389,0.0001127466792240739,0.030381944444444444,0.027777777777777776,0.0016614529821607801,0.0011468645599153307,0.62628573179245
6,102,adaptive_crosssdc_cmr,hinge,1.0,0.01,0.6166581312815348,0.7031765315267775,1.1759019295374553,0.3527705788612366,0.0015078293250149323,0.00015078293250149325,0.036458333333333336,0.034722222222222224,0.001994074218802982,0.0016914779941240947,0.628000020980835
6,103,adaptive_crosssdc_cmr,hinge,1.0,0.01,0.6088783542315165,0.708532366487715,1.1565832826826308,0.3469749848047892,0.0016298773310457666,0.00016298773310457668,0.041666666666666664,0.035590277777777776,0.0022721687952677407,0.0017520176867643993,0.6311428546905518
6,104,adaptive_crosssdc_cmr,hinge,1.0,0.01,0.6174509856435988,0.7255328893661499,1.18436861038208,0.355310583114624,0.0010006413358496502,0.00010006413358496503,0.03819444444444445,0.025173611111111112,0.001593343499634001,0.0010488695568508571,0.62971431016922
6,105,adaptive_crosssdc_cmr,hinge,1.0,0.01,0.6043000552389357,0.716489831606547,1.1623200443055894,0.3486960132916768,0.0006792599694260085,6.792599694260086e-05,0.022569444444444444,0.020833333333333332,0.0008872999913162655,0.0008963781098524729,0.6288571357727051
6,106,adaptive_crosssdc_cmr,hinge,1.0,0.01,0.6045275529225668,0.7211314837137858,1.1699357562594943,0.35098072687784826,0.0010763194877654314,0.00010763194877654314,0.028645833333333332,0.033854166666666664,0.0012662303116586474,0.001460514548752043,0.6294285655021667
6,107,adaptive_crosssdc_cmr,hinge,1.0,0.01,0.5895726746982999,0.7065817713737488,1.1246716578801472,0.3374014973640442,0.0009532482605815554,9.532482605815555e-05,0.026909722222222224,0.026909722222222224,0.001110136095020506,0.0012009884748193952,0.6277142763137817
6,108,adaptive_crosssdc_cmr,hinge,1.0,0.01,0.6103692253430685,0.7394923832681444,1.1899585326512654,0.3569875597953796,0.0009399171103723347,9.399171103723347e-05,0.033854166666666664,0.026041666666666668,0.001564361568954256,0.0009529764453570048,0.6285714507102966
6,109,adaptive_crosssdc_cmr,hinge,1.0,0.01,0.5942774878607856,0.7142490148544312,1.1464075909720526,0.3439222772916158,0.0007727693187512665,7.727693187512665e-05,0.018229166666666668,0.03298611111111111,0.0007314967612425486,0.0013206737736860912,0.6257143020629883
6,110,adaptive_crosssdc_cmr,hinge,1.0,0.01,0.5907881392372979,0.6852699451976352,1.1352714829974704,0.3405814448992411,0.0008546979936201953,8.546979936201953e-05,0.020833333333333332,0.025173611111111112,0.0009080299900637732,0.0012185925410853492,0.6274285912513733
6,111,adaptive_crosssdc_cmr,hinge,1.0,0.01,0.6004041963153415,0.7356381482548184,1.164971046977573,0.3494913140932719,0.001192996999533433,0.0001192996999533433,0.034722222222222224,0.027777777777777776,0.0013581415017445881,0.0014941216342979008,0.6299999952316284
6,112,adaptive_crosssdc_cmr,hinge,1.0,0.01,0.5977846450275845,0.7252015736367967,1.1632593737708197,0.3489778121312459,0.0008594137648793145,8.594137648793146e-05,0.015625,0.03125,0.0005048434767458173,0.0016028698947694567,0.6294285655021667
6,113,adaptive_crosssdc_cmr,hinge,1.0,0.01,0.6008814175923666,0.7298029330041673,1.1630483468373616,0.34891450405120844,0.0008268430020608422,8.268430020608423e-05,0.028645833333333332,0.0234375,0.0013414985603756374,0.0009250616033871969,0.6302857398986816
6,114,adaptive_crosssdc_cmr,hinge,1.0,0.01,0.5968832704755995,0.7150230937533908,1.145370430416531,0.34361112912495934,0.0009951844533336246,9.951844533336246e-05,0.03125,0.026909722222222224,0.001389357778761122,0.0011206331352392833,0.628000020980835
6,115,adaptive_crosssdc_cmr,hinge,1.0,0.01,0.594876594013638,0.6969956159591675,1.1298427449332342,0.33895282347997024,0.0011522680999607677,0.00011522680999607677,0.034722222222222224,0.033854166666666664,0.00150100224547916,0.001457686639494366,0.6311428546905518
6,116,adaptive_crosssdc_cmr,hinge,1.0,0.01,0.59932056400511,0.7156616515583463,1.141794827249315,0.3425384481747945,0.0011186317650653007,0.00011186317650653008,0.026909722222222224,0.035590277777777776,0.001016457047727373,0.001749547819296519,0.6274285912513733
6,117,adaptive_crosssdc_cmr,hinge,1.0,0.01,0.6156118247244093,0.7338277432653639,1.1815700928370159,0.35447102785110474,0.0013789304842551549,0.00013789304842551549,0.033854166666666664,0.035590277777777776,0.001983709219429228,0.0014118514955043793,0.6302857398986816
6,118,adaptive_crosssdc_cmr,hinge,1.0,0.01,0.6270538237359788,0.7465748190879822,1.189261449707879,0.3567784349123637,0.0019295075002850757,0.0001929507500285076,0.050347222222222224,0.030381944444444444,0.003042684661017524,0.0015023561815420787,0.6248571276664734
6,119,adaptive_crosssdc_cmr,hinge,1.0,0.01,0.6121157672670152,0.7379092507892184,1.1635988156000774,0.3490796446800232,0.0011369593428551322,0.00011369593428551323,0.03211805555555555,0.030381944444444444,0.001676030457019806,0.001284015675385793,0.6274285912513733
6,120,adaptive_crosssdc_cmr,hinge,1.0,0.01,0.6102447774675157,0.7245982819133334,1.1489737166298761,0.34469211498896285,0.0015419814606300658,0.00015419814606300658,0.041666666666666664,0.03125,0.0020867793096436393,0.001527687327729331,0.6317142844200134
6,121,adaptive_crosssdc_cmr,hinge,1.0,0.01,0.6172883113225301,0.7121258444256253,1.156392561064826,0.3469177683194478,0.0016411070116899079,0.0001641107011689908,0.03732638888888889,0.033854166666666664,0.002124122033516566,0.00174168414539761,0.6311428546905518
6,122,adaptive_crosssdc_cmr,hinge,1.0,0.01,0.6180696884791056,0.733228517903222,1.155499193403456,0.34664975802103676,0.0018538013488675158,0.00018538013488675158,0.0390625,0.03732638888888889,0.0023153871297836304,0.0019198374615775214,0.6311428546905518
6,123,adaptive_crosssdc_cmr,hinge,1.0,0.01,0.6171027620633444,0.7234248386489021,1.1378804710176256,0.34136414130528764,0.0020964994974848297,0.000209649949748483,0.044270833333333336,0.030381944444444444,0.002845441715584861,0.0017645462519592708,0.6259999871253967
6,124,adaptive_crosssdc_cmr,hinge,1.0,0.01,0.6107988754908243,0.7063480748070611,1.1389593945609198,0.34168781836827594,0.0016357217682525516,0.00016357217682525516,0.03732638888888889,0.024305555555555556,0.002263704521788491,0.001382356302605735,0.6294285655021667
6,125,adaptive_crosssdc_cmr,hinge,1.0,0.01,0.604764375421736,0.7331566280788846,1.1566303438610501,0.34698910315831505,0.0009593276901998454,9.593276901998454e-05,0.026041666666666668,0.030381944444444444,0.0011365239818890889,0.0013439911935064527,0.6342856884002686
6,126,adaptive_crosssdc_cmr,hinge,1.0,0.01,0.6117205222447714,0.7579109271367391,1.1835132837295532,0.35505398511886593,0.001001380513318711,0.0001001380513318711,0.025173611111111112,0.03211805555555555,0.0010934049884478252,0.0014399844739172193,0.6317142844200134
6,127,adaptive_crosssdc_cmr,hinge,1.0,0.01,0.5906338956620958,0.7190928525394864,1.1316785150104098,0.3395035545031229,0.0012480614968808368,0.0001248061496880837,0.0234375,0.035590277777777776,0.0010381403068701427,0.0019446884592374165,0.631428599357605
6,128,adaptive_crosssdc_cmr,hinge,1.0,0.01,0.6081541776657104,0.753139489226871,1.1793832116656833,0.353814963499705,0.0011616246976902606,0.00011616246976902606,0.028645833333333332,0.027777777777777776,0.0014842520985338423,0.0012260783049795362,0.6311428546905518
6,129,adaptive_crosssdc_cmr,hinge,1.0,0.01,0.5963592595524259,0.7283637391196357,1.1443804370032415,0.3433141311009725,0.0011469372160111864,0.00011469372160111864,0.03211805555555555,0.024305555555555556,0.0013739230732123058,0.001258621613184611,0.6271428465843201
6,130,adaptive_crosssdc_cmr,hinge,1.0,0.01,0.596348676416609,0.7365238931443956,1.153550148010254,0.34606504440307617,0.0009608343405286885,9.608343405286885e-05,0.022569444444444444,0.03211805555555555,0.0009089505506886377,0.00158535854683982,0.6325713992118835
6,131,adaptive_crosssdc_cmr,hinge,1.0,0.01,0.5896833539009094,0.7295548783408271,1.1476134459177654,0.3442840337753296,0.0006475684575788262,6.475684575788262e-05,0.019965277777777776,0.024305555555555556,0.0006738954948054419,0.0009751261936293708,0.6259999871253967
6,132,adaptive_crosssdc_cmr,hinge,1.0,0.01,0.597008658779992,0.7493850986162821,1.1471547947989569,0.34414643843968706,0.0011413534068399006,0.00011413534068399007,0.022569444444444444,0.030381944444444444,0.0011263758771949345,0.001508406466907925,0.6328571438789368
6,133,adaptive_crosssdc_cmr,hinge,1.0,0.01,0.5981759164068434,0.7309093276659647,1.1403191486994426,0.3420957446098328,0.0011797113628644082,0.00011797113628644082,0.0234375,0.028645833333333332,0.0013560632036791907,0.001400399539205763,0.6254285573959351
6,134,adaptive_crosssdc_cmr,hinge,1.0,0.01,0.5994628998968337,0.7354987263679504,1.1331577168570623,0.33994731505711867,0.0013762601107979815,0.00013762601107979814,0.026041666666666668,0.036458333333333336,0.001257374882698059,0.002004993044667774,0.6340000033378601
6,135,adaptive_crosssdc_cmr,hinge,1.0,0.01,0.5930575397279527,0.7170562942822775,1.1247341235478718,0.33742023706436153,0.001348099296188189,0.0001348099296188189,0.03211805555555555,0.029513888888888888,0.0018808866540590923,0.0012104912764496273,0.628000020980835
6,136,adaptive_crosssdc_cmr,hinge,1.0,0.01,0.5891304148568047,0.7263358367813958,1.1218759086396959,0.33656277259190875,0.0009546081774816331,9.546081774816332e-05,0.019097222222222224,0.03211805555555555,0.0007287814385361142,0.0015299154652489556,0.6320000290870667
6,137,adaptive_crosssdc_cmr,hinge,1.0,0.01,0.5898152126206292,0.7257403400209215,1.11919367313385,0.33575810194015504,0.001016372339411949,0.00010163723394119491,0.03298611111111111,0.0234375,0.0015432851182089911,0.000909993631972207,0.6299999952316284
6,138,adaptive_crosssdc_cmr,hinge,1.0,0.01,0.5953117609024048,0.7232224543889364,1.127859738137987,0.33835792144139604,0.0013472185302008358,0.00013472185302008358,0.028645833333333332,0.033854166666666664,0.0012350347306993273,0.0018760735789934795,0.6351428627967834
6,139,adaptive_crosssdc_cmr,hinge,1.0,0.01,0.5856167938974168,0.7320317625999451,1.1213547123803034,0.336406413714091,0.0007546933225563003,7.546933225563004e-05,0.021701388888888888,0.025173611111111112,0.0009267864127953848,0.000993499325381385,0.6257143020629883
6,140,adaptive_crosssdc_cmr,hinge,1.0,0.01,0.5861294070879618,0.7334135108523898,1.1331651475694444,0.3399495442708333,0.0008592565815585355,8.592565815585355e-05,0.019965277777777776,0.026041666666666668,0.0007362191875775655,0.0013622389071517521,0.6328571438789368
6,141,adaptive_crosssdc_cmr,hinge,1.0,0.01,0.5692403713862101,0.7148443129327562,1.0942154460483127,0.3282646338144938,0.0006329805570809791,6.329805570809791e-05,0.0234375,0.017361111111111112,0.0007418584492471484,0.0008615387810601129,0.631428599357605
6,142,adaptive_crosssdc_cmr,hinge,1.0,0.01,0.5888239079051547,0.7434989346398247,1.155710842874315,0.3467132528622945,0.000547888126069059,5.47888126069059e-05,0.012152777777777778,0.026041666666666668,0.0003911231954892476,0.0010328036215570238,0.6342856884002686
6,143,adaptive_crosssdc_cmr,hinge,1.0,0.01,0.5692562593354119,0.7199952867296007,1.1010283099280462,0.33030849297841386,0.0009023775055538863,9.023775055538863e-05,0.015625,0.027777777777777776,0.0006830907530254788,0.0014544563988844554,0.6288571357727051
6,144,adaptive_crosssdc_cmr,hinge,1.0,0.01,0.5843425459331937,0.7379883925120035,1.143183363808526,0.3429550091425578,0.000621730568430697,6.21730568430697e-05,0.0234375,0.018229166666666668,0.0008779917326238421,0.0008121906883186764,0.6322857141494751
6,145,adaptive_crosssdc_cmr,hinge,1.0,0.01,0.5756103330188327,0.723543836010827,1.116396188735962,0.3349188566207886,0.0010009973840270606,0.00010009973840270606,0.019965277777777776,0.027777777777777776,0.0006237907542122735,0.001700804051425722,0.6302857398986816
6,146,adaptive_crosssdc_cmr,hinge,1.0,0.01,0.5752492414580451,0.728102465470632,1.1231006781260173,0.33693020343780516,0.000570381014161588,5.703810141615881e-05,0.020833333333333332,0.018229166666666668,0.0008874610066413879,0.0006407313048839569,0.6334285736083984
6,147,adaptive_crosssdc_cmr,hinge,1.0,0.01,0.5806854897075229,0.748223066329956,1.139713446299235,0.34191403388977054,0.0009338529537975168,9.338529537975168e-05,0.021701388888888888,0.03298611111111111,0.0008229377369085947,0.001473029868470298,0.6294285655021667
6,148,adaptive_crosssdc_cmr,hinge,1.0,0.01,0.5929974185095893,0.7667524152331882,1.1577035850948758,0.34731107552846274,0.0007606587573213296,7.606587573213297e-05,0.019097222222222224,0.022569444444444444,0.0007068349255455865,0.001191778729359309,0.6345714330673218
6,149,adaptive_crosssdc_cmr,hinge,1.0,0.01,0.5849949916203817,0.7338765462239584,1.124721089998881,0.33741632699966434,0.0011339410492736432,0.00011339410492736433,0.028645833333333332,0.030381944444444444,0.0014054075711303288,0.00136172150572141,0.6291428804397583
6,150,adaptive_crosssdc_cmr,hinge,1.0,0.01,0.5768849518564012,0.7455059289932251,1.1396493249469333,0.34189479748407997,0.0005367279275863742,5.3672792758637426e-05,0.013888888888888888,0.021701388888888888,0.0005519274208280775,0.0008739646938112047,0.6305714249610901
6,151,adaptive_crosssdc_cmr,hinge,1.0,0.01,0.5823621882332696,0.7622934314939711,1.155724737379286,0.3467174212137858,0.0007617366306173304,7.617366306173305e-05,0.017361111111111112,0.024305555555555556,0.0007208026945590973,0.0012221729589833154,0.6320000290870667
6,152,adaptive_crosssdc_cmr,hinge,1.0,0.01,0.56490159034729,0.7363925642437406,1.1088576316833496,0.3326572895050049,0.0006041463606783913,6.0414636067839134e-05,0.010416666666666666,0.0234375,0.00033432079686058895,0.0011140695876545375,0.6291428804397583
6,153,adaptive_crosssdc_cmr,hinge,1.0,0.01,0.5840606623225741,0.767285168170929,1.159760554631551,0.3479281663894653,0.0009220408408307574,9.220408408307575e-05,0.026041666666666668,0.030381944444444444,0.0007233002947436438,0.0016181125409073299,0.6322857141494751
6,154,adaptive_crosssdc_cmr,hinge,1.0,0.01,0.5749784376886156,0.7511219448513455,1.1325953669018216,0.3397786100705465,0.0006712364694168274,6.712364694168275e-05,0.016493055555555556,0.026041666666666668,0.0007622407542334662,0.0009987610909673902,0.6337142586708069
6,155,adaptive_crosssdc_cmr,hinge,1.0,0.01,0.5612981054517958,0.718048804336124,1.0978502564960055,0.3293550769488017,0.0006888048131562149,6.888048131562149e-05,0.006076388888888889,0.03211805555555555,0.00025844118661350675,0.0013895117574267918,0.6325713992118835
6,156,adaptive_crosssdc_cmr,hinge,1.0,0.01,0.5725031163957384,0.7462330460548401,1.1279463635550604,0.3383839090665181,0.0004594924782092373,4.594924782092373e-05,0.016493055555555556,0.019097222222222224,0.0006050455073515574,0.0006876041491826376,0.6328571438789368
6,157,adaptive_crosssdc_cmr,hinge,1.0,0.01,0.5808644559648302,0.7641268107626173,1.1450309753417969,0.34350929260253904,0.0009991828103213468,9.991828103213468e-05,0.018229166666666668,0.028645833333333332,0.0012561480204264324,0.0011216137144300672,0.6285714507102966
6,158,adaptive_crosssdc_cmr,hinge,1.0,0.01,0.5768459041913351,0.7448705633481344,1.130634241633945,0.33919027249018346,0.0007686783428653143,7.686783428653144e-05,0.022569444444444444,0.026041666666666668,0.0007700166768497891,0.0011778933306535084,0.6359999775886536
6,159,adaptive_crosssdc_cmr,hinge,1.0,0.01,0.5783107479413351,0.7315778533617655,1.1010762850443523,0.3303228855133057,0.0011423529875982138,0.00011423529875982139,0.019965277777777776,0.027777777777777776,0.0009818764196501838,0.0016358979046344757,0.6291428804397583
6,160,adaptive_crosssdc_cmr,hinge,1.0,0.01,0.5884234574106004,0.7750790980127122,1.1425255801942613,0.3427576740582784,0.0013318291425497995,0.00013318291425497996,0.028645833333333332,0.030381944444444444,0.0015384194751580556,0.001549731112188763,0.6331428289413452
6,161,adaptive_crosssdc_cmr,hinge,1.0,0.01,0.5920460555288527,0.771756649017334,1.1488581498463948,0.3446574449539184,0.0008868944084194178,8.868944084194179e-05,0.019097222222222224,0.027777777777777776,0.0007888488471508026,0.0013093538582324982,0.6365714073181152
6,162,adaptive_crosssdc_cmr,hinge,1.0,0.01,0.5831193327903748,0.7546957598792182,1.1383641825781927,0.3415092547734578,0.000750801682847345,7.50801682847345e-05,0.018229166666666668,0.0234375,0.0008813685013188256,0.0008872817787859174,0.6308571696281433
6,163,adaptive_crosssdc_cmr,hinge,1.0,0.01,0.5731745693418715,0.7439148094918993,1.113857560687595,0.33415726820627845,0.0009982774532141371,9.982774532141372e-05,0.013888888888888888,0.025173611111111112,0.0006909403536054823,0.0015386723809772069,0.6337142586708069
6,164,adaptive_crosssdc_cmr,hinge,1.0,0.01,0.5675797330008613,0.7364846070607504,1.096500383483039,0.3289501150449117,0.000933716278975933,9.33716278975933e-05,0.016493055555555556,0.029513888888888888,0.0006372237371073829,0.001503367390897539,0.6340000033378601
6,165,adaptive_crosssdc_cmr,hinge,1.0,0.01,0.5741679734653897,0.749254564444224,1.1266722281773884,0.3380016684532165,0.000783268248293704,7.832682482937041e-05,0.013888888888888888,0.027777777777777776,0.0005698195762104458,0.0012730699446466234,0.6274285912513733
6,166,adaptive_crosssdc_cmr,hinge,1.0,0.01,0.5790273149808248,0.76303721136517,1.1412256161371868,0.34236768484115604,0.0007731245180669551,7.731245180669553e-05,0.020833333333333332,0.022569444444444444,0.0007675521903567844,0.0011057642598946889,0.6331428289413452
6,167,adaptive_crosssdc_cmr,hinge,1.0,0.01,0.5568634271621704,0.7054726216528151,1.0723763836754694,0.32171291510264083,0.0003861526072594441,3.861526072594441e-05,0.016493055555555556,0.013888888888888888,0.00047519140773349337,0.0005933758285310534,0.6299999952316284
6,168,adaptive_crosssdc_cmr,hinge,1.0,0.01,0.5830143557654487,0.7623392277293735,1.13787755701277,0.34136326710383097,0.001029102487437841,0.0001029102487437841,0.028645833333333332,0.022569444444444444,0.0011740707688861424,0.0012022844619221157,0.6331428289413452
6,169,adaptive_crosssdc_cmr,hinge,1.0,0.01,0.5786368714438545,0.7772404683960809,1.1505814790725708,0.34517444372177125,0.0008362241723160776,8.362241723160776e-05,0.019965277777777776,0.0234375,0.0009147781464788648,0.0010650840898354848,0.6368571519851685
6,170,adaptive_crosssdc_cmr,hinge,1.0,0.01,0.573368661933475,0.7647426062160068,1.1113130648930867,0.333393919467926,0.0009122938370435602,9.122938370435603e-05,0.021701388888888888,0.026909722222222224,0.0009001406530539194,0.0013439199990696376,0.62971431016922
6,171,adaptive_crosssdc_cmr,hinge,1.0,0.01,0.5841991967625089,0.7653224600685967,1.1459877093633015,0.3437963128089904,0.0008149815382946852,8.149815382946853e-05,0.014756944444444444,0.0234375,0.0009518038067552778,0.0009118041230572595,0.6317142844200134
6,172,adaptive_crosssdc_cmr,hinge,1.0,0.01,0.5714469816949632,0.7437796195348104,1.1026863786909316,0.33080591360727946,0.0009924449324090448,9.924449324090449e-05,0.022569444444444444,0.025173611111111112,0.0010720123019483355,0.001238401151365704,0.6337142586708069
6,173,adaptive_crosssdc_cmr,hinge,1.0,0.01,0.5695645478036668,0.7230261696709527,1.0973623593648274,0.3292087078094482,0.0005813685307253359,5.813685307253359e-05,0.014756944444444444,0.019965277777777776,0.0007241331040859222,0.0007844203048282199,0.6340000033378601
6,174,adaptive_crosssdc_cmr,hinge,1.0,0.01,0.5867568916744657,0.7715433306164212,1.1505658096737332,0.34516974290211994,0.0006547030287846508,6.547030287846509e-05,0.0234375,0.015625,0.0007767056425412496,0.0007682119806607565,0.6377142667770386
6,175,adaptive_crosssdc_cmr,hinge,1.0,0.01,0.567184693283505,0.7542761829164293,1.1115875641504924,0.3334762692451477,0.0010307301547274822,0.00010307301547274823,0.012152777777777778,0.03211805555555555,0.0004887469112873077,0.001847566415866216,0.6317142844200134
6,176,adaptive_crosssdc_cmr,hinge,1.0,0.01,0.57375478082233,0.7724896338250902,1.1445386674669054,0.3433616002400716,0.00056133580316479,5.6133580316479006e-05,0.011284722222222222,0.020833333333333332,0.0003555417060852051,0.0010199190841780768,0.6328571438789368
6,177,adaptive_crosssdc_cmr,hinge,1.0,0.01,0.5636723637580872,0.7591690752241347,1.1122522751490276,0.33367568254470825,0.0008887289360346687,8.887289360346687e-05,0.0078125,0.026909722222222224,0.0002611329158147176,0.0016814122597376506,0.6337142586708069
6,178,adaptive_crosssdc_cmr,hinge,1.0,0.01,0.5631105701128641,0.7462807032797072,1.1212084690729778,0.3363625407218933,0.0005532759759161207,5.532759759161207e-05,0.013020833333333334,0.019965277777777776,0.0004938054415914747,0.0008536668287383185,0.6311428546905518
6,179,adaptive_crosssdc_cmr,hinge,1.0,0.01,0.571852962176005,0.7628227406077914,1.143418828646342,0.3430256485939026,0.0005319350683647725,5.319350683647725e-05,0.016493055555555556,0.017361111111111112,0.0006375076870123545,0.0007089401284853617,0.6311428546905518
6,180,adaptive_crosssdc_cmr,hinge,1.0,0.01,0.5608019166522555,0.748282339837816,1.096783505545722,0.3290350516637166,0.0007024802907835692,7.024802907835692e-05,0.018229166666666668,0.027777777777777776,0.000625035415093104,0.0011031122671233283,0.6317142844200134
6,181,adaptive_crosssdc_cmr,hinge,1.0,0.01,0.5746143857638041,0.7792591452598572,1.1314064131842718,0.33942192395528153,0.00032037219312365376,3.203721931236538e-05,0.008680555555555556,0.012152777777777778,0.0002750857836670346,0.0005245539877149793,0.6282857060432434
6,182,adaptive_crosssdc_cmr,hinge,1.0,0.01,0.5716539886262682,0.7746385402149625,1.1406127214431763,0.34218381643295287,0.0009633905675501511,9.633905675501512e-05,0.019965277777777776,0.025173611111111112,0.0008327799538771311,0.0013275622493690914,0.6331428289413452
6,183,adaptive_crosssdc_cmr,hinge,1.0,0.01,0.567409959104326,0.75286998351415,1.1134295993381076,0.33402887980143225,0.0009002630864011331,9.002630864011331e-05,0.019097222222222224,0.026041666666666668,0.0006864157815774282,0.0014219420651594798,0.631428599357605
6,184,adaptive_crosssdc_cmr,hinge,1.0,0.01,0.5685227513313293,0.7643358707427979,1.1114934550391302,0.33344803651173904,0.0007426801926663353,7.426801926663354e-05,0.014756944444444444,0.026909722222222224,0.0006854294074906243,0.0011596187121338314,0.6317142844200134
6,185,adaptive_crosssdc_cmr,hinge,1.0,0.01,0.5648345947265625,0.7403082052866617,1.0959651602639093,0.32878954807917277,0.0007086516642529103,7.086516642529104e-05,0.020833333333333332,0.018229166666666668,0.0006406522459454007,0.0010324368874231975,0.6337142586708069
6,186,adaptive_crosssdc_cmr,hinge,1.0,0.01,0.5783953799141778,0.7726555201742384,1.135214712884691,0.3405644138654073,0.0009796250120012297,9.796250120012297e-05,0.0234375,0.029513888888888888,0.0009587713413768344,0.0013939899702866871,0.6282857060432434
6,187,adaptive_crosssdc_cmr,hinge,1.0,0.01,0.5632210572560629,0.7360338237550523,1.0961203972498577,0.3288361191749573,0.0006442507146857679,6.442507146857679e-05,0.013020833333333334,0.021701388888888888,0.0006356065471967062,0.0008761580619547102,0.6348571181297302
6,188,adaptive_crosssdc_cmr,hinge,1.0,0.01,0.5728362931145562,0.7609308362007141,1.1138052807913885,0.3341415842374165,0.001183124504879945,0.0001183124504879945,0.022569444444444444,0.029513888888888888,0.0010473082462946575,0.0016853416131602393,0.6291428804397583
6,189,adaptive_crosssdc_cmr,hinge,1.0,0.01,0.561213857597775,0.74955239560869,1.099290172259013,0.3297870516777039,0.0011053309297292596,0.00011053309297292597,0.016493055555555556,0.024305555555555556,0.000938627454969618,0.00156431645154953,0.6322857141494751
6,190,adaptive_crosssdc_cmr,hinge,1.0,0.01,0.5783746507432725,0.7757924199104309,1.124378244082133,0.3373134732246399,0.0008902322135529377,8.902322135529377e-05,0.017361111111111112,0.021701388888888888,0.0008129518893029955,0.0011829787658320533,0.6317142844200134
6,191,adaptive_crosssdc_cmr,hinge,1.0,0.01,0.5829643607139587,0.7798514366149902,1.1240897046195135,0.33722691138585403,0.001371112461331197,0.0001371112461331197,0.027777777777777776,0.017361111111111112,0.001912864132059945,0.0010604788031842974,0.6294285655021667
6,192,adaptive_crosssdc_cmr,hinge,1.0,0.01,0.5933622121810913,0.7976957493358188,1.1679021120071411,0.3503706336021423,0.001622681693536126,0.00016226816935361262,0.030381944444444444,0.033854166666666664,0.0014534882373279994,0.002175752901368671,0.6294285655021667
6,193,adaptive_crosssdc_cmr,hinge,1.0,0.01,0.5939229925473531,0.7848664853307936,1.1418058607313368,0.342541758219401,0.001955164473555568,0.00019551644735555683,0.026909722222222224,0.033854166666666664,0.0022426971958743203,0.0018716942932870653,0.62971431016922
6,194,adaptive_crosssdc_cmr,hinge,1.0,0.01,0.591102745797899,0.7692460550202264,1.1280406051211886,0.3384121815363566,0.0017733217165287998,0.00017733217165288,0.029513888888888888,0.030381944444444444,0.002035403003295263,0.0016930591728952196,0.6271428465843201
6,195,adaptive_crosssdc_cmr,hinge,1.0,0.01,0.5893551376130846,0.7880428300963508,1.1476080814997356,0.3442824244499207,0.0009656299371272326,9.656299371272326e-05,0.019097222222222224,0.027777777777777776,0.000783595773908827,0.0015003552867306604,0.6311428546905518
6,196,adaptive_crosssdc_cmr,hinge,1.0,0.01,0.5932299759652879,0.7892045113775465,1.149153470993042,0.3447460412979126,0.0009494631408920719,9.49463140892072e-05,0.022569444444444444,0.021701388888888888,0.0010810717940330505,0.0011465793682469262,0.6340000033378601
6,197,adaptive_crosssdc_cmr,hinge,1.0,0.01,0.6016683843400743,0.7980477280086942,1.154902630382114,0.3464707891146342,0.0018842731385828098,0.000188427313858281,0.027777777777777776,0.03211805555555555,0.0023306707541147866,0.0016378466453817156,0.6257143020629883
6,198,adaptive_crosssdc_cmr,hinge,1.0,0.01,0.5914494329028659,0.7655212216907077,1.098895443810357,0.3296686331431071,0.0016854364463749032,0.00016854364463749034,0.036458333333333336,0.03211805555555555,0.001972364882628123,0.001814187400870853,0.6302857398986816
6,199,adaptive_crosssdc_cmr,hinge,1.0,0.01,0.6183740761544969,0.7763179408179389,1.1426488955815632,0.34279466867446895,0.001960431797973191,0.0001960431797973191,0.036458333333333336,0.03125,0.002753645595577028,0.0015847045514318678,0.6254285573959351
7,0,adaptive_crosssdc_cmr,hinge,1.0,0.01,3.1577281951904297,0.5135635137557983,1.3484096659554377,0.4045228997866313,0.5498365163803101,0.05498365163803101,0.8532986111111112,0.7048611111111112,0.8015381428930495,0.28086866603957283,0.5364999771118164
7,1,adaptive_crosssdc_cmr,hinge,1.0,0.01,2.1615904569625854,0.4315642648273044,1.2218446069293551,0.36655338207880656,0.398615214559767,0.039861521455976705,0.9704861111111112,0.6380208333333334,0.6542230447133383,0.14518701202339596,0.5537499785423279
7,2,adaptive_crosssdc_cmr,hinge,1.0,0.01,1.8068010012308757,0.42005311449368793,1.2999117771784465,0.38997353315353395,0.2250108238723543,0.02250108238723543,0.9027777777777778,0.5564236111111112,0.36085957951015896,0.10061109272970094,0.5582500100135803
7,3,adaptive_crosssdc_cmr,hinge,1.0,0.01,1.581763333744473,0.4068571196662055,1.246753387980991,0.3740260163942973,0.18864107297526467,0.018864107297526467,0.90625,0.5963541666666666,0.28391208748022717,0.09981332057052189,0.5569999814033508
7,4,adaptive_crosssdc_cmr,hinge,1.0,0.01,1.4269122812483046,0.4235837293995751,1.185426698790656,0.3556280096371968,0.15203918516635895,0.015203918516635896,0.8706597222222222,0.5095486111111112,0.2366337560945087,0.0751857062180837,0.5605000257492065
7,5,adaptive_crosssdc_cmr,hinge,1.0,0.01,1.3304511043760512,0.426399290561676,1.2025514311260648,0.3607654293378194,0.15207376248306698,0.015207376248306698,0.8706597222222222,0.4730902777777778,0.24088130560186174,0.06985148621930017,0.5617499947547913
7,6,adaptive_crosssdc_cmr,hinge,1.0,0.01,1.2540838850869074,0.42891891135109794,1.2047330273522272,0.36141990820566816,0.12803220997254053,0.012803220997254054,0.8333333333333334,0.5043402777777778,0.1932347234752443,0.07146915669242541,0.5607500076293945
7,7,adaptive_crosssdc_cmr,hinge,1.0,0.01,1.1888950533337064,0.4276907973819309,1.1742012368308172,0.3522603710492452,0.12196849452124701,0.012196849452124701,0.8133680555555556,0.4713541666666667,0.1885573218266169,0.061483040865924626,0.5632500052452087
7,8,adaptive_crosssdc_cmr,hinge,1.0,0.01,1.1373192601733737,0.44924596945444745,1.1872574753231473,0.35617724259694417,0.11099454512198766,0.011099454512198766,0.7907986111111112,0.4548611111111111,0.1752188735538059,0.054077676186958946,0.5632500052452087
7,9,adaptive_crosssdc_cmr,hinge,1.0,0.01,1.0768733554416232,0.41793087124824524,1.1188984711964924,0.3356695413589477,0.09960798422495525,0.009960798422495525,0.7560763888888888,0.4470486111111111,0.14671125842465293,0.05999571788642141,0.565500020980835
7,10,adaptive_crosssdc_cmr,hinge,1.0,0.01,1.0607017940945096,0.4339527189731598,1.1851855251524184,0.3555556575457255,0.09506028311120139,0.00950602831112014,0.7517361111111112,0.4097222222222222,0.1492872950103548,0.04862401675846842,0.5659999847412109
7,11,adaptive_crosssdc_cmr,hinge,1.0,0.01,1.0229861007796393,0.44490938385327655,1.1744733386569552,0.35234200159708656,0.08559352821773952,0.008559352821773952,0.7065972222222222,0.3940972222222222,0.1304620247748163,0.0485347058210108,0.5677499771118164
7,12,adaptive_crosssdc_cmr,hinge,1.0,0.01,0.9892006119092306,0.4369005925125546,1.1466608974668715,0.34399826924006144,0.08332793745729658,0.008332793745729658,0.6762152777777778,0.4192708333333333,0.1234652813937929,0.05001565358704991,0.5632500052452087
7,13,adaptive_crosssdc_cmr,hinge,1.0,0.01,0.9567917320463393,0.44140656458006966,1.143785344229804,0.3431356032689412,0.07691997124089135,0.0076919971240891356,0.6857638888888888,0.3463541666666667,0.12414036608404583,0.0377043444249365,0.5659999847412109
7,14,adaptive_crosssdc_cmr,hinge,1.0,0.01,0.9491598473654853,0.4593721760643853,1.1474907398223877,0.3442472219467163,0.07067360232273738,0.007067360232273738,0.6258680555555556,0.3663194444444444,0.10768293837706248,0.04048290352026621,0.5672500133514404
7,15,adaptive_crosssdc_cmr,hinge,1.0,0.01,0.9175146884388394,0.44430584377712673,1.113778551419576,0.33413356542587275,0.0690049860212538,0.00690049860212538,0.6414930555555556,0.3585069444444444,0.10512080788612366,0.04013662123017841,0.5642499923706055
7,16,adaptive_crosssdc_cmr,hinge,1.0,0.01,0.9354646338356866,0.485227323240704,1.2228852245542738,0.3668655673662821,0.06031504977080557,0.006031504977080557,0.6067708333333334,0.3038194444444444,0.09614436245626873,0.031524187988705106,0.5677499771118164
7,17,adaptive_crosssdc_cmr,hinge,1.0,0.01,0.8951451910866631,0.4615440136856503,1.1489566961924236,0.3446870088577271,0.05671461050709089,0.005671461050709089,0.5980902777777778,0.3055555555555556,0.08748335556851493,0.03242097795009613,0.5692499876022339
7,18,adaptive_crosssdc_cmr,hinge,1.0,0.01,0.8846808009677463,0.48200300004747176,1.160869558652242,0.3482608675956726,0.05435118907027774,0.005435118907027775,0.5703125,0.3151041666666667,0.08380746179156834,0.03202836008535491,0.5690000057220459
7,19,adaptive_crosssdc_cmr,hinge,1.0,0.01,0.8754595981703864,0.4820711976952023,1.1598833269543118,0.34796499808629355,0.04642161809735828,0.004642161809735828,0.5182291666666666,0.265625,0.07504798471927643,0.025607741955253813,0.5690000057220459
7,20,adaptive_crosssdc_cmr,hinge,1.0,0.01,0.8509258098072476,0.4701342549588945,1.1386220455169678,0.3415866136550903,0.04509494577844938,0.004509494577844938,0.4930555555555556,0.2777777777777778,0.07117842593126827,0.025291728062762156,0.5727499723434448
7,21,adaptive_crosssdc_cmr,hinge,1.0,0.01,0.8279114564259847,0.4704911576377021,1.116139703326755,0.3348419109980265,0.04578348083628549,0.004578348083628549,0.5017361111111112,0.2743055555555556,0.07350200166304906,0.025373417884111404,0.5705000162124634
7,22,adaptive_crosssdc_cmr,hinge,1.0,0.01,0.8175506922933791,0.45389821463161045,1.1014522181616888,0.3304356654485066,0.038350062237845525,0.0038350062237845527,0.4661458333333333,0.2248263888888889,0.061408600873417325,0.022245849172274273,0.5695000290870667
7,23,adaptive_crosssdc_cmr,hinge,1.0,0.01,0.8149245778719584,0.4802727136347029,1.118684834904141,0.3356054504712423,0.035230790368384786,0.0035230790368384786,0.4383680555555556,0.2552083333333333,0.0558812055322859,0.02104691954122649,0.5732499957084656
7,24,adaptive_crosssdc_cmr,hinge,1.0,0.01,0.8075495428509183,0.48244648509555393,1.1354661385218303,0.3406398415565491,0.03183679096400738,0.003183679096400738,0.4331597222222222,0.21614583333333334,0.05172940716147423,0.017816967848274443,0.574999988079071
7,25,adaptive_crosssdc_cmr,hinge,1.0,0.01,0.7968968086772494,0.48469525906774735,1.117530796262953,0.3352592388788859,0.030227943633993466,0.0030227943633993467,0.4409722222222222,0.2309027777777778,0.04851800906989309,0.018742002546787262,0.5734999775886536
7,26,adaptive_crosssdc_cmr,hinge,1.0,0.01,0.7921089331309,0.47818583581182694,1.1301892598470051,0.33905677795410155,0.03176285554137495,0.0031762855541374955,0.4027777777777778,0.2282986111111111,0.05153686925768852,0.018669405331214268,0.5712500214576721
7,27,adaptive_crosssdc_cmr,hinge,1.0,0.01,0.7757669422361586,0.4810570942031013,1.090166171391805,0.32704985141754145,0.026963921470774546,0.002696392147077455,0.3758680555555556,0.1909722222222222,0.043139748689201146,0.01566370493835873,0.5734999775886536
7,28,adaptive_crosssdc_cmr,hinge,1.0,0.01,0.7722414864434136,0.48578621612654793,1.103062351544698,0.3309187054634094,0.025139145760072604,0.0025139145760072605,0.3932291666666667,0.19618055555555555,0.041212615039613515,0.015187839253081216,0.5730000138282776
7,29,adaptive_crosssdc_cmr,hinge,1.0,0.01,0.7498153646787008,0.4622333314683702,1.0732420417997572,0.32197261253992715,0.02404744943810834,0.002404744943810834,0.3715277777777778,0.17447916666666666,0.03926472862561544,0.014424023942814933,0.5762500166893005
7,30,adaptive_crosssdc_cmr,hinge,1.0,0.01,0.7540026373333402,0.5083979467550913,1.1031622886657715,0.3309486865997314,0.024496926615635555,0.0024496926615635555,0.3619791666666667,0.20572916666666666,0.04035660790072547,0.014625379194815954,0.5774999856948853
7,31,adaptive_crosssdc_cmr,hinge,1.0,0.01,0.7568831046422323,0.5113848315344917,1.1267835299173992,0.33803505897521974,0.018023426334063213,0.0018023426334063215,0.3237847222222222,0.1545138888888889,0.0321596504913436,0.009229718810982175,0.5759999752044678
7,32,adaptive_crosssdc_cmr,hinge,1.0,0.01,0.7449482414457533,0.4878976113266415,1.093041910065545,0.32791257301966353,0.019227815378043387,0.0019227815378043387,0.3168402777777778,0.15104166666666666,0.033798228949308395,0.009595579985115264,0.5757499933242798
7,33,adaptive_crosssdc_cmr,hinge,1.0,0.01,0.727496518029107,0.4796334405740102,1.0594117773903742,0.31782353321711226,0.0169533666016327,0.00169533666016327,0.2960069444444444,0.15364583333333334,0.029747419473197725,0.009185074932045408,0.5757499933242798
7,34,adaptive_crosssdc_cmr,hinge,1.0,0.01,0.7374433875083923,0.4837550189759996,1.094703131251865,0.3284109393755595,0.019078078990181286,0.0019078078990181287,0.3046875,0.1796875,0.0313105144434505,0.011499029066827562,0.574999988079071
7,35,adaptive_crosssdc_cmr,hinge,1.0,0.01,0.735328647825453,0.48458128174146015,1.0905723439322577,0.3271717031796773,0.013924241583380435,0.0013924241583380436,0.2864583333333333,0.1189236111111111,0.025690547708008025,0.006757922056648467,0.5797500014305115
7,36,adaptive_crosssdc_cmr,hinge,1.0,0.01,0.7227103246582879,0.4944917857646942,1.0887591706381903,0.3266277511914571,0.014848608627087541,0.0014848608627087542,0.2864583333333333,0.15885416666666666,0.024090624517864652,0.01040812623169687,0.5745000243186951
7,37,adaptive_crosssdc_cmr,hinge,1.0,0.01,0.7152724928326077,0.49336085385746425,1.0756923755009968,0.322707712650299,0.012458190735843446,0.0012458190735843448,0.2526041666666667,0.12065972222222222,0.021762579265567992,0.007021899438566632,0.5814999938011169
7,38,adaptive_crosssdc_cmr,hinge,1.0,0.01,0.7154729498757256,0.49860751297738815,1.0859928131103516,0.32579784393310546,0.012513981614675786,0.0012513981614675788,0.2465277777777778,0.1388888888888889,0.02195679313606686,0.007481156124009026,0.578499972820282
7,39,adaptive_crosssdc_cmr,hinge,1.0,0.01,0.7082056800524393,0.5069077180491554,1.088983628484938,0.32669508854548135,0.012723702057782147,0.0012723702057782149,0.25,0.12239583333333333,0.022415955033567216,0.006999751345978843,0.577750027179718
7,40,adaptive_crosssdc_cmr,hinge,1.0,0.01,0.7101201481289334,0.5061989625295004,1.0952814155154758,0.3285844246546427,0.01207207738318377,0.001207207738318377,0.2361111111111111,0.1076388888888889,0.02171399092508687,0.005942193998230828,0.5789999961853027
7,41,adaptive_crosssdc_cmr,hinge,1.0,0.01,0.7045803202523125,0.5123318566216363,1.0998457935121324,0.3299537380536397,0.011019129513038529,0.001101912951303853,0.23350694444444445,0.11284722222222222,0.01813960737652249,0.0074150773386160536,0.5770000219345093
7,42,adaptive_crosssdc_cmr,hinge,1.0,0.01,0.686406672000885,0.514968024359809,1.0633587837219238,0.31900763511657715,0.010455424793892436,0.0010455424793892436,0.21788194444444445,0.1423611111111111,0.017171651124954224,0.008032159672843086,0.578249990940094
7,43,adaptive_crosssdc_cmr,hinge,1.0,0.01,0.6813020838631524,0.4926978184117211,1.067090630531311,0.3201271891593933,0.00929873881654607,0.000929873881654607,0.1935763888888889,0.10243055555555555,0.015931819876035053,0.00595378792948193,0.5787500143051147
7,44,adaptive_crosssdc_cmr,hinge,1.0,0.01,0.6727210548188951,0.4974808593591054,1.0614962312910292,0.31844886938730876,0.009864946206410726,0.0009864946206410727,0.2230902777777778,0.10850694444444445,0.01756126143866115,0.0056264640556441415,0.578249990940094
7,45,adaptive_crosssdc_cmr,hinge,1.0,0.01,0.6897682216432359,0.5116152465343475,1.1022131045659382,0.33066393136978145,0.008380707508573929,0.000838070750857393,0.1875,0.109375,0.013908130013280444,0.006033336950672997,0.5805000066757202
7,46,adaptive_crosssdc_cmr,hinge,1.0,0.01,0.6712523963716295,0.5124661293294694,1.0660886102252536,0.31982658306757605,0.0070887943471057546,0.0007088794347105755,0.19791666666666666,0.09375,0.012156653321451612,0.005212609552674823,0.5805000066757202
7,47,adaptive_crosssdc_cmr,hinge,1.0,0.01,0.6694421569506327,0.5085332360532548,1.0544391208224826,0.31633173624674477,0.008263251278549433,0.0008263251278549434,0.20052083333333334,0.078125,0.015518306858009763,0.004359541667832268,0.5792499780654907
7,48,adaptive_crosssdc_cmr,hinge,1.0,0.01,0.6857006152470907,0.5269532998402914,1.1147539218266804,0.3344261765480041,0.007819683394498296,0.0007819683394498296,0.1840277777777778,0.10677083333333333,0.012913324352767732,0.0055714742177062565,0.5774999856948853
7,49,adaptive_crosssdc_cmr,hinge,1.0,0.01,0.6702029373910692,0.5260802474286821,1.078152338663737,0.3234457015991211,0.006527134165581729,0.000652713416558173,0.15625,0.10243055555555555,0.010524953818983503,0.005115484197934468,0.5827500224113464
7,50,adaptive_crosssdc_cmr,hinge,1.0,0.01,0.6652403871218363,0.5121052463849386,1.0744478305180867,0.32233434915542597,0.007098630717438128,0.0007098630717438129,0.1779513888888889,0.08506944444444445,0.012659771574868096,0.004432522588306003,0.5820000171661377
7,51,adaptive_crosssdc_cmr,hinge,1.0,0.01,0.6667455236117045,0.5230205721325345,1.087373627556695,0.3262120882670085,0.006578387123429113,0.0006578387123429113,0.1657986111111111,0.1032986111111111,0.011403563535875745,0.004595792127980126,0.5774999856948853
7,52,adaptive_crosssdc_cmr,hinge,1.0,0.01,0.6512875027126737,0.5065905219978757,1.0407148202260335,0.31221444606781,0.0057888713458346,0.00057888713458346,0.1501736111111111,0.06770833333333333,0.010272783951626884,0.0037792974876032937,0.5842499732971191
7,53,adaptive_crosssdc_cmr,hinge,1.0,0.01,0.6482649246851603,0.5029383235507541,1.0313656595018175,0.30940969785054523,0.006492092170649105,0.0006492092170649105,0.17100694444444445,0.08333333333333333,0.011401502622498406,0.004095582912365596,0.5814999938011169
7,54,adaptive_crosssdc_cmr,hinge,1.0,0.01,0.6504647069507175,0.5242055356502533,1.045792990260654,0.31373789707819616,0.005660116103374296,0.0005660116103374296,0.15104166666666666,0.078125,0.01042586647801929,0.003369544115331438,0.5802500247955322
7,55,adaptive_crosssdc_cmr,hinge,1.0,0.01,0.651770638095008,0.518268989192115,1.0506072971555922,0.31518218914667767,0.005330270725405878,0.0005330270725405878,0.15538194444444445,0.0859375,0.00924395521481832,0.004196522550450431,0.5757499933242798
7,56,adaptive_crosssdc_cmr,hinge,1.0,0.01,0.6634956267144945,0.5211990276972452,1.0834366215599909,0.3250309864679973,0.00595558915908138,0.000595558915908138,0.15538194444444445,0.0842013888888889,0.010598159498638578,0.004077359620067809,0.5827500224113464
7,57,adaptive_crosssdc_cmr,hinge,1.0,0.01,0.6689775718583001,0.5470400485727522,1.1039967801835802,0.33119903405507406,0.004871665189663569,0.00048716651896635695,0.11024305555555555,0.0720486111111111,0.00732931246360143,0.004315776129563649,0.5802500247955322
7,58,adaptive_crosssdc_cmr,hinge,1.0,0.01,0.6475508411725363,0.5381752616829343,1.054101785024007,0.3162305355072021,0.004680737878920304,0.0004680737878920304,0.11979166666666667,0.07552083333333333,0.007443849411275651,0.004130318346950743,0.5795000195503235
7,59,adaptive_crosssdc_cmr,hinge,1.0,0.01,0.6500137514538236,0.5220086375872294,1.0444816615846422,0.31334449847539264,0.005723918141383264,0.0005723918141383264,0.1440972222222222,0.09027777777777778,0.009641258666912714,0.004359425769911872,0.5805000066757202
7,60,adaptive_crosssdc_cmr,hinge,1.0,0.01,0.6441125339931912,0.5175247026814355,1.0402990844514635,0.31208972533543905,0.004277137056407001,0.0004277137056407001,0.1362847222222222,0.06076388888888889,0.00798242911696434,0.0025297568904029,0.5817499756813049
7,61,adaptive_crosssdc_cmr,hinge,1.0,0.01,0.6473759876357185,0.5328980651166704,1.0495636065800984,0.3148690819740295,0.005715530753756563,0.0005715530753756564,0.1362847222222222,0.09895833333333333,0.008354350510570738,0.005481847872336705,0.5820000171661377
7,62,adaptive_crosssdc_cmr,hinge,1.0,0.01,0.6592729687690735,0.5502343508932326,1.0936872429317899,0.328106172879537,0.004666960306672586,0.0004666960306672586,0.13020833333333334,0.07725694444444445,0.0080857595635785,0.0033118724822998047,0.578000009059906
7,63,adaptive_crosssdc_cmr,hinge,1.0,0.01,0.6383128762245178,0.5197959476047092,1.028520663579305,0.30855619907379145,0.004163826996874478,0.0004163826996874478,0.09375,0.08333333333333333,0.006073744346698125,0.004011776298284531,0.578499972820282
7,64,adaptive_crosssdc_cmr,hinge,1.0,0.01,0.6380244361029731,0.5257596638467577,1.0283848974439833,0.308515469233195,0.003559508024611407,0.00035595080246114073,0.109375,0.06597222222222222,0.006579638355308109,0.0026916037831041548,0.578499972820282
7,65,adaptive_crosssdc_cmr,hinge,1.0,0.01,0.6280107564396329,0.5293917722172208,1.0157554546991985,0.30472663640975955,0.003488318140928944,0.0003488318140928944,0.1076388888888889,0.058159722222222224,0.006228252003590266,0.0026393747991985744,0.581250011920929
7,66,adaptive_crosssdc_cmr,hinge,1.0,0.01,0.6292575266626146,0.5286884638998244,1.047202123536004,0.3141606370608012,0.003594481489724583,0.00035944814897245834,0.1032986111111111,0.057291666666666664,0.005785396943489711,0.0030612643394205305,0.5774999856948853
7,67,adaptive_crosssdc_cmr,hinge,1.0,0.01,0.6339395642280579,0.5517731044027541,1.0616023010677762,0.3184806903203328,0.003750537470397022,0.0003750537470397022,0.11458333333333333,0.0625,0.006500668409797881,0.0029619985984431375,0.5842499732971191
7,68,adaptive_crosssdc_cmr,hinge,1.0,0.01,0.6198750270737542,0.5362106892797682,1.0345463752746582,0.3103639125823974,0.004257100763627225,0.0004257100763627225,0.10243055555555555,0.08246527777777778,0.005879099998209212,0.004526984774404102,0.5827500224113464
7,69,adaptive_crosssdc_cmr,hinge,1.0,0.01,0.6156401170624627,0.5164567232131958,1.0120671259032354,0.30362013777097063,0.003562232453583015,0.0003562232453583015,0.10416666666666667,0.05295138888888889,0.006184314274125629,0.002838732467757331,0.5789999961853027
7,70,adaptive_crosssdc_cmr,hinge,1.0,0.01,0.634451064798567,0.5659414596027799,1.070415695508321,0.3211247086524963,0.004294389237960179,0.00042943892379601796,0.12413194444444445,0.07725694444444445,0.00735261994931433,0.003464168972439236,0.5827500224113464
7,71,adaptive_crosssdc_cmr,hinge,1.0,0.01,0.622961077425215,0.5414553152190315,1.035354687107934,0.31060640613238016,0.002928490207220117,0.0002928490207220117,0.1111111111111111,0.05642361111111111,0.005664069205522537,0.0020912508997652265,0.5807499885559082
7,72,adaptive_crosssdc_cmr,hinge,1.0,0.01,0.6375939978493584,0.5758529769049751,1.0891490247514513,0.3267447074254354,0.003432660104913844,0.0003432660104913844,0.09375,0.06597222222222222,0.00507511157128546,0.003340257538689507,0.5787500143051147
7,73,adaptive_crosssdc_cmr,hinge,1.0,0.01,0.6253390842013888,0.5438437594307793,1.0541019307242498,0.31623057921727493,0.0027165604341361257,0.0002716560434136126,0.0842013888888889,0.06163194444444445,0.004453791512383355,0.0023402716550562116,0.5795000195503235
7,74,adaptive_crosssdc_cmr,hinge,1.0,0.01,0.6134007043308682,0.5359804564052157,1.0368839502334595,0.31106518507003783,0.0022671587778151864,0.00022671587778151864,0.08506944444444445,0.05555555555555555,0.0036719201339615714,0.0023707962698406642,0.5772500038146973
7,75,adaptive_crosssdc_cmr,hinge,1.0,0.01,0.6110477182600234,0.5294951796531677,1.0220566987991333,0.30661700963974,0.002630479672613243,0.00026304796726132434,0.08072916666666667,0.059895833333333336,0.004274665067593257,0.0025579271217187247,0.5807499885559082
7,76,adaptive_crosssdc_cmr,hinge,1.0,0.01,0.6197459499041239,0.5609497361712985,1.0604209767447577,0.31812629302342726,0.002403301160989536,0.0002403301160989536,0.09722222222222222,0.046875,0.0041997383038202924,0.0020664744079113007,0.5799999833106995
7,77,adaptive_crosssdc_cmr,hinge,1.0,0.01,0.6397054195404053,0.5801405178176032,1.1064646773868136,0.3319394032160441,0.0034680328745808867,0.0003468032874580887,0.0763888888888889,0.06684027777777778,0.004324508210023244,0.003906787269645267,0.5772500038146973
7,78,adaptive_crosssdc_cmr,hinge,1.0,0.01,0.6153227289517721,0.5631615651978387,1.048824581835005,0.3146473745505015,0.0030019502414183486,0.00030019502414183486,0.09027777777777778,0.07378472222222222,0.004279971122741699,0.0033541060984134674,0.5802500247955322
7,79,adaptive_crosssdc_cmr,hinge,1.0,0.01,0.5945227411058214,0.534890247715844,0.9920555882983737,0.2976166764895121,0.002542715235095885,0.0002542715235095885,0.07378472222222222,0.06076388888888889,0.0036826377941502463,0.002739743640025457,0.5799999833106995
7,80,adaptive_crosssdc_cmr,hinge,1.0,0.01,0.6168564558029175,0.5518798563215468,1.0574461354149713,0.3172338406244914,0.003047446875522534,0.00030474468755225343,0.09027777777777778,0.059027777777777776,0.005025787899891536,0.0025463890698220995,0.5795000195503235
7,81,adaptive_crosssdc_cmr,hinge,1.0,0.01,0.6510326332516141,0.5543756749894884,1.0265329215261672,0.3079598764578501,0.006115363522743185,0.0006115363522743185,0.1284722222222222,0.06510416666666667,0.010214306000206206,0.003419689420196745,0.578249990940094
7,82,adaptive_crosssdc_cmr,hinge,1.0,0.01,0.6158957944975959,0.5294714305135939,0.9924828476376004,0.2977448542912801,0.004163694438628024,0.00041636944386280245,0.09027777777777778,0.0685763888888889,0.006322760134935379,0.0033478972812493644,0.5824999809265137
7,83,adaptive_crosssdc_cmr,hinge,1.0,0.01,0.639721605512831,0.5811759101019965,1.0832302040523953,0.3249690612157186,0.003709103161883023,0.00037091031618830233,0.11024305555555555,0.057291666666666664,0.006253177093134986,0.0026904001004166072,0.5814999938011169
7,84,adaptive_crosssdc_cmr,hinge,1.0,0.01,0.6281392441855537,0.5715380377239652,1.059466348754035,0.3178399046262105,0.003081374956915776,0.0003081374956915776,0.0842013888888889,0.05555555555555555,0.004674438387155533,0.0028224442568090227,0.581250011920929
7,85,adaptive_crosssdc_cmr,hinge,1.0,0.01,0.6092648506164551,0.5595597757233514,1.0259895854526095,0.30779687563578284,0.002784398138626582,0.0002784398138626582,0.0763888888888889,0.06597222222222222,0.0035526669687694972,0.0032931665579477945,0.578499972820282
7,86,adaptive_crosssdc_cmr,hinge,1.0,0.01,0.5938969784312778,0.5382202598783705,0.9846345782279968,0.295390373468399,0.002987541698126329,0.00029875416981263296,0.078125,0.059895833333333336,0.003941535949707031,0.0031779855489730835,0.5774999856948853
7,87,adaptive_crosssdc_cmr,hinge,1.0,0.01,0.5901623566945394,0.5318010913001167,0.9904731644524468,0.297141949335734,0.002174708035050167,0.0002174708035050167,0.0685763888888889,0.049479166666666664,0.003493303226100074,0.00206475125418769,0.577750027179718
7,88,adaptive_crosssdc_cmr,hinge,1.0,0.01,0.5997372931904263,0.5508372783660889,1.0287294255362616,0.30861882766087845,0.002003352985613876,0.0002003352985613876,0.06336805555555555,0.04861111111111111,0.0028162457876735264,0.0022111042506164974,0.5787500143051147
7,89,adaptive_crosssdc_cmr,hinge,1.0,0.01,0.5970393220583597,0.5579862263467577,1.0233168005943298,0.30699504017829893,0.002216392895206809,0.0002216392895206809,0.059027777777777776,0.058159722222222224,0.00289708748459816,0.0026993921233548056,0.5805000066757202
7,90,adaptive_crosssdc_cmr,hinge,1.0,0.01,0.5875943766699897,0.556519627571106,1.0165093607372708,0.30495280822118126,0.0015548085470476912,0.00015548085470476914,0.05381944444444445,0.03819444444444445,0.002361242969830831,0.0017151902947160932,0.5817499756813049
7,91,adaptive_crosssdc_cmr,hinge,1.0,0.01,0.5804674492941962,0.5517186323801676,1.0074375602934096,0.30223126808802286,0.0019021380899680986,0.00019021380899680987,0.0625,0.057291666666666664,0.0025344685547881657,0.0024134135908550685,0.5805000066757202
7,92,adaptive_crosssdc_cmr,hinge,1.0,0.01,0.5867784288194444,0.5737707283761766,1.0103011926015217,0.3030903577804565,0.0015949563304376272,0.00015949563304376273,0.05555555555555555,0.034722222222222224,0.002510815444919798,0.0016236156225204468,0.5837500095367432
7,93,adaptive_crosssdc_cmr,hinge,1.0,0.01,0.5805230471822951,0.5452757146623399,0.9959812098079257,0.2987943629423777,0.0020201398486581943,0.00020201398486581945,0.058159722222222224,0.051215277777777776,0.0025945843921767343,0.0025837355189853245,0.5787500143051147
7,94,adaptive_crosssdc_cmr,hinge,1.0,0.01,0.5757617685529921,0.5703747471173605,0.999493294292026,0.2998479882876078,0.0013979954140571256,0.00013979954140571257,0.044270833333333336,0.04513888888888889,0.0017147395345899793,0.0020174115068382686,0.5832499861717224
7,95,adaptive_crosssdc_cmr,hinge,1.0,0.01,0.5919782718022665,0.572901639673445,1.0375183158450656,0.31125549475351966,0.0021579047251078817,0.0002157904725107882,0.05555555555555555,0.05555555555555555,0.00258792315920194,0.002767937050925361,0.5822499990463257
7,96,adaptive_crosssdc_cmr,hinge,1.0,0.01,0.5988854169845581,0.5696797834502326,1.0007548332214355,0.30022644996643066,0.0029840810489582103,0.00029840810489582104,0.0859375,0.050347222222222224,0.004952521787749397,0.002287240078051885,0.5772500038146973
7,97,adaptive_crosssdc_cmr,hinge,1.0,0.01,0.6126338971985711,0.6088847054375542,1.0664398537741766,0.31993195613225295,0.002268619576676024,0.00022686195766760241,0.058159722222222224,0.04861111111111111,0.002955872979429033,0.002510353508922789,0.5820000171661377
7,98,adaptive_crosssdc_cmr,hinge,1.0,0.01,0.6002014478047689,0.5777593453725179,1.0474346213870578,0.31423038641611734,0.0018904431748928295,0.00018904431748928297,0.06684027777777778,0.050347222222222224,0.002556827747159534,0.0024146723250548043,0.5817499756813049
7,99,adaptive_crosssdc_cmr,hinge,1.0,0.01,0.6367548373010423,0.6093420651223924,1.074029525121053,0.3222088575363159,0.005581788020208478,0.0005581788020208478,0.1154513888888889,0.052083333333333336,0.009741724779208502,0.002574862705336677,0.5852500200271606
7,100,adaptive_crosssdc_cmr,hinge,1.0,0.01,0.6985006199942695,0.5786540309588114,1.0156477358606126,0.30469432075818376,0.008904207446095016,0.0008904207446095016,0.1371527777777778,0.08072916666666667,0.013688778297768699,0.005852917830149333,0.5824999809265137
7,101,adaptive_crosssdc_cmr,hinge,1.0,0.01,0.6651844448513455,0.5784250166681077,1.0110475089814928,0.30331425269444784,0.008379496944447359,0.0008379496944447359,0.14322916666666666,0.07552083333333333,0.012889068573713303,0.005353019883235295,0.5789999961853027
7,102,adaptive_crosssdc_cmr,hinge,1.0,0.01,0.6319744851854112,0.5666286614206102,1.0178164376152887,0.3053449312845866,0.005009085483228167,0.0005009085483228167,0.0954861111111111,0.0703125,0.005902115669515397,0.005295588738388485,0.5827500224113464
7,103,adaptive_crosssdc_cmr,hinge,1.0,0.01,0.6051190826627943,0.5675364467832777,1.0000094440248277,0.3000028332074483,0.0029466577301112316,0.00029466577301112316,0.06510416666666667,0.05381944444444445,0.00395860481593344,0.00284649348921246,0.5847499966621399
7,104,adaptive_crosssdc_cmr,hinge,1.0,0.01,0.5892642206615872,0.5583406686782837,0.9910374813609653,0.29731124440828954,0.0028713939633841314,0.00028713939633841316,0.057291666666666664,0.05295138888888889,0.003710176795721054,0.0031206951373153264,0.5839999914169312
7,105,adaptive_crosssdc_cmr,hinge,1.0,0.01,0.594964000913832,0.5802203151914809,1.0363882184028625,0.3109164655208588,0.0021998417020464935,0.00021998417020464937,0.057291666666666664,0.046875,0.002954792645242479,0.0022705913417869145,0.5822499990463257
7,106,adaptive_crosssdc_cmr,hinge,1.0,0.01,0.5960002144177755,0.5787849095132616,1.04680069287618,0.31404020786285397,0.002363136128729416,0.00023631361287294162,0.05381944444444445,0.05295138888888889,0.0026225240694151986,0.0029686780439482797,0.5817499756813049
7,107,adaptive_crosssdc_cmr,hinge,1.0,0.01,0.5719035400284661,0.5598801506890191,0.9872011343638102,0.29616034030914307,0.001510199637980097,0.0001510199637980097,0.0390625,0.051215277777777776,0.0016275391810470158,0.002205235262711843,0.5827500224113464
7,108,adaptive_crosssdc_cmr,hinge,1.0,0.01,0.5865868197547065,0.5850763585832384,1.0188901821772258,0.30566705465316774,0.002035502454317692,0.00020355024543176924,0.0546875,0.04861111111111111,0.0025020287268691594,0.0025403002897898355,0.5827500224113464
7,109,adaptive_crosssdc_cmr,hinge,1.0,0.01,0.5805271135436164,0.5904112325774299,1.0230633285310533,0.306918998559316,0.0016723728945685758,0.00016723728945685758,0.04600694444444445,0.059027777777777776,0.0017375486592451732,0.0026059908171494803,0.5797500014305115
7,110,adaptive_crosssdc_cmr,hinge,1.0,0.01,0.5741268992424011,0.5775379737218221,1.0011242495642767,0.300337274869283,0.0015625215019099414,0.00015625215019099414,0.046875,0.04079861111111111,0.002301191290219625,0.0016756326788001591,0.5802500247955322
7,111,adaptive_crosssdc_cmr,hinge,1.0,0.01,0.5774665673573812,0.5712115102344089,1.00934190220303,0.30280257066090904,0.0015448032128107217,0.0001544803212810722,0.04513888888888889,0.050347222222222224,0.0018008525172869365,0.00219289254811075,0.5837500095367432
7,112,adaptive_crosssdc_cmr,hinge,1.0,0.01,0.5766924420992533,0.5706327491336398,1.011080218685998,0.3033240656057994,0.001520686608273536,0.0001520686608273536,0.043402777777777776,0.042534722222222224,0.0018839194542831844,0.0019217307368914287,0.5832499861717224
7,113,adaptive_crosssdc_cmr,hinge,1.0,0.01,0.5787676705254449,0.5793077217208015,1.0107493665483263,0.30322480996449785,0.0013581773576637108,0.00013581773576637108,0.050347222222222224,0.043402777777777776,0.0020047339300314584,0.0016162548628118304,0.5807499885559082
7,114,adaptive_crosssdc_cmr,hinge,1.0,0.01,0.5816574626498752,0.6043662031491598,1.0211382044686212,0.3063414613405864,0.0017207815350654225,0.00017207815350654226,0.0546875,0.042534722222222224,0.0024379098580943215,0.0019229778812991248,0.5845000147819519
7,115,adaptive_crosssdc_cmr,hinge,1.0,0.01,0.5750187436739603,0.5978470047314962,1.0184420810805426,0.3055326243241628,0.0018179793130709892,0.00018179793130709894,0.04861111111111111,0.04774305555555555,0.0021244527565108407,0.002327636712127262,0.5839999914169312
7,116,adaptive_crosssdc_cmr,hinge,1.0,0.01,0.5802230901188321,0.6014142235120138,1.0389891730414496,0.31169675191243484,0.0014230629830207261,0.0001423062983020726,0.036458333333333336,0.03993055555555555,0.0013603452179167005,0.002106916987233692,0.5822499990463257
7,117,adaptive_crosssdc_cmr,hinge,1.0,0.01,0.5751324958271451,0.6142065988646613,1.036364303694831,0.3109092911084493,0.0019145289229022132,0.00019145289229022133,0.041666666666666664,0.059895833333333336,0.0018661051160759395,0.0028385515842172834,0.5837500095367432
7,118,adaptive_crosssdc_cmr,hinge,1.0,0.01,0.5720205108324686,0.5986155139075385,1.0347769525316026,0.31043308575948075,0.0013911147058630984,0.00013911147058630983,0.04513888888888889,0.04774305555555555,0.0016751678453551398,0.0019432612591319615,0.581250011920929
7,119,adaptive_crosssdc_cmr,hinge,1.0,0.01,0.5726796653535631,0.604210721121894,1.0377937820222642,0.31133813460667925,0.0010131904531994627,0.00010131904531994628,0.035590277777777776,0.0390625,0.0011238579948743184,0.001586830864350001,0.5860000252723694
7,120,adaptive_crosssdc_cmr,hinge,1.0,0.01,0.5778073867162069,0.6171312464608086,1.0625269545449152,0.3187580863634745,0.0012271825657484846,0.00012271825657484846,0.04513888888888889,0.041666666666666664,0.0015269691745440166,0.0018022610909408992,0.5849999785423279
7,121,adaptive_crosssdc_cmr,hinge,1.0,0.01,0.5675114525689019,0.6060850752724541,1.0274530384275649,0.30823591152826946,0.0014644615196933348,0.0001464461519693335,0.04600694444444445,0.03819444444444445,0.0015864252216286128,0.0021045125193066066,0.5824999809265137
7,122,adaptive_crosssdc_cmr,hinge,1.0,0.01,0.5463725527127584,0.5749355355898539,0.9711415304077996,0.29134245912233986,0.0011095980104679863,0.00011095980104679864,0.03298611111111111,0.03993055555555555,0.0010290986133946313,0.0019318109585179223,0.5832499861717224
7,123,adaptive_crosssdc_cmr,hinge,1.0,0.01,0.5498313241534762,0.5798323419358995,0.9877132640944587,0.2963139792283376,0.0010369050368252727,0.00010369050368252728,0.022569444444444444,0.046875,0.0008489199810557895,0.0018721823063161639,0.5824999809265137
7,124,adaptive_crosssdc_cmr,hinge,1.0,0.01,0.5713995165295072,0.6225327849388123,1.0487773285971747,0.3146331985791524,0.0013721772637735638,0.00013721772637735637,0.036458333333333336,0.049479166666666664,0.001276958319875929,0.0022387012011475032,0.5864999890327454
7,125,adaptive_crosssdc_cmr,hinge,1.0,0.01,0.5630396405855814,0.6060203313827515,1.0255133443408542,0.30765400330225623,0.0009723002569646471,9.723002569646472e-05,0.036458333333333336,0.03125,0.0012285792165332371,0.0013705189857218,0.5832499861717224
7,126,adaptive_crosssdc_cmr,hinge,1.0,0.01,0.552949931886461,0.5823637114630805,0.9943448305130005,0.2983034491539001,0.0010353842953918502,0.00010353842953918502,0.03819444444444445,0.034722222222222224,0.0012108836736943987,0.0016240262322955662,0.5824999809265137
7,127,adaptive_crosssdc_cmr,hinge,1.0,0.01,0.5585412051942613,0.5982957416110568,1.0155445072386,0.30466335217157997,0.0009983013668614957,9.983013668614957e-05,0.029513888888888888,0.03732638888888889,0.001060311992963155,0.0016486578517489964,0.5855000019073486
7,128,adaptive_crosssdc_cmr,hinge,1.0,0.01,0.5473165180948045,0.5814464953210619,0.9903419746292962,0.29710259238878883,0.0011036992331759797,0.00011036992331759797,0.035590277777777776,0.03993055555555555,0.0011530212230152553,0.0017386960486570995,0.5842499732971191
7,129,adaptive_crosssdc_cmr,hinge,1.0,0.01,0.5521244274245368,0.6051498982641432,1.0025222897529602,0.30075668692588803,0.0012688934997034569,0.00012688934997034568,0.044270833333333336,0.036458333333333336,0.0015471987426280975,0.0017396331661277348,0.5805000066757202
7,130,adaptive_crosssdc_cmr,hinge,1.0,0.01,0.5420506265428331,0.5623505645328097,0.9547152585453458,0.2864145775636037,0.0010464386852820301,0.00010464386852820302,0.03993055555555555,0.033854166666666664,0.0015385076403617859,0.0012260584367646112,0.5860000252723694
7,131,adaptive_crosssdc_cmr,hinge,1.0,0.01,0.5597822666168213,0.5899862514601814,1.0035414497057598,0.3010624349117279,0.0013249259015234809,0.00013249259015234808,0.049479166666666664,0.043402777777777776,0.002041377541091707,0.001568633649084303,0.5820000171661377
7,132,adaptive_crosssdc_cmr,hinge,1.0,0.01,0.5769775708516439,0.6126435928874545,1.0362247493531969,0.310867424805959,0.0013023274368606508,0.00013023274368606508,0.04861111111111111,0.041666666666666664,0.0018697211311923133,0.0015782121982839373,0.5832499861717224
7,133,adaptive_crosssdc_cmr,hinge,1.0,0.01,0.5655677186118232,0.6210754447513156,1.0014428893725078,0.30043286681175235,0.002130027963883347,0.0002130027963883347,0.051215277777777776,0.05555555555555555,0.0023946381277508205,0.0027573290798399183,0.5860000252723694
7,134,adaptive_crosssdc_cmr,hinge,1.0,0.01,0.5602291954888238,0.5931007464726766,0.9719589286380343,0.29158767859141027,0.0016834719313515557,0.00016834719313515558,0.05381944444444445,0.044270833333333336,0.0021321318215794033,0.0021396776040395102,0.5820000171661377
7,135,adaptive_crosssdc_cmr,hinge,1.0,0.01,0.5727088451385498,0.6053718990749783,1.0093594988187153,0.3028078496456146,0.0014517629169858992,0.00014517629169858993,0.051215277777777776,0.03298611111111111,0.0022462759580877093,0.0015220112270779079,0.5885000228881836
7,136,adaptive_crosssdc_cmr,hinge,1.0,0.01,0.5849308835135566,0.6242597103118896,1.0462677213880751,0.3138803164164225,0.0021264364477247,0.00021264364477247,0.051215277777777776,0.049479166666666664,0.002291176054212782,0.0026692946751912436,0.5845000147819519
7,137,adaptive_crosssdc_cmr,hinge,1.0,0.01,0.5539537668228149,0.5858785311381022,0.9737015631463792,0.29211046894391374,0.0022091870778240263,0.00022091870778240263,0.03993055555555555,0.06163194444444445,0.0018597075508700477,0.0033186102906862893,0.581250011920929
7,138,adaptive_crosssdc_cmr,hinge,1.0,0.01,0.563169452879164,0.6013683809174432,1.003067718611823,0.3009203155835469,0.0015738932803894083,0.00015738932803894084,0.03819444444444445,0.050347222222222224,0.0014816737837261623,0.0023980620834562513,0.5832499861717224
7,139,adaptive_crosssdc_cmr,hinge,1.0,0.01,0.5604689783520169,0.6098489297760857,1.0227971474329631,0.30683914422988895,0.0011906376781149043,0.00011906376781149043,0.0390625,0.035590277777777776,0.001340930660565694,0.0016871732142236498,0.581250011920929
7,140,adaptive_crosssdc_cmr,hinge,1.0,0.01,0.5621990031666226,0.6315429475572374,1.029621680577596,0.3088865041732788,0.0009990160211196376,9.990160211196377e-05,0.04079861111111111,0.033854166666666664,0.0012390903300709194,0.0015607654220528072,0.5862500071525574
7,141,adaptive_crosssdc_cmr,hinge,1.0,0.01,0.5597520735528734,0.606150295999315,0.9954255090819465,0.2986276527245839,0.0020182221746330876,0.00020182221746330877,0.03993055555555555,0.0390625,0.002661327107085122,0.0020258662601312003,0.5832499861717224
7,142,adaptive_crosssdc_cmr,hinge,1.0,0.01,0.5757406420177884,0.6195873883035448,1.0085432065857782,0.30256296197573346,0.001578757361534776,0.00015787573615347762,0.051215277777777776,0.042534722222222224,0.0023292104403177896,0.0017249095771047804,0.5824999809265137
7,143,adaptive_crosssdc_cmr,hinge,1.0,0.01,0.5628300441635979,0.6097667349709405,1.0003705355856154,0.3001111606756846,0.0018595376103702518,0.0001859537610370252,0.04600694444444445,0.03993055555555555,0.0024125642246670192,0.002047327243619495,0.5857499837875366
7,144,adaptive_crosssdc_cmr,hinge,1.0,0.01,0.5587276882595487,0.6023812823825412,1.0031061834759183,0.3009318550427755,0.0013052927550031906,0.00013052927550031906,0.033854166666666664,0.05295138888888889,0.0010405290457937452,0.002384182479646471,0.5852500200271606
7,145,adaptive_crosssdc_cmr,hinge,1.0,0.01,0.5599691934055753,0.6112068295478821,1.007238295343187,0.3021714886029561,0.0012790676490921113,0.00012790676490921114,0.03993055555555555,0.035590277777777776,0.001564256019062466,0.0016262121498584747,0.5839999914169312
7,146,adaptive_crosssdc_cmr,hinge,1.0,0.01,0.5496293902397156,0.6165879236327277,0.9897976848814223,0.29693930546442665,0.001623495818219251,0.0001623495818219251,0.0390625,0.049479166666666664,0.001608287708626853,0.0024470434420638615,0.5835000276565552
7,147,adaptive_crosssdc_cmr,hinge,1.0,0.01,0.5539567338095771,0.6092232200834486,1.006481561395857,0.3019444684187571,0.0014576384952912729,0.00014576384952912728,0.03732638888888889,0.03993055555555555,0.0016309171915054321,0.001955650746822357,0.5857499837875366
7,148,adaptive_crosssdc_cmr,hinge,1.0,0.01,0.5569413635465834,0.6416784061325921,1.0280814700656467,0.30842444101969396,0.001225412364066061,0.00012254123640660611,0.019097222222222224,0.03993055555555555,0.0007519792351457807,0.0022009768419795567,0.5805000066757202
7,149,adaptive_crosssdc_cmr,hinge,1.0,0.01,0.5752023789617751,0.6584179533852471,1.0852336751090155,0.32557010253270463,0.001435044698559472,0.00014350446985594723,0.036458333333333336,0.035590277777777776,0.0014269927309619056,0.0019643306732177734,0.5830000042915344
7,150,adaptive_crosssdc_cmr,hinge,1.0,0.01,0.5558311939239502,0.6404123902320862,1.0299684206644695,0.3089905261993408,0.0009905787592288107,9.905787592288107e-05,0.021701388888888888,0.03993055555555555,0.000649088786707984,0.0018092062738206652,0.5845000147819519
7,151,adaptive_crosssdc_cmr,hinge,1.0,0.01,0.5387740201420255,0.5966125925381979,0.9777993427382575,0.29333980282147726,0.001088126336172637,0.0001088126336172637,0.029513888888888888,0.043402777777777776,0.0010007392201158735,0.0018376542462242974,0.5817499756813049
7,152,adaptive_crosssdc_cmr,hinge,1.0,0.01,0.5480179455545213,0.6228192448616028,0.9990891284412808,0.29972673853238424,0.0009877381768698494,9.877381768698495e-05,0.021701388888888888,0.034722222222222224,0.00066885973016421,0.001810166984796524,0.5872499942779541
7,153,adaptive_crosssdc_cmr,hinge,1.0,0.01,0.541115058792962,0.6193694273630778,0.9855915904045105,0.2956774771213531,0.0010375888054517822,0.00010375888054517823,0.026909722222222224,0.03993055555555555,0.0009842945469750299,0.0017035504182179768,0.5824999809265137
7,154,adaptive_crosssdc_cmr,hinge,1.0,0.01,0.5395606954892477,0.6184659401575724,0.9828768769900004,0.2948630630970001,0.0007631988652671377,7.631988652671377e-05,0.024305555555555556,0.024305555555555556,0.0008765728109412723,0.0010854407317108577,0.5832499861717224
7,155,adaptive_crosssdc_cmr,hinge,1.0,0.01,0.5545421044031779,0.6437759730550978,1.0331704749001398,0.3099511424700419,0.001189098518807441,0.00011890985188074411,0.028645833333333332,0.051215277777777776,0.0010011974308225843,0.0021276258760028416,0.5855000019073486
7,156,adaptive_crosssdc_cmr,hinge,1.0,0.01,0.5399002167913649,0.6170437203513252,0.9822671744558547,0.2946801523367564,0.0010081999029757248,0.00010081999029757249,0.021701388888888888,0.04079861111111111,0.0006063034137090048,0.0019466227127446069,0.5849999785423279
7,157,adaptive_crosssdc_cmr,hinge,1.0,0.01,0.5467785464392768,0.612475163406796,1.0091872480180528,0.30275617440541586,0.001128981158318412,0.0001128981158318412,0.024305555555555556,0.04600694444444445,0.0005785433782471551,0.002235477169354757,0.5849999785423279
7,158,adaptive_crosssdc_cmr,hinge,1.0,0.01,0.5464217331674364,0.6393220689561632,1.0095378756523132,0.30286136269569397,0.0007830117699793644,7.830117699793644e-05,0.03732638888888889,0.03993055555555555,0.001154769625928667,0.0011945201290978326,0.5852500200271606
7,159,adaptive_crosssdc_cmr,hinge,1.0,0.01,0.5356051458252801,0.5978977878888448,0.970937967300415,0.2912813901901245,0.0012502483570844764,0.00012502483570844765,0.034722222222222224,0.04079861111111111,0.0014836519128746456,0.0017098395360840692,0.5799999833106995
7,160,adaptive_crosssdc_cmr,hinge,1.0,0.01,0.544818275504642,0.6158651643329196,0.9861541191736857,0.29584623575210567,0.0011901900612024798,0.00011901900612024798,0.03211805555555555,0.03993055555555555,0.0012535945408874089,0.001745288570721944,0.5867499709129333
7,161,adaptive_crosssdc_cmr,hinge,1.0,0.01,0.5723623699612088,0.6418070197105408,1.0444308121999104,0.3133292436599731,0.0019675058881855672,0.00019675058881855672,0.04513888888888889,0.03993055555555555,0.0026448406279087067,0.001893480204873615,0.5847499966621399
7,162,adaptive_crosssdc_cmr,hinge,1.0,0.01,0.5581128199895223,0.6079924768871732,0.982850644323561,0.2948551932970683,0.0020172343938611448,0.0002017234393861145,0.04774305555555555,0.041666666666666664,0.0025645241969161564,0.0021958330439196695,0.581250011920929
7,163,adaptive_crosssdc_cmr,hinge,1.0,0.01,0.5644898348384433,0.6256933808326721,1.0052397780948215,0.3015719334284464,0.0016448464177503614,0.00016448464177503614,0.05381944444444445,0.03993055555555555,0.002006113115284178,0.002059972948498196,0.5872499942779541
7,164,adaptive_crosssdc_cmr,hinge,1.0,0.01,0.5614618195427789,0.618305332130856,0.9893402920828925,0.29680208762486776,0.001625489501748234,0.00016254895017482341,0.033854166666666664,0.04600694444444445,0.0016146633360120985,0.002180476983388265,0.5874999761581421
7,165,adaptive_crosssdc_cmr,hinge,1.0,0.01,0.5496779812706841,0.6018903255462646,0.9705521199438307,0.2911656359831492,0.001625057717319578,0.00016250577173195781,0.044270833333333336,0.03993055555555555,0.0020392056968477038,0.001979247977336248,0.5797500014305115
7,166,adaptive_crosssdc_cmr,hinge,1.0,0.01,0.5626739727126228,0.6238892409536574,0.999454398949941,0.2998363196849823,0.001702457058450414,0.00017024570584504143,0.04079861111111111,0.051215277777777776,0.0016894249452484979,0.002460301336314943,0.5862500071525574
7,167,adaptive_crosssdc_cmr,hinge,1.0,0.01,0.5620178580284119,0.62743079662323,1.0006523264778986,0.3001956979433696,0.002283707487448636,0.00022837074874486362,0.04774305555555555,0.04774305555555555,0.0026737012796931798,0.0025188749035199485,0.5820000171661377
7,168,adaptive_crosssdc_cmr,hinge,1.0,0.01,0.5621897975603739,0.6282886995209588,0.993942121664683,0.2981826364994049,0.002325707610806502,0.0002325707610806502,0.04513888888888889,0.04513888888888889,0.002572185049454371,0.002670187917020586,0.5835000276565552
7,169,adaptive_crosssdc_cmr,hinge,1.0,0.01,0.5706198347939385,0.6273725363943312,1.005518721209632,0.30165561636288957,0.0010846311213552123,0.00010846311213552124,0.03298611111111111,0.03993055555555555,0.0012619011104106903,0.0016234090758694543,0.5817499756813049
7,170,adaptive_crosssdc_cmr,hinge,1.0,0.01,0.5757975776990255,0.6411403351359897,1.0209330585267808,0.30627991755803424,0.0021436683083367017,0.0002143668308336702,0.046875,0.04079861111111111,0.0025449200636810726,0.0023606535461213854,0.5849999785423279
7,171,adaptive_crosssdc_cmr,hinge,1.0,0.01,0.5660224755605062,0.6297972202301025,0.9873286684354147,0.2961986005306244,0.0030296744597661826,0.0003029674459766183,0.05295138888888889,0.050347222222222224,0.0035751755866739485,0.003006322516335381,0.5835000276565552
7,172,adaptive_crosssdc_cmr,hinge,1.0,0.01,0.5548754731814066,0.614229268497891,0.9674359030193753,0.29023077090581256,0.0020028748808221686,0.00020028748808221687,0.03819444444444445,0.0390625,0.0021447017788887024,0.0023344717919826508,0.5827500224113464
7,173,adaptive_crosssdc_cmr,hinge,1.0,0.01,0.5785487625333998,0.65409341123369,1.0276029970910814,0.3082808991273244,0.002389143428040875,0.00023891434280408754,0.044270833333333336,0.04774305555555555,0.0021106120612886217,0.003275924258761936,0.5817499756813049
7,174,adaptive_crosssdc_cmr,hinge,1.0,0.01,0.5608280367321439,0.6354731917381287,0.9897123840120103,0.2969137152036031,0.0019308315434803565,0.00019308315434803566,0.04079861111111111,0.051215277777777776,0.0021109779675801596,0.0025762331982453666,0.5855000019073486
7,175,adaptive_crosssdc_cmr,hinge,1.0,0.01,0.5635519491301643,0.6534208920266893,1.0080701377656724,0.3024210413297017,0.0018059768739880787,0.00018059768739880788,0.043402777777777776,0.03993055555555555,0.0020637946824232736,0.002142849067846934,0.5855000019073486
7,176,adaptive_crosssdc_cmr,hinge,1.0,0.01,0.5522266493903266,0.6256167226367526,0.9920623170004951,0.2976186951001485,0.0016416627008260952,0.00016416627008260953,0.033854166666666664,0.041666666666666664,0.0018522755967246161,0.001999656773275799,0.5849999785423279
7,177,adaptive_crosssdc_cmr,hinge,1.0,0.01,0.5476914909150865,0.6318077312575446,0.9935910238160027,0.2980773071448008,0.0012903408561315802,0.000129034085613158,0.030381944444444444,0.03211805555555555,0.0012290258374479082,0.0018274473647276561,0.5835000276565552
7,178,adaptive_crosssdc_cmr,hinge,1.0,0.01,0.5308650732040405,0.594156371222602,0.9493486881256104,0.28480460643768307,0.0012538553985197926,0.00012538553985197927,0.0234375,0.046875,0.0009475979540083143,0.002145967963669035,0.5870000123977661
7,179,adaptive_crosssdc_cmr,hinge,1.0,0.01,0.54263926214642,0.6316806740230985,0.9895026750034757,0.2968508025010427,0.0010168191648618733,0.00010168191648618733,0.022569444444444444,0.029513888888888888,0.0008589203159014384,0.0016004505256811778,0.5842499732971191
7,180,adaptive_crosssdc_cmr,hinge,1.0,0.01,0.5343462891048856,0.6059007445971171,0.9670893483691745,0.29012680451075235,0.0012777835654560477,0.00012777835654560478,0.028645833333333332,0.036458333333333336,0.0009807567629549238,0.002091959532764223,0.5824999809265137
7,181,adaptive_crosssdc_cmr,hinge,1.0,0.01,0.5439338617854648,0.659821954038408,1.0069923533333673,0.3020977060000102,0.0013423065861894025,0.00013423065861894025,0.028645833333333332,0.043402777777777776,0.0010597858991887835,0.002297027657429377,0.5842499732971191
7,182,adaptive_crosssdc_cmr,hinge,1.0,0.01,0.5210781693458557,0.6078783538606432,0.9372371236483256,0.28117113709449765,0.0011025121914119357,0.00011025121914119358,0.025173611111111112,0.03298611111111111,0.0009871104525195227,0.0016721822321414948,0.5842499732971191
7,183,adaptive_crosssdc_cmr,hinge,1.0,0.01,0.5421655906571282,0.6244203845659891,0.9725372791290283,0.29176118373870846,0.0013583197998943636,0.00013583197998943636,0.024305555555555556,0.03993055555555555,0.0009706645376152463,0.002230821798245112,0.5820000171661377
7,184,adaptive_crosssdc_cmr,hinge,1.0,0.01,0.5651861296759711,0.6494404872258505,1.0054585470093622,0.3016375641028087,0.0022903087730002073,0.00022903087730002074,0.06076388888888889,0.04079861111111111,0.0033899611896938747,0.001901292966471778,0.5870000123977661
7,185,adaptive_crosssdc_cmr,hinge,1.0,0.01,0.5342007279396057,0.6242119868596395,0.9607082605361938,0.28821247816085815,0.0010250444562795262,0.00010250444562795262,0.036458333333333336,0.035590277777777776,0.0014608469274308947,0.0012153701649771796,0.5855000019073486
7,186,adaptive_crosssdc_cmr,hinge,1.0,0.01,0.5344582266277738,0.6385724743207296,0.979477604230245,0.2938432812690735,0.0010733352521330947,0.00010733352521330947,0.024305555555555556,0.03819444444444445,0.0009240905443827311,0.0017776915596591102,0.5857499837875366
7,187,adaptive_crosssdc_cmr,hinge,1.0,0.01,0.53155959977044,0.6404342254002889,0.9852743215031095,0.2955822964509328,0.0011366459672848982,0.00011366459672848982,0.018229166666666668,0.036458333333333336,0.0005843382742669848,0.0021302824219067893,0.5835000276565552
7,188,adaptive_crosssdc_cmr,hinge,1.0,0.01,0.5294843249850802,0.6371906134817336,0.9883281721009148,0.29649845163027444,0.0010557401272106087,0.00010557401272106087,0.016493055555555556,0.04079861111111111,0.0004594760636488597,0.0020965085261397893,0.5852500200271606
7,189,adaptive_crosssdc_cmr,hinge,1.0,0.01,0.5486639340718588,0.677970654434628,1.0475482940673828,0.31426448822021485,0.0006266047259689205,6.266047259689205e-05,0.012152777777777778,0.028645833333333332,0.0003062399725119273,0.0013238390286763508,0.5874999761581421
7,190,adaptive_crosssdc_cmr,hinge,1.0,0.01,0.5428754289944967,0.6751705010732015,1.030321929189894,0.30909657875696817,0.0005543485571656169,5.5434855716561695e-05,0.015625,0.028645833333333332,0.0003491130967934926,0.0011923996110757191,0.5837500095367432
7,191,adaptive_crosssdc_cmr,hinge,1.0,0.01,0.5332595970895555,0.6488105456034342,1.0089326898256938,0.30267980694770813,0.0006469402756516098,6.469402756516098e-05,0.016493055555555556,0.03211805555555555,0.0005620030893219842,0.0011776296628846063,0.5874999761581421
7,192,adaptive_crosssdc_cmr,hinge,1.0,0.01,0.5204615063137479,0.6240420606401231,0.9625204801559448,0.28875614404678346,0.0011663837176456582,0.00011663837176456582,0.018229166666666668,0.03125,0.0007135623859034644,0.0020236559212207794,0.5862500071525574
7,193,adaptive_crosssdc_cmr,hinge,1.0,0.01,0.5264648927582635,0.6345742808447944,0.9798482987615798,0.2939544896284739,0.000850005620223884,8.50005620223884e-05,0.014756944444444444,0.035590277777777776,0.0004134517576959398,0.0016999691724777222,0.5862500071525574
7,194,adaptive_crosssdc_cmr,hinge,1.0,0.01,0.5224185983339945,0.6347905066278245,0.9711575773027208,0.2913472731908162,0.0007924722336206792,7.924722336206793e-05,0.016493055555555556,0.036458333333333336,0.0004769240816434224,0.0015275263124042088,0.5889999866485596
7,195,adaptive_crosssdc_cmr,hinge,1.0,0.01,0.5425030257966783,0.6713976131545173,1.0270147654745314,0.3081044296423594,0.0008911925427431319,8.911925427431319e-05,0.017361111111111112,0.033854166666666664,0.000504313243760003,0.0016973064177566105,0.5870000123977661
7,196,adaptive_crosssdc_cmr,hinge,1.0,0.01,0.5401628878381517,0.6674782170189751,1.0144254167874653,0.3043276250362396,0.0010770759776682502,0.00010770759776682503,0.013888888888888888,0.036458333333333336,0.0005192429655128055,0.002009662903017468,0.5874999761581421
7,197,adaptive_crosssdc_cmr,hinge,1.0,0.01,0.5251326892111037,0.6384519537289938,0.9716849658224318,0.2915054897467295,0.0010868974851392624,0.00010868974851392624,0.029513888888888888,0.041666666666666664,0.0010248422622680664,0.0017355986767345006,0.5855000019073486
7,198,adaptive_crosssdc_cmr,hinge,1.0,0.01,0.5289690825674269,0.637827455997467,0.9821621709399753,0.2946486512819926,0.0010409897206247682,0.00010409897206247682,0.0234375,0.042534722222222224,0.0008671403759055667,0.001821209987004598,0.5857499837875366
7,199,adaptive_crosssdc_cmr,hinge,1.0,0.01,0.5331215262413025,0.6511815124087863,0.9899503191312155,0.2969850957393646,0.0013467018159442684,0.00013467018159442684,0.03125,0.030381944444444444,0.0010928590264585284,0.0020055390066570705,0.5864999890327454
8,0,adaptive_crosssdc_cmr,hinge,1.0,0.01,3.0085371335347495,0.46509189407030743,1.1081174214680989,0.33243522644042967,0.5283328526549869,0.052833285265498686,0.8559027777777778,0.6935763888888888,0.770961582660675,0.2679883937040965,0.5002222061157227
8,1,adaptive_crosssdc_cmr,hinge,1.0,0.01,2.1173828972710504,0.4682944185203976,1.161244551340739,0.3483733654022217,0.3970134523179796,0.03970134523179796,0.9418402777777778,0.6710069444444444,0.6222285462750329,0.16816023488839468,0.5206666588783264
8,2,adaptive_crosssdc_cmr,hinge,1.0,0.01,1.70203783777025,0.3985531098312802,1.0853738519880507,0.3256121555964152,0.21510862310727438,0.02151086231072744,0.859375,0.6206597222222222,0.3037802229324977,0.13522666858302224,0.518666684627533
8,3,adaptive_crosssdc_cmr,hinge,1.0,0.01,1.5300248861312866,0.4105881088309818,1.1842739184697468,0.35528217554092406,0.14245172672801548,0.01424517267280155,0.8064236111111112,0.6006944444444444,0.18783801794052124,0.1101738992664549,0.5215555429458618
8,4,adaptive_crosssdc_cmr,hinge,1.0,0.01,1.3384147352642484,0.3842579689290788,1.0535995894008212,0.31607987682024635,0.12592869169182247,0.012592869169182248,0.7612847222222222,0.578125,0.1593235151635276,0.10426009363598293,0.5224444270133972
8,5,adaptive_crosssdc_cmr,hinge,1.0,0.01,1.243267880545722,0.38918044832017684,1.0747427807913885,0.3224228342374165,0.10694257915019989,0.010694257915019989,0.7621527777777778,0.5598958333333334,0.13102706025044122,0.09373771316475338,0.5226666927337646
8,6,adaptive_crosssdc_cmr,hinge,1.0,0.01,1.1486751370959811,0.3914969265460968,1.03093597624037,0.309280792872111,0.09179029613733292,0.009179029613733292,0.7430555555555556,0.5182291666666666,0.11712091912825902,0.07757026577989261,0.5239999890327454
8,7,adaptive_crosssdc_cmr,hinge,1.0,0.01,1.0913618405659993,0.3812570969263713,1.021440413263109,0.30643212397893266,0.08737957891490725,0.008737957891490724,0.7065972222222222,0.5112847222222222,0.108698351515664,0.07606566076477368,0.5257777571678162
8,8,adaptive_crosssdc_cmr,hinge,1.0,0.01,1.031674451298184,0.38436559504932827,1.0067645907402039,0.30202937722206114,0.07901698723435402,0.007901698723435402,0.7144097222222222,0.4652777777777778,0.10331090374125375,0.06562886801030901,0.5222222208976746
8,9,adaptive_crosssdc_cmr,hinge,1.0,0.01,0.9923419819937812,0.3767401807838016,0.9908252159754435,0.29724756479263303,0.0683494582772255,0.00683494582772255,0.6623263888888888,0.4383680555555556,0.0888049304485321,0.058665764828523,0.5208888649940491
8,10,adaptive_crosssdc_cmr,hinge,1.0,0.01,0.9743914074367948,0.4242701166205936,1.0370811621348064,0.3111243486404419,0.06212625445591079,0.006212625445591079,0.6328125,0.4149305555555556,0.0831974595785141,0.05075567257073191,0.5228888988494873
8,11,adaptive_crosssdc_cmr,hinge,1.0,0.01,0.9391044444508023,0.4280436701244778,1.0492950015597873,0.31478850046793616,0.06215260715948211,0.006215260715948211,0.6276041666666666,0.4166666666666667,0.0830538347363472,0.05146739673283365,0.5208888649940491
8,12,adaptive_crosssdc_cmr,hinge,1.0,0.01,0.907698565059238,0.4148162338468764,1.0145950714747112,0.30437852144241334,0.05548607433835665,0.005548607433835666,0.6137152777777778,0.3880208333333333,0.07643316603369182,0.04405351562632455,0.5222222208976746
8,13,adaptive_crosssdc_cmr,hinge,1.0,0.01,0.894831034872267,0.4046717451678382,1.0391146408187018,0.3117343922456105,0.051915044171942606,0.005191504417194261,0.5911458333333334,0.3715277777777778,0.07124594764577018,0.04183261841535568,0.5235555768013
8,14,adaptive_crosssdc_cmr,hinge,1.0,0.01,0.8665844202041626,0.41443400581677753,1.0158214767773945,0.30474644303321835,0.04319008274210824,0.004319008274210824,0.5520833333333334,0.3298611111111111,0.06408753701382214,0.032297628414299756,0.524222195148468
8,15,adaptive_crosssdc_cmr,hinge,1.0,0.01,0.8260776533020867,0.40302035874790615,0.9571291870541043,0.2871387561162313,0.04067919941412078,0.004067919941412078,0.5555555555555556,0.2916666666666667,0.060437262886100344,0.02938564411467976,0.524222195148468
8,16,adaptive_crosssdc_cmr,hinge,1.0,0.01,0.8621152573161655,0.44026574823591447,1.0831952227486505,0.3249585668245952,0.041468114074733525,0.004146811407473353,0.5416666666666666,0.3185763888888889,0.05661788210272789,0.03393458078304926,0.5233333110809326
8,17,adaptive_crosssdc_cmr,hinge,1.0,0.01,0.8330298198593987,0.4481668604744805,1.0486065811581082,0.31458197434743246,0.03485648209849993,0.0034856482098499933,0.5043402777777778,0.3046875,0.05163105535838339,0.026784866220421262,0.5233333110809326
8,18,adaptive_crosssdc_cmr,hinge,1.0,0.01,0.8302026126119826,0.4723776910040114,1.0966706805759006,0.3290012041727702,0.03170996904373169,0.003170996904373169,0.4869791666666667,0.2777777777777778,0.04655453728304969,0.025537771069341235,0.5244444608688354
8,19,adaptive_crosssdc_cmr,hinge,1.0,0.01,0.7863091892666287,0.40989242328537834,0.9882620440589057,0.2964786132176717,0.032577353426151805,0.0032577353426151805,0.4626736111111111,0.2612847222222222,0.04844366841846042,0.024449672549962997,0.5264444351196289
8,20,adaptive_crosssdc_cmr,hinge,1.0,0.01,0.7812616692648994,0.42296842734018963,1.0209910339779324,0.30629731019337975,0.026744932350185182,0.0026744932350185185,0.4592013888888889,0.2361111111111111,0.04212420309583346,0.019102927918235462,0.5213333368301392
8,21,adaptive_crosssdc_cmr,hinge,1.0,0.01,0.7629996471934848,0.41637975970904034,0.9979855881796943,0.2993956764539083,0.025581916587220296,0.0025581916587220296,0.4409722222222222,0.22916666666666666,0.040109323544634715,0.01839496029747857,0.5275555849075317
8,22,adaptive_crosssdc_cmr,hinge,1.0,0.01,0.7524470488230387,0.42454682456122506,0.9899232519997491,0.2969769755999247,0.02173963851398892,0.002173963851398892,0.4019097222222222,0.21788194444444445,0.034997177206807666,0.015370055619213317,0.5253333449363708
8,23,adaptive_crosssdc_cmr,hinge,1.0,0.01,0.7647173470920987,0.45433523919847274,1.056655572520362,0.3169966717561086,0.022022303193807602,0.0022022303193807605,0.3888888888888889,0.20572916666666666,0.035129198597537145,0.01586053975754314,0.5260000228881836
8,24,adaptive_crosssdc_cmr,hinge,1.0,0.01,0.7323673433727689,0.40546613600518966,0.9731782277425131,0.29195346832275393,0.019636908132168982,0.0019636908132168985,0.3394097222222222,0.20052083333333334,0.030377515281240147,0.015140462666749954,0.5271111130714417
8,25,adaptive_crosssdc_cmr,hinge,1.0,0.01,0.7236317727300856,0.4224972426891327,0.9694761633872986,0.29084284901618956,0.020480081025097106,0.002048008102509711,0.3602430555555556,0.1970486111111111,0.03303838479850027,0.014968237115277184,0.5262222290039062
8,26,adaptive_crosssdc_cmr,hinge,1.0,0.01,0.7425787978702121,0.42781996726989746,1.0309240818023682,0.30927722454071044,0.019560382804936834,0.0019560382804936836,0.3515625,0.18836805555555555,0.03176304946343104,0.013468787694970766,0.5253333449363708
8,27,adaptive_crosssdc_cmr,hinge,1.0,0.01,0.7232422629992167,0.43753229909472996,0.9871434834268358,0.2961430450280507,0.019303241434196632,0.0019303241434196633,0.3628472222222222,0.17100694444444445,0.032981292034188904,0.011758186750941806,0.5257777571678162
8,28,adaptive_crosssdc_cmr,hinge,1.0,0.01,0.7303367323345609,0.461209108432134,1.049274206161499,0.3147822618484497,0.017175003006640408,0.0017175003006640408,0.3550347222222222,0.1796875,0.030221233144402504,0.010563871098889245,0.5262222290039062
8,29,adaptive_crosssdc_cmr,hinge,1.0,0.01,0.6944057676527235,0.413323054711024,0.9618027342690362,0.2885408202807108,0.016705037767274514,0.0016705037767274515,0.3272569444444444,0.14322916666666666,0.02948317863047123,0.009863675468497805,0.5286666750907898
8,30,adaptive_crosssdc_cmr,hinge,1.0,0.01,0.7002937727504306,0.4409286810292138,0.9947513143221537,0.2984253942966461,0.014422279575632678,0.001442227957563268,0.2977430555555556,0.1684027777777778,0.022428264634476766,0.011990179618199667,0.527999997138977
8,31,adaptive_crosssdc_cmr,hinge,1.0,0.01,0.6827207472589281,0.41863054699367946,0.9482102261649238,0.2844630678494771,0.013599354359838698,0.00135993543598387,0.2725694444444444,0.1467013888888889,0.022984688066773944,0.009258913083208932,0.5308889150619507
8,32,adaptive_crosssdc_cmr,hinge,1.0,0.01,0.7015291982226901,0.4564647906356388,1.0223894582854376,0.3067168374856313,0.013035916412870089,0.001303591641287009,0.2838541666666667,0.171875,0.020959618811806042,0.010680947452783585,0.5302222371101379
8,33,adaptive_crosssdc_cmr,hinge,1.0,0.01,0.678124917878045,0.44118939836819965,0.9677024152543809,0.2903107245763143,0.012066464560727278,0.0012066464560727278,0.2552083333333333,0.13541666666666666,0.02078444862531291,0.008537067307366265,0.5317777991294861
8,34,adaptive_crosssdc_cmr,hinge,1.0,0.01,0.6827389266755846,0.45290956894556683,0.989881674448649,0.2969645023345947,0.009762435220181942,0.0009762435220181942,0.2309027777777778,0.1189236111111111,0.017256241705682542,0.0068133854203754,0.5311111211776733
8,35,adaptive_crosssdc_cmr,hinge,1.0,0.01,0.6473732988039652,0.4057853553030226,0.9228377077314589,0.27685131231943766,0.011306503580676185,0.0011306503580676185,0.234375,0.1597222222222222,0.01714617841773563,0.0100603306459056,0.5337777733802795
8,36,adaptive_crosssdc_cmr,hinge,1.0,0.01,0.6604542666011386,0.43586672014660305,0.9528628653950162,0.2858588596185048,0.00904163821703858,0.000904163821703858,0.2144097222222222,0.11631944444444445,0.015361879227889908,0.0069503386815388995,0.5299999713897705
8,37,adaptive_crosssdc_cmr,hinge,1.0,0.01,0.6669579678111606,0.4443596303462982,0.9664519561661614,0.28993558684984844,0.009421294348107444,0.0009421294348107445,0.2265625,0.1111111111111111,0.01748621008462376,0.006085725501179695,0.5306666493415833
8,38,adaptive_crosssdc_cmr,hinge,1.0,0.01,0.6588618490431044,0.4468962053457896,0.9679900606473287,0.2903970181941986,0.008338898265113434,0.0008338898265113434,0.1953125,0.13020833333333334,0.013324218077792062,0.007152087986469269,0.5322222113609314
8,39,adaptive_crosssdc_cmr,hinge,1.0,0.01,0.655352512995402,0.45395782589912415,0.9727865192625258,0.2918359557787577,0.009644193833486902,0.0009644193833486902,0.2204861111111111,0.1388888888888889,0.017299237350622814,0.006635814077324337,0.5360000133514404
8,40,adaptive_crosssdc_cmr,hinge,1.0,0.01,0.6458268165588379,0.42128269539939034,0.9575280216005113,0.2872584064801534,0.007510218743441833,0.0007510218743441834,0.1840277777777778,0.0954861111111111,0.013666689395904541,0.005264411369959514,0.5308889150619507
8,41,adaptive_crosssdc_cmr,hinge,1.0,0.01,0.6552857293023003,0.4563107490539551,0.9978537625736661,0.2993561287720998,0.0077033428889181875,0.0007703342888918188,0.2092013888888889,0.11631944444444445,0.013341779303219583,0.005785353481769562,0.5348888635635376
8,42,adaptive_crosssdc_cmr,hinge,1.0,0.01,0.6380520727899339,0.4417964319388072,0.9613893429438273,0.2884168028831482,0.006104495712659425,0.0006104495712659425,0.1605902777777778,0.09288194444444445,0.010287203101648225,0.0046277352505260045,0.5339999794960022
8,43,adaptive_crosssdc_cmr,hinge,1.0,0.01,0.631277514828576,0.4465234908792708,0.9441514743698968,0.28324544231096904,0.006313246778315968,0.0006313246778315968,0.1753472222222222,0.0859375,0.01198204317026668,0.004073539955748452,0.5364444255828857
8,44,adaptive_crosssdc_cmr,hinge,1.0,0.01,0.6387684279017978,0.45124000642034745,0.9730315274662442,0.29190945823987324,0.006168889890735348,0.0006168889890735348,0.16666666666666666,0.10416666666666667,0.01130948836604754,0.004386385281880696,0.5373333096504211
8,45,adaptive_crosssdc_cmr,hinge,1.0,0.01,0.6120642754766676,0.4234299527274238,0.905609647432963,0.2716828942298889,0.006389529599497716,0.0006389529599497716,0.17274305555555555,0.09635416666666667,0.012590111750695441,0.003833563377459844,0.5404444336891174
8,46,adaptive_crosssdc_cmr,hinge,1.0,0.01,0.6302095055580139,0.4576002127594418,0.9755564795600044,0.2926669438680013,0.006341446708473895,0.0006341446708473895,0.15104166666666666,0.09027777777777778,0.011397824312249819,0.004290084458059735,0.5342222452163696
8,47,adaptive_crosssdc_cmr,hinge,1.0,0.01,0.6300355990727743,0.47469526198175216,0.9990018208821615,0.2997005462646484,0.005273686747791039,0.0005273686747791039,0.1675347222222222,0.0920138888888889,0.009227903559803963,0.00420134100649092,0.5415555834770203
8,48,adaptive_crosssdc_cmr,hinge,1.0,0.01,0.619789633486006,0.43799712922837997,0.9522417253918118,0.28567251761754353,0.005390569955731432,0.0005390569955731432,0.1519097222222222,0.09114583333333333,0.0095983963045809,0.0037922892305586073,0.5366666913032532
8,49,adaptive_crosssdc_cmr,hinge,1.0,0.01,0.623717314667172,0.46369488371743095,0.9723933935165405,0.29171801805496217,0.005356233101338148,0.0005356233101338148,0.13975694444444445,0.08159722222222222,0.00920169490079085,0.004011017166905933,0.5355555415153503
8,50,adaptive_crosssdc_cmr,hinge,1.0,0.01,0.6079694098896451,0.4233384198612637,0.9316900571187338,0.2795070171356201,0.0058179206939207185,0.0005817920693920719,0.13802083333333334,0.08159722222222222,0.010838876995775435,0.003682756589518653,0.5408889055252075
8,51,adaptive_crosssdc_cmr,hinge,1.0,0.01,0.6108001801702712,0.45425475305981106,0.934884508450826,0.2804653525352478,0.004915730122269856,0.0004915730122269856,0.13368055555555555,0.07725694444444445,0.008854148702489005,0.0036345509191354117,0.5357778072357178
8,52,adaptive_crosssdc_cmr,hinge,1.0,0.01,0.6113705039024353,0.4664211803012424,0.9573755595419142,0.28721266786257427,0.005693001413924826,0.0005693001413924827,0.1484375,0.08159722222222222,0.010173081937763426,0.003696639918618732,0.5397777557373047
8,53,adaptive_crosssdc_cmr,hinge,1.0,0.01,0.606472995546129,0.45277533928553265,0.9482956528663635,0.28448869585990905,0.004050097686962949,0.00040500976869629494,0.11805555555555555,0.059027777777777776,0.007780583161446784,0.002739460931883918,0.5388888716697693
8,54,adaptive_crosssdc_cmr,hinge,1.0,0.01,0.6016188661257426,0.45728499359554714,0.9550272226333618,0.2865081667900085,0.0037674540136423376,0.0003767454013642338,0.11371527777777778,0.07465277777777778,0.0067974357969231075,0.003208474980460273,0.539555549621582
8,55,adaptive_crosssdc_cmr,hinge,1.0,0.01,0.5888378951284621,0.4546016454696655,0.9291681448618571,0.2787504434585571,0.0034400883078989056,0.0003440088307898906,0.1111111111111111,0.0625,0.006433164079984029,0.0024495902988645765,0.5366666913032532
8,56,adaptive_crosssdc_cmr,hinge,1.0,0.01,0.5809448295169406,0.4375283784336514,0.9250994920730591,0.27752984762191774,0.0038266569220771394,0.00038266569220771397,0.11458333333333333,0.06944444444444445,0.006980002547303836,0.0028456677165296343,0.5408889055252075
8,57,adaptive_crosssdc_cmr,hinge,1.0,0.01,0.5872196224000719,0.45956312947803074,0.9490832289059957,0.2847249686717987,0.0039645817079063915,0.00039645817079063915,0.1111111111111111,0.07378472222222222,0.006556444697909885,0.003478575497865677,0.5397777557373047
8,58,adaptive_crosssdc_cmr,hinge,1.0,0.01,0.5961875650617812,0.4545822905169593,0.9543597367074754,0.2863079210122426,0.003918683492682046,0.00039186834926820466,0.10069444444444445,0.058159722222222224,0.006545165346728431,0.0031938250694009992,0.5382221937179565
8,59,adaptive_crosssdc_cmr,hinge,1.0,0.01,0.604672736591763,0.46818220615386963,0.95724489291509,0.28717346787452697,0.004715239836110009,0.0004715239836110009,0.1154513888888889,0.06597222222222222,0.008495846763253212,0.0031753434903091854,0.5402222275733948
8,60,adaptive_crosssdc_cmr,hinge,1.0,0.01,0.6042573849360148,0.4697909090254042,0.957888146241506,0.2873664438724518,0.003734325602029761,0.0003734325602029761,0.11284722222222222,0.06510416666666667,0.007148186572723919,0.002618598441282908,0.5417777895927429
8,61,adaptive_crosssdc_cmr,hinge,1.0,0.01,0.5745867292086283,0.4586722254753113,0.8963745964898003,0.2689123789469401,0.003011761168535385,0.0003011761168535385,0.08246527777777778,0.07725694444444445,0.00441526435315609,0.003350219792789883,0.5391111373901367
8,62,adaptive_crosssdc_cmr,hinge,1.0,0.01,0.6079336802164713,0.4863150351577335,0.9934085276391771,0.2980225582917531,0.003737730788998306,0.0003737730788998306,0.11024305555555555,0.06770833333333333,0.006448614100615184,0.003117848187685013,0.5408889055252075
8,63,adaptive_crosssdc_cmr,hinge,1.0,0.01,0.5929804046948751,0.4682406617535485,0.9432975186241997,0.2829892555872599,0.0034101344645023346,0.0003410134464502335,0.10243055555555555,0.049479166666666664,0.0062147993594408035,0.002384915533992979,0.5422222018241882
8,64,adaptive_crosssdc_cmr,hinge,1.0,0.01,0.5796191758579678,0.45120923386679757,0.9125209185812209,0.27375627557436627,0.0031908180616382095,0.00031908180616382095,0.10677083333333333,0.06076388888888889,0.006138640352421337,0.0023231630523999534,0.5411111116409302
8,65,adaptive_crosssdc_cmr,hinge,1.0,0.01,0.5977094107204013,0.4821795192029741,0.9624779886669583,0.28874339660008747,0.002754384884610772,0.0002754384884610772,0.0859375,0.04600694444444445,0.005033496974243058,0.002148461424642139,0.5400000214576721
8,66,adaptive_crosssdc_cmr,hinge,1.0,0.01,0.5989167028003268,0.4886525173981984,0.9534267253345914,0.2860280176003774,0.003995063921643628,0.0003995063921643628,0.08506944444444445,0.07291666666666667,0.006358197579781215,0.0035226556162039437,0.5442222356796265
8,67,adaptive_crosssdc_cmr,hinge,1.0,0.01,0.6027932233280606,0.49068885379367405,0.9635485212008158,0.28906455636024475,0.0039145332347187735,0.00039145332347187737,0.10069444444444445,0.05295138888888889,0.006972478909624947,0.0026156513227356803,0.5422222018241882
8,68,adaptive_crosssdc_cmr,hinge,1.0,0.01,0.5891097717814975,0.46302330493927,0.921697994073232,0.2765093982219696,0.003894772639291154,0.00038947726392911543,0.10243055555555555,0.06163194444444445,0.006378444325592782,0.003067007495297326,0.5424444675445557
8,69,adaptive_crosssdc_cmr,hinge,1.0,0.01,0.574139932791392,0.4552661081155141,0.9085095789697435,0.272552873690923,0.002334372049921917,0.0002334372049921917,0.07552083333333333,0.059027777777777776,0.0036392236749331155,0.002445322357945972,0.5433333516120911
8,70,adaptive_crosssdc_cmr,hinge,1.0,0.01,0.584654880894555,0.47872214516003925,0.9542978074815538,0.2862893422444661,0.003175543983363443,0.0003175543983363443,0.08940972222222222,0.06163194444444445,0.0052276568280326,0.002825748175382614,0.5442222356796265
8,71,adaptive_crosssdc_cmr,hinge,1.0,0.01,0.5770464142163595,0.46981274088223773,0.9297724631097581,0.27893173893292744,0.002659146583432125,0.0002659146583432125,0.06684027777777778,0.057291666666666664,0.004292648285627365,0.0026337231198946633,0.5415555834770203
8,72,adaptive_crosssdc_cmr,hinge,1.0,0.01,0.5601234634717306,0.4527563750743866,0.9029814667171903,0.27089444001515706,0.002974269911646843,0.00029742699116468434,0.08246527777777778,0.057291666666666664,0.00499704997572634,0.002601739846997791,0.5435555577278137
8,73,adaptive_crosssdc_cmr,hinge,1.0,0.01,0.5702822539541457,0.4978816509246826,0.9561945001284281,0.28685835003852844,0.0024051235135023794,0.00024051235135023796,0.06076388888888889,0.058159722222222224,0.0036091065655152,0.002646218157476849,0.5426666736602783
8,74,adaptive_crosssdc_cmr,hinge,1.0,0.01,0.5586060285568237,0.4866579208109114,0.9273388120863173,0.27820164362589517,0.002040634248664396,0.0002040634248664396,0.07118055555555555,0.044270833333333336,0.0036939436362849343,0.002037986699077818,0.5415555834770203
8,75,adaptive_crosssdc_cmr,hinge,1.0,0.01,0.5792941384845309,0.5083329710695479,0.992059952682919,0.2976179858048757,0.0026609919732436538,0.0002660991973243654,0.0625,0.06944444444444445,0.003340071274174584,0.003464125096797943,0.5426666736602783
8,76,adaptive_crosssdc_cmr,hinge,1.0,0.01,0.5440158910221524,0.4599169260925717,0.8877173198593987,0.2663151959578196,0.0023436183109879494,0.00023436183109879494,0.07291666666666667,0.052083333333333336,0.003983003397782643,0.0019003392921553717,0.5440000295639038
8,77,adaptive_crosssdc_cmr,hinge,1.0,0.01,0.5729932917488946,0.5006208022435507,0.966052340136634,0.28981570204099016,0.00200084388618254,0.000200084388618254,0.058159722222222224,0.043402777777777776,0.0028882097038957807,0.002258851710293028,0.5446666479110718
8,78,adaptive_crosssdc_cmr,hinge,1.0,0.01,0.5649017029338412,0.4661353263590071,0.9284259941842821,0.2785277982552846,0.00246815107918034,0.000246815107918034,0.07378472222222222,0.049479166666666664,0.003967919283443027,0.002364236447546217,0.5426666736602783
8,79,adaptive_crosssdc_cmr,hinge,1.0,0.01,0.5606381628248427,0.4833166235023075,0.9235113196902804,0.2770533959070841,0.0021356196116863024,0.00021356196116863025,0.07378472222222222,0.049479166666666664,0.0035841179390748343,0.0020195701056056553,0.5462222099304199
8,80,adaptive_crosssdc_cmr,hinge,1.0,0.01,0.5522677501042684,0.4796787268585629,0.9009836316108704,0.2702950894832611,0.0017035642522387207,0.00017035642522387207,0.052083333333333336,0.044270833333333336,0.0024993527266714308,0.0020127217802736494,0.5415555834770203
8,81,adaptive_crosssdc_cmr,hinge,1.0,0.01,0.5563665231068929,0.4777317014005449,0.9241811235745748,0.27725433707237246,0.0019569670548662543,0.00019569670548662545,0.059895833333333336,0.04079861111111111,0.0033737789425585005,0.0017828192147943708,0.5440000295639038
8,82,adaptive_crosssdc_cmr,hinge,1.0,0.01,0.5428382356961569,0.4557435479429033,0.8939621514744229,0.26818864544232685,0.001988253090530634,0.0001988253090530634,0.05381944444444445,0.05555555555555555,0.0026802346110343933,0.002349192069636451,0.54666668176651
8,83,adaptive_crosssdc_cmr,hinge,1.0,0.01,0.5567873650126987,0.48515670498212177,0.9261497457822164,0.2778449237346649,0.002095272945654061,0.00020952729456540613,0.06944444444444445,0.04513888888888889,0.003669557058148914,0.0018464484148555333,0.5437777638435364
8,84,adaptive_crosssdc_cmr,hinge,1.0,0.01,0.5513535473081801,0.49249478843477035,0.9264462126625909,0.27793386379877727,0.0018695708002067274,0.00018695708002067275,0.057291666666666664,0.041666666666666664,0.00304117136531406,0.0017391625377866956,0.5444444417953491
8,85,adaptive_crosssdc_cmr,hinge,1.0,0.01,0.5571113427480062,0.4904507597287496,0.9259419507450528,0.27778258522351584,0.0020426655860824715,0.00020426655860824715,0.05295138888888889,0.050347222222222224,0.0028227356572945914,0.002410352643993166,0.5422222018241882
8,86,adaptive_crosssdc_cmr,hinge,1.0,0.01,0.5447235571013557,0.4678438636991713,0.8833062847455343,0.26499188542366026,0.0030261967331171036,0.0003026196733117104,0.08246527777777778,0.04774305555555555,0.005153008633189731,0.0021127288540204367,0.5479999780654907
8,87,adaptive_crosssdc_cmr,hinge,1.0,0.01,0.5522825651698642,0.4837269749906328,0.9091260565651788,0.2727378169695536,0.0024666361924674776,0.0002466636192467478,0.05295138888888889,0.05555555555555555,0.0032537426385614607,0.0026569710009627873,0.5460000038146973
8,88,adaptive_crosssdc_cmr,hinge,1.0,0.01,0.5576201147503324,0.49357762932777405,0.9259182545873854,0.27777547637621564,0.002261937460085998,0.0002261937460085998,0.059027777777777776,0.043402777777777776,0.0034417418970002066,0.002062160935666826,0.5442222356796265
8,89,adaptive_crosssdc_cmr,hinge,1.0,0.01,0.5684815247853597,0.4884340763092041,0.9245083067152235,0.2773524920145671,0.002386168201660944,0.00023861682016609442,0.0625,0.049479166666666664,0.0040780601816044915,0.001993434710635079,0.5422222018241882
8,90,adaptive_crosssdc_cmr,hinge,1.0,0.01,0.5881560842196146,0.5071153740088145,0.950785219669342,0.2852355659008026,0.002952770743932989,0.0002952770743932989,0.06684027777777778,0.049479166666666664,0.004430396896269586,0.0025188993248674604,0.5415555834770203
8,91,adaptive_crosssdc_cmr,hinge,1.0,0.01,0.581511014037662,0.4851433038711548,0.9062254693773057,0.2718676408131917,0.003950663092028763,0.0003950663092028763,0.0842013888888889,0.05381944444444445,0.0059285153531365925,0.0032004014485412175,0.5433333516120911
8,92,adaptive_crosssdc_cmr,hinge,1.0,0.01,0.5936505595842997,0.5202082594235738,0.9672456648614671,0.2901736994584401,0.003688332624733448,0.0003688332624733448,0.08940972222222222,0.07291666666666667,0.005509750296672185,0.003613392718964153,0.5426666736602783
8,93,adaptive_crosssdc_cmr,hinge,1.0,0.01,0.5856454173723856,0.4912247094843123,0.913195788860321,0.2739587366580963,0.003623331534779734,0.00036233315347797344,0.10243055555555555,0.057291666666666664,0.006085046877463658,0.002770360145303938,0.5468888878822327
8,94,adaptive_crosssdc_cmr,hinge,1.0,0.01,0.5998120572831895,0.5136036905977461,0.9577285382482741,0.2873185614744822,0.00265233314389156,0.000265233314389156,0.06336805555555555,0.051215277777777776,0.003947256753842036,0.0024048673609892526,0.5453333258628845
8,95,adaptive_crosssdc_cmr,hinge,1.0,0.01,0.5755815439754062,0.4627373019854228,0.873286075062222,0.2619858225186666,0.004412875303791629,0.00044128753037916296,0.08333333333333333,0.058159722222222224,0.007315257771147622,0.0029720130066076913,0.5444444417953491
8,96,adaptive_crosssdc_cmr,hinge,1.0,0.01,0.5736978848775228,0.47409240404764813,0.9021957914034525,0.27065873742103574,0.0034763770850582253,0.00034763770850582257,0.0876736111111111,0.058159722222222224,0.005486468060149087,0.0027988788982232413,0.5433333516120911
8,97,adaptive_crosssdc_cmr,hinge,1.0,0.01,0.5692475570572747,0.5211312704616122,0.9422800209787157,0.2826840062936147,0.0017122368897414869,0.0001712236889741487,0.046875,0.046875,0.0026492811739444733,0.001914955261680815,0.5493333339691162
8,98,adaptive_crosssdc_cmr,hinge,1.0,0.01,0.5581998295254178,0.5142571131388346,0.9450370073318481,0.28351110219955444,0.0021827775603418965,0.00021827775603418966,0.051215277777777776,0.04861111111111111,0.003124210155672497,0.0023059662845399645,0.5475555658340454
8,99,adaptive_crosssdc_cmr,hinge,1.0,0.01,0.5526503059599135,0.5125770039028592,0.9447252021895515,0.2834175606568654,0.001657147296807832,0.0001657147296807832,0.035590277777777776,0.035590277777777776,0.0017254820300473107,0.0020982461671034494,0.5482222437858582
8,100,adaptive_crosssdc_cmr,hinge,1.0,0.01,0.5497379236751132,0.5197521878613366,0.9530521631240845,0.2859156489372253,0.0012112465984601942,0.00012112465984601942,0.03298611111111111,0.04513888888888889,0.001612515085273319,0.0017620681060685052,0.5473333597183228
8,101,adaptive_crosssdc_cmr,hinge,1.0,0.01,0.5490723782115512,0.5241022143099043,0.9500068426132202,0.28500205278396606,0.0015042390829573076,0.00015042390829573076,0.049479166666666664,0.034722222222222224,0.002356547862291336,0.0015545868211322362,0.551111102104187
8,102,adaptive_crosssdc_cmr,hinge,1.0,0.01,0.525963995191786,0.48747216992908055,0.8987557225757175,0.2696267167727152,0.001455721574731999,0.0001455721574731999,0.03732638888888889,0.046875,0.0019283994204468196,0.001908383849594328,0.5513333082199097
8,103,adaptive_crosssdc_cmr,hinge,1.0,0.01,0.544099940194024,0.5303434663348727,0.9514281219906278,0.2854284365971883,0.0009499953432370805,9.499953432370806e-05,0.025173611111111112,0.03732638888888889,0.0008079479965898725,0.0017199164463414086,0.5504444241523743
8,104,adaptive_crosssdc_cmr,hinge,1.0,0.01,0.5161731839179993,0.49047380023532444,0.886887166235182,0.2660661498705546,0.0012072895446585284,0.00012072895446585284,0.027777777777777776,0.046875,0.0013808198273181915,0.001838084724214342,0.5479999780654907
8,105,adaptive_crosssdc_cmr,hinge,1.0,0.01,0.5159275465541415,0.48367847667800057,0.8815972805023193,0.26447918415069577,0.0009069790895510879,9.06979089551088e-05,0.030381944444444444,0.034722222222222224,0.001355615754922231,0.001191922359996372,0.550000011920929
8,106,adaptive_crosssdc_cmr,hinge,1.0,0.01,0.5323604676458571,0.5167625844478607,0.9405034118228488,0.2821510235468546,0.0009158861131355581,9.158861131355581e-05,0.036458333333333336,0.03993055555555555,0.0012547402746147579,0.001376796927716997,0.5473333597183228
8,107,adaptive_crosssdc_cmr,hinge,1.0,0.01,0.5164747966660393,0.4853510393036736,0.8979042569796244,0.2693712770938873,0.0009825631989062661,9.825631989062662e-05,0.03125,0.024305555555555556,0.0015924862689442104,0.0010171375340885585,0.5491111278533936
8,108,adaptive_crosssdc_cmr,hinge,1.0,0.01,0.5175064901510874,0.48710311121410793,0.8873499830563863,0.2662049949169159,0.0013184340560757038,0.00013184340560757038,0.03298611111111111,0.03819444444444445,0.0017471458348962995,0.0016712244186136457,0.5495555400848389
8,109,adaptive_crosssdc_cmr,hinge,1.0,0.01,0.5203783048523797,0.5060723556412591,0.9082369804382324,0.2724710941314697,0.0009873414690244114,9.873414690244115e-05,0.025173611111111112,0.036458333333333336,0.0010265505148304834,0.0015470878117614323,0.5488888621330261
8,110,adaptive_crosssdc_cmr,hinge,1.0,0.01,0.5162486632664999,0.4808290965027279,0.8688564366764493,0.2606569310029348,0.0014341574537360834,0.00014341574537360833,0.04513888888888889,0.044270833333333336,0.0020323420564333596,0.0016899613870514764,0.5493333339691162
8,111,adaptive_crosssdc_cmr,hinge,1.0,0.01,0.5304877758026123,0.49882909324434066,0.9235332078403897,0.2770599623521169,0.0009629241362239958,9.629241362239959e-05,0.03298611111111111,0.03732638888888889,0.0013028826150629255,0.0013972048958142598,0.5484444499015808
8,112,adaptive_crosssdc_cmr,hinge,1.0,0.01,0.537539091375139,0.529661112361484,0.9387885000970628,0.28163655002911886,0.0012415572677532004,0.00012415572677532005,0.04079861111111111,0.03819444444444445,0.0015915963384840223,0.001676069779528512,0.5475555658340454
8,113,adaptive_crosssdc_cmr,hinge,1.0,0.01,0.5391136341624789,0.5341131819619073,0.9519983728726705,0.28559951186180116,0.00139761867467314,0.000139761867467314,0.03732638888888889,0.036458333333333336,0.0017172474828031328,0.0018086851471000248,0.5497778058052063
8,114,adaptive_crosssdc_cmr,hinge,1.0,0.01,0.5303443935182359,0.5242930120891995,0.9239432017008463,0.2771829605102539,0.0012371604874109228,0.00012371604874109228,0.042534722222222224,0.03211805555555555,0.001661006361246109,0.0015237041645579869,0.54666668176651
8,115,adaptive_crosssdc_cmr,hinge,1.0,0.01,0.533915466732449,0.5239822400940789,0.9175425502989027,0.2752627650896708,0.0012794237958991693,0.00012794237958991693,0.035590277777777776,0.03819444444444445,0.0015218767027060192,0.0016920483774609035,0.5519999861717224
8,116,adaptive_crosssdc_cmr,hinge,1.0,0.01,0.5350941353374057,0.5298977096875509,0.9242496424251132,0.277274892727534,0.0015896169417020348,0.0001589616941702035,0.041666666666666664,0.044270833333333336,0.002019118931558397,0.0019956082105636597,0.5455555319786072
8,117,adaptive_crosssdc_cmr,hinge,1.0,0.01,0.5268817411528693,0.5090994536876678,0.9049502544932895,0.27148507634798685,0.001308494635547201,0.0001308494635547201,0.04513888888888889,0.036458333333333336,0.002200696203443739,0.0012702122330665588,0.5506666898727417
8,118,adaptive_crosssdc_cmr,hinge,1.0,0.01,0.5416312879986234,0.5371004210578071,0.9364762173758613,0.28094286521275835,0.0017689697011115237,0.0001768969701111524,0.044270833333333336,0.049479166666666664,0.0019960150950484807,0.0023350657688246835,0.5479999780654907
8,119,adaptive_crosssdc_cmr,hinge,1.0,0.01,0.5316674047046237,0.5045620136790805,0.9146509104304843,0.2743952731291453,0.0011740849456853336,0.00011740849456853337,0.036458333333333336,0.043402777777777776,0.0014202358822027843,0.0016541220247745514,0.5493333339691162
8,120,adaptive_crosssdc_cmr,hinge,1.0,0.01,0.5399771663877699,0.5329944358931648,0.9198541045188904,0.2759562313556671,0.0018132324071807994,0.00018132324071807996,0.04600694444444445,0.044270833333333336,0.0023271594610479143,0.002100615037812127,0.5464444160461426
8,121,adaptive_crosssdc_cmr,hinge,1.0,0.01,0.5305788185861375,0.5287919739882151,0.9052414033148024,0.27157242099444073,0.0012876785670717557,0.00012876785670717556,0.036458333333333336,0.03298611111111111,0.001638514714108573,0.001621090289619234,0.5493333339691162
8,122,adaptive_crosssdc_cmr,hinge,1.0,0.01,0.5382271210352579,0.5150183935960134,0.9040538602405124,0.2712161580721537,0.001960418115939117,0.00019604181159391172,0.04600694444444445,0.046875,0.002557999143997828,0.002213028156095081,0.5471110939979553
8,123,adaptive_crosssdc_cmr,hinge,1.0,0.01,0.5329680575264825,0.5054446127679613,0.9058652321497599,0.271759569644928,0.002128344882900516,0.0002128344882900516,0.04600694444444445,0.05642361111111111,0.002413742244243622,0.0027314358287387425,0.550000011920929
8,124,adaptive_crosssdc_cmr,hinge,1.0,0.01,0.5379095209969414,0.5228837132453918,0.9020085202323066,0.27060255606969197,0.0017197009906845374,0.00017197009906845377,0.0390625,0.04600694444444445,0.00200220901105139,0.002153839088148541,0.5464444160461426
8,125,adaptive_crosssdc_cmr,hinge,1.0,0.01,0.5279468099276224,0.5093446969985962,0.8976047701305814,0.2692814310391744,0.0012989227252546698,0.00012989227252546698,0.041666666666666664,0.027777777777777776,0.0020290124747488233,0.0011504131058851879,0.5515555739402771
8,126,adaptive_crosssdc_cmr,hinge,1.0,0.01,0.5409567289882236,0.5364625056584676,0.9350100424554613,0.28050301273663836,0.0012658222565530902,0.00012658222565530903,0.03298611111111111,0.044270833333333336,0.0012460338572661083,0.0020671110186311933,0.5468888878822327
8,127,adaptive_crosssdc_cmr,hinge,1.0,0.01,0.5243941413031684,0.5230440166261461,0.8792036838001676,0.26376110514005024,0.0015551690432605231,0.00015551690432605232,0.026909722222222224,0.04774305555555555,0.0011739213433530596,0.002623238911231359,0.5493333339691162
8,128,adaptive_crosssdc_cmr,hinge,1.0,0.01,0.5490421719021268,0.5599046680662367,0.943573104010688,0.2830719312032064,0.0014915806661722148,0.0001491580666172215,0.04079861111111111,0.03819444444444445,0.00201780390408304,0.0016349578897158306,0.5484444499015808
8,129,adaptive_crosssdc_cmr,hinge,1.0,0.01,0.5276263886027865,0.5159599648581611,0.8786786595980326,0.2636035978794098,0.0017026450303900573,0.00017026450303900574,0.033854166666666664,0.0546875,0.0015806733734077877,0.002495784726407793,0.551111102104187
8,130,adaptive_crosssdc_cmr,hinge,1.0,0.01,0.5463543269369338,0.5106478035449982,0.9204643766085306,0.27613931298255917,0.0016213830547510749,0.0001621383054751075,0.0546875,0.029513888888888888,0.0022270211742983926,0.0017355361746417151,0.5479999780654907
8,131,adaptive_crosssdc_cmr,hinge,1.0,0.01,0.5190678503778245,0.5083797838952806,0.8821370469199287,0.26464111407597857,0.0015184812752219539,0.00015184812752219539,0.0390625,0.03993055555555555,0.0017084193726380665,0.0019296813342306349,0.5491111278533936
8,132,adaptive_crosssdc_cmr,hinge,1.0,0.01,0.5447870890299479,0.5780720909436544,0.9717322587966919,0.29151967763900755,0.0012862722408802558,0.0001286272240880256,0.024305555555555556,0.03819444444444445,0.0011847023334768084,0.0019241513477431403,0.5477777719497681
8,133,adaptive_crosssdc_cmr,hinge,1.0,0.01,0.5251752303706275,0.5341992841826545,0.928554011715783,0.2785662035147349,0.0013554224925529626,0.00013554224925529628,0.030381944444444444,0.03819444444444445,0.0013408644331826104,0.002035015987025367,0.5473333597183228
8,134,adaptive_crosssdc_cmr,hinge,1.0,0.01,0.5198723806275262,0.5254859858089023,0.919922239250607,0.2759766717751821,0.0009238379878095455,9.238379878095455e-05,0.025173611111111112,0.03211805555555555,0.0009531722300582462,0.0013945024046632978,0.5484444499015808
8,135,adaptive_crosssdc_cmr,hinge,1.0,0.01,0.5012970268726349,0.5059734053081937,0.8740682005882263,0.2622204601764679,0.0010759971466743285,0.00010759971466743286,0.026909722222222224,0.034722222222222224,0.0010339518388112385,0.0017163563105795118,0.550000011920929
8,136,adaptive_crosssdc_cmr,hinge,1.0,0.01,0.5115502940283881,0.5206704106595781,0.9018039769596524,0.2705411930878957,0.0009298007886779184,9.298007886779185e-05,0.022569444444444444,0.03819444444444445,0.0009987312886450025,0.0014114177061451806,0.5484444499015808
8,137,adaptive_crosssdc_cmr,hinge,1.0,0.01,0.5146127409405179,0.5394745998912387,0.9249841438399421,0.2774952431519826,0.0007951925573353139,7.951925573353139e-05,0.022569444444444444,0.03211805555555555,0.0006578216950098673,0.0014049352871047126,0.5486666560173035
8,138,adaptive_crosssdc_cmr,hinge,1.0,0.01,0.505989584657881,0.5295653210745918,0.9007942742771573,0.27023828228314717,0.0009158837169201837,9.158837169201838e-05,0.016493055555555556,0.04079861111111111,0.0006062860290209452,0.001774114039209154,0.5522222518920898
8,139,adaptive_crosssdc_cmr,hinge,1.0,0.01,0.5098289416895972,0.5270711978276571,0.909641358587477,0.27289240757624306,0.0005235503801183464,5.235503801183464e-05,0.016493055555555556,0.021701388888888888,0.0006952157451046838,0.0007666750914520688,0.5508888959884644
8,140,adaptive_crosssdc_cmr,hinge,1.0,0.01,0.49754111965497333,0.5087909797827402,0.865459038151635,0.2596377114454905,0.0010760118344074322,0.00010760118344074323,0.026909722222222224,0.027777777777777776,0.0010004904535081652,0.0015772171318531036,0.5462222099304199
8,141,adaptive_crosssdc_cmr,hinge,1.0,0.01,0.5305267439948188,0.5761999487876892,0.9617895748880174,0.2885368724664052,0.0008417316825620623,8.417316825620623e-05,0.015625,0.043402777777777776,0.0005454859799808926,0.0016709864139556885,0.5506666898727417
8,142,adaptive_crosssdc_cmr,hinge,1.0,0.01,0.5033648808797201,0.5330564379692078,0.8850468330913119,0.2655140499273936,0.0008110319710491846,8.110319710491846e-05,0.022569444444444444,0.033854166666666664,0.0008440766897466448,0.0012983063028918372,0.5479999780654907
8,143,adaptive_crosssdc_cmr,hinge,1.0,0.01,0.5125465724203322,0.5232235060797797,0.9109414286083646,0.27328242858250934,0.0011926856750505976,0.00011926856750505977,0.03732638888888889,0.03819444444444445,0.0016697131925159031,0.0013530337148242528,0.5493333339691162
8,144,adaptive_crosssdc_cmr,hinge,1.0,0.01,0.5050822960005866,0.5082942446072897,0.8828367723359002,0.26485103170077007,0.0011261835590832764,0.00011261835590832764,0.027777777777777776,0.03819444444444445,0.0008744398752848307,0.0020244349208143023,0.54666668176651
8,145,adaptive_crosssdc_cmr,hinge,1.0,0.01,0.5147998730341593,0.5457523663838705,0.9164780908160739,0.2749434272448222,0.0009195905036499931,9.195905036499931e-05,0.03125,0.03732638888888889,0.0009691235091951159,0.0015441497994793786,0.551111102104187
8,146,adaptive_crosssdc_cmr,hinge,1.0,0.01,0.5229865113894144,0.5517493883768717,0.9375343455208672,0.28126030365626015,0.0009547793565111028,9.547793565111028e-05,0.036458333333333336,0.026909722222222224,0.00130040446917216,0.001208783851729499,0.5484444499015808
8,147,adaptive_crosssdc_cmr,hinge,1.0,0.01,0.4885219898488786,0.4817669590314229,0.8161588774787055,0.24484766324361165,0.001091963702088429,0.0001091963702088429,0.03993055555555555,0.036458333333333336,0.0014731830192936792,0.0014059005512131585,0.550000011920929
8,148,adaptive_crosssdc_cmr,hinge,1.0,0.01,0.5306335290273031,0.5305856797430251,0.9186448454856873,0.27559345364570614,0.0017937808944326309,0.0001793780894432631,0.0390625,0.03732638888888889,0.002141673531797197,0.0019156183633539411,0.5457777976989746
8,149,adaptive_crosssdc_cmr,hinge,1.0,0.01,0.5161891712082757,0.5026737285984887,0.8541474077436659,0.2562442223230998,0.001217537242660506,0.0001217537242660506,0.026041666666666668,0.044270833333333336,0.0011207453078693813,0.002001190351115333,0.5491111278533936
8,150,adaptive_crosssdc_cmr,hinge,1.0,0.01,0.5145830611387888,0.5349645349714491,0.8874425358242459,0.26623276074727376,0.0016837394796311855,0.00016837394796311857,0.03732638888888889,0.042534722222222224,0.0018161324163277943,0.0021462813019752502,0.5484444499015808
8,151,adaptive_crosssdc_cmr,hinge,1.0,0.01,0.5344023903210958,0.5630402167638143,0.949413001537323,0.2848239004611969,0.001479744633090579,0.0001479744633090579,0.029513888888888888,0.044270833333333336,0.0015040627784199184,0.0019595900343524087,0.5491111278533936
8,152,adaptive_crosssdc_cmr,hinge,1.0,0.01,0.5312682323985629,0.5459266040060256,0.9337129924032423,0.28011389772097267,0.001900772667593426,0.00019007726675934262,0.03298611111111111,0.03819444444444445,0.0018044097556008233,0.0024148171974553,0.550000011920929
8,153,adaptive_crosssdc_cmr,hinge,1.0,0.01,0.549095438586341,0.5826326807339987,0.986768470870124,0.2960305412610372,0.0014844882987543112,0.00014844882987543112,0.03993055555555555,0.035590277777777776,0.001652635633945465,0.0019060783088207245,0.5482222437858582
8,154,adaptive_crosssdc_cmr,hinge,1.0,0.01,0.5180816915300157,0.5398386319478353,0.8973590268029107,0.2692077080408732,0.00195838501288866,0.00019583850128886604,0.033854166666666664,0.0390625,0.0017285260061422985,0.002514487753311793,0.5482222437858582
8,155,adaptive_crosssdc_cmr,hinge,1.0,0.01,0.5118804971377054,0.545911000834571,0.9009301861127218,0.2702790558338165,0.0011030236427258286,0.00011030236427258286,0.025173611111111112,0.035590277777777776,0.0010974953571955364,0.0016132042639785344,0.5508888959884644
8,156,adaptive_crosssdc_cmr,hinge,1.0,0.01,0.5005719032552507,0.5199085374673208,0.8656602965460883,0.2596980889638265,0.001072564788046293,0.0001072564788046293,0.026909722222222224,0.0390625,0.0010372594826751286,0.0016462086803383296,0.5486666560173035
8,157,adaptive_crosssdc_cmr,hinge,1.0,0.01,0.49077164464526707,0.4971746603647868,0.8388262258635627,0.2516478677590688,0.0007837453853830488,7.837453853830488e-05,0.019965277777777776,0.03125,0.0007161651220586565,0.0013110219604439205,0.5484444499015808
8,158,adaptive_crosssdc_cmr,hinge,1.0,0.01,0.49973342153761124,0.5230012039343516,0.8705941372447543,0.2611782411734263,0.00082877171290521,8.2877171290521e-05,0.022569444444444444,0.022569444444444444,0.0007077575557761722,0.001338262524869707,0.5473333597183228
8,159,adaptive_crosssdc_cmr,hinge,1.0,0.01,0.48968326383166844,0.5010180307759179,0.8398986723687913,0.25196960171063737,0.0007699918415811327,7.699918415811328e-05,0.019097222222222224,0.035590277777777776,0.0007276688185003069,0.0013497347633043926,0.5493333339691162
8,160,adaptive_crosssdc_cmr,hinge,1.0,0.01,0.5107399854395125,0.5392609304851956,0.9046668608983358,0.27140005826950075,0.0007040787733987801,7.040787733987801e-05,0.025173611111111112,0.025173611111111112,0.0009554252028465271,0.0008882656693458557,0.5486666560173035
8,161,adaptive_crosssdc_cmr,hinge,1.0,0.01,0.495326472653283,0.5294355352719625,0.8665694925520155,0.25997084776560464,0.0008927979150838736,8.927979150838737e-05,0.028645833333333332,0.03298611111111111,0.0010834294888708326,0.0013271210094292958,0.54666668176651
8,162,adaptive_crosssdc_cmr,hinge,1.0,0.01,0.5040775835514069,0.5344246493445503,0.8943929870923361,0.2683178961277008,0.000910327595192939,9.103275951929391e-05,0.020833333333333332,0.033854166666666664,0.0005445339613490634,0.001648180600669649,0.5486666560173035
8,163,adaptive_crosssdc_cmr,hinge,1.0,0.01,0.5021475983990563,0.5529330770174662,0.9062557882732816,0.27187673648198446,0.0007646440935786813,7.646440935786814e-05,0.019097222222222224,0.030381944444444444,0.000687002721760008,0.0013578364418612586,0.5488888621330261
8,164,adaptive_crosssdc_cmr,hinge,1.0,0.01,0.5052126679155562,0.5560758378770616,0.9108033114009433,0.27324099342028296,0.0008091725143862681,8.091725143862682e-05,0.019965277777777776,0.026909722222222224,0.0008715378741423289,0.001116880112224155,0.550000011920929
8,165,adaptive_crosssdc_cmr,hinge,1.0,0.01,0.5151662462287478,0.5698379344410367,0.9261003798908658,0.2778301139672597,0.0006970071549908931,6.970071549908931e-05,0.015625,0.026909722222222224,0.000561007195048862,0.0012352288597159916,0.5471110939979553
8,166,adaptive_crosssdc_cmr,hinge,1.0,0.01,0.5079042050573561,0.5368603335486518,0.8924164904488457,0.2677249471346537,0.0010247947971543504,0.00010247947971543505,0.026041666666666668,0.03298611111111111,0.00103327300813463,0.001559527383910285,0.550000011920929
8,167,adaptive_crosssdc_cmr,hinge,1.0,0.01,0.5016178124480777,0.5246452026897006,0.854906784163581,0.2564720352490743,0.0011655593957079367,0.00011655593957079368,0.028645833333333332,0.03819444444444445,0.0010936612056361304,0.001811692284213172,0.5515555739402771
8,168,adaptive_crosssdc_cmr,hinge,1.0,0.01,0.50386643409729,0.5336577892303467,0.8793120516671075,0.26379361550013225,0.0009189778017268205,9.189778017268206e-05,0.018229166666666668,0.033854166666666664,0.0007294027341736688,0.0015163160860538483,0.5491111278533936
8,169,adaptive_crosssdc_cmr,hinge,1.0,0.01,0.5087769826253256,0.545680456691318,0.8969336350758871,0.2690800905227661,0.0011482724027397733,0.00011482724027397733,0.024305555555555556,0.03732638888888889,0.0009215904606713189,0.0018362071779039171,0.5495555400848389
8,170,adaptive_crosssdc_cmr,hinge,1.0,0.01,0.5112694833013747,0.5561820202403598,0.897695521513621,0.2693086564540863,0.0009297830595945319,9.29783059594532e-05,0.019097222222222224,0.03298611111111111,0.0007949450777636634,0.0014169725279013317,0.550000011920929
8,171,adaptive_crosssdc_cmr,hinge,1.0,0.01,0.5272271898057725,0.5578112602233887,0.9163543979326884,0.2749063193798065,0.002503949340381142,0.00025039493403811424,0.0642361111111111,0.041666666666666664,0.0034974776208400726,0.002297603421741062,0.5537777543067932
8,172,adaptive_crosssdc_cmr,hinge,1.0,0.01,0.4940285086631775,0.5115282369984521,0.8331633077727424,0.24994899233182272,0.0013521996572510237,0.00013521996572510238,0.035590277777777776,0.033854166666666664,0.0015684920880529615,0.0017380797200732762,0.5528888702392578
8,173,adaptive_crosssdc_cmr,hinge,1.0,0.01,0.5185803406768374,0.5480694969495138,0.8836304214265611,0.26508912642796834,0.0017847183561469945,0.00017847183561469946,0.044270833333333336,0.043402777777777776,0.001995779573917389,0.002160323162873586,0.5524444580078125
8,174,adaptive_crosssdc_cmr,hinge,1.0,0.01,0.5232049226760864,0.5535885956552293,0.9022986690203348,0.27068960070610043,0.0014902696776617733,0.00014902696776617733,0.027777777777777776,0.03819444444444445,0.001382069041331609,0.0021096550756030613,0.5451111197471619
8,175,adaptive_crosssdc_cmr,hinge,1.0,0.01,0.5171801977687411,0.5412416325675117,0.8894503712654114,0.2668351113796234,0.0010830889546519353,0.00010830889546519353,0.018229166666666668,0.041666666666666664,0.0006271190941333771,0.0020468810366259683,0.5475555658340454
8,176,adaptive_crosssdc_cmr,hinge,1.0,0.01,0.5117327007982466,0.5270967483520508,0.8653851350148519,0.25961554050445557,0.0013295898485618334,0.00013295898485618334,0.029513888888888888,0.033854166666666664,0.0012691492835680644,0.0018650583095020717,0.550000011920929
8,177,adaptive_crosssdc_cmr,hinge,1.0,0.01,0.506428470214208,0.5324648022651672,0.8659121923976474,0.2597736577192942,0.0010940127107864504,0.00010940127107864505,0.026041666666666668,0.029513888888888888,0.0011567696928977966,0.0014493920736842686,0.5502222180366516
8,178,adaptive_crosssdc_cmr,hinge,1.0,0.01,0.508295648627811,0.540157159169515,0.8920064767201742,0.2676019430160522,0.0010093617181862807,0.00010093617181862808,0.015625,0.034722222222222224,0.000702940755420261,0.0016804581715001,0.5453333258628845
8,179,adaptive_crosssdc_cmr,hinge,1.0,0.01,0.5293702019585503,0.597792903582255,0.9621296922365824,0.2886389076709747,0.001060900939693157,0.00010609009396931571,0.021701388888888888,0.03732638888888889,0.0007140971720218658,0.001871423174937566,0.5502222180366516
8,180,adaptive_crosssdc_cmr,hinge,1.0,0.01,0.4987255069944594,0.5349204871389601,0.8741289443439908,0.2622386833031972,0.0007815343172599872,7.815343172599872e-05,0.017361111111111112,0.027777777777777776,0.0007985424664285448,0.0011128410696983337,0.5506666898727417
8,181,adaptive_crosssdc_cmr,hinge,1.0,0.01,0.49603379766146344,0.5425272319051955,0.8646372689141167,0.259391180674235,0.0008802700168517833,8.802700168517833e-05,0.013888888888888888,0.033854166666666664,0.0005530913670857748,0.0015630101164182026,0.5506666898727417
8,182,adaptive_crosssdc_cmr,hinge,1.0,0.01,0.4927431543668111,0.5427739587095048,0.8679817451371087,0.26039452354113257,0.000832292296561516,8.322922965615161e-05,0.017361111111111112,0.030381944444444444,0.0008378090957800547,0.001293964684009552,0.5502222180366516
8,183,adaptive_crosssdc_cmr,hinge,1.0,0.01,0.4983862009313371,0.5575699673758613,0.8945566548241509,0.26836699644724527,0.0006048557867567675,6.0485578675676754e-05,0.019097222222222224,0.03125,0.0005834644867314233,0.00109470138947169,0.551111102104187
8,184,adaptive_crosssdc_cmr,hinge,1.0,0.01,0.5018265412913429,0.5513493882285224,0.8804343011644151,0.2641302903493245,0.0012357421898438286,0.00012357421898438287,0.019965277777777776,0.03819444444444445,0.0009543150663375854,0.00194092591603597,0.5506666898727417
8,185,adaptive_crosssdc_cmr,hinge,1.0,0.01,0.5130794710583158,0.5653545988930596,0.906317498948839,0.2718952496846517,0.0018008827982056472,0.00018008827982056474,0.0234375,0.046875,0.0012144504321946038,0.0027371375925011104,0.5508888959884644
8,186,adaptive_crosssdc_cmr,hinge,1.0,0.01,0.5286183555920919,0.5859967668851217,0.9312068091498481,0.2793620427449544,0.0015366494772024453,0.00015366494772024454,0.034722222222222224,0.035590277777777776,0.001701083862119251,0.0018974575731489393,0.5484444499015808
8,187,adaptive_crosssdc_cmr,hinge,1.0,0.01,0.530884305636088,0.5730528500345018,0.9204943974812826,0.27614831924438477,0.001767197358680682,0.0001767197358680682,0.0234375,0.04861111111111111,0.0014264749156104194,0.0025904269682036508,0.5448889136314392
8,188,adaptive_crosssdc_cmr,hinge,1.0,0.01,0.5330911344952054,0.5697209371460809,0.925286504957411,0.2775859514872233,0.0015843905663738649,0.0001584390566373865,0.034722222222222224,0.03819444444444445,0.0017956967155138652,0.0020206007692548963,0.5528888702392578
8,189,adaptive_crosssdc_cmr,hinge,1.0,0.01,0.5196654862827725,0.5571515493922763,0.8870456748538547,0.2661137024561564,0.001907222897797409,0.00019072228977974091,0.04513888888888889,0.05295138888888889,0.0020082973771625096,0.00264147130979432,0.5502222180366516
8,190,adaptive_crosssdc_cmr,hinge,1.0,0.01,0.5325917071766324,0.5730012390348647,0.907633728451199,0.2722901185353597,0.0020539333216018146,0.00020539333216018147,0.03819444444444445,0.044270833333333336,0.0021466385159227583,0.0024303640756342146,0.5513333082199097
8,191,adaptive_crosssdc_cmr,hinge,1.0,0.01,0.5271656645668877,0.5624947283003066,0.881246394581265,0.26437391837437946,0.002250555087812245,0.0002250555087812245,0.041666666666666664,0.057291666666666664,0.0022421814501285553,0.0030108491579691568,0.5435555577278137
8,192,adaptive_crosssdc_cmr,hinge,1.0,0.01,0.517873270644082,0.5434194405873617,0.8780243462986417,0.2634073038895925,0.001313695929841035,0.00013136959298410352,0.025173611111111112,0.03993055555555555,0.0012130066752433777,0.001786968360344569,0.5497778058052063
8,193,adaptive_crosssdc_cmr,hinge,1.0,0.01,0.5438332690132989,0.577610711256663,0.9309913184907701,0.27929739554723104,0.0013528599051318856,0.00013528599051318855,0.027777777777777776,0.03298611111111111,0.00147548442085584,0.0016522713833385045,0.5528888702392578
8,194,adaptive_crosssdc_cmr,hinge,1.0,0.01,0.5513338380389743,0.5820966694090102,0.9124050405290391,0.2737215121587117,0.0013280722907640869,0.0001328072290764087,0.027777777777777776,0.041666666666666664,0.0014007273647520277,0.0019065319663948482,0.5464444160461426
8,195,adaptive_crosssdc_cmr,hinge,1.0,0.01,0.5319743487570021,0.5344768828815885,0.8591877884334989,0.25775633653004965,0.00290072543753518,0.000290072543753518,0.043402777777777776,0.050347222222222224,0.0031699749330679574,0.0030546734730402627,0.5531111359596252
8,196,adaptive_crosssdc_cmr,hinge,1.0,0.01,0.5205197268062167,0.5312609473864237,0.8582746982574463,0.2574824094772339,0.002064435445289645,0.0002064435445289645,0.035590277777777776,0.03819444444444445,0.002260749124818378,0.0021906010806560516,0.5486666560173035
8,197,adaptive_crosssdc_cmr,hinge,1.0,0.01,0.5251412557231055,0.5646506481700473,0.8907433417108324,0.2672230025132497,0.0016228212819745143,0.00016228212819745144,0.035590277777777776,0.03298611111111111,0.0022327759199672276,0.0014438612593544854,0.5462222099304199
8,198,adaptive_crosssdc_cmr,hinge,1.0,0.01,0.5126030676894717,0.5596889721022712,0.8754179212782118,0.26262537638346356,0.001279685723905762,0.0001279685723905762,0.027777777777777776,0.026909722222222224,0.0013659141129917568,0.0015598415500587886,0.5542222261428833
8,199,adaptive_crosssdc_cmr,hinge,1.0,0.01,0.5031353400813209,0.5484057863553365,0.870094915231069,0.26102847456932066,0.000972378801735532,9.72378801735532e-05,0.021701388888888888,0.03993055555555555,0.0007290053698751661,0.0017601980103386773,0.5479999780654907
9,0,adaptive_crosssdc_cmr,hinge,1.0,0.01,3.1415913502375283,0.45354672604137,1.0463321407636006,0.3138996422290802,0.5029963288042281,0.05029963288042281,0.8472222222222222,0.6770833333333334,0.714279294013977,0.2855453176630868,0.4745999872684479
9,1,adaptive_crosssdc_cmr,hinge,1.0,0.01,2.045956254005432,0.3931903276178572,0.9490240414937338,0.28470721244812014,0.34128144052293563,0.034128144052293564,0.9583333333333334,0.578125,0.5688442289829254,0.11573463761144215,0.49239999055862427
9,2,adaptive_crosssdc_cmr,hinge,1.0,0.01,1.6484340694215562,0.3471571207046509,0.9269450041982863,0.2780835012594859,0.17689173916975656,0.017689173916975658,0.8645833333333334,0.5546875,0.2610674268669552,0.10193715492884318,0.4943999946117401
9,3,adaptive_crosssdc_cmr,hinge,1.0,0.01,1.4247227907180786,0.33890073829227024,0.9276035891638862,0.27828107674916586,0.11304019474320942,0.011304019474320942,0.7534722222222222,0.5659722222222222,0.15193088683817121,0.08754780640204747,0.5
9,4,adaptive_crosssdc_cmr,hinge,1.0,0.01,1.2830560074912176,0.33615513973765904,0.9046759075588651,0.2714027722676595,0.11091133538219664,0.011091133538219665,0.8046875,0.5043402777777778,0.1596075114276674,0.07228645558158557,0.49959999322891235
9,5,adaptive_crosssdc_cmr,hinge,1.0,0.01,1.185785584979587,0.3561440640025669,0.9099485609266493,0.2729845682779948,0.09364783763885498,0.009364783763885498,0.8159722222222222,0.4592013888888889,0.14364038407802582,0.054559987452295095,0.4986000061035156
9,6,adaptive_crosssdc_cmr,hinge,1.0,0.01,1.1228139400482178,0.3569182919131385,0.9418383902973599,0.28255151708920795,0.08211718085739347,0.008211718085739348,0.7907986111111112,0.4192708333333333,0.12679275125265121,0.04729458979434437,0.5026000142097473
9,7,adaptive_crosssdc_cmr,hinge,1.0,0.01,1.042701608604855,0.36200155814488727,0.906719426314036,0.2720158278942108,0.07996567007568148,0.007996567007568149,0.7760416666666666,0.40625,0.12543967531787026,0.04448586867915259,0.4991999864578247
9,8,adaptive_crosssdc_cmr,hinge,1.0,0.01,1.0093012319670782,0.38658859332402545,0.9534457193480598,0.28603371580441794,0.06821099254820082,0.006821099254820082,0.7378472222222222,0.3958333333333333,0.10583395842048857,0.04043913963768217,0.4986000061035156
9,9,adaptive_crosssdc_cmr,hinge,1.0,0.01,0.9496553209092882,0.3566170864635044,0.8912186423937479,0.2673655927181244,0.06506912617219819,0.00650691261721982,0.71875,0.3602430555555556,0.10248877687586679,0.03742916964822345,0.4984000027179718
9,10,adaptive_crosssdc_cmr,hinge,1.0,0.01,0.9147857228914896,0.36823440922631157,0.8900419871012369,0.2670125961303711,0.061486999607748456,0.006148699960774846,0.6935763888888888,0.3342013888888889,0.09908542450931337,0.03259762956036462,0.5012000203132629
9,11,adaptive_crosssdc_cmr,hinge,1.0,0.01,0.8642232351832919,0.34527110391192967,0.8361473282178243,0.2508441984653473,0.05894850566983223,0.0058948505669832235,0.6996527777777778,0.3350694444444444,0.09343381226062775,0.033571923358572855,0.5
9,12,adaptive_crosssdc_cmr,hinge,1.0,0.01,0.8662526938650343,0.3813760644859738,0.9124299950069852,0.27372899850209553,0.052438212351666555,0.005243821235166656,0.6440972222222222,0.296875,0.08511232170793745,0.028671644835008517,0.5009999871253967
9,13,adaptive_crosssdc_cmr,hinge,1.0,0.01,0.8568795654508803,0.4027887549665239,0.9599123464690315,0.2879737039407094,0.05062860333257251,0.005062860333257251,0.6458333333333334,0.3046875,0.08089702410830392,0.028931986747516528,0.5027999877929688
9,14,adaptive_crosssdc_cmr,hinge,1.0,0.01,0.8106817271974351,0.36559034056133694,0.8857411543528239,0.2657223463058471,0.04784841421577665,0.004784841421577666,0.640625,0.2673611111111111,0.07600708140267266,0.027993483054969046,0.503600001335144
9,15,adaptive_crosssdc_cmr,hinge,1.0,0.01,0.7919146219889323,0.3685905767811669,0.8729387455516391,0.2618816236654917,0.047631177637312144,0.004763117763731214,0.6206597222222222,0.2630208333333333,0.07832838346560796,0.02493963349196646,0.503000020980835
9,16,adaptive_crosssdc_cmr,hinge,1.0,0.01,0.782145255141788,0.37349702583418953,0.9025609095891317,0.2707682728767395,0.03892093627817101,0.0038920936278171014,0.5633680555555556,0.2612847222222222,0.06243356896771325,0.022957721104224522,0.503600001335144
9,17,adaptive_crosssdc_cmr,hinge,1.0,0.01,0.7567719287342496,0.3664141496022542,0.8875734408696493,0.2662720322608948,0.03860109175244967,0.003860109175244967,0.5598958333333334,0.2387152777777778,0.06329703662130567,0.021434561245971255,0.5049999952316284
9,18,adaptive_crosssdc_cmr,hinge,1.0,0.01,0.7298688027593825,0.3572257028685676,0.8339742951922946,0.2501922885576884,0.03439562436607149,0.0034395624366071495,0.5460069444444444,0.1996527777777778,0.05911087079180612,0.01776983630326059,0.5041999816894531
9,19,adaptive_crosssdc_cmr,hinge,1.0,0.01,0.72798666689131,0.3713255789544847,0.874525765577952,0.2623577296733856,0.031867340207099915,0.0031867340207099915,0.5208333333333334,0.19010416666666666,0.05380374607112673,0.017242838111188676,0.5055999755859375
9,20,adaptive_crosssdc_cmr,hinge,1.0,0.01,0.7210534744792514,0.3724602262179057,0.8850812845759921,0.2655243853727976,0.03277310935987367,0.003277310935987367,0.5182291666666666,0.20052083333333334,0.054570074296659894,0.01805210734407107,0.5022000074386597
9,21,adaptive_crosssdc_cmr,hinge,1.0,0.01,0.7232945826318529,0.3961133658885956,0.9244623051749336,0.27733869155248003,0.028654051737652883,0.0028654051737652883,0.5295138888888888,0.1675347222222222,0.05093909220563041,0.013467555244763693,0.5070000290870667
9,22,adaptive_crosssdc_cmr,hinge,1.0,0.01,0.7123833298683167,0.3910323878129323,0.9169826176431444,0.2750947852929433,0.025782250488797825,0.0025782250488797826,0.4869791666666667,0.2048611111111111,0.04477365604705281,0.014254511230521731,0.5058000087738037
9,23,adaptive_crosssdc_cmr,hinge,1.0,0.01,0.6968367232216729,0.37545952532026505,0.893837226761712,0.2681511680285136,0.02548532746732235,0.002548532746732235,0.4583333333333333,0.15711805555555555,0.044870937863985695,0.01243621731797854,0.5037999749183655
9,24,adaptive_crosssdc_cmr,hinge,1.0,0.01,0.6840048763487074,0.39407633741696674,0.890874081187778,0.2672622243563334,0.02473397884103987,0.002473397884103987,0.4401041666666667,0.1857638888888889,0.04194225577844514,0.014302688340346018,0.5027999877929688
9,25,adaptive_crosssdc_cmr,hinge,1.0,0.01,0.6669752332899306,0.37910186582141453,0.8682764569918314,0.26048293709754944,0.02107639176150163,0.002107639176150163,0.4296875,0.13802083333333334,0.0377579890191555,0.010556319935454262,0.5067999958992004
9,26,adaptive_crosssdc_cmr,hinge,1.0,0.01,0.673319419225057,0.40196245577600265,0.9042713443438212,0.2712814033031463,0.020508865722351603,0.0020508865722351603,0.4149305555555556,0.140625,0.03604107267326779,0.010389554417795606,0.506600022315979
9,27,adaptive_crosssdc_cmr,hinge,1.0,0.01,0.6693965461519029,0.39517194363805985,0.9100189805030823,0.2730056941509247,0.017968024023705058,0.001796802402370506,0.3958333333333333,0.1467013888888889,0.03231895301077101,0.009453374064630933,0.5067999958992004
9,28,adaptive_crosssdc_cmr,hinge,1.0,0.01,0.6581280761294894,0.38738873932096696,0.8962485724025302,0.26887457172075907,0.02068219840940502,0.002068219840940502,0.4149305555555556,0.14322916666666666,0.0373821227500836,0.010144970483250089,0.5049999952316284
9,29,adaptive_crosssdc_cmr,hinge,1.0,0.01,0.6583284338315328,0.4107762674490611,0.9048736426565382,0.2714620927969615,0.017508820320169132,0.0017508820320169133,0.3532986111111111,0.1467013888888889,0.029498063855701022,0.010855067521333694,0.5070000290870667
9,30,adaptive_crosssdc_cmr,hinge,1.0,0.01,0.6445361640718248,0.3934631546338399,0.8875943885909187,0.2662783165772756,0.016290085183249578,0.001629008518324958,0.3480902777777778,0.11024305555555555,0.029646279497279063,0.008229601714346144,0.5088000297546387
9,31,adaptive_crosssdc_cmr,hinge,1.0,0.01,0.6185526781611972,0.37496891617774963,0.8455426295598348,0.25366278886795046,0.014693904357651869,0.001469390435765187,0.3706597222222222,0.125,0.027469531529479556,0.007787211901611752,0.5063999891281128
9,32,adaptive_crosssdc_cmr,hinge,1.0,0.01,0.6211961905161539,0.37654783659511143,0.8478674093882242,0.25436022281646725,0.014343997980985377,0.0014343997980985378,0.328125,0.11631944444444445,0.02645233025153478,0.007437507725424237,0.5052000284194946
9,33,adaptive_crosssdc_cmr,hinge,1.0,0.01,0.6134818328751458,0.38017215993669295,0.83573008245892,0.250719024737676,0.012444520576132668,0.0012444520576132669,0.3194444444444444,0.10850694444444445,0.0244057048112154,0.005903078450096978,0.5070000290870667
9,34,adaptive_crosssdc_cmr,hinge,1.0,0.01,0.5983434451950921,0.3805834088060591,0.8195388913154602,0.24586166739463805,0.011934176915221743,0.0011934176915221744,0.3116319444444444,0.11979166666666667,0.02170888065463967,0.007006221347384983,0.5085999965667725
9,35,adaptive_crosssdc_cmr,hinge,1.0,0.01,0.6304839319652982,0.4148031638728248,0.9280111259884305,0.27840333779652915,0.011785914914475547,0.0011785914914475548,0.3151041666666667,0.0998263888888889,0.022542451611823507,0.005929493655761083,0.5094000101089478
9,36,adaptive_crosssdc_cmr,hinge,1.0,0.01,0.6027459237310622,0.3810255295700497,0.8459149466620551,0.2537744839986165,0.011170515221440129,0.001117051522144013,0.2786458333333333,0.09809027777777778,0.02053430179754893,0.005904666665527556,0.5062000155448914
9,37,adaptive_crosssdc_cmr,hinge,1.0,0.01,0.5797701411777072,0.37761131922403973,0.7893440193600125,0.23680320580800374,0.009734436300479703,0.0009734436300479703,0.2456597222222222,0.0954861111111111,0.017447831730047863,0.006129271868202422,0.5090000033378601
9,38,adaptive_crosssdc_cmr,hinge,1.0,0.01,0.6045912239286635,0.4046776360935635,0.8500925633642409,0.25502776900927226,0.01085977473606666,0.001085977473606666,0.28125,0.10069444444444445,0.021416359684533544,0.004837349471118715,0.5085999965667725
9,39,adaptive_crosssdc_cmr,hinge,1.0,0.01,0.6117806567086114,0.3818101121319665,0.8353257179260254,0.2505977153778076,0.010304048398716582,0.0010304048398716583,0.2743055555555556,0.09722222222222222,0.019673935862051115,0.005499647309382756,0.506600022315979
9,40,adaptive_crosssdc_cmr,hinge,1.0,0.01,0.6150253944926791,0.37895094354947406,0.8565484285354614,0.2569645285606384,0.011170655385487609,0.001117065538548761,0.2612847222222222,0.1015625,0.021022908803489473,0.005457705093754662,0.5041999816894531
9,41,adaptive_crosssdc_cmr,hinge,1.0,0.01,0.5891681710879008,0.3893219331900279,0.8098015983899435,0.24294047951698303,0.01053168024453852,0.001053168024453852,0.24479166666666666,0.10850694444444445,0.019052314675516553,0.006101335088411967,0.5105999708175659
9,42,adaptive_crosssdc_cmr,hinge,1.0,0.01,0.5935061044163175,0.3968309031592475,0.8492209116617838,0.25476627349853515,0.009203124480942885,0.0009203124480942885,0.2456597222222222,0.09461805555555555,0.01740000003741847,0.004734903987911012,0.508400022983551
9,43,adaptive_crosssdc_cmr,hinge,1.0,0.01,0.5957523584365845,0.40874717632929486,0.8784595992830064,0.2635378797849019,0.007601219850281875,0.0007601219850281875,0.2170138888888889,0.08246527777777778,0.014657697743839689,0.0037620518770482806,0.5090000033378601
9,44,adaptive_crosssdc_cmr,hinge,1.0,0.01,0.5895979470676846,0.4084612164232466,0.8617412050565084,0.2585223615169525,0.008431521347827382,0.0008431521347827383,0.2170138888888889,0.08506944444444445,0.014809920762976011,0.005005747079849243,0.5081999897956848
9,45,adaptive_crosssdc_cmr,hinge,1.0,0.01,0.6041346788406372,0.4211500916216109,0.8923657006687589,0.26770971020062767,0.00792316109355953,0.000792316109355953,0.2152777777777778,0.08506944444444445,0.014370703862773048,0.004442276640070809,0.5105999708175659
9,46,adaptive_crosssdc_cmr,hinge,1.0,0.01,0.5814659463034736,0.3870602382553948,0.8355414271354675,0.25066242814064027,0.007253928420444329,0.0007253928420444329,0.2230902777777778,0.09809027777777778,0.013089571562078264,0.0046193111273977495,0.5063999891281128
9,47,adaptive_crosssdc_cmr,hinge,1.0,0.01,0.5740684535768297,0.39191311597824097,0.8232247630755106,0.24696742892265316,0.007472712391366561,0.0007472712391366561,0.2074652777777778,0.0798611111111111,0.013436866717206107,0.004361928751071294,0.5081999897956848
9,48,adaptive_crosssdc_cmr,hinge,1.0,0.01,0.6043969723913405,0.42333633369869655,0.9081920054223802,0.27245760162671406,0.0073733120742771364,0.0007373312074277137,0.19010416666666666,0.0842013888888889,0.01365863966445128,0.004129461530182097,0.5109999775886536
9,49,adaptive_crosssdc_cmr,hinge,1.0,0.01,0.6118054654863145,0.4337867961989509,0.8942794667349921,0.26828384002049765,0.00802888467700945,0.0008028884677009451,0.2309027777777778,0.08072916666666667,0.01568847128914462,0.003921217388576931,0.5099999904632568
9,50,adaptive_crosssdc_cmr,hinge,1.0,0.01,0.5753724177678426,0.3972323536872864,0.8141729633013407,0.2442518889904022,0.0076479182785583865,0.0007647918278558387,0.2013888888888889,0.09809027777777778,0.013609499153163698,0.004911135468218062,0.5108000040054321
9,51,adaptive_crosssdc_cmr,hinge,1.0,0.01,0.5843278368314108,0.42043238547113204,0.8771878348456489,0.2631563504536947,0.00677794414675898,0.000677794414675898,0.17708333333333334,0.07552083333333333,0.01248148021598657,0.0037018143468432957,0.5090000033378601
9,52,adaptive_crosssdc_cmr,hinge,1.0,0.01,0.5707691245608859,0.4050721459918552,0.8429179059134589,0.2528753717740377,0.005533141394456227,0.0005533141394456228,0.1623263888888889,0.06336805555555555,0.01075627427134249,0.0028316987057526908,0.5094000101089478
9,53,adaptive_crosssdc_cmr,hinge,1.0,0.01,0.5677696333991157,0.3986252976788415,0.8504627876811557,0.2551388363043467,0.0065283348473409815,0.0006528334847340981,0.17274305555555555,0.07552083333333333,0.011513658488790194,0.004241949982113308,0.5126000046730042
9,54,adaptive_crosssdc_cmr,hinge,1.0,0.01,0.564683198928833,0.4120430151621501,0.8501266837120056,0.2550380051136017,0.005483309997038709,0.0005483309997038709,0.16319444444444445,0.059027777777777776,0.010771509052978622,0.0027483548555109235,0.5090000033378601
9,55,adaptive_crosssdc_cmr,hinge,1.0,0.01,0.5730685591697693,0.43872356083658004,0.8926280604468452,0.2677884181340535,0.0044594228319409825,0.0004459422831940983,0.14583333333333334,0.07378472222222222,0.0074330216480626,0.0038250618510776097,0.5135999917984009
9,56,adaptive_crosssdc_cmr,hinge,1.0,0.01,0.5406796601083543,0.39762576752238804,0.8012043436368307,0.2403613030910492,0.00456460769702163,0.000456460769702163,0.1597222222222222,0.058159722222222224,0.008924813941121101,0.0025567317174540628,0.5117999911308289
9,57,adaptive_crosssdc_cmr,hinge,1.0,0.01,0.5548866788546244,0.4152186115582784,0.859417286184099,0.2578251858552297,0.00479170755069289,0.000479170755069289,0.14756944444444445,0.0763888888888889,0.008245941251516342,0.0035542758802572885,0.5135999917984009
9,58,adaptive_crosssdc_cmr,hinge,1.0,0.01,0.5745928022596571,0.447170227766037,0.9177274306615194,0.27531822919845583,0.0043389386911359094,0.00043389386911359097,0.15538194444444445,0.06597222222222222,0.00821507080561585,0.003045538233386146,0.51419997215271
9,59,adaptive_crosssdc_cmr,hinge,1.0,0.01,0.5564501086870829,0.4172225528293186,0.8680761721399095,0.2604228516419728,0.003474619679359926,0.0003474619679359926,0.13541666666666666,0.058159722222222224,0.006348145297831959,0.0026726950373914507,0.5088000297546387
9,60,adaptive_crosssdc_cmr,hinge,1.0,0.01,0.5473680429988437,0.41798219415876603,0.8481649160385132,0.25444947481155394,0.0030885054471178185,0.00030885054471178186,0.12413194444444445,0.058159722222222224,0.0059435272382365335,0.002322418822182549,0.5135999917984009
9,61,adaptive_crosssdc_cmr,hinge,1.0,0.01,0.5285927785767449,0.39642249875598484,0.798621243900723,0.2395863731702169,0.003479871614318755,0.00034798716143187553,0.13802083333333334,0.057291666666666664,0.006684395588106579,0.0024881760279337564,0.5108000040054321
9,62,adaptive_crosssdc_cmr,hinge,1.0,0.01,0.5444533427556356,0.40282724301020306,0.824542350239224,0.24736270507176716,0.0032768783987396294,0.000327687839873963,0.1293402777777778,0.04861111111111111,0.006360985338687897,0.0020160811642805734,0.5131999850273132
9,63,adaptive_crosssdc_cmr,hinge,1.0,0.01,0.5379827817281088,0.4050569600529141,0.8023470640182495,0.24070411920547485,0.003289152298950487,0.0003289152298950487,0.1154513888888889,0.058159722222222224,0.006458379742172029,0.002195702244838079,0.5126000046730042
9,64,adaptive_crosssdc_cmr,hinge,1.0,0.01,0.5452770060963101,0.4185560080740187,0.8379122813542684,0.2513736844062805,0.0034528132786767352,0.00034528132786767357,0.109375,0.0685763888888889,0.005756282144122654,0.002939913421869278,0.5123999714851379
9,65,adaptive_crosssdc_cmr,hinge,1.0,0.01,0.5313465462790595,0.40572983688778347,0.8016500208112929,0.24049500624338785,0.0033130857369138133,0.00033130857369138134,0.11631944444444445,0.050347222222222224,0.006418951683574253,0.0019920128915044996,0.5144000053405762
9,66,adaptive_crosssdc_cmr,hinge,1.0,0.01,0.5454212956958346,0.4228730234834883,0.8345383604367574,0.2503615081310272,0.0034188785228050416,0.0003418878522805042,0.12413194444444445,0.05555555555555555,0.0064497652153174085,0.002452045265171263,0.5123999714851379
9,67,adaptive_crosssdc_cmr,hinge,1.0,0.01,0.5463940898577372,0.401415165927675,0.8254232803980509,0.24762698411941525,0.004411498731416132,0.00044114987314161327,0.1284722222222222,0.059895833333333336,0.007424752538402875,0.003326825797557831,0.5144000053405762
9,68,adaptive_crosssdc_cmr,hinge,1.0,0.01,0.5407039788034227,0.41151988837454057,0.8165149291356405,0.24495447874069215,0.003436800519314905,0.00034368005193149054,0.13802083333333334,0.04861111111111111,0.006710660540395313,0.0019944533705711365,0.5120000243186951
9,69,adaptive_crosssdc_cmr,hinge,1.0,0.01,0.5235196418232388,0.4075371954176161,0.7922745943069458,0.23768237829208372,0.003277167703749405,0.0003277167703749405,0.10590277777777778,0.058159722222222224,0.0057774751136700315,0.0024673926333586373,0.5157999992370605
9,70,adaptive_crosssdc_cmr,hinge,1.0,0.01,0.5417943596839905,0.4242650800281101,0.8619472318225436,0.25858416954676305,0.003230583129657639,0.00032305831296576396,0.1111111111111111,0.06510416666666667,0.005120640827549828,0.0029354513519340092,0.5120000243186951
9,71,adaptive_crosssdc_cmr,hinge,1.0,0.01,0.5293271806504991,0.41681801941659713,0.8199732965893216,0.24599198897679647,0.0022969366723878514,0.00022969366723878516,0.08854166666666667,0.04774305555555555,0.003991831714908282,0.0023016995853847927,0.5131999850273132
9,72,adaptive_crosssdc_cmr,hinge,1.0,0.01,0.5378157297770182,0.4240531987614102,0.8554788562986586,0.25664365688959756,0.002448211863843931,0.0002448211863843931,0.09722222222222222,0.052083333333333336,0.0043140918844276005,0.0020328077177206674,0.5148000121116638
9,73,adaptive_crosssdc_cmr,hinge,1.0,0.01,0.538803928428226,0.43074101209640503,0.8459020786815219,0.25377062360445657,0.002531853064687716,0.0002531853064687716,0.10416666666666667,0.059027777777777776,0.003833109305964576,0.0027568754222657946,0.5112000107765198
9,74,adaptive_crosssdc_cmr,hinge,1.0,0.01,0.5336266160011292,0.4271593987941742,0.8322580324278938,0.2496774097283681,0.002464999477120323,0.00024649994771203234,0.1076388888888889,0.041666666666666664,0.0044973331193129224,0.001970092455546061,0.5152000188827515
9,75,adaptive_crosssdc_cmr,hinge,1.0,0.01,0.5349612103568183,0.41772674520810443,0.822658896446228,0.2467976689338684,0.0027052657808073694,0.00027052657808073697,0.08940972222222222,0.050347222222222224,0.00454632399810685,0.0023030050926738316,0.5126000046730042
9,76,adaptive_crosssdc_cmr,hinge,1.0,0.01,0.5307223730617099,0.390850434700648,0.7938589917288886,0.23815769751866658,0.003585505997762084,0.0003585505997762084,0.12586805555555555,0.05381944444444445,0.006440712345971001,0.0023794658482074738,0.5103999972343445
9,77,adaptive_crosssdc_cmr,hinge,1.0,0.01,0.5460406541824341,0.4321961734029982,0.8447703255547417,0.2534310976664225,0.0028830262340812218,0.0002883026234081222,0.09027777777777778,0.051215277777777776,0.004583494944704903,0.0026811452375517953,0.5120000243186951
9,78,adaptive_crosssdc_cmr,hinge,1.0,0.01,0.539328846666548,0.40887444217999774,0.8253641857041253,0.24760925571123757,0.004244213613371055,0.0004244213613371055,0.11371527777777778,0.06336805555555555,0.006675388664007187,0.003191340300771925,0.5117999911308289
9,79,adaptive_crosssdc_cmr,hinge,1.0,0.01,0.5267316798369089,0.40447688433859086,0.7830342186821831,0.23491026560465494,0.0024601561922786962,0.00024601561922786965,0.09288194444444445,0.03993055555555555,0.004476083235608207,0.0018185455765989092,0.5130000114440918
9,80,adaptive_crosssdc_cmr,hinge,1.0,0.01,0.5462705890337626,0.43050243457158405,0.8355093929502699,0.250652817885081,0.002696970775206056,0.0002696970775206056,0.0876736111111111,0.052083333333333336,0.004395513484875361,0.0023344564769003126,0.5121999979019165
9,81,adaptive_crosssdc_cmr,hinge,1.0,0.01,0.5387928220960829,0.43390266762839425,0.8336175481478373,0.2500852644443512,0.002513747170774473,0.0002513747170774473,0.0685763888888889,0.052083333333333336,0.0033174711796972486,0.002967331972387102,0.5099999904632568
9,82,adaptive_crosssdc_cmr,hinge,1.0,0.01,0.5372078749868605,0.4220079713397556,0.8271250791019864,0.24813752373059592,0.002678843034017417,0.00026788430340174174,0.09114583333333333,0.0546875,0.004005752503871918,0.0027124741011195714,0.5123999714851379
9,83,adaptive_crosssdc_cmr,hinge,1.0,0.01,0.533752097023858,0.4314821461836497,0.8385597268740336,0.25156791806221007,0.002431417854192356,0.0002431417854192356,0.0998263888888889,0.035590277777777776,0.0050007204214731855,0.0012935851183202532,0.5130000114440918
9,84,adaptive_crosssdc_cmr,hinge,1.0,0.01,0.542882952425215,0.4423341486189101,0.8546425170368619,0.2563927551110586,0.0037494486508270106,0.0003749448650827011,0.09288194444444445,0.06163194444444445,0.005259816638297505,0.0034508932795789507,0.5131999850273132
9,85,adaptive_crosssdc_cmr,hinge,1.0,0.01,0.5239490866661072,0.41292302476035225,0.7854768104023404,0.2356430431207021,0.002793888302726878,0.0002793888302726878,0.08680555555555555,0.03732638888888889,0.003999830947981941,0.0026848485900296103,0.5085999965667725
9,86,adaptive_crosssdc_cmr,hinge,1.0,0.01,0.5316327876514859,0.43242140611012775,0.8152212368117439,0.24456637104352313,0.004245495074428618,0.0004245495074428618,0.11979166666666667,0.06076388888888889,0.0068431765668922,0.0030365180638101366,0.5138000249862671
9,87,adaptive_crosssdc_cmr,hinge,1.0,0.01,0.5324364768134223,0.44727832741207546,0.8456228574117025,0.25368685722351075,0.0026250415378146702,0.00026250415378146705,0.0859375,0.036458333333333336,0.00415798131790426,0.002188317891624239,0.5117999911308289
9,88,adaptive_crosssdc_cmr,hinge,1.0,0.01,0.5283289551734924,0.4249156614144643,0.8379295865694681,0.2513788759708404,0.002156125097018149,0.00021561250970181494,0.078125,0.030381944444444444,0.0039020048247443307,0.001437164843082428,0.5134000182151794
9,89,adaptive_crosssdc_cmr,hinge,1.0,0.01,0.5187583135233985,0.4468971954451667,0.8319212794303894,0.24957638382911682,0.0019536588612633445,0.00019536588612633447,0.05642361111111111,0.057291666666666664,0.002394482907321718,0.0026362488667170205,0.5131999850273132
9,90,adaptive_crosssdc_cmr,hinge,1.0,0.01,0.5226595865355598,0.45181817809740704,0.8547326856189303,0.25641980568567907,0.0016916922759264708,0.0001691692275926471,0.06684027777777778,0.042534722222222224,0.002574996401866277,0.0017892784542507595,0.5145999789237976
9,91,adaptive_crosssdc_cmr,hinge,1.0,0.01,0.505023545689053,0.4371216462718116,0.8038555781046549,0.24115667343139646,0.001884673670348194,0.00018846736703481942,0.08072916666666667,0.04861111111111111,0.003085421191321479,0.001969430595636368,0.5117999911308289
9,92,adaptive_crosssdc_cmr,hinge,1.0,0.01,0.5121674272749159,0.4201730853981442,0.8260230488247342,0.24780691464742025,0.0011724239092371943,0.00011724239092371943,0.052083333333333336,0.03732638888888889,0.001850167496336831,0.0014070934719509548,0.5152000188827515
9,93,adaptive_crosssdc_cmr,hinge,1.0,0.01,0.520193338394165,0.45285346772935653,0.8429928289519416,0.25289784868558246,0.0015695580126096804,0.00015695580126096805,0.06597222222222222,0.036458333333333336,0.002555685324801339,0.0015618109868632422,0.5081999897956848
9,94,adaptive_crosssdc_cmr,hinge,1.0,0.01,0.5167551272445254,0.4387794766161177,0.8171966009669833,0.24515898029009497,0.0018929711594763729,0.0001892971159476373,0.0720486111111111,0.043402777777777776,0.0029061229692565072,0.0019404648078812493,0.515999972820282
9,95,adaptive_crosssdc_cmr,hinge,1.0,0.01,0.5264539784855313,0.4482035173310174,0.8377791709370084,0.2513337512811025,0.0024295307230204344,0.00024295307230204344,0.07378472222222222,0.041666666666666664,0.0038033947348594666,0.0020055613583988613,0.5109999775886536
9,96,adaptive_crosssdc_cmr,hinge,1.0,0.01,0.5428455405765109,0.4629308150874244,0.8825349609057108,0.2647604882717132,0.002586324938521203,0.00025863249385212034,0.07378472222222222,0.046875,0.0036363701025644937,0.002556122425529692,0.5152000188827515
9,97,adaptive_crosssdc_cmr,hinge,1.0,0.01,0.5133386121855842,0.43428560760286117,0.7927406496471829,0.23782219489415488,0.0021352959770916235,0.00021352959770916236,0.08072916666666667,0.03993055555555555,0.0036769865287674796,0.001750731219847997,0.5148000121116638
9,98,adaptive_crosssdc_cmr,hinge,1.0,0.01,0.5286326242817773,0.4494148857063717,0.839608199066586,0.2518824597199758,0.0023296579408148923,0.00023296579408148925,0.07291666666666667,0.050347222222222224,0.0030623020397292245,0.002745518253909217,0.5139999985694885
9,99,adaptive_crosssdc_cmr,hinge,1.0,0.01,0.516875273651547,0.4454857077863481,0.8257807956801521,0.2477342387040456,0.002002448955964711,0.00020024489559647112,0.0625,0.035590277777777776,0.0027601242893271977,0.0020595693753825296,0.5171999931335449
9,100,adaptive_crosssdc_cmr,hinge,1.0,0.01,0.522913224167294,0.4569224814573924,0.842810226811303,0.2528430680433909,0.0020004427448535957,0.0002000442744853596,0.0703125,0.04513888888888889,0.0030143240259753335,0.001953674273358451,0.5144000053405762
9,101,adaptive_crosssdc_cmr,hinge,1.0,0.01,0.5102960367997488,0.4277353584766388,0.8116490311092801,0.24349470933278403,0.0020000612647790047,0.0002000061264779005,0.0625,0.049479166666666664,0.0023700685964690316,0.0025692524181471933,0.5162000060081482
9,102,adaptive_crosssdc_cmr,hinge,1.0,0.01,0.47670208083258736,0.39905012978447807,0.7380243672264947,0.2214073101679484,0.0014985810202132496,0.00014985810202132498,0.05381944444444445,0.03993055555555555,0.0021400339901447296,0.0016388164626227485,0.5145999789237976
9,103,adaptive_crosssdc_cmr,hinge,1.0,0.01,0.49904798799090916,0.44575124979019165,0.8235127396053739,0.24705382188161215,0.0017830039659101102,0.00017830039659101103,0.05642361111111111,0.04774305555555555,0.0022636602322260537,0.0020655406018098197,0.5117999911308289
9,104,adaptive_crosssdc_cmr,hinge,1.0,0.01,0.49003232187694973,0.4341602391666836,0.7978152566485934,0.239344576994578,0.0012161293869010275,0.00012161293869010275,0.04774305555555555,0.03125,0.001967033992211024,0.0012271611226929559,0.5153999924659729
9,105,adaptive_crosssdc_cmr,hinge,1.0,0.01,0.4875017934375339,0.4231851465172238,0.7978872590594821,0.23936617771784463,0.00119077971450881,0.00011907797145088101,0.049479166666666664,0.030381944444444444,0.0017962377104494306,0.0013436927563614314,0.5120000243186951
9,106,adaptive_crosssdc_cmr,hinge,1.0,0.01,0.49047960175408256,0.4408200780550639,0.8118892576959398,0.24356677730878193,0.0010181218773747485,0.00010181218773747485,0.04079861111111111,0.036458333333333336,0.0013258196413516998,0.0014610737562179565,0.5138000249862671
9,107,adaptive_crosssdc_cmr,hinge,1.0,0.01,0.49763885802692837,0.45214326514138115,0.8306754363907708,0.24920263091723122,0.0008774509155450182,8.774509155450182e-05,0.042534722222222224,0.034722222222222224,0.001306286288632287,0.001251596129602856,0.5149999856948853
9,108,adaptive_crosssdc_cmr,hinge,1.0,0.01,0.4884164267116123,0.44455091820822823,0.8050510949558682,0.24151532848676047,0.0011614388592230778,0.00011614388592230778,0.049479166666666664,0.030381944444444444,0.001894939276907179,0.001305376903878318,0.5156000256538391
9,109,adaptive_crosssdc_cmr,hinge,1.0,0.01,0.4938850204149882,0.44512496723069084,0.8171723418765597,0.24515170256296792,0.001209233049950045,0.0001209233049950045,0.059027777777777776,0.041666666666666664,0.002004337807496389,0.001317685263024436,0.5145999789237976
9,110,adaptive_crosssdc_cmr,hinge,1.0,0.01,0.48110443353652954,0.4247191581461165,0.7913329866197374,0.2373998959859212,0.0009954789452927394,9.954789452927395e-05,0.033854166666666664,0.028645833333333332,0.0011747843689388698,0.0014025838010840947,0.5148000121116638
9,111,adaptive_crosssdc_cmr,hinge,1.0,0.01,0.4947648478878869,0.46443497472339207,0.8447578218248155,0.25342734654744464,0.0010418171716284836,0.00010418171716284836,0.035590277777777776,0.03298611111111111,0.0013800441390938228,0.001376794030268987,0.5131999850273132
9,112,adaptive_crosssdc_cmr,hinge,1.0,0.01,0.4931876328256395,0.45085451006889343,0.8261839350064596,0.24785518050193786,0.0011706174862208879,0.0001170617486220888,0.05555555555555555,0.04079861111111111,0.0018171966075897217,0.0014435052871704102,0.5144000053405762
9,113,adaptive_crosssdc_cmr,hinge,1.0,0.01,0.48151035110155743,0.43608399563365513,0.7893788880772061,0.23681366642316182,0.0007912841813069665,7.912841813069666e-05,0.043402777777777776,0.026909722222222224,0.0012871983150641124,0.0010242246919208104,0.5162000060081482
9,114,adaptive_crosssdc_cmr,hinge,1.0,0.01,0.4762318995263841,0.4329283469253116,0.7794636090596517,0.2338390827178955,0.0010184934864001763,0.00010184934864001763,0.04079861111111111,0.033854166666666664,0.0014958754181861877,0.0012789107859134674,0.5166000127792358
9,115,adaptive_crosssdc_cmr,hinge,1.0,0.01,0.47796092099613613,0.43532537089453804,0.7747730546527438,0.23243191639582314,0.0011412392389805366,0.00011412392389805366,0.044270833333333336,0.041666666666666664,0.0014952528807852003,0.0016659365759955512,0.5145999789237976
9,116,adaptive_crosssdc_cmr,hinge,1.0,0.01,0.4825972451104058,0.435614546140035,0.7826220591862997,0.23478661775588988,0.0014199225827016765,0.00014199225827016767,0.052083333333333336,0.036458333333333336,0.0019220556649896833,0.0018333589865101709,0.5166000127792358
9,117,adaptive_crosssdc_cmr,hinge,1.0,0.01,0.49094851480589974,0.4386800660027398,0.7978085809283786,0.23934257427851358,0.000874854132740034,8.74854132740034e-05,0.03993055555555555,0.026909722222222224,0.0015143338176939222,0.0008700249923600091,0.5162000060081482
9,118,adaptive_crosssdc_cmr,hinge,1.0,0.01,0.5117847522099813,0.4755089514785343,0.8588357236650255,0.25765071709950765,0.0016350713073431204,0.00016350713073431207,0.042534722222222224,0.03993055555555555,0.001986852122677697,0.001975854237874349,0.5162000060081482
9,119,adaptive_crosssdc_cmr,hinge,1.0,0.01,0.4960891836219364,0.45893502566549516,0.8159999251365662,0.24479997754096983,0.0011579732009623614,0.00011579732009623614,0.058159722222222224,0.027777777777777776,0.0018907454278733996,0.001285781462987264,0.5181999802589417
9,120,adaptive_crosssdc_cmr,hinge,1.0,0.01,0.4885531829463111,0.44082492258813644,0.7972843911912706,0.23918531735738116,0.0013657347040457858,0.0001365734704045786,0.042534722222222224,0.028645833333333332,0.002066768705844879,0.001297953642076916,0.5135999917984009
9,121,adaptive_crosssdc_cmr,hinge,1.0,0.01,0.49208980467584396,0.4366462296909756,0.8026618162790934,0.240798544883728,0.0016449142971800433,0.00016449142971800435,0.04600694444444445,0.03993055555555555,0.0019412421517901951,0.0020871013402938843,0.5170000195503235
9,122,adaptive_crosssdc_cmr,hinge,1.0,0.01,0.48365434341960484,0.4497418138715956,0.7865492039256625,0.23596476117769874,0.002103611425910559,0.0002103611425910559,0.050347222222222224,0.051215277777777776,0.0023213260703616673,0.00264472762743632,0.517799973487854
9,123,adaptive_crosssdc_cmr,hinge,1.0,0.01,0.5018782052728865,0.47122343050109017,0.8476069238450792,0.25428207715352374,0.0013529714584971468,0.0001352971458497147,0.04079861111111111,0.041666666666666664,0.0014716556502713098,0.0019596686793698203,0.5180000066757202
9,124,adaptive_crosssdc_cmr,hinge,1.0,0.01,0.48839165104760063,0.4551669756571452,0.8098185790909661,0.2429455737272898,0.001680424207329957,0.00016804242073299573,0.049479166666666664,0.04513888888888889,0.0024414604736698996,0.001794840312666363,0.5153999924659729
9,125,adaptive_crosssdc_cmr,hinge,1.0,0.01,0.49155083960956997,0.46295394500096637,0.8220367961459689,0.24661103884379065,0.0012895140809834832,0.00012895140809834833,0.052083333333333336,0.034722222222222224,0.0019698267181714377,0.0013976366155677373,0.5148000121116638
9,126,adaptive_crosssdc_cmr,hinge,1.0,0.01,0.5010669430096945,0.4851521882745955,0.8576339218351576,0.25729017655054726,0.0014575421292748717,0.00014575421292748717,0.04600694444444445,0.03732638888888889,0.001876552485757404,0.001699618167347378,0.5174000263214111
9,127,adaptive_crosssdc_cmr,hinge,1.0,0.01,0.5095103780428568,0.49032755692799884,0.8766269021564059,0.26298807064692176,0.001601135164188842,0.00016011351641888422,0.046875,0.035590277777777776,0.002027630392048094,0.0017964641253153484,0.5162000060081482
9,128,adaptive_crosssdc_cmr,hinge,1.0,0.01,0.4827822645505269,0.46386779016918606,0.8078775737020705,0.24236327211062114,0.0015997985222687323,0.00015997985222687325,0.04513888888888889,0.03993055555555555,0.0022092842393451268,0.0016867092086209191,0.5181999802589417
9,129,adaptive_crosssdc_cmr,hinge,1.0,0.01,0.4881919258170658,0.4597707324557834,0.8128204809294807,0.24384614427884418,0.0011391532478026217,0.00011391532478026217,0.03732638888888889,0.028645833333333332,0.0015756959716478984,0.0013501188821262783,0.5171999931335449
9,130,adaptive_crosssdc_cmr,hinge,1.0,0.01,0.4912321666876475,0.4525436924563514,0.809481574429406,0.2428444723288218,0.0016862612553975647,0.0001686261255397565,0.051215277777777776,0.03732638888888889,0.0024788470731841195,0.0016390428774886662,0.5166000127792358
9,131,adaptive_crosssdc_cmr,hinge,1.0,0.01,0.4859835207462311,0.4562155173884498,0.8229257663091024,0.2468777298927307,0.0016409500579660137,0.00016409500579660138,0.049479166666666664,0.0390625,0.0019445692499478657,0.0020864506562550864,0.5181999802589417
9,132,adaptive_crosssdc_cmr,hinge,1.0,0.01,0.5195615490277609,0.4662635889318254,0.8488933377795749,0.25466800133387246,0.0030299582415156895,0.00030299582415156895,0.06770833333333333,0.035590277777777776,0.004822573728031582,0.0019752507408459983,0.5166000127792358
9,133,adaptive_crosssdc_cmr,hinge,1.0,0.01,0.5001550482379066,0.48089926110373604,0.814566989739736,0.24437009692192077,0.0024415807889050078,0.0002441580788905008,0.05642361111111111,0.03993055555555555,0.0033648001650969186,0.002172652631998062,0.5157999992370605
9,134,adaptive_crosssdc_cmr,hinge,1.0,0.01,0.5000068114863502,0.46217386921246845,0.8160276081826952,0.24480828245480854,0.0016934852012329632,0.00016934852012329634,0.04774305555555555,0.03993055555555555,0.0022235409253173405,0.001960732870631748,0.5181999802589417
9,135,adaptive_crosssdc_cmr,hinge,1.0,0.01,0.5084429449505277,0.4708188474178314,0.8505771425035265,0.2551731427510579,0.001534487114339653,0.0001534487114339653,0.050347222222222224,0.0390625,0.0018381977246867286,0.0020248910619152915,0.517799973487854
9,136,adaptive_crosssdc_cmr,hinge,1.0,0.01,0.48716415961583454,0.4522127840254042,0.8032360341813829,0.24097081025441486,0.0015748122273685618,0.0001574812227368562,0.044270833333333336,0.03993055555555555,0.002069327152437634,0.0017408306399981182,0.5166000127792358
9,137,adaptive_crosssdc_cmr,hinge,1.0,0.01,0.48413021365801495,0.4562312099668715,0.8062850369347466,0.24188551108042397,0.001367900242459857,0.0001367900242459857,0.03732638888888889,0.041666666666666664,0.0011027894086307949,0.0023403515418370566,0.5184000134468079
9,138,adaptive_crosssdc_cmr,hinge,1.0,0.01,0.48791290985213387,0.4565272629261017,0.8127810226546394,0.2438343067963918,0.0011669525087604092,0.00011669525087604092,0.04600694444444445,0.041666666666666664,0.0015562197400463952,0.0016508259707027012,0.5144000053405762
9,139,adaptive_crosssdc_cmr,hinge,1.0,0.01,0.48078011141883004,0.45404735538694596,0.7868084775076972,0.23604254325230917,0.000979636026184178,9.79636026184178e-05,0.04079861111111111,0.036458333333333336,0.001368017660246955,0.001363302684492535,0.519599974155426
9,140,adaptive_crosssdc_cmr,hinge,1.0,0.01,0.48697712686326766,0.46458469827969867,0.8135683139165243,0.24407049417495727,0.0011003371910192072,0.00011003371910192073,0.035590277777777776,0.03819444444444445,0.0012296947340170543,0.001645316266351276,0.5175999999046326
9,141,adaptive_crosssdc_cmr,hinge,1.0,0.01,0.5060502588748932,0.48247060510847306,0.8596307900216844,0.2578892370065053,0.0012241658534751171,0.00012241658534751173,0.04513888888888889,0.03298611111111111,0.0019188750949170855,0.0012106307678752476,0.5175999999046326
9,142,adaptive_crosssdc_cmr,hinge,1.0,0.01,0.4918752974934048,0.46025296052296955,0.7913410796059502,0.23740232388178506,0.0022125912623273004,0.00022125912623273004,0.05555555555555555,0.04079861111111111,0.0030854100154505838,0.0020733529494868386,0.5175999999046326
9,143,adaptive_crosssdc_cmr,hinge,1.0,0.01,0.47614222433831954,0.43204421798388165,0.7568692432509528,0.22706077297528585,0.0016687064328127438,0.0001668706432812744,0.043402777777777776,0.041666666666666664,0.002266668611102634,0.0017904494371679095,0.517799973487854
9,144,adaptive_crosssdc_cmr,hinge,1.0,0.01,0.49609800842073226,0.47374121679200065,0.808104071352217,0.2424312214056651,0.001569463431628214,0.0001569463431628214,0.046875,0.04513888888888889,0.0020409487187862396,0.0019486380947960748,0.5157999992370605
9,145,adaptive_crosssdc_cmr,hinge,1.0,0.01,0.5047569109333886,0.46203479833073086,0.8119443721241422,0.24358331163724264,0.001899823158358534,0.00018998231583585343,0.06336805555555555,0.044270833333333336,0.0029638728333844077,0.0016918732888168758,0.5157999992370605
9,146,adaptive_crosssdc_cmr,hinge,1.0,0.01,0.5026597049501207,0.4702935450606876,0.8202218744489882,0.24606656233469645,0.0015208669032694565,0.00015208669032694565,0.051215277777777776,0.03298611111111111,0.0022589026225937735,0.0015190314087602827,0.5144000053405762
9,147,adaptive_crosssdc_cmr,hinge,1.0,0.01,0.4926181005107032,0.4555218749576145,0.789428366555108,0.23682850996653237,0.0021093397323663035,0.00021093397323663035,0.057291666666666664,0.04861111111111111,0.0025251925819449956,0.0026743105716175502,0.5192000269889832
9,148,adaptive_crosssdc_cmr,hinge,1.0,0.01,0.4926493565241496,0.45543678601582843,0.8061110311084323,0.24183330933252967,0.0014235808662811501,0.000142358086628115,0.04513888888888889,0.03819444444444445,0.001901928335428238,0.0016911303003629048,0.5188000202178955
9,149,adaptive_crosssdc_cmr,hinge,1.0,0.01,0.4829551014635298,0.45285079214308,0.7796908815701803,0.2339072644710541,0.001669740569519086,0.00016697405695190862,0.044270833333333336,0.0390625,0.0022737661169634927,0.0017823183702097998,0.5210000276565552
9,150,adaptive_crosssdc_cmr,hinge,1.0,0.01,0.4879923595322503,0.4596345027287801,0.805473698510064,0.24164210955301918,0.0012877186462800535,0.00012877186462800536,0.03993055555555555,0.03298611111111111,0.0016778604023986394,0.0015234529144234127,0.5206000208854675
9,151,adaptive_crosssdc_cmr,hinge,1.0,0.01,0.470366186565823,0.4533141354719798,0.7714351150724623,0.23143053452173867,0.00087150197618434,8.7150197618434e-05,0.026041666666666668,0.03298611111111111,0.0008624978363513947,0.001468844711780548,0.5184000134468079
9,152,adaptive_crosssdc_cmr,hinge,1.0,0.01,0.46916706694497,0.46044200989935136,0.7846131920814514,0.23538395762443542,0.0007976472916197963,7.976472916197963e-05,0.030381944444444444,0.022569444444444444,0.0010712958044475978,0.0009684194293287066,0.5156000256538391
9,153,adaptive_crosssdc_cmr,hinge,1.0,0.01,0.4782758355140686,0.4586362706290351,0.8028019070625305,0.24084057211875914,0.0009948816910360216,9.948816910360217e-05,0.034722222222222224,0.029513888888888888,0.001232348382472992,0.001379953490363227,0.5206000208854675
9,154,adaptive_crosssdc_cmr,hinge,1.0,0.01,0.48519860373602974,0.4760197467274136,0.8201632433467441,0.2460489730040232,0.001518293555515508,0.0001518293555515508,0.03993055555555555,0.04774305555555555,0.0014052146838770972,0.0022742951081858743,0.5188000202178955
9,155,adaptive_crosssdc_cmr,hinge,1.0,0.01,0.46674297915564644,0.4454447726408641,0.7670436037911309,0.23011308113733925,0.0012117345468141139,0.00012117345468141139,0.03125,0.033854166666666664,0.0011663445168071324,0.0018203825586371953,0.517799973487854
9,156,adaptive_crosssdc_cmr,hinge,1.0,0.01,0.47400355007913375,0.4719490971830156,0.7911290725072225,0.23733872175216675,0.0011133532259716755,0.00011133532259716756,0.025173611111111112,0.030381944444444444,0.0009456467297342089,0.001768586536248525,0.5180000066757202
9,157,adaptive_crosssdc_cmr,hinge,1.0,0.01,0.48647450076209175,0.49046433965365094,0.8309074640274048,0.24927223920822142,0.0015052650350197735,0.00015052650350197736,0.041666666666666664,0.03732638888888889,0.0018505785200330946,0.0018531042668554517,0.517799973487854
9,158,adaptive_crosssdc_cmr,hinge,1.0,0.01,0.47734835081630284,0.47889381647109985,0.8113081256548563,0.24339243769645688,0.0010380418356766717,0.00010380418356766718,0.018229166666666668,0.03211805555555555,0.0007311714192231497,0.00174625962972641,0.5185999870300293
9,159,adaptive_crosssdc_cmr,hinge,1.0,0.01,0.4699680507183075,0.4581582413779365,0.7904242873191833,0.237127286195755,0.0010735960935966836,0.00010735960935966837,0.027777777777777776,0.044270833333333336,0.0011668093502521515,0.0016479562554094526,0.5171999931335449
9,160,adaptive_crosssdc_cmr,hinge,1.0,0.01,0.480986088514328,0.4815197355217404,0.8086368441581726,0.24259105324745178,0.0006967169594847494,6.967169594847493e-05,0.03125,0.024305555555555556,0.0009262545241249932,0.0009667964445220099,0.5202000141143799
9,161,adaptive_crosssdc_cmr,hinge,1.0,0.01,0.470709890127182,0.4645702573988173,0.7919282184706794,0.23757846554120382,0.0011616724530338412,0.00011616724530338413,0.036458333333333336,0.042534722222222224,0.0009931156204806434,0.001981153670284483,0.5156000256538391
9,162,adaptive_crosssdc_cmr,hinge,1.0,0.01,0.4582441449165344,0.44114403592215645,0.7550196978780959,0.22650590936342874,0.0008143992454279214,8.143992454279214e-05,0.027777777777777776,0.03732638888888889,0.000844400790002611,0.0013892307049698299,0.5202000141143799
9,163,adaptive_crosssdc_cmr,hinge,1.0,0.01,0.4734410246213277,0.4849766691525777,0.8129799365997314,0.24389398097991943,0.0015604111960985595,0.00015604111960985597,0.044270833333333336,0.03125,0.0018607270386483935,0.00183012874590026,0.5181999802589417
9,164,adaptive_crosssdc_cmr,hinge,1.0,0.01,0.4829029639561971,0.49781010879410637,0.8215680983331468,0.24647042949994402,0.0012982154730707407,0.00012982154730707408,0.033854166666666664,0.034722222222222224,0.0015196940965122646,0.0015874811344676549,0.517799973487854
9,165,adaptive_crosssdc_cmr,hinge,1.0,0.01,0.48534324765205383,0.4814533491929372,0.8098030355241563,0.24294091065724688,0.0011846397667088443,0.00011846397667088443,0.0390625,0.03211805555555555,0.0015130953656302558,0.0014783918029732173,0.5180000066757202
9,166,adaptive_crosssdc_cmr,hinge,1.0,0.01,0.4722234606742859,0.45361318190892536,0.7772487203280131,0.2331746160984039,0.0014805970907521744,0.00014805970907521746,0.043402777777777776,0.035590277777777776,0.0019969153735372755,0.0015644625657134587,0.5210000276565552
9,167,adaptive_crosssdc_cmr,hinge,1.0,0.01,0.4644425610701243,0.45915221174558,0.7672189076741537,0.2301656723022461,0.0008606599795813155,8.606599795813156e-05,0.019965277777777776,0.03125,0.0006633872787157694,0.001489865283171336,0.5174000263214111
9,168,adaptive_crosssdc_cmr,hinge,1.0,0.01,0.4587780402766334,0.4551805953184764,0.7728152142630683,0.23184456427892047,0.0008228256257199165,8.228256257199166e-05,0.018229166666666668,0.03819444444444445,0.0005975556042459276,0.0016146641638543871,0.5185999870300293
9,169,adaptive_crosssdc_cmr,hinge,1.0,0.01,0.4754262798362308,0.4684514304002126,0.8117524451679654,0.24352573355038962,0.0010648997009007467,0.00010648997009007468,0.033854166666666664,0.03298611111111111,0.001101199123594496,0.0016039845844109852,0.517799973487854
9,170,adaptive_crosssdc_cmr,hinge,1.0,0.01,0.4629972842004564,0.456115980943044,0.7788522044817606,0.23365566134452817,0.000880590602011782,8.805906020117821e-05,0.033854166666666664,0.03211805555555555,0.0009967498481273651,0.0013247724208566877,0.5192000269889832
9,171,adaptive_crosssdc_cmr,hinge,1.0,0.01,0.4652462038728926,0.4562435845534007,0.7710590495003594,0.23131771485010783,0.0011247828192103447,0.00011247828192103448,0.03298611111111111,0.026909722222222224,0.0012449166840977138,0.0015272518826855554,0.5216000080108643
9,172,adaptive_crosssdc_cmr,hinge,1.0,0.01,0.48840919468137955,0.49639131294356453,0.8421228660477532,0.25263685981432593,0.0011312332984137659,0.00011312332984137659,0.030381944444444444,0.03211805555555555,0.0012205570108360713,0.0015713315871026781,0.5192000269889832
9,173,adaptive_crosssdc_cmr,hinge,1.0,0.01,0.4844987226857079,0.48718970351748997,0.8281812866528829,0.24845438599586486,0.0013770758588280943,0.00013770758588280943,0.03211805555555555,0.03732638888888889,0.0012980525692303975,0.0020438039468394387,0.5194000005722046
9,174,adaptive_crosssdc_cmr,hinge,1.0,0.01,0.47938130961524117,0.48457059926456875,0.8196379144986471,0.24589137434959413,0.0012258096960269744,0.00012258096960269743,0.04079861111111111,0.027777777777777776,0.0015752456254429286,0.0014249243670039708,0.5203999876976013
9,175,adaptive_crosssdc_cmr,hinge,1.0,0.01,0.46599657005733913,0.4760034912162357,0.7814410924911499,0.23443232774734496,0.0011816329917766983,0.00011816329917766983,0.034722222222222224,0.03819444444444445,0.001359672596057256,0.0016093494163619147,0.5210000276565552
9,176,adaptive_crosssdc_cmr,hinge,1.0,0.01,0.4771489401658376,0.5076955589983199,0.8315424058172438,0.24946272174517314,0.0010632357670045975,0.00010632357670045976,0.030381944444444444,0.03125,0.0012245968812041813,0.0014468919899728564,0.5221999883651733
9,177,adaptive_crosssdc_cmr,hinge,1.0,0.01,0.4796133538087209,0.4996509353319804,0.8349357578489516,0.25048072735468546,0.0010437383801521112,0.00010437383801521112,0.03298611111111111,0.034722222222222224,0.001173636151684655,0.0015361482898394267,0.5181999802589417
9,178,adaptive_crosssdc_cmr,hinge,1.0,0.01,0.4616151087813907,0.47041381729973686,0.7766279710663689,0.23298839131991067,0.00150192260561097,0.000150192260561097,0.035590277777777776,0.034722222222222224,0.001611330442958408,0.0019439471264680226,0.5202000141143799
9,179,adaptive_crosssdc_cmr,hinge,1.0,0.01,0.466425488392512,0.47612618406613666,0.7881983187463548,0.23645949562390645,0.0010564796135036482,0.00010564796135036482,0.033854166666666664,0.034722222222222224,0.0013235608736673992,0.0014344755974080828,0.5157999992370605
9,180,adaptive_crosssdc_cmr,hinge,1.0,0.01,0.4828662640518612,0.49199771881103516,0.8283975455496047,0.2485192636648814,0.0014810727120170163,0.00014810727120170164,0.034722222222222224,0.033854166666666664,0.0018951859739091662,0.0015323261419932048,0.5198000073432922
9,181,adaptive_crosssdc_cmr,hinge,1.0,0.01,0.4779935810301039,0.4938441084490882,0.8129016227192349,0.24387048681577048,0.000956068232577915,9.56068232577915e-05,0.034722222222222224,0.033854166666666664,0.0011863261461257935,0.0013593054480022853,0.520799994468689
9,182,adaptive_crosssdc_cmr,hinge,1.0,0.01,0.4742479622364044,0.4900558690230052,0.820873949262831,0.24626218477884929,0.001051187948582487,0.0001051187948582487,0.028645833333333332,0.03732638888888889,0.0010141755143801372,0.0016238888104756672,0.5192000269889832
9,183,adaptive_crosssdc_cmr,hinge,1.0,0.01,0.46765662564171684,0.4914359384112888,0.7979015111923218,0.23937045335769652,0.0011054023472954417,0.00011054023472954417,0.029513888888888888,0.030381944444444444,0.0011998576422532399,0.0015433049864239162,0.5184000134468079
9,184,adaptive_crosssdc_cmr,hinge,1.0,0.01,0.45388206508424545,0.45327603154712254,0.7608300579918755,0.22824901739756265,0.0008524806503879114,8.524806503879115e-05,0.026041666666666668,0.028645833333333332,0.0007856740719742245,0.0013885129657056597,0.5206000208854675
9,185,adaptive_crosssdc_cmr,hinge,1.0,0.01,0.4849222136868371,0.5132640732659234,0.8436087767283121,0.25308263301849365,0.0009333983503489031,9.333983503489031e-05,0.026909722222222224,0.03819444444444445,0.0007995594706800249,0.0016156070762210423,0.5162000060081482
9,186,adaptive_crosssdc_cmr,hinge,1.0,0.01,0.46447553237279254,0.4825599855846829,0.7867456012301974,0.2360236803690592,0.0009650786459032032,9.650786459032032e-05,0.020833333333333332,0.033854166666666664,0.00082159000966284,0.001542655544148551,0.519599974155426
9,187,adaptive_crosssdc_cmr,hinge,1.0,0.01,0.4670177631907993,0.48375218113263446,0.8002398080295987,0.2400719424088796,0.0013144522866544623,0.00013144522866544625,0.030381944444444444,0.03732638888888889,0.0011412161919805738,0.0019211144083076054,0.5185999870300293
9,188,adaptive_crosssdc_cmr,hinge,1.0,0.01,0.47954121894306606,0.4934443301624722,0.8286969396803114,0.24860908190409342,0.0010853664328654606,0.00010853664328654607,0.03298611111111111,0.035590277777777776,0.0009677923387951321,0.001734360224670834,0.5181999802589417
9,189,adaptive_crosssdc_cmr,hinge,1.0,0.01,0.4598153332869212,0.45091190271907383,0.7446272439426846,0.22338817318280538,0.001321792149812811,0.0001321792149812811,0.03211805555555555,0.03732638888888889,0.0014238001571761237,0.0017496773766146766,0.5117999911308289
9,190,adaptive_crosssdc_cmr,hinge,1.0,0.01,0.49910638398594326,0.4900529947545793,0.8265369799402025,0.24796109398206073,0.001275578358521064,0.0001275578358521064,0.04513888888888889,0.033854166666666664,0.001658524903986189,0.0015356383389896816,0.5184000134468079
9,191,adaptive_crosssdc_cmr,hinge,1.0,0.01,0.47847127583291793,0.4707893596755134,0.7770197921329074,0.2331059376398722,0.0015178665764526362,0.00015178665764526363,0.03298611111111111,0.04513888888888889,0.0016521360311243269,0.0019697960880067614,0.517799973487854
9,192,adaptive_crosssdc_cmr,hinge,1.0,0.01,0.4866271648142073,0.47506553596920437,0.7975436051686605,0.23926308155059814,0.0019531718506995174,0.00019531718506995174,0.043402777777777776,0.03993055555555555,0.002096355375316408,0.0023804940283298492,0.5194000005722046
9,193,adaptive_crosssdc_cmr,hinge,1.0,0.01,0.4639013277159797,0.4676183495256636,0.7567495306332906,0.2270248591899872,0.0010805756319314241,0.00010805756319314242,0.03211805555555555,0.03732638888888889,0.000987678352329466,0.001775223347875807,0.5202000141143799
9,194,adaptive_crosssdc_cmr,hinge,1.0,0.01,0.47161392039722866,0.4820111824406518,0.7728760639826456,0.23186281919479368,0.0012550419972588618,0.0001255041997258862,0.025173611111111112,0.03732638888888889,0.001269691934188207,0.001724627282884386,0.5181999802589417
9,195,adaptive_crosssdc_cmr,hinge,1.0,0.01,0.48023443089591134,0.47676993078655666,0.7959332002533807,0.23877996007601418,0.001168265670356858,0.00011682656703568582,0.026909722222222224,0.03211805555555555,0.0014878114064534504,0.0013366523716184828,0.5184000134468079
9,196,adaptive_crosssdc_cmr,hinge,1.0,0.01,0.4691666199101342,0.4711941017044915,0.7814921935399374,0.2344476580619812,0.001227979700262141,0.0001227979700262141,0.03125,0.0390625,0.0012189485132694244,0.0017895350853602092,0.5199999809265137
9,197,adaptive_crosssdc_cmr,hinge,1.0,0.01,0.47116319338480633,0.48460183540980023,0.7854900492562188,0.23564701477686562,0.0012629605545144943,0.00012629605545144942,0.0390625,0.030381944444444444,0.0014626822537846034,0.0014997820059458415,0.520799994468689
9,198,adaptive_crosssdc_cmr,hinge,1.0,0.01,0.47347988353835213,0.4900728265444438,0.8132376008563571,0.24397128025690712,0.0008611374505562708,8.611374505562708e-05,0.034722222222222224,0.027777777777777776,0.0010906313028600481,0.0011284976369804805,0.522599995136261
9,199,adaptive_crosssdc_cmr,hinge,1.0,0.01,0.479920420381758,0.5044464667638143,0.8227063284979926,0.24681189854939778,0.0009941263124346733,9.941263124346733e-05,0.021701388888888888,0.027777777777777776,0.0011366783744759029,0.0013211460577117072,0.5175999999046326
