method,seed,step,true_class,predicted_class,true_category,predicted_category,true_is_old,predicted_is_old,count
avcil,42,1,0,0,playing volleyball,playing volleyball,True,True,44
avcil,42,1,0,1,playing volleyball,child singing,True,True,1
avcil,42,1,0,5,playing volleyball,rope skipping,True,True,1
avcil,42,1,0,6,playing volleyball,"child speech, kid speaking",True,True,1
avcil,42,1,0,8,playing volleyball,playing table tennis,True,True,1
avcil,42,1,0,17,playing volleyball,people whispering,True,False,2
avcil,42,1,1,1,child singing,child singing,True,True,36
avcil,42,1,1,3,child singing,singing bowl,True,True,1
avcil,42,1,1,6,child singing,"child speech, kid speaking",True,True,5
avcil,42,1,1,7,child singing,baby laughter,True,True,2
avcil,42,1,1,9,child singing,lighting firecrackers,True,True,2
avcil,42,1,1,10,child singing,playing bass drum,True,False,1
avcil,42,1,1,11,child singing,playing banjo,True,False,2
avcil,42,1,1,14,child singing,playing french horn,True,False,1
avcil,42,1,2,2,"heart sounds, heartbeat","heart sounds, heartbeat",True,True,43
avcil,42,1,2,3,"heart sounds, heartbeat",singing bowl,True,True,1
avcil,42,1,2,6,"heart sounds, heartbeat","child speech, kid speaking",True,True,2
avcil,42,1,2,9,"heart sounds, heartbeat",lighting firecrackers,True,True,1
avcil,42,1,2,17,"heart sounds, heartbeat",people whispering,True,False,3
avcil,42,1,3,1,singing bowl,child singing,True,True,1
avcil,42,1,3,3,singing bowl,singing bowl,True,True,42
avcil,42,1,3,6,singing bowl,"child speech, kid speaking",True,True,1
avcil,42,1,3,7,singing bowl,baby laughter,True,True,1
avcil,42,1,3,9,singing bowl,lighting firecrackers,True,True,1
avcil,42,1,3,10,singing bowl,playing bass drum,True,False,1
avcil,42,1,3,19,singing bowl,playing theremin,True,False,3
avcil,42,1,4,4,cap gun shooting,cap gun shooting,True,True,23
avcil,42,1,4,6,cap gun shooting,"child speech, kid speaking",True,True,6
avcil,42,1,4,8,cap gun shooting,playing table tennis,True,True,1
avcil,42,1,4,9,cap gun shooting,lighting firecrackers,True,True,2
avcil,42,1,4,10,cap gun shooting,playing bass drum,True,False,1
avcil,42,1,4,17,cap gun shooting,people whispering,True,False,16
avcil,42,1,4,18,cap gun shooting,lathe spinning,True,False,1
avcil,42,1,5,1,rope skipping,child singing,True,True,1
avcil,42,1,5,5,rope skipping,rope skipping,True,True,39
avcil,42,1,5,6,rope skipping,"child speech, kid speaking",True,True,1
avcil,42,1,5,8,rope skipping,playing table tennis,True,True,4
avcil,42,1,5,9,rope skipping,lighting firecrackers,True,True,1
avcil,42,1,5,10,rope skipping,playing bass drum,True,False,3
avcil,42,1,5,17,rope skipping,people whispering,True,False,1
avcil,42,1,6,0,"child speech, kid speaking",playing volleyball,True,True,3
avcil,42,1,6,1,"child speech, kid speaking",child singing,True,True,5
avcil,42,1,6,5,"child speech, kid speaking",rope skipping,True,True,1
avcil,42,1,6,6,"child speech, kid speaking","child speech, kid speaking",True,True,25
avcil,42,1,6,7,"child speech, kid speaking",baby laughter,True,True,3
avcil,42,1,6,9,"child speech, kid speaking",lighting firecrackers,True,True,3
avcil,42,1,6,17,"child speech, kid speaking",people whispering,True,False,8
avcil,42,1,6,19,"child speech, kid speaking",playing theremin,True,False,2
avcil,42,1,7,0,baby laughter,playing volleyball,True,True,2
avcil,42,1,7,1,baby laughter,child singing,True,True,3
avcil,42,1,7,6,baby laughter,"child speech, kid speaking",True,True,11
avcil,42,1,7,7,baby laughter,baby laughter,True,True,30
avcil,42,1,7,10,baby laughter,playing bass drum,True,False,1
avcil,42,1,7,17,baby laughter,people whispering,True,False,3
avcil,42,1,8,5,playing table tennis,rope skipping,True,True,2
avcil,42,1,8,8,playing table tennis,playing table tennis,True,True,45
avcil,42,1,8,10,playing table tennis,playing bass drum,True,False,2
avcil,42,1,8,16,playing table tennis,tractor digging,True,False,1
avcil,42,1,9,4,lighting firecrackers,cap gun shooting,True,True,2
avcil,42,1,9,6,lighting firecrackers,"child speech, kid speaking",True,True,2
avcil,42,1,9,9,lighting firecrackers,lighting firecrackers,True,True,31
avcil,42,1,9,10,lighting firecrackers,playing bass drum,True,False,5
avcil,42,1,9,17,lighting firecrackers,people whispering,True,False,10
avcil,42,1,10,1,playing bass drum,child singing,False,True,2
avcil,42,1,10,2,playing bass drum,"heart sounds, heartbeat",False,True,1
avcil,42,1,10,5,playing bass drum,rope skipping,False,True,1
avcil,42,1,10,9,playing bass drum,lighting firecrackers,False,True,1
avcil,42,1,10,10,playing bass drum,playing bass drum,False,False,45
avcil,42,1,11,1,playing banjo,child singing,False,True,26
avcil,42,1,11,3,playing banjo,singing bowl,False,True,1
avcil,42,1,11,6,playing banjo,"child speech, kid speaking",False,True,2
avcil,42,1,11,10,playing banjo,playing bass drum,False,False,2
avcil,42,1,11,11,playing banjo,playing banjo,False,False,17
avcil,42,1,11,17,playing banjo,people whispering,False,False,1
avcil,42,1,11,18,playing banjo,lathe spinning,False,False,1
avcil,42,1,12,1,fire truck siren,child singing,False,True,7
avcil,42,1,12,6,fire truck siren,"child speech, kid speaking",False,True,2
avcil,42,1,12,8,fire truck siren,playing table tennis,False,True,1
avcil,42,1,12,9,fire truck siren,lighting firecrackers,False,True,3
avcil,42,1,12,12,fire truck siren,fire truck siren,False,False,34
avcil,42,1,12,15,fire truck siren,civil defense siren,False,False,1
avcil,42,1,12,16,fire truck siren,tractor digging,False,False,2
avcil,42,1,13,0,playing bagpipes,playing volleyball,False,True,2
avcil,42,1,13,1,playing bagpipes,child singing,False,True,27
avcil,42,1,13,3,playing bagpipes,singing bowl,False,True,2
avcil,42,1,13,5,playing bagpipes,rope skipping,False,True,1
avcil,42,1,13,9,playing bagpipes,lighting firecrackers,False,True,1
avcil,42,1,13,13,playing bagpipes,playing bagpipes,False,False,16
avcil,42,1,13,14,playing bagpipes,playing french horn,False,False,1
avcil,42,1,14,1,playing french horn,child singing,False,True,28
avcil,42,1,14,3,playing french horn,singing bowl,False,True,7
avcil,42,1,14,6,playing french horn,"child speech, kid speaking",False,True,1
avcil,42,1,14,14,playing french horn,playing french horn,False,False,14
avcil,42,1,15,0,civil defense siren,playing volleyball,False,True,1
avcil,42,1,15,1,civil defense siren,child singing,False,True,15
avcil,42,1,15,3,civil defense siren,singing bowl,False,True,8
avcil,42,1,15,12,civil defense siren,fire truck siren,False,False,2
avcil,42,1,15,15,civil defense siren,civil defense siren,False,False,24
avcil,42,1,16,9,tractor digging,lighting firecrackers,False,True,5
avcil,42,1,16,16,tractor digging,tractor digging,False,False,45
avcil,42,1,17,17,people whispering,people whispering,False,False,50
avcil,42,1,18,4,lathe spinning,cap gun shooting,False,True,2
avcil,42,1,18,5,lathe spinning,rope skipping,False,True,1
avcil,42,1,18,9,lathe spinning,lighting firecrackers,False,True,3
avcil,42,1,18,16,lathe spinning,tractor digging,False,False,1
avcil,42,1,18,18,lathe spinning,lathe spinning,False,False,43
avcil,42,1,19,0,playing theremin,playing volleyball,False,True,1
avcil,42,1,19,1,playing theremin,child singing,False,True,13
avcil,42,1,19,3,playing theremin,singing bowl,False,True,16
avcil,42,1,19,5,playing theremin,rope skipping,False,True,1
avcil,42,1,19,6,playing theremin,"child speech, kid speaking",False,True,2
avcil,42,1,19,9,playing theremin,lighting firecrackers,False,True,2
avcil,42,1,19,10,playing theremin,playing bass drum,False,False,3
avcil,42,1,19,14,playing theremin,playing french horn,False,False,4
avcil,42,1,19,19,playing theremin,playing theremin,False,False,8
avcil,42,5,0,0,playing volleyball,playing volleyball,True,True,35
avcil,42,5,0,1,playing volleyball,child singing,True,True,1
avcil,42,5,0,5,playing volleyball,rope skipping,True,True,1
avcil,42,5,0,8,playing volleyball,playing table tennis,True,True,1
avcil,42,5,0,16,playing volleyball,tractor digging,True,True,1
avcil,42,5,0,26,playing volleyball,people marching,True,True,1
avcil,42,5,0,28,playing volleyball,goose honking,True,True,1
avcil,42,5,0,41,playing volleyball,playing squash,True,True,5
avcil,42,5,0,43,playing volleyball,beat boxing,True,True,2
avcil,42,5,0,57,playing volleyball,mynah bird singing,True,False,2
avcil,42,5,1,1,child singing,child singing,True,True,16
avcil,42,5,1,6,child singing,"child speech, kid speaking",True,True,9
avcil,42,5,1,7,child singing,baby laughter,True,True,1
avcil,42,5,1,9,child singing,lighting firecrackers,True,True,1
avcil,42,5,1,11,child singing,playing banjo,True,True,1
avcil,42,5,1,14,child singing,playing french horn,True,True,2
avcil,42,5,1,17,child singing,people whispering,True,True,1
avcil,42,5,1,18,child singing,lathe spinning,True,True,1
avcil,42,5,1,19,child singing,playing theremin,True,True,1
avcil,42,5,1,26,child singing,people marching,True,True,1
avcil,42,5,1,38,child singing,playing tambourine,True,True,1
avcil,42,5,1,44,child singing,playing cello,True,True,1
avcil,42,5,1,45,child singing,playing cornet,True,True,1
avcil,42,5,1,47,child singing,"playing steel guitar, slide guitar",True,True,4
avcil,42,5,1,48,child singing,orchestra,True,True,1
avcil,42,5,1,54,child singing,playing saxophone,True,False,8
avcil,42,5,2,2,"heart sounds, heartbeat","heart sounds, heartbeat",True,True,41
avcil,42,5,2,6,"heart sounds, heartbeat","child speech, kid speaking",True,True,1
avcil,42,5,2,17,"heart sounds, heartbeat",people whispering,True,True,2
avcil,42,5,2,18,"heart sounds, heartbeat",lathe spinning,True,True,1
avcil,42,5,2,34,"heart sounds, heartbeat",cat purring,True,True,1
avcil,42,5,2,37,"heart sounds, heartbeat",scuba diving,True,True,1
avcil,42,5,2,46,"heart sounds, heartbeat",wind noise,True,True,3
avcil,42,5,3,3,singing bowl,singing bowl,True,True,14
avcil,42,5,3,6,singing bowl,"child speech, kid speaking",True,True,2
avcil,42,5,3,19,singing bowl,playing theremin,True,True,1
avcil,42,5,3,21,singing bowl,playing hammond organ,True,True,2
avcil,42,5,3,27,singing bowl,playing bass guitar,True,True,4
avcil,42,5,3,32,singing bowl,dog howling,True,True,1
avcil,42,5,3,33,singing bowl,playing synthesizer,True,True,7
avcil,42,5,3,44,singing bowl,playing cello,True,True,1
avcil,42,5,3,48,singing bowl,orchestra,True,True,2
avcil,42,5,3,49,singing bowl,playing harp,True,True,13
avcil,42,5,3,51,singing bowl,missile launch,True,False,1
avcil,42,5,3,52,singing bowl,"playing marimba, xylophone",True,False,2
avcil,42,5,4,4,cap gun shooting,cap gun shooting,True,True,18
avcil,42,5,4,6,cap gun shooting,"child speech, kid speaking",True,True,8
avcil,42,5,4,17,cap gun shooting,people whispering,True,True,8
avcil,42,5,4,28,cap gun shooting,goose honking,True,True,9
avcil,42,5,4,41,cap gun shooting,playing squash,True,True,1
avcil,42,5,4,42,cap gun shooting,slot machine,True,True,1
avcil,42,5,4,43,cap gun shooting,beat boxing,True,True,2
avcil,42,5,4,46,cap gun shooting,wind noise,True,True,1
avcil,42,5,4,56,cap gun shooting,arc welding,True,False,2
avcil,42,5,5,5,rope skipping,rope skipping,True,True,30
avcil,42,5,5,8,rope skipping,playing table tennis,True,True,4
avcil,42,5,5,10,rope skipping,playing bass drum,True,True,3
avcil,42,5,5,19,rope skipping,playing theremin,True,True,1
avcil,42,5,5,23,rope skipping,people cheering,True,True,1
avcil,42,5,5,25,rope skipping,bowling impact,True,True,2
avcil,42,5,5,40,rope skipping,vacuum cleaner cleaning floors,True,True,1
avcil,42,5,5,41,rope skipping,playing squash,True,True,4
avcil,42,5,5,42,rope skipping,slot machine,True,True,1
avcil,42,5,5,43,rope skipping,beat boxing,True,True,2
avcil,42,5,5,56,rope skipping,arc welding,True,False,1
avcil,42,5,6,1,"child speech, kid speaking",child singing,True,True,2
avcil,42,5,6,5,"child speech, kid speaking",rope skipping,True,True,1
avcil,42,5,6,6,"child speech, kid speaking","child speech, kid speaking",True,True,30
avcil,42,5,6,17,"child speech, kid speaking",people whispering,True,True,3
avcil,42,5,6,22,"child speech, kid speaking",police car (siren),True,True,1
avcil,42,5,6,23,"child speech, kid speaking",people cheering,True,True,1
avcil,42,5,6,25,"child speech, kid speaking",bowling impact,True,True,2
avcil,42,5,6,28,"child speech, kid speaking",goose honking,True,True,1
avcil,42,5,6,32,"child speech, kid speaking",dog howling,True,True,1
avcil,42,5,6,39,"child speech, kid speaking",driving motorcycle,True,True,2
avcil,42,5,6,42,"child speech, kid speaking",slot machine,True,True,1
avcil,42,5,6,43,"child speech, kid speaking",beat boxing,True,True,4
avcil,42,5,6,54,"child speech, kid speaking",playing saxophone,True,False,1
avcil,42,5,7,0,baby laughter,playing volleyball,True,True,1
avcil,42,5,7,6,baby laughter,"child speech, kid speaking",True,True,14
avcil,42,5,7,7,baby laughter,baby laughter,True,True,26
avcil,42,5,7,28,baby laughter,goose honking,True,True,2
avcil,42,5,7,32,baby laughter,dog howling,True,True,1
avcil,42,5,7,38,baby laughter,playing tambourine,True,True,2
avcil,42,5,7,43,baby laughter,beat boxing,True,True,3
avcil,42,5,7,54,baby laughter,playing saxophone,True,False,1
avcil,42,5,8,0,playing table tennis,playing volleyball,True,True,1
avcil,42,5,8,5,playing table tennis,rope skipping,True,True,1
avcil,42,5,8,8,playing table tennis,playing table tennis,True,True,39
avcil,42,5,8,10,playing table tennis,playing bass drum,True,True,1
avcil,42,5,8,17,playing table tennis,people whispering,True,True,1
avcil,42,5,8,25,playing table tennis,bowling impact,True,True,3
avcil,42,5,8,40,playing table tennis,vacuum cleaner cleaning floors,True,True,2
avcil,42,5,8,41,playing table tennis,playing squash,True,True,1
avcil,42,5,8,42,playing table tennis,slot machine,True,True,1
avcil,42,5,9,4,lighting firecrackers,cap gun shooting,True,True,4
avcil,42,5,9,6,lighting firecrackers,"child speech, kid speaking",True,True,2
avcil,42,5,9,9,lighting firecrackers,lighting firecrackers,True,True,15
avcil,42,5,9,17,lighting firecrackers,people whispering,True,True,8
avcil,42,5,9,26,lighting firecrackers,people marching,True,True,1
avcil,42,5,9,28,lighting firecrackers,goose honking,True,True,7
avcil,42,5,9,33,lighting firecrackers,playing synthesizer,True,True,1
avcil,42,5,9,39,lighting firecrackers,driving motorcycle,True,True,1
avcil,42,5,9,40,lighting firecrackers,vacuum cleaner cleaning floors,True,True,5
avcil,42,5,9,46,lighting firecrackers,wind noise,True,True,6
avcil,42,5,10,2,playing bass drum,"heart sounds, heartbeat",True,True,2
avcil,42,5,10,4,playing bass drum,cap gun shooting,True,True,1
avcil,42,5,10,10,playing bass drum,playing bass drum,True,True,31
avcil,42,5,10,27,playing bass drum,playing bass guitar,True,True,2
avcil,42,5,10,33,playing bass drum,playing synthesizer,True,True,1
avcil,42,5,10,38,playing bass drum,playing tambourine,True,True,5
avcil,42,5,10,43,playing bass drum,beat boxing,True,True,8
avcil,42,5,11,1,playing banjo,child singing,True,True,1
avcil,42,5,11,6,playing banjo,"child speech, kid speaking",True,True,1
avcil,42,5,11,10,playing banjo,playing bass drum,True,True,2
avcil,42,5,11,11,playing banjo,playing banjo,True,True,27
avcil,42,5,11,17,playing banjo,people whispering,True,True,1
avcil,42,5,11,23,playing banjo,people cheering,True,True,1
avcil,42,5,11,26,playing banjo,people marching,True,True,1
avcil,42,5,11,27,playing banjo,playing bass guitar,True,True,2
avcil,42,5,11,29,playing banjo,playing trombone,True,True,2
avcil,42,5,11,31,playing banjo,playing erhu,True,True,1
avcil,42,5,11,38,playing banjo,playing tambourine,True,True,1
avcil,42,5,11,41,playing banjo,playing squash,True,True,1
avcil,42,5,11,47,playing banjo,"playing steel guitar, slide guitar",True,True,3
avcil,42,5,11,49,playing banjo,playing harp,True,True,2
avcil,42,5,11,52,playing banjo,"playing marimba, xylophone",True,False,2
avcil,42,5,11,54,playing banjo,playing saxophone,True,False,2
avcil,42,5,12,6,fire truck siren,"child speech, kid speaking",True,True,1
avcil,42,5,12,12,fire truck siren,fire truck siren,True,True,17
avcil,42,5,12,16,fire truck siren,tractor digging,True,True,1
avcil,42,5,12,22,fire truck siren,police car (siren),True,True,19
avcil,42,5,12,23,fire truck siren,people cheering,True,True,2
avcil,42,5,12,25,fire truck siren,bowling impact,True,True,1
avcil,42,5,12,30,fire truck siren,helicopter,True,True,2
avcil,42,5,12,31,fire truck siren,playing erhu,True,True,1
avcil,42,5,12,39,fire truck siren,driving motorcycle,True,True,2
avcil,42,5,12,46,fire truck siren,wind noise,True,True,2
avcil,42,5,12,48,fire truck siren,orchestra,True,True,1
avcil,42,5,12,55,fire truck siren,"subway, metro, underground",True,False,1
avcil,42,5,13,1,playing bagpipes,child singing,True,True,1
avcil,42,5,13,9,playing bagpipes,lighting firecrackers,True,True,1
avcil,42,5,13,13,playing bagpipes,playing bagpipes,True,True,35
avcil,42,5,13,14,playing bagpipes,playing french horn,True,True,1
avcil,42,5,13,24,playing bagpipes,playing electronic organ,True,True,1
avcil,42,5,13,26,playing bagpipes,people marching,True,True,2
avcil,42,5,13,29,playing bagpipes,playing trombone,True,True,1
avcil,42,5,13,32,playing bagpipes,dog howling,True,True,1
avcil,42,5,13,40,playing bagpipes,vacuum cleaner cleaning floors,True,True,1
avcil,42,5,13,42,playing bagpipes,slot machine,True,True,1
avcil,42,5,13,44,playing bagpipes,playing cello,True,True,1
avcil,42,5,13,48,playing bagpipes,orchestra,True,True,2
avcil,42,5,13,54,playing bagpipes,playing saxophone,True,False,2
avcil,42,5,14,3,playing french horn,singing bowl,True,True,1
avcil,42,5,14,6,playing french horn,"child speech, kid speaking",True,True,2
avcil,42,5,14,14,playing french horn,playing french horn,True,True,17
avcil,42,5,14,19,playing french horn,playing theremin,True,True,1
avcil,42,5,14,24,playing french horn,playing electronic organ,True,True,1
avcil,42,5,14,29,playing french horn,playing trombone,True,True,10
avcil,42,5,14,31,playing french horn,playing erhu,True,True,1
avcil,42,5,14,33,playing french horn,playing synthesizer,True,True,2
avcil,42,5,14,44,playing french horn,playing cello,True,True,5
avcil,42,5,14,48,playing french horn,orchestra,True,True,3
avcil,42,5,14,49,playing french horn,playing harp,True,True,3
avcil,42,5,14,54,playing french horn,playing saxophone,True,False,3
avcil,42,5,14,58,playing french horn,playing piano,True,False,1
avcil,42,5,15,2,civil defense siren,"heart sounds, heartbeat",True,True,1
avcil,42,5,15,3,civil defense siren,singing bowl,True,True,2
avcil,42,5,15,12,civil defense siren,fire truck siren,True,True,2
avcil,42,5,15,15,civil defense siren,civil defense siren,True,True,27
avcil,42,5,15,18,civil defense siren,lathe spinning,True,True,1
avcil,42,5,15,19,civil defense siren,playing theremin,True,True,3
avcil,42,5,15,22,civil defense siren,police car (siren),True,True,1
avcil,42,5,15,31,civil defense siren,playing erhu,True,True,2
avcil,42,5,15,32,civil defense siren,dog howling,True,True,2
avcil,42,5,15,44,civil defense siren,playing cello,True,True,1
avcil,42,5,15,45,civil defense siren,playing cornet,True,True,2
avcil,42,5,15,47,civil defense siren,"playing steel guitar, slide guitar",True,True,1
avcil,42,5,15,48,civil defense siren,orchestra,True,True,3
avcil,42,5,15,53,civil defense siren,airplane flyby,True,False,1
avcil,42,5,15,54,civil defense siren,playing saxophone,True,False,1
avcil,42,5,16,12,tractor digging,fire truck siren,True,True,1
avcil,42,5,16,16,tractor digging,tractor digging,True,True,44
avcil,42,5,16,30,tractor digging,helicopter,True,True,2
avcil,42,5,16,39,tractor digging,driving motorcycle,True,True,2
avcil,42,5,16,46,tractor digging,wind noise,True,True,1
avcil,42,5,17,6,people whispering,"child speech, kid speaking",True,True,1
avcil,42,5,17,17,people whispering,people whispering,True,True,47
avcil,42,5,17,34,people whispering,cat purring,True,True,1
avcil,42,5,17,46,people whispering,wind noise,True,True,1
avcil,42,5,18,16,lathe spinning,tractor digging,True,True,1
avcil,42,5,18,18,lathe spinning,lathe spinning,True,True,37
avcil,42,5,18,30,lathe spinning,helicopter,True,True,1
avcil,42,5,18,39,lathe spinning,driving motorcycle,True,True,2
avcil,42,5,18,40,lathe spinning,vacuum cleaner cleaning floors,True,True,3
avcil,42,5,18,50,lathe spinning,roller coaster running,True,False,1
avcil,42,5,18,56,lathe spinning,arc welding,True,False,5
avcil,42,5,19,1,playing theremin,child singing,True,True,1
avcil,42,5,19,3,playing theremin,singing bowl,True,True,2
avcil,42,5,19,5,playing theremin,rope skipping,True,True,1
avcil,42,5,19,6,playing theremin,"child speech, kid speaking",True,True,3
avcil,42,5,19,10,playing theremin,playing bass drum,True,True,1
avcil,42,5,19,11,playing theremin,playing banjo,True,True,1
avcil,42,5,19,14,playing theremin,playing french horn,True,True,2
avcil,42,5,19,15,playing theremin,civil defense siren,True,True,1
avcil,42,5,19,19,playing theremin,playing theremin,True,True,4
avcil,42,5,19,21,playing theremin,playing hammond organ,True,True,2
avcil,42,5,19,24,playing theremin,playing electronic organ,True,True,1
avcil,42,5,19,26,playing theremin,people marching,True,True,1
avcil,42,5,19,27,playing theremin,playing bass guitar,True,True,3
avcil,42,5,19,31,playing theremin,playing erhu,True,True,1
avcil,42,5,19,32,playing theremin,dog howling,True,True,1
avcil,42,5,19,33,playing theremin,playing synthesizer,True,True,3
avcil,42,5,19,44,playing theremin,playing cello,True,True,2
avcil,42,5,19,45,playing theremin,playing cornet,True,True,1
avcil,42,5,19,46,playing theremin,wind noise,True,True,1
avcil,42,5,19,48,playing theremin,orchestra,True,True,3
avcil,42,5,19,49,playing theremin,playing harp,True,True,12
avcil,42,5,19,52,playing theremin,"playing marimba, xylophone",True,False,3
avcil,42,5,20,11,playing glockenspiel,playing banjo,True,True,1
avcil,42,5,20,14,playing glockenspiel,playing french horn,True,True,1
avcil,42,5,20,20,playing glockenspiel,playing glockenspiel,True,True,24
avcil,42,5,20,25,playing glockenspiel,bowling impact,True,True,1
avcil,42,5,20,31,playing glockenspiel,playing erhu,True,True,1
avcil,42,5,20,33,playing glockenspiel,playing synthesizer,True,True,3
avcil,42,5,20,36,playing glockenspiel,wood thrush calling,True,True,1
avcil,42,5,20,47,playing glockenspiel,"playing steel guitar, slide guitar",True,True,5
avcil,42,5,20,49,playing glockenspiel,playing harp,True,True,4
avcil,42,5,20,52,playing glockenspiel,"playing marimba, xylophone",True,False,6
avcil,42,5,20,58,playing glockenspiel,playing piano,True,False,3
avcil,42,5,21,10,playing hammond organ,playing bass drum,True,True,2
avcil,42,5,21,11,playing hammond organ,playing banjo,True,True,1
avcil,42,5,21,14,playing hammond organ,playing french horn,True,True,2
avcil,42,5,21,21,playing hammond organ,playing hammond organ,True,True,10
avcil,42,5,21,24,playing hammond organ,playing electronic organ,True,True,6
avcil,42,5,21,27,playing hammond organ,playing bass guitar,True,True,3
avcil,42,5,21,28,playing hammond organ,goose honking,True,True,1
avcil,42,5,21,29,playing hammond organ,playing trombone,True,True,1
avcil,42,5,21,33,playing hammond organ,playing synthesizer,True,True,7
avcil,42,5,21,42,playing hammond organ,slot machine,True,True,1
avcil,42,5,21,44,playing hammond organ,playing cello,True,True,3
avcil,42,5,21,45,playing hammond organ,playing cornet,True,True,2
avcil,42,5,21,48,playing hammond organ,orchestra,True,True,5
avcil,42,5,21,49,playing hammond organ,playing harp,True,True,3
avcil,42,5,21,52,playing hammond organ,"playing marimba, xylophone",True,False,1
avcil,42,5,21,54,playing hammond organ,playing saxophone,True,False,1
avcil,42,5,21,58,playing hammond organ,playing piano,True,False,1
avcil,42,5,22,6,police car (siren),"child speech, kid speaking",True,True,2
avcil,42,5,22,12,police car (siren),fire truck siren,True,True,2
avcil,42,5,22,16,police car (siren),tractor digging,True,True,1
avcil,42,5,22,22,police car (siren),police car (siren),True,True,32
avcil,42,5,22,23,police car (siren),people cheering,True,True,1
avcil,42,5,22,32,police car (siren),dog howling,True,True,6
avcil,42,5,22,35,police car (siren),skiing,True,True,1
avcil,42,5,22,42,police car (siren),slot machine,True,True,1
avcil,42,5,22,46,police car (siren),wind noise,True,True,1
avcil,42,5,22,48,police car (siren),orchestra,True,True,1
avcil,42,5,22,49,police car (siren),playing harp,True,True,1
avcil,42,5,22,50,police car (siren),roller coaster running,True,False,1
avcil,42,5,23,0,people cheering,playing volleyball,True,True,1
avcil,42,5,23,8,people cheering,playing table tennis,True,True,1
avcil,42,5,23,16,people cheering,tractor digging,True,True,1
avcil,42,5,23,23,people cheering,people cheering,True,True,41
avcil,42,5,23,26,people cheering,people marching,True,True,3
avcil,42,5,23,39,people cheering,driving motorcycle,True,True,1
avcil,42,5,23,40,people cheering,vacuum cleaner cleaning floors,True,True,1
avcil,42,5,23,43,people cheering,beat boxing,True,True,1
avcil,42,5,24,10,playing electronic organ,playing bass drum,True,True,1
avcil,42,5,24,14,playing electronic organ,playing french horn,True,True,1
avcil,42,5,24,21,playing electronic organ,playing hammond organ,True,True,6
avcil,42,5,24,24,playing electronic organ,playing electronic organ,True,True,5
avcil,42,5,24,26,playing electronic organ,people marching,True,True,1
avcil,42,5,24,27,playing electronic organ,playing bass guitar,True,True,4
avcil,42,5,24,29,playing electronic organ,playing trombone,True,True,1
avcil,42,5,24,33,playing electronic organ,playing synthesizer,True,True,8
avcil,42,5,24,39,playing electronic organ,driving motorcycle,True,True,1
avcil,42,5,24,42,playing electronic organ,slot machine,True,True,1
avcil,42,5,24,44,playing electronic organ,playing cello,True,True,2
avcil,42,5,24,45,playing electronic organ,playing cornet,True,True,2
avcil,42,5,24,47,playing electronic organ,"playing steel guitar, slide guitar",True,True,1
avcil,42,5,24,48,playing electronic organ,orchestra,True,True,7
avcil,42,5,24,49,playing electronic organ,playing harp,True,True,2
avcil,42,5,24,54,playing electronic organ,playing saxophone,True,False,1
avcil,42,5,24,58,playing electronic organ,playing piano,True,False,6
avcil,42,5,25,4,bowling impact,cap gun shooting,True,True,1
avcil,42,5,25,25,bowling impact,bowling impact,True,True,48
avcil,42,5,25,42,bowling impact,slot machine,True,True,1
avcil,42,5,26,0,people marching,playing volleyball,True,True,1
avcil,42,5,26,5,people marching,rope skipping,True,True,2
avcil,42,5,26,9,people marching,lighting firecrackers,True,True,1
avcil,42,5,26,10,people marching,playing bass drum,True,True,2
avcil,42,5,26,23,people marching,people cheering,True,True,6
avcil,42,5,26,25,people marching,bowling impact,True,True,2
avcil,42,5,26,26,people marching,people marching,True,True,24
avcil,42,5,26,40,people marching,vacuum cleaner cleaning floors,True,True,1
avcil,42,5,26,41,people marching,playing squash,True,True,2
avcil,42,5,26,42,people marching,slot machine,True,True,1
avcil,42,5,26,43,people marching,beat boxing,True,True,6
avcil,42,5,26,48,people marching,orchestra,True,True,1
avcil,42,5,26,50,people marching,roller coaster running,True,False,1
avcil,42,5,27,5,playing bass guitar,rope skipping,True,True,2
avcil,42,5,27,6,playing bass guitar,"child speech, kid speaking",True,True,2
avcil,42,5,27,10,playing bass guitar,playing bass drum,True,True,3
avcil,42,5,27,21,playing bass guitar,playing hammond organ,True,True,2
avcil,42,5,27,24,playing bass guitar,playing electronic organ,True,True,2
avcil,42,5,27,27,playing bass guitar,playing bass guitar,True,True,26
avcil,42,5,27,29,playing bass guitar,playing trombone,True,True,1
avcil,42,5,27,33,playing bass guitar,playing synthesizer,True,True,2
avcil,42,5,27,44,playing bass guitar,playing cello,True,True,1
avcil,42,5,27,47,playing bass guitar,"playing steel guitar, slide guitar",True,True,2
avcil,42,5,27,48,playing bass guitar,orchestra,True,True,1
avcil,42,5,27,49,playing bass guitar,playing harp,True,True,4
avcil,42,5,27,54,playing bass guitar,playing saxophone,True,False,2
avcil,42,5,28,0,goose honking,playing volleyball,True,True,2
avcil,42,5,28,4,goose honking,cap gun shooting,True,True,1
avcil,42,5,28,6,goose honking,"child speech, kid speaking",True,True,2
avcil,42,5,28,9,goose honking,lighting firecrackers,True,True,1
avcil,42,5,28,17,goose honking,people whispering,True,True,4
avcil,42,5,28,28,goose honking,goose honking,True,True,29
avcil,42,5,28,30,goose honking,helicopter,True,True,3
avcil,42,5,28,39,goose honking,driving motorcycle,True,True,1
avcil,42,5,28,41,goose honking,playing squash,True,True,1
avcil,42,5,28,43,goose honking,beat boxing,True,True,1
avcil,42,5,28,46,goose honking,wind noise,True,True,3
avcil,42,5,28,50,goose honking,roller coaster running,True,False,1
avcil,42,5,28,53,goose honking,airplane flyby,True,False,1
avcil,42,5,29,6,playing trombone,"child speech, kid speaking",True,True,2
avcil,42,5,29,10,playing trombone,playing bass drum,True,True,1
avcil,42,5,29,14,playing trombone,playing french horn,True,True,7
avcil,42,5,29,17,playing trombone,people whispering,True,True,1
avcil,42,5,29,25,playing trombone,bowling impact,True,True,1
avcil,42,5,29,27,playing trombone,playing bass guitar,True,True,3
avcil,42,5,29,28,playing trombone,goose honking,True,True,1
avcil,42,5,29,29,playing trombone,playing trombone,True,True,18
avcil,42,5,29,33,playing trombone,playing synthesizer,True,True,6
avcil,42,5,29,42,playing trombone,slot machine,True,True,1
avcil,42,5,29,44,playing trombone,playing cello,True,True,2
avcil,42,5,29,45,playing trombone,playing cornet,True,True,1
avcil,42,5,29,48,playing trombone,orchestra,True,True,5
avcil,42,5,29,54,playing trombone,playing saxophone,True,False,1
avcil,42,5,30,6,helicopter,"child speech, kid speaking",True,True,1
avcil,42,5,30,10,helicopter,playing bass drum,True,True,1
avcil,42,5,30,16,helicopter,tractor digging,True,True,1
avcil,42,5,30,22,helicopter,police car (siren),True,True,1
avcil,42,5,30,25,helicopter,bowling impact,True,True,1
avcil,42,5,30,28,helicopter,goose honking,True,True,1
avcil,42,5,30,30,helicopter,helicopter,True,True,24
avcil,42,5,30,39,helicopter,driving motorcycle,True,True,3
avcil,42,5,30,40,helicopter,vacuum cleaner cleaning floors,True,True,1
avcil,42,5,30,46,helicopter,wind noise,True,True,12
avcil,42,5,30,48,helicopter,orchestra,True,True,1
avcil,42,5,30,50,helicopter,roller coaster running,True,False,2
avcil,42,5,30,55,helicopter,"subway, metro, underground",True,False,1
avcil,42,5,31,1,playing erhu,child singing,True,True,3
avcil,42,5,31,19,playing erhu,playing theremin,True,True,5
avcil,42,5,31,31,playing erhu,playing erhu,True,True,28
avcil,42,5,31,32,playing erhu,dog howling,True,True,1
avcil,42,5,31,44,playing erhu,playing cello,True,True,2
avcil,42,5,31,45,playing erhu,playing cornet,True,True,7
avcil,42,5,31,47,playing erhu,"playing steel guitar, slide guitar",True,True,1
avcil,42,5,31,48,playing erhu,orchestra,True,True,1
avcil,42,5,31,49,playing erhu,playing harp,True,True,2
avcil,42,5,32,6,dog howling,"child speech, kid speaking",True,True,9
avcil,42,5,32,7,dog howling,baby laughter,True,True,1
avcil,42,5,32,19,dog howling,playing theremin,True,True,2
avcil,42,5,32,22,dog howling,police car (siren),True,True,3
avcil,42,5,32,28,dog howling,goose honking,True,True,4
avcil,42,5,32,32,dog howling,dog howling,True,True,20
avcil,42,5,32,33,dog howling,playing synthesizer,True,True,1
avcil,42,5,32,35,dog howling,skiing,True,True,1
avcil,42,5,32,43,dog howling,beat boxing,True,True,1
avcil,42,5,32,45,dog howling,playing cornet,True,True,1
avcil,42,5,32,49,dog howling,playing harp,True,True,3
avcil,42,5,32,52,dog howling,"playing marimba, xylophone",True,False,2
avcil,42,5,32,57,dog howling,mynah bird singing,True,False,2
avcil,42,5,33,4,playing synthesizer,cap gun shooting,True,True,1
avcil,42,5,33,5,playing synthesizer,rope skipping,True,True,1
avcil,42,5,33,9,playing synthesizer,lighting firecrackers,True,True,1
avcil,42,5,33,10,playing synthesizer,playing bass drum,True,True,9
avcil,42,5,33,17,playing synthesizer,people whispering,True,True,2
avcil,42,5,33,21,playing synthesizer,playing hammond organ,True,True,1
avcil,42,5,33,22,playing synthesizer,police car (siren),True,True,2
avcil,42,5,33,24,playing synthesizer,playing electronic organ,True,True,1
avcil,42,5,33,27,playing synthesizer,playing bass guitar,True,True,7
avcil,42,5,33,33,playing synthesizer,playing synthesizer,True,True,18
avcil,42,5,33,39,playing synthesizer,driving motorcycle,True,True,1
avcil,42,5,33,43,playing synthesizer,beat boxing,True,True,2
avcil,42,5,33,46,playing synthesizer,wind noise,True,True,1
avcil,42,5,33,49,playing synthesizer,playing harp,True,True,1
avcil,42,5,33,54,playing synthesizer,playing saxophone,True,False,2
avcil,42,5,34,2,cat purring,"heart sounds, heartbeat",True,True,1
avcil,42,5,34,6,cat purring,"child speech, kid speaking",True,True,2
avcil,42,5,34,10,cat purring,playing bass drum,True,True,1
avcil,42,5,34,17,cat purring,people whispering,True,True,9
avcil,42,5,34,22,cat purring,police car (siren),True,True,1
avcil,42,5,34,28,cat purring,goose honking,True,True,4
avcil,42,5,34,33,cat purring,playing synthesizer,True,True,1
avcil,42,5,34,34,cat purring,cat purring,True,True,25
avcil,42,5,34,39,cat purring,driving motorcycle,True,True,1
avcil,42,5,34,40,cat purring,vacuum cleaner cleaning floors,True,True,1
avcil,42,5,34,43,cat purring,beat boxing,True,True,1
avcil,42,5,34,46,cat purring,wind noise,True,True,2
avcil,42,5,34,56,cat purring,arc welding,True,False,1
avcil,42,5,35,6,skiing,"child speech, kid speaking",True,True,1
avcil,42,5,35,9,skiing,lighting firecrackers,True,True,2
avcil,42,5,35,28,skiing,goose honking,True,True,1
avcil,42,5,35,35,skiing,skiing,True,True,46
avcil,42,5,36,4,wood thrush calling,cap gun shooting,True,True,1
avcil,42,5,36,28,wood thrush calling,goose honking,True,True,1
avcil,42,5,36,34,wood thrush calling,cat purring,True,True,1
avcil,42,5,36,36,wood thrush calling,wood thrush calling,True,True,35
avcil,42,5,36,46,wood thrush calling,wind noise,True,True,1
avcil,42,5,36,57,wood thrush calling,mynah bird singing,True,False,11
avcil,42,5,37,5,scuba diving,rope skipping,True,True,1
avcil,42,5,37,16,scuba diving,tractor digging,True,True,1
avcil,42,5,37,28,scuba diving,goose honking,True,True,1
avcil,42,5,37,36,scuba diving,wood thrush calling,True,True,1
avcil,42,5,37,37,scuba diving,scuba diving,True,True,46
avcil,42,5,38,4,playing tambourine,cap gun shooting,True,True,1
avcil,42,5,38,5,playing tambourine,rope skipping,True,True,3
avcil,42,5,38,6,playing tambourine,"child speech, kid speaking",True,True,1
avcil,42,5,38,26,playing tambourine,people marching,True,True,1
avcil,42,5,38,38,playing tambourine,playing tambourine,True,True,30
avcil,42,5,38,39,playing tambourine,driving motorcycle,True,True,1
avcil,42,5,38,43,playing tambourine,beat boxing,True,True,12
avcil,42,5,38,59,playing tambourine,playing bongo,True,False,1
avcil,42,5,39,6,driving motorcycle,"child speech, kid speaking",True,True,1
avcil,42,5,39,9,driving motorcycle,lighting firecrackers,True,True,1
avcil,42,5,39,16,driving motorcycle,tractor digging,True,True,4
avcil,42,5,39,18,driving motorcycle,lathe spinning,True,True,3
avcil,42,5,39,23,driving motorcycle,people cheering,True,True,1
avcil,42,5,39,27,driving motorcycle,playing bass guitar,True,True,1
avcil,42,5,39,28,driving motorcycle,goose honking,True,True,1
avcil,42,5,39,30,driving motorcycle,helicopter,True,True,2
avcil,42,5,39,33,driving motorcycle,playing synthesizer,True,True,1
avcil,42,5,39,39,driving motorcycle,driving motorcycle,True,True,21
avcil,42,5,39,40,driving motorcycle,vacuum cleaner cleaning floors,True,True,1
avcil,42,5,39,41,driving motorcycle,playing squash,True,True,1
avcil,42,5,39,43,driving motorcycle,beat boxing,True,True,1
avcil,42,5,39,46,driving motorcycle,wind noise,True,True,10
avcil,42,5,39,56,driving motorcycle,arc welding,True,False,1
avcil,42,5,40,6,vacuum cleaner cleaning floors,"child speech, kid speaking",True,True,5
avcil,42,5,40,9,vacuum cleaner cleaning floors,lighting firecrackers,True,True,2
avcil,42,5,40,16,vacuum cleaner cleaning floors,tractor digging,True,True,1
avcil,42,5,40,18,vacuum cleaner cleaning floors,lathe spinning,True,True,11
avcil,42,5,40,25,vacuum cleaner cleaning floors,bowling impact,True,True,1
avcil,42,5,40,28,vacuum cleaner cleaning floors,goose honking,True,True,1
avcil,42,5,40,30,vacuum cleaner cleaning floors,helicopter,True,True,2
avcil,42,5,40,39,vacuum cleaner cleaning floors,driving motorcycle,True,True,1
avcil,42,5,40,40,vacuum cleaner cleaning floors,vacuum cleaner cleaning floors,True,True,25
avcil,42,5,40,55,vacuum cleaner cleaning floors,"subway, metro, underground",True,False,1
avcil,42,5,41,5,playing squash,rope skipping,True,True,1
avcil,42,5,41,8,playing squash,playing table tennis,True,True,2
avcil,42,5,41,9,playing squash,lighting firecrackers,True,True,1
avcil,42,5,41,41,playing squash,playing squash,True,True,46
avcil,42,5,42,1,slot machine,child singing,True,True,1
avcil,42,5,42,42,slot machine,slot machine,True,True,47
avcil,42,5,42,43,slot machine,beat boxing,True,True,1
avcil,42,5,42,52,slot machine,"playing marimba, xylophone",True,False,1
avcil,42,5,43,4,beat boxing,cap gun shooting,True,True,1
avcil,42,5,43,5,beat boxing,rope skipping,True,True,2
avcil,42,5,43,7,beat boxing,baby laughter,True,True,1
avcil,42,5,43,10,beat boxing,playing bass drum,True,True,2
avcil,42,5,43,25,beat boxing,bowling impact,True,True,2
avcil,42,5,43,33,beat boxing,playing synthesizer,True,True,1
avcil,42,5,43,38,beat boxing,playing tambourine,True,True,2
avcil,42,5,43,43,beat boxing,beat boxing,True,True,38
avcil,42,5,43,56,beat boxing,arc welding,True,False,1
avcil,42,5,44,11,playing cello,playing banjo,True,True,4
avcil,42,5,44,14,playing cello,playing french horn,True,True,1
avcil,42,5,44,24,playing cello,playing electronic organ,True,True,3
avcil,42,5,44,26,playing cello,people marching,True,True,1
avcil,42,5,44,27,playing cello,playing bass guitar,True,True,9
avcil,42,5,44,29,playing cello,playing trombone,True,True,1
avcil,42,5,44,31,playing cello,playing erhu,True,True,1
avcil,42,5,44,33,playing cello,playing synthesizer,True,True,1
avcil,42,5,44,38,playing cello,playing tambourine,True,True,1
avcil,42,5,44,43,playing cello,beat boxing,True,True,1
avcil,42,5,44,44,playing cello,playing cello,True,True,17
avcil,42,5,44,48,playing cello,orchestra,True,True,3
avcil,42,5,44,49,playing cello,playing harp,True,True,1
avcil,42,5,44,54,playing cello,playing saxophone,True,False,6
avcil,42,5,45,3,playing cornet,singing bowl,True,True,1
avcil,42,5,45,14,playing cornet,playing french horn,True,True,3
avcil,42,5,45,19,playing cornet,playing theremin,True,True,2
avcil,42,5,45,24,playing cornet,playing electronic organ,True,True,1
avcil,42,5,45,33,playing cornet,playing synthesizer,True,True,2
avcil,42,5,45,45,playing cornet,playing cornet,True,True,38
avcil,42,5,45,54,playing cornet,playing saxophone,True,False,3
avcil,42,5,46,8,wind noise,playing table tennis,True,True,1
avcil,42,5,46,9,wind noise,lighting firecrackers,True,True,2
avcil,42,5,46,16,wind noise,tractor digging,True,True,1
avcil,42,5,46,17,wind noise,people whispering,True,True,1
avcil,42,5,46,23,wind noise,people cheering,True,True,1
avcil,42,5,46,25,wind noise,bowling impact,True,True,1
avcil,42,5,46,28,wind noise,goose honking,True,True,2
avcil,42,5,46,30,wind noise,helicopter,True,True,3
avcil,42,5,46,33,wind noise,playing synthesizer,True,True,2
avcil,42,5,46,37,wind noise,scuba diving,True,True,2
avcil,42,5,46,38,wind noise,playing tambourine,True,True,1
avcil,42,5,46,39,wind noise,driving motorcycle,True,True,2
avcil,42,5,46,40,wind noise,vacuum cleaner cleaning floors,True,True,1
avcil,42,5,46,41,wind noise,playing squash,True,True,1
avcil,42,5,46,46,wind noise,wind noise,True,True,28
avcil,42,5,46,56,wind noise,arc welding,True,False,1
avcil,42,5,47,6,"playing steel guitar, slide guitar","child speech, kid speaking",True,True,2
avcil,42,5,47,14,"playing steel guitar, slide guitar",playing french horn,True,True,2
avcil,42,5,47,19,"playing steel guitar, slide guitar",playing theremin,True,True,1
avcil,42,5,47,21,"playing steel guitar, slide guitar",playing hammond organ,True,True,1
avcil,42,5,47,24,"playing steel guitar, slide guitar",playing electronic organ,True,True,4
avcil,42,5,47,27,"playing steel guitar, slide guitar",playing bass guitar,True,True,2
avcil,42,5,47,28,"playing steel guitar, slide guitar",goose honking,True,True,1
avcil,42,5,47,29,"playing steel guitar, slide guitar",playing trombone,True,True,3
avcil,42,5,47,33,"playing steel guitar, slide guitar",playing synthesizer,True,True,1
avcil,42,5,47,44,"playing steel guitar, slide guitar",playing cello,True,True,2
avcil,42,5,47,47,"playing steel guitar, slide guitar","playing steel guitar, slide guitar",True,True,28
avcil,42,5,47,49,"playing steel guitar, slide guitar",playing harp,True,True,1
avcil,42,5,47,54,"playing steel guitar, slide guitar",playing saxophone,True,False,1
avcil,42,5,47,58,"playing steel guitar, slide guitar",playing piano,True,False,1
avcil,42,5,48,6,orchestra,"child speech, kid speaking",True,True,2
avcil,42,5,48,10,orchestra,playing bass drum,True,True,1
avcil,42,5,48,11,orchestra,playing banjo,True,True,1
avcil,42,5,48,19,orchestra,playing theremin,True,True,1
avcil,42,5,48,21,orchestra,playing hammond organ,True,True,1
avcil,42,5,48,23,orchestra,people cheering,True,True,1
avcil,42,5,48,29,orchestra,playing trombone,True,True,4
avcil,42,5,48,33,orchestra,playing synthesizer,True,True,4
avcil,42,5,48,43,orchestra,beat boxing,True,True,1
avcil,42,5,48,44,orchestra,playing cello,True,True,4
avcil,42,5,48,48,orchestra,orchestra,True,True,23
avcil,42,5,48,52,orchestra,"playing marimba, xylophone",True,False,1
avcil,42,5,48,54,orchestra,playing saxophone,True,False,6
avcil,42,5,49,6,playing harp,"child speech, kid speaking",True,True,2
avcil,42,5,49,11,playing harp,playing banjo,True,True,4
avcil,42,5,49,21,playing harp,playing hammond organ,True,True,1
avcil,42,5,49,24,playing harp,playing electronic organ,True,True,2
avcil,42,5,49,27,playing harp,playing bass guitar,True,True,2
avcil,42,5,49,29,playing harp,playing trombone,True,True,1
avcil,42,5,49,33,playing harp,playing synthesizer,True,True,1
avcil,42,5,49,40,playing harp,vacuum cleaner cleaning floors,True,True,1
avcil,42,5,49,44,playing harp,playing cello,True,True,4
avcil,42,5,49,48,playing harp,orchestra,True,True,1
avcil,42,5,49,49,playing harp,playing harp,True,True,29
avcil,42,5,49,54,playing harp,playing saxophone,True,False,1
avcil,42,5,49,58,playing harp,playing piano,True,False,1
avcil,42,5,50,0,roller coaster running,playing volleyball,False,True,1
avcil,42,5,50,9,roller coaster running,lighting firecrackers,False,True,1
avcil,42,5,50,16,roller coaster running,tractor digging,False,True,2
avcil,42,5,50,18,roller coaster running,lathe spinning,False,True,1
avcil,42,5,50,22,roller coaster running,police car (siren),False,True,1
avcil,42,5,50,23,roller coaster running,people cheering,False,True,2
avcil,42,5,50,25,roller coaster running,bowling impact,False,True,4
avcil,42,5,50,28,roller coaster running,goose honking,False,True,1
avcil,42,5,50,35,roller coaster running,skiing,False,True,1
avcil,42,5,50,40,roller coaster running,vacuum cleaner cleaning floors,False,True,1
avcil,42,5,50,43,roller coaster running,beat boxing,False,True,1
avcil,42,5,50,46,roller coaster running,wind noise,False,True,1
avcil,42,5,50,50,roller coaster running,roller coaster running,False,False,33
avcil,42,5,51,2,missile launch,"heart sounds, heartbeat",False,True,1
avcil,42,5,51,3,missile launch,singing bowl,False,True,1
avcil,42,5,51,4,missile launch,cap gun shooting,False,True,2
avcil,42,5,51,8,missile launch,playing table tennis,False,True,2
avcil,42,5,51,9,missile launch,lighting firecrackers,False,True,3
avcil,42,5,51,12,missile launch,fire truck siren,False,True,1
avcil,42,5,51,16,missile launch,tractor digging,False,True,1
avcil,42,5,51,18,missile launch,lathe spinning,False,True,1
avcil,42,5,51,35,missile launch,skiing,False,True,1
avcil,42,5,51,39,missile launch,driving motorcycle,False,True,1
avcil,42,5,51,40,missile launch,vacuum cleaner cleaning floors,False,True,1
avcil,42,5,51,46,missile launch,wind noise,False,True,10
avcil,42,5,51,50,missile launch,roller coaster running,False,False,1
avcil,42,5,51,51,missile launch,missile launch,False,False,23
avcil,42,5,51,53,missile launch,airplane flyby,False,False,1
avcil,42,5,52,6,"playing marimba, xylophone","child speech, kid speaking",False,True,5
avcil,42,5,52,10,"playing marimba, xylophone",playing bass drum,False,True,3
avcil,42,5,52,20,"playing marimba, xylophone",playing glockenspiel,False,True,1
avcil,42,5,52,21,"playing marimba, xylophone",playing hammond organ,False,True,1
avcil,42,5,52,24,"playing marimba, xylophone",playing electronic organ,False,True,1
avcil,42,5,52,27,"playing marimba, xylophone",playing bass guitar,False,True,2
avcil,42,5,52,28,"playing marimba, xylophone",goose honking,False,True,2
avcil,42,5,52,32,"playing marimba, xylophone",dog howling,False,True,1
avcil,42,5,52,33,"playing marimba, xylophone",playing synthesizer,False,True,9
avcil,42,5,52,38,"playing marimba, xylophone",playing tambourine,False,True,2
avcil,42,5,52,41,"playing marimba, xylophone",playing squash,False,True,1
avcil,42,5,52,43,"playing marimba, xylophone",beat boxing,False,True,1
avcil,42,5,52,45,"playing marimba, xylophone",playing cornet,False,True,2
avcil,42,5,52,47,"playing marimba, xylophone","playing steel guitar, slide guitar",False,True,2
avcil,42,5,52,48,"playing marimba, xylophone",orchestra,False,True,2
avcil,42,5,52,49,"playing marimba, xylophone",playing harp,False,True,14
avcil,42,5,52,52,"playing marimba, xylophone","playing marimba, xylophone",False,False,1
avcil,42,5,53,9,airplane flyby,lighting firecrackers,False,True,1
avcil,42,5,53,16,airplane flyby,tractor digging,False,True,1
avcil,42,5,53,25,airplane flyby,bowling impact,False,True,1
avcil,42,5,53,30,airplane flyby,helicopter,False,True,5
avcil,42,5,53,35,airplane flyby,skiing,False,True,2
avcil,42,5,53,40,airplane flyby,vacuum cleaner cleaning floors,False,True,2
avcil,42,5,53,46,airplane flyby,wind noise,False,True,10
avcil,42,5,53,53,airplane flyby,airplane flyby,False,False,28
avcil,42,5,54,1,playing saxophone,child singing,False,True,1
avcil,42,5,54,5,playing saxophone,rope skipping,False,True,1
avcil,42,5,54,11,playing saxophone,playing banjo,False,True,1
avcil,42,5,54,14,playing saxophone,playing french horn,False,True,2
avcil,42,5,54,24,playing saxophone,playing electronic organ,False,True,2
avcil,42,5,54,27,playing saxophone,playing bass guitar,False,True,6
avcil,42,5,54,28,playing saxophone,goose honking,False,True,1
avcil,42,5,54,29,playing saxophone,playing trombone,False,True,3
avcil,42,5,54,31,playing saxophone,playing erhu,False,True,1
avcil,42,5,54,33,playing saxophone,playing synthesizer,False,True,1
avcil,42,5,54,42,playing saxophone,slot machine,False,True,1
avcil,42,5,54,44,playing saxophone,playing cello,False,True,5
avcil,42,5,54,48,playing saxophone,orchestra,False,True,8
avcil,42,5,54,49,playing saxophone,playing harp,False,True,2
avcil,42,5,54,54,playing saxophone,playing saxophone,False,False,15
avcil,42,5,55,12,"subway, metro, underground",fire truck siren,False,True,1
avcil,42,5,55,16,"subway, metro, underground",tractor digging,False,True,1
avcil,42,5,55,18,"subway, metro, underground",lathe spinning,False,True,3
avcil,42,5,55,22,"subway, metro, underground",police car (siren),False,True,3
avcil,42,5,55,23,"subway, metro, underground",people cheering,False,True,3
avcil,42,5,55,25,"subway, metro, underground",bowling impact,False,True,1
avcil,42,5,55,28,"subway, metro, underground",goose honking,False,True,2
avcil,42,5,55,30,"subway, metro, underground",helicopter,False,True,2
avcil,42,5,55,39,"subway, metro, underground",driving motorcycle,False,True,1
avcil,42,5,55,40,"subway, metro, underground",vacuum cleaner cleaning floors,False,True,1
avcil,42,5,55,43,"subway, metro, underground",beat boxing,False,True,1
avcil,42,5,55,46,"subway, metro, underground",wind noise,False,True,7
avcil,42,5,55,48,"subway, metro, underground",orchestra,False,True,1
avcil,42,5,55,55,"subway, metro, underground","subway, metro, underground",False,False,23
avcil,42,5,56,4,arc welding,cap gun shooting,False,True,3
avcil,42,5,56,9,arc welding,lighting firecrackers,False,True,2
avcil,42,5,56,18,arc welding,lathe spinning,False,True,4
avcil,42,5,56,25,arc welding,bowling impact,False,True,2
avcil,42,5,56,40,arc welding,vacuum cleaner cleaning floors,False,True,4
avcil,42,5,56,41,arc welding,playing squash,False,True,4
avcil,42,5,56,47,arc welding,"playing steel guitar, slide guitar",False,True,1
avcil,42,5,56,56,arc welding,arc welding,False,False,30
avcil,42,5,57,0,mynah bird singing,playing volleyball,False,True,1
avcil,42,5,57,4,mynah bird singing,cap gun shooting,False,True,2
avcil,42,5,57,17,mynah bird singing,people whispering,False,True,1
avcil,42,5,57,19,mynah bird singing,playing theremin,False,True,1
avcil,42,5,57,20,mynah bird singing,playing glockenspiel,False,True,1
avcil,42,5,57,28,mynah bird singing,goose honking,False,True,2
avcil,42,5,57,36,mynah bird singing,wood thrush calling,False,True,24
avcil,42,5,57,57,mynah bird singing,mynah bird singing,False,False,18
avcil,42,5,58,6,playing piano,"child speech, kid speaking",False,True,1
avcil,42,5,58,10,playing piano,playing bass drum,False,True,1
avcil,42,5,58,11,playing piano,playing banjo,False,True,1
avcil,42,5,58,14,playing piano,playing french horn,False,True,6
avcil,42,5,58,21,playing piano,playing hammond organ,False,True,1
avcil,42,5,58,24,playing piano,playing electronic organ,False,True,1
avcil,42,5,58,27,playing piano,playing bass guitar,False,True,8
avcil,42,5,58,29,playing piano,playing trombone,False,True,1
avcil,42,5,58,32,playing piano,dog howling,False,True,1
avcil,42,5,58,33,playing piano,playing synthesizer,False,True,8
avcil,42,5,58,44,playing piano,playing cello,False,True,1
avcil,42,5,58,48,playing piano,orchestra,False,True,2
avcil,42,5,58,49,playing piano,playing harp,False,True,4
avcil,42,5,58,54,playing piano,playing saxophone,False,False,1
avcil,42,5,58,58,playing piano,playing piano,False,False,13
avcil,42,5,59,4,playing bongo,cap gun shooting,False,True,1
avcil,42,5,59,10,playing bongo,playing bass drum,False,True,6
avcil,42,5,59,11,playing bongo,playing banjo,False,True,1
avcil,42,5,59,17,playing bongo,people whispering,False,True,1
avcil,42,5,59,27,playing bongo,playing bass guitar,False,True,1
avcil,42,5,59,33,playing bongo,playing synthesizer,False,True,2
avcil,42,5,59,36,playing bongo,wood thrush calling,False,True,1
avcil,42,5,59,38,playing bongo,playing tambourine,False,True,3
avcil,42,5,59,43,playing bongo,beat boxing,False,True,4
avcil,42,5,59,59,playing bongo,playing bongo,False,False,30
avcil,42,9,0,0,playing volleyball,playing volleyball,True,True,28
avcil,42,9,0,1,playing volleyball,child singing,True,True,1
avcil,42,9,0,5,playing volleyball,rope skipping,True,True,1
avcil,42,9,0,6,playing volleyball,"child speech, kid speaking",True,True,1
avcil,42,9,0,8,playing volleyball,playing table tennis,True,True,2
avcil,42,9,0,16,playing volleyball,tractor digging,True,True,1
avcil,42,9,0,41,playing volleyball,playing squash,True,True,2
avcil,42,9,0,60,playing volleyball,"pigeon, dove cooing",True,True,1
avcil,42,9,0,62,playing volleyball,people crowd,True,True,1
avcil,42,9,0,72,playing volleyball,pheasant crowing,True,True,2
avcil,42,9,0,74,playing volleyball,yodelling,True,True,1
avcil,42,9,0,86,playing volleyball,police radio chatter,True,True,4
avcil,42,9,0,98,playing volleyball,people booing,True,False,5
avcil,42,9,1,1,child singing,child singing,True,True,10
avcil,42,9,1,6,child singing,"child speech, kid speaking",True,True,1
avcil,42,9,1,9,child singing,lighting firecrackers,True,True,1
avcil,42,9,1,11,child singing,playing banjo,True,True,1
avcil,42,9,1,17,child singing,people whispering,True,True,1
avcil,42,9,1,19,child singing,playing theremin,True,True,1
avcil,42,9,1,21,child singing,playing hammond organ,True,True,1
avcil,42,9,1,47,child singing,"playing steel guitar, slide guitar",True,True,2
avcil,42,9,1,54,child singing,playing saxophone,True,True,2
avcil,42,9,1,62,child singing,people crowd,True,True,1
avcil,42,9,1,65,child singing,"female speech, woman speaking",True,True,2
avcil,42,9,1,69,child singing,playing flute,True,True,4
avcil,42,9,1,74,child singing,yodelling,True,True,7
avcil,42,9,1,76,child singing,"playing violin, fiddle",True,True,2
avcil,42,9,1,80,child singing,"electric shaver, electric razor shaving",True,True,1
avcil,42,9,1,82,child singing,tap dancing,True,True,1
avcil,42,9,1,85,child singing,playing bassoon,True,True,1
avcil,42,9,1,87,child singing,playing sitar,True,True,2
avcil,42,9,1,88,child singing,playing electric guitar,True,True,3
avcil,42,9,1,89,child singing,people whistling,True,True,5
avcil,42,9,1,91,child singing,"male speech, man speaking",True,False,1
avcil,42,9,2,2,"heart sounds, heartbeat","heart sounds, heartbeat",True,True,35
avcil,42,9,2,22,"heart sounds, heartbeat",police car (siren),True,True,1
avcil,42,9,2,66,"heart sounds, heartbeat",volcano explosion,True,True,3
avcil,42,9,2,73,"heart sounds, heartbeat",woodpecker pecking tree,True,True,3
avcil,42,9,2,77,"heart sounds, heartbeat",printer printing,True,True,1
avcil,42,9,2,85,"heart sounds, heartbeat",playing bassoon,True,True,1
avcil,42,9,2,99,"heart sounds, heartbeat",dog growling,True,False,6
avcil,42,9,3,3,singing bowl,singing bowl,True,True,10
avcil,42,9,3,6,singing bowl,"child speech, kid speaking",True,True,1
avcil,42,9,3,19,singing bowl,playing theremin,True,True,1
avcil,42,9,3,21,singing bowl,playing hammond organ,True,True,2
avcil,42,9,3,27,singing bowl,playing bass guitar,True,True,5
avcil,42,9,3,32,singing bowl,dog howling,True,True,1
avcil,42,9,3,33,singing bowl,playing synthesizer,True,True,1
avcil,42,9,3,47,singing bowl,"playing steel guitar, slide guitar",True,True,1
avcil,42,9,3,48,singing bowl,orchestra,True,True,1
avcil,42,9,3,49,singing bowl,playing harp,True,True,3
avcil,42,9,3,51,singing bowl,missile launch,True,True,1
avcil,42,9,3,52,singing bowl,"playing marimba, xylophone",True,True,6
avcil,42,9,3,58,singing bowl,playing piano,True,True,2
avcil,42,9,3,63,singing bowl,playing vibraphone,True,True,1
avcil,42,9,3,65,singing bowl,"female speech, woman speaking",True,True,1
avcil,42,9,3,77,singing bowl,printer printing,True,True,2
avcil,42,9,3,85,singing bowl,playing bassoon,True,True,6
avcil,42,9,3,87,singing bowl,playing sitar,True,True,1
avcil,42,9,3,88,singing bowl,playing electric guitar,True,True,1
avcil,42,9,3,89,singing bowl,people whistling,True,True,3
avcil,42,9,4,4,cap gun shooting,cap gun shooting,True,True,14
avcil,42,9,4,6,cap gun shooting,"child speech, kid speaking",True,True,5
avcil,42,9,4,17,cap gun shooting,people whispering,True,True,4
avcil,42,9,4,28,cap gun shooting,goose honking,True,True,4
avcil,42,9,4,43,cap gun shooting,beat boxing,True,True,1
avcil,42,9,4,56,cap gun shooting,arc welding,True,True,2
avcil,42,9,4,60,cap gun shooting,"pigeon, dove cooing",True,True,6
avcil,42,9,4,61,cap gun shooting,"race car, auto racing",True,True,1
avcil,42,9,4,65,cap gun shooting,"female speech, woman speaking",True,True,1
avcil,42,9,4,75,cap gun shooting,sharpen knife,True,True,2
avcil,42,9,4,77,cap gun shooting,printer printing,True,True,2
avcil,42,9,4,79,cap gun shooting,lawn mowing,True,True,1
avcil,42,9,4,81,cap gun shooting,fireworks banging,True,True,1
avcil,42,9,4,86,cap gun shooting,police radio chatter,True,True,1
avcil,42,9,4,91,cap gun shooting,"male speech, man speaking",True,False,5
avcil,42,9,5,1,rope skipping,child singing,True,True,1
avcil,42,9,5,5,rope skipping,rope skipping,True,True,20
avcil,42,9,5,8,rope skipping,playing table tennis,True,True,1
avcil,42,9,5,10,rope skipping,playing bass drum,True,True,1
avcil,42,9,5,23,rope skipping,people cheering,True,True,1
avcil,42,9,5,25,rope skipping,bowling impact,True,True,3
avcil,42,9,5,41,rope skipping,playing squash,True,True,3
avcil,42,9,5,56,rope skipping,arc welding,True,True,1
avcil,42,9,5,62,rope skipping,people crowd,True,True,1
avcil,42,9,5,74,rope skipping,yodelling,True,True,1
avcil,42,9,5,75,rope skipping,sharpen knife,True,True,1
avcil,42,9,5,80,rope skipping,"electric shaver, electric razor shaving",True,True,2
avcil,42,9,5,82,rope skipping,tap dancing,True,True,12
avcil,42,9,5,93,rope skipping,playing tabla,True,False,1
avcil,42,9,5,99,rope skipping,dog growling,True,False,1
avcil,42,9,6,1,"child speech, kid speaking",child singing,True,True,1
avcil,42,9,6,5,"child speech, kid speaking",rope skipping,True,True,1
avcil,42,9,6,6,"child speech, kid speaking","child speech, kid speaking",True,True,18
avcil,42,9,6,17,"child speech, kid speaking",people whispering,True,True,2
avcil,42,9,6,25,"child speech, kid speaking",bowling impact,True,True,2
avcil,42,9,6,39,"child speech, kid speaking",driving motorcycle,True,True,1
avcil,42,9,6,43,"child speech, kid speaking",beat boxing,True,True,1
avcil,42,9,6,45,"child speech, kid speaking",playing cornet,True,True,1
avcil,42,9,6,57,"child speech, kid speaking",mynah bird singing,True,True,1
avcil,42,9,6,62,"child speech, kid speaking",people crowd,True,True,1
avcil,42,9,6,65,"child speech, kid speaking","female speech, woman speaking",True,True,8
avcil,42,9,6,74,"child speech, kid speaking",yodelling,True,True,1
avcil,42,9,6,77,"child speech, kid speaking",printer printing,True,True,1
avcil,42,9,6,86,"child speech, kid speaking",police radio chatter,True,True,3
avcil,42,9,6,88,"child speech, kid speaking",playing electric guitar,True,True,1
avcil,42,9,6,89,"child speech, kid speaking",people whistling,True,True,3
avcil,42,9,6,91,"child speech, kid speaking","male speech, man speaking",True,False,4
avcil,42,9,7,5,baby laughter,rope skipping,True,True,1
avcil,42,9,7,6,baby laughter,"child speech, kid speaking",True,True,9
avcil,42,9,7,7,baby laughter,baby laughter,True,True,8
avcil,42,9,7,32,baby laughter,dog howling,True,True,1
avcil,42,9,7,43,baby laughter,beat boxing,True,True,1
avcil,42,9,7,57,baby laughter,mynah bird singing,True,True,1
avcil,42,9,7,65,baby laughter,"female speech, woman speaking",True,True,4
avcil,42,9,7,71,baby laughter,canary calling,True,True,1
avcil,42,9,7,80,baby laughter,"electric shaver, electric razor shaving",True,True,1
avcil,42,9,7,89,baby laughter,people whistling,True,True,19
avcil,42,9,7,91,baby laughter,"male speech, man speaking",True,False,4
avcil,42,9,8,0,playing table tennis,playing volleyball,True,True,1
avcil,42,9,8,5,playing table tennis,rope skipping,True,True,1
avcil,42,9,8,8,playing table tennis,playing table tennis,True,True,37
avcil,42,9,8,25,playing table tennis,bowling impact,True,True,2
avcil,42,9,8,41,playing table tennis,playing squash,True,True,1
avcil,42,9,8,59,playing table tennis,playing bongo,True,True,1
avcil,42,9,8,80,playing table tennis,"electric shaver, electric razor shaving",True,True,1
avcil,42,9,8,82,playing table tennis,tap dancing,True,True,4
avcil,42,9,8,98,playing table tennis,people booing,True,False,2
avcil,42,9,9,4,lighting firecrackers,cap gun shooting,True,True,4
avcil,42,9,9,6,lighting firecrackers,"child speech, kid speaking",True,True,1
avcil,42,9,9,9,lighting firecrackers,lighting firecrackers,True,True,5
avcil,42,9,9,17,lighting firecrackers,people whispering,True,True,4
avcil,42,9,9,26,lighting firecrackers,people marching,True,True,1
avcil,42,9,9,28,lighting firecrackers,goose honking,True,True,4
avcil,42,9,9,33,lighting firecrackers,playing synthesizer,True,True,1
avcil,42,9,9,40,lighting firecrackers,vacuum cleaner cleaning floors,True,True,1
avcil,42,9,9,60,lighting firecrackers,"pigeon, dove cooing",True,True,2
avcil,42,9,9,61,lighting firecrackers,"race car, auto racing",True,True,1
avcil,42,9,9,62,lighting firecrackers,people crowd,True,True,1
avcil,42,9,9,66,lighting firecrackers,volcano explosion,True,True,1
avcil,42,9,9,77,lighting firecrackers,printer printing,True,True,2
avcil,42,9,9,81,lighting firecrackers,fireworks banging,True,True,14
avcil,42,9,9,82,lighting firecrackers,tap dancing,True,True,1
avcil,42,9,9,84,lighting firecrackers,stream burbling,True,True,3
avcil,42,9,9,86,lighting firecrackers,police radio chatter,True,True,2
avcil,42,9,9,91,lighting firecrackers,"male speech, man speaking",True,False,1
avcil,42,9,9,96,lighting firecrackers,hail,True,False,1
avcil,42,9,10,2,playing bass drum,"heart sounds, heartbeat",True,True,1
avcil,42,9,10,4,playing bass drum,cap gun shooting,True,True,1
avcil,42,9,10,10,playing bass drum,playing bass drum,True,True,27
avcil,42,9,10,27,playing bass drum,playing bass guitar,True,True,1
avcil,42,9,10,38,playing bass drum,playing tambourine,True,True,2
avcil,42,9,10,39,playing bass drum,driving motorcycle,True,True,1
avcil,42,9,10,43,playing bass drum,beat boxing,True,True,3
avcil,42,9,10,59,playing bass drum,playing bongo,True,True,4
avcil,42,9,10,80,playing bass drum,"electric shaver, electric razor shaving",True,True,2
avcil,42,9,10,82,playing bass drum,tap dancing,True,True,4
avcil,42,9,10,88,playing bass drum,playing electric guitar,True,True,2
avcil,42,9,10,97,playing bass drum,playing cymbal,True,False,2
avcil,42,9,11,10,playing banjo,playing bass drum,True,True,2
avcil,42,9,11,11,playing banjo,playing banjo,True,True,15
avcil,42,9,11,17,playing banjo,people whispering,True,True,1
avcil,42,9,11,38,playing banjo,playing tambourine,True,True,1
avcil,42,9,11,49,playing banjo,playing harp,True,True,1
avcil,42,9,11,52,playing banjo,"playing marimba, xylophone",True,True,2
avcil,42,9,11,54,playing banjo,playing saxophone,True,True,2
avcil,42,9,11,64,playing banjo,playing mandolin,True,True,1
avcil,42,9,11,65,playing banjo,"female speech, woman speaking",True,True,1
avcil,42,9,11,70,playing banjo,playing acoustic guitar,True,True,8
avcil,42,9,11,76,playing banjo,"playing violin, fiddle",True,True,6
avcil,42,9,11,87,playing banjo,playing sitar,True,True,3
avcil,42,9,11,88,playing banjo,playing electric guitar,True,True,5
avcil,42,9,11,91,playing banjo,"male speech, man speaking",True,False,2
avcil,42,9,12,12,fire truck siren,fire truck siren,True,True,15
avcil,42,9,12,22,fire truck siren,police car (siren),True,True,20
avcil,42,9,12,25,fire truck siren,bowling impact,True,True,1
avcil,42,9,12,39,fire truck siren,driving motorcycle,True,True,1
avcil,42,9,12,46,fire truck siren,wind noise,True,True,1
avcil,42,9,12,48,fire truck siren,orchestra,True,True,1
avcil,42,9,12,55,fire truck siren,"subway, metro, underground",True,True,3
avcil,42,9,12,61,fire truck siren,"race car, auto racing",True,True,1
avcil,42,9,12,62,fire truck siren,people crowd,True,True,1
avcil,42,9,12,66,fire truck siren,volcano explosion,True,True,1
avcil,42,9,12,76,fire truck siren,"playing violin, fiddle",True,True,1
avcil,42,9,12,86,fire truck siren,police radio chatter,True,True,1
avcil,42,9,12,88,fire truck siren,playing electric guitar,True,True,2
avcil,42,9,12,91,fire truck siren,"male speech, man speaking",True,False,1
avcil,42,9,13,10,playing bagpipes,playing bass drum,True,True,1
avcil,42,9,13,13,playing bagpipes,playing bagpipes,True,True,30
avcil,42,9,13,14,playing bagpipes,playing french horn,True,True,1
avcil,42,9,13,24,playing bagpipes,playing electronic organ,True,True,1
avcil,42,9,13,26,playing bagpipes,people marching,True,True,2
avcil,42,9,13,29,playing bagpipes,playing trombone,True,True,1
avcil,42,9,13,32,playing bagpipes,dog howling,True,True,1
avcil,42,9,13,48,playing bagpipes,orchestra,True,True,1
avcil,42,9,13,54,playing bagpipes,playing saxophone,True,True,2
avcil,42,9,13,62,playing bagpipes,people crowd,True,True,1
avcil,42,9,13,76,playing bagpipes,"playing violin, fiddle",True,True,4
avcil,42,9,13,78,playing bagpipes,planing timber,True,True,1
avcil,42,9,13,81,playing bagpipes,fireworks banging,True,True,1
avcil,42,9,13,87,playing bagpipes,playing sitar,True,True,1
avcil,42,9,13,88,playing bagpipes,playing electric guitar,True,True,2
avcil,42,9,14,3,playing french horn,singing bowl,True,True,1
avcil,42,9,14,14,playing french horn,playing french horn,True,True,5
avcil,42,9,14,19,playing french horn,playing theremin,True,True,1
avcil,42,9,14,29,playing french horn,playing trombone,True,True,2
avcil,42,9,14,31,playing french horn,playing erhu,True,True,1
avcil,42,9,14,33,playing french horn,playing synthesizer,True,True,1
avcil,42,9,14,44,playing french horn,playing cello,True,True,4
avcil,42,9,14,52,playing french horn,"playing marimba, xylophone",True,True,1
avcil,42,9,14,54,playing french horn,playing saxophone,True,True,3
avcil,42,9,14,58,playing french horn,playing piano,True,True,3
avcil,42,9,14,69,playing french horn,playing flute,True,True,1
avcil,42,9,14,70,playing french horn,playing acoustic guitar,True,True,1
avcil,42,9,14,76,playing french horn,"playing violin, fiddle",True,True,3
avcil,42,9,14,85,playing french horn,playing bassoon,True,True,14
avcil,42,9,14,87,playing french horn,playing sitar,True,True,1
avcil,42,9,14,88,playing french horn,playing electric guitar,True,True,4
avcil,42,9,14,89,playing french horn,people whistling,True,True,2
avcil,42,9,14,94,playing french horn,playing clarinet,True,False,2
avcil,42,9,15,3,civil defense siren,singing bowl,True,True,3
avcil,42,9,15,12,civil defense siren,fire truck siren,True,True,5
avcil,42,9,15,15,civil defense siren,civil defense siren,True,True,22
avcil,42,9,15,19,civil defense siren,playing theremin,True,True,2
avcil,42,9,15,24,civil defense siren,playing electronic organ,True,True,1
avcil,42,9,15,32,civil defense siren,dog howling,True,True,1
avcil,42,9,15,45,civil defense siren,playing cornet,True,True,1
avcil,42,9,15,48,civil defense siren,orchestra,True,True,1
avcil,42,9,15,54,civil defense siren,playing saxophone,True,True,2
avcil,42,9,15,74,civil defense siren,yodelling,True,True,1
avcil,42,9,15,78,civil defense siren,planing timber,True,True,1
avcil,42,9,15,80,civil defense siren,"electric shaver, electric razor shaving",True,True,1
avcil,42,9,15,85,civil defense siren,playing bassoon,True,True,4
avcil,42,9,15,87,civil defense siren,playing sitar,True,True,1
avcil,42,9,15,88,civil defense siren,playing electric guitar,True,True,3
avcil,42,9,15,98,civil defense siren,people booing,True,False,1
avcil,42,9,16,16,tractor digging,tractor digging,True,True,29
avcil,42,9,16,18,tractor digging,lathe spinning,True,True,1
avcil,42,9,16,39,tractor digging,driving motorcycle,True,True,1
avcil,42,9,16,46,tractor digging,wind noise,True,True,1
avcil,42,9,16,51,tractor digging,missile launch,True,True,1
avcil,42,9,16,55,tractor digging,"subway, metro, underground",True,True,4
avcil,42,9,16,61,tractor digging,"race car, auto racing",True,True,1
avcil,42,9,16,79,tractor digging,lawn mowing,True,True,10
avcil,42,9,16,84,tractor digging,stream burbling,True,True,2
avcil,42,9,17,6,people whispering,"child speech, kid speaking",True,True,2
avcil,42,9,17,17,people whispering,people whispering,True,True,45
avcil,42,9,17,34,people whispering,cat purring,True,True,2
avcil,42,9,17,77,people whispering,printer printing,True,True,1
avcil,42,9,18,12,lathe spinning,fire truck siren,True,True,1
avcil,42,9,18,16,lathe spinning,tractor digging,True,True,1
avcil,42,9,18,18,lathe spinning,lathe spinning,True,True,27
avcil,42,9,18,22,lathe spinning,police car (siren),True,True,1
avcil,42,9,18,30,lathe spinning,helicopter,True,True,2
avcil,42,9,18,39,lathe spinning,driving motorcycle,True,True,1
avcil,42,9,18,40,lathe spinning,vacuum cleaner cleaning floors,True,True,1
avcil,42,9,18,50,lathe spinning,roller coaster running,True,True,1
avcil,42,9,18,55,lathe spinning,"subway, metro, underground",True,True,1
avcil,42,9,18,56,lathe spinning,arc welding,True,True,1
avcil,42,9,18,61,lathe spinning,"race car, auto racing",True,True,1
avcil,42,9,18,68,lathe spinning,singing choir,True,True,1
avcil,42,9,18,75,lathe spinning,sharpen knife,True,True,2
avcil,42,9,18,79,lathe spinning,lawn mowing,True,True,1
avcil,42,9,18,80,lathe spinning,"electric shaver, electric razor shaving",True,True,8
avcil,42,9,19,1,playing theremin,child singing,True,True,1
avcil,42,9,19,6,playing theremin,"child speech, kid speaking",True,True,1
avcil,42,9,19,15,playing theremin,civil defense siren,True,True,1
avcil,42,9,19,19,playing theremin,playing theremin,True,True,5
avcil,42,9,19,21,playing theremin,playing hammond organ,True,True,3
avcil,42,9,19,24,playing theremin,playing electronic organ,True,True,1
avcil,42,9,19,26,playing theremin,people marching,True,True,1
avcil,42,9,19,27,playing theremin,playing bass guitar,True,True,1
avcil,42,9,19,31,playing theremin,playing erhu,True,True,1
avcil,42,9,19,33,playing theremin,playing synthesizer,True,True,2
avcil,42,9,19,44,playing theremin,playing cello,True,True,1
avcil,42,9,19,48,playing theremin,orchestra,True,True,2
avcil,42,9,19,49,playing theremin,playing harp,True,True,4
avcil,42,9,19,52,playing theremin,"playing marimba, xylophone",True,True,6
avcil,42,9,19,55,playing theremin,"subway, metro, underground",True,True,1
avcil,42,9,19,65,playing theremin,"female speech, woman speaking",True,True,2
avcil,42,9,19,69,playing theremin,playing flute,True,True,1
avcil,42,9,19,77,playing theremin,printer printing,True,True,1
avcil,42,9,19,80,playing theremin,"electric shaver, electric razor shaving",True,True,1
avcil,42,9,19,82,playing theremin,tap dancing,True,True,1
avcil,42,9,19,85,playing theremin,playing bassoon,True,True,4
avcil,42,9,19,88,playing theremin,playing electric guitar,True,True,4
avcil,42,9,19,89,playing theremin,people whistling,True,True,4
avcil,42,9,19,90,playing theremin,playing double bass,True,False,1
avcil,42,9,20,19,playing glockenspiel,playing theremin,True,True,1
avcil,42,9,20,20,playing glockenspiel,playing glockenspiel,True,True,18
avcil,42,9,20,22,playing glockenspiel,police car (siren),True,True,1
avcil,42,9,20,31,playing glockenspiel,playing erhu,True,True,1
avcil,42,9,20,33,playing glockenspiel,playing synthesizer,True,True,1
avcil,42,9,20,47,playing glockenspiel,"playing steel guitar, slide guitar",True,True,2
avcil,42,9,20,49,playing glockenspiel,playing harp,True,True,4
avcil,42,9,20,52,playing glockenspiel,"playing marimba, xylophone",True,True,2
avcil,42,9,20,58,playing glockenspiel,playing piano,True,True,2
avcil,42,9,20,63,playing glockenspiel,playing vibraphone,True,True,6
avcil,42,9,20,64,playing glockenspiel,playing mandolin,True,True,1
avcil,42,9,20,70,playing glockenspiel,playing acoustic guitar,True,True,1
avcil,42,9,20,71,playing glockenspiel,canary calling,True,True,1
avcil,42,9,20,79,playing glockenspiel,lawn mowing,True,True,1
avcil,42,9,20,85,playing glockenspiel,playing bassoon,True,True,5
avcil,42,9,20,89,playing glockenspiel,people whistling,True,True,1
avcil,42,9,20,93,playing glockenspiel,playing tabla,True,False,2
avcil,42,9,21,10,playing hammond organ,playing bass drum,True,True,2
avcil,42,9,21,11,playing hammond organ,playing banjo,True,True,1
avcil,42,9,21,14,playing hammond organ,playing french horn,True,True,1
avcil,42,9,21,21,playing hammond organ,playing hammond organ,True,True,7
avcil,42,9,21,24,playing hammond organ,playing electronic organ,True,True,4
avcil,42,9,21,27,playing hammond organ,playing bass guitar,True,True,1
avcil,42,9,21,33,playing hammond organ,playing synthesizer,True,True,2
avcil,42,9,21,48,playing hammond organ,orchestra,True,True,1
avcil,42,9,21,51,playing hammond organ,missile launch,True,True,1
avcil,42,9,21,52,playing hammond organ,"playing marimba, xylophone",True,True,3
avcil,42,9,21,58,playing hammond organ,playing piano,True,True,1
avcil,42,9,21,63,playing hammond organ,playing vibraphone,True,True,1
avcil,42,9,21,69,playing hammond organ,playing flute,True,True,1
avcil,42,9,21,70,playing hammond organ,playing acoustic guitar,True,True,1
avcil,42,9,21,76,playing hammond organ,"playing violin, fiddle",True,True,2
avcil,42,9,21,77,playing hammond organ,printer printing,True,True,1
avcil,42,9,21,78,playing hammond organ,planing timber,True,True,1
avcil,42,9,21,85,playing hammond organ,playing bassoon,True,True,5
avcil,42,9,21,87,playing hammond organ,playing sitar,True,True,1
avcil,42,9,21,88,playing hammond organ,playing electric guitar,True,True,9
avcil,42,9,21,89,playing hammond organ,people whistling,True,True,2
avcil,42,9,21,92,playing hammond organ,playing accordion,True,False,1
avcil,42,9,21,95,playing hammond organ,playing harpsichord,True,False,1
avcil,42,9,22,6,police car (siren),"child speech, kid speaking",True,True,1
avcil,42,9,22,21,police car (siren),playing hammond organ,True,True,2
avcil,42,9,22,22,police car (siren),police car (siren),True,True,25
avcil,42,9,22,23,police car (siren),people cheering,True,True,1
avcil,42,9,22,32,police car (siren),dog howling,True,True,5
avcil,42,9,22,46,police car (siren),wind noise,True,True,1
avcil,42,9,22,48,police car (siren),orchestra,True,True,1
avcil,42,9,22,50,police car (siren),roller coaster running,True,True,2
avcil,42,9,22,53,police car (siren),airplane flyby,True,True,1
avcil,42,9,22,55,police car (siren),"subway, metro, underground",True,True,2
avcil,42,9,22,65,police car (siren),"female speech, woman speaking",True,True,1
avcil,42,9,22,86,police car (siren),police radio chatter,True,True,4
avcil,42,9,22,89,police car (siren),people whistling,True,True,4
avcil,42,9,23,18,people cheering,lathe spinning,True,True,1
avcil,42,9,23,23,people cheering,people cheering,True,True,7
avcil,42,9,23,39,people cheering,driving motorcycle,True,True,1
avcil,42,9,23,40,people cheering,vacuum cleaner cleaning floors,True,True,1
avcil,42,9,23,50,people cheering,roller coaster running,True,True,1
avcil,42,9,23,62,people cheering,people crowd,True,True,21
avcil,42,9,23,68,people cheering,singing choir,True,True,2
avcil,42,9,23,82,people cheering,tap dancing,True,True,3
avcil,42,9,23,98,people cheering,people booing,True,False,13
avcil,42,9,24,10,playing electronic organ,playing bass drum,True,True,1
avcil,42,9,24,14,playing electronic organ,playing french horn,True,True,1
avcil,42,9,24,21,playing electronic organ,playing hammond organ,True,True,4
avcil,42,9,24,24,playing electronic organ,playing electronic organ,True,True,5
avcil,42,9,24,29,playing electronic organ,playing trombone,True,True,1
avcil,42,9,24,33,playing electronic organ,playing synthesizer,True,True,3
avcil,42,9,24,42,playing electronic organ,slot machine,True,True,1
avcil,42,9,24,44,playing electronic organ,playing cello,True,True,1
avcil,42,9,24,48,playing electronic organ,orchestra,True,True,3
avcil,42,9,24,52,playing electronic organ,"playing marimba, xylophone",True,True,1
avcil,42,9,24,58,playing electronic organ,playing piano,True,True,4
avcil,42,9,24,70,playing electronic organ,playing acoustic guitar,True,True,3
avcil,42,9,24,76,playing electronic organ,"playing violin, fiddle",True,True,4
avcil,42,9,24,87,playing electronic organ,playing sitar,True,True,1
avcil,42,9,24,88,playing electronic organ,playing electric guitar,True,True,16
avcil,42,9,24,89,playing electronic organ,people whistling,True,True,1
avcil,42,9,25,4,bowling impact,cap gun shooting,True,True,1
avcil,42,9,25,5,bowling impact,rope skipping,True,True,2
avcil,42,9,25,25,bowling impact,bowling impact,True,True,37
avcil,42,9,25,41,bowling impact,playing squash,True,True,1
avcil,42,9,25,50,bowling impact,roller coaster running,True,True,1
avcil,42,9,25,75,bowling impact,sharpen knife,True,True,1
avcil,42,9,25,77,bowling impact,printer printing,True,True,2
avcil,42,9,25,80,bowling impact,"electric shaver, electric razor shaving",True,True,1
avcil,42,9,25,82,bowling impact,tap dancing,True,True,1
avcil,42,9,25,86,bowling impact,police radio chatter,True,True,1
avcil,42,9,25,98,bowling impact,people booing,True,False,2
avcil,42,9,26,0,people marching,playing volleyball,True,True,1
avcil,42,9,26,4,people marching,cap gun shooting,True,True,1
avcil,42,9,26,10,people marching,playing bass drum,True,True,2
avcil,42,9,26,23,people marching,people cheering,True,True,2
avcil,42,9,26,25,people marching,bowling impact,True,True,1
avcil,42,9,26,26,people marching,people marching,True,True,16
avcil,42,9,26,41,people marching,playing squash,True,True,1
avcil,42,9,26,42,people marching,slot machine,True,True,1
avcil,42,9,26,43,people marching,beat boxing,True,True,2
avcil,42,9,26,50,people marching,roller coaster running,True,True,1
avcil,42,9,26,62,people marching,people crowd,True,True,2
avcil,42,9,26,66,people marching,volcano explosion,True,True,1
avcil,42,9,26,72,people marching,pheasant crowing,True,True,1
avcil,42,9,26,74,people marching,yodelling,True,True,1
avcil,42,9,26,77,people marching,printer printing,True,True,1
avcil,42,9,26,80,people marching,"electric shaver, electric razor shaving",True,True,2
avcil,42,9,26,82,people marching,tap dancing,True,True,9
avcil,42,9,26,88,people marching,playing electric guitar,True,True,1
avcil,42,9,26,96,people marching,hail,True,False,1
avcil,42,9,26,98,people marching,people booing,True,False,3
avcil,42,9,27,10,playing bass guitar,playing bass drum,True,True,3
avcil,42,9,27,21,playing bass guitar,playing hammond organ,True,True,2
avcil,42,9,27,24,playing bass guitar,playing electronic organ,True,True,1
avcil,42,9,27,27,playing bass guitar,playing bass guitar,True,True,8
avcil,42,9,27,58,playing bass guitar,playing piano,True,True,1
avcil,42,9,27,59,playing bass guitar,playing bongo,True,True,1
avcil,42,9,27,65,playing bass guitar,"female speech, woman speaking",True,True,1
avcil,42,9,27,70,playing bass guitar,playing acoustic guitar,True,True,14
avcil,42,9,27,83,playing bass guitar,tapping guitar,True,True,1
avcil,42,9,27,85,playing bass guitar,playing bassoon,True,True,1
avcil,42,9,27,87,playing bass guitar,playing sitar,True,True,1
avcil,42,9,27,88,playing bass guitar,playing electric guitar,True,True,14
avcil,42,9,27,90,playing bass guitar,playing double bass,True,False,1
avcil,42,9,27,91,playing bass guitar,"male speech, man speaking",True,False,1
avcil,42,9,28,0,goose honking,playing volleyball,True,True,1
avcil,42,9,28,4,goose honking,cap gun shooting,True,True,1
avcil,42,9,28,6,goose honking,"child speech, kid speaking",True,True,2
avcil,42,9,28,9,goose honking,lighting firecrackers,True,True,1
avcil,42,9,28,17,goose honking,people whispering,True,True,1
avcil,42,9,28,26,goose honking,people marching,True,True,1
avcil,42,9,28,28,goose honking,goose honking,True,True,14
avcil,42,9,28,30,goose honking,helicopter,True,True,3
avcil,42,9,28,50,goose honking,roller coaster running,True,True,2
avcil,42,9,28,51,goose honking,missile launch,True,True,1
avcil,42,9,28,53,goose honking,airplane flyby,True,True,2
avcil,42,9,28,60,goose honking,"pigeon, dove cooing",True,True,1
avcil,42,9,28,65,goose honking,"female speech, woman speaking",True,True,1
avcil,42,9,28,72,goose honking,pheasant crowing,True,True,1
avcil,42,9,28,77,goose honking,printer printing,True,True,2
avcil,42,9,28,79,goose honking,lawn mowing,True,True,1
avcil,42,9,28,84,goose honking,stream burbling,True,True,6
avcil,42,9,28,86,goose honking,police radio chatter,True,True,1
avcil,42,9,28,89,goose honking,people whistling,True,True,2
avcil,42,9,28,91,goose honking,"male speech, man speaking",True,False,5
avcil,42,9,28,98,goose honking,people booing,True,False,1
avcil,42,9,29,10,playing trombone,playing bass drum,True,True,1
avcil,42,9,29,11,playing trombone,playing banjo,True,True,1
avcil,42,9,29,14,playing trombone,playing french horn,True,True,4
avcil,42,9,29,25,playing trombone,bowling impact,True,True,1
avcil,42,9,29,28,playing trombone,goose honking,True,True,1
avcil,42,9,29,29,playing trombone,playing trombone,True,True,15
avcil,42,9,29,45,playing trombone,playing cornet,True,True,2
avcil,42,9,29,48,playing trombone,orchestra,True,True,2
avcil,42,9,29,54,playing trombone,playing saxophone,True,True,1
avcil,42,9,29,58,playing trombone,playing piano,True,True,1
avcil,42,9,29,65,playing trombone,"female speech, woman speaking",True,True,2
avcil,42,9,29,82,playing trombone,tap dancing,True,True,2
avcil,42,9,29,85,playing trombone,playing bassoon,True,True,10
avcil,42,9,29,87,playing trombone,playing sitar,True,True,1
avcil,42,9,29,88,playing trombone,playing electric guitar,True,True,5
avcil,42,9,29,90,playing trombone,playing double bass,True,False,1
avcil,42,9,30,10,helicopter,playing bass drum,True,True,1
avcil,42,9,30,16,helicopter,tractor digging,True,True,1
avcil,42,9,30,22,helicopter,police car (siren),True,True,1
avcil,42,9,30,23,helicopter,people cheering,True,True,1
avcil,42,9,30,28,helicopter,goose honking,True,True,2
avcil,42,9,30,30,helicopter,helicopter,True,True,18
avcil,42,9,30,39,helicopter,driving motorcycle,True,True,2
avcil,42,9,30,46,helicopter,wind noise,True,True,7
avcil,42,9,30,50,helicopter,roller coaster running,True,True,3
avcil,42,9,30,51,helicopter,missile launch,True,True,1
avcil,42,9,30,53,helicopter,airplane flyby,True,True,1
avcil,42,9,30,55,helicopter,"subway, metro, underground",True,True,4
avcil,42,9,30,61,helicopter,"race car, auto racing",True,True,2
avcil,42,9,30,77,helicopter,printer printing,True,True,2
avcil,42,9,30,79,helicopter,lawn mowing,True,True,1
avcil,42,9,30,88,helicopter,playing electric guitar,True,True,1
avcil,42,9,30,96,helicopter,hail,True,False,1
avcil,42,9,30,99,helicopter,dog growling,True,False,1
avcil,42,9,31,1,playing erhu,child singing,True,True,3
avcil,42,9,31,13,playing erhu,playing bagpipes,True,True,1
avcil,42,9,31,19,playing erhu,playing theremin,True,True,2
avcil,42,9,31,24,playing erhu,playing electronic organ,True,True,1
avcil,42,9,31,31,playing erhu,playing erhu,True,True,27
avcil,42,9,31,32,playing erhu,dog howling,True,True,1
avcil,42,9,31,44,playing erhu,playing cello,True,True,1
avcil,42,9,31,45,playing erhu,playing cornet,True,True,2
avcil,42,9,31,48,playing erhu,orchestra,True,True,1
avcil,42,9,31,69,playing erhu,playing flute,True,True,1
avcil,42,9,31,74,playing erhu,yodelling,True,True,3
avcil,42,9,31,83,playing erhu,tapping guitar,True,True,1
avcil,42,9,31,85,playing erhu,playing bassoon,True,True,2
avcil,42,9,31,87,playing erhu,playing sitar,True,True,2
avcil,42,9,31,94,playing erhu,playing clarinet,True,False,2
avcil,42,9,32,6,dog howling,"child speech, kid speaking",True,True,9
avcil,42,9,32,7,dog howling,baby laughter,True,True,1
avcil,42,9,32,19,dog howling,playing theremin,True,True,1
avcil,42,9,32,22,dog howling,police car (siren),True,True,2
avcil,42,9,32,28,dog howling,goose honking,True,True,3
avcil,42,9,32,32,dog howling,dog howling,True,True,12
avcil,42,9,32,45,dog howling,playing cornet,True,True,1
avcil,42,9,32,65,dog howling,"female speech, woman speaking",True,True,1
avcil,42,9,32,69,dog howling,playing flute,True,True,1
avcil,42,9,32,71,dog howling,canary calling,True,True,1
avcil,42,9,32,86,dog howling,police radio chatter,True,True,1
avcil,42,9,32,88,dog howling,playing electric guitar,True,True,1
avcil,42,9,32,89,dog howling,people whistling,True,True,16
avcil,42,9,33,10,playing synthesizer,playing bass drum,True,True,11
avcil,42,9,33,17,playing synthesizer,people whispering,True,True,1
avcil,42,9,33,21,playing synthesizer,playing hammond organ,True,True,1
avcil,42,9,33,22,playing synthesizer,police car (siren),True,True,1
avcil,42,9,33,24,playing synthesizer,playing electronic organ,True,True,1
avcil,42,9,33,27,playing synthesizer,playing bass guitar,True,True,3
avcil,42,9,33,32,playing synthesizer,dog howling,True,True,1
avcil,42,9,33,33,playing synthesizer,playing synthesizer,True,True,9
avcil,42,9,33,43,playing synthesizer,beat boxing,True,True,1
avcil,42,9,33,54,playing synthesizer,playing saxophone,True,True,2
avcil,42,9,33,56,playing synthesizer,arc welding,True,True,1
avcil,42,9,33,59,playing synthesizer,playing bongo,True,True,1
avcil,42,9,33,61,playing synthesizer,"race car, auto racing",True,True,1
avcil,42,9,33,63,playing synthesizer,playing vibraphone,True,True,1
avcil,42,9,33,66,playing synthesizer,volcano explosion,True,True,1
avcil,42,9,33,69,playing synthesizer,playing flute,True,True,1
avcil,42,9,33,70,playing synthesizer,playing acoustic guitar,True,True,4
avcil,42,9,33,81,playing synthesizer,fireworks banging,True,True,1
avcil,42,9,33,83,playing synthesizer,tapping guitar,True,True,1
avcil,42,9,33,84,playing synthesizer,stream burbling,True,True,1
avcil,42,9,33,85,playing synthesizer,playing bassoon,True,True,1
avcil,42,9,33,86,playing synthesizer,police radio chatter,True,True,1
avcil,42,9,33,87,playing synthesizer,playing sitar,True,True,1
avcil,42,9,33,88,playing synthesizer,playing electric guitar,True,True,2
avcil,42,9,33,95,playing synthesizer,playing harpsichord,True,False,1
avcil,42,9,34,2,cat purring,"heart sounds, heartbeat",True,True,1
avcil,42,9,34,6,cat purring,"child speech, kid speaking",True,True,1
avcil,42,9,34,17,cat purring,people whispering,True,True,8
avcil,42,9,34,28,cat purring,goose honking,True,True,2
avcil,42,9,34,34,cat purring,cat purring,True,True,16
avcil,42,9,34,39,cat purring,driving motorcycle,True,True,1
avcil,42,9,34,52,cat purring,"playing marimba, xylophone",True,True,1
avcil,42,9,34,59,cat purring,playing bongo,True,True,1
avcil,42,9,34,60,cat purring,"pigeon, dove cooing",True,True,7
avcil,42,9,34,65,cat purring,"female speech, woman speaking",True,True,1
avcil,42,9,34,77,cat purring,printer printing,True,True,1
avcil,42,9,34,80,cat purring,"electric shaver, electric razor shaving",True,True,2
avcil,42,9,34,89,cat purring,people whistling,True,True,2
avcil,42,9,34,90,cat purring,playing double bass,True,False,1
avcil,42,9,34,91,cat purring,"male speech, man speaking",True,False,1
avcil,42,9,34,99,cat purring,dog growling,True,False,4
avcil,42,9,35,9,skiing,lighting firecrackers,True,True,2
avcil,42,9,35,35,skiing,skiing,True,True,37
avcil,42,9,35,41,skiing,playing squash,True,True,1
avcil,42,9,35,62,skiing,people crowd,True,True,1
avcil,42,9,35,66,skiing,volcano explosion,True,True,1
avcil,42,9,35,72,skiing,pheasant crowing,True,True,1
avcil,42,9,35,80,skiing,"electric shaver, electric razor shaving",True,True,2
avcil,42,9,35,86,skiing,police radio chatter,True,True,4
avcil,42,9,35,99,skiing,dog growling,True,False,1
avcil,42,9,36,36,wood thrush calling,wood thrush calling,True,True,20
avcil,42,9,36,57,wood thrush calling,mynah bird singing,True,True,4
avcil,42,9,36,71,wood thrush calling,canary calling,True,True,6
avcil,42,9,36,72,wood thrush calling,pheasant crowing,True,True,2
avcil,42,9,36,73,wood thrush calling,woodpecker pecking tree,True,True,13
avcil,42,9,36,86,wood thrush calling,police radio chatter,True,True,1
avcil,42,9,36,89,wood thrush calling,people whistling,True,True,4
avcil,42,9,37,26,scuba diving,people marching,True,True,1
avcil,42,9,37,28,scuba diving,goose honking,True,True,1
avcil,42,9,37,37,scuba diving,scuba diving,True,True,39
avcil,42,9,37,51,scuba diving,missile launch,True,True,1
avcil,42,9,37,72,scuba diving,pheasant crowing,True,True,2
avcil,42,9,37,99,scuba diving,dog growling,True,False,6
avcil,42,9,38,4,playing tambourine,cap gun shooting,True,True,2
avcil,42,9,38,5,playing tambourine,rope skipping,True,True,2
avcil,42,9,38,6,playing tambourine,"child speech, kid speaking",True,True,1
avcil,42,9,38,10,playing tambourine,playing bass drum,True,True,3
avcil,42,9,38,38,playing tambourine,playing tambourine,True,True,25
avcil,42,9,38,43,playing tambourine,beat boxing,True,True,6
avcil,42,9,38,56,playing tambourine,arc welding,True,True,2
avcil,42,9,38,59,playing tambourine,playing bongo,True,True,1
avcil,42,9,38,68,playing tambourine,singing choir,True,True,1
avcil,42,9,38,75,playing tambourine,sharpen knife,True,True,3
avcil,42,9,38,80,playing tambourine,"electric shaver, electric razor shaving",True,True,1
avcil,42,9,38,82,playing tambourine,tap dancing,True,True,3
avcil,42,9,39,6,driving motorcycle,"child speech, kid speaking",True,True,1
avcil,42,9,39,16,driving motorcycle,tractor digging,True,True,2
avcil,42,9,39,18,driving motorcycle,lathe spinning,True,True,1
avcil,42,9,39,30,driving motorcycle,helicopter,True,True,2
avcil,42,9,39,33,driving motorcycle,playing synthesizer,True,True,1
avcil,42,9,39,39,driving motorcycle,driving motorcycle,True,True,12
avcil,42,9,39,46,driving motorcycle,wind noise,True,True,4
avcil,42,9,39,53,driving motorcycle,airplane flyby,True,True,1
avcil,42,9,39,55,driving motorcycle,"subway, metro, underground",True,True,1
avcil,42,9,39,61,driving motorcycle,"race car, auto racing",True,True,6
avcil,42,9,39,62,driving motorcycle,people crowd,True,True,1
avcil,42,9,39,66,driving motorcycle,volcano explosion,True,True,3
avcil,42,9,39,77,driving motorcycle,printer printing,True,True,2
avcil,42,9,39,79,driving motorcycle,lawn mowing,True,True,3
avcil,42,9,39,80,driving motorcycle,"electric shaver, electric razor shaving",True,True,1
avcil,42,9,39,84,driving motorcycle,stream burbling,True,True,2
avcil,42,9,39,86,driving motorcycle,police radio chatter,True,True,3
avcil,42,9,39,88,driving motorcycle,playing electric guitar,True,True,3
avcil,42,9,39,91,driving motorcycle,"male speech, man speaking",True,False,1
avcil,42,9,40,6,vacuum cleaner cleaning floors,"child speech, kid speaking",True,True,3
avcil,42,9,40,9,vacuum cleaner cleaning floors,lighting firecrackers,True,True,1
avcil,42,9,40,18,vacuum cleaner cleaning floors,lathe spinning,True,True,8
avcil,42,9,40,23,vacuum cleaner cleaning floors,people cheering,True,True,1
avcil,42,9,40,28,vacuum cleaner cleaning floors,goose honking,True,True,1
avcil,42,9,40,30,vacuum cleaner cleaning floors,helicopter,True,True,4
avcil,42,9,40,40,vacuum cleaner cleaning floors,vacuum cleaner cleaning floors,True,True,5
avcil,42,9,40,55,vacuum cleaner cleaning floors,"subway, metro, underground",True,True,1
avcil,42,9,40,61,vacuum cleaner cleaning floors,"race car, auto racing",True,True,3
avcil,42,9,40,72,vacuum cleaner cleaning floors,pheasant crowing,True,True,1
avcil,42,9,40,75,vacuum cleaner cleaning floors,sharpen knife,True,True,1
avcil,42,9,40,77,vacuum cleaner cleaning floors,printer printing,True,True,8
avcil,42,9,40,78,vacuum cleaner cleaning floors,planing timber,True,True,1
avcil,42,9,40,79,vacuum cleaner cleaning floors,lawn mowing,True,True,2
avcil,42,9,40,80,vacuum cleaner cleaning floors,"electric shaver, electric razor shaving",True,True,5
avcil,42,9,40,84,vacuum cleaner cleaning floors,stream burbling,True,True,2
avcil,42,9,40,91,vacuum cleaner cleaning floors,"male speech, man speaking",True,False,3
avcil,42,9,41,0,playing squash,playing volleyball,True,True,2
avcil,42,9,41,5,playing squash,rope skipping,True,True,10
avcil,42,9,41,8,playing squash,playing table tennis,True,True,6
avcil,42,9,41,9,playing squash,lighting firecrackers,True,True,1
avcil,42,9,41,25,playing squash,bowling impact,True,True,1
avcil,42,9,41,41,playing squash,playing squash,True,True,19
avcil,42,9,41,53,playing squash,airplane flyby,True,True,1
avcil,42,9,41,60,playing squash,"pigeon, dove cooing",True,True,1
avcil,42,9,41,82,playing squash,tap dancing,True,True,7
avcil,42,9,41,98,playing squash,people booing,True,False,1
avcil,42,9,41,99,playing squash,dog growling,True,False,1
avcil,42,9,42,5,slot machine,rope skipping,True,True,1
avcil,42,9,42,8,slot machine,playing table tennis,True,True,1
avcil,42,9,42,42,slot machine,slot machine,True,True,42
avcil,42,9,42,43,slot machine,beat boxing,True,True,1
avcil,42,9,42,52,slot machine,"playing marimba, xylophone",True,True,2
avcil,42,9,42,74,slot machine,yodelling,True,True,2
avcil,42,9,42,88,slot machine,playing electric guitar,True,True,1
avcil,42,9,43,4,beat boxing,cap gun shooting,True,True,1
avcil,42,9,43,5,beat boxing,rope skipping,True,True,1
avcil,42,9,43,7,beat boxing,baby laughter,True,True,1
avcil,42,9,43,10,beat boxing,playing bass drum,True,True,2
avcil,42,9,43,33,beat boxing,playing synthesizer,True,True,1
avcil,42,9,43,43,beat boxing,beat boxing,True,True,31
avcil,42,9,43,59,beat boxing,playing bongo,True,True,2
avcil,42,9,43,62,beat boxing,people crowd,True,True,1
avcil,42,9,43,65,beat boxing,"female speech, woman speaking",True,True,1
avcil,42,9,43,75,beat boxing,sharpen knife,True,True,3
avcil,42,9,43,80,beat boxing,"electric shaver, electric razor shaving",True,True,2
avcil,42,9,43,82,beat boxing,tap dancing,True,True,3
avcil,42,9,43,86,beat boxing,police radio chatter,True,True,1
avcil,42,9,44,10,playing cello,playing bass drum,True,True,1
avcil,42,9,44,11,playing cello,playing banjo,True,True,1
avcil,42,9,44,21,playing cello,playing hammond organ,True,True,1
avcil,42,9,44,24,playing cello,playing electronic organ,True,True,1
avcil,42,9,44,26,playing cello,people marching,True,True,1
avcil,42,9,44,27,playing cello,playing bass guitar,True,True,2
avcil,42,9,44,38,playing cello,playing tambourine,True,True,1
avcil,42,9,44,43,playing cello,beat boxing,True,True,1
avcil,42,9,44,44,playing cello,playing cello,True,True,10
avcil,42,9,44,52,playing cello,"playing marimba, xylophone",True,True,1
avcil,42,9,44,54,playing cello,playing saxophone,True,True,5
avcil,42,9,44,58,playing cello,playing piano,True,True,1
avcil,42,9,44,70,playing cello,playing acoustic guitar,True,True,3
avcil,42,9,44,74,playing cello,yodelling,True,True,2
avcil,42,9,44,76,playing cello,"playing violin, fiddle",True,True,3
avcil,42,9,44,85,playing cello,playing bassoon,True,True,1
avcil,42,9,44,88,playing cello,playing electric guitar,True,True,13
avcil,42,9,44,89,playing cello,people whistling,True,True,1
avcil,42,9,44,95,playing cello,playing harpsichord,True,False,1
avcil,42,9,45,19,playing cornet,playing theremin,True,True,1
avcil,42,9,45,24,playing cornet,playing electronic organ,True,True,1
avcil,42,9,45,29,playing cornet,playing trombone,True,True,1
avcil,42,9,45,31,playing cornet,playing erhu,True,True,2
avcil,42,9,45,45,playing cornet,playing cornet,True,True,24
avcil,42,9,45,64,playing cornet,playing mandolin,True,True,1
avcil,42,9,45,69,playing cornet,playing flute,True,True,3
avcil,42,9,45,74,playing cornet,yodelling,True,True,1
avcil,42,9,45,85,playing cornet,playing bassoon,True,True,16
avcil,42,9,46,16,wind noise,tractor digging,True,True,1
avcil,42,9,46,28,wind noise,goose honking,True,True,3
avcil,42,9,46,30,wind noise,helicopter,True,True,1
avcil,42,9,46,39,wind noise,driving motorcycle,True,True,1
avcil,42,9,46,40,wind noise,vacuum cleaner cleaning floors,True,True,1
avcil,42,9,46,46,wind noise,wind noise,True,True,13
avcil,42,9,46,50,wind noise,roller coaster running,True,True,1
avcil,42,9,46,51,wind noise,missile launch,True,True,2
avcil,42,9,46,53,wind noise,airplane flyby,True,True,1
avcil,42,9,46,55,wind noise,"subway, metro, underground",True,True,5
avcil,42,9,46,56,wind noise,arc welding,True,True,1
avcil,42,9,46,60,wind noise,"pigeon, dove cooing",True,True,2
avcil,42,9,46,61,wind noise,"race car, auto racing",True,True,1
avcil,42,9,46,66,wind noise,volcano explosion,True,True,2
avcil,42,9,46,67,wind noise,ocean burbling,True,True,1
avcil,42,9,46,73,wind noise,woodpecker pecking tree,True,True,2
avcil,42,9,46,77,wind noise,printer printing,True,True,5
avcil,42,9,46,81,wind noise,fireworks banging,True,True,2
avcil,42,9,46,84,wind noise,stream burbling,True,True,2
avcil,42,9,46,96,wind noise,hail,True,False,1
avcil,42,9,46,99,wind noise,dog growling,True,False,2
avcil,42,9,47,21,"playing steel guitar, slide guitar",playing hammond organ,True,True,1
avcil,42,9,47,24,"playing steel guitar, slide guitar",playing electronic organ,True,True,2
avcil,42,9,47,31,"playing steel guitar, slide guitar",playing erhu,True,True,1
avcil,42,9,47,33,"playing steel guitar, slide guitar",playing synthesizer,True,True,1
avcil,42,9,47,47,"playing steel guitar, slide guitar","playing steel guitar, slide guitar",True,True,18
avcil,42,9,47,49,"playing steel guitar, slide guitar",playing harp,True,True,1
avcil,42,9,47,58,"playing steel guitar, slide guitar",playing piano,True,True,2
avcil,42,9,47,65,"playing steel guitar, slide guitar","female speech, woman speaking",True,True,3
avcil,42,9,47,70,"playing steel guitar, slide guitar",playing acoustic guitar,True,True,4
avcil,42,9,47,74,"playing steel guitar, slide guitar",yodelling,True,True,1
avcil,42,9,47,83,"playing steel guitar, slide guitar",tapping guitar,True,True,1
avcil,42,9,47,86,"playing steel guitar, slide guitar",police radio chatter,True,True,1
avcil,42,9,47,87,"playing steel guitar, slide guitar",playing sitar,True,True,2
avcil,42,9,47,88,"playing steel guitar, slide guitar",playing electric guitar,True,True,9
avcil,42,9,47,93,"playing steel guitar, slide guitar",playing tabla,True,False,2
avcil,42,9,47,94,"playing steel guitar, slide guitar",playing clarinet,True,False,1
avcil,42,9,48,6,orchestra,"child speech, kid speaking",True,True,1
avcil,42,9,48,10,orchestra,playing bass drum,True,True,1
avcil,42,9,48,11,orchestra,playing banjo,True,True,1
avcil,42,9,48,15,orchestra,civil defense siren,True,True,1
avcil,42,9,48,23,orchestra,people cheering,True,True,1
avcil,42,9,48,26,orchestra,people marching,True,True,1
avcil,42,9,48,29,orchestra,playing trombone,True,True,1
avcil,42,9,48,33,orchestra,playing synthesizer,True,True,1
avcil,42,9,48,43,orchestra,beat boxing,True,True,1
avcil,42,9,48,44,orchestra,playing cello,True,True,2
avcil,42,9,48,48,orchestra,orchestra,True,True,17
avcil,42,9,48,52,orchestra,"playing marimba, xylophone",True,True,1
avcil,42,9,48,54,orchestra,playing saxophone,True,True,3
avcil,42,9,48,68,orchestra,singing choir,True,True,1
avcil,42,9,48,74,orchestra,yodelling,True,True,2
avcil,42,9,48,76,orchestra,"playing violin, fiddle",True,True,3
avcil,42,9,48,85,orchestra,playing bassoon,True,True,2
avcil,42,9,48,87,orchestra,playing sitar,True,True,1
avcil,42,9,48,88,orchestra,playing electric guitar,True,True,8
avcil,42,9,48,90,orchestra,playing double bass,True,False,1
avcil,42,9,49,6,playing harp,"child speech, kid speaking",True,True,1
avcil,42,9,49,11,playing harp,playing banjo,True,True,2
avcil,42,9,49,21,playing harp,playing hammond organ,True,True,1
avcil,42,9,49,29,playing harp,playing trombone,True,True,1
avcil,42,9,49,49,playing harp,playing harp,True,True,18
avcil,42,9,49,52,playing harp,"playing marimba, xylophone",True,True,2
avcil,42,9,49,58,playing harp,playing piano,True,True,3
avcil,42,9,49,63,playing harp,playing vibraphone,True,True,1
avcil,42,9,49,64,playing harp,playing mandolin,True,True,1
avcil,42,9,49,69,playing harp,playing flute,True,True,1
avcil,42,9,49,70,playing harp,playing acoustic guitar,True,True,8
avcil,42,9,49,76,playing harp,"playing violin, fiddle",True,True,4
avcil,42,9,49,88,playing harp,playing electric guitar,True,True,6
avcil,42,9,49,94,playing harp,playing clarinet,True,False,1
avcil,42,9,50,16,roller coaster running,tractor digging,True,True,2
avcil,42,9,50,18,roller coaster running,lathe spinning,True,True,1
avcil,42,9,50,23,roller coaster running,people cheering,True,True,1
avcil,42,9,50,25,roller coaster running,bowling impact,True,True,2
avcil,42,9,50,26,roller coaster running,people marching,True,True,1
avcil,42,9,50,50,roller coaster running,roller coaster running,True,True,30
avcil,42,9,50,53,roller coaster running,airplane flyby,True,True,1
avcil,42,9,50,55,roller coaster running,"subway, metro, underground",True,True,2
avcil,42,9,50,62,roller coaster running,people crowd,True,True,1
avcil,42,9,50,66,roller coaster running,volcano explosion,True,True,2
avcil,42,9,50,77,roller coaster running,printer printing,True,True,1
avcil,42,9,50,79,roller coaster running,lawn mowing,True,True,1
avcil,42,9,50,81,roller coaster running,fireworks banging,True,True,1
avcil,42,9,50,82,roller coaster running,tap dancing,True,True,1
avcil,42,9,50,86,roller coaster running,police radio chatter,True,True,2
avcil,42,9,50,98,roller coaster running,people booing,True,False,1
avcil,42,9,51,3,missile launch,singing bowl,True,True,1
avcil,42,9,51,4,missile launch,cap gun shooting,True,True,1
avcil,42,9,51,12,missile launch,fire truck siren,True,True,1
avcil,42,9,51,30,missile launch,helicopter,True,True,1
avcil,42,9,51,43,missile launch,beat boxing,True,True,1
avcil,42,9,51,46,missile launch,wind noise,True,True,5
avcil,42,9,51,50,missile launch,roller coaster running,True,True,1
avcil,42,9,51,51,missile launch,missile launch,True,True,23
avcil,42,9,51,53,missile launch,airplane flyby,True,True,1
avcil,42,9,51,66,missile launch,volcano explosion,True,True,10
avcil,42,9,51,80,missile launch,"electric shaver, electric razor shaving",True,True,1
avcil,42,9,51,84,missile launch,stream burbling,True,True,1
avcil,42,9,51,86,missile launch,police radio chatter,True,True,3
avcil,42,9,52,6,"playing marimba, xylophone","child speech, kid speaking",True,True,2
avcil,42,9,52,10,"playing marimba, xylophone",playing bass drum,True,True,3
avcil,42,9,52,20,"playing marimba, xylophone",playing glockenspiel,True,True,1
avcil,42,9,52,33,"playing marimba, xylophone",playing synthesizer,True,True,1
avcil,42,9,52,38,"playing marimba, xylophone",playing tambourine,True,True,1
avcil,42,9,52,47,"playing marimba, xylophone","playing steel guitar, slide guitar",True,True,1
avcil,42,9,52,48,"playing marimba, xylophone",orchestra,True,True,1
avcil,42,9,52,49,"playing marimba, xylophone",playing harp,True,True,4
avcil,42,9,52,52,"playing marimba, xylophone","playing marimba, xylophone",True,True,3
avcil,42,9,52,58,"playing marimba, xylophone",playing piano,True,True,1
avcil,42,9,52,59,"playing marimba, xylophone",playing bongo,True,True,1
avcil,42,9,52,63,"playing marimba, xylophone",playing vibraphone,True,True,3
avcil,42,9,52,65,"playing marimba, xylophone","female speech, woman speaking",True,True,1
avcil,42,9,52,69,"playing marimba, xylophone",playing flute,True,True,1
avcil,42,9,52,70,"playing marimba, xylophone",playing acoustic guitar,True,True,9
avcil,42,9,52,76,"playing marimba, xylophone","playing violin, fiddle",True,True,1
avcil,42,9,52,77,"playing marimba, xylophone",printer printing,True,True,1
avcil,42,9,52,78,"playing marimba, xylophone",planing timber,True,True,1
avcil,42,9,52,85,"playing marimba, xylophone",playing bassoon,True,True,1
avcil,42,9,52,86,"playing marimba, xylophone",police radio chatter,True,True,1
avcil,42,9,52,87,"playing marimba, xylophone",playing sitar,True,True,2
avcil,42,9,52,88,"playing marimba, xylophone",playing electric guitar,True,True,1
avcil,42,9,52,89,"playing marimba, xylophone",people whistling,True,True,7
avcil,42,9,52,94,"playing marimba, xylophone",playing clarinet,True,False,1
avcil,42,9,52,95,"playing marimba, xylophone",playing harpsichord,True,False,1
avcil,42,9,53,16,airplane flyby,tractor digging,True,True,1
avcil,42,9,53,40,airplane flyby,vacuum cleaner cleaning floors,True,True,1
avcil,42,9,53,46,airplane flyby,wind noise,True,True,3
avcil,42,9,53,51,airplane flyby,missile launch,True,True,2
avcil,42,9,53,53,airplane flyby,airplane flyby,True,True,34
avcil,42,9,53,55,airplane flyby,"subway, metro, underground",True,True,1
avcil,42,9,53,61,airplane flyby,"race car, auto racing",True,True,3
avcil,42,9,53,66,airplane flyby,volcano explosion,True,True,2
avcil,42,9,53,79,airplane flyby,lawn mowing,True,True,1
avcil,42,9,53,86,airplane flyby,police radio chatter,True,True,1
avcil,42,9,53,98,airplane flyby,people booing,True,False,1
avcil,42,9,54,1,playing saxophone,child singing,True,True,2
avcil,42,9,54,5,playing saxophone,rope skipping,True,True,1
avcil,42,9,54,11,playing saxophone,playing banjo,True,True,1
avcil,42,9,54,27,playing saxophone,playing bass guitar,True,True,1
avcil,42,9,54,28,playing saxophone,goose honking,True,True,1
avcil,42,9,54,29,playing saxophone,playing trombone,True,True,2
avcil,42,9,54,42,playing saxophone,slot machine,True,True,1
avcil,42,9,54,48,playing saxophone,orchestra,True,True,2
avcil,42,9,54,54,playing saxophone,playing saxophone,True,True,15
avcil,42,9,54,65,playing saxophone,"female speech, woman speaking",True,True,1
avcil,42,9,54,69,playing saxophone,playing flute,True,True,1
avcil,42,9,54,70,playing saxophone,playing acoustic guitar,True,True,4
avcil,42,9,54,74,playing saxophone,yodelling,True,True,1
avcil,42,9,54,76,playing saxophone,"playing violin, fiddle",True,True,2
avcil,42,9,54,85,playing saxophone,playing bassoon,True,True,3
avcil,42,9,54,88,playing saxophone,playing electric guitar,True,True,12
avcil,42,9,55,22,"subway, metro, underground",police car (siren),True,True,1
avcil,42,9,55,26,"subway, metro, underground",people marching,True,True,1
avcil,42,9,55,30,"subway, metro, underground",helicopter,True,True,1
avcil,42,9,55,40,"subway, metro, underground",vacuum cleaner cleaning floors,True,True,1
avcil,42,9,55,46,"subway, metro, underground",wind noise,True,True,2
avcil,42,9,55,52,"subway, metro, underground","playing marimba, xylophone",True,True,1
avcil,42,9,55,55,"subway, metro, underground","subway, metro, underground",True,True,30
avcil,42,9,55,60,"subway, metro, underground","pigeon, dove cooing",True,True,1
avcil,42,9,55,61,"subway, metro, underground","race car, auto racing",True,True,2
avcil,42,9,55,65,"subway, metro, underground","female speech, woman speaking",True,True,1
avcil,42,9,55,77,"subway, metro, underground",printer printing,True,True,4
avcil,42,9,55,84,"subway, metro, underground",stream burbling,True,True,2
avcil,42,9,55,88,"subway, metro, underground",playing electric guitar,True,True,2
avcil,42,9,55,89,"subway, metro, underground",people whistling,True,True,1
avcil,42,9,56,4,arc welding,cap gun shooting,True,True,3
avcil,42,9,56,9,arc welding,lighting firecrackers,True,True,1
avcil,42,9,56,18,arc welding,lathe spinning,True,True,3
avcil,42,9,56,25,arc welding,bowling impact,True,True,2
avcil,42,9,56,40,arc welding,vacuum cleaner cleaning floors,True,True,1
avcil,42,9,56,41,arc welding,playing squash,True,True,5
avcil,42,9,56,47,arc welding,"playing steel guitar, slide guitar",True,True,1
avcil,42,9,56,56,arc welding,arc welding,True,True,24
avcil,42,9,56,66,arc welding,volcano explosion,True,True,1
avcil,42,9,56,75,arc welding,sharpen knife,True,True,2
avcil,42,9,56,77,arc welding,printer printing,True,True,1
avcil,42,9,56,80,arc welding,"electric shaver, electric razor shaving",True,True,2
avcil,42,9,56,82,arc welding,tap dancing,True,True,1
avcil,42,9,56,96,arc welding,hail,True,False,3
avcil,42,9,57,4,mynah bird singing,cap gun shooting,True,True,1
avcil,42,9,57,17,mynah bird singing,people whispering,True,True,1
avcil,42,9,57,19,mynah bird singing,playing theremin,True,True,1
avcil,42,9,57,20,mynah bird singing,playing glockenspiel,True,True,1
avcil,42,9,57,28,mynah bird singing,goose honking,True,True,1
avcil,42,9,57,36,mynah bird singing,wood thrush calling,True,True,16
avcil,42,9,57,57,mynah bird singing,mynah bird singing,True,True,13
avcil,42,9,57,71,mynah bird singing,canary calling,True,True,7
avcil,42,9,57,72,mynah bird singing,pheasant crowing,True,True,2
avcil,42,9,57,73,mynah bird singing,woodpecker pecking tree,True,True,5
avcil,42,9,57,75,mynah bird singing,sharpen knife,True,True,2
avcil,42,9,58,10,playing piano,playing bass drum,True,True,1
avcil,42,9,58,14,playing piano,playing french horn,True,True,2
avcil,42,9,58,24,playing piano,playing electronic organ,True,True,1
avcil,42,9,58,27,playing piano,playing bass guitar,True,True,3
avcil,42,9,58,33,playing piano,playing synthesizer,True,True,3
avcil,42,9,58,44,playing piano,playing cello,True,True,1
avcil,42,9,58,49,playing piano,playing harp,True,True,1
avcil,42,9,58,54,playing piano,playing saxophone,True,True,1
avcil,42,9,58,58,playing piano,playing piano,True,True,15
avcil,42,9,58,70,playing piano,playing acoustic guitar,True,True,5
avcil,42,9,58,77,playing piano,printer printing,True,True,1
avcil,42,9,58,80,playing piano,"electric shaver, electric razor shaving",True,True,1
avcil,42,9,58,85,playing piano,playing bassoon,True,True,4
avcil,42,9,58,86,playing piano,police radio chatter,True,True,1
avcil,42,9,58,88,playing piano,playing electric guitar,True,True,5
avcil,42,9,58,89,playing piano,people whistling,True,True,3
avcil,42,9,58,91,playing piano,"male speech, man speaking",True,False,1
avcil,42,9,58,95,playing piano,playing harpsichord,True,False,1
avcil,42,9,59,10,playing bongo,playing bass drum,True,True,2
avcil,42,9,59,59,playing bongo,playing bongo,True,True,34
avcil,42,9,59,64,playing bongo,playing mandolin,True,True,3
avcil,42,9,59,70,playing bongo,playing acoustic guitar,True,True,2
avcil,42,9,59,74,playing bongo,yodelling,True,True,1
avcil,42,9,59,82,playing bongo,tap dancing,True,True,3
avcil,42,9,59,88,playing bongo,playing electric guitar,True,True,1
avcil,42,9,59,89,playing bongo,people whistling,True,True,1
avcil,42,9,59,93,playing bongo,playing tabla,True,False,3
avcil,42,9,60,6,"pigeon, dove cooing","child speech, kid speaking",True,True,2
avcil,42,9,60,9,"pigeon, dove cooing",lighting firecrackers,True,True,2
avcil,42,9,60,16,"pigeon, dove cooing",tractor digging,True,True,1
avcil,42,9,60,17,"pigeon, dove cooing",people whispering,True,True,1
avcil,42,9,60,28,"pigeon, dove cooing",goose honking,True,True,2
avcil,42,9,60,32,"pigeon, dove cooing",dog howling,True,True,1
avcil,42,9,60,36,"pigeon, dove cooing",wood thrush calling,True,True,1
avcil,42,9,60,38,"pigeon, dove cooing",playing tambourine,True,True,1
avcil,42,9,60,43,"pigeon, dove cooing",beat boxing,True,True,1
avcil,42,9,60,56,"pigeon, dove cooing",arc welding,True,True,1
avcil,42,9,60,60,"pigeon, dove cooing","pigeon, dove cooing",True,True,14
avcil,42,9,60,65,"pigeon, dove cooing","female speech, woman speaking",True,True,2
avcil,42,9,60,72,"pigeon, dove cooing",pheasant crowing,True,True,3
avcil,42,9,60,73,"pigeon, dove cooing",woodpecker pecking tree,True,True,1
avcil,42,9,60,77,"pigeon, dove cooing",printer printing,True,True,4
avcil,42,9,60,80,"pigeon, dove cooing","electric shaver, electric razor shaving",True,True,1
avcil,42,9,60,84,"pigeon, dove cooing",stream burbling,True,True,1
avcil,42,9,60,88,"pigeon, dove cooing",playing electric guitar,True,True,1
avcil,42,9,60,89,"pigeon, dove cooing",people whistling,True,True,4
avcil,42,9,60,91,"pigeon, dove cooing","male speech, man speaking",True,False,2
avcil,42,9,60,99,"pigeon, dove cooing",dog growling,True,False,4
avcil,42,9,61,9,"race car, auto racing",lighting firecrackers,True,True,1
avcil,42,9,61,18,"race car, auto racing",lathe spinning,True,True,1
avcil,42,9,61,28,"race car, auto racing",goose honking,True,True,1
avcil,42,9,61,30,"race car, auto racing",helicopter,True,True,2
avcil,42,9,61,39,"race car, auto racing",driving motorcycle,True,True,2
avcil,42,9,61,50,"race car, auto racing",roller coaster running,True,True,2
avcil,42,9,61,51,"race car, auto racing",missile launch,True,True,1
avcil,42,9,61,53,"race car, auto racing",airplane flyby,True,True,2
avcil,42,9,61,55,"race car, auto racing","subway, metro, underground",True,True,6
avcil,42,9,61,61,"race car, auto racing","race car, auto racing",True,True,27
avcil,42,9,61,66,"race car, auto racing",volcano explosion,True,True,1
avcil,42,9,61,79,"race car, auto racing",lawn mowing,True,True,2
avcil,42,9,61,80,"race car, auto racing","electric shaver, electric razor shaving",True,True,1
avcil,42,9,61,85,"race car, auto racing",playing bassoon,True,True,1
avcil,42,9,62,6,people crowd,"child speech, kid speaking",True,True,2
avcil,42,9,62,23,people crowd,people cheering,True,True,10
avcil,42,9,62,28,people crowd,goose honking,True,True,1
avcil,42,9,62,62,people crowd,people crowd,True,True,26
avcil,42,9,62,74,people crowd,yodelling,True,True,1
avcil,42,9,62,86,people crowd,police radio chatter,True,True,1
avcil,42,9,62,88,people crowd,playing electric guitar,True,True,4
avcil,42,9,62,89,people crowd,people whistling,True,True,1
avcil,42,9,62,91,people crowd,"male speech, man speaking",True,False,3
avcil,42,9,62,98,people crowd,people booing,True,False,1
avcil,42,9,63,1,playing vibraphone,child singing,True,True,1
avcil,42,9,63,6,playing vibraphone,"child speech, kid speaking",True,True,3
avcil,42,9,63,10,playing vibraphone,playing bass drum,True,True,1
avcil,42,9,63,19,playing vibraphone,playing theremin,True,True,1
avcil,42,9,63,21,playing vibraphone,playing hammond organ,True,True,1
avcil,42,9,63,33,playing vibraphone,playing synthesizer,True,True,3
avcil,42,9,63,48,playing vibraphone,orchestra,True,True,1
avcil,42,9,63,49,playing vibraphone,playing harp,True,True,2
avcil,42,9,63,52,playing vibraphone,"playing marimba, xylophone",True,True,4
avcil,42,9,63,63,playing vibraphone,playing vibraphone,True,True,5
avcil,42,9,63,65,playing vibraphone,"female speech, woman speaking",True,True,3
avcil,42,9,63,69,playing vibraphone,playing flute,True,True,1
avcil,42,9,63,70,playing vibraphone,playing acoustic guitar,True,True,3
avcil,42,9,63,73,playing vibraphone,woodpecker pecking tree,True,True,1
avcil,42,9,63,77,playing vibraphone,printer printing,True,True,1
avcil,42,9,63,80,playing vibraphone,"electric shaver, electric razor shaving",True,True,2
avcil,42,9,63,82,playing vibraphone,tap dancing,True,True,1
avcil,42,9,63,85,playing vibraphone,playing bassoon,True,True,3
avcil,42,9,63,86,playing vibraphone,police radio chatter,True,True,1
avcil,42,9,63,88,playing vibraphone,playing electric guitar,True,True,7
avcil,42,9,63,89,playing vibraphone,people whistling,True,True,4
avcil,42,9,63,91,playing vibraphone,"male speech, man speaking",True,False,1
avcil,42,9,64,11,playing mandolin,playing banjo,True,True,4
avcil,42,9,64,19,playing mandolin,playing theremin,True,True,1
avcil,42,9,64,33,playing mandolin,playing synthesizer,True,True,1
avcil,42,9,64,41,playing mandolin,playing squash,True,True,1
avcil,42,9,64,48,playing mandolin,orchestra,True,True,1
avcil,42,9,64,54,playing mandolin,playing saxophone,True,True,1
avcil,42,9,64,58,playing mandolin,playing piano,True,True,1
avcil,42,9,64,64,playing mandolin,playing mandolin,True,True,19
avcil,42,9,64,70,playing mandolin,playing acoustic guitar,True,True,7
avcil,42,9,64,74,playing mandolin,yodelling,True,True,2
avcil,42,9,64,76,playing mandolin,"playing violin, fiddle",True,True,1
avcil,42,9,64,83,playing mandolin,tapping guitar,True,True,1
avcil,42,9,64,85,playing mandolin,playing bassoon,True,True,1
avcil,42,9,64,87,playing mandolin,playing sitar,True,True,3
avcil,42,9,64,88,playing mandolin,playing electric guitar,True,True,5
avcil,42,9,64,95,playing mandolin,playing harpsichord,True,False,1
avcil,42,9,65,1,"female speech, woman speaking",child singing,True,True,1
avcil,42,9,65,4,"female speech, woman speaking",cap gun shooting,True,True,1
avcil,42,9,65,6,"female speech, woman speaking","child speech, kid speaking",True,True,9
avcil,42,9,65,17,"female speech, woman speaking",people whispering,True,True,1
avcil,42,9,65,26,"female speech, woman speaking",people marching,True,True,1
avcil,42,9,65,44,"female speech, woman speaking",playing cello,True,True,1
avcil,42,9,65,65,"female speech, woman speaking","female speech, woman speaking",True,True,17
avcil,42,9,65,68,"female speech, woman speaking",singing choir,True,True,1
avcil,42,9,65,72,"female speech, woman speaking",pheasant crowing,True,True,1
avcil,42,9,65,74,"female speech, woman speaking",yodelling,True,True,2
avcil,42,9,65,88,"female speech, woman speaking",playing electric guitar,True,True,4
avcil,42,9,65,89,"female speech, woman speaking",people whistling,True,True,3
avcil,42,9,65,91,"female speech, woman speaking","male speech, man speaking",True,False,8
avcil,42,9,66,2,volcano explosion,"heart sounds, heartbeat",True,True,1
avcil,42,9,66,26,volcano explosion,people marching,True,True,1
avcil,42,9,66,28,volcano explosion,goose honking,True,True,1
avcil,42,9,66,41,volcano explosion,playing squash,True,True,1
avcil,42,9,66,46,volcano explosion,wind noise,True,True,4
avcil,42,9,66,51,volcano explosion,missile launch,True,True,5
avcil,42,9,66,55,volcano explosion,"subway, metro, underground",True,True,1
avcil,42,9,66,56,volcano explosion,arc welding,True,True,1
avcil,42,9,66,57,volcano explosion,mynah bird singing,True,True,1
avcil,42,9,66,66,volcano explosion,volcano explosion,True,True,28
avcil,42,9,66,81,volcano explosion,fireworks banging,True,True,1
avcil,42,9,66,86,volcano explosion,police radio chatter,True,True,4
avcil,42,9,66,98,volcano explosion,people booing,True,False,1
avcil,42,9,67,25,ocean burbling,bowling impact,True,True,2
avcil,42,9,67,26,ocean burbling,people marching,True,True,1
avcil,42,9,67,28,ocean burbling,goose honking,True,True,1
avcil,42,9,67,30,ocean burbling,helicopter,True,True,1
avcil,42,9,67,35,ocean burbling,skiing,True,True,1
avcil,42,9,67,41,ocean burbling,playing squash,True,True,1
avcil,42,9,67,46,ocean burbling,wind noise,True,True,24
avcil,42,9,67,50,ocean burbling,roller coaster running,True,True,1
avcil,42,9,67,51,ocean burbling,missile launch,True,True,2
avcil,42,9,67,55,ocean burbling,"subway, metro, underground",True,True,2
avcil,42,9,67,62,ocean burbling,people crowd,True,True,1
avcil,42,9,67,67,ocean burbling,ocean burbling,True,True,5
avcil,42,9,67,77,ocean burbling,printer printing,True,True,1
avcil,42,9,67,84,ocean burbling,stream burbling,True,True,5
avcil,42,9,67,89,ocean burbling,people whistling,True,True,1
avcil,42,9,67,96,ocean burbling,hail,True,False,1
avcil,42,9,68,1,singing choir,child singing,True,True,5
avcil,42,9,68,5,singing choir,rope skipping,True,True,1
avcil,42,9,68,24,singing choir,playing electronic organ,True,True,1
avcil,42,9,68,40,singing choir,vacuum cleaner cleaning floors,True,True,1
avcil,42,9,68,42,singing choir,slot machine,True,True,1
avcil,42,9,68,48,singing choir,orchestra,True,True,12
avcil,42,9,68,49,singing choir,playing harp,True,True,1
avcil,42,9,68,52,singing choir,"playing marimba, xylophone",True,True,2
avcil,42,9,68,68,singing choir,singing choir,True,True,3
avcil,42,9,68,70,singing choir,playing acoustic guitar,True,True,1
avcil,42,9,68,74,singing choir,yodelling,True,True,1
avcil,42,9,68,82,singing choir,tap dancing,True,True,3
avcil,42,9,68,85,singing choir,playing bassoon,True,True,3
avcil,42,9,68,88,singing choir,playing electric guitar,True,True,11
avcil,42,9,68,89,singing choir,people whistling,True,True,2
avcil,42,9,68,91,singing choir,"male speech, man speaking",True,False,2
avcil,42,9,69,4,playing flute,cap gun shooting,True,True,1
avcil,42,9,69,6,playing flute,"child speech, kid speaking",True,True,1
avcil,42,9,69,19,playing flute,playing theremin,True,True,2
avcil,42,9,69,21,playing flute,playing hammond organ,True,True,1
avcil,42,9,69,24,playing flute,playing electronic organ,True,True,2
avcil,42,9,69,31,playing flute,playing erhu,True,True,1
avcil,42,9,69,39,playing flute,driving motorcycle,True,True,1
avcil,42,9,69,43,playing flute,beat boxing,True,True,4
avcil,42,9,69,44,playing flute,playing cello,True,True,1
avcil,42,9,69,45,playing flute,playing cornet,True,True,1
avcil,42,9,69,49,playing flute,playing harp,True,True,1
avcil,42,9,69,54,playing flute,playing saxophone,True,True,1
avcil,42,9,69,65,playing flute,"female speech, woman speaking",True,True,1
avcil,42,9,69,68,playing flute,singing choir,True,True,1
avcil,42,9,69,69,playing flute,playing flute,True,True,6
avcil,42,9,69,70,playing flute,playing acoustic guitar,True,True,3
avcil,42,9,69,74,playing flute,yodelling,True,True,1
avcil,42,9,69,76,playing flute,"playing violin, fiddle",True,True,2
avcil,42,9,69,77,playing flute,printer printing,True,True,1
avcil,42,9,69,82,playing flute,tap dancing,True,True,1
avcil,42,9,69,85,playing flute,playing bassoon,True,True,5
avcil,42,9,69,86,playing flute,police radio chatter,True,True,1
avcil,42,9,69,87,playing flute,playing sitar,True,True,1
avcil,42,9,69,88,playing flute,playing electric guitar,True,True,1
avcil,42,9,69,89,playing flute,people whistling,True,True,7
avcil,42,9,69,94,playing flute,playing clarinet,True,False,2
avcil,42,9,70,1,playing acoustic guitar,child singing,True,True,1
avcil,42,9,70,11,playing acoustic guitar,playing banjo,True,True,3
avcil,42,9,70,27,playing acoustic guitar,playing bass guitar,True,True,1
avcil,42,9,70,38,playing acoustic guitar,playing tambourine,True,True,1
avcil,42,9,70,49,playing acoustic guitar,playing harp,True,True,1
avcil,42,9,70,54,playing acoustic guitar,playing saxophone,True,True,1
avcil,42,9,70,58,playing acoustic guitar,playing piano,True,True,1
avcil,42,9,70,59,playing acoustic guitar,playing bongo,True,True,1
avcil,42,9,70,65,playing acoustic guitar,"female speech, woman speaking",True,True,1
avcil,42,9,70,70,playing acoustic guitar,playing acoustic guitar,True,True,24
avcil,42,9,70,77,playing acoustic guitar,printer printing,True,True,1
avcil,42,9,70,80,playing acoustic guitar,"electric shaver, electric razor shaving",True,True,1
avcil,42,9,70,87,playing acoustic guitar,playing sitar,True,True,1
avcil,42,9,70,88,playing acoustic guitar,playing electric guitar,True,True,12
avcil,42,9,71,7,canary calling,baby laughter,True,True,1
avcil,42,9,71,17,canary calling,people whispering,True,True,1
avcil,42,9,71,36,canary calling,wood thrush calling,True,True,6
avcil,42,9,71,41,canary calling,playing squash,True,True,1
avcil,42,9,71,57,canary calling,mynah bird singing,True,True,2
avcil,42,9,71,71,canary calling,canary calling,True,True,27
avcil,42,9,71,72,canary calling,pheasant crowing,True,True,1
avcil,42,9,71,82,canary calling,tap dancing,True,True,1
avcil,42,9,71,86,canary calling,police radio chatter,True,True,4
avcil,42,9,71,89,canary calling,people whistling,True,True,5
avcil,42,9,71,99,canary calling,dog growling,True,False,1
avcil,42,9,72,6,pheasant crowing,"child speech, kid speaking",True,True,1
avcil,42,9,72,9,pheasant crowing,lighting firecrackers,True,True,1
avcil,42,9,72,28,pheasant crowing,goose honking,True,True,3
avcil,42,9,72,60,pheasant crowing,"pigeon, dove cooing",True,True,2
avcil,42,9,72,66,pheasant crowing,volcano explosion,True,True,2
avcil,42,9,72,72,pheasant crowing,pheasant crowing,True,True,24
avcil,42,9,72,73,pheasant crowing,woodpecker pecking tree,True,True,8
avcil,42,9,72,84,pheasant crowing,stream burbling,True,True,4
avcil,42,9,72,85,pheasant crowing,playing bassoon,True,True,1
avcil,42,9,72,86,pheasant crowing,police radio chatter,True,True,2
avcil,42,9,72,99,pheasant crowing,dog growling,True,False,2
avcil,42,9,73,16,woodpecker pecking tree,tractor digging,True,True,2
avcil,42,9,73,34,woodpecker pecking tree,cat purring,True,True,3
avcil,42,9,73,39,woodpecker pecking tree,driving motorcycle,True,True,1
avcil,42,9,73,57,woodpecker pecking tree,mynah bird singing,True,True,5
avcil,42,9,73,66,woodpecker pecking tree,volcano explosion,True,True,3
avcil,42,9,73,72,woodpecker pecking tree,pheasant crowing,True,True,1
avcil,42,9,73,73,woodpecker pecking tree,woodpecker pecking tree,True,True,34
avcil,42,9,73,75,woodpecker pecking tree,sharpen knife,True,True,1
avcil,42,9,74,0,yodelling,playing volleyball,True,True,1
avcil,42,9,74,1,yodelling,child singing,True,True,3
avcil,42,9,74,5,yodelling,rope skipping,True,True,2
avcil,42,9,74,6,yodelling,"child speech, kid speaking",True,True,1
avcil,42,9,74,11,yodelling,playing banjo,True,True,1
avcil,42,9,74,31,yodelling,playing erhu,True,True,1
avcil,42,9,74,48,yodelling,orchestra,True,True,2
avcil,42,9,74,65,yodelling,"female speech, woman speaking",True,True,2
avcil,42,9,74,66,yodelling,volcano explosion,True,True,1
avcil,42,9,74,68,yodelling,singing choir,True,True,1
avcil,42,9,74,74,yodelling,yodelling,True,True,26
avcil,42,9,74,85,yodelling,playing bassoon,True,True,4
avcil,42,9,74,86,yodelling,police radio chatter,True,True,1
avcil,42,9,74,87,yodelling,playing sitar,True,True,1
avcil,42,9,74,91,yodelling,"male speech, man speaking",True,False,1
avcil,42,9,74,98,yodelling,people booing,True,False,2
avcil,42,9,75,4,sharpen knife,cap gun shooting,True,True,1
avcil,42,9,75,5,sharpen knife,rope skipping,True,True,1
avcil,42,9,75,6,sharpen knife,"child speech, kid speaking",True,True,1
avcil,42,9,75,7,sharpen knife,baby laughter,True,True,1
avcil,42,9,75,41,sharpen knife,playing squash,True,True,3
avcil,42,9,75,43,sharpen knife,beat boxing,True,True,2
avcil,42,9,75,56,sharpen knife,arc welding,True,True,1
avcil,42,9,75,75,sharpen knife,sharpen knife,True,True,22
avcil,42,9,75,80,sharpen knife,"electric shaver, electric razor shaving",True,True,11
avcil,42,9,75,83,sharpen knife,tapping guitar,True,True,1
avcil,42,9,75,86,sharpen knife,police radio chatter,True,True,1
avcil,42,9,75,91,sharpen knife,"male speech, man speaking",True,False,1
avcil,42,9,75,98,sharpen knife,people booing,True,False,1
avcil,42,9,75,99,sharpen knife,dog growling,True,False,3
avcil,42,9,76,11,"playing violin, fiddle",playing banjo,True,True,1
avcil,42,9,76,13,"playing violin, fiddle",playing bagpipes,True,True,2
avcil,42,9,76,24,"playing violin, fiddle",playing electronic organ,True,True,2
avcil,42,9,76,31,"playing violin, fiddle",playing erhu,True,True,3
avcil,42,9,76,44,"playing violin, fiddle",playing cello,True,True,1
avcil,42,9,76,45,"playing violin, fiddle",playing cornet,True,True,2
avcil,42,9,76,47,"playing violin, fiddle","playing steel guitar, slide guitar",True,True,1
avcil,42,9,76,52,"playing violin, fiddle","playing marimba, xylophone",True,True,1
avcil,42,9,76,54,"playing violin, fiddle",playing saxophone,True,True,1
avcil,42,9,76,58,"playing violin, fiddle",playing piano,True,True,1
avcil,42,9,76,64,"playing violin, fiddle",playing mandolin,True,True,1
avcil,42,9,76,68,"playing violin, fiddle",singing choir,True,True,1
avcil,42,9,76,69,"playing violin, fiddle",playing flute,True,True,1
avcil,42,9,76,70,"playing violin, fiddle",playing acoustic guitar,True,True,2
avcil,42,9,76,74,"playing violin, fiddle",yodelling,True,True,4
avcil,42,9,76,76,"playing violin, fiddle","playing violin, fiddle",True,True,14
avcil,42,9,76,83,"playing violin, fiddle",tapping guitar,True,True,1
avcil,42,9,76,85,"playing violin, fiddle",playing bassoon,True,True,1
avcil,42,9,76,87,"playing violin, fiddle",playing sitar,True,True,4
avcil,42,9,76,88,"playing violin, fiddle",playing electric guitar,True,True,3
avcil,42,9,76,89,"playing violin, fiddle",people whistling,True,True,2
avcil,42,9,76,94,"playing violin, fiddle",playing clarinet,True,False,1
avcil,42,9,77,6,printer printing,"child speech, kid speaking",True,True,3
avcil,42,9,77,17,printer printing,people whispering,True,True,1
avcil,42,9,77,28,printer printing,goose honking,True,True,1
avcil,42,9,77,33,printer printing,playing synthesizer,True,True,2
avcil,42,9,77,56,printer printing,arc welding,True,True,1
avcil,42,9,77,60,printer printing,"pigeon, dove cooing",True,True,2
avcil,42,9,77,65,printer printing,"female speech, woman speaking",True,True,1
avcil,42,9,77,77,printer printing,printer printing,True,True,38
avcil,42,9,77,80,printer printing,"electric shaver, electric razor shaving",True,True,1
avcil,42,9,78,1,planing timber,child singing,True,True,1
avcil,42,9,78,4,planing timber,cap gun shooting,True,True,1
avcil,42,9,78,6,planing timber,"child speech, kid speaking",True,True,1
avcil,42,9,78,17,planing timber,people whispering,True,True,1
avcil,42,9,78,18,planing timber,lathe spinning,True,True,3
avcil,42,9,78,25,planing timber,bowling impact,True,True,1
avcil,42,9,78,40,planing timber,vacuum cleaner cleaning floors,True,True,1
avcil,42,9,78,41,planing timber,playing squash,True,True,3
avcil,42,9,78,56,planing timber,arc welding,True,True,4
avcil,42,9,78,57,planing timber,mynah bird singing,True,True,1
avcil,42,9,78,61,planing timber,"race car, auto racing",True,True,1
avcil,42,9,78,65,planing timber,"female speech, woman speaking",True,True,1
avcil,42,9,78,73,planing timber,woodpecker pecking tree,True,True,1
avcil,42,9,78,75,planing timber,sharpen knife,True,True,3
avcil,42,9,78,78,planing timber,planing timber,True,True,16
avcil,42,9,78,80,planing timber,"electric shaver, electric razor shaving",True,True,6
avcil,42,9,78,86,planing timber,police radio chatter,True,True,2
avcil,42,9,78,88,planing timber,playing electric guitar,True,True,1
avcil,42,9,78,99,planing timber,dog growling,True,False,2
avcil,42,9,79,6,lawn mowing,"child speech, kid speaking",True,True,1
avcil,42,9,79,16,lawn mowing,tractor digging,True,True,1
avcil,42,9,79,18,lawn mowing,lathe spinning,True,True,1
avcil,42,9,79,30,lawn mowing,helicopter,True,True,2
avcil,42,9,79,39,lawn mowing,driving motorcycle,True,True,7
avcil,42,9,79,46,lawn mowing,wind noise,True,True,1
avcil,42,9,79,50,lawn mowing,roller coaster running,True,True,1
avcil,42,9,79,55,lawn mowing,"subway, metro, underground",True,True,1
avcil,42,9,79,56,lawn mowing,arc welding,True,True,1
avcil,42,9,79,60,lawn mowing,"pigeon, dove cooing",True,True,2
avcil,42,9,79,61,lawn mowing,"race car, auto racing",True,True,6
avcil,42,9,79,77,lawn mowing,printer printing,True,True,1
avcil,42,9,79,79,lawn mowing,lawn mowing,True,True,17
avcil,42,9,79,84,lawn mowing,stream burbling,True,True,5
avcil,42,9,79,88,lawn mowing,playing electric guitar,True,True,2
avcil,42,9,79,91,lawn mowing,"male speech, man speaking",True,False,1
avcil,42,9,80,10,"electric shaver, electric razor shaving",playing bass drum,True,True,1
avcil,42,9,80,41,"electric shaver, electric razor shaving",playing squash,True,True,1
avcil,42,9,80,43,"electric shaver, electric razor shaving",beat boxing,True,True,1
avcil,42,9,80,75,"electric shaver, electric razor shaving",sharpen knife,True,True,1
avcil,42,9,80,78,"electric shaver, electric razor shaving",planing timber,True,True,3
avcil,42,9,80,80,"electric shaver, electric razor shaving","electric shaver, electric razor shaving",True,True,41
avcil,42,9,80,85,"electric shaver, electric razor shaving",playing bassoon,True,True,1
avcil,42,9,80,86,"electric shaver, electric razor shaving",police radio chatter,True,True,1
avcil,42,9,81,6,fireworks banging,"child speech, kid speaking",True,True,1
avcil,42,9,81,8,fireworks banging,playing table tennis,True,True,1
avcil,42,9,81,9,fireworks banging,lighting firecrackers,True,True,6
avcil,42,9,81,10,fireworks banging,playing bass drum,True,True,1
avcil,42,9,81,27,fireworks banging,playing bass guitar,True,True,1
avcil,42,9,81,28,fireworks banging,goose honking,True,True,2
avcil,42,9,81,43,fireworks banging,beat boxing,True,True,1
avcil,42,9,81,60,fireworks banging,"pigeon, dove cooing",True,True,1
avcil,42,9,81,62,fireworks banging,people crowd,True,True,2
avcil,42,9,81,65,fireworks banging,"female speech, woman speaking",True,True,1
avcil,42,9,81,66,fireworks banging,volcano explosion,True,True,1
avcil,42,9,81,77,fireworks banging,printer printing,True,True,1
avcil,42,9,81,80,fireworks banging,"electric shaver, electric razor shaving",True,True,1
avcil,42,9,81,81,fireworks banging,fireworks banging,True,True,26
avcil,42,9,81,86,fireworks banging,police radio chatter,True,True,1
avcil,42,9,81,88,fireworks banging,playing electric guitar,True,True,2
avcil,42,9,81,98,fireworks banging,people booing,True,False,1
avcil,42,9,82,4,tap dancing,cap gun shooting,True,True,2
avcil,42,9,82,5,tap dancing,rope skipping,True,True,4
avcil,42,9,82,8,tap dancing,playing table tennis,True,True,1
avcil,42,9,82,59,tap dancing,playing bongo,True,True,2
avcil,42,9,82,60,tap dancing,"pigeon, dove cooing",True,True,1
avcil,42,9,82,82,tap dancing,tap dancing,True,True,40
avcil,42,9,83,11,tapping guitar,playing banjo,True,True,2
avcil,42,9,83,21,tapping guitar,playing hammond organ,True,True,2
avcil,42,9,83,27,tapping guitar,playing bass guitar,True,True,3
avcil,42,9,83,31,tapping guitar,playing erhu,True,True,2
avcil,42,9,83,44,tapping guitar,playing cello,True,True,2
avcil,42,9,83,54,tapping guitar,playing saxophone,True,True,2
avcil,42,9,83,56,tapping guitar,arc welding,True,True,1
avcil,42,9,83,58,tapping guitar,playing piano,True,True,2
avcil,42,9,83,62,tapping guitar,people crowd,True,True,1
avcil,42,9,83,64,tapping guitar,playing mandolin,True,True,1
avcil,42,9,83,70,tapping guitar,playing acoustic guitar,True,True,4
avcil,42,9,83,76,tapping guitar,"playing violin, fiddle",True,True,1
avcil,42,9,83,83,tapping guitar,tapping guitar,True,True,4
avcil,42,9,83,87,tapping guitar,playing sitar,True,True,1
avcil,42,9,83,88,tapping guitar,playing electric guitar,True,True,20
avcil,42,9,83,89,tapping guitar,people whistling,True,True,1
avcil,42,9,83,91,tapping guitar,"male speech, man speaking",True,False,1
avcil,42,9,84,6,stream burbling,"child speech, kid speaking",True,True,1
avcil,42,9,84,9,stream burbling,lighting firecrackers,True,True,2
avcil,42,9,84,16,stream burbling,tractor digging,True,True,1
avcil,42,9,84,17,stream burbling,people whispering,True,True,1
avcil,42,9,84,22,stream burbling,police car (siren),True,True,1
avcil,42,9,84,25,stream burbling,bowling impact,True,True,1
avcil,42,9,84,28,stream burbling,goose honking,True,True,2
avcil,42,9,84,30,stream burbling,helicopter,True,True,1
avcil,42,9,84,46,stream burbling,wind noise,True,True,2
avcil,42,9,84,51,stream burbling,missile launch,True,True,1
avcil,42,9,84,55,stream burbling,"subway, metro, underground",True,True,1
avcil,42,9,84,61,stream burbling,"race car, auto racing",True,True,1
avcil,42,9,84,62,stream burbling,people crowd,True,True,1
avcil,42,9,84,67,stream burbling,ocean burbling,True,True,2
avcil,42,9,84,72,stream burbling,pheasant crowing,True,True,1
avcil,42,9,84,73,stream burbling,woodpecker pecking tree,True,True,2
avcil,42,9,84,75,stream burbling,sharpen knife,True,True,1
avcil,42,9,84,77,stream burbling,printer printing,True,True,2
avcil,42,9,84,79,stream burbling,lawn mowing,True,True,4
avcil,42,9,84,80,stream burbling,"electric shaver, electric razor shaving",True,True,2
avcil,42,9,84,84,stream burbling,stream burbling,True,True,17
avcil,42,9,84,86,stream burbling,police radio chatter,True,True,1
avcil,42,9,84,89,stream burbling,people whistling,True,True,1
avcil,42,9,84,96,stream burbling,hail,True,False,1
avcil,42,9,85,14,playing bassoon,playing french horn,True,True,1
avcil,42,9,85,29,playing bassoon,playing trombone,True,True,1
avcil,42,9,85,44,playing bassoon,playing cello,True,True,1
avcil,42,9,85,74,playing bassoon,yodelling,True,True,2
avcil,42,9,85,85,playing bassoon,playing bassoon,True,True,43
avcil,42,9,85,89,playing bassoon,people whistling,True,True,1
avcil,42,9,85,93,playing bassoon,playing tabla,True,False,1
avcil,42,9,86,25,police radio chatter,bowling impact,True,True,1
avcil,42,9,86,43,police radio chatter,beat boxing,True,True,1
avcil,42,9,86,57,police radio chatter,mynah bird singing,True,True,1
avcil,42,9,86,65,police radio chatter,"female speech, woman speaking",True,True,2
avcil,42,9,86,86,police radio chatter,police radio chatter,True,True,45
avcil,42,9,87,1,playing sitar,child singing,True,True,4
avcil,42,9,87,42,playing sitar,slot machine,True,True,1
avcil,42,9,87,44,playing sitar,playing cello,True,True,3
avcil,42,9,87,47,playing sitar,"playing steel guitar, slide guitar",True,True,1
avcil,42,9,87,48,playing sitar,orchestra,True,True,2
avcil,42,9,87,54,playing sitar,playing saxophone,True,True,5
avcil,42,9,87,64,playing sitar,playing mandolin,True,True,1
avcil,42,9,87,65,playing sitar,"female speech, woman speaking",True,True,2
avcil,42,9,87,70,playing sitar,playing acoustic guitar,True,True,2
avcil,42,9,87,74,playing sitar,yodelling,True,True,3
avcil,42,9,87,76,playing sitar,"playing violin, fiddle",True,True,2
avcil,42,9,87,78,playing sitar,planing timber,True,True,1
avcil,42,9,87,85,playing sitar,playing bassoon,True,True,2
avcil,42,9,87,87,playing sitar,playing sitar,True,True,7
avcil,42,9,87,88,playing sitar,playing electric guitar,True,True,13
avcil,42,9,87,89,playing sitar,people whistling,True,True,1
avcil,42,9,88,14,playing electric guitar,playing french horn,True,True,1
avcil,42,9,88,26,playing electric guitar,people marching,True,True,1
avcil,42,9,88,27,playing electric guitar,playing bass guitar,True,True,8
avcil,42,9,88,31,playing electric guitar,playing erhu,True,True,1
avcil,42,9,88,33,playing electric guitar,playing synthesizer,True,True,1
avcil,42,9,88,44,playing electric guitar,playing cello,True,True,1
avcil,42,9,88,48,playing electric guitar,orchestra,True,True,1
avcil,42,9,88,49,playing electric guitar,playing harp,True,True,1
avcil,42,9,88,54,playing electric guitar,playing saxophone,True,True,1
avcil,42,9,88,58,playing electric guitar,playing piano,True,True,3
avcil,42,9,88,69,playing electric guitar,playing flute,True,True,1
avcil,42,9,88,70,playing electric guitar,playing acoustic guitar,True,True,4
avcil,42,9,88,85,playing electric guitar,playing bassoon,True,True,1
avcil,42,9,88,87,playing electric guitar,playing sitar,True,True,1
avcil,42,9,88,88,playing electric guitar,playing electric guitar,True,True,22
avcil,42,9,88,91,playing electric guitar,"male speech, man speaking",True,False,1
avcil,42,9,88,94,playing electric guitar,playing clarinet,True,False,1
avcil,42,9,89,1,people whistling,child singing,True,True,2
avcil,42,9,89,6,people whistling,"child speech, kid speaking",True,True,5
avcil,42,9,89,17,people whistling,people whispering,True,True,1
avcil,42,9,89,22,people whistling,police car (siren),True,True,1
avcil,42,9,89,28,people whistling,goose honking,True,True,1
avcil,42,9,89,34,people whistling,cat purring,True,True,1
avcil,42,9,89,41,people whistling,playing squash,True,True,2
avcil,42,9,89,60,people whistling,"pigeon, dove cooing",True,True,1
avcil,42,9,89,65,people whistling,"female speech, woman speaking",True,True,4
avcil,42,9,89,70,people whistling,playing acoustic guitar,True,True,1
avcil,42,9,89,80,people whistling,"electric shaver, electric razor shaving",True,True,1
avcil,42,9,89,85,people whistling,playing bassoon,True,True,1
avcil,42,9,89,88,people whistling,playing electric guitar,True,True,2
avcil,42,9,89,89,people whistling,people whistling,True,True,24
avcil,42,9,89,91,people whistling,"male speech, man speaking",True,False,2
avcil,42,9,89,94,people whistling,playing clarinet,True,False,1
avcil,42,9,90,6,playing double bass,"child speech, kid speaking",False,True,1
avcil,42,9,90,10,playing double bass,playing bass drum,False,True,1
avcil,42,9,90,21,playing double bass,playing hammond organ,False,True,1
avcil,42,9,90,26,playing double bass,people marching,False,True,1
avcil,42,9,90,27,playing double bass,playing bass guitar,False,True,2
avcil,42,9,90,29,playing double bass,playing trombone,False,True,1
avcil,42,9,90,38,playing double bass,playing tambourine,False,True,1
avcil,42,9,90,44,playing double bass,playing cello,False,True,2
avcil,42,9,90,54,playing double bass,playing saxophone,False,True,2
avcil,42,9,90,70,playing double bass,playing acoustic guitar,False,True,1
avcil,42,9,90,80,playing double bass,"electric shaver, electric razor shaving",False,True,2
avcil,42,9,90,83,playing double bass,tapping guitar,False,True,1
avcil,42,9,90,85,playing double bass,playing bassoon,False,True,3
avcil,42,9,90,88,playing double bass,playing electric guitar,False,True,2
avcil,42,9,90,89,playing double bass,people whistling,False,True,1
avcil,42,9,90,90,playing double bass,playing double bass,False,False,28
avcil,42,9,91,6,"male speech, man speaking","child speech, kid speaking",False,True,3
avcil,42,9,91,8,"male speech, man speaking",playing table tennis,False,True,1
avcil,42,9,91,10,"male speech, man speaking",playing bass drum,False,True,1
avcil,42,9,91,14,"male speech, man speaking",playing french horn,False,True,1
avcil,42,9,91,17,"male speech, man speaking",people whispering,False,True,1
avcil,42,9,91,23,"male speech, man speaking",people cheering,False,True,2
avcil,42,9,91,26,"male speech, man speaking",people marching,False,True,2
avcil,42,9,91,27,"male speech, man speaking",playing bass guitar,False,True,1
avcil,42,9,91,28,"male speech, man speaking",goose honking,False,True,3
avcil,42,9,91,38,"male speech, man speaking",playing tambourine,False,True,2
avcil,42,9,91,41,"male speech, man speaking",playing squash,False,True,1
avcil,42,9,91,43,"male speech, man speaking",beat boxing,False,True,5
avcil,42,9,91,55,"male speech, man speaking","subway, metro, underground",False,True,1
avcil,42,9,91,57,"male speech, man speaking",mynah bird singing,False,True,2
avcil,42,9,91,62,"male speech, man speaking",people crowd,False,True,1
avcil,42,9,91,65,"male speech, man speaking","female speech, woman speaking",False,True,6
avcil,42,9,91,84,"male speech, man speaking",stream burbling,False,True,1
avcil,42,9,91,87,"male speech, man speaking",playing sitar,False,True,1
avcil,42,9,91,88,"male speech, man speaking",playing electric guitar,False,True,4
avcil,42,9,91,89,"male speech, man speaking",people whistling,False,True,1
avcil,42,9,91,91,"male speech, man speaking","male speech, man speaking",False,False,9
avcil,42,9,91,96,"male speech, man speaking",hail,False,False,1
avcil,42,9,92,1,playing accordion,child singing,False,True,2
avcil,42,9,92,10,playing accordion,playing bass drum,False,True,1
avcil,42,9,92,11,playing accordion,playing banjo,False,True,6
avcil,42,9,92,14,playing accordion,playing french horn,False,True,1
avcil,42,9,92,24,playing accordion,playing electronic organ,False,True,1
avcil,42,9,92,26,playing accordion,people marching,False,True,1
avcil,42,9,92,28,playing accordion,goose honking,False,True,1
avcil,42,9,92,38,playing accordion,playing tambourine,False,True,1
avcil,42,9,92,44,playing accordion,playing cello,False,True,1
avcil,42,9,92,45,playing accordion,playing cornet,False,True,1
avcil,42,9,92,48,playing accordion,orchestra,False,True,2
avcil,42,9,92,54,playing accordion,playing saxophone,False,True,8
avcil,42,9,92,65,playing accordion,"female speech, woman speaking",False,True,1
avcil,42,9,92,70,playing accordion,playing acoustic guitar,False,True,2
avcil,42,9,92,74,playing accordion,yodelling,False,True,1
avcil,42,9,92,76,playing accordion,"playing violin, fiddle",False,True,8
avcil,42,9,92,87,playing accordion,playing sitar,False,True,3
avcil,42,9,92,88,playing accordion,playing electric guitar,False,True,4
avcil,42,9,92,91,playing accordion,"male speech, man speaking",False,False,1
avcil,42,9,92,92,playing accordion,playing accordion,False,False,4
avcil,42,9,93,1,playing tabla,child singing,False,True,4
avcil,42,9,93,10,playing tabla,playing bass drum,False,True,6
avcil,42,9,93,11,playing tabla,playing banjo,False,True,2
avcil,42,9,93,19,playing tabla,playing theremin,False,True,1
avcil,42,9,93,20,playing tabla,playing glockenspiel,False,True,1
avcil,42,9,93,48,playing tabla,orchestra,False,True,3
avcil,42,9,93,54,playing tabla,playing saxophone,False,True,2
avcil,42,9,93,59,playing tabla,playing bongo,False,True,1
avcil,42,9,93,62,playing tabla,people crowd,False,True,1
avcil,42,9,93,65,playing tabla,"female speech, woman speaking",False,True,1
avcil,42,9,93,68,playing tabla,singing choir,False,True,2
avcil,42,9,93,70,playing tabla,playing acoustic guitar,False,True,4
avcil,42,9,93,74,playing tabla,yodelling,False,True,1
avcil,42,9,93,76,playing tabla,"playing violin, fiddle",False,True,1
avcil,42,9,93,81,playing tabla,fireworks banging,False,True,1
avcil,42,9,93,82,playing tabla,tap dancing,False,True,1
avcil,42,9,93,87,playing tabla,playing sitar,False,True,4
avcil,42,9,93,88,playing tabla,playing electric guitar,False,True,10
avcil,42,9,93,90,playing tabla,playing double bass,False,False,1
avcil,42,9,93,93,playing tabla,playing tabla,False,False,3
avcil,42,9,94,1,playing clarinet,child singing,False,True,2
avcil,42,9,94,14,playing clarinet,playing french horn,False,True,2
avcil,42,9,94,19,playing clarinet,playing theremin,False,True,1
avcil,42,9,94,21,playing clarinet,playing hammond organ,False,True,3
avcil,42,9,94,29,playing clarinet,playing trombone,False,True,2
avcil,42,9,94,43,playing clarinet,beat boxing,False,True,1
avcil,42,9,94,44,playing clarinet,playing cello,False,True,3
avcil,42,9,94,45,playing clarinet,playing cornet,False,True,1
avcil,42,9,94,48,playing clarinet,orchestra,False,True,1
avcil,42,9,94,49,playing clarinet,playing harp,False,True,2
avcil,42,9,94,54,playing clarinet,playing saxophone,False,True,4
avcil,42,9,94,69,playing clarinet,playing flute,False,True,4
avcil,42,9,94,70,playing clarinet,playing acoustic guitar,False,True,2
avcil,42,9,94,74,playing clarinet,yodelling,False,True,1
avcil,42,9,94,76,playing clarinet,"playing violin, fiddle",False,True,8
avcil,42,9,94,85,playing clarinet,playing bassoon,False,True,5
avcil,42,9,94,87,playing clarinet,playing sitar,False,True,1
avcil,42,9,94,88,playing clarinet,playing electric guitar,False,True,3
avcil,42,9,94,89,playing clarinet,people whistling,False,True,1
avcil,42,9,94,94,playing clarinet,playing clarinet,False,False,3
avcil,42,9,95,6,playing harpsichord,"child speech, kid speaking",False,True,1
avcil,42,9,95,10,playing harpsichord,playing bass drum,False,True,1
avcil,42,9,95,11,playing harpsichord,playing banjo,False,True,1
avcil,42,9,95,19,playing harpsichord,playing theremin,False,True,1
avcil,42,9,95,21,playing harpsichord,playing hammond organ,False,True,2
avcil,42,9,95,24,playing harpsichord,playing electronic organ,False,True,1
avcil,42,9,95,29,playing harpsichord,playing trombone,False,True,1
avcil,42,9,95,33,playing harpsichord,playing synthesizer,False,True,1
avcil,42,9,95,48,playing harpsichord,orchestra,False,True,2
avcil,42,9,95,49,playing harpsichord,playing harp,False,True,2
avcil,42,9,95,52,playing harpsichord,"playing marimba, xylophone",False,True,1
avcil,42,9,95,54,playing harpsichord,playing saxophone,False,True,1
avcil,42,9,95,58,playing harpsichord,playing piano,False,True,2
avcil,42,9,95,70,playing harpsichord,playing acoustic guitar,False,True,1
avcil,42,9,95,74,playing harpsichord,yodelling,False,True,2
avcil,42,9,95,76,playing harpsichord,"playing violin, fiddle",False,True,2
avcil,42,9,95,87,playing harpsichord,playing sitar,False,True,2
avcil,42,9,95,88,playing harpsichord,playing electric guitar,False,True,10
avcil,42,9,95,95,playing harpsichord,playing harpsichord,False,False,16
avcil,42,9,96,9,hail,lighting firecrackers,False,True,1
avcil,42,9,96,18,hail,lathe spinning,False,True,2
avcil,42,9,96,28,hail,goose honking,False,True,1
avcil,42,9,96,30,hail,helicopter,False,True,2
avcil,42,9,96,50,hail,roller coaster running,False,True,1
avcil,42,9,96,79,hail,lawn mowing,False,True,2
avcil,42,9,96,84,hail,stream burbling,False,True,1
avcil,42,9,96,86,hail,police radio chatter,False,True,1
avcil,42,9,96,96,hail,hail,False,False,39
avcil,42,9,97,1,playing cymbal,child singing,False,True,1
avcil,42,9,97,10,playing cymbal,playing bass drum,False,True,23
avcil,42,9,97,27,playing cymbal,playing bass guitar,False,True,2
avcil,42,9,97,38,playing cymbal,playing tambourine,False,True,1
avcil,42,9,97,41,playing cymbal,playing squash,False,True,1
avcil,42,9,97,43,playing cymbal,beat boxing,False,True,5
avcil,42,9,97,65,playing cymbal,"female speech, woman speaking",False,True,2
avcil,42,9,97,74,playing cymbal,yodelling,False,True,2
avcil,42,9,97,77,playing cymbal,printer printing,False,True,1
avcil,42,9,97,80,playing cymbal,"electric shaver, electric razor shaving",False,True,2
avcil,42,9,97,82,playing cymbal,tap dancing,False,True,4
avcil,42,9,97,86,playing cymbal,police radio chatter,False,True,1
avcil,42,9,97,88,playing cymbal,playing electric guitar,False,True,4
avcil,42,9,97,97,playing cymbal,playing cymbal,False,False,1
avcil,42,9,98,21,people booing,playing hammond organ,False,True,1
avcil,42,9,98,23,people booing,people cheering,False,True,4
avcil,42,9,98,25,people booing,bowling impact,False,True,1
avcil,42,9,98,26,people booing,people marching,False,True,1
avcil,42,9,98,41,people booing,playing squash,False,True,2
avcil,42,9,98,50,people booing,roller coaster running,False,True,1
avcil,42,9,98,62,people booing,people crowd,False,True,9
avcil,42,9,98,74,people booing,yodelling,False,True,3
avcil,42,9,98,82,people booing,tap dancing,False,True,1
avcil,42,9,98,86,people booing,police radio chatter,False,True,3
avcil,42,9,98,98,people booing,people booing,False,False,24
avcil,42,9,99,2,dog growling,"heart sounds, heartbeat",False,True,1
avcil,42,9,99,4,dog growling,cap gun shooting,False,True,1
avcil,42,9,99,6,dog growling,"child speech, kid speaking",False,True,6
avcil,42,9,99,7,dog growling,baby laughter,False,True,1
avcil,42,9,99,9,dog growling,lighting firecrackers,False,True,1
avcil,42,9,99,28,dog growling,goose honking,False,True,2
avcil,42,9,99,40,dog growling,vacuum cleaner cleaning floors,False,True,1
avcil,42,9,99,60,dog growling,"pigeon, dove cooing",False,True,3
avcil,42,9,99,62,dog growling,people crowd,False,True,1
avcil,42,9,99,65,dog growling,"female speech, woman speaking",False,True,1
avcil,42,9,99,77,dog growling,printer printing,False,True,2
avcil,42,9,99,80,dog growling,"electric shaver, electric razor shaving",False,True,1
avcil,42,9,99,84,dog growling,stream burbling,False,True,1
avcil,42,9,99,86,dog growling,police radio chatter,False,True,1
avcil,42,9,99,88,dog growling,playing electric guitar,False,True,1
avcil,42,9,99,89,dog growling,people whistling,False,True,3
avcil,42,9,99,91,dog growling,"male speech, man speaking",False,False,3
avcil,42,9,99,99,dog growling,dog growling,False,False,20
hinge_A,42,1,0,0,playing volleyball,playing volleyball,True,True,43
hinge_A,42,1,0,1,playing volleyball,child singing,True,True,1
hinge_A,42,1,0,5,playing volleyball,rope skipping,True,True,1
hinge_A,42,1,0,6,playing volleyball,"child speech, kid speaking",True,True,1
hinge_A,42,1,0,8,playing volleyball,playing table tennis,True,True,1
hinge_A,42,1,0,17,playing volleyball,people whispering,True,False,3
hinge_A,42,1,1,1,child singing,child singing,True,True,32
hinge_A,42,1,1,3,child singing,singing bowl,True,True,1
hinge_A,42,1,1,6,child singing,"child speech, kid speaking",True,True,8
hinge_A,42,1,1,7,child singing,baby laughter,True,True,2
hinge_A,42,1,1,9,child singing,lighting firecrackers,True,True,2
hinge_A,42,1,1,10,child singing,playing bass drum,True,False,1
hinge_A,42,1,1,11,child singing,playing banjo,True,False,2
hinge_A,42,1,1,14,child singing,playing french horn,True,False,1
hinge_A,42,1,1,17,child singing,people whispering,True,False,1
hinge_A,42,1,2,2,"heart sounds, heartbeat","heart sounds, heartbeat",True,True,43
hinge_A,42,1,2,6,"heart sounds, heartbeat","child speech, kid speaking",True,True,1
hinge_A,42,1,2,9,"heart sounds, heartbeat",lighting firecrackers,True,True,1
hinge_A,42,1,2,16,"heart sounds, heartbeat",tractor digging,True,False,1
hinge_A,42,1,2,17,"heart sounds, heartbeat",people whispering,True,False,4
hinge_A,42,1,3,1,singing bowl,child singing,True,True,1
hinge_A,42,1,3,3,singing bowl,singing bowl,True,True,42
hinge_A,42,1,3,6,singing bowl,"child speech, kid speaking",True,True,1
hinge_A,42,1,3,7,singing bowl,baby laughter,True,True,1
hinge_A,42,1,3,9,singing bowl,lighting firecrackers,True,True,1
hinge_A,42,1,3,10,singing bowl,playing bass drum,True,False,1
hinge_A,42,1,3,19,singing bowl,playing theremin,True,False,3
hinge_A,42,1,4,4,cap gun shooting,cap gun shooting,True,True,22
hinge_A,42,1,4,6,cap gun shooting,"child speech, kid speaking",True,True,3
hinge_A,42,1,4,7,cap gun shooting,baby laughter,True,True,1
hinge_A,42,1,4,9,cap gun shooting,lighting firecrackers,True,True,2
hinge_A,42,1,4,17,cap gun shooting,people whispering,True,False,21
hinge_A,42,1,4,18,cap gun shooting,lathe spinning,True,False,1
hinge_A,42,1,5,1,rope skipping,child singing,True,True,1
hinge_A,42,1,5,5,rope skipping,rope skipping,True,True,37
hinge_A,42,1,5,6,rope skipping,"child speech, kid speaking",True,True,1
hinge_A,42,1,5,8,rope skipping,playing table tennis,True,True,6
hinge_A,42,1,5,9,rope skipping,lighting firecrackers,True,True,1
hinge_A,42,1,5,10,rope skipping,playing bass drum,True,False,3
hinge_A,42,1,5,17,rope skipping,people whispering,True,False,1
hinge_A,42,1,6,0,"child speech, kid speaking",playing volleyball,True,True,1
hinge_A,42,1,6,1,"child speech, kid speaking",child singing,True,True,4
hinge_A,42,1,6,5,"child speech, kid speaking",rope skipping,True,True,1
hinge_A,42,1,6,6,"child speech, kid speaking","child speech, kid speaking",True,True,29
hinge_A,42,1,6,7,"child speech, kid speaking",baby laughter,True,True,3
hinge_A,42,1,6,9,"child speech, kid speaking",lighting firecrackers,True,True,2
hinge_A,42,1,6,17,"child speech, kid speaking",people whispering,True,False,9
hinge_A,42,1,6,19,"child speech, kid speaking",playing theremin,True,False,1
hinge_A,42,1,7,0,baby laughter,playing volleyball,True,True,2
hinge_A,42,1,7,1,baby laughter,child singing,True,True,2
hinge_A,42,1,7,6,baby laughter,"child speech, kid speaking",True,True,8
hinge_A,42,1,7,7,baby laughter,baby laughter,True,True,34
hinge_A,42,1,7,10,baby laughter,playing bass drum,True,False,1
hinge_A,42,1,7,17,baby laughter,people whispering,True,False,3
hinge_A,42,1,8,5,playing table tennis,rope skipping,True,True,2
hinge_A,42,1,8,8,playing table tennis,playing table tennis,True,True,45
hinge_A,42,1,8,10,playing table tennis,playing bass drum,True,False,2
hinge_A,42,1,8,16,playing table tennis,tractor digging,True,False,1
hinge_A,42,1,9,4,lighting firecrackers,cap gun shooting,True,True,2
hinge_A,42,1,9,6,lighting firecrackers,"child speech, kid speaking",True,True,2
hinge_A,42,1,9,9,lighting firecrackers,lighting firecrackers,True,True,31
hinge_A,42,1,9,10,lighting firecrackers,playing bass drum,True,False,4
hinge_A,42,1,9,17,lighting firecrackers,people whispering,True,False,11
hinge_A,42,1,10,1,playing bass drum,child singing,False,True,1
hinge_A,42,1,10,2,playing bass drum,"heart sounds, heartbeat",False,True,2
hinge_A,42,1,10,5,playing bass drum,rope skipping,False,True,1
hinge_A,42,1,10,9,playing bass drum,lighting firecrackers,False,True,1
hinge_A,42,1,10,10,playing bass drum,playing bass drum,False,False,45
hinge_A,42,1,11,1,playing banjo,child singing,False,True,27
hinge_A,42,1,11,3,playing banjo,singing bowl,False,True,1
hinge_A,42,1,11,6,playing banjo,"child speech, kid speaking",False,True,3
hinge_A,42,1,11,10,playing banjo,playing bass drum,False,False,1
hinge_A,42,1,11,11,playing banjo,playing banjo,False,False,16
hinge_A,42,1,11,17,playing banjo,people whispering,False,False,1
hinge_A,42,1,11,18,playing banjo,lathe spinning,False,False,1
hinge_A,42,1,12,1,fire truck siren,child singing,False,True,7
hinge_A,42,1,12,6,fire truck siren,"child speech, kid speaking",False,True,2
hinge_A,42,1,12,8,fire truck siren,playing table tennis,False,True,1
hinge_A,42,1,12,9,fire truck siren,lighting firecrackers,False,True,3
hinge_A,42,1,12,12,fire truck siren,fire truck siren,False,False,34
hinge_A,42,1,12,15,fire truck siren,civil defense siren,False,False,1
hinge_A,42,1,12,16,fire truck siren,tractor digging,False,False,2
hinge_A,42,1,13,0,playing bagpipes,playing volleyball,False,True,2
hinge_A,42,1,13,1,playing bagpipes,child singing,False,True,25
hinge_A,42,1,13,3,playing bagpipes,singing bowl,False,True,2
hinge_A,42,1,13,5,playing bagpipes,rope skipping,False,True,1
hinge_A,42,1,13,6,playing bagpipes,"child speech, kid speaking",False,True,1
hinge_A,42,1,13,9,playing bagpipes,lighting firecrackers,False,True,1
hinge_A,42,1,13,13,playing bagpipes,playing bagpipes,False,False,17
hinge_A,42,1,13,14,playing bagpipes,playing french horn,False,False,1
hinge_A,42,1,14,1,playing french horn,child singing,False,True,27
hinge_A,42,1,14,3,playing french horn,singing bowl,False,True,8
hinge_A,42,1,14,6,playing french horn,"child speech, kid speaking",False,True,2
hinge_A,42,1,14,14,playing french horn,playing french horn,False,False,13
hinge_A,42,1,15,0,civil defense siren,playing volleyball,False,True,1
hinge_A,42,1,15,1,civil defense siren,child singing,False,True,14
hinge_A,42,1,15,3,civil defense siren,singing bowl,False,True,8
hinge_A,42,1,15,5,civil defense siren,rope skipping,False,True,1
hinge_A,42,1,15,12,civil defense siren,fire truck siren,False,False,2
hinge_A,42,1,15,15,civil defense siren,civil defense siren,False,False,23
hinge_A,42,1,15,19,civil defense siren,playing theremin,False,False,1
hinge_A,42,1,16,8,tractor digging,playing table tennis,False,True,1
hinge_A,42,1,16,9,tractor digging,lighting firecrackers,False,True,5
hinge_A,42,1,16,16,tractor digging,tractor digging,False,False,44
hinge_A,42,1,17,2,people whispering,"heart sounds, heartbeat",False,True,1
hinge_A,42,1,17,17,people whispering,people whispering,False,False,49
hinge_A,42,1,18,4,lathe spinning,cap gun shooting,False,True,2
hinge_A,42,1,18,5,lathe spinning,rope skipping,False,True,1
hinge_A,42,1,18,8,lathe spinning,playing table tennis,False,True,1
hinge_A,42,1,18,9,lathe spinning,lighting firecrackers,False,True,4
hinge_A,42,1,18,18,lathe spinning,lathe spinning,False,False,42
hinge_A,42,1,19,0,playing theremin,playing volleyball,False,True,1
hinge_A,42,1,19,1,playing theremin,child singing,False,True,13
hinge_A,42,1,19,3,playing theremin,singing bowl,False,True,13
hinge_A,42,1,19,5,playing theremin,rope skipping,False,True,1
hinge_A,42,1,19,6,playing theremin,"child speech, kid speaking",False,True,2
hinge_A,42,1,19,9,playing theremin,lighting firecrackers,False,True,2
hinge_A,42,1,19,10,playing theremin,playing bass drum,False,False,3
hinge_A,42,1,19,14,playing theremin,playing french horn,False,False,4
hinge_A,42,1,19,19,playing theremin,playing theremin,False,False,11
hinge_A,42,5,0,0,playing volleyball,playing volleyball,True,True,31
hinge_A,42,5,0,1,playing volleyball,child singing,True,True,1
hinge_A,42,5,0,6,playing volleyball,"child speech, kid speaking",True,True,1
hinge_A,42,5,0,16,playing volleyball,tractor digging,True,True,1
hinge_A,42,5,0,23,playing volleyball,people cheering,True,True,1
hinge_A,42,5,0,26,playing volleyball,people marching,True,True,1
hinge_A,42,5,0,28,playing volleyball,goose honking,True,True,1
hinge_A,42,5,0,35,playing volleyball,skiing,True,True,2
hinge_A,42,5,0,41,playing volleyball,playing squash,True,True,7
hinge_A,42,5,0,43,playing volleyball,beat boxing,True,True,2
hinge_A,42,5,0,57,playing volleyball,mynah bird singing,True,False,2
hinge_A,42,5,1,1,child singing,child singing,True,True,22
hinge_A,42,5,1,6,child singing,"child speech, kid speaking",True,True,6
hinge_A,42,5,1,7,child singing,baby laughter,True,True,2
hinge_A,42,5,1,9,child singing,lighting firecrackers,True,True,1
hinge_A,42,5,1,11,child singing,playing banjo,True,True,1
hinge_A,42,5,1,14,child singing,playing french horn,True,True,1
hinge_A,42,5,1,17,child singing,people whispering,True,True,1
hinge_A,42,5,1,18,child singing,lathe spinning,True,True,1
hinge_A,42,5,1,19,child singing,playing theremin,True,True,1
hinge_A,42,5,1,26,child singing,people marching,True,True,1
hinge_A,42,5,1,29,child singing,playing trombone,True,True,2
hinge_A,42,5,1,38,child singing,playing tambourine,True,True,1
hinge_A,42,5,1,44,child singing,playing cello,True,True,1
hinge_A,42,5,1,45,child singing,playing cornet,True,True,1
hinge_A,42,5,1,47,child singing,"playing steel guitar, slide guitar",True,True,4
hinge_A,42,5,1,48,child singing,orchestra,True,True,1
hinge_A,42,5,1,54,child singing,playing saxophone,True,False,3
hinge_A,42,5,2,2,"heart sounds, heartbeat","heart sounds, heartbeat",True,True,39
hinge_A,42,5,2,6,"heart sounds, heartbeat","child speech, kid speaking",True,True,1
hinge_A,42,5,2,17,"heart sounds, heartbeat",people whispering,True,True,3
hinge_A,42,5,2,18,"heart sounds, heartbeat",lathe spinning,True,True,1
hinge_A,42,5,2,28,"heart sounds, heartbeat",goose honking,True,True,1
hinge_A,42,5,2,33,"heart sounds, heartbeat",playing synthesizer,True,True,1
hinge_A,42,5,2,34,"heart sounds, heartbeat",cat purring,True,True,1
hinge_A,42,5,2,37,"heart sounds, heartbeat",scuba diving,True,True,1
hinge_A,42,5,2,46,"heart sounds, heartbeat",wind noise,True,True,2
hinge_A,42,5,3,3,singing bowl,singing bowl,True,True,12
hinge_A,42,5,3,6,singing bowl,"child speech, kid speaking",True,True,1
hinge_A,42,5,3,19,singing bowl,playing theremin,True,True,1
hinge_A,42,5,3,21,singing bowl,playing hammond organ,True,True,1
hinge_A,42,5,3,24,singing bowl,playing electronic organ,True,True,2
hinge_A,42,5,3,27,singing bowl,playing bass guitar,True,True,3
hinge_A,42,5,3,29,singing bowl,playing trombone,True,True,1
hinge_A,42,5,3,32,singing bowl,dog howling,True,True,2
hinge_A,42,5,3,33,singing bowl,playing synthesizer,True,True,5
hinge_A,42,5,3,40,singing bowl,vacuum cleaner cleaning floors,True,True,1
hinge_A,42,5,3,44,singing bowl,playing cello,True,True,2
hinge_A,42,5,3,47,singing bowl,"playing steel guitar, slide guitar",True,True,1
hinge_A,42,5,3,48,singing bowl,orchestra,True,True,2
hinge_A,42,5,3,49,singing bowl,playing harp,True,True,14
hinge_A,42,5,3,52,singing bowl,"playing marimba, xylophone",True,False,2
hinge_A,42,5,4,4,cap gun shooting,cap gun shooting,True,True,20
hinge_A,42,5,4,6,cap gun shooting,"child speech, kid speaking",True,True,7
hinge_A,42,5,4,9,cap gun shooting,lighting firecrackers,True,True,1
hinge_A,42,5,4,17,cap gun shooting,people whispering,True,True,7
hinge_A,42,5,4,28,cap gun shooting,goose honking,True,True,8
hinge_A,42,5,4,38,cap gun shooting,playing tambourine,True,True,1
hinge_A,42,5,4,43,cap gun shooting,beat boxing,True,True,2
hinge_A,42,5,4,46,cap gun shooting,wind noise,True,True,1
hinge_A,42,5,4,56,cap gun shooting,arc welding,True,False,2
hinge_A,42,5,4,57,cap gun shooting,mynah bird singing,True,False,1
hinge_A,42,5,5,1,rope skipping,child singing,True,True,1
hinge_A,42,5,5,5,rope skipping,rope skipping,True,True,23
hinge_A,42,5,5,8,rope skipping,playing table tennis,True,True,4
hinge_A,42,5,5,9,rope skipping,lighting firecrackers,True,True,1
hinge_A,42,5,5,10,rope skipping,playing bass drum,True,True,2
hinge_A,42,5,5,23,rope skipping,people cheering,True,True,1
hinge_A,42,5,5,25,rope skipping,bowling impact,True,True,2
hinge_A,42,5,5,35,rope skipping,skiing,True,True,1
hinge_A,42,5,5,38,rope skipping,playing tambourine,True,True,1
hinge_A,42,5,5,40,rope skipping,vacuum cleaner cleaning floors,True,True,1
hinge_A,42,5,5,41,rope skipping,playing squash,True,True,5
hinge_A,42,5,5,42,rope skipping,slot machine,True,True,4
hinge_A,42,5,5,43,rope skipping,beat boxing,True,True,2
hinge_A,42,5,5,56,rope skipping,arc welding,True,False,2
hinge_A,42,5,6,1,"child speech, kid speaking",child singing,True,True,2
hinge_A,42,5,6,5,"child speech, kid speaking",rope skipping,True,True,1
hinge_A,42,5,6,6,"child speech, kid speaking","child speech, kid speaking",True,True,28
hinge_A,42,5,6,17,"child speech, kid speaking",people whispering,True,True,3
hinge_A,42,5,6,23,"child speech, kid speaking",people cheering,True,True,1
hinge_A,42,5,6,25,"child speech, kid speaking",bowling impact,True,True,2
hinge_A,42,5,6,28,"child speech, kid speaking",goose honking,True,True,1
hinge_A,42,5,6,32,"child speech, kid speaking",dog howling,True,True,2
hinge_A,42,5,6,38,"child speech, kid speaking",playing tambourine,True,True,1
hinge_A,42,5,6,39,"child speech, kid speaking",driving motorcycle,True,True,1
hinge_A,42,5,6,42,"child speech, kid speaking",slot machine,True,True,1
hinge_A,42,5,6,43,"child speech, kid speaking",beat boxing,True,True,6
hinge_A,42,5,6,54,"child speech, kid speaking",playing saxophone,True,False,1
hinge_A,42,5,7,0,baby laughter,playing volleyball,True,True,1
hinge_A,42,5,7,1,baby laughter,child singing,True,True,1
hinge_A,42,5,7,6,baby laughter,"child speech, kid speaking",True,True,9
hinge_A,42,5,7,7,baby laughter,baby laughter,True,True,30
hinge_A,42,5,7,28,baby laughter,goose honking,True,True,3
hinge_A,42,5,7,32,baby laughter,dog howling,True,True,1
hinge_A,42,5,7,38,baby laughter,playing tambourine,True,True,1
hinge_A,42,5,7,43,baby laughter,beat boxing,True,True,3
hinge_A,42,5,7,54,baby laughter,playing saxophone,True,False,1
hinge_A,42,5,8,4,playing table tennis,cap gun shooting,True,True,1
hinge_A,42,5,8,5,playing table tennis,rope skipping,True,True,1
hinge_A,42,5,8,8,playing table tennis,playing table tennis,True,True,39
hinge_A,42,5,8,10,playing table tennis,playing bass drum,True,True,1
hinge_A,42,5,8,16,playing table tennis,tractor digging,True,True,1
hinge_A,42,5,8,38,playing table tennis,playing tambourine,True,True,1
hinge_A,42,5,8,40,playing table tennis,vacuum cleaner cleaning floors,True,True,3
hinge_A,42,5,8,41,playing table tennis,playing squash,True,True,2
hinge_A,42,5,8,42,playing table tennis,slot machine,True,True,1
hinge_A,42,5,9,4,lighting firecrackers,cap gun shooting,True,True,4
hinge_A,42,5,9,6,lighting firecrackers,"child speech, kid speaking",True,True,2
hinge_A,42,5,9,9,lighting firecrackers,lighting firecrackers,True,True,18
hinge_A,42,5,9,17,lighting firecrackers,people whispering,True,True,7
hinge_A,42,5,9,22,lighting firecrackers,police car (siren),True,True,1
hinge_A,42,5,9,23,lighting firecrackers,people cheering,True,True,1
hinge_A,42,5,9,28,lighting firecrackers,goose honking,True,True,8
hinge_A,42,5,9,33,lighting firecrackers,playing synthesizer,True,True,1
hinge_A,42,5,9,39,lighting firecrackers,driving motorcycle,True,True,1
hinge_A,42,5,9,40,lighting firecrackers,vacuum cleaner cleaning floors,True,True,4
hinge_A,42,5,9,46,lighting firecrackers,wind noise,True,True,2
hinge_A,42,5,9,56,lighting firecrackers,arc welding,True,False,1
hinge_A,42,5,10,2,playing bass drum,"heart sounds, heartbeat",True,True,1
hinge_A,42,5,10,4,playing bass drum,cap gun shooting,True,True,1
hinge_A,42,5,10,10,playing bass drum,playing bass drum,True,True,30
hinge_A,42,5,10,27,playing bass drum,playing bass guitar,True,True,2
hinge_A,42,5,10,33,playing bass drum,playing synthesizer,True,True,1
hinge_A,42,5,10,38,playing bass drum,playing tambourine,True,True,9
hinge_A,42,5,10,39,playing bass drum,driving motorcycle,True,True,1
hinge_A,42,5,10,43,playing bass drum,beat boxing,True,True,5
hinge_A,42,5,11,6,playing banjo,"child speech, kid speaking",True,True,2
hinge_A,42,5,11,10,playing banjo,playing bass drum,True,True,1
hinge_A,42,5,11,11,playing banjo,playing banjo,True,True,27
hinge_A,42,5,11,17,playing banjo,people whispering,True,True,1
hinge_A,42,5,11,23,playing banjo,people cheering,True,True,1
hinge_A,42,5,11,24,playing banjo,playing electronic organ,True,True,1
hinge_A,42,5,11,27,playing banjo,playing bass guitar,True,True,2
hinge_A,42,5,11,29,playing banjo,playing trombone,True,True,4
hinge_A,42,5,11,31,playing banjo,playing erhu,True,True,1
hinge_A,42,5,11,38,playing banjo,playing tambourine,True,True,2
hinge_A,42,5,11,43,playing banjo,beat boxing,True,True,1
hinge_A,42,5,11,44,playing banjo,playing cello,True,True,3
hinge_A,42,5,11,47,playing banjo,"playing steel guitar, slide guitar",True,True,1
hinge_A,42,5,11,49,playing banjo,playing harp,True,True,2
hinge_A,42,5,11,52,playing banjo,"playing marimba, xylophone",True,False,1
hinge_A,42,5,12,6,fire truck siren,"child speech, kid speaking",True,True,1
hinge_A,42,5,12,12,fire truck siren,fire truck siren,True,True,15
hinge_A,42,5,12,22,fire truck siren,police car (siren),True,True,20
hinge_A,42,5,12,23,fire truck siren,people cheering,True,True,3
hinge_A,42,5,12,30,fire truck siren,helicopter,True,True,2
hinge_A,42,5,12,31,fire truck siren,playing erhu,True,True,2
hinge_A,42,5,12,39,fire truck siren,driving motorcycle,True,True,2
hinge_A,42,5,12,46,fire truck siren,wind noise,True,True,2
hinge_A,42,5,12,48,fire truck siren,orchestra,True,True,1
hinge_A,42,5,12,50,fire truck siren,roller coaster running,True,False,1
hinge_A,42,5,12,55,fire truck siren,"subway, metro, underground",True,False,1
hinge_A,42,5,13,1,playing bagpipes,child singing,True,True,1
hinge_A,42,5,13,13,playing bagpipes,playing bagpipes,True,True,37
hinge_A,42,5,13,14,playing bagpipes,playing french horn,True,True,1
hinge_A,42,5,13,24,playing bagpipes,playing electronic organ,True,True,1
hinge_A,42,5,13,26,playing bagpipes,people marching,True,True,2
hinge_A,42,5,13,29,playing bagpipes,playing trombone,True,True,1
hinge_A,42,5,13,32,playing bagpipes,dog howling,True,True,1
hinge_A,42,5,13,33,playing bagpipes,playing synthesizer,True,True,1
hinge_A,42,5,13,44,playing bagpipes,playing cello,True,True,1
hinge_A,42,5,13,48,playing bagpipes,orchestra,True,True,2
hinge_A,42,5,13,54,playing bagpipes,playing saxophone,True,False,2
hinge_A,42,5,14,3,playing french horn,singing bowl,True,True,1
hinge_A,42,5,14,6,playing french horn,"child speech, kid speaking",True,True,2
hinge_A,42,5,14,11,playing french horn,playing banjo,True,True,1
hinge_A,42,5,14,14,playing french horn,playing french horn,True,True,20
hinge_A,42,5,14,19,playing french horn,playing theremin,True,True,1
hinge_A,42,5,14,24,playing french horn,playing electronic organ,True,True,1
hinge_A,42,5,14,29,playing french horn,playing trombone,True,True,11
hinge_A,42,5,14,31,playing french horn,playing erhu,True,True,1
hinge_A,42,5,14,33,playing french horn,playing synthesizer,True,True,2
hinge_A,42,5,14,44,playing french horn,playing cello,True,True,6
hinge_A,42,5,14,48,playing french horn,orchestra,True,True,2
hinge_A,42,5,14,54,playing french horn,playing saxophone,True,False,1
hinge_A,42,5,14,58,playing french horn,playing piano,True,False,1
hinge_A,42,5,15,3,civil defense siren,singing bowl,True,True,3
hinge_A,42,5,15,12,civil defense siren,fire truck siren,True,True,2
hinge_A,42,5,15,15,civil defense siren,civil defense siren,True,True,31
hinge_A,42,5,15,18,civil defense siren,lathe spinning,True,True,1
hinge_A,42,5,15,22,civil defense siren,police car (siren),True,True,2
hinge_A,42,5,15,24,civil defense siren,playing electronic organ,True,True,1
hinge_A,42,5,15,31,civil defense siren,playing erhu,True,True,2
hinge_A,42,5,15,32,civil defense siren,dog howling,True,True,2
hinge_A,42,5,15,44,civil defense siren,playing cello,True,True,1
hinge_A,42,5,15,45,civil defense siren,playing cornet,True,True,1
hinge_A,42,5,15,48,civil defense siren,orchestra,True,True,3
hinge_A,42,5,15,54,civil defense siren,playing saxophone,True,False,1
hinge_A,42,5,16,12,tractor digging,fire truck siren,True,True,1
hinge_A,42,5,16,16,tractor digging,tractor digging,True,True,39
hinge_A,42,5,16,18,tractor digging,lathe spinning,True,True,2
hinge_A,42,5,16,30,tractor digging,helicopter,True,True,2
hinge_A,42,5,16,39,tractor digging,driving motorcycle,True,True,3
hinge_A,42,5,16,40,tractor digging,vacuum cleaner cleaning floors,True,True,2
hinge_A,42,5,16,46,tractor digging,wind noise,True,True,1
hinge_A,42,5,17,6,people whispering,"child speech, kid speaking",True,True,1
hinge_A,42,5,17,17,people whispering,people whispering,True,True,49
hinge_A,42,5,18,4,lathe spinning,cap gun shooting,True,True,1
hinge_A,42,5,18,16,lathe spinning,tractor digging,True,True,2
hinge_A,42,5,18,18,lathe spinning,lathe spinning,True,True,31
hinge_A,42,5,18,23,lathe spinning,people cheering,True,True,2
hinge_A,42,5,18,39,lathe spinning,driving motorcycle,True,True,1
hinge_A,42,5,18,40,lathe spinning,vacuum cleaner cleaning floors,True,True,8
hinge_A,42,5,18,50,lathe spinning,roller coaster running,True,False,1
hinge_A,42,5,18,56,lathe spinning,arc welding,True,False,4
hinge_A,42,5,19,1,playing theremin,child singing,True,True,3
hinge_A,42,5,19,3,playing theremin,singing bowl,True,True,3
hinge_A,42,5,19,5,playing theremin,rope skipping,True,True,1
hinge_A,42,5,19,6,playing theremin,"child speech, kid speaking",True,True,1
hinge_A,42,5,19,11,playing theremin,playing banjo,True,True,1
hinge_A,42,5,19,14,playing theremin,playing french horn,True,True,3
hinge_A,42,5,19,15,playing theremin,civil defense siren,True,True,1
hinge_A,42,5,19,19,playing theremin,playing theremin,True,True,5
hinge_A,42,5,19,24,playing theremin,playing electronic organ,True,True,2
hinge_A,42,5,19,27,playing theremin,playing bass guitar,True,True,3
hinge_A,42,5,19,29,playing theremin,playing trombone,True,True,2
hinge_A,42,5,19,31,playing theremin,playing erhu,True,True,1
hinge_A,42,5,19,32,playing theremin,dog howling,True,True,1
hinge_A,42,5,19,33,playing theremin,playing synthesizer,True,True,2
hinge_A,42,5,19,41,playing theremin,playing squash,True,True,1
hinge_A,42,5,19,44,playing theremin,playing cello,True,True,3
hinge_A,42,5,19,45,playing theremin,playing cornet,True,True,1
hinge_A,42,5,19,46,playing theremin,wind noise,True,True,1
hinge_A,42,5,19,48,playing theremin,orchestra,True,True,2
hinge_A,42,5,19,49,playing theremin,playing harp,True,True,9
hinge_A,42,5,19,52,playing theremin,"playing marimba, xylophone",True,False,4
hinge_A,42,5,20,11,playing glockenspiel,playing banjo,True,True,1
hinge_A,42,5,20,14,playing glockenspiel,playing french horn,True,True,1
hinge_A,42,5,20,19,playing glockenspiel,playing theremin,True,True,2
hinge_A,42,5,20,20,playing glockenspiel,playing glockenspiel,True,True,23
hinge_A,42,5,20,26,playing glockenspiel,people marching,True,True,1
hinge_A,42,5,20,31,playing glockenspiel,playing erhu,True,True,1
hinge_A,42,5,20,33,playing glockenspiel,playing synthesizer,True,True,3
hinge_A,42,5,20,36,playing glockenspiel,wood thrush calling,True,True,1
hinge_A,42,5,20,42,playing glockenspiel,slot machine,True,True,1
hinge_A,42,5,20,47,playing glockenspiel,"playing steel guitar, slide guitar",True,True,5
hinge_A,42,5,20,49,playing glockenspiel,playing harp,True,True,5
hinge_A,42,5,20,52,playing glockenspiel,"playing marimba, xylophone",True,False,5
hinge_A,42,5,20,58,playing glockenspiel,playing piano,True,False,1
hinge_A,42,5,21,10,playing hammond organ,playing bass drum,True,True,1
hinge_A,42,5,21,11,playing hammond organ,playing banjo,True,True,1
hinge_A,42,5,21,21,playing hammond organ,playing hammond organ,True,True,2
hinge_A,42,5,21,24,playing hammond organ,playing electronic organ,True,True,10
hinge_A,42,5,21,27,playing hammond organ,playing bass guitar,True,True,5
hinge_A,42,5,21,29,playing hammond organ,playing trombone,True,True,2
hinge_A,42,5,21,33,playing hammond organ,playing synthesizer,True,True,4
hinge_A,42,5,21,40,playing hammond organ,vacuum cleaner cleaning floors,True,True,1
hinge_A,42,5,21,42,playing hammond organ,slot machine,True,True,1
hinge_A,42,5,21,44,playing hammond organ,playing cello,True,True,4
hinge_A,42,5,21,45,playing hammond organ,playing cornet,True,True,2
hinge_A,42,5,21,48,playing hammond organ,orchestra,True,True,8
hinge_A,42,5,21,49,playing hammond organ,playing harp,True,True,5
hinge_A,42,5,21,52,playing hammond organ,"playing marimba, xylophone",True,False,1
hinge_A,42,5,21,54,playing hammond organ,playing saxophone,True,False,1
hinge_A,42,5,21,58,playing hammond organ,playing piano,True,False,2
hinge_A,42,5,22,6,police car (siren),"child speech, kid speaking",True,True,2
hinge_A,42,5,22,12,police car (siren),fire truck siren,True,True,5
hinge_A,42,5,22,16,police car (siren),tractor digging,True,True,1
hinge_A,42,5,22,21,police car (siren),playing hammond organ,True,True,1
hinge_A,42,5,22,22,police car (siren),police car (siren),True,True,30
hinge_A,42,5,22,23,police car (siren),people cheering,True,True,1
hinge_A,42,5,22,32,police car (siren),dog howling,True,True,5
hinge_A,42,5,22,35,police car (siren),skiing,True,True,1
hinge_A,42,5,22,42,police car (siren),slot machine,True,True,1
hinge_A,42,5,22,46,police car (siren),wind noise,True,True,1
hinge_A,42,5,22,48,police car (siren),orchestra,True,True,1
hinge_A,42,5,22,50,police car (siren),roller coaster running,True,False,1
hinge_A,42,5,23,8,people cheering,playing table tennis,True,True,2
hinge_A,42,5,23,12,people cheering,fire truck siren,True,True,1
hinge_A,42,5,23,18,people cheering,lathe spinning,True,True,1
hinge_A,42,5,23,23,people cheering,people cheering,True,True,37
hinge_A,42,5,23,26,people cheering,people marching,True,True,5
hinge_A,42,5,23,40,people cheering,vacuum cleaner cleaning floors,True,True,3
hinge_A,42,5,23,43,people cheering,beat boxing,True,True,1
hinge_A,42,5,24,1,playing electronic organ,child singing,True,True,1
hinge_A,42,5,24,10,playing electronic organ,playing bass drum,True,True,1
hinge_A,42,5,24,11,playing electronic organ,playing banjo,True,True,3
hinge_A,42,5,24,13,playing electronic organ,playing bagpipes,True,True,1
hinge_A,42,5,24,14,playing electronic organ,playing french horn,True,True,1
hinge_A,42,5,24,21,playing electronic organ,playing hammond organ,True,True,3
hinge_A,42,5,24,24,playing electronic organ,playing electronic organ,True,True,7
hinge_A,42,5,24,27,playing electronic organ,playing bass guitar,True,True,5
hinge_A,42,5,24,29,playing electronic organ,playing trombone,True,True,2
hinge_A,42,5,24,33,playing electronic organ,playing synthesizer,True,True,7
hinge_A,42,5,24,39,playing electronic organ,driving motorcycle,True,True,1
hinge_A,42,5,24,42,playing electronic organ,slot machine,True,True,2
hinge_A,42,5,24,44,playing electronic organ,playing cello,True,True,1
hinge_A,42,5,24,45,playing electronic organ,playing cornet,True,True,1
hinge_A,42,5,24,47,playing electronic organ,"playing steel guitar, slide guitar",True,True,2
hinge_A,42,5,24,48,playing electronic organ,orchestra,True,True,9
hinge_A,42,5,24,49,playing electronic organ,playing harp,True,True,1
hinge_A,42,5,24,54,playing electronic organ,playing saxophone,True,False,1
hinge_A,42,5,24,58,playing electronic organ,playing piano,True,False,1
hinge_A,42,5,25,4,bowling impact,cap gun shooting,True,True,1
hinge_A,42,5,25,23,bowling impact,people cheering,True,True,1
hinge_A,42,5,25,25,bowling impact,bowling impact,True,True,42
hinge_A,42,5,25,41,bowling impact,playing squash,True,True,6
hinge_A,42,5,26,0,people marching,playing volleyball,True,True,1
hinge_A,42,5,26,9,people marching,lighting firecrackers,True,True,1
hinge_A,42,5,26,10,people marching,playing bass drum,True,True,1
hinge_A,42,5,26,23,people marching,people cheering,True,True,5
hinge_A,42,5,26,26,people marching,people marching,True,True,27
hinge_A,42,5,26,35,people marching,skiing,True,True,1
hinge_A,42,5,26,41,people marching,playing squash,True,True,3
hinge_A,42,5,26,42,people marching,slot machine,True,True,1
hinge_A,42,5,26,43,people marching,beat boxing,True,True,8
hinge_A,42,5,26,48,people marching,orchestra,True,True,1
hinge_A,42,5,26,50,people marching,roller coaster running,True,False,1
hinge_A,42,5,27,5,playing bass guitar,rope skipping,True,True,1
hinge_A,42,5,27,6,playing bass guitar,"child speech, kid speaking",True,True,2
hinge_A,42,5,27,10,playing bass guitar,playing bass drum,True,True,2
hinge_A,42,5,27,24,playing bass guitar,playing electronic organ,True,True,2
hinge_A,42,5,27,27,playing bass guitar,playing bass guitar,True,True,27
hinge_A,42,5,27,29,playing bass guitar,playing trombone,True,True,1
hinge_A,42,5,27,33,playing bass guitar,playing synthesizer,True,True,3
hinge_A,42,5,27,38,playing bass guitar,playing tambourine,True,True,1
hinge_A,42,5,27,44,playing bass guitar,playing cello,True,True,1
hinge_A,42,5,27,47,playing bass guitar,"playing steel guitar, slide guitar",True,True,2
hinge_A,42,5,27,48,playing bass guitar,orchestra,True,True,2
hinge_A,42,5,27,49,playing bass guitar,playing harp,True,True,4
hinge_A,42,5,27,54,playing bass guitar,playing saxophone,True,False,2
hinge_A,42,5,28,0,goose honking,playing volleyball,True,True,2
hinge_A,42,5,28,6,goose honking,"child speech, kid speaking",True,True,2
hinge_A,42,5,28,9,goose honking,lighting firecrackers,True,True,2
hinge_A,42,5,28,17,goose honking,people whispering,True,True,3
hinge_A,42,5,28,28,goose honking,goose honking,True,True,29
hinge_A,42,5,28,30,goose honking,helicopter,True,True,3
hinge_A,42,5,28,39,goose honking,driving motorcycle,True,True,1
hinge_A,42,5,28,41,goose honking,playing squash,True,True,1
hinge_A,42,5,28,43,goose honking,beat boxing,True,True,2
hinge_A,42,5,28,46,goose honking,wind noise,True,True,3
hinge_A,42,5,28,50,goose honking,roller coaster running,True,False,1
hinge_A,42,5,28,53,goose honking,airplane flyby,True,False,1
hinge_A,42,5,29,6,playing trombone,"child speech, kid speaking",True,True,2
hinge_A,42,5,29,10,playing trombone,playing bass drum,True,True,1
hinge_A,42,5,29,14,playing trombone,playing french horn,True,True,7
hinge_A,42,5,29,24,playing trombone,playing electronic organ,True,True,1
hinge_A,42,5,29,25,playing trombone,bowling impact,True,True,1
hinge_A,42,5,29,27,playing trombone,playing bass guitar,True,True,1
hinge_A,42,5,29,29,playing trombone,playing trombone,True,True,22
hinge_A,42,5,29,33,playing trombone,playing synthesizer,True,True,3
hinge_A,42,5,29,38,playing trombone,playing tambourine,True,True,1
hinge_A,42,5,29,42,playing trombone,slot machine,True,True,1
hinge_A,42,5,29,44,playing trombone,playing cello,True,True,2
hinge_A,42,5,29,45,playing trombone,playing cornet,True,True,3
hinge_A,42,5,29,48,playing trombone,orchestra,True,True,3
hinge_A,42,5,29,52,playing trombone,"playing marimba, xylophone",True,False,1
hinge_A,42,5,29,54,playing trombone,playing saxophone,True,False,1
hinge_A,42,5,30,9,helicopter,lighting firecrackers,True,True,1
hinge_A,42,5,30,16,helicopter,tractor digging,True,True,1
hinge_A,42,5,30,23,helicopter,people cheering,True,True,1
hinge_A,42,5,30,27,helicopter,playing bass guitar,True,True,1
hinge_A,42,5,30,28,helicopter,goose honking,True,True,1
hinge_A,42,5,30,30,helicopter,helicopter,True,True,28
hinge_A,42,5,30,39,helicopter,driving motorcycle,True,True,1
hinge_A,42,5,30,40,helicopter,vacuum cleaner cleaning floors,True,True,1
hinge_A,42,5,30,46,helicopter,wind noise,True,True,13
hinge_A,42,5,30,48,helicopter,orchestra,True,True,1
hinge_A,42,5,30,50,helicopter,roller coaster running,True,False,1
hinge_A,42,5,31,1,playing erhu,child singing,True,True,5
hinge_A,42,5,31,19,playing erhu,playing theremin,True,True,4
hinge_A,42,5,31,24,playing erhu,playing electronic organ,True,True,1
hinge_A,42,5,31,31,playing erhu,playing erhu,True,True,30
hinge_A,42,5,31,32,playing erhu,dog howling,True,True,1
hinge_A,42,5,31,44,playing erhu,playing cello,True,True,2
hinge_A,42,5,31,45,playing erhu,playing cornet,True,True,6
hinge_A,42,5,31,48,playing erhu,orchestra,True,True,1
hinge_A,42,5,32,3,dog howling,singing bowl,True,True,1
hinge_A,42,5,32,6,dog howling,"child speech, kid speaking",True,True,5
hinge_A,42,5,32,7,dog howling,baby laughter,True,True,2
hinge_A,42,5,32,22,dog howling,police car (siren),True,True,2
hinge_A,42,5,32,28,dog howling,goose honking,True,True,3
hinge_A,42,5,32,32,dog howling,dog howling,True,True,29
hinge_A,42,5,32,33,dog howling,playing synthesizer,True,True,1
hinge_A,42,5,32,36,dog howling,wood thrush calling,True,True,1
hinge_A,42,5,32,40,dog howling,vacuum cleaner cleaning floors,True,True,1
hinge_A,42,5,32,45,dog howling,playing cornet,True,True,1
hinge_A,42,5,32,49,dog howling,playing harp,True,True,2
hinge_A,42,5,32,52,dog howling,"playing marimba, xylophone",True,False,1
hinge_A,42,5,32,57,dog howling,mynah bird singing,True,False,1
hinge_A,42,5,33,4,playing synthesizer,cap gun shooting,True,True,1
hinge_A,42,5,33,5,playing synthesizer,rope skipping,True,True,1
hinge_A,42,5,33,9,playing synthesizer,lighting firecrackers,True,True,1
hinge_A,42,5,33,10,playing synthesizer,playing bass drum,True,True,7
hinge_A,42,5,33,17,playing synthesizer,people whispering,True,True,1
hinge_A,42,5,33,22,playing synthesizer,police car (siren),True,True,2
hinge_A,42,5,33,24,playing synthesizer,playing electronic organ,True,True,2
hinge_A,42,5,33,27,playing synthesizer,playing bass guitar,True,True,6
hinge_A,42,5,33,32,playing synthesizer,dog howling,True,True,1
hinge_A,42,5,33,33,playing synthesizer,playing synthesizer,True,True,19
hinge_A,42,5,33,39,playing synthesizer,driving motorcycle,True,True,1
hinge_A,42,5,33,43,playing synthesizer,beat boxing,True,True,3
hinge_A,42,5,33,46,playing synthesizer,wind noise,True,True,2
hinge_A,42,5,33,49,playing synthesizer,playing harp,True,True,1
hinge_A,42,5,33,54,playing synthesizer,playing saxophone,True,False,2
hinge_A,42,5,34,2,cat purring,"heart sounds, heartbeat",True,True,1
hinge_A,42,5,34,6,cat purring,"child speech, kid speaking",True,True,2
hinge_A,42,5,34,10,cat purring,playing bass drum,True,True,1
hinge_A,42,5,34,17,cat purring,people whispering,True,True,10
hinge_A,42,5,34,27,cat purring,playing bass guitar,True,True,1
hinge_A,42,5,34,28,cat purring,goose honking,True,True,4
hinge_A,42,5,34,33,cat purring,playing synthesizer,True,True,1
hinge_A,42,5,34,34,cat purring,cat purring,True,True,23
hinge_A,42,5,34,39,cat purring,driving motorcycle,True,True,1
hinge_A,42,5,34,40,cat purring,vacuum cleaner cleaning floors,True,True,2
hinge_A,42,5,34,43,cat purring,beat boxing,True,True,2
hinge_A,42,5,34,46,cat purring,wind noise,True,True,2
hinge_A,42,5,35,6,skiing,"child speech, kid speaking",True,True,1
hinge_A,42,5,35,9,skiing,lighting firecrackers,True,True,3
hinge_A,42,5,35,35,skiing,skiing,True,True,46
hinge_A,42,5,36,4,wood thrush calling,cap gun shooting,True,True,1
hinge_A,42,5,36,34,wood thrush calling,cat purring,True,True,1
hinge_A,42,5,36,36,wood thrush calling,wood thrush calling,True,True,40
hinge_A,42,5,36,46,wood thrush calling,wind noise,True,True,1
hinge_A,42,5,36,57,wood thrush calling,mynah bird singing,True,False,7
hinge_A,42,5,37,5,scuba diving,rope skipping,True,True,1
hinge_A,42,5,37,36,scuba diving,wood thrush calling,True,True,1
hinge_A,42,5,37,37,scuba diving,scuba diving,True,True,47
hinge_A,42,5,37,42,scuba diving,slot machine,True,True,1
hinge_A,42,5,38,4,playing tambourine,cap gun shooting,True,True,3
hinge_A,42,5,38,5,playing tambourine,rope skipping,True,True,3
hinge_A,42,5,38,26,playing tambourine,people marching,True,True,1
hinge_A,42,5,38,38,playing tambourine,playing tambourine,True,True,29
hinge_A,42,5,38,39,playing tambourine,driving motorcycle,True,True,1
hinge_A,42,5,38,43,playing tambourine,beat boxing,True,True,12
hinge_A,42,5,38,59,playing tambourine,playing bongo,True,False,1
hinge_A,42,5,39,6,driving motorcycle,"child speech, kid speaking",True,True,1
hinge_A,42,5,39,9,driving motorcycle,lighting firecrackers,True,True,1
hinge_A,42,5,39,16,driving motorcycle,tractor digging,True,True,2
hinge_A,42,5,39,18,driving motorcycle,lathe spinning,True,True,2
hinge_A,42,5,39,22,driving motorcycle,police car (siren),True,True,1
hinge_A,42,5,39,23,driving motorcycle,people cheering,True,True,2
hinge_A,42,5,39,27,driving motorcycle,playing bass guitar,True,True,2
hinge_A,42,5,39,28,driving motorcycle,goose honking,True,True,1
hinge_A,42,5,39,30,driving motorcycle,helicopter,True,True,3
hinge_A,42,5,39,39,driving motorcycle,driving motorcycle,True,True,19
hinge_A,42,5,39,40,driving motorcycle,vacuum cleaner cleaning floors,True,True,1
hinge_A,42,5,39,41,driving motorcycle,playing squash,True,True,1
hinge_A,42,5,39,43,driving motorcycle,beat boxing,True,True,1
hinge_A,42,5,39,46,driving motorcycle,wind noise,True,True,11
hinge_A,42,5,39,48,driving motorcycle,orchestra,True,True,1
hinge_A,42,5,39,56,driving motorcycle,arc welding,True,False,1
hinge_A,42,5,40,6,vacuum cleaner cleaning floors,"child speech, kid speaking",True,True,3
hinge_A,42,5,40,9,vacuum cleaner cleaning floors,lighting firecrackers,True,True,3
hinge_A,42,5,40,16,vacuum cleaner cleaning floors,tractor digging,True,True,1
hinge_A,42,5,40,18,vacuum cleaner cleaning floors,lathe spinning,True,True,8
hinge_A,42,5,40,26,vacuum cleaner cleaning floors,people marching,True,True,1
hinge_A,42,5,40,30,vacuum cleaner cleaning floors,helicopter,True,True,3
hinge_A,42,5,40,33,vacuum cleaner cleaning floors,playing synthesizer,True,True,1
hinge_A,42,5,40,35,vacuum cleaner cleaning floors,skiing,True,True,1
hinge_A,42,5,40,39,vacuum cleaner cleaning floors,driving motorcycle,True,True,1
hinge_A,42,5,40,40,vacuum cleaner cleaning floors,vacuum cleaner cleaning floors,True,True,27
hinge_A,42,5,40,55,vacuum cleaner cleaning floors,"subway, metro, underground",True,False,1
hinge_A,42,5,41,4,playing squash,cap gun shooting,True,True,1
hinge_A,42,5,41,8,playing squash,playing table tennis,True,True,3
hinge_A,42,5,41,9,playing squash,lighting firecrackers,True,True,1
hinge_A,42,5,41,41,playing squash,playing squash,True,True,45
hinge_A,42,5,42,1,slot machine,child singing,True,True,1
hinge_A,42,5,42,42,slot machine,slot machine,True,True,47
hinge_A,42,5,42,43,slot machine,beat boxing,True,True,1
hinge_A,42,5,42,48,slot machine,orchestra,True,True,1
hinge_A,42,5,43,4,beat boxing,cap gun shooting,True,True,1
hinge_A,42,5,43,5,beat boxing,rope skipping,True,True,1
hinge_A,42,5,43,7,beat boxing,baby laughter,True,True,2
hinge_A,42,5,43,9,beat boxing,lighting firecrackers,True,True,1
hinge_A,42,5,43,25,beat boxing,bowling impact,True,True,1
hinge_A,42,5,43,26,beat boxing,people marching,True,True,1
hinge_A,42,5,43,33,beat boxing,playing synthesizer,True,True,1
hinge_A,42,5,43,38,beat boxing,playing tambourine,True,True,1
hinge_A,42,5,43,43,beat boxing,beat boxing,True,True,40
hinge_A,42,5,43,56,beat boxing,arc welding,True,False,1
hinge_A,42,5,44,11,playing cello,playing banjo,True,True,3
hinge_A,42,5,44,14,playing cello,playing french horn,True,True,1
hinge_A,42,5,44,24,playing cello,playing electronic organ,True,True,3
hinge_A,42,5,44,26,playing cello,people marching,True,True,1
hinge_A,42,5,44,27,playing cello,playing bass guitar,True,True,7
hinge_A,42,5,44,29,playing cello,playing trombone,True,True,2
hinge_A,42,5,44,31,playing cello,playing erhu,True,True,2
hinge_A,42,5,44,33,playing cello,playing synthesizer,True,True,2
hinge_A,42,5,44,38,playing cello,playing tambourine,True,True,1
hinge_A,42,5,44,43,playing cello,beat boxing,True,True,1
hinge_A,42,5,44,44,playing cello,playing cello,True,True,19
hinge_A,42,5,44,48,playing cello,orchestra,True,True,3
hinge_A,42,5,44,49,playing cello,playing harp,True,True,1
hinge_A,42,5,44,54,playing cello,playing saxophone,True,False,4
hinge_A,42,5,45,3,playing cornet,singing bowl,True,True,1
hinge_A,42,5,45,14,playing cornet,playing french horn,True,True,3
hinge_A,42,5,45,19,playing cornet,playing theremin,True,True,1
hinge_A,42,5,45,24,playing cornet,playing electronic organ,True,True,1
hinge_A,42,5,45,33,playing cornet,playing synthesizer,True,True,1
hinge_A,42,5,45,44,playing cornet,playing cello,True,True,1
hinge_A,42,5,45,45,playing cornet,playing cornet,True,True,41
hinge_A,42,5,45,54,playing cornet,playing saxophone,True,False,1
hinge_A,42,5,46,4,wind noise,cap gun shooting,True,True,1
hinge_A,42,5,46,9,wind noise,lighting firecrackers,True,True,3
hinge_A,42,5,46,16,wind noise,tractor digging,True,True,1
hinge_A,42,5,46,26,wind noise,people marching,True,True,1
hinge_A,42,5,46,28,wind noise,goose honking,True,True,2
hinge_A,42,5,46,30,wind noise,helicopter,True,True,4
hinge_A,42,5,46,33,wind noise,playing synthesizer,True,True,2
hinge_A,42,5,46,37,wind noise,scuba diving,True,True,2
hinge_A,42,5,46,38,wind noise,playing tambourine,True,True,1
hinge_A,42,5,46,39,wind noise,driving motorcycle,True,True,1
hinge_A,42,5,46,40,wind noise,vacuum cleaner cleaning floors,True,True,1
hinge_A,42,5,46,46,wind noise,wind noise,True,True,29
hinge_A,42,5,46,56,wind noise,arc welding,True,False,1
hinge_A,42,5,46,57,wind noise,mynah bird singing,True,False,1
hinge_A,42,5,47,1,"playing steel guitar, slide guitar",child singing,True,True,1
hinge_A,42,5,47,6,"playing steel guitar, slide guitar","child speech, kid speaking",True,True,2
hinge_A,42,5,47,11,"playing steel guitar, slide guitar",playing banjo,True,True,1
hinge_A,42,5,47,14,"playing steel guitar, slide guitar",playing french horn,True,True,1
hinge_A,42,5,47,24,"playing steel guitar, slide guitar",playing electronic organ,True,True,6
hinge_A,42,5,47,27,"playing steel guitar, slide guitar",playing bass guitar,True,True,2
hinge_A,42,5,47,29,"playing steel guitar, slide guitar",playing trombone,True,True,4
hinge_A,42,5,47,31,"playing steel guitar, slide guitar",playing erhu,True,True,1
hinge_A,42,5,47,33,"playing steel guitar, slide guitar",playing synthesizer,True,True,2
hinge_A,42,5,47,44,"playing steel guitar, slide guitar",playing cello,True,True,3
hinge_A,42,5,47,47,"playing steel guitar, slide guitar","playing steel guitar, slide guitar",True,True,26
hinge_A,42,5,47,49,"playing steel guitar, slide guitar",playing harp,True,True,1
hinge_A,42,5,48,1,orchestra,child singing,True,True,1
hinge_A,42,5,48,6,orchestra,"child speech, kid speaking",True,True,1
hinge_A,42,5,48,11,orchestra,playing banjo,True,True,2
hinge_A,42,5,48,23,orchestra,people cheering,True,True,1
hinge_A,42,5,48,24,orchestra,playing electronic organ,True,True,2
hinge_A,42,5,48,29,orchestra,playing trombone,True,True,4
hinge_A,42,5,48,31,orchestra,playing erhu,True,True,1
hinge_A,42,5,48,33,orchestra,playing synthesizer,True,True,2
hinge_A,42,5,48,43,orchestra,beat boxing,True,True,1
hinge_A,42,5,48,44,orchestra,playing cello,True,True,3
hinge_A,42,5,48,47,orchestra,"playing steel guitar, slide guitar",True,True,1
hinge_A,42,5,48,48,orchestra,orchestra,True,True,28
hinge_A,42,5,48,54,orchestra,playing saxophone,True,False,3
hinge_A,42,5,49,6,playing harp,"child speech, kid speaking",True,True,2
hinge_A,42,5,49,11,playing harp,playing banjo,True,True,4
hinge_A,42,5,49,21,playing harp,playing hammond organ,True,True,1
hinge_A,42,5,49,24,playing harp,playing electronic organ,True,True,3
hinge_A,42,5,49,27,playing harp,playing bass guitar,True,True,1
hinge_A,42,5,49,29,playing harp,playing trombone,True,True,2
hinge_A,42,5,49,33,playing harp,playing synthesizer,True,True,1
hinge_A,42,5,49,44,playing harp,playing cello,True,True,5
hinge_A,42,5,49,48,playing harp,orchestra,True,True,1
hinge_A,42,5,49,49,playing harp,playing harp,True,True,30
hinge_A,42,5,50,0,roller coaster running,playing volleyball,False,True,1
hinge_A,42,5,50,9,roller coaster running,lighting firecrackers,False,True,1
hinge_A,42,5,50,16,roller coaster running,tractor digging,False,True,1
hinge_A,42,5,50,18,roller coaster running,lathe spinning,False,True,1
hinge_A,42,5,50,22,roller coaster running,police car (siren),False,True,1
hinge_A,42,5,50,23,roller coaster running,people cheering,False,True,2
hinge_A,42,5,50,25,roller coaster running,bowling impact,False,True,3
hinge_A,42,5,50,26,roller coaster running,people marching,False,True,1
hinge_A,42,5,50,30,roller coaster running,helicopter,False,True,1
hinge_A,42,5,50,35,roller coaster running,skiing,False,True,1
hinge_A,42,5,50,37,roller coaster running,scuba diving,False,True,1
hinge_A,42,5,50,40,roller coaster running,vacuum cleaner cleaning floors,False,True,1
hinge_A,42,5,50,43,roller coaster running,beat boxing,False,True,1
hinge_A,42,5,50,46,roller coaster running,wind noise,False,True,1
hinge_A,42,5,50,50,roller coaster running,roller coaster running,False,False,33
hinge_A,42,5,51,2,missile launch,"heart sounds, heartbeat",False,True,1
hinge_A,42,5,51,3,missile launch,singing bowl,False,True,1
hinge_A,42,5,51,4,missile launch,cap gun shooting,False,True,2
hinge_A,42,5,51,9,missile launch,lighting firecrackers,False,True,6
hinge_A,42,5,51,12,missile launch,fire truck siren,False,True,1
hinge_A,42,5,51,16,missile launch,tractor digging,False,True,1
hinge_A,42,5,51,26,missile launch,people marching,False,True,1
hinge_A,42,5,51,35,missile launch,skiing,False,True,2
hinge_A,42,5,51,39,missile launch,driving motorcycle,False,True,1
hinge_A,42,5,51,40,missile launch,vacuum cleaner cleaning floors,False,True,3
hinge_A,42,5,51,43,missile launch,beat boxing,False,True,1
hinge_A,42,5,51,46,missile launch,wind noise,False,True,10
hinge_A,42,5,51,51,missile launch,missile launch,False,False,19
hinge_A,42,5,51,53,missile launch,airplane flyby,False,False,1
hinge_A,42,5,52,1,"playing marimba, xylophone",child singing,False,True,1
hinge_A,42,5,52,6,"playing marimba, xylophone","child speech, kid speaking",False,True,1
hinge_A,42,5,52,7,"playing marimba, xylophone",baby laughter,False,True,2
hinge_A,42,5,52,10,"playing marimba, xylophone",playing bass drum,False,True,3
hinge_A,42,5,52,14,"playing marimba, xylophone",playing french horn,False,True,1
hinge_A,42,5,52,20,"playing marimba, xylophone",playing glockenspiel,False,True,4
hinge_A,42,5,52,24,"playing marimba, xylophone",playing electronic organ,False,True,3
hinge_A,42,5,52,27,"playing marimba, xylophone",playing bass guitar,False,True,2
hinge_A,42,5,52,28,"playing marimba, xylophone",goose honking,False,True,2
hinge_A,42,5,52,29,"playing marimba, xylophone",playing trombone,False,True,1
hinge_A,42,5,52,32,"playing marimba, xylophone",dog howling,False,True,2
hinge_A,42,5,52,33,"playing marimba, xylophone",playing synthesizer,False,True,6
hinge_A,42,5,52,38,"playing marimba, xylophone",playing tambourine,False,True,1
hinge_A,42,5,52,42,"playing marimba, xylophone",slot machine,False,True,1
hinge_A,42,5,52,43,"playing marimba, xylophone",beat boxing,False,True,1
hinge_A,42,5,52,45,"playing marimba, xylophone",playing cornet,False,True,2
hinge_A,42,5,52,47,"playing marimba, xylophone","playing steel guitar, slide guitar",False,True,3
hinge_A,42,5,52,48,"playing marimba, xylophone",orchestra,False,True,1
hinge_A,42,5,52,49,"playing marimba, xylophone",playing harp,False,True,12
hinge_A,42,5,52,52,"playing marimba, xylophone","playing marimba, xylophone",False,False,1
hinge_A,42,5,53,9,airplane flyby,lighting firecrackers,False,True,2
hinge_A,42,5,53,16,airplane flyby,tractor digging,False,True,1
hinge_A,42,5,53,23,airplane flyby,people cheering,False,True,1
hinge_A,42,5,53,30,airplane flyby,helicopter,False,True,5
hinge_A,42,5,53,35,airplane flyby,skiing,False,True,1
hinge_A,42,5,53,40,airplane flyby,vacuum cleaner cleaning floors,False,True,1
hinge_A,42,5,53,46,airplane flyby,wind noise,False,True,8
hinge_A,42,5,53,51,airplane flyby,missile launch,False,False,1
hinge_A,42,5,53,53,airplane flyby,airplane flyby,False,False,30
hinge_A,42,5,54,1,playing saxophone,child singing,False,True,2
hinge_A,42,5,54,5,playing saxophone,rope skipping,False,True,1
hinge_A,42,5,54,11,playing saxophone,playing banjo,False,True,1
hinge_A,42,5,54,24,playing saxophone,playing electronic organ,False,True,1
hinge_A,42,5,54,27,playing saxophone,playing bass guitar,False,True,5
hinge_A,42,5,54,28,playing saxophone,goose honking,False,True,1
hinge_A,42,5,54,29,playing saxophone,playing trombone,False,True,6
hinge_A,42,5,54,31,playing saxophone,playing erhu,False,True,1
hinge_A,42,5,54,33,playing saxophone,playing synthesizer,False,True,1
hinge_A,42,5,54,38,playing saxophone,playing tambourine,False,True,1
hinge_A,42,5,54,42,playing saxophone,slot machine,False,True,1
hinge_A,42,5,54,44,playing saxophone,playing cello,False,True,6
hinge_A,42,5,54,45,playing saxophone,playing cornet,False,True,2
hinge_A,42,5,54,48,playing saxophone,orchestra,False,True,7
hinge_A,42,5,54,49,playing saxophone,playing harp,False,True,1
hinge_A,42,5,54,54,playing saxophone,playing saxophone,False,False,13
hinge_A,42,5,55,16,"subway, metro, underground",tractor digging,False,True,1
hinge_A,42,5,55,18,"subway, metro, underground",lathe spinning,False,True,2
hinge_A,42,5,55,22,"subway, metro, underground",police car (siren),False,True,3
hinge_A,42,5,55,23,"subway, metro, underground",people cheering,False,True,4
hinge_A,42,5,55,25,"subway, metro, underground",bowling impact,False,True,1
hinge_A,42,5,55,26,"subway, metro, underground",people marching,False,True,1
hinge_A,42,5,55,28,"subway, metro, underground",goose honking,False,True,1
hinge_A,42,5,55,30,"subway, metro, underground",helicopter,False,True,4
hinge_A,42,5,55,39,"subway, metro, underground",driving motorcycle,False,True,1
hinge_A,42,5,55,40,"subway, metro, underground",vacuum cleaner cleaning floors,False,True,1
hinge_A,42,5,55,43,"subway, metro, underground",beat boxing,False,True,1
hinge_A,42,5,55,46,"subway, metro, underground",wind noise,False,True,6
hinge_A,42,5,55,48,"subway, metro, underground",orchestra,False,True,1
hinge_A,42,5,55,55,"subway, metro, underground","subway, metro, underground",False,False,23
hinge_A,42,5,56,4,arc welding,cap gun shooting,False,True,3
hinge_A,42,5,56,9,arc welding,lighting firecrackers,False,True,3
hinge_A,42,5,56,18,arc welding,lathe spinning,False,True,4
hinge_A,42,5,56,25,arc welding,bowling impact,False,True,1
hinge_A,42,5,56,40,arc welding,vacuum cleaner cleaning floors,False,True,6
hinge_A,42,5,56,41,arc welding,playing squash,False,True,2
hinge_A,42,5,56,47,arc welding,"playing steel guitar, slide guitar",False,True,1
hinge_A,42,5,56,56,arc welding,arc welding,False,False,30
hinge_A,42,5,57,4,mynah bird singing,cap gun shooting,False,True,2
hinge_A,42,5,57,17,mynah bird singing,people whispering,False,True,1
hinge_A,42,5,57,19,mynah bird singing,playing theremin,False,True,1
hinge_A,42,5,57,20,mynah bird singing,playing glockenspiel,False,True,1
hinge_A,42,5,57,28,mynah bird singing,goose honking,False,True,2
hinge_A,42,5,57,36,mynah bird singing,wood thrush calling,False,True,28
hinge_A,42,5,57,57,mynah bird singing,mynah bird singing,False,False,15
hinge_A,42,5,58,6,playing piano,"child speech, kid speaking",False,True,1
hinge_A,42,5,58,10,playing piano,playing bass drum,False,True,1
hinge_A,42,5,58,11,playing piano,playing banjo,False,True,1
hinge_A,42,5,58,14,playing piano,playing french horn,False,True,6
hinge_A,42,5,58,21,playing piano,playing hammond organ,False,True,1
hinge_A,42,5,58,24,playing piano,playing electronic organ,False,True,2
hinge_A,42,5,58,27,playing piano,playing bass guitar,False,True,7
hinge_A,42,5,58,29,playing piano,playing trombone,False,True,3
hinge_A,42,5,58,31,playing piano,playing erhu,False,True,1
hinge_A,42,5,58,32,playing piano,dog howling,False,True,2
hinge_A,42,5,58,33,playing piano,playing synthesizer,False,True,7
hinge_A,42,5,58,44,playing piano,playing cello,False,True,3
hinge_A,42,5,58,48,playing piano,orchestra,False,True,2
hinge_A,42,5,58,49,playing piano,playing harp,False,True,6
hinge_A,42,5,58,54,playing piano,playing saxophone,False,False,1
hinge_A,42,5,58,58,playing piano,playing piano,False,False,6
hinge_A,42,5,59,4,playing bongo,cap gun shooting,False,True,1
hinge_A,42,5,59,10,playing bongo,playing bass drum,False,True,3
hinge_A,42,5,59,11,playing bongo,playing banjo,False,True,1
hinge_A,42,5,59,17,playing bongo,people whispering,False,True,1
hinge_A,42,5,59,27,playing bongo,playing bass guitar,False,True,1
hinge_A,42,5,59,33,playing bongo,playing synthesizer,False,True,2
hinge_A,42,5,59,36,playing bongo,wood thrush calling,False,True,1
hinge_A,42,5,59,38,playing bongo,playing tambourine,False,True,5
hinge_A,42,5,59,43,playing bongo,beat boxing,False,True,4
hinge_A,42,5,59,47,playing bongo,"playing steel guitar, slide guitar",False,True,3
hinge_A,42,5,59,59,playing bongo,playing bongo,False,False,28
hinge_A,42,9,0,0,playing volleyball,playing volleyball,True,True,25
hinge_A,42,9,0,1,playing volleyball,child singing,True,True,1
hinge_A,42,9,0,5,playing volleyball,rope skipping,True,True,1
hinge_A,42,9,0,6,playing volleyball,"child speech, kid speaking",True,True,1
hinge_A,42,9,0,25,playing volleyball,bowling impact,True,True,1
hinge_A,42,9,0,28,playing volleyball,goose honking,True,True,1
hinge_A,42,9,0,41,playing volleyball,playing squash,True,True,3
hinge_A,42,9,0,72,playing volleyball,pheasant crowing,True,True,3
hinge_A,42,9,0,74,playing volleyball,yodelling,True,True,1
hinge_A,42,9,0,82,playing volleyball,tap dancing,True,True,1
hinge_A,42,9,0,86,playing volleyball,police radio chatter,True,True,3
hinge_A,42,9,0,98,playing volleyball,people booing,True,False,9
hinge_A,42,9,1,1,child singing,child singing,True,True,10
hinge_A,42,9,1,6,child singing,"child speech, kid speaking",True,True,1
hinge_A,42,9,1,11,child singing,playing banjo,True,True,1
hinge_A,42,9,1,17,child singing,people whispering,True,True,1
hinge_A,42,9,1,18,child singing,lathe spinning,True,True,1
hinge_A,42,9,1,19,child singing,playing theremin,True,True,1
hinge_A,42,9,1,29,child singing,playing trombone,True,True,1
hinge_A,42,9,1,44,child singing,playing cello,True,True,1
hinge_A,42,9,1,47,child singing,"playing steel guitar, slide guitar",True,True,2
hinge_A,42,9,1,48,child singing,orchestra,True,True,1
hinge_A,42,9,1,54,child singing,playing saxophone,True,True,2
hinge_A,42,9,1,59,child singing,playing bongo,True,True,1
hinge_A,42,9,1,62,child singing,people crowd,True,True,2
hinge_A,42,9,1,65,child singing,"female speech, woman speaking",True,True,2
hinge_A,42,9,1,69,child singing,playing flute,True,True,3
hinge_A,42,9,1,74,child singing,yodelling,True,True,6
hinge_A,42,9,1,85,child singing,playing bassoon,True,True,1
hinge_A,42,9,1,87,child singing,playing sitar,True,True,4
hinge_A,42,9,1,88,child singing,playing electric guitar,True,True,2
hinge_A,42,9,1,89,child singing,people whistling,True,True,6
hinge_A,42,9,1,91,child singing,"male speech, man speaking",True,False,1
hinge_A,42,9,2,2,"heart sounds, heartbeat","heart sounds, heartbeat",True,True,32
hinge_A,42,9,2,55,"heart sounds, heartbeat","subway, metro, underground",True,True,1
hinge_A,42,9,2,57,"heart sounds, heartbeat",mynah bird singing,True,True,1
hinge_A,42,9,2,66,"heart sounds, heartbeat",volcano explosion,True,True,4
hinge_A,42,9,2,73,"heart sounds, heartbeat",woodpecker pecking tree,True,True,3
hinge_A,42,9,2,77,"heart sounds, heartbeat",printer printing,True,True,1
hinge_A,42,9,2,85,"heart sounds, heartbeat",playing bassoon,True,True,2
hinge_A,42,9,2,99,"heart sounds, heartbeat",dog growling,True,False,6
hinge_A,42,9,3,3,singing bowl,singing bowl,True,True,9
hinge_A,42,9,3,6,singing bowl,"child speech, kid speaking",True,True,1
hinge_A,42,9,3,19,singing bowl,playing theremin,True,True,1
hinge_A,42,9,3,21,singing bowl,playing hammond organ,True,True,2
hinge_A,42,9,3,22,singing bowl,police car (siren),True,True,1
hinge_A,42,9,3,24,singing bowl,playing electronic organ,True,True,2
hinge_A,42,9,3,32,singing bowl,dog howling,True,True,1
hinge_A,42,9,3,33,singing bowl,playing synthesizer,True,True,2
hinge_A,42,9,3,40,singing bowl,vacuum cleaner cleaning floors,True,True,1
hinge_A,42,9,3,48,singing bowl,orchestra,True,True,1
hinge_A,42,9,3,49,singing bowl,playing harp,True,True,5
hinge_A,42,9,3,52,singing bowl,"playing marimba, xylophone",True,True,5
hinge_A,42,9,3,63,singing bowl,playing vibraphone,True,True,1
hinge_A,42,9,3,65,singing bowl,"female speech, woman speaking",True,True,1
hinge_A,42,9,3,66,singing bowl,volcano explosion,True,True,1
hinge_A,42,9,3,69,singing bowl,playing flute,True,True,1
hinge_A,42,9,3,70,singing bowl,playing acoustic guitar,True,True,2
hinge_A,42,9,3,77,singing bowl,printer printing,True,True,1
hinge_A,42,9,3,85,singing bowl,playing bassoon,True,True,4
hinge_A,42,9,3,87,singing bowl,playing sitar,True,True,1
hinge_A,42,9,3,88,singing bowl,playing electric guitar,True,True,3
hinge_A,42,9,3,89,singing bowl,people whistling,True,True,3
hinge_A,42,9,3,94,singing bowl,playing clarinet,True,False,1
hinge_A,42,9,4,4,cap gun shooting,cap gun shooting,True,True,15
hinge_A,42,9,4,6,cap gun shooting,"child speech, kid speaking",True,True,1
hinge_A,42,9,4,17,cap gun shooting,people whispering,True,True,5
hinge_A,42,9,4,28,cap gun shooting,goose honking,True,True,4
hinge_A,42,9,4,43,cap gun shooting,beat boxing,True,True,1
hinge_A,42,9,4,56,cap gun shooting,arc welding,True,True,2
hinge_A,42,9,4,57,cap gun shooting,mynah bird singing,True,True,1
hinge_A,42,9,4,60,cap gun shooting,"pigeon, dove cooing",True,True,4
hinge_A,42,9,4,61,cap gun shooting,"race car, auto racing",True,True,1
hinge_A,42,9,4,65,cap gun shooting,"female speech, woman speaking",True,True,1
hinge_A,42,9,4,72,cap gun shooting,pheasant crowing,True,True,1
hinge_A,42,9,4,75,cap gun shooting,sharpen knife,True,True,3
hinge_A,42,9,4,77,cap gun shooting,printer printing,True,True,1
hinge_A,42,9,4,81,cap gun shooting,fireworks banging,True,True,1
hinge_A,42,9,4,91,cap gun shooting,"male speech, man speaking",True,False,9
hinge_A,42,9,5,1,rope skipping,child singing,True,True,1
hinge_A,42,9,5,5,rope skipping,rope skipping,True,True,12
hinge_A,42,9,5,8,rope skipping,playing table tennis,True,True,1
hinge_A,42,9,5,10,rope skipping,playing bass drum,True,True,1
hinge_A,42,9,5,23,rope skipping,people cheering,True,True,1
hinge_A,42,9,5,25,rope skipping,bowling impact,True,True,2
hinge_A,42,9,5,41,rope skipping,playing squash,True,True,4
hinge_A,42,9,5,56,rope skipping,arc welding,True,True,1
hinge_A,42,9,5,62,rope skipping,people crowd,True,True,1
hinge_A,42,9,5,72,rope skipping,pheasant crowing,True,True,1
hinge_A,42,9,5,74,rope skipping,yodelling,True,True,1
hinge_A,42,9,5,75,rope skipping,sharpen knife,True,True,1
hinge_A,42,9,5,80,rope skipping,"electric shaver, electric razor shaving",True,True,2
hinge_A,42,9,5,82,rope skipping,tap dancing,True,True,20
hinge_A,42,9,5,99,rope skipping,dog growling,True,False,1
hinge_A,42,9,6,1,"child speech, kid speaking",child singing,True,True,2
hinge_A,42,9,6,6,"child speech, kid speaking","child speech, kid speaking",True,True,13
hinge_A,42,9,6,17,"child speech, kid speaking",people whispering,True,True,2
hinge_A,42,9,6,25,"child speech, kid speaking",bowling impact,True,True,2
hinge_A,42,9,6,43,"child speech, kid speaking",beat boxing,True,True,2
hinge_A,42,9,6,54,"child speech, kid speaking",playing saxophone,True,True,1
hinge_A,42,9,6,57,"child speech, kid speaking",mynah bird singing,True,True,1
hinge_A,42,9,6,60,"child speech, kid speaking","pigeon, dove cooing",True,True,2
hinge_A,42,9,6,62,"child speech, kid speaking",people crowd,True,True,1
hinge_A,42,9,6,65,"child speech, kid speaking","female speech, woman speaking",True,True,7
hinge_A,42,9,6,74,"child speech, kid speaking",yodelling,True,True,1
hinge_A,42,9,6,77,"child speech, kid speaking",printer printing,True,True,1
hinge_A,42,9,6,86,"child speech, kid speaking",police radio chatter,True,True,5
hinge_A,42,9,6,88,"child speech, kid speaking",playing electric guitar,True,True,1
hinge_A,42,9,6,89,"child speech, kid speaking",people whistling,True,True,2
hinge_A,42,9,6,91,"child speech, kid speaking","male speech, man speaking",True,False,7
hinge_A,42,9,7,6,baby laughter,"child speech, kid speaking",True,True,3
hinge_A,42,9,7,7,baby laughter,baby laughter,True,True,11
hinge_A,42,9,7,32,baby laughter,dog howling,True,True,1
hinge_A,42,9,7,43,baby laughter,beat boxing,True,True,1
hinge_A,42,9,7,65,baby laughter,"female speech, woman speaking",True,True,5
hinge_A,42,9,7,75,baby laughter,sharpen knife,True,True,1
hinge_A,42,9,7,89,baby laughter,people whistling,True,True,12
hinge_A,42,9,7,91,baby laughter,"male speech, man speaking",True,False,7
hinge_A,42,9,7,99,baby laughter,dog growling,True,False,9
hinge_A,42,9,8,8,playing table tennis,playing table tennis,True,True,35
hinge_A,42,9,8,25,playing table tennis,bowling impact,True,True,2
hinge_A,42,9,8,41,playing table tennis,playing squash,True,True,1
hinge_A,42,9,8,80,playing table tennis,"electric shaver, electric razor shaving",True,True,2
hinge_A,42,9,8,82,playing table tennis,tap dancing,True,True,6
hinge_A,42,9,8,98,playing table tennis,people booing,True,False,4
hinge_A,42,9,9,4,lighting firecrackers,cap gun shooting,True,True,1
hinge_A,42,9,9,6,lighting firecrackers,"child speech, kid speaking",True,True,1
hinge_A,42,9,9,7,lighting firecrackers,baby laughter,True,True,1
hinge_A,42,9,9,9,lighting firecrackers,lighting firecrackers,True,True,7
hinge_A,42,9,9,17,lighting firecrackers,people whispering,True,True,3
hinge_A,42,9,9,28,lighting firecrackers,goose honking,True,True,5
hinge_A,42,9,9,33,lighting firecrackers,playing synthesizer,True,True,1
hinge_A,42,9,9,60,lighting firecrackers,"pigeon, dove cooing",True,True,2
hinge_A,42,9,9,62,lighting firecrackers,people crowd,True,True,1
hinge_A,42,9,9,66,lighting firecrackers,volcano explosion,True,True,2
hinge_A,42,9,9,73,lighting firecrackers,woodpecker pecking tree,True,True,1
hinge_A,42,9,9,75,lighting firecrackers,sharpen knife,True,True,1
hinge_A,42,9,9,77,lighting firecrackers,printer printing,True,True,2
hinge_A,42,9,9,79,lighting firecrackers,lawn mowing,True,True,2
hinge_A,42,9,9,81,lighting firecrackers,fireworks banging,True,True,12
hinge_A,42,9,9,82,lighting firecrackers,tap dancing,True,True,1
hinge_A,42,9,9,84,lighting firecrackers,stream burbling,True,True,3
hinge_A,42,9,9,86,lighting firecrackers,police radio chatter,True,True,2
hinge_A,42,9,9,91,lighting firecrackers,"male speech, man speaking",True,False,1
hinge_A,42,9,9,96,lighting firecrackers,hail,True,False,1
hinge_A,42,9,10,2,playing bass drum,"heart sounds, heartbeat",True,True,1
hinge_A,42,9,10,4,playing bass drum,cap gun shooting,True,True,1
hinge_A,42,9,10,10,playing bass drum,playing bass drum,True,True,24
hinge_A,42,9,10,27,playing bass drum,playing bass guitar,True,True,1
hinge_A,42,9,10,38,playing bass drum,playing tambourine,True,True,4
hinge_A,42,9,10,39,playing bass drum,driving motorcycle,True,True,1
hinge_A,42,9,10,43,playing bass drum,beat boxing,True,True,1
hinge_A,42,9,10,59,playing bass drum,playing bongo,True,True,4
hinge_A,42,9,10,80,playing bass drum,"electric shaver, electric razor shaving",True,True,4
hinge_A,42,9,10,82,playing bass drum,tap dancing,True,True,6
hinge_A,42,9,10,88,playing bass drum,playing electric guitar,True,True,2
hinge_A,42,9,10,97,playing bass drum,playing cymbal,True,False,1
hinge_A,42,9,11,10,playing banjo,playing bass drum,True,True,1
hinge_A,42,9,11,11,playing banjo,playing banjo,True,True,16
hinge_A,42,9,11,17,playing banjo,people whispering,True,True,1
hinge_A,42,9,11,24,playing banjo,playing electronic organ,True,True,1
hinge_A,42,9,11,31,playing banjo,playing erhu,True,True,1
hinge_A,42,9,11,38,playing banjo,playing tambourine,True,True,1
hinge_A,42,9,11,49,playing banjo,playing harp,True,True,1
hinge_A,42,9,11,52,playing banjo,"playing marimba, xylophone",True,True,1
hinge_A,42,9,11,54,playing banjo,playing saxophone,True,True,1
hinge_A,42,9,11,64,playing banjo,playing mandolin,True,True,1
hinge_A,42,9,11,65,playing banjo,"female speech, woman speaking",True,True,1
hinge_A,42,9,11,70,playing banjo,playing acoustic guitar,True,True,9
hinge_A,42,9,11,76,playing banjo,"playing violin, fiddle",True,True,6
hinge_A,42,9,11,87,playing banjo,playing sitar,True,True,3
hinge_A,42,9,11,88,playing banjo,playing electric guitar,True,True,4
hinge_A,42,9,11,91,playing banjo,"male speech, man speaking",True,False,2
hinge_A,42,9,12,12,fire truck siren,fire truck siren,True,True,14
hinge_A,42,9,12,22,fire truck siren,police car (siren),True,True,20
hinge_A,42,9,12,23,fire truck siren,people cheering,True,True,1
hinge_A,42,9,12,25,fire truck siren,bowling impact,True,True,1
hinge_A,42,9,12,39,fire truck siren,driving motorcycle,True,True,2
hinge_A,42,9,12,48,fire truck siren,orchestra,True,True,1
hinge_A,42,9,12,55,fire truck siren,"subway, metro, underground",True,True,3
hinge_A,42,9,12,61,fire truck siren,"race car, auto racing",True,True,1
hinge_A,42,9,12,62,fire truck siren,people crowd,True,True,2
hinge_A,42,9,12,76,fire truck siren,"playing violin, fiddle",True,True,1
hinge_A,42,9,12,77,fire truck siren,printer printing,True,True,1
hinge_A,42,9,12,86,fire truck siren,police radio chatter,True,True,1
hinge_A,42,9,12,89,fire truck siren,people whistling,True,True,1
hinge_A,42,9,12,91,fire truck siren,"male speech, man speaking",True,False,1
hinge_A,42,9,13,10,playing bagpipes,playing bass drum,True,True,1
hinge_A,42,9,13,13,playing bagpipes,playing bagpipes,True,True,31
hinge_A,42,9,13,24,playing bagpipes,playing electronic organ,True,True,1
hinge_A,42,9,13,26,playing bagpipes,people marching,True,True,2
hinge_A,42,9,13,29,playing bagpipes,playing trombone,True,True,1
hinge_A,42,9,13,32,playing bagpipes,dog howling,True,True,1
hinge_A,42,9,13,48,playing bagpipes,orchestra,True,True,1
hinge_A,42,9,13,54,playing bagpipes,playing saxophone,True,True,1
hinge_A,42,9,13,62,playing bagpipes,people crowd,True,True,1
hinge_A,42,9,13,76,playing bagpipes,"playing violin, fiddle",True,True,5
hinge_A,42,9,13,81,playing bagpipes,fireworks banging,True,True,1
hinge_A,42,9,13,87,playing bagpipes,playing sitar,True,True,1
hinge_A,42,9,13,88,playing bagpipes,playing electric guitar,True,True,3
hinge_A,42,9,14,3,playing french horn,singing bowl,True,True,1
hinge_A,42,9,14,14,playing french horn,playing french horn,True,True,7
hinge_A,42,9,14,24,playing french horn,playing electronic organ,True,True,1
hinge_A,42,9,14,29,playing french horn,playing trombone,True,True,5
hinge_A,42,9,14,31,playing french horn,playing erhu,True,True,1
hinge_A,42,9,14,44,playing french horn,playing cello,True,True,5
hinge_A,42,9,14,48,playing french horn,orchestra,True,True,1
hinge_A,42,9,14,52,playing french horn,"playing marimba, xylophone",True,True,1
hinge_A,42,9,14,54,playing french horn,playing saxophone,True,True,4
hinge_A,42,9,14,58,playing french horn,playing piano,True,True,2
hinge_A,42,9,14,69,playing french horn,playing flute,True,True,2
hinge_A,42,9,14,70,playing french horn,playing acoustic guitar,True,True,1
hinge_A,42,9,14,76,playing french horn,"playing violin, fiddle",True,True,3
hinge_A,42,9,14,85,playing french horn,playing bassoon,True,True,10
hinge_A,42,9,14,88,playing french horn,playing electric guitar,True,True,3
hinge_A,42,9,14,89,playing french horn,people whistling,True,True,2
hinge_A,42,9,14,94,playing french horn,playing clarinet,True,False,1
hinge_A,42,9,15,3,civil defense siren,singing bowl,True,True,3
hinge_A,42,9,15,12,civil defense siren,fire truck siren,True,True,7
hinge_A,42,9,15,13,civil defense siren,playing bagpipes,True,True,1
hinge_A,42,9,15,15,civil defense siren,civil defense siren,True,True,24
hinge_A,42,9,15,24,civil defense siren,playing electronic organ,True,True,1
hinge_A,42,9,15,32,civil defense siren,dog howling,True,True,1
hinge_A,42,9,15,44,civil defense siren,playing cello,True,True,1
hinge_A,42,9,15,45,civil defense siren,playing cornet,True,True,1
hinge_A,42,9,15,48,civil defense siren,orchestra,True,True,1
hinge_A,42,9,15,54,civil defense siren,playing saxophone,True,True,1
hinge_A,42,9,15,78,civil defense siren,planing timber,True,True,2
hinge_A,42,9,15,80,civil defense siren,"electric shaver, electric razor shaving",True,True,1
hinge_A,42,9,15,85,civil defense siren,playing bassoon,True,True,3
hinge_A,42,9,15,88,civil defense siren,playing electric guitar,True,True,2
hinge_A,42,9,15,89,civil defense siren,people whistling,True,True,1
hinge_A,42,9,16,16,tractor digging,tractor digging,True,True,30
hinge_A,42,9,16,18,tractor digging,lathe spinning,True,True,2
hinge_A,42,9,16,30,tractor digging,helicopter,True,True,1
hinge_A,42,9,16,39,tractor digging,driving motorcycle,True,True,1
hinge_A,42,9,16,51,tractor digging,missile launch,True,True,1
hinge_A,42,9,16,55,tractor digging,"subway, metro, underground",True,True,3
hinge_A,42,9,16,79,tractor digging,lawn mowing,True,True,7
hinge_A,42,9,16,84,tractor digging,stream burbling,True,True,3
hinge_A,42,9,16,98,tractor digging,people booing,True,False,2
hinge_A,42,9,17,6,people whispering,"child speech, kid speaking",True,True,3
hinge_A,42,9,17,17,people whispering,people whispering,True,True,45
hinge_A,42,9,17,34,people whispering,cat purring,True,True,1
hinge_A,42,9,17,77,people whispering,printer printing,True,True,1
hinge_A,42,9,18,12,lathe spinning,fire truck siren,True,True,1
hinge_A,42,9,18,16,lathe spinning,tractor digging,True,True,1
hinge_A,42,9,18,18,lathe spinning,lathe spinning,True,True,30
hinge_A,42,9,18,22,lathe spinning,police car (siren),True,True,1
hinge_A,42,9,18,30,lathe spinning,helicopter,True,True,1
hinge_A,42,9,18,40,lathe spinning,vacuum cleaner cleaning floors,True,True,1
hinge_A,42,9,18,50,lathe spinning,roller coaster running,True,True,1
hinge_A,42,9,18,55,lathe spinning,"subway, metro, underground",True,True,1
hinge_A,42,9,18,56,lathe spinning,arc welding,True,True,1
hinge_A,42,9,18,61,lathe spinning,"race car, auto racing",True,True,1
hinge_A,42,9,18,75,lathe spinning,sharpen knife,True,True,2
hinge_A,42,9,18,79,lathe spinning,lawn mowing,True,True,1
hinge_A,42,9,18,80,lathe spinning,"electric shaver, electric razor shaving",True,True,8
hinge_A,42,9,19,1,playing theremin,child singing,True,True,1
hinge_A,42,9,19,12,playing theremin,fire truck siren,True,True,1
hinge_A,42,9,19,15,playing theremin,civil defense siren,True,True,1
hinge_A,42,9,19,19,playing theremin,playing theremin,True,True,5
hinge_A,42,9,19,24,playing theremin,playing electronic organ,True,True,4
hinge_A,42,9,19,26,playing theremin,people marching,True,True,1
hinge_A,42,9,19,27,playing theremin,playing bass guitar,True,True,3
hinge_A,42,9,19,29,playing theremin,playing trombone,True,True,1
hinge_A,42,9,19,31,playing theremin,playing erhu,True,True,1
hinge_A,42,9,19,33,playing theremin,playing synthesizer,True,True,2
hinge_A,42,9,19,44,playing theremin,playing cello,True,True,1
hinge_A,42,9,19,45,playing theremin,playing cornet,True,True,1
hinge_A,42,9,19,46,playing theremin,wind noise,True,True,1
hinge_A,42,9,19,49,playing theremin,playing harp,True,True,6
hinge_A,42,9,19,52,playing theremin,"playing marimba, xylophone",True,True,3
hinge_A,42,9,19,58,playing theremin,playing piano,True,True,1
hinge_A,42,9,19,65,playing theremin,"female speech, woman speaking",True,True,2
hinge_A,42,9,19,69,playing theremin,playing flute,True,True,2
hinge_A,42,9,19,77,playing theremin,printer printing,True,True,1
hinge_A,42,9,19,82,playing theremin,tap dancing,True,True,1
hinge_A,42,9,19,85,playing theremin,playing bassoon,True,True,3
hinge_A,42,9,19,88,playing theremin,playing electric guitar,True,True,5
hinge_A,42,9,19,89,playing theremin,people whistling,True,True,2
hinge_A,42,9,19,90,playing theremin,playing double bass,True,False,1
hinge_A,42,9,20,19,playing glockenspiel,playing theremin,True,True,1
hinge_A,42,9,20,20,playing glockenspiel,playing glockenspiel,True,True,19
hinge_A,42,9,20,22,playing glockenspiel,police car (siren),True,True,1
hinge_A,42,9,20,31,playing glockenspiel,playing erhu,True,True,1
hinge_A,42,9,20,47,playing glockenspiel,"playing steel guitar, slide guitar",True,True,2
hinge_A,42,9,20,49,playing glockenspiel,playing harp,True,True,2
hinge_A,42,9,20,52,playing glockenspiel,"playing marimba, xylophone",True,True,3
hinge_A,42,9,20,58,playing glockenspiel,playing piano,True,True,3
hinge_A,42,9,20,63,playing glockenspiel,playing vibraphone,True,True,6
hinge_A,42,9,20,64,playing glockenspiel,playing mandolin,True,True,3
hinge_A,42,9,20,71,playing glockenspiel,canary calling,True,True,1
hinge_A,42,9,20,85,playing glockenspiel,playing bassoon,True,True,5
hinge_A,42,9,20,93,playing glockenspiel,playing tabla,True,False,2
hinge_A,42,9,20,96,playing glockenspiel,hail,True,False,1
hinge_A,42,9,21,10,playing hammond organ,playing bass drum,True,True,1
hinge_A,42,9,21,11,playing hammond organ,playing banjo,True,True,1
hinge_A,42,9,21,14,playing hammond organ,playing french horn,True,True,1
hinge_A,42,9,21,21,playing hammond organ,playing hammond organ,True,True,4
hinge_A,42,9,21,24,playing hammond organ,playing electronic organ,True,True,7
hinge_A,42,9,21,27,playing hammond organ,playing bass guitar,True,True,1
hinge_A,42,9,21,33,playing hammond organ,playing synthesizer,True,True,3
hinge_A,42,9,21,42,playing hammond organ,slot machine,True,True,1
hinge_A,42,9,21,44,playing hammond organ,playing cello,True,True,1
hinge_A,42,9,21,45,playing hammond organ,playing cornet,True,True,1
hinge_A,42,9,21,48,playing hammond organ,orchestra,True,True,1
hinge_A,42,9,21,52,playing hammond organ,"playing marimba, xylophone",True,True,4
hinge_A,42,9,21,58,playing hammond organ,playing piano,True,True,2
hinge_A,42,9,21,69,playing hammond organ,playing flute,True,True,1
hinge_A,42,9,21,70,playing hammond organ,playing acoustic guitar,True,True,2
hinge_A,42,9,21,76,playing hammond organ,"playing violin, fiddle",True,True,2
hinge_A,42,9,21,80,playing hammond organ,"electric shaver, electric razor shaving",True,True,1
hinge_A,42,9,21,85,playing hammond organ,playing bassoon,True,True,3
hinge_A,42,9,21,87,playing hammond organ,playing sitar,True,True,1
hinge_A,42,9,21,88,playing hammond organ,playing electric guitar,True,True,10
hinge_A,42,9,21,89,playing hammond organ,people whistling,True,True,1
hinge_A,42,9,21,92,playing hammond organ,playing accordion,True,False,1
hinge_A,42,9,22,21,police car (siren),playing hammond organ,True,True,2
hinge_A,42,9,22,22,police car (siren),police car (siren),True,True,20
hinge_A,42,9,22,23,police car (siren),people cheering,True,True,2
hinge_A,42,9,22,26,police car (siren),people marching,True,True,1
hinge_A,42,9,22,32,police car (siren),dog howling,True,True,5
hinge_A,42,9,22,46,police car (siren),wind noise,True,True,1
hinge_A,42,9,22,48,police car (siren),orchestra,True,True,1
hinge_A,42,9,22,50,police car (siren),roller coaster running,True,True,1
hinge_A,42,9,22,53,police car (siren),airplane flyby,True,True,1
hinge_A,42,9,22,55,police car (siren),"subway, metro, underground",True,True,2
hinge_A,42,9,22,86,police car (siren),police radio chatter,True,True,5
hinge_A,42,9,22,89,police car (siren),people whistling,True,True,6
hinge_A,42,9,22,91,police car (siren),"male speech, man speaking",True,False,1
hinge_A,42,9,22,98,police car (siren),people booing,True,False,2
hinge_A,42,9,23,8,people cheering,playing table tennis,True,True,1
hinge_A,42,9,23,18,people cheering,lathe spinning,True,True,1
hinge_A,42,9,23,23,people cheering,people cheering,True,True,9
hinge_A,42,9,23,40,people cheering,vacuum cleaner cleaning floors,True,True,1
hinge_A,42,9,23,62,people cheering,people crowd,True,True,19
hinge_A,42,9,23,68,people cheering,singing choir,True,True,2
hinge_A,42,9,23,82,people cheering,tap dancing,True,True,2
hinge_A,42,9,23,98,people cheering,people booing,True,False,15
hinge_A,42,9,24,1,playing electronic organ,child singing,True,True,1
hinge_A,42,9,24,10,playing electronic organ,playing bass drum,True,True,1
hinge_A,42,9,24,14,playing electronic organ,playing french horn,True,True,1
hinge_A,42,9,24,21,playing electronic organ,playing hammond organ,True,True,2
hinge_A,42,9,24,24,playing electronic organ,playing electronic organ,True,True,6
hinge_A,42,9,24,29,playing electronic organ,playing trombone,True,True,1
hinge_A,42,9,24,33,playing electronic organ,playing synthesizer,True,True,2
hinge_A,42,9,24,42,playing electronic organ,slot machine,True,True,1
hinge_A,42,9,24,44,playing electronic organ,playing cello,True,True,1
hinge_A,42,9,24,48,playing electronic organ,orchestra,True,True,4
hinge_A,42,9,24,52,playing electronic organ,"playing marimba, xylophone",True,True,3
hinge_A,42,9,24,58,playing electronic organ,playing piano,True,True,1
hinge_A,42,9,24,70,playing electronic organ,playing acoustic guitar,True,True,5
hinge_A,42,9,24,76,playing electronic organ,"playing violin, fiddle",True,True,4
hinge_A,42,9,24,85,playing electronic organ,playing bassoon,True,True,1
hinge_A,42,9,24,87,playing electronic organ,playing sitar,True,True,1
hinge_A,42,9,24,88,playing electronic organ,playing electric guitar,True,True,14
hinge_A,42,9,24,89,playing electronic organ,people whistling,True,True,1
hinge_A,42,9,25,4,bowling impact,cap gun shooting,True,True,1
hinge_A,42,9,25,5,bowling impact,rope skipping,True,True,1
hinge_A,42,9,25,25,bowling impact,bowling impact,True,True,36
hinge_A,42,9,25,41,bowling impact,playing squash,True,True,1
hinge_A,42,9,25,74,bowling impact,yodelling,True,True,1
hinge_A,42,9,25,77,bowling impact,printer printing,True,True,1
hinge_A,42,9,25,80,bowling impact,"electric shaver, electric razor shaving",True,True,2
hinge_A,42,9,25,82,bowling impact,tap dancing,True,True,1
hinge_A,42,9,25,86,bowling impact,police radio chatter,True,True,2
hinge_A,42,9,25,91,bowling impact,"male speech, man speaking",True,False,1
hinge_A,42,9,25,98,bowling impact,people booing,True,False,3
hinge_A,42,9,26,10,people marching,playing bass drum,True,True,1
hinge_A,42,9,26,23,people marching,people cheering,True,True,2
hinge_A,42,9,26,25,people marching,bowling impact,True,True,2
hinge_A,42,9,26,26,people marching,people marching,True,True,19
hinge_A,42,9,26,42,people marching,slot machine,True,True,1
hinge_A,42,9,26,43,people marching,beat boxing,True,True,4
hinge_A,42,9,26,50,people marching,roller coaster running,True,True,1
hinge_A,42,9,26,62,people marching,people crowd,True,True,2
hinge_A,42,9,26,68,people marching,singing choir,True,True,1
hinge_A,42,9,26,74,people marching,yodelling,True,True,1
hinge_A,42,9,26,75,people marching,sharpen knife,True,True,1
hinge_A,42,9,26,82,people marching,tap dancing,True,True,8
hinge_A,42,9,26,86,people marching,police radio chatter,True,True,1
hinge_A,42,9,26,88,people marching,playing electric guitar,True,True,1
hinge_A,42,9,26,93,people marching,playing tabla,True,False,1
hinge_A,42,9,26,96,people marching,hail,True,False,1
hinge_A,42,9,26,98,people marching,people booing,True,False,3
hinge_A,42,9,27,10,playing bass guitar,playing bass drum,True,True,3
hinge_A,42,9,27,24,playing bass guitar,playing electronic organ,True,True,1
hinge_A,42,9,27,27,playing bass guitar,playing bass guitar,True,True,6
hinge_A,42,9,27,29,playing bass guitar,playing trombone,True,True,1
hinge_A,42,9,27,33,playing bass guitar,playing synthesizer,True,True,1
hinge_A,42,9,27,58,playing bass guitar,playing piano,True,True,1
hinge_A,42,9,27,65,playing bass guitar,"female speech, woman speaking",True,True,1
hinge_A,42,9,27,70,playing bass guitar,playing acoustic guitar,True,True,15
hinge_A,42,9,27,83,playing bass guitar,tapping guitar,True,True,2
hinge_A,42,9,27,87,playing bass guitar,playing sitar,True,True,1
hinge_A,42,9,27,88,playing bass guitar,playing electric guitar,True,True,16
hinge_A,42,9,27,90,playing bass guitar,playing double bass,True,False,1
hinge_A,42,9,27,91,playing bass guitar,"male speech, man speaking",True,False,1
hinge_A,42,9,28,0,goose honking,playing volleyball,True,True,1
hinge_A,42,9,28,4,goose honking,cap gun shooting,True,True,1
hinge_A,42,9,28,9,goose honking,lighting firecrackers,True,True,1
hinge_A,42,9,28,17,goose honking,people whispering,True,True,1
hinge_A,42,9,28,26,goose honking,people marching,True,True,1
hinge_A,42,9,28,28,goose honking,goose honking,True,True,13
hinge_A,42,9,28,30,goose honking,helicopter,True,True,3
hinge_A,42,9,28,43,goose honking,beat boxing,True,True,1
hinge_A,42,9,28,50,goose honking,roller coaster running,True,True,1
hinge_A,42,9,28,53,goose honking,airplane flyby,True,True,2
hinge_A,42,9,28,60,goose honking,"pigeon, dove cooing",True,True,3
hinge_A,42,9,28,65,goose honking,"female speech, woman speaking",True,True,1
hinge_A,42,9,28,73,goose honking,woodpecker pecking tree,True,True,1
hinge_A,42,9,28,77,goose honking,printer printing,True,True,2
hinge_A,42,9,28,81,goose honking,fireworks banging,True,True,1
hinge_A,42,9,28,84,goose honking,stream burbling,True,True,6
hinge_A,42,9,28,86,goose honking,police radio chatter,True,True,2
hinge_A,42,9,28,89,goose honking,people whistling,True,True,2
hinge_A,42,9,28,91,goose honking,"male speech, man speaking",True,False,6
hinge_A,42,9,28,98,goose honking,people booing,True,False,1
hinge_A,42,9,29,11,playing trombone,playing banjo,True,True,2
hinge_A,42,9,29,14,playing trombone,playing french horn,True,True,3
hinge_A,42,9,29,25,playing trombone,bowling impact,True,True,1
hinge_A,42,9,29,27,playing trombone,playing bass guitar,True,True,1
hinge_A,42,9,29,28,playing trombone,goose honking,True,True,1
hinge_A,42,9,29,29,playing trombone,playing trombone,True,True,15
hinge_A,42,9,29,43,playing trombone,beat boxing,True,True,2
hinge_A,42,9,29,45,playing trombone,playing cornet,True,True,3
hinge_A,42,9,29,48,playing trombone,orchestra,True,True,1
hinge_A,42,9,29,52,playing trombone,"playing marimba, xylophone",True,True,1
hinge_A,42,9,29,54,playing trombone,playing saxophone,True,True,2
hinge_A,42,9,29,58,playing trombone,playing piano,True,True,1
hinge_A,42,9,29,64,playing trombone,playing mandolin,True,True,1
hinge_A,42,9,29,65,playing trombone,"female speech, woman speaking",True,True,2
hinge_A,42,9,29,82,playing trombone,tap dancing,True,True,1
hinge_A,42,9,29,85,playing trombone,playing bassoon,True,True,6
hinge_A,42,9,29,87,playing trombone,playing sitar,True,True,1
hinge_A,42,9,29,88,playing trombone,playing electric guitar,True,True,4
hinge_A,42,9,29,90,playing trombone,playing double bass,True,False,1
hinge_A,42,9,29,92,playing trombone,playing accordion,True,False,1
hinge_A,42,9,30,10,helicopter,playing bass drum,True,True,1
hinge_A,42,9,30,16,helicopter,tractor digging,True,True,1
hinge_A,42,9,30,22,helicopter,police car (siren),True,True,1
hinge_A,42,9,30,23,helicopter,people cheering,True,True,1
hinge_A,42,9,30,27,helicopter,playing bass guitar,True,True,1
hinge_A,42,9,30,28,helicopter,goose honking,True,True,3
hinge_A,42,9,30,30,helicopter,helicopter,True,True,20
hinge_A,42,9,30,39,helicopter,driving motorcycle,True,True,1
hinge_A,42,9,30,40,helicopter,vacuum cleaner cleaning floors,True,True,1
hinge_A,42,9,30,43,helicopter,beat boxing,True,True,1
hinge_A,42,9,30,46,helicopter,wind noise,True,True,7
hinge_A,42,9,30,50,helicopter,roller coaster running,True,True,1
hinge_A,42,9,30,53,helicopter,airplane flyby,True,True,1
hinge_A,42,9,30,55,helicopter,"subway, metro, underground",True,True,3
hinge_A,42,9,30,61,helicopter,"race car, auto racing",True,True,1
hinge_A,42,9,30,77,helicopter,printer printing,True,True,1
hinge_A,42,9,30,79,helicopter,lawn mowing,True,True,2
hinge_A,42,9,30,88,helicopter,playing electric guitar,True,True,1
hinge_A,42,9,30,96,helicopter,hail,True,False,1
hinge_A,42,9,30,99,helicopter,dog growling,True,False,1
hinge_A,42,9,31,1,playing erhu,child singing,True,True,2
hinge_A,42,9,31,13,playing erhu,playing bagpipes,True,True,1
hinge_A,42,9,31,19,playing erhu,playing theremin,True,True,2
hinge_A,42,9,31,24,playing erhu,playing electronic organ,True,True,1
hinge_A,42,9,31,31,playing erhu,playing erhu,True,True,29
hinge_A,42,9,31,32,playing erhu,dog howling,True,True,1
hinge_A,42,9,31,44,playing erhu,playing cello,True,True,1
hinge_A,42,9,31,45,playing erhu,playing cornet,True,True,1
hinge_A,42,9,31,48,playing erhu,orchestra,True,True,1
hinge_A,42,9,31,69,playing erhu,playing flute,True,True,2
hinge_A,42,9,31,74,playing erhu,yodelling,True,True,4
hinge_A,42,9,31,83,playing erhu,tapping guitar,True,True,1
hinge_A,42,9,31,85,playing erhu,playing bassoon,True,True,1
hinge_A,42,9,31,87,playing erhu,playing sitar,True,True,1
hinge_A,42,9,31,94,playing erhu,playing clarinet,True,False,2
hinge_A,42,9,32,6,dog howling,"child speech, kid speaking",True,True,4
hinge_A,42,9,32,7,dog howling,baby laughter,True,True,1
hinge_A,42,9,32,22,dog howling,police car (siren),True,True,2
hinge_A,42,9,32,28,dog howling,goose honking,True,True,2
hinge_A,42,9,32,32,dog howling,dog howling,True,True,10
hinge_A,42,9,32,45,dog howling,playing cornet,True,True,1
hinge_A,42,9,32,52,dog howling,"playing marimba, xylophone",True,True,2
hinge_A,42,9,32,65,dog howling,"female speech, woman speaking",True,True,2
hinge_A,42,9,32,69,dog howling,playing flute,True,True,1
hinge_A,42,9,32,71,dog howling,canary calling,True,True,1
hinge_A,42,9,32,86,dog howling,police radio chatter,True,True,1
hinge_A,42,9,32,88,dog howling,playing electric guitar,True,True,1
hinge_A,42,9,32,89,dog howling,people whistling,True,True,21
hinge_A,42,9,32,91,dog howling,"male speech, man speaking",True,False,1
hinge_A,42,9,33,4,playing synthesizer,cap gun shooting,True,True,1
hinge_A,42,9,33,10,playing synthesizer,playing bass drum,True,True,8
hinge_A,42,9,33,17,playing synthesizer,people whispering,True,True,1
hinge_A,42,9,33,22,playing synthesizer,police car (siren),True,True,1
hinge_A,42,9,33,24,playing synthesizer,playing electronic organ,True,True,2
hinge_A,42,9,33,26,playing synthesizer,people marching,True,True,1
hinge_A,42,9,33,27,playing synthesizer,playing bass guitar,True,True,3
hinge_A,42,9,33,33,playing synthesizer,playing synthesizer,True,True,10
hinge_A,42,9,33,43,playing synthesizer,beat boxing,True,True,2
hinge_A,42,9,33,52,playing synthesizer,"playing marimba, xylophone",True,True,2
hinge_A,42,9,33,54,playing synthesizer,playing saxophone,True,True,2
hinge_A,42,9,33,59,playing synthesizer,playing bongo,True,True,1
hinge_A,42,9,33,63,playing synthesizer,playing vibraphone,True,True,1
hinge_A,42,9,33,66,playing synthesizer,volcano explosion,True,True,1
hinge_A,42,9,33,69,playing synthesizer,playing flute,True,True,1
hinge_A,42,9,33,70,playing synthesizer,playing acoustic guitar,True,True,5
hinge_A,42,9,33,81,playing synthesizer,fireworks banging,True,True,1
hinge_A,42,9,33,83,playing synthesizer,tapping guitar,True,True,1
hinge_A,42,9,33,87,playing synthesizer,playing sitar,True,True,1
hinge_A,42,9,33,88,playing synthesizer,playing electric guitar,True,True,2
hinge_A,42,9,33,90,playing synthesizer,playing double bass,True,False,1
hinge_A,42,9,33,95,playing synthesizer,playing harpsichord,True,False,1
hinge_A,42,9,33,99,playing synthesizer,dog growling,True,False,1
hinge_A,42,9,34,2,cat purring,"heart sounds, heartbeat",True,True,1
hinge_A,42,9,34,6,cat purring,"child speech, kid speaking",True,True,1
hinge_A,42,9,34,17,cat purring,people whispering,True,True,8
hinge_A,42,9,34,28,cat purring,goose honking,True,True,2
hinge_A,42,9,34,34,cat purring,cat purring,True,True,14
hinge_A,42,9,34,52,cat purring,"playing marimba, xylophone",True,True,1
hinge_A,42,9,34,59,cat purring,playing bongo,True,True,1
hinge_A,42,9,34,60,cat purring,"pigeon, dove cooing",True,True,7
hinge_A,42,9,34,73,cat purring,woodpecker pecking tree,True,True,1
hinge_A,42,9,34,77,cat purring,printer printing,True,True,1
hinge_A,42,9,34,80,cat purring,"electric shaver, electric razor shaving",True,True,1
hinge_A,42,9,34,81,cat purring,fireworks banging,True,True,1
hinge_A,42,9,34,89,cat purring,people whistling,True,True,1
hinge_A,42,9,34,90,cat purring,playing double bass,True,False,1
hinge_A,42,9,34,91,cat purring,"male speech, man speaking",True,False,3
hinge_A,42,9,34,99,cat purring,dog growling,True,False,6
hinge_A,42,9,35,9,skiing,lighting firecrackers,True,True,2
hinge_A,42,9,35,28,skiing,goose honking,True,True,1
hinge_A,42,9,35,35,skiing,skiing,True,True,37
hinge_A,42,9,35,62,skiing,people crowd,True,True,1
hinge_A,42,9,35,72,skiing,pheasant crowing,True,True,1
hinge_A,42,9,35,80,skiing,"electric shaver, electric razor shaving",True,True,1
hinge_A,42,9,35,86,skiing,police radio chatter,True,True,6
hinge_A,42,9,35,99,skiing,dog growling,True,False,1
hinge_A,42,9,36,36,wood thrush calling,wood thrush calling,True,True,15
hinge_A,42,9,36,57,wood thrush calling,mynah bird singing,True,True,8
hinge_A,42,9,36,71,wood thrush calling,canary calling,True,True,6
hinge_A,42,9,36,72,wood thrush calling,pheasant crowing,True,True,4
hinge_A,42,9,36,73,wood thrush calling,woodpecker pecking tree,True,True,12
hinge_A,42,9,36,84,wood thrush calling,stream burbling,True,True,1
hinge_A,42,9,36,89,wood thrush calling,people whistling,True,True,4
hinge_A,42,9,37,28,scuba diving,goose honking,True,True,1
hinge_A,42,9,37,37,scuba diving,scuba diving,True,True,40
hinge_A,42,9,37,42,scuba diving,slot machine,True,True,1
hinge_A,42,9,37,72,scuba diving,pheasant crowing,True,True,2
hinge_A,42,9,37,99,scuba diving,dog growling,True,False,6
hinge_A,42,9,38,4,playing tambourine,cap gun shooting,True,True,3
hinge_A,42,9,38,5,playing tambourine,rope skipping,True,True,2
hinge_A,42,9,38,7,playing tambourine,baby laughter,True,True,1
hinge_A,42,9,38,33,playing tambourine,playing synthesizer,True,True,1
hinge_A,42,9,38,38,playing tambourine,playing tambourine,True,True,24
hinge_A,42,9,38,43,playing tambourine,beat boxing,True,True,5
hinge_A,42,9,38,56,playing tambourine,arc welding,True,True,1
hinge_A,42,9,38,59,playing tambourine,playing bongo,True,True,1
hinge_A,42,9,38,68,playing tambourine,singing choir,True,True,1
hinge_A,42,9,38,75,playing tambourine,sharpen knife,True,True,6
hinge_A,42,9,38,80,playing tambourine,"electric shaver, electric razor shaving",True,True,2
hinge_A,42,9,38,82,playing tambourine,tap dancing,True,True,2
hinge_A,42,9,38,88,playing tambourine,playing electric guitar,True,True,1
hinge_A,42,9,39,6,driving motorcycle,"child speech, kid speaking",True,True,1
hinge_A,42,9,39,16,driving motorcycle,tractor digging,True,True,2
hinge_A,42,9,39,18,driving motorcycle,lathe spinning,True,True,1
hinge_A,42,9,39,27,driving motorcycle,playing bass guitar,True,True,1
hinge_A,42,9,39,30,driving motorcycle,helicopter,True,True,3
hinge_A,42,9,39,39,driving motorcycle,driving motorcycle,True,True,11
hinge_A,42,9,39,46,driving motorcycle,wind noise,True,True,4
hinge_A,42,9,39,53,driving motorcycle,airplane flyby,True,True,1
hinge_A,42,9,39,55,driving motorcycle,"subway, metro, underground",True,True,1
hinge_A,42,9,39,60,driving motorcycle,"pigeon, dove cooing",True,True,1
hinge_A,42,9,39,61,driving motorcycle,"race car, auto racing",True,True,4
hinge_A,42,9,39,62,driving motorcycle,people crowd,True,True,1
hinge_A,42,9,39,66,driving motorcycle,volcano explosion,True,True,3
hinge_A,42,9,39,79,driving motorcycle,lawn mowing,True,True,4
hinge_A,42,9,39,81,driving motorcycle,fireworks banging,True,True,1
hinge_A,42,9,39,84,driving motorcycle,stream burbling,True,True,2
hinge_A,42,9,39,86,driving motorcycle,police radio chatter,True,True,3
hinge_A,42,9,39,88,driving motorcycle,playing electric guitar,True,True,4
hinge_A,42,9,39,91,driving motorcycle,"male speech, man speaking",True,False,1
hinge_A,42,9,39,99,driving motorcycle,dog growling,True,False,1
hinge_A,42,9,40,9,vacuum cleaner cleaning floors,lighting firecrackers,True,True,1
hinge_A,42,9,40,18,vacuum cleaner cleaning floors,lathe spinning,True,True,7
hinge_A,42,9,40,30,vacuum cleaner cleaning floors,helicopter,True,True,4
hinge_A,42,9,40,40,vacuum cleaner cleaning floors,vacuum cleaner cleaning floors,True,True,8
hinge_A,42,9,40,55,vacuum cleaner cleaning floors,"subway, metro, underground",True,True,4
hinge_A,42,9,40,61,vacuum cleaner cleaning floors,"race car, auto racing",True,True,2
hinge_A,42,9,40,65,vacuum cleaner cleaning floors,"female speech, woman speaking",True,True,1
hinge_A,42,9,40,75,vacuum cleaner cleaning floors,sharpen knife,True,True,3
hinge_A,42,9,40,77,vacuum cleaner cleaning floors,printer printing,True,True,4
hinge_A,42,9,40,79,vacuum cleaner cleaning floors,lawn mowing,True,True,2
hinge_A,42,9,40,80,vacuum cleaner cleaning floors,"electric shaver, electric razor shaving",True,True,4
hinge_A,42,9,40,84,vacuum cleaner cleaning floors,stream burbling,True,True,3
hinge_A,42,9,40,86,vacuum cleaner cleaning floors,police radio chatter,True,True,1
hinge_A,42,9,40,88,vacuum cleaner cleaning floors,playing electric guitar,True,True,1
hinge_A,42,9,40,89,vacuum cleaner cleaning floors,people whistling,True,True,1
hinge_A,42,9,40,91,vacuum cleaner cleaning floors,"male speech, man speaking",True,False,3
hinge_A,42,9,40,99,vacuum cleaner cleaning floors,dog growling,True,False,1
hinge_A,42,9,41,5,playing squash,rope skipping,True,True,6
hinge_A,42,9,41,8,playing squash,playing table tennis,True,True,6
hinge_A,42,9,41,25,playing squash,bowling impact,True,True,2
hinge_A,42,9,41,35,playing squash,skiing,True,True,2
hinge_A,42,9,41,41,playing squash,playing squash,True,True,23
hinge_A,42,9,41,53,playing squash,airplane flyby,True,True,1
hinge_A,42,9,41,82,playing squash,tap dancing,True,True,6
hinge_A,42,9,41,98,playing squash,people booing,True,False,1
hinge_A,42,9,41,99,playing squash,dog growling,True,False,3
hinge_A,42,9,42,8,slot machine,playing table tennis,True,True,1
hinge_A,42,9,42,42,slot machine,slot machine,True,True,44
hinge_A,42,9,42,43,slot machine,beat boxing,True,True,1
hinge_A,42,9,42,52,slot machine,"playing marimba, xylophone",True,True,2
hinge_A,42,9,42,74,slot machine,yodelling,True,True,1
hinge_A,42,9,42,88,slot machine,playing electric guitar,True,True,1
hinge_A,42,9,43,4,beat boxing,cap gun shooting,True,True,1
hinge_A,42,9,43,5,beat boxing,rope skipping,True,True,1
hinge_A,42,9,43,7,beat boxing,baby laughter,True,True,1
hinge_A,42,9,43,10,beat boxing,playing bass drum,True,True,1
hinge_A,42,9,43,33,beat boxing,playing synthesizer,True,True,1
hinge_A,42,9,43,43,beat boxing,beat boxing,True,True,32
hinge_A,42,9,43,45,beat boxing,playing cornet,True,True,1
hinge_A,42,9,43,59,beat boxing,playing bongo,True,True,2
hinge_A,42,9,43,62,beat boxing,people crowd,True,True,1
hinge_A,42,9,43,64,beat boxing,playing mandolin,True,True,1
hinge_A,42,9,43,75,beat boxing,sharpen knife,True,True,3
hinge_A,42,9,43,80,beat boxing,"electric shaver, electric razor shaving",True,True,2
hinge_A,42,9,43,82,beat boxing,tap dancing,True,True,2
hinge_A,42,9,43,86,beat boxing,police radio chatter,True,True,1
hinge_A,42,9,44,11,playing cello,playing banjo,True,True,3
hinge_A,42,9,44,24,playing cello,playing electronic organ,True,True,1
hinge_A,42,9,44,27,playing cello,playing bass guitar,True,True,2
hinge_A,42,9,44,29,playing cello,playing trombone,True,True,1
hinge_A,42,9,44,44,playing cello,playing cello,True,True,11
hinge_A,42,9,44,52,playing cello,"playing marimba, xylophone",True,True,2
hinge_A,42,9,44,54,playing cello,playing saxophone,True,True,7
hinge_A,42,9,44,58,playing cello,playing piano,True,True,1
hinge_A,42,9,44,70,playing cello,playing acoustic guitar,True,True,3
hinge_A,42,9,44,76,playing cello,"playing violin, fiddle",True,True,4
hinge_A,42,9,44,80,playing cello,"electric shaver, electric razor shaving",True,True,1
hinge_A,42,9,44,85,playing cello,playing bassoon,True,True,1
hinge_A,42,9,44,88,playing cello,playing electric guitar,True,True,10
hinge_A,42,9,44,89,playing cello,people whistling,True,True,1
hinge_A,42,9,44,90,playing cello,playing double bass,True,False,2
hinge_A,42,9,45,1,playing cornet,child singing,True,True,1
hinge_A,42,9,45,15,playing cornet,civil defense siren,True,True,1
hinge_A,42,9,45,19,playing cornet,playing theremin,True,True,1
hinge_A,42,9,45,24,playing cornet,playing electronic organ,True,True,2
hinge_A,42,9,45,31,playing cornet,playing erhu,True,True,2
hinge_A,42,9,45,45,playing cornet,playing cornet,True,True,30
hinge_A,42,9,45,54,playing cornet,playing saxophone,True,True,1
hinge_A,42,9,45,64,playing cornet,playing mandolin,True,True,1
hinge_A,42,9,45,69,playing cornet,playing flute,True,True,2
hinge_A,42,9,45,85,playing cornet,playing bassoon,True,True,9
hinge_A,42,9,46,9,wind noise,lighting firecrackers,True,True,1
hinge_A,42,9,46,28,wind noise,goose honking,True,True,2
hinge_A,42,9,46,30,wind noise,helicopter,True,True,1
hinge_A,42,9,46,39,wind noise,driving motorcycle,True,True,1
hinge_A,42,9,46,46,wind noise,wind noise,True,True,15
hinge_A,42,9,46,51,wind noise,missile launch,True,True,1
hinge_A,42,9,46,55,wind noise,"subway, metro, underground",True,True,5
hinge_A,42,9,46,56,wind noise,arc welding,True,True,1
hinge_A,42,9,46,60,wind noise,"pigeon, dove cooing",True,True,4
hinge_A,42,9,46,61,wind noise,"race car, auto racing",True,True,1
hinge_A,42,9,46,66,wind noise,volcano explosion,True,True,2
hinge_A,42,9,46,67,wind noise,ocean burbling,True,True,1
hinge_A,42,9,46,73,wind noise,woodpecker pecking tree,True,True,3
hinge_A,42,9,46,75,wind noise,sharpen knife,True,True,1
hinge_A,42,9,46,77,wind noise,printer printing,True,True,1
hinge_A,42,9,46,79,wind noise,lawn mowing,True,True,1
hinge_A,42,9,46,81,wind noise,fireworks banging,True,True,2
hinge_A,42,9,46,82,wind noise,tap dancing,True,True,1
hinge_A,42,9,46,84,wind noise,stream burbling,True,True,2
hinge_A,42,9,46,86,wind noise,police radio chatter,True,True,1
hinge_A,42,9,46,96,wind noise,hail,True,False,1
hinge_A,42,9,46,99,wind noise,dog growling,True,False,2
hinge_A,42,9,47,14,"playing steel guitar, slide guitar",playing french horn,True,True,1
hinge_A,42,9,47,19,"playing steel guitar, slide guitar",playing theremin,True,True,1
hinge_A,42,9,47,24,"playing steel guitar, slide guitar",playing electronic organ,True,True,3
hinge_A,42,9,47,31,"playing steel guitar, slide guitar",playing erhu,True,True,2
hinge_A,42,9,47,33,"playing steel guitar, slide guitar",playing synthesizer,True,True,1
hinge_A,42,9,47,44,"playing steel guitar, slide guitar",playing cello,True,True,1
hinge_A,42,9,47,47,"playing steel guitar, slide guitar","playing steel guitar, slide guitar",True,True,16
hinge_A,42,9,47,49,"playing steel guitar, slide guitar",playing harp,True,True,1
hinge_A,42,9,47,58,"playing steel guitar, slide guitar",playing piano,True,True,3
hinge_A,42,9,47,65,"playing steel guitar, slide guitar","female speech, woman speaking",True,True,2
hinge_A,42,9,47,70,"playing steel guitar, slide guitar",playing acoustic guitar,True,True,4
hinge_A,42,9,47,83,"playing steel guitar, slide guitar",tapping guitar,True,True,2
hinge_A,42,9,47,86,"playing steel guitar, slide guitar",police radio chatter,True,True,1
hinge_A,42,9,47,87,"playing steel guitar, slide guitar",playing sitar,True,True,2
hinge_A,42,9,47,88,"playing steel guitar, slide guitar",playing electric guitar,True,True,7
hinge_A,42,9,47,90,"playing steel guitar, slide guitar",playing double bass,True,False,1
hinge_A,42,9,47,91,"playing steel guitar, slide guitar","male speech, man speaking",True,False,1
hinge_A,42,9,47,93,"playing steel guitar, slide guitar",playing tabla,True,False,1
hinge_A,42,9,48,10,orchestra,playing bass drum,True,True,1
hinge_A,42,9,48,11,orchestra,playing banjo,True,True,1
hinge_A,42,9,48,19,orchestra,playing theremin,True,True,1
hinge_A,42,9,48,28,orchestra,goose honking,True,True,1
hinge_A,42,9,48,29,orchestra,playing trombone,True,True,6
hinge_A,42,9,48,43,orchestra,beat boxing,True,True,1
hinge_A,42,9,48,44,orchestra,playing cello,True,True,3
hinge_A,42,9,48,45,orchestra,playing cornet,True,True,1
hinge_A,42,9,48,48,orchestra,orchestra,True,True,12
hinge_A,42,9,48,52,orchestra,"playing marimba, xylophone",True,True,1
hinge_A,42,9,48,54,orchestra,playing saxophone,True,True,4
hinge_A,42,9,48,58,orchestra,playing piano,True,True,1
hinge_A,42,9,48,68,orchestra,singing choir,True,True,1
hinge_A,42,9,48,74,orchestra,yodelling,True,True,1
hinge_A,42,9,48,76,orchestra,"playing violin, fiddle",True,True,5
hinge_A,42,9,48,85,orchestra,playing bassoon,True,True,1
hinge_A,42,9,48,88,orchestra,playing electric guitar,True,True,8
hinge_A,42,9,48,98,orchestra,people booing,True,False,1
hinge_A,42,9,49,11,playing harp,playing banjo,True,True,2
hinge_A,42,9,49,24,playing harp,playing electronic organ,True,True,2
hinge_A,42,9,49,29,playing harp,playing trombone,True,True,1
hinge_A,42,9,49,33,playing harp,playing synthesizer,True,True,1
hinge_A,42,9,49,49,playing harp,playing harp,True,True,19
hinge_A,42,9,49,52,playing harp,"playing marimba, xylophone",True,True,1
hinge_A,42,9,49,58,playing harp,playing piano,True,True,4
hinge_A,42,9,49,63,playing harp,playing vibraphone,True,True,1
hinge_A,42,9,49,64,playing harp,playing mandolin,True,True,1
hinge_A,42,9,49,65,playing harp,"female speech, woman speaking",True,True,1
hinge_A,42,9,49,69,playing harp,playing flute,True,True,1
hinge_A,42,9,49,70,playing harp,playing acoustic guitar,True,True,8
hinge_A,42,9,49,76,playing harp,"playing violin, fiddle",True,True,4
hinge_A,42,9,49,88,playing harp,playing electric guitar,True,True,4
hinge_A,42,9,50,16,roller coaster running,tractor digging,True,True,2
hinge_A,42,9,50,18,roller coaster running,lathe spinning,True,True,1
hinge_A,42,9,50,23,roller coaster running,people cheering,True,True,1
hinge_A,42,9,50,25,roller coaster running,bowling impact,True,True,3
hinge_A,42,9,50,26,roller coaster running,people marching,True,True,1
hinge_A,42,9,50,39,roller coaster running,driving motorcycle,True,True,1
hinge_A,42,9,50,42,roller coaster running,slot machine,True,True,1
hinge_A,42,9,50,50,roller coaster running,roller coaster running,True,True,25
hinge_A,42,9,50,55,roller coaster running,"subway, metro, underground",True,True,1
hinge_A,42,9,50,62,roller coaster running,people crowd,True,True,2
hinge_A,42,9,50,66,roller coaster running,volcano explosion,True,True,2
hinge_A,42,9,50,74,roller coaster running,yodelling,True,True,2
hinge_A,42,9,50,81,roller coaster running,fireworks banging,True,True,1
hinge_A,42,9,50,84,roller coaster running,stream burbling,True,True,1
hinge_A,42,9,50,86,roller coaster running,police radio chatter,True,True,1
hinge_A,42,9,50,91,roller coaster running,"male speech, man speaking",True,False,1
hinge_A,42,9,50,96,roller coaster running,hail,True,False,2
hinge_A,42,9,50,98,roller coaster running,people booing,True,False,2
hinge_A,42,9,51,3,missile launch,singing bowl,True,True,1
hinge_A,42,9,51,4,missile launch,cap gun shooting,True,True,1
hinge_A,42,9,51,9,missile launch,lighting firecrackers,True,True,1
hinge_A,42,9,51,12,missile launch,fire truck siren,True,True,1
hinge_A,42,9,51,39,missile launch,driving motorcycle,True,True,1
hinge_A,42,9,51,40,missile launch,vacuum cleaner cleaning floors,True,True,1
hinge_A,42,9,51,43,missile launch,beat boxing,True,True,1
hinge_A,42,9,51,46,missile launch,wind noise,True,True,7
hinge_A,42,9,51,50,missile launch,roller coaster running,True,True,1
hinge_A,42,9,51,51,missile launch,missile launch,True,True,18
hinge_A,42,9,51,53,missile launch,airplane flyby,True,True,1
hinge_A,42,9,51,66,missile launch,volcano explosion,True,True,11
hinge_A,42,9,51,80,missile launch,"electric shaver, electric razor shaving",True,True,1
hinge_A,42,9,51,84,missile launch,stream burbling,True,True,1
hinge_A,42,9,51,86,missile launch,police radio chatter,True,True,3
hinge_A,42,9,52,1,"playing marimba, xylophone",child singing,True,True,1
hinge_A,42,9,52,6,"playing marimba, xylophone","child speech, kid speaking",True,True,1
hinge_A,42,9,52,7,"playing marimba, xylophone",baby laughter,True,True,1
hinge_A,42,9,52,10,"playing marimba, xylophone",playing bass drum,True,True,2
hinge_A,42,9,52,20,"playing marimba, xylophone",playing glockenspiel,True,True,1
hinge_A,42,9,52,24,"playing marimba, xylophone",playing electronic organ,True,True,1
hinge_A,42,9,52,33,"playing marimba, xylophone",playing synthesizer,True,True,1
hinge_A,42,9,52,38,"playing marimba, xylophone",playing tambourine,True,True,1
hinge_A,42,9,52,45,"playing marimba, xylophone",playing cornet,True,True,1
hinge_A,42,9,52,47,"playing marimba, xylophone","playing steel guitar, slide guitar",True,True,2
hinge_A,42,9,52,49,"playing marimba, xylophone",playing harp,True,True,2
hinge_A,42,9,52,52,"playing marimba, xylophone","playing marimba, xylophone",True,True,6
hinge_A,42,9,52,63,"playing marimba, xylophone",playing vibraphone,True,True,3
hinge_A,42,9,52,65,"playing marimba, xylophone","female speech, woman speaking",True,True,1
hinge_A,42,9,52,69,"playing marimba, xylophone",playing flute,True,True,1
hinge_A,42,9,52,70,"playing marimba, xylophone",playing acoustic guitar,True,True,11
hinge_A,42,9,52,76,"playing marimba, xylophone","playing violin, fiddle",True,True,1
hinge_A,42,9,52,85,"playing marimba, xylophone",playing bassoon,True,True,2
hinge_A,42,9,52,88,"playing marimba, xylophone",playing electric guitar,True,True,4
hinge_A,42,9,52,89,"playing marimba, xylophone",people whistling,True,True,6
hinge_A,42,9,52,94,"playing marimba, xylophone",playing clarinet,True,False,1
hinge_A,42,9,53,9,airplane flyby,lighting firecrackers,True,True,1
hinge_A,42,9,53,16,airplane flyby,tractor digging,True,True,1
hinge_A,42,9,53,40,airplane flyby,vacuum cleaner cleaning floors,True,True,1
hinge_A,42,9,53,46,airplane flyby,wind noise,True,True,3
hinge_A,42,9,53,51,airplane flyby,missile launch,True,True,1
hinge_A,42,9,53,53,airplane flyby,airplane flyby,True,True,36
hinge_A,42,9,53,55,airplane flyby,"subway, metro, underground",True,True,1
hinge_A,42,9,53,61,airplane flyby,"race car, auto racing",True,True,1
hinge_A,42,9,53,79,airplane flyby,lawn mowing,True,True,1
hinge_A,42,9,53,86,airplane flyby,police radio chatter,True,True,2
hinge_A,42,9,53,96,airplane flyby,hail,True,False,1
hinge_A,42,9,53,98,airplane flyby,people booing,True,False,1
hinge_A,42,9,54,1,playing saxophone,child singing,True,True,2
hinge_A,42,9,54,5,playing saxophone,rope skipping,True,True,1
hinge_A,42,9,54,11,playing saxophone,playing banjo,True,True,1
hinge_A,42,9,54,24,playing saxophone,playing electronic organ,True,True,1
hinge_A,42,9,54,28,playing saxophone,goose honking,True,True,1
hinge_A,42,9,54,29,playing saxophone,playing trombone,True,True,3
hinge_A,42,9,54,33,playing saxophone,playing synthesizer,True,True,1
hinge_A,42,9,54,42,playing saxophone,slot machine,True,True,1
hinge_A,42,9,54,44,playing saxophone,playing cello,True,True,2
hinge_A,42,9,54,48,playing saxophone,orchestra,True,True,3
hinge_A,42,9,54,54,playing saxophone,playing saxophone,True,True,14
hinge_A,42,9,54,58,playing saxophone,playing piano,True,True,1
hinge_A,42,9,54,65,playing saxophone,"female speech, woman speaking",True,True,1
hinge_A,42,9,54,69,playing saxophone,playing flute,True,True,1
hinge_A,42,9,54,70,playing saxophone,playing acoustic guitar,True,True,3
hinge_A,42,9,54,76,playing saxophone,"playing violin, fiddle",True,True,2
hinge_A,42,9,54,88,playing saxophone,playing electric guitar,True,True,11
hinge_A,42,9,54,89,playing saxophone,people whistling,True,True,1
hinge_A,42,9,55,22,"subway, metro, underground",police car (siren),True,True,1
hinge_A,42,9,55,23,"subway, metro, underground",people cheering,True,True,1
hinge_A,42,9,55,26,"subway, metro, underground",people marching,True,True,1
hinge_A,42,9,55,28,"subway, metro, underground",goose honking,True,True,1
hinge_A,42,9,55,30,"subway, metro, underground",helicopter,True,True,3
hinge_A,42,9,55,46,"subway, metro, underground",wind noise,True,True,3
hinge_A,42,9,55,52,"subway, metro, underground","playing marimba, xylophone",True,True,1
hinge_A,42,9,55,55,"subway, metro, underground","subway, metro, underground",True,True,28
hinge_A,42,9,55,60,"subway, metro, underground","pigeon, dove cooing",True,True,1
hinge_A,42,9,55,61,"subway, metro, underground","race car, auto racing",True,True,1
hinge_A,42,9,55,65,"subway, metro, underground","female speech, woman speaking",True,True,1
hinge_A,42,9,55,77,"subway, metro, underground",printer printing,True,True,3
hinge_A,42,9,55,84,"subway, metro, underground",stream burbling,True,True,2
hinge_A,42,9,55,88,"subway, metro, underground",playing electric guitar,True,True,2
hinge_A,42,9,55,89,"subway, metro, underground",people whistling,True,True,1
hinge_A,42,9,56,4,arc welding,cap gun shooting,True,True,2
hinge_A,42,9,56,9,arc welding,lighting firecrackers,True,True,3
hinge_A,42,9,56,18,arc welding,lathe spinning,True,True,4
hinge_A,42,9,56,25,arc welding,bowling impact,True,True,1
hinge_A,42,9,56,40,arc welding,vacuum cleaner cleaning floors,True,True,1
hinge_A,42,9,56,41,arc welding,playing squash,True,True,5
hinge_A,42,9,56,56,arc welding,arc welding,True,True,24
hinge_A,42,9,56,66,arc welding,volcano explosion,True,True,1
hinge_A,42,9,56,75,arc welding,sharpen knife,True,True,3
hinge_A,42,9,56,77,arc welding,printer printing,True,True,1
hinge_A,42,9,56,80,arc welding,"electric shaver, electric razor shaving",True,True,3
hinge_A,42,9,56,82,arc welding,tap dancing,True,True,1
hinge_A,42,9,56,83,arc welding,tapping guitar,True,True,1
hinge_A,42,9,57,4,mynah bird singing,cap gun shooting,True,True,1
hinge_A,42,9,57,17,mynah bird singing,people whispering,True,True,1
hinge_A,42,9,57,19,mynah bird singing,playing theremin,True,True,1
hinge_A,42,9,57,20,mynah bird singing,playing glockenspiel,True,True,1
hinge_A,42,9,57,28,mynah bird singing,goose honking,True,True,1
hinge_A,42,9,57,36,mynah bird singing,wood thrush calling,True,True,12
hinge_A,42,9,57,57,mynah bird singing,mynah bird singing,True,True,15
hinge_A,42,9,57,71,mynah bird singing,canary calling,True,True,6
hinge_A,42,9,57,72,mynah bird singing,pheasant crowing,True,True,4
hinge_A,42,9,57,73,mynah bird singing,woodpecker pecking tree,True,True,4
hinge_A,42,9,57,75,mynah bird singing,sharpen knife,True,True,2
hinge_A,42,9,57,86,mynah bird singing,police radio chatter,True,True,1
hinge_A,42,9,57,89,mynah bird singing,people whistling,True,True,1
hinge_A,42,9,58,10,playing piano,playing bass drum,True,True,1
hinge_A,42,9,58,14,playing piano,playing french horn,True,True,3
hinge_A,42,9,58,24,playing piano,playing electronic organ,True,True,1
hinge_A,42,9,58,27,playing piano,playing bass guitar,True,True,1
hinge_A,42,9,58,29,playing piano,playing trombone,True,True,1
hinge_A,42,9,58,33,playing piano,playing synthesizer,True,True,2
hinge_A,42,9,58,45,playing piano,playing cornet,True,True,1
hinge_A,42,9,58,54,playing piano,playing saxophone,True,True,1
hinge_A,42,9,58,58,playing piano,playing piano,True,True,17
hinge_A,42,9,58,70,playing piano,playing acoustic guitar,True,True,10
hinge_A,42,9,58,77,playing piano,printer printing,True,True,1
hinge_A,42,9,58,80,playing piano,"electric shaver, electric razor shaving",True,True,1
hinge_A,42,9,58,85,playing piano,playing bassoon,True,True,2
hinge_A,42,9,58,88,playing piano,playing electric guitar,True,True,4
hinge_A,42,9,58,89,playing piano,people whistling,True,True,2
hinge_A,42,9,58,91,playing piano,"male speech, man speaking",True,False,1
hinge_A,42,9,58,95,playing piano,playing harpsichord,True,False,1
hinge_A,42,9,59,11,playing bongo,playing banjo,True,True,1
hinge_A,42,9,59,38,playing bongo,playing tambourine,True,True,2
hinge_A,42,9,59,59,playing bongo,playing bongo,True,True,37
hinge_A,42,9,59,64,playing bongo,playing mandolin,True,True,1
hinge_A,42,9,59,70,playing bongo,playing acoustic guitar,True,True,2
hinge_A,42,9,59,82,playing bongo,tap dancing,True,True,1
hinge_A,42,9,59,87,playing bongo,playing sitar,True,True,1
hinge_A,42,9,59,88,playing bongo,playing electric guitar,True,True,1
hinge_A,42,9,59,89,playing bongo,people whistling,True,True,1
hinge_A,42,9,59,93,playing bongo,playing tabla,True,False,3
hinge_A,42,9,60,3,"pigeon, dove cooing",singing bowl,True,True,1
hinge_A,42,9,60,6,"pigeon, dove cooing","child speech, kid speaking",True,True,2
hinge_A,42,9,60,9,"pigeon, dove cooing",lighting firecrackers,True,True,1
hinge_A,42,9,60,28,"pigeon, dove cooing",goose honking,True,True,2
hinge_A,42,9,60,38,"pigeon, dove cooing",playing tambourine,True,True,1
hinge_A,42,9,60,60,"pigeon, dove cooing","pigeon, dove cooing",True,True,16
hinge_A,42,9,60,65,"pigeon, dove cooing","female speech, woman speaking",True,True,2
hinge_A,42,9,60,72,"pigeon, dove cooing",pheasant crowing,True,True,4
hinge_A,42,9,60,73,"pigeon, dove cooing",woodpecker pecking tree,True,True,1
hinge_A,42,9,60,77,"pigeon, dove cooing",printer printing,True,True,3
hinge_A,42,9,60,84,"pigeon, dove cooing",stream burbling,True,True,2
hinge_A,42,9,60,89,"pigeon, dove cooing",people whistling,True,True,3
hinge_A,42,9,60,91,"pigeon, dove cooing","male speech, man speaking",True,False,6
hinge_A,42,9,60,99,"pigeon, dove cooing",dog growling,True,False,6
hinge_A,42,9,61,12,"race car, auto racing",fire truck siren,True,True,1
hinge_A,42,9,61,18,"race car, auto racing",lathe spinning,True,True,1
hinge_A,42,9,61,25,"race car, auto racing",bowling impact,True,True,2
hinge_A,42,9,61,28,"race car, auto racing",goose honking,True,True,1
hinge_A,42,9,61,30,"race car, auto racing",helicopter,True,True,1
hinge_A,42,9,61,33,"race car, auto racing",playing synthesizer,True,True,1
hinge_A,42,9,61,39,"race car, auto racing",driving motorcycle,True,True,2
hinge_A,42,9,61,51,"race car, auto racing",missile launch,True,True,1
hinge_A,42,9,61,53,"race car, auto racing",airplane flyby,True,True,1
hinge_A,42,9,61,55,"race car, auto racing","subway, metro, underground",True,True,4
hinge_A,42,9,61,61,"race car, auto racing","race car, auto racing",True,True,29
hinge_A,42,9,61,79,"race car, auto racing",lawn mowing,True,True,3
hinge_A,42,9,61,80,"race car, auto racing","electric shaver, electric razor shaving",True,True,1
hinge_A,42,9,61,85,"race car, auto racing",playing bassoon,True,True,1
hinge_A,42,9,61,98,"race car, auto racing",people booing,True,False,1
hinge_A,42,9,62,1,people crowd,child singing,True,True,2
hinge_A,42,9,62,6,people crowd,"child speech, kid speaking",True,True,2
hinge_A,42,9,62,23,people crowd,people cheering,True,True,13
hinge_A,42,9,62,28,people crowd,goose honking,True,True,1
hinge_A,42,9,62,32,people crowd,dog howling,True,True,1
hinge_A,42,9,62,40,people crowd,vacuum cleaner cleaning floors,True,True,1
hinge_A,42,9,62,62,people crowd,people crowd,True,True,21
hinge_A,42,9,62,74,people crowd,yodelling,True,True,1
hinge_A,42,9,62,88,people crowd,playing electric guitar,True,True,3
hinge_A,42,9,62,91,people crowd,"male speech, man speaking",True,False,4
hinge_A,42,9,62,98,people crowd,people booing,True,False,1
hinge_A,42,9,63,1,playing vibraphone,child singing,True,True,1
hinge_A,42,9,63,6,playing vibraphone,"child speech, kid speaking",True,True,2
hinge_A,42,9,63,19,playing vibraphone,playing theremin,True,True,1
hinge_A,42,9,63,21,playing vibraphone,playing hammond organ,True,True,1
hinge_A,42,9,63,24,playing vibraphone,playing electronic organ,True,True,2
hinge_A,42,9,63,33,playing vibraphone,playing synthesizer,True,True,2
hinge_A,42,9,63,48,playing vibraphone,orchestra,True,True,1
hinge_A,42,9,63,49,playing vibraphone,playing harp,True,True,1
hinge_A,42,9,63,52,playing vibraphone,"playing marimba, xylophone",True,True,5
hinge_A,42,9,63,57,playing vibraphone,mynah bird singing,True,True,1
hinge_A,42,9,63,63,playing vibraphone,playing vibraphone,True,True,4
hinge_A,42,9,63,65,playing vibraphone,"female speech, woman speaking",True,True,3
hinge_A,42,9,63,70,playing vibraphone,playing acoustic guitar,True,True,6
hinge_A,42,9,63,73,playing vibraphone,woodpecker pecking tree,True,True,1
hinge_A,42,9,63,77,playing vibraphone,printer printing,True,True,2
hinge_A,42,9,63,85,playing vibraphone,playing bassoon,True,True,2
hinge_A,42,9,63,86,playing vibraphone,police radio chatter,True,True,2
hinge_A,42,9,63,88,playing vibraphone,playing electric guitar,True,True,6
hinge_A,42,9,63,89,playing vibraphone,people whistling,True,True,5
hinge_A,42,9,63,91,playing vibraphone,"male speech, man speaking",True,False,2
hinge_A,42,9,64,11,playing mandolin,playing banjo,True,True,6
hinge_A,42,9,64,33,playing mandolin,playing synthesizer,True,True,1
hinge_A,42,9,64,44,playing mandolin,playing cello,True,True,1
hinge_A,42,9,64,48,playing mandolin,orchestra,True,True,1
hinge_A,42,9,64,54,playing mandolin,playing saxophone,True,True,1
hinge_A,42,9,64,58,playing mandolin,playing piano,True,True,1
hinge_A,42,9,64,64,playing mandolin,playing mandolin,True,True,18
hinge_A,42,9,64,70,playing mandolin,playing acoustic guitar,True,True,7
hinge_A,42,9,64,74,playing mandolin,yodelling,True,True,3
hinge_A,42,9,64,76,playing mandolin,"playing violin, fiddle",True,True,1
hinge_A,42,9,64,83,playing mandolin,tapping guitar,True,True,1
hinge_A,42,9,64,87,playing mandolin,playing sitar,True,True,3
hinge_A,42,9,64,88,playing mandolin,playing electric guitar,True,True,6
hinge_A,42,9,65,1,"female speech, woman speaking",child singing,True,True,1
hinge_A,42,9,65,4,"female speech, woman speaking",cap gun shooting,True,True,2
hinge_A,42,9,65,6,"female speech, woman speaking","child speech, kid speaking",True,True,6
hinge_A,42,9,65,7,"female speech, woman speaking",baby laughter,True,True,2
hinge_A,42,9,65,17,"female speech, woman speaking",people whispering,True,True,1
hinge_A,42,9,65,26,"female speech, woman speaking",people marching,True,True,1
hinge_A,42,9,65,44,"female speech, woman speaking",playing cello,True,True,1
hinge_A,42,9,65,65,"female speech, woman speaking","female speech, woman speaking",True,True,15
hinge_A,42,9,65,68,"female speech, woman speaking",singing choir,True,True,1
hinge_A,42,9,65,74,"female speech, woman speaking",yodelling,True,True,2
hinge_A,42,9,65,86,"female speech, woman speaking",police radio chatter,True,True,1
hinge_A,42,9,65,88,"female speech, woman speaking",playing electric guitar,True,True,4
hinge_A,42,9,65,89,"female speech, woman speaking",people whistling,True,True,3
hinge_A,42,9,65,91,"female speech, woman speaking","male speech, man speaking",True,False,10
hinge_A,42,9,66,2,volcano explosion,"heart sounds, heartbeat",True,True,1
hinge_A,42,9,66,9,volcano explosion,lighting firecrackers,True,True,1
hinge_A,42,9,66,26,volcano explosion,people marching,True,True,1
hinge_A,42,9,66,28,volcano explosion,goose honking,True,True,2
hinge_A,42,9,66,46,volcano explosion,wind noise,True,True,3
hinge_A,42,9,66,51,volcano explosion,missile launch,True,True,5
hinge_A,42,9,66,55,volcano explosion,"subway, metro, underground",True,True,1
hinge_A,42,9,66,56,volcano explosion,arc welding,True,True,1
hinge_A,42,9,66,57,volcano explosion,mynah bird singing,True,True,1
hinge_A,42,9,66,66,volcano explosion,volcano explosion,True,True,26
hinge_A,42,9,66,80,volcano explosion,"electric shaver, electric razor shaving",True,True,1
hinge_A,42,9,66,81,volcano explosion,fireworks banging,True,True,1
hinge_A,42,9,66,86,volcano explosion,police radio chatter,True,True,5
hinge_A,42,9,66,98,volcano explosion,people booing,True,False,1
hinge_A,42,9,67,25,ocean burbling,bowling impact,True,True,1
hinge_A,42,9,67,27,ocean burbling,playing bass guitar,True,True,1
hinge_A,42,9,67,28,ocean burbling,goose honking,True,True,2
hinge_A,42,9,67,30,ocean burbling,helicopter,True,True,2
hinge_A,42,9,67,35,ocean burbling,skiing,True,True,2
hinge_A,42,9,67,43,ocean burbling,beat boxing,True,True,1
hinge_A,42,9,67,46,ocean burbling,wind noise,True,True,20
hinge_A,42,9,67,51,ocean burbling,missile launch,True,True,2
hinge_A,42,9,67,55,ocean burbling,"subway, metro, underground",True,True,2
hinge_A,42,9,67,62,ocean burbling,people crowd,True,True,1
hinge_A,42,9,67,67,ocean burbling,ocean burbling,True,True,7
hinge_A,42,9,67,70,ocean burbling,playing acoustic guitar,True,True,1
hinge_A,42,9,67,77,ocean burbling,printer printing,True,True,2
hinge_A,42,9,67,79,ocean burbling,lawn mowing,True,True,1
hinge_A,42,9,67,84,ocean burbling,stream burbling,True,True,4
hinge_A,42,9,67,96,ocean burbling,hail,True,False,1
hinge_A,42,9,68,1,singing choir,child singing,True,True,5
hinge_A,42,9,68,33,singing choir,playing synthesizer,True,True,1
hinge_A,42,9,68,42,singing choir,slot machine,True,True,1
hinge_A,42,9,68,48,singing choir,orchestra,True,True,11
hinge_A,42,9,68,52,singing choir,"playing marimba, xylophone",True,True,4
hinge_A,42,9,68,65,singing choir,"female speech, woman speaking",True,True,1
hinge_A,42,9,68,68,singing choir,singing choir,True,True,6
hinge_A,42,9,68,70,singing choir,playing acoustic guitar,True,True,2
hinge_A,42,9,68,74,singing choir,yodelling,True,True,2
hinge_A,42,9,68,76,singing choir,"playing violin, fiddle",True,True,1
hinge_A,42,9,68,82,singing choir,tap dancing,True,True,3
hinge_A,42,9,68,85,singing choir,playing bassoon,True,True,1
hinge_A,42,9,68,88,singing choir,playing electric guitar,True,True,11
hinge_A,42,9,68,91,singing choir,"male speech, man speaking",True,False,1
hinge_A,42,9,69,4,playing flute,cap gun shooting,True,True,1
hinge_A,42,9,69,19,playing flute,playing theremin,True,True,2
hinge_A,42,9,69,24,playing flute,playing electronic organ,True,True,2
hinge_A,42,9,69,31,playing flute,playing erhu,True,True,1
hinge_A,42,9,69,39,playing flute,driving motorcycle,True,True,1
hinge_A,42,9,69,43,playing flute,beat boxing,True,True,3
hinge_A,42,9,69,44,playing flute,playing cello,True,True,1
hinge_A,42,9,69,45,playing flute,playing cornet,True,True,1
hinge_A,42,9,69,49,playing flute,playing harp,True,True,1
hinge_A,42,9,69,52,playing flute,"playing marimba, xylophone",True,True,1
hinge_A,42,9,69,65,playing flute,"female speech, woman speaking",True,True,3
hinge_A,42,9,69,68,playing flute,singing choir,True,True,1
hinge_A,42,9,69,69,playing flute,playing flute,True,True,9
hinge_A,42,9,69,70,playing flute,playing acoustic guitar,True,True,3
hinge_A,42,9,69,76,playing flute,"playing violin, fiddle",True,True,4
hinge_A,42,9,69,82,playing flute,tap dancing,True,True,1
hinge_A,42,9,69,85,playing flute,playing bassoon,True,True,3
hinge_A,42,9,69,86,playing flute,police radio chatter,True,True,1
hinge_A,42,9,69,87,playing flute,playing sitar,True,True,1
hinge_A,42,9,69,88,playing flute,playing electric guitar,True,True,3
hinge_A,42,9,69,89,playing flute,people whistling,True,True,6
hinge_A,42,9,69,94,playing flute,playing clarinet,True,False,1
hinge_A,42,9,70,1,playing acoustic guitar,child singing,True,True,1
hinge_A,42,9,70,11,playing acoustic guitar,playing banjo,True,True,3
hinge_A,42,9,70,27,playing acoustic guitar,playing bass guitar,True,True,1
hinge_A,42,9,70,49,playing acoustic guitar,playing harp,True,True,1
hinge_A,42,9,70,58,playing acoustic guitar,playing piano,True,True,2
hinge_A,42,9,70,65,playing acoustic guitar,"female speech, woman speaking",True,True,1
hinge_A,42,9,70,70,playing acoustic guitar,playing acoustic guitar,True,True,28
hinge_A,42,9,70,80,playing acoustic guitar,"electric shaver, electric razor shaving",True,True,1
hinge_A,42,9,70,87,playing acoustic guitar,playing sitar,True,True,1
hinge_A,42,9,70,88,playing acoustic guitar,playing electric guitar,True,True,10
hinge_A,42,9,70,89,playing acoustic guitar,people whistling,True,True,1
hinge_A,42,9,71,7,canary calling,baby laughter,True,True,1
hinge_A,42,9,71,17,canary calling,people whispering,True,True,1
hinge_A,42,9,71,36,canary calling,wood thrush calling,True,True,3
hinge_A,42,9,71,41,canary calling,playing squash,True,True,1
hinge_A,42,9,71,43,canary calling,beat boxing,True,True,1
hinge_A,42,9,71,57,canary calling,mynah bird singing,True,True,1
hinge_A,42,9,71,64,canary calling,playing mandolin,True,True,1
hinge_A,42,9,71,65,canary calling,"female speech, woman speaking",True,True,1
hinge_A,42,9,71,71,canary calling,canary calling,True,True,26
hinge_A,42,9,71,72,canary calling,pheasant crowing,True,True,1
hinge_A,42,9,71,73,canary calling,woodpecker pecking tree,True,True,1
hinge_A,42,9,71,82,canary calling,tap dancing,True,True,1
hinge_A,42,9,71,86,canary calling,police radio chatter,True,True,1
hinge_A,42,9,71,89,canary calling,people whistling,True,True,8
hinge_A,42,9,71,99,canary calling,dog growling,True,False,2
hinge_A,42,9,72,2,pheasant crowing,"heart sounds, heartbeat",True,True,1
hinge_A,42,9,72,9,pheasant crowing,lighting firecrackers,True,True,1
hinge_A,42,9,72,28,pheasant crowing,goose honking,True,True,4
hinge_A,42,9,72,57,pheasant crowing,mynah bird singing,True,True,1
hinge_A,42,9,72,60,pheasant crowing,"pigeon, dove cooing",True,True,2
hinge_A,42,9,72,72,pheasant crowing,pheasant crowing,True,True,25
hinge_A,42,9,72,73,pheasant crowing,woodpecker pecking tree,True,True,5
hinge_A,42,9,72,84,pheasant crowing,stream burbling,True,True,5
hinge_A,42,9,72,86,pheasant crowing,police radio chatter,True,True,2
hinge_A,42,9,72,91,pheasant crowing,"male speech, man speaking",True,False,1
hinge_A,42,9,72,99,pheasant crowing,dog growling,True,False,3
hinge_A,42,9,73,4,woodpecker pecking tree,cap gun shooting,True,True,1
hinge_A,42,9,73,28,woodpecker pecking tree,goose honking,True,True,1
hinge_A,42,9,73,34,woodpecker pecking tree,cat purring,True,True,2
hinge_A,42,9,73,39,woodpecker pecking tree,driving motorcycle,True,True,1
hinge_A,42,9,73,57,woodpecker pecking tree,mynah bird singing,True,True,3
hinge_A,42,9,73,66,woodpecker pecking tree,volcano explosion,True,True,1
hinge_A,42,9,73,72,woodpecker pecking tree,pheasant crowing,True,True,2
hinge_A,42,9,73,73,woodpecker pecking tree,woodpecker pecking tree,True,True,37
hinge_A,42,9,73,75,woodpecker pecking tree,sharpen knife,True,True,1
hinge_A,42,9,73,84,woodpecker pecking tree,stream burbling,True,True,1
hinge_A,42,9,74,0,yodelling,playing volleyball,True,True,1
hinge_A,42,9,74,1,yodelling,child singing,True,True,5
hinge_A,42,9,74,3,yodelling,singing bowl,True,True,1
hinge_A,42,9,74,5,yodelling,rope skipping,True,True,1
hinge_A,42,9,74,11,yodelling,playing banjo,True,True,1
hinge_A,42,9,74,31,yodelling,playing erhu,True,True,2
hinge_A,42,9,74,38,yodelling,playing tambourine,True,True,1
hinge_A,42,9,74,47,yodelling,"playing steel guitar, slide guitar",True,True,1
hinge_A,42,9,74,48,yodelling,orchestra,True,True,2
hinge_A,42,9,74,65,yodelling,"female speech, woman speaking",True,True,1
hinge_A,42,9,74,68,yodelling,singing choir,True,True,1
hinge_A,42,9,74,74,yodelling,yodelling,True,True,25
hinge_A,42,9,74,85,yodelling,playing bassoon,True,True,2
hinge_A,42,9,74,86,yodelling,police radio chatter,True,True,3
hinge_A,42,9,74,87,yodelling,playing sitar,True,True,1
hinge_A,42,9,74,98,yodelling,people booing,True,False,2
hinge_A,42,9,75,4,sharpen knife,cap gun shooting,True,True,1
hinge_A,42,9,75,6,sharpen knife,"child speech, kid speaking",True,True,1
hinge_A,42,9,75,7,sharpen knife,baby laughter,True,True,2
hinge_A,42,9,75,41,sharpen knife,playing squash,True,True,3
hinge_A,42,9,75,43,sharpen knife,beat boxing,True,True,3
hinge_A,42,9,75,56,sharpen knife,arc welding,True,True,1
hinge_A,42,9,75,57,sharpen knife,mynah bird singing,True,True,1
hinge_A,42,9,75,75,sharpen knife,sharpen knife,True,True,19
hinge_A,42,9,75,80,sharpen knife,"electric shaver, electric razor shaving",True,True,13
hinge_A,42,9,75,86,sharpen knife,police radio chatter,True,True,1
hinge_A,42,9,75,91,sharpen knife,"male speech, man speaking",True,False,1
hinge_A,42,9,75,98,sharpen knife,people booing,True,False,1
hinge_A,42,9,75,99,sharpen knife,dog growling,True,False,3
hinge_A,42,9,76,1,"playing violin, fiddle",child singing,True,True,3
hinge_A,42,9,76,11,"playing violin, fiddle",playing banjo,True,True,1
hinge_A,42,9,76,13,"playing violin, fiddle",playing bagpipes,True,True,3
hinge_A,42,9,76,14,"playing violin, fiddle",playing french horn,True,True,1
hinge_A,42,9,76,24,"playing violin, fiddle",playing electronic organ,True,True,2
hinge_A,42,9,76,29,"playing violin, fiddle",playing trombone,True,True,1
hinge_A,42,9,76,31,"playing violin, fiddle",playing erhu,True,True,3
hinge_A,42,9,76,42,"playing violin, fiddle",slot machine,True,True,1
hinge_A,42,9,76,44,"playing violin, fiddle",playing cello,True,True,2
hinge_A,42,9,76,45,"playing violin, fiddle",playing cornet,True,True,4
hinge_A,42,9,76,58,"playing violin, fiddle",playing piano,True,True,1
hinge_A,42,9,76,64,"playing violin, fiddle",playing mandolin,True,True,2
hinge_A,42,9,76,68,"playing violin, fiddle",singing choir,True,True,1
hinge_A,42,9,76,70,"playing violin, fiddle",playing acoustic guitar,True,True,1
hinge_A,42,9,76,76,"playing violin, fiddle","playing violin, fiddle",True,True,13
hinge_A,42,9,76,83,"playing violin, fiddle",tapping guitar,True,True,1
hinge_A,42,9,76,87,"playing violin, fiddle",playing sitar,True,True,3
hinge_A,42,9,76,88,"playing violin, fiddle",playing electric guitar,True,True,3
hinge_A,42,9,76,89,"playing violin, fiddle",people whistling,True,True,2
hinge_A,42,9,76,91,"playing violin, fiddle","male speech, man speaking",True,False,1
hinge_A,42,9,76,94,"playing violin, fiddle",playing clarinet,True,False,1
hinge_A,42,9,77,4,printer printing,cap gun shooting,True,True,1
hinge_A,42,9,77,6,printer printing,"child speech, kid speaking",True,True,2
hinge_A,42,9,77,15,printer printing,civil defense siren,True,True,1
hinge_A,42,9,77,17,printer printing,people whispering,True,True,1
hinge_A,42,9,77,23,printer printing,people cheering,True,True,1
hinge_A,42,9,77,26,printer printing,people marching,True,True,1
hinge_A,42,9,77,28,printer printing,goose honking,True,True,1
hinge_A,42,9,77,39,printer printing,driving motorcycle,True,True,1
hinge_A,42,9,77,56,printer printing,arc welding,True,True,1
hinge_A,42,9,77,60,printer printing,"pigeon, dove cooing",True,True,3
hinge_A,42,9,77,65,printer printing,"female speech, woman speaking",True,True,1
hinge_A,42,9,77,77,printer printing,printer printing,True,True,32
hinge_A,42,9,77,81,printer printing,fireworks banging,True,True,1
hinge_A,42,9,77,86,printer printing,police radio chatter,True,True,1
hinge_A,42,9,77,89,printer printing,people whistling,True,True,1
hinge_A,42,9,77,91,printer printing,"male speech, man speaking",True,False,1
hinge_A,42,9,78,4,planing timber,cap gun shooting,True,True,1
hinge_A,42,9,78,17,planing timber,people whispering,True,True,1
hinge_A,42,9,78,18,planing timber,lathe spinning,True,True,4
hinge_A,42,9,78,25,planing timber,bowling impact,True,True,1
hinge_A,42,9,78,41,planing timber,playing squash,True,True,3
hinge_A,42,9,78,56,planing timber,arc welding,True,True,4
hinge_A,42,9,78,57,planing timber,mynah bird singing,True,True,1
hinge_A,42,9,78,65,planing timber,"female speech, woman speaking",True,True,2
hinge_A,42,9,78,73,planing timber,woodpecker pecking tree,True,True,1
hinge_A,42,9,78,74,planing timber,yodelling,True,True,1
hinge_A,42,9,78,75,planing timber,sharpen knife,True,True,3
hinge_A,42,9,78,78,planing timber,planing timber,True,True,17
hinge_A,42,9,78,80,planing timber,"electric shaver, electric razor shaving",True,True,8
hinge_A,42,9,78,86,planing timber,police radio chatter,True,True,1
hinge_A,42,9,78,88,planing timber,playing electric guitar,True,True,1
hinge_A,42,9,78,99,planing timber,dog growling,True,False,1
hinge_A,42,9,79,6,lawn mowing,"child speech, kid speaking",True,True,1
hinge_A,42,9,79,28,lawn mowing,goose honking,True,True,1
hinge_A,42,9,79,30,lawn mowing,helicopter,True,True,3
hinge_A,42,9,79,39,lawn mowing,driving motorcycle,True,True,5
hinge_A,42,9,79,46,lawn mowing,wind noise,True,True,1
hinge_A,42,9,79,50,lawn mowing,roller coaster running,True,True,1
hinge_A,42,9,79,55,lawn mowing,"subway, metro, underground",True,True,2
hinge_A,42,9,79,60,lawn mowing,"pigeon, dove cooing",True,True,1
hinge_A,42,9,79,61,lawn mowing,"race car, auto racing",True,True,6
hinge_A,42,9,79,68,lawn mowing,singing choir,True,True,1
hinge_A,42,9,79,77,lawn mowing,printer printing,True,True,1
hinge_A,42,9,79,79,lawn mowing,lawn mowing,True,True,20
hinge_A,42,9,79,81,lawn mowing,fireworks banging,True,True,1
hinge_A,42,9,79,84,lawn mowing,stream burbling,True,True,5
hinge_A,42,9,79,91,lawn mowing,"male speech, man speaking",True,False,1
hinge_A,42,9,80,10,"electric shaver, electric razor shaving",playing bass drum,True,True,1
hinge_A,42,9,80,43,"electric shaver, electric razor shaving",beat boxing,True,True,1
hinge_A,42,9,80,65,"electric shaver, electric razor shaving","female speech, woman speaking",True,True,1
hinge_A,42,9,80,78,"electric shaver, electric razor shaving",planing timber,True,True,1
hinge_A,42,9,80,80,"electric shaver, electric razor shaving","electric shaver, electric razor shaving",True,True,44
hinge_A,42,9,80,85,"electric shaver, electric razor shaving",playing bassoon,True,True,1
hinge_A,42,9,80,86,"electric shaver, electric razor shaving",police radio chatter,True,True,1
hinge_A,42,9,81,6,fireworks banging,"child speech, kid speaking",True,True,1
hinge_A,42,9,81,8,fireworks banging,playing table tennis,True,True,1
hinge_A,42,9,81,9,fireworks banging,lighting firecrackers,True,True,7
hinge_A,42,9,81,23,fireworks banging,people cheering,True,True,1
hinge_A,42,9,81,28,fireworks banging,goose honking,True,True,3
hinge_A,42,9,81,39,fireworks banging,driving motorcycle,True,True,1
hinge_A,42,9,81,43,fireworks banging,beat boxing,True,True,1
hinge_A,42,9,81,60,fireworks banging,"pigeon, dove cooing",True,True,1
hinge_A,42,9,81,65,fireworks banging,"female speech, woman speaking",True,True,1
hinge_A,42,9,81,66,fireworks banging,volcano explosion,True,True,1
hinge_A,42,9,81,77,fireworks banging,printer printing,True,True,1
hinge_A,42,9,81,80,fireworks banging,"electric shaver, electric razor shaving",True,True,1
hinge_A,42,9,81,81,fireworks banging,fireworks banging,True,True,26
hinge_A,42,9,81,86,fireworks banging,police radio chatter,True,True,1
hinge_A,42,9,81,88,fireworks banging,playing electric guitar,True,True,2
hinge_A,42,9,81,98,fireworks banging,people booing,True,False,1
hinge_A,42,9,82,4,tap dancing,cap gun shooting,True,True,2
hinge_A,42,9,82,5,tap dancing,rope skipping,True,True,1
hinge_A,42,9,82,38,tap dancing,playing tambourine,True,True,1
hinge_A,42,9,82,59,tap dancing,playing bongo,True,True,2
hinge_A,42,9,82,60,tap dancing,"pigeon, dove cooing",True,True,1
hinge_A,42,9,82,82,tap dancing,tap dancing,True,True,43
hinge_A,42,9,83,1,tapping guitar,child singing,True,True,1
hinge_A,42,9,83,11,tapping guitar,playing banjo,True,True,2
hinge_A,42,9,83,22,tapping guitar,police car (siren),True,True,1
hinge_A,42,9,83,27,tapping guitar,playing bass guitar,True,True,1
hinge_A,42,9,83,31,tapping guitar,playing erhu,True,True,2
hinge_A,42,9,83,44,tapping guitar,playing cello,True,True,2
hinge_A,42,9,83,54,tapping guitar,playing saxophone,True,True,2
hinge_A,42,9,83,56,tapping guitar,arc welding,True,True,1
hinge_A,42,9,83,58,tapping guitar,playing piano,True,True,2
hinge_A,42,9,83,70,tapping guitar,playing acoustic guitar,True,True,6
hinge_A,42,9,83,76,tapping guitar,"playing violin, fiddle",True,True,1
hinge_A,42,9,83,83,tapping guitar,tapping guitar,True,True,3
hinge_A,42,9,83,88,tapping guitar,playing electric guitar,True,True,25
hinge_A,42,9,83,91,tapping guitar,"male speech, man speaking",True,False,1
hinge_A,42,9,84,9,stream burbling,lighting firecrackers,True,True,1
hinge_A,42,9,84,16,stream burbling,tractor digging,True,True,1
hinge_A,42,9,84,17,stream burbling,people whispering,True,True,1
hinge_A,42,9,84,28,stream burbling,goose honking,True,True,6
hinge_A,42,9,84,30,stream burbling,helicopter,True,True,1
hinge_A,42,9,84,46,stream burbling,wind noise,True,True,3
hinge_A,42,9,84,51,stream burbling,missile launch,True,True,1
hinge_A,42,9,84,55,stream burbling,"subway, metro, underground",True,True,1
hinge_A,42,9,84,61,stream burbling,"race car, auto racing",True,True,1
hinge_A,42,9,84,62,stream burbling,people crowd,True,True,1
hinge_A,42,9,84,72,stream burbling,pheasant crowing,True,True,1
hinge_A,42,9,84,73,stream burbling,woodpecker pecking tree,True,True,2
hinge_A,42,9,84,75,stream burbling,sharpen knife,True,True,1
hinge_A,42,9,84,77,stream burbling,printer printing,True,True,2
hinge_A,42,9,84,79,stream burbling,lawn mowing,True,True,2
hinge_A,42,9,84,80,stream burbling,"electric shaver, electric razor shaving",True,True,2
hinge_A,42,9,84,84,stream burbling,stream burbling,True,True,21
hinge_A,42,9,84,86,stream burbling,police radio chatter,True,True,1
hinge_A,42,9,84,96,stream burbling,hail,True,False,1
hinge_A,42,9,85,14,playing bassoon,playing french horn,True,True,2
hinge_A,42,9,85,29,playing bassoon,playing trombone,True,True,1
hinge_A,42,9,85,42,playing bassoon,slot machine,True,True,1
hinge_A,42,9,85,44,playing bassoon,playing cello,True,True,1
hinge_A,42,9,85,45,playing bassoon,playing cornet,True,True,4
hinge_A,42,9,85,47,playing bassoon,"playing steel guitar, slide guitar",True,True,1
hinge_A,42,9,85,85,playing bassoon,playing bassoon,True,True,38
hinge_A,42,9,85,89,playing bassoon,people whistling,True,True,1
hinge_A,42,9,85,93,playing bassoon,playing tabla,True,False,1
hinge_A,42,9,86,9,police radio chatter,lighting firecrackers,True,True,1
hinge_A,42,9,86,25,police radio chatter,bowling impact,True,True,1
hinge_A,42,9,86,43,police radio chatter,beat boxing,True,True,1
hinge_A,42,9,86,57,police radio chatter,mynah bird singing,True,True,1
hinge_A,42,9,86,65,police radio chatter,"female speech, woman speaking",True,True,1
hinge_A,42,9,86,86,police radio chatter,police radio chatter,True,True,45
hinge_A,42,9,87,1,playing sitar,child singing,True,True,6
hinge_A,42,9,87,14,playing sitar,playing french horn,True,True,1
hinge_A,42,9,87,29,playing sitar,playing trombone,True,True,1
hinge_A,42,9,87,42,playing sitar,slot machine,True,True,1
hinge_A,42,9,87,44,playing sitar,playing cello,True,True,5
hinge_A,42,9,87,47,playing sitar,"playing steel guitar, slide guitar",True,True,1
hinge_A,42,9,87,48,playing sitar,orchestra,True,True,1
hinge_A,42,9,87,54,playing sitar,playing saxophone,True,True,3
hinge_A,42,9,87,58,playing sitar,playing piano,True,True,1
hinge_A,42,9,87,64,playing sitar,playing mandolin,True,True,1
hinge_A,42,9,87,65,playing sitar,"female speech, woman speaking",True,True,1
hinge_A,42,9,87,70,playing sitar,playing acoustic guitar,True,True,1
hinge_A,42,9,87,74,playing sitar,yodelling,True,True,1
hinge_A,42,9,87,76,playing sitar,"playing violin, fiddle",True,True,3
hinge_A,42,9,87,78,playing sitar,planing timber,True,True,1
hinge_A,42,9,87,87,playing sitar,playing sitar,True,True,6
hinge_A,42,9,87,88,playing sitar,playing electric guitar,True,True,15
hinge_A,42,9,87,89,playing sitar,people whistling,True,True,1
hinge_A,42,9,88,26,playing electric guitar,people marching,True,True,1
hinge_A,42,9,88,27,playing electric guitar,playing bass guitar,True,True,6
hinge_A,42,9,88,29,playing electric guitar,playing trombone,True,True,2
hinge_A,42,9,88,44,playing electric guitar,playing cello,True,True,1
hinge_A,42,9,88,48,playing electric guitar,orchestra,True,True,1
hinge_A,42,9,88,49,playing electric guitar,playing harp,True,True,1
hinge_A,42,9,88,58,playing electric guitar,playing piano,True,True,5
hinge_A,42,9,88,65,playing electric guitar,"female speech, woman speaking",True,True,1
hinge_A,42,9,88,69,playing electric guitar,playing flute,True,True,1
hinge_A,42,9,88,70,playing electric guitar,playing acoustic guitar,True,True,7
hinge_A,42,9,88,87,playing electric guitar,playing sitar,True,True,1
hinge_A,42,9,88,88,playing electric guitar,playing electric guitar,True,True,21
hinge_A,42,9,88,91,playing electric guitar,"male speech, man speaking",True,False,1
hinge_A,42,9,88,94,playing electric guitar,playing clarinet,True,False,1
hinge_A,42,9,89,1,people whistling,child singing,True,True,3
hinge_A,42,9,89,6,people whistling,"child speech, kid speaking",True,True,1
hinge_A,42,9,89,17,people whistling,people whispering,True,True,1
hinge_A,42,9,89,28,people whistling,goose honking,True,True,1
hinge_A,42,9,89,29,people whistling,playing trombone,True,True,1
hinge_A,42,9,89,34,people whistling,cat purring,True,True,1
hinge_A,42,9,89,52,people whistling,"playing marimba, xylophone",True,True,1
hinge_A,42,9,89,57,people whistling,mynah bird singing,True,True,1
hinge_A,42,9,89,65,people whistling,"female speech, woman speaking",True,True,5
hinge_A,42,9,89,70,people whistling,playing acoustic guitar,True,True,1
hinge_A,42,9,89,76,people whistling,"playing violin, fiddle",True,True,1
hinge_A,42,9,89,81,people whistling,fireworks banging,True,True,1
hinge_A,42,9,89,88,people whistling,playing electric guitar,True,True,2
hinge_A,42,9,89,89,people whistling,people whistling,True,True,23
hinge_A,42,9,89,91,people whistling,"male speech, man speaking",True,False,6
hinge_A,42,9,89,99,people whistling,dog growling,True,False,1
hinge_A,42,9,90,6,playing double bass,"child speech, kid speaking",False,True,1
hinge_A,42,9,90,10,playing double bass,playing bass drum,False,True,1
hinge_A,42,9,90,26,playing double bass,people marching,False,True,1
hinge_A,42,9,90,27,playing double bass,playing bass guitar,False,True,2
hinge_A,42,9,90,29,playing double bass,playing trombone,False,True,1
hinge_A,42,9,90,44,playing double bass,playing cello,False,True,2
hinge_A,42,9,90,54,playing double bass,playing saxophone,False,True,1
hinge_A,42,9,90,59,playing double bass,playing bongo,False,True,1
hinge_A,42,9,90,70,playing double bass,playing acoustic guitar,False,True,2
hinge_A,42,9,90,80,playing double bass,"electric shaver, electric razor shaving",False,True,2
hinge_A,42,9,90,85,playing double bass,playing bassoon,False,True,6
hinge_A,42,9,90,89,playing double bass,people whistling,False,True,1
hinge_A,42,9,90,90,playing double bass,playing double bass,False,False,29
hinge_A,42,9,91,6,"male speech, man speaking","child speech, kid speaking",False,True,2
hinge_A,42,9,91,8,"male speech, man speaking",playing table tennis,False,True,1
hinge_A,42,9,91,17,"male speech, man speaking",people whispering,False,True,1
hinge_A,42,9,91,21,"male speech, man speaking",playing hammond organ,False,True,1
hinge_A,42,9,91,23,"male speech, man speaking",people cheering,False,True,1
hinge_A,42,9,91,26,"male speech, man speaking",people marching,False,True,2
hinge_A,42,9,91,28,"male speech, man speaking",goose honking,False,True,3
hinge_A,42,9,91,38,"male speech, man speaking",playing tambourine,False,True,4
hinge_A,42,9,91,41,"male speech, man speaking",playing squash,False,True,1
hinge_A,42,9,91,43,"male speech, man speaking",beat boxing,False,True,5
hinge_A,42,9,91,55,"male speech, man speaking","subway, metro, underground",False,True,1
hinge_A,42,9,91,57,"male speech, man speaking",mynah bird singing,False,True,2
hinge_A,42,9,91,62,"male speech, man speaking",people crowd,False,True,1
hinge_A,42,9,91,65,"male speech, man speaking","female speech, woman speaking",False,True,6
hinge_A,42,9,91,70,"male speech, man speaking",playing acoustic guitar,False,True,1
hinge_A,42,9,91,80,"male speech, man speaking","electric shaver, electric razor shaving",False,True,1
hinge_A,42,9,91,84,"male speech, man speaking",stream burbling,False,True,2
hinge_A,42,9,91,87,"male speech, man speaking",playing sitar,False,True,1
hinge_A,42,9,91,88,"male speech, man speaking",playing electric guitar,False,True,4
hinge_A,42,9,91,91,"male speech, man speaking","male speech, man speaking",False,False,10
hinge_A,42,9,92,1,playing accordion,child singing,False,True,3
hinge_A,42,9,92,11,playing accordion,playing banjo,False,True,9
hinge_A,42,9,92,14,playing accordion,playing french horn,False,True,1
hinge_A,42,9,92,28,playing accordion,goose honking,False,True,1
hinge_A,42,9,92,38,playing accordion,playing tambourine,False,True,1
hinge_A,42,9,92,44,playing accordion,playing cello,False,True,2
hinge_A,42,9,92,45,playing accordion,playing cornet,False,True,1
hinge_A,42,9,92,48,playing accordion,orchestra,False,True,2
hinge_A,42,9,92,54,playing accordion,playing saxophone,False,True,4
hinge_A,42,9,92,64,playing accordion,playing mandolin,False,True,1
hinge_A,42,9,92,65,playing accordion,"female speech, woman speaking",False,True,1
hinge_A,42,9,92,70,playing accordion,playing acoustic guitar,False,True,1
hinge_A,42,9,92,74,playing accordion,yodelling,False,True,1
hinge_A,42,9,92,76,playing accordion,"playing violin, fiddle",False,True,10
hinge_A,42,9,92,87,playing accordion,playing sitar,False,True,2
hinge_A,42,9,92,88,playing accordion,playing electric guitar,False,True,7
hinge_A,42,9,92,92,playing accordion,playing accordion,False,False,3
hinge_A,42,9,93,1,playing tabla,child singing,False,True,6
hinge_A,42,9,93,10,playing tabla,playing bass drum,False,True,5
hinge_A,42,9,93,11,playing tabla,playing banjo,False,True,3
hinge_A,42,9,93,13,playing tabla,playing bagpipes,False,True,1
hinge_A,42,9,93,19,playing tabla,playing theremin,False,True,1
hinge_A,42,9,93,24,playing tabla,playing electronic organ,False,True,1
hinge_A,42,9,93,48,playing tabla,orchestra,False,True,1
hinge_A,42,9,93,54,playing tabla,playing saxophone,False,True,1
hinge_A,42,9,93,59,playing tabla,playing bongo,False,True,1
hinge_A,42,9,93,62,playing tabla,people crowd,False,True,1
hinge_A,42,9,93,65,playing tabla,"female speech, woman speaking",False,True,1
hinge_A,42,9,93,68,playing tabla,singing choir,False,True,2
hinge_A,42,9,93,70,playing tabla,playing acoustic guitar,False,True,5
hinge_A,42,9,93,74,playing tabla,yodelling,False,True,2
hinge_A,42,9,93,76,playing tabla,"playing violin, fiddle",False,True,1
hinge_A,42,9,93,81,playing tabla,fireworks banging,False,True,1
hinge_A,42,9,93,82,playing tabla,tap dancing,False,True,1
hinge_A,42,9,93,87,playing tabla,playing sitar,False,True,3
hinge_A,42,9,93,88,playing tabla,playing electric guitar,False,True,10
hinge_A,42,9,93,93,playing tabla,playing tabla,False,False,3
hinge_A,42,9,94,1,playing clarinet,child singing,False,True,2
hinge_A,42,9,94,14,playing clarinet,playing french horn,False,True,1
hinge_A,42,9,94,19,playing clarinet,playing theremin,False,True,1
hinge_A,42,9,94,21,playing clarinet,playing hammond organ,False,True,3
hinge_A,42,9,94,24,playing clarinet,playing electronic organ,False,True,1
hinge_A,42,9,94,26,playing clarinet,people marching,False,True,1
hinge_A,42,9,94,29,playing clarinet,playing trombone,False,True,2
hinge_A,42,9,94,31,playing clarinet,playing erhu,False,True,2
hinge_A,42,9,94,44,playing clarinet,playing cello,False,True,4
hinge_A,42,9,94,45,playing clarinet,playing cornet,False,True,1
hinge_A,42,9,94,48,playing clarinet,orchestra,False,True,1
hinge_A,42,9,94,49,playing clarinet,playing harp,False,True,2
hinge_A,42,9,94,52,playing clarinet,"playing marimba, xylophone",False,True,1
hinge_A,42,9,94,54,playing clarinet,playing saxophone,False,True,5
hinge_A,42,9,94,58,playing clarinet,playing piano,False,True,1
hinge_A,42,9,94,69,playing clarinet,playing flute,False,True,3
hinge_A,42,9,94,70,playing clarinet,playing acoustic guitar,False,True,3
hinge_A,42,9,94,76,playing clarinet,"playing violin, fiddle",False,True,6
hinge_A,42,9,94,85,playing clarinet,playing bassoon,False,True,3
hinge_A,42,9,94,88,playing clarinet,playing electric guitar,False,True,4
hinge_A,42,9,94,94,playing clarinet,playing clarinet,False,False,3
hinge_A,42,9,95,10,playing harpsichord,playing bass drum,False,True,1
hinge_A,42,9,95,11,playing harpsichord,playing banjo,False,True,2
hinge_A,42,9,95,21,playing harpsichord,playing hammond organ,False,True,1
hinge_A,42,9,95,24,playing harpsichord,playing electronic organ,False,True,2
hinge_A,42,9,95,29,playing harpsichord,playing trombone,False,True,1
hinge_A,42,9,95,33,playing harpsichord,playing synthesizer,False,True,1
hinge_A,42,9,95,44,playing harpsichord,playing cello,False,True,2
hinge_A,42,9,95,48,playing harpsichord,orchestra,False,True,1
hinge_A,42,9,95,49,playing harpsichord,playing harp,False,True,2
hinge_A,42,9,95,52,playing harpsichord,"playing marimba, xylophone",False,True,1
hinge_A,42,9,95,54,playing harpsichord,playing saxophone,False,True,2
hinge_A,42,9,95,58,playing harpsichord,playing piano,False,True,3
hinge_A,42,9,95,65,playing harpsichord,"female speech, woman speaking",False,True,1
hinge_A,42,9,95,70,playing harpsichord,playing acoustic guitar,False,True,2
hinge_A,42,9,95,76,playing harpsichord,"playing violin, fiddle",False,True,3
hinge_A,42,9,95,80,playing harpsichord,"electric shaver, electric razor shaving",False,True,1
hinge_A,42,9,95,87,playing harpsichord,playing sitar,False,True,4
hinge_A,42,9,95,88,playing harpsichord,playing electric guitar,False,True,8
hinge_A,42,9,95,95,playing harpsichord,playing harpsichord,False,False,12
hinge_A,42,9,96,9,hail,lighting firecrackers,False,True,1
hinge_A,42,9,96,18,hail,lathe spinning,False,True,1
hinge_A,42,9,96,28,hail,goose honking,False,True,1
hinge_A,42,9,96,30,hail,helicopter,False,True,2
hinge_A,42,9,96,50,hail,roller coaster running,False,True,1
hinge_A,42,9,96,79,hail,lawn mowing,False,True,1
hinge_A,42,9,96,86,hail,police radio chatter,False,True,1
hinge_A,42,9,96,96,hail,hail,False,False,42
hinge_A,42,9,97,6,playing cymbal,"child speech, kid speaking",False,True,1
hinge_A,42,9,97,10,playing cymbal,playing bass drum,False,True,19
hinge_A,42,9,97,27,playing cymbal,playing bass guitar,False,True,2
hinge_A,42,9,97,38,playing cymbal,playing tambourine,False,True,2
hinge_A,42,9,97,39,playing cymbal,driving motorcycle,False,True,1
hinge_A,42,9,97,41,playing cymbal,playing squash,False,True,1
hinge_A,42,9,97,43,playing cymbal,beat boxing,False,True,4
hinge_A,42,9,97,65,playing cymbal,"female speech, woman speaking",False,True,1
hinge_A,42,9,97,70,playing cymbal,playing acoustic guitar,False,True,3
hinge_A,42,9,97,74,playing cymbal,yodelling,False,True,1
hinge_A,42,9,97,77,playing cymbal,printer printing,False,True,1
hinge_A,42,9,97,80,playing cymbal,"electric shaver, electric razor shaving",False,True,2
hinge_A,42,9,97,82,playing cymbal,tap dancing,False,True,6
hinge_A,42,9,97,86,playing cymbal,police radio chatter,False,True,1
hinge_A,42,9,97,88,playing cymbal,playing electric guitar,False,True,3
hinge_A,42,9,97,97,playing cymbal,playing cymbal,False,False,2
hinge_A,42,9,98,21,people booing,playing hammond organ,False,True,1
hinge_A,42,9,98,23,people booing,people cheering,False,True,5
hinge_A,42,9,98,26,people booing,people marching,False,True,2
hinge_A,42,9,98,41,people booing,playing squash,False,True,2
hinge_A,42,9,98,42,people booing,slot machine,False,True,1
hinge_A,42,9,98,48,people booing,orchestra,False,True,1
hinge_A,42,9,98,50,people booing,roller coaster running,False,True,1
hinge_A,42,9,98,62,people booing,people crowd,False,True,8
hinge_A,42,9,98,74,people booing,yodelling,False,True,1
hinge_A,42,9,98,82,people booing,tap dancing,False,True,1
hinge_A,42,9,98,86,people booing,police radio chatter,False,True,3
hinge_A,42,9,98,98,people booing,people booing,False,False,24
hinge_A,42,9,99,2,dog growling,"heart sounds, heartbeat",False,True,1
hinge_A,42,9,99,4,dog growling,cap gun shooting,False,True,1
hinge_A,42,9,99,6,dog growling,"child speech, kid speaking",False,True,4
hinge_A,42,9,99,7,dog growling,baby laughter,False,True,1
hinge_A,42,9,99,9,dog growling,lighting firecrackers,False,True,1
hinge_A,42,9,99,17,dog growling,people whispering,False,True,1
hinge_A,42,9,99,28,dog growling,goose honking,False,True,4
hinge_A,42,9,99,60,dog growling,"pigeon, dove cooing",False,True,1
hinge_A,42,9,99,65,dog growling,"female speech, woman speaking",False,True,2
hinge_A,42,9,99,75,dog growling,sharpen knife,False,True,1
hinge_A,42,9,99,77,dog growling,printer printing,False,True,1
hinge_A,42,9,99,80,dog growling,"electric shaver, electric razor shaving",False,True,1
hinge_A,42,9,99,84,dog growling,stream burbling,False,True,1
hinge_A,42,9,99,86,dog growling,police radio chatter,False,True,1
hinge_A,42,9,99,88,dog growling,playing electric guitar,False,True,1
hinge_A,42,9,99,89,dog growling,people whistling,False,True,1
hinge_A,42,9,99,91,dog growling,"male speech, man speaking",False,False,5
hinge_A,42,9,99,99,dog growling,dog growling,False,False,22
hinge_B,42,1,0,0,playing volleyball,playing volleyball,True,True,45
hinge_B,42,1,0,1,playing volleyball,child singing,True,True,1
hinge_B,42,1,0,5,playing volleyball,rope skipping,True,True,1
hinge_B,42,1,0,6,playing volleyball,"child speech, kid speaking",True,True,1
hinge_B,42,1,0,8,playing volleyball,playing table tennis,True,True,1
hinge_B,42,1,0,17,playing volleyball,people whispering,True,False,1
hinge_B,42,1,1,1,child singing,child singing,True,True,32
hinge_B,42,1,1,3,child singing,singing bowl,True,True,1
hinge_B,42,1,1,6,child singing,"child speech, kid speaking",True,True,8
hinge_B,42,1,1,7,child singing,baby laughter,True,True,2
hinge_B,42,1,1,9,child singing,lighting firecrackers,True,True,2
hinge_B,42,1,1,10,child singing,playing bass drum,True,False,1
hinge_B,42,1,1,11,child singing,playing banjo,True,False,2
hinge_B,42,1,1,14,child singing,playing french horn,True,False,1
hinge_B,42,1,1,17,child singing,people whispering,True,False,1
hinge_B,42,1,2,2,"heart sounds, heartbeat","heart sounds, heartbeat",True,True,43
hinge_B,42,1,2,3,"heart sounds, heartbeat",singing bowl,True,True,1
hinge_B,42,1,2,6,"heart sounds, heartbeat","child speech, kid speaking",True,True,2
hinge_B,42,1,2,9,"heart sounds, heartbeat",lighting firecrackers,True,True,1
hinge_B,42,1,2,17,"heart sounds, heartbeat",people whispering,True,False,3
hinge_B,42,1,3,1,singing bowl,child singing,True,True,1
hinge_B,42,1,3,3,singing bowl,singing bowl,True,True,43
hinge_B,42,1,3,6,singing bowl,"child speech, kid speaking",True,True,1
hinge_B,42,1,3,7,singing bowl,baby laughter,True,True,1
hinge_B,42,1,3,9,singing bowl,lighting firecrackers,True,True,1
hinge_B,42,1,3,10,singing bowl,playing bass drum,True,False,1
hinge_B,42,1,3,19,singing bowl,playing theremin,True,False,2
hinge_B,42,1,4,4,cap gun shooting,cap gun shooting,True,True,22
hinge_B,42,1,4,6,cap gun shooting,"child speech, kid speaking",True,True,7
hinge_B,42,1,4,7,cap gun shooting,baby laughter,True,True,1
hinge_B,42,1,4,8,cap gun shooting,playing table tennis,True,True,1
hinge_B,42,1,4,9,cap gun shooting,lighting firecrackers,True,True,3
hinge_B,42,1,4,17,cap gun shooting,people whispering,True,False,16
hinge_B,42,1,5,1,rope skipping,child singing,True,True,1
hinge_B,42,1,5,5,rope skipping,rope skipping,True,True,37
hinge_B,42,1,5,6,rope skipping,"child speech, kid speaking",True,True,1
hinge_B,42,1,5,8,rope skipping,playing table tennis,True,True,6
hinge_B,42,1,5,9,rope skipping,lighting firecrackers,True,True,1
hinge_B,42,1,5,10,rope skipping,playing bass drum,True,False,3
hinge_B,42,1,5,17,rope skipping,people whispering,True,False,1
hinge_B,42,1,6,0,"child speech, kid speaking",playing volleyball,True,True,3
hinge_B,42,1,6,1,"child speech, kid speaking",child singing,True,True,3
hinge_B,42,1,6,5,"child speech, kid speaking",rope skipping,True,True,1
hinge_B,42,1,6,6,"child speech, kid speaking","child speech, kid speaking",True,True,30
hinge_B,42,1,6,7,"child speech, kid speaking",baby laughter,True,True,4
hinge_B,42,1,6,9,"child speech, kid speaking",lighting firecrackers,True,True,2
hinge_B,42,1,6,17,"child speech, kid speaking",people whispering,True,False,7
hinge_B,42,1,7,0,baby laughter,playing volleyball,True,True,2
hinge_B,42,1,7,1,baby laughter,child singing,True,True,1
hinge_B,42,1,7,6,baby laughter,"child speech, kid speaking",True,True,13
hinge_B,42,1,7,7,baby laughter,baby laughter,True,True,33
hinge_B,42,1,7,17,baby laughter,people whispering,True,False,1
hinge_B,42,1,8,5,playing table tennis,rope skipping,True,True,2
hinge_B,42,1,8,8,playing table tennis,playing table tennis,True,True,46
hinge_B,42,1,8,10,playing table tennis,playing bass drum,True,False,1
hinge_B,42,1,8,16,playing table tennis,tractor digging,True,False,1
hinge_B,42,1,9,4,lighting firecrackers,cap gun shooting,True,True,2
hinge_B,42,1,9,6,lighting firecrackers,"child speech, kid speaking",True,True,2
hinge_B,42,1,9,9,lighting firecrackers,lighting firecrackers,True,True,32
hinge_B,42,1,9,10,lighting firecrackers,playing bass drum,True,False,3
hinge_B,42,1,9,17,lighting firecrackers,people whispering,True,False,11
hinge_B,42,1,10,1,playing bass drum,child singing,False,True,1
hinge_B,42,1,10,2,playing bass drum,"heart sounds, heartbeat",False,True,2
hinge_B,42,1,10,5,playing bass drum,rope skipping,False,True,1
hinge_B,42,1,10,9,playing bass drum,lighting firecrackers,False,True,1
hinge_B,42,1,10,10,playing bass drum,playing bass drum,False,False,45
hinge_B,42,1,11,1,playing banjo,child singing,False,True,23
hinge_B,42,1,11,3,playing banjo,singing bowl,False,True,1
hinge_B,42,1,11,6,playing banjo,"child speech, kid speaking",False,True,3
hinge_B,42,1,11,10,playing banjo,playing bass drum,False,False,1
hinge_B,42,1,11,11,playing banjo,playing banjo,False,False,20
hinge_B,42,1,11,17,playing banjo,people whispering,False,False,1
hinge_B,42,1,11,18,playing banjo,lathe spinning,False,False,1
hinge_B,42,1,12,1,fire truck siren,child singing,False,True,5
hinge_B,42,1,12,6,fire truck siren,"child speech, kid speaking",False,True,3
hinge_B,42,1,12,8,fire truck siren,playing table tennis,False,True,1
hinge_B,42,1,12,9,fire truck siren,lighting firecrackers,False,True,3
hinge_B,42,1,12,12,fire truck siren,fire truck siren,False,False,34
hinge_B,42,1,12,15,fire truck siren,civil defense siren,False,False,1
hinge_B,42,1,12,16,fire truck siren,tractor digging,False,False,3
hinge_B,42,1,13,0,playing bagpipes,playing volleyball,False,True,2
hinge_B,42,1,13,1,playing bagpipes,child singing,False,True,24
hinge_B,42,1,13,3,playing bagpipes,singing bowl,False,True,3
hinge_B,42,1,13,5,playing bagpipes,rope skipping,False,True,1
hinge_B,42,1,13,6,playing bagpipes,"child speech, kid speaking",False,True,1
hinge_B,42,1,13,9,playing bagpipes,lighting firecrackers,False,True,1
hinge_B,42,1,13,13,playing bagpipes,playing bagpipes,False,False,17
hinge_B,42,1,13,14,playing bagpipes,playing french horn,False,False,1
hinge_B,42,1,14,1,playing french horn,child singing,False,True,23
hinge_B,42,1,14,3,playing french horn,singing bowl,False,True,9
hinge_B,42,1,14,6,playing french horn,"child speech, kid speaking",False,True,2
hinge_B,42,1,14,14,playing french horn,playing french horn,False,False,16
hinge_B,42,1,15,0,civil defense siren,playing volleyball,False,True,1
hinge_B,42,1,15,1,civil defense siren,child singing,False,True,12
hinge_B,42,1,15,3,civil defense siren,singing bowl,False,True,10
hinge_B,42,1,15,5,civil defense siren,rope skipping,False,True,1
hinge_B,42,1,15,12,civil defense siren,fire truck siren,False,False,2
hinge_B,42,1,15,15,civil defense siren,civil defense siren,False,False,23
hinge_B,42,1,15,19,civil defense siren,playing theremin,False,False,1
hinge_B,42,1,16,8,tractor digging,playing table tennis,False,True,1
hinge_B,42,1,16,9,tractor digging,lighting firecrackers,False,True,5
hinge_B,42,1,16,16,tractor digging,tractor digging,False,False,44
hinge_B,42,1,17,2,people whispering,"heart sounds, heartbeat",False,True,1
hinge_B,42,1,17,17,people whispering,people whispering,False,False,49
hinge_B,42,1,18,4,lathe spinning,cap gun shooting,False,True,2
hinge_B,42,1,18,5,lathe spinning,rope skipping,False,True,1
hinge_B,42,1,18,8,lathe spinning,playing table tennis,False,True,1
hinge_B,42,1,18,9,lathe spinning,lighting firecrackers,False,True,4
hinge_B,42,1,18,18,lathe spinning,lathe spinning,False,False,42
hinge_B,42,1,19,0,playing theremin,playing volleyball,False,True,1
hinge_B,42,1,19,1,playing theremin,child singing,False,True,12
hinge_B,42,1,19,3,playing theremin,singing bowl,False,True,17
hinge_B,42,1,19,5,playing theremin,rope skipping,False,True,1
hinge_B,42,1,19,6,playing theremin,"child speech, kid speaking",False,True,2
hinge_B,42,1,19,9,playing theremin,lighting firecrackers,False,True,2
hinge_B,42,1,19,10,playing theremin,playing bass drum,False,False,3
hinge_B,42,1,19,14,playing theremin,playing french horn,False,False,4
hinge_B,42,1,19,19,playing theremin,playing theremin,False,False,8
hinge_B,42,5,0,0,playing volleyball,playing volleyball,True,True,35
hinge_B,42,5,0,1,playing volleyball,child singing,True,True,1
hinge_B,42,5,0,6,playing volleyball,"child speech, kid speaking",True,True,1
hinge_B,42,5,0,8,playing volleyball,playing table tennis,True,True,1
hinge_B,42,5,0,25,playing volleyball,bowling impact,True,True,1
hinge_B,42,5,0,26,playing volleyball,people marching,True,True,1
hinge_B,42,5,0,28,playing volleyball,goose honking,True,True,1
hinge_B,42,5,0,35,playing volleyball,skiing,True,True,1
hinge_B,42,5,0,41,playing volleyball,playing squash,True,True,4
hinge_B,42,5,0,43,playing volleyball,beat boxing,True,True,2
hinge_B,42,5,0,57,playing volleyball,mynah bird singing,True,False,2
hinge_B,42,5,1,1,child singing,child singing,True,True,19
hinge_B,42,5,1,6,child singing,"child speech, kid speaking",True,True,5
hinge_B,42,5,1,7,child singing,baby laughter,True,True,2
hinge_B,42,5,1,9,child singing,lighting firecrackers,True,True,1
hinge_B,42,5,1,11,child singing,playing banjo,True,True,1
hinge_B,42,5,1,14,child singing,playing french horn,True,True,2
hinge_B,42,5,1,17,child singing,people whispering,True,True,1
hinge_B,42,5,1,18,child singing,lathe spinning,True,True,1
hinge_B,42,5,1,19,child singing,playing theremin,True,True,1
hinge_B,42,5,1,26,child singing,people marching,True,True,1
hinge_B,42,5,1,29,child singing,playing trombone,True,True,1
hinge_B,42,5,1,32,child singing,dog howling,True,True,1
hinge_B,42,5,1,44,child singing,playing cello,True,True,1
hinge_B,42,5,1,45,child singing,playing cornet,True,True,1
hinge_B,42,5,1,47,child singing,"playing steel guitar, slide guitar",True,True,5
hinge_B,42,5,1,48,child singing,orchestra,True,True,1
hinge_B,42,5,1,54,child singing,playing saxophone,True,False,5
hinge_B,42,5,1,59,child singing,playing bongo,True,False,1
hinge_B,42,5,2,2,"heart sounds, heartbeat","heart sounds, heartbeat",True,True,40
hinge_B,42,5,2,6,"heart sounds, heartbeat","child speech, kid speaking",True,True,1
hinge_B,42,5,2,17,"heart sounds, heartbeat",people whispering,True,True,2
hinge_B,42,5,2,18,"heart sounds, heartbeat",lathe spinning,True,True,2
hinge_B,42,5,2,34,"heart sounds, heartbeat",cat purring,True,True,1
hinge_B,42,5,2,37,"heart sounds, heartbeat",scuba diving,True,True,1
hinge_B,42,5,2,46,"heart sounds, heartbeat",wind noise,True,True,3
hinge_B,42,5,3,3,singing bowl,singing bowl,True,True,11
hinge_B,42,5,3,6,singing bowl,"child speech, kid speaking",True,True,1
hinge_B,42,5,3,21,singing bowl,playing hammond organ,True,True,1
hinge_B,42,5,3,24,singing bowl,playing electronic organ,True,True,3
hinge_B,42,5,3,25,singing bowl,bowling impact,True,True,1
hinge_B,42,5,3,27,singing bowl,playing bass guitar,True,True,4
hinge_B,42,5,3,29,singing bowl,playing trombone,True,True,1
hinge_B,42,5,3,32,singing bowl,dog howling,True,True,2
hinge_B,42,5,3,33,singing bowl,playing synthesizer,True,True,2
hinge_B,42,5,3,40,singing bowl,vacuum cleaner cleaning floors,True,True,1
hinge_B,42,5,3,44,singing bowl,playing cello,True,True,1
hinge_B,42,5,3,48,singing bowl,orchestra,True,True,2
hinge_B,42,5,3,49,singing bowl,playing harp,True,True,19
hinge_B,42,5,3,52,singing bowl,"playing marimba, xylophone",True,False,1
hinge_B,42,5,4,4,cap gun shooting,cap gun shooting,True,True,15
hinge_B,42,5,4,6,cap gun shooting,"child speech, kid speaking",True,True,8
hinge_B,42,5,4,10,cap gun shooting,playing bass drum,True,True,1
hinge_B,42,5,4,17,cap gun shooting,people whispering,True,True,8
hinge_B,42,5,4,28,cap gun shooting,goose honking,True,True,7
hinge_B,42,5,4,38,cap gun shooting,playing tambourine,True,True,1
hinge_B,42,5,4,40,cap gun shooting,vacuum cleaner cleaning floors,True,True,1
hinge_B,42,5,4,42,cap gun shooting,slot machine,True,True,1
hinge_B,42,5,4,43,cap gun shooting,beat boxing,True,True,2
hinge_B,42,5,4,46,cap gun shooting,wind noise,True,True,1
hinge_B,42,5,4,56,cap gun shooting,arc welding,True,False,3
hinge_B,42,5,4,57,cap gun shooting,mynah bird singing,True,False,2
hinge_B,42,5,5,1,rope skipping,child singing,True,True,1
hinge_B,42,5,5,5,rope skipping,rope skipping,True,True,23
hinge_B,42,5,5,8,rope skipping,playing table tennis,True,True,4
hinge_B,42,5,5,10,rope skipping,playing bass drum,True,True,1
hinge_B,42,5,5,23,rope skipping,people cheering,True,True,1
hinge_B,42,5,5,25,rope skipping,bowling impact,True,True,2
hinge_B,42,5,5,35,rope skipping,skiing,True,True,1
hinge_B,42,5,5,38,rope skipping,playing tambourine,True,True,2
hinge_B,42,5,5,40,rope skipping,vacuum cleaner cleaning floors,True,True,1
hinge_B,42,5,5,41,rope skipping,playing squash,True,True,5
hinge_B,42,5,5,42,rope skipping,slot machine,True,True,3
hinge_B,42,5,5,43,rope skipping,beat boxing,True,True,4
hinge_B,42,5,5,56,rope skipping,arc welding,True,False,2
hinge_B,42,5,6,1,"child speech, kid speaking",child singing,True,True,2
hinge_B,42,5,6,5,"child speech, kid speaking",rope skipping,True,True,1
hinge_B,42,5,6,6,"child speech, kid speaking","child speech, kid speaking",True,True,28
hinge_B,42,5,6,17,"child speech, kid speaking",people whispering,True,True,4
hinge_B,42,5,6,22,"child speech, kid speaking",police car (siren),True,True,1
hinge_B,42,5,6,23,"child speech, kid speaking",people cheering,True,True,1
hinge_B,42,5,6,25,"child speech, kid speaking",bowling impact,True,True,3
hinge_B,42,5,6,28,"child speech, kid speaking",goose honking,True,True,1
hinge_B,42,5,6,32,"child speech, kid speaking",dog howling,True,True,1
hinge_B,42,5,6,39,"child speech, kid speaking",driving motorcycle,True,True,2
hinge_B,42,5,6,42,"child speech, kid speaking",slot machine,True,True,1
hinge_B,42,5,6,43,"child speech, kid speaking",beat boxing,True,True,4
hinge_B,42,5,6,54,"child speech, kid speaking",playing saxophone,True,False,1
hinge_B,42,5,7,6,baby laughter,"child speech, kid speaking",True,True,14
hinge_B,42,5,7,7,baby laughter,baby laughter,True,True,29
hinge_B,42,5,7,28,baby laughter,goose honking,True,True,1
hinge_B,42,5,7,32,baby laughter,dog howling,True,True,1
hinge_B,42,5,7,38,baby laughter,playing tambourine,True,True,2
hinge_B,42,5,7,43,baby laughter,beat boxing,True,True,3
hinge_B,42,5,8,0,playing table tennis,playing volleyball,True,True,1
hinge_B,42,5,8,5,playing table tennis,rope skipping,True,True,1
hinge_B,42,5,8,8,playing table tennis,playing table tennis,True,True,40
hinge_B,42,5,8,10,playing table tennis,playing bass drum,True,True,1
hinge_B,42,5,8,25,playing table tennis,bowling impact,True,True,2
hinge_B,42,5,8,38,playing table tennis,playing tambourine,True,True,1
hinge_B,42,5,8,40,playing table tennis,vacuum cleaner cleaning floors,True,True,2
hinge_B,42,5,8,41,playing table tennis,playing squash,True,True,1
hinge_B,42,5,8,42,playing table tennis,slot machine,True,True,1
hinge_B,42,5,9,4,lighting firecrackers,cap gun shooting,True,True,2
hinge_B,42,5,9,6,lighting firecrackers,"child speech, kid speaking",True,True,2
hinge_B,42,5,9,9,lighting firecrackers,lighting firecrackers,True,True,13
hinge_B,42,5,9,10,lighting firecrackers,playing bass drum,True,True,1
hinge_B,42,5,9,17,lighting firecrackers,people whispering,True,True,8
hinge_B,42,5,9,23,lighting firecrackers,people cheering,True,True,1
hinge_B,42,5,9,26,lighting firecrackers,people marching,True,True,1
hinge_B,42,5,9,28,lighting firecrackers,goose honking,True,True,11
hinge_B,42,5,9,33,lighting firecrackers,playing synthesizer,True,True,1
hinge_B,42,5,9,39,lighting firecrackers,driving motorcycle,True,True,1
hinge_B,42,5,9,40,lighting firecrackers,vacuum cleaner cleaning floors,True,True,5
hinge_B,42,5,9,46,lighting firecrackers,wind noise,True,True,3
hinge_B,42,5,9,56,lighting firecrackers,arc welding,True,False,1
hinge_B,42,5,10,2,playing bass drum,"heart sounds, heartbeat",True,True,2
hinge_B,42,5,10,4,playing bass drum,cap gun shooting,True,True,1
hinge_B,42,5,10,10,playing bass drum,playing bass drum,True,True,31
hinge_B,42,5,10,27,playing bass drum,playing bass guitar,True,True,2
hinge_B,42,5,10,33,playing bass drum,playing synthesizer,True,True,1
hinge_B,42,5,10,38,playing bass drum,playing tambourine,True,True,7
hinge_B,42,5,10,43,playing bass drum,beat boxing,True,True,5
hinge_B,42,5,10,48,playing bass drum,orchestra,True,True,1
hinge_B,42,5,11,6,playing banjo,"child speech, kid speaking",True,True,2
hinge_B,42,5,11,10,playing banjo,playing bass drum,True,True,1
hinge_B,42,5,11,11,playing banjo,playing banjo,True,True,28
hinge_B,42,5,11,17,playing banjo,people whispering,True,True,1
hinge_B,42,5,11,23,playing banjo,people cheering,True,True,1
hinge_B,42,5,11,27,playing banjo,playing bass guitar,True,True,2
hinge_B,42,5,11,29,playing banjo,playing trombone,True,True,2
hinge_B,42,5,11,31,playing banjo,playing erhu,True,True,1
hinge_B,42,5,11,38,playing banjo,playing tambourine,True,True,2
hinge_B,42,5,11,43,playing banjo,beat boxing,True,True,1
hinge_B,42,5,11,44,playing banjo,playing cello,True,True,2
hinge_B,42,5,11,47,playing banjo,"playing steel guitar, slide guitar",True,True,2
hinge_B,42,5,11,49,playing banjo,playing harp,True,True,2
hinge_B,42,5,11,52,playing banjo,"playing marimba, xylophone",True,False,2
hinge_B,42,5,11,54,playing banjo,playing saxophone,True,False,1
hinge_B,42,5,12,6,fire truck siren,"child speech, kid speaking",True,True,1
hinge_B,42,5,12,12,fire truck siren,fire truck siren,True,True,13
hinge_B,42,5,12,22,fire truck siren,police car (siren),True,True,22
hinge_B,42,5,12,23,fire truck siren,people cheering,True,True,2
hinge_B,42,5,12,25,fire truck siren,bowling impact,True,True,1
hinge_B,42,5,12,30,fire truck siren,helicopter,True,True,2
hinge_B,42,5,12,31,fire truck siren,playing erhu,True,True,2
hinge_B,42,5,12,39,fire truck siren,driving motorcycle,True,True,2
hinge_B,42,5,12,46,fire truck siren,wind noise,True,True,2
hinge_B,42,5,12,48,fire truck siren,orchestra,True,True,2
hinge_B,42,5,12,55,fire truck siren,"subway, metro, underground",True,False,1
hinge_B,42,5,13,1,playing bagpipes,child singing,True,True,1
hinge_B,42,5,13,13,playing bagpipes,playing bagpipes,True,True,35
hinge_B,42,5,13,14,playing bagpipes,playing french horn,True,True,3
hinge_B,42,5,13,26,playing bagpipes,people marching,True,True,2
hinge_B,42,5,13,29,playing bagpipes,playing trombone,True,True,1
hinge_B,42,5,13,32,playing bagpipes,dog howling,True,True,1
hinge_B,42,5,13,33,playing bagpipes,playing synthesizer,True,True,1
hinge_B,42,5,13,44,playing bagpipes,playing cello,True,True,2
hinge_B,42,5,13,48,playing bagpipes,orchestra,True,True,2
hinge_B,42,5,13,54,playing bagpipes,playing saxophone,True,False,2
hinge_B,42,5,14,3,playing french horn,singing bowl,True,True,1
hinge_B,42,5,14,6,playing french horn,"child speech, kid speaking",True,True,2
hinge_B,42,5,14,14,playing french horn,playing french horn,True,True,18
hinge_B,42,5,14,24,playing french horn,playing electronic organ,True,True,1
hinge_B,42,5,14,29,playing french horn,playing trombone,True,True,9
hinge_B,42,5,14,31,playing french horn,playing erhu,True,True,1
hinge_B,42,5,14,32,playing french horn,dog howling,True,True,1
hinge_B,42,5,14,33,playing french horn,playing synthesizer,True,True,1
hinge_B,42,5,14,44,playing french horn,playing cello,True,True,7
hinge_B,42,5,14,48,playing french horn,orchestra,True,True,3
hinge_B,42,5,14,49,playing french horn,playing harp,True,True,3
hinge_B,42,5,14,54,playing french horn,playing saxophone,True,False,2
hinge_B,42,5,14,58,playing french horn,playing piano,True,False,1
hinge_B,42,5,15,3,civil defense siren,singing bowl,True,True,3
hinge_B,42,5,15,12,civil defense siren,fire truck siren,True,True,2
hinge_B,42,5,15,15,civil defense siren,civil defense siren,True,True,29
hinge_B,42,5,15,18,civil defense siren,lathe spinning,True,True,1
hinge_B,42,5,15,22,civil defense siren,police car (siren),True,True,2
hinge_B,42,5,15,24,civil defense siren,playing electronic organ,True,True,1
hinge_B,42,5,15,31,civil defense siren,playing erhu,True,True,2
hinge_B,42,5,15,32,civil defense siren,dog howling,True,True,3
hinge_B,42,5,15,44,civil defense siren,playing cello,True,True,1
hinge_B,42,5,15,45,civil defense siren,playing cornet,True,True,1
hinge_B,42,5,15,47,civil defense siren,"playing steel guitar, slide guitar",True,True,1
hinge_B,42,5,15,48,civil defense siren,orchestra,True,True,3
hinge_B,42,5,15,54,civil defense siren,playing saxophone,True,False,1
hinge_B,42,5,16,16,tractor digging,tractor digging,True,True,40
hinge_B,42,5,16,18,tractor digging,lathe spinning,True,True,1
hinge_B,42,5,16,30,tractor digging,helicopter,True,True,2
hinge_B,42,5,16,39,tractor digging,driving motorcycle,True,True,4
hinge_B,42,5,16,40,tractor digging,vacuum cleaner cleaning floors,True,True,3
hinge_B,42,5,17,6,people whispering,"child speech, kid speaking",True,True,1
hinge_B,42,5,17,17,people whispering,people whispering,True,True,48
hinge_B,42,5,17,34,people whispering,cat purring,True,True,1
hinge_B,42,5,18,16,lathe spinning,tractor digging,True,True,1
hinge_B,42,5,18,18,lathe spinning,lathe spinning,True,True,32
hinge_B,42,5,18,23,lathe spinning,people cheering,True,True,2
hinge_B,42,5,18,30,lathe spinning,helicopter,True,True,1
hinge_B,42,5,18,38,lathe spinning,playing tambourine,True,True,1
hinge_B,42,5,18,39,lathe spinning,driving motorcycle,True,True,1
hinge_B,42,5,18,40,lathe spinning,vacuum cleaner cleaning floors,True,True,6
hinge_B,42,5,18,50,lathe spinning,roller coaster running,True,False,1
hinge_B,42,5,18,56,lathe spinning,arc welding,True,False,5
hinge_B,42,5,19,1,playing theremin,child singing,True,True,3
hinge_B,42,5,19,3,playing theremin,singing bowl,True,True,2
hinge_B,42,5,19,5,playing theremin,rope skipping,True,True,1
hinge_B,42,5,19,6,playing theremin,"child speech, kid speaking",True,True,2
hinge_B,42,5,19,13,playing theremin,playing bagpipes,True,True,1
hinge_B,42,5,19,14,playing theremin,playing french horn,True,True,3
hinge_B,42,5,19,19,playing theremin,playing theremin,True,True,6
hinge_B,42,5,19,24,playing theremin,playing electronic organ,True,True,3
hinge_B,42,5,19,26,playing theremin,people marching,True,True,1
hinge_B,42,5,19,27,playing theremin,playing bass guitar,True,True,4
hinge_B,42,5,19,31,playing theremin,playing erhu,True,True,2
hinge_B,42,5,19,32,playing theremin,dog howling,True,True,1
hinge_B,42,5,19,33,playing theremin,playing synthesizer,True,True,2
hinge_B,42,5,19,43,playing theremin,beat boxing,True,True,1
hinge_B,42,5,19,44,playing theremin,playing cello,True,True,3
hinge_B,42,5,19,45,playing theremin,playing cornet,True,True,1
hinge_B,42,5,19,48,playing theremin,orchestra,True,True,3
hinge_B,42,5,19,49,playing theremin,playing harp,True,True,9
hinge_B,42,5,19,52,playing theremin,"playing marimba, xylophone",True,False,2
hinge_B,42,5,20,11,playing glockenspiel,playing banjo,True,True,1
hinge_B,42,5,20,14,playing glockenspiel,playing french horn,True,True,1
hinge_B,42,5,20,20,playing glockenspiel,playing glockenspiel,True,True,21
hinge_B,42,5,20,25,playing glockenspiel,bowling impact,True,True,1
hinge_B,42,5,20,31,playing glockenspiel,playing erhu,True,True,4
hinge_B,42,5,20,33,playing glockenspiel,playing synthesizer,True,True,1
hinge_B,42,5,20,36,playing glockenspiel,wood thrush calling,True,True,1
hinge_B,42,5,20,42,playing glockenspiel,slot machine,True,True,1
hinge_B,42,5,20,47,playing glockenspiel,"playing steel guitar, slide guitar",True,True,6
hinge_B,42,5,20,49,playing glockenspiel,playing harp,True,True,5
hinge_B,42,5,20,52,playing glockenspiel,"playing marimba, xylophone",True,False,5
hinge_B,42,5,20,58,playing glockenspiel,playing piano,True,False,3
hinge_B,42,5,21,10,playing hammond organ,playing bass drum,True,True,1
hinge_B,42,5,21,11,playing hammond organ,playing banjo,True,True,1
hinge_B,42,5,21,14,playing hammond organ,playing french horn,True,True,2
hinge_B,42,5,21,21,playing hammond organ,playing hammond organ,True,True,6
hinge_B,42,5,21,24,playing hammond organ,playing electronic organ,True,True,9
hinge_B,42,5,21,27,playing hammond organ,playing bass guitar,True,True,4
hinge_B,42,5,21,29,playing hammond organ,playing trombone,True,True,1
hinge_B,42,5,21,33,playing hammond organ,playing synthesizer,True,True,5
hinge_B,42,5,21,42,playing hammond organ,slot machine,True,True,1
hinge_B,42,5,21,44,playing hammond organ,playing cello,True,True,4
hinge_B,42,5,21,45,playing hammond organ,playing cornet,True,True,1
hinge_B,42,5,21,48,playing hammond organ,orchestra,True,True,6
hinge_B,42,5,21,49,playing hammond organ,playing harp,True,True,6
hinge_B,42,5,21,52,playing hammond organ,"playing marimba, xylophone",True,False,1
hinge_B,42,5,21,54,playing hammond organ,playing saxophone,True,False,1
hinge_B,42,5,21,58,playing hammond organ,playing piano,True,False,1
hinge_B,42,5,22,6,police car (siren),"child speech, kid speaking",True,True,2
hinge_B,42,5,22,12,police car (siren),fire truck siren,True,True,3
hinge_B,42,5,22,16,police car (siren),tractor digging,True,True,1
hinge_B,42,5,22,21,police car (siren),playing hammond organ,True,True,2
hinge_B,42,5,22,22,police car (siren),police car (siren),True,True,31
hinge_B,42,5,22,23,police car (siren),people cheering,True,True,1
hinge_B,42,5,22,32,police car (siren),dog howling,True,True,6
hinge_B,42,5,22,35,police car (siren),skiing,True,True,1
hinge_B,42,5,22,46,police car (siren),wind noise,True,True,1
hinge_B,42,5,22,48,police car (siren),orchestra,True,True,1
hinge_B,42,5,22,50,police car (siren),roller coaster running,True,False,1
hinge_B,42,5,23,0,people cheering,playing volleyball,True,True,1
hinge_B,42,5,23,8,people cheering,playing table tennis,True,True,1
hinge_B,42,5,23,18,people cheering,lathe spinning,True,True,3
hinge_B,42,5,23,23,people cheering,people cheering,True,True,39
hinge_B,42,5,23,26,people cheering,people marching,True,True,4
hinge_B,42,5,23,39,people cheering,driving motorcycle,True,True,1
hinge_B,42,5,23,40,people cheering,vacuum cleaner cleaning floors,True,True,1
hinge_B,42,5,24,1,playing electronic organ,child singing,True,True,1
hinge_B,42,5,24,10,playing electronic organ,playing bass drum,True,True,1
hinge_B,42,5,24,11,playing electronic organ,playing banjo,True,True,5
hinge_B,42,5,24,13,playing electronic organ,playing bagpipes,True,True,1
hinge_B,42,5,24,14,playing electronic organ,playing french horn,True,True,1
hinge_B,42,5,24,21,playing electronic organ,playing hammond organ,True,True,6
hinge_B,42,5,24,24,playing electronic organ,playing electronic organ,True,True,5
hinge_B,42,5,24,26,playing electronic organ,people marching,True,True,1
hinge_B,42,5,24,27,playing electronic organ,playing bass guitar,True,True,2
hinge_B,42,5,24,29,playing electronic organ,playing trombone,True,True,1
hinge_B,42,5,24,33,playing electronic organ,playing synthesizer,True,True,3
hinge_B,42,5,24,39,playing electronic organ,driving motorcycle,True,True,1
hinge_B,42,5,24,42,playing electronic organ,slot machine,True,True,2
hinge_B,42,5,24,44,playing electronic organ,playing cello,True,True,2
hinge_B,42,5,24,45,playing electronic organ,playing cornet,True,True,1
hinge_B,42,5,24,47,playing electronic organ,"playing steel guitar, slide guitar",True,True,1
hinge_B,42,5,24,48,playing electronic organ,orchestra,True,True,10
hinge_B,42,5,24,49,playing electronic organ,playing harp,True,True,4
hinge_B,42,5,24,54,playing electronic organ,playing saxophone,True,False,1
hinge_B,42,5,24,58,playing electronic organ,playing piano,True,False,1
hinge_B,42,5,25,4,bowling impact,cap gun shooting,True,True,1
hinge_B,42,5,25,5,bowling impact,rope skipping,True,True,1
hinge_B,42,5,25,25,bowling impact,bowling impact,True,True,43
hinge_B,42,5,25,41,bowling impact,playing squash,True,True,3
hinge_B,42,5,25,42,bowling impact,slot machine,True,True,1
hinge_B,42,5,25,56,bowling impact,arc welding,True,False,1
hinge_B,42,5,26,0,people marching,playing volleyball,True,True,1
hinge_B,42,5,26,5,people marching,rope skipping,True,True,1
hinge_B,42,5,26,9,people marching,lighting firecrackers,True,True,1
hinge_B,42,5,26,10,people marching,playing bass drum,True,True,1
hinge_B,42,5,26,23,people marching,people cheering,True,True,5
hinge_B,42,5,26,25,people marching,bowling impact,True,True,2
hinge_B,42,5,26,26,people marching,people marching,True,True,23
hinge_B,42,5,26,35,people marching,skiing,True,True,1
hinge_B,42,5,26,41,people marching,playing squash,True,True,2
hinge_B,42,5,26,42,people marching,slot machine,True,True,1
hinge_B,42,5,26,43,people marching,beat boxing,True,True,10
hinge_B,42,5,26,48,people marching,orchestra,True,True,1
hinge_B,42,5,26,50,people marching,roller coaster running,True,False,1
hinge_B,42,5,27,5,playing bass guitar,rope skipping,True,True,1
hinge_B,42,5,27,6,playing bass guitar,"child speech, kid speaking",True,True,1
hinge_B,42,5,27,10,playing bass guitar,playing bass drum,True,True,2
hinge_B,42,5,27,24,playing bass guitar,playing electronic organ,True,True,2
hinge_B,42,5,27,27,playing bass guitar,playing bass guitar,True,True,27
hinge_B,42,5,27,29,playing bass guitar,playing trombone,True,True,1
hinge_B,42,5,27,33,playing bass guitar,playing synthesizer,True,True,2
hinge_B,42,5,27,38,playing bass guitar,playing tambourine,True,True,1
hinge_B,42,5,27,41,playing bass guitar,playing squash,True,True,1
hinge_B,42,5,27,44,playing bass guitar,playing cello,True,True,1
hinge_B,42,5,27,47,playing bass guitar,"playing steel guitar, slide guitar",True,True,2
hinge_B,42,5,27,48,playing bass guitar,orchestra,True,True,2
hinge_B,42,5,27,49,playing bass guitar,playing harp,True,True,5
hinge_B,42,5,27,54,playing bass guitar,playing saxophone,True,False,2
hinge_B,42,5,28,0,goose honking,playing volleyball,True,True,1
hinge_B,42,5,28,6,goose honking,"child speech, kid speaking",True,True,3
hinge_B,42,5,28,9,goose honking,lighting firecrackers,True,True,2
hinge_B,42,5,28,17,goose honking,people whispering,True,True,5
hinge_B,42,5,28,26,goose honking,people marching,True,True,1
hinge_B,42,5,28,27,goose honking,playing bass guitar,True,True,1
hinge_B,42,5,28,28,goose honking,goose honking,True,True,25
hinge_B,42,5,28,30,goose honking,helicopter,True,True,3
hinge_B,42,5,28,33,goose honking,playing synthesizer,True,True,1
hinge_B,42,5,28,39,goose honking,driving motorcycle,True,True,1
hinge_B,42,5,28,40,goose honking,vacuum cleaner cleaning floors,True,True,1
hinge_B,42,5,28,41,goose honking,playing squash,True,True,1
hinge_B,42,5,28,43,goose honking,beat boxing,True,True,1
hinge_B,42,5,28,46,goose honking,wind noise,True,True,2
hinge_B,42,5,28,50,goose honking,roller coaster running,True,False,1
hinge_B,42,5,28,53,goose honking,airplane flyby,True,False,1
hinge_B,42,5,29,6,playing trombone,"child speech, kid speaking",True,True,2
hinge_B,42,5,29,11,playing trombone,playing banjo,True,True,2
hinge_B,42,5,29,14,playing trombone,playing french horn,True,True,9
hinge_B,42,5,29,24,playing trombone,playing electronic organ,True,True,1
hinge_B,42,5,29,25,playing trombone,bowling impact,True,True,1
hinge_B,42,5,29,27,playing trombone,playing bass guitar,True,True,1
hinge_B,42,5,29,28,playing trombone,goose honking,True,True,1
hinge_B,42,5,29,29,playing trombone,playing trombone,True,True,20
hinge_B,42,5,29,33,playing trombone,playing synthesizer,True,True,1
hinge_B,42,5,29,38,playing trombone,playing tambourine,True,True,1
hinge_B,42,5,29,42,playing trombone,slot machine,True,True,1
hinge_B,42,5,29,44,playing trombone,playing cello,True,True,4
hinge_B,42,5,29,45,playing trombone,playing cornet,True,True,1
hinge_B,42,5,29,48,playing trombone,orchestra,True,True,3
hinge_B,42,5,29,52,playing trombone,"playing marimba, xylophone",True,False,1
hinge_B,42,5,29,54,playing trombone,playing saxophone,True,False,1
hinge_B,42,5,30,6,helicopter,"child speech, kid speaking",True,True,1
hinge_B,42,5,30,10,helicopter,playing bass drum,True,True,1
hinge_B,42,5,30,16,helicopter,tractor digging,True,True,1
hinge_B,42,5,30,23,helicopter,people cheering,True,True,2
hinge_B,42,5,30,27,helicopter,playing bass guitar,True,True,1
hinge_B,42,5,30,28,helicopter,goose honking,True,True,1
hinge_B,42,5,30,30,helicopter,helicopter,True,True,23
hinge_B,42,5,30,39,helicopter,driving motorcycle,True,True,6
hinge_B,42,5,30,40,helicopter,vacuum cleaner cleaning floors,True,True,1
hinge_B,42,5,30,42,helicopter,slot machine,True,True,1
hinge_B,42,5,30,46,helicopter,wind noise,True,True,8
hinge_B,42,5,30,48,helicopter,orchestra,True,True,1
hinge_B,42,5,30,50,helicopter,roller coaster running,True,False,1
hinge_B,42,5,30,53,helicopter,airplane flyby,True,False,1
hinge_B,42,5,30,55,helicopter,"subway, metro, underground",True,False,1
hinge_B,42,5,31,1,playing erhu,child singing,True,True,4
hinge_B,42,5,31,19,playing erhu,playing theremin,True,True,4
hinge_B,42,5,31,24,playing erhu,playing electronic organ,True,True,1
hinge_B,42,5,31,31,playing erhu,playing erhu,True,True,34
hinge_B,42,5,31,32,playing erhu,dog howling,True,True,1
hinge_B,42,5,31,44,playing erhu,playing cello,True,True,2
hinge_B,42,5,31,45,playing erhu,playing cornet,True,True,3
hinge_B,42,5,31,47,playing erhu,"playing steel guitar, slide guitar",True,True,1
hinge_B,42,5,32,3,dog howling,singing bowl,True,True,2
hinge_B,42,5,32,6,dog howling,"child speech, kid speaking",True,True,5
hinge_B,42,5,32,7,dog howling,baby laughter,True,True,2
hinge_B,42,5,32,19,dog howling,playing theremin,True,True,1
hinge_B,42,5,32,22,dog howling,police car (siren),True,True,2
hinge_B,42,5,32,28,dog howling,goose honking,True,True,3
hinge_B,42,5,32,32,dog howling,dog howling,True,True,27
hinge_B,42,5,32,33,dog howling,playing synthesizer,True,True,1
hinge_B,42,5,32,45,dog howling,playing cornet,True,True,1
hinge_B,42,5,32,49,dog howling,playing harp,True,True,3
hinge_B,42,5,32,52,dog howling,"playing marimba, xylophone",True,False,1
hinge_B,42,5,32,57,dog howling,mynah bird singing,True,False,2
hinge_B,42,5,33,1,playing synthesizer,child singing,True,True,1
hinge_B,42,5,33,4,playing synthesizer,cap gun shooting,True,True,1
hinge_B,42,5,33,5,playing synthesizer,rope skipping,True,True,1
hinge_B,42,5,33,9,playing synthesizer,lighting firecrackers,True,True,1
hinge_B,42,5,33,10,playing synthesizer,playing bass drum,True,True,8
hinge_B,42,5,33,17,playing synthesizer,people whispering,True,True,1
hinge_B,42,5,33,21,playing synthesizer,playing hammond organ,True,True,1
hinge_B,42,5,33,22,playing synthesizer,police car (siren),True,True,2
hinge_B,42,5,33,24,playing synthesizer,playing electronic organ,True,True,2
hinge_B,42,5,33,27,playing synthesizer,playing bass guitar,True,True,8
hinge_B,42,5,33,33,playing synthesizer,playing synthesizer,True,True,18
hinge_B,42,5,33,39,playing synthesizer,driving motorcycle,True,True,1
hinge_B,42,5,33,43,playing synthesizer,beat boxing,True,True,2
hinge_B,42,5,33,46,playing synthesizer,wind noise,True,True,1
hinge_B,42,5,33,47,playing synthesizer,"playing steel guitar, slide guitar",True,True,1
hinge_B,42,5,33,49,playing synthesizer,playing harp,True,True,1
hinge_B,42,5,34,2,cat purring,"heart sounds, heartbeat",True,True,1
hinge_B,42,5,34,6,cat purring,"child speech, kid speaking",True,True,3
hinge_B,42,5,34,10,cat purring,playing bass drum,True,True,1
hinge_B,42,5,34,17,cat purring,people whispering,True,True,11
hinge_B,42,5,34,27,cat purring,playing bass guitar,True,True,1
hinge_B,42,5,34,28,cat purring,goose honking,True,True,4
hinge_B,42,5,34,33,cat purring,playing synthesizer,True,True,1
hinge_B,42,5,34,34,cat purring,cat purring,True,True,21
hinge_B,42,5,34,39,cat purring,driving motorcycle,True,True,2
hinge_B,42,5,34,40,cat purring,vacuum cleaner cleaning floors,True,True,1
hinge_B,42,5,34,43,cat purring,beat boxing,True,True,1
hinge_B,42,5,34,46,cat purring,wind noise,True,True,2
hinge_B,42,5,34,57,cat purring,mynah bird singing,True,False,1
hinge_B,42,5,35,9,skiing,lighting firecrackers,True,True,2
hinge_B,42,5,35,28,skiing,goose honking,True,True,1
hinge_B,42,5,35,35,skiing,skiing,True,True,46
hinge_B,42,5,35,41,skiing,playing squash,True,True,1
hinge_B,42,5,36,4,wood thrush calling,cap gun shooting,True,True,1
hinge_B,42,5,36,34,wood thrush calling,cat purring,True,True,1
hinge_B,42,5,36,36,wood thrush calling,wood thrush calling,True,True,34
hinge_B,42,5,36,46,wood thrush calling,wind noise,True,True,1
hinge_B,42,5,36,57,wood thrush calling,mynah bird singing,True,False,13
hinge_B,42,5,37,5,scuba diving,rope skipping,True,True,1
hinge_B,42,5,37,28,scuba diving,goose honking,True,True,1
hinge_B,42,5,37,36,scuba diving,wood thrush calling,True,True,1
hinge_B,42,5,37,37,scuba diving,scuba diving,True,True,46
hinge_B,42,5,37,42,scuba diving,slot machine,True,True,1
hinge_B,42,5,38,4,playing tambourine,cap gun shooting,True,True,2
hinge_B,42,5,38,5,playing tambourine,rope skipping,True,True,2
hinge_B,42,5,38,25,playing tambourine,bowling impact,True,True,1
hinge_B,42,5,38,38,playing tambourine,playing tambourine,True,True,33
hinge_B,42,5,38,43,playing tambourine,beat boxing,True,True,10
hinge_B,42,5,38,56,playing tambourine,arc welding,True,False,1
hinge_B,42,5,38,59,playing tambourine,playing bongo,True,False,1
hinge_B,42,5,39,6,driving motorcycle,"child speech, kid speaking",True,True,1
hinge_B,42,5,39,9,driving motorcycle,lighting firecrackers,True,True,1
hinge_B,42,5,39,16,driving motorcycle,tractor digging,True,True,2
hinge_B,42,5,39,18,driving motorcycle,lathe spinning,True,True,2
hinge_B,42,5,39,23,driving motorcycle,people cheering,True,True,1
hinge_B,42,5,39,27,driving motorcycle,playing bass guitar,True,True,3
hinge_B,42,5,39,28,driving motorcycle,goose honking,True,True,1
hinge_B,42,5,39,30,driving motorcycle,helicopter,True,True,3
hinge_B,42,5,39,39,driving motorcycle,driving motorcycle,True,True,21
hinge_B,42,5,39,40,driving motorcycle,vacuum cleaner cleaning floors,True,True,2
hinge_B,42,5,39,41,driving motorcycle,playing squash,True,True,1
hinge_B,42,5,39,43,driving motorcycle,beat boxing,True,True,1
hinge_B,42,5,39,46,driving motorcycle,wind noise,True,True,9
hinge_B,42,5,39,48,driving motorcycle,orchestra,True,True,1
hinge_B,42,5,39,56,driving motorcycle,arc welding,True,False,1
hinge_B,42,5,40,6,vacuum cleaner cleaning floors,"child speech, kid speaking",True,True,6
hinge_B,42,5,40,9,vacuum cleaner cleaning floors,lighting firecrackers,True,True,2
hinge_B,42,5,40,16,vacuum cleaner cleaning floors,tractor digging,True,True,1
hinge_B,42,5,40,18,vacuum cleaner cleaning floors,lathe spinning,True,True,9
hinge_B,42,5,40,26,vacuum cleaner cleaning floors,people marching,True,True,1
hinge_B,42,5,40,39,vacuum cleaner cleaning floors,driving motorcycle,True,True,1
hinge_B,42,5,40,40,vacuum cleaner cleaning floors,vacuum cleaner cleaning floors,True,True,29
hinge_B,42,5,40,55,vacuum cleaner cleaning floors,"subway, metro, underground",True,False,1
hinge_B,42,5,41,8,playing squash,playing table tennis,True,True,2
hinge_B,42,5,41,9,playing squash,lighting firecrackers,True,True,1
hinge_B,42,5,41,25,playing squash,bowling impact,True,True,1
hinge_B,42,5,41,41,playing squash,playing squash,True,True,46
hinge_B,42,5,42,1,slot machine,child singing,True,True,1
hinge_B,42,5,42,42,slot machine,slot machine,True,True,47
hinge_B,42,5,42,43,slot machine,beat boxing,True,True,1
hinge_B,42,5,42,48,slot machine,orchestra,True,True,1
hinge_B,42,5,43,4,beat boxing,cap gun shooting,True,True,1
hinge_B,42,5,43,5,beat boxing,rope skipping,True,True,1
hinge_B,42,5,43,7,beat boxing,baby laughter,True,True,2
hinge_B,42,5,43,25,beat boxing,bowling impact,True,True,1
hinge_B,42,5,43,26,beat boxing,people marching,True,True,2
hinge_B,42,5,43,33,beat boxing,playing synthesizer,True,True,1
hinge_B,42,5,43,38,beat boxing,playing tambourine,True,True,3
hinge_B,42,5,43,43,beat boxing,beat boxing,True,True,38
hinge_B,42,5,43,56,beat boxing,arc welding,True,False,1
hinge_B,42,5,44,11,playing cello,playing banjo,True,True,4
hinge_B,42,5,44,14,playing cello,playing french horn,True,True,1
hinge_B,42,5,44,24,playing cello,playing electronic organ,True,True,3
hinge_B,42,5,44,26,playing cello,people marching,True,True,1
hinge_B,42,5,44,27,playing cello,playing bass guitar,True,True,9
hinge_B,42,5,44,29,playing cello,playing trombone,True,True,1
hinge_B,42,5,44,31,playing cello,playing erhu,True,True,2
hinge_B,42,5,44,33,playing cello,playing synthesizer,True,True,1
hinge_B,42,5,44,38,playing cello,playing tambourine,True,True,1
hinge_B,42,5,44,43,playing cello,beat boxing,True,True,1
hinge_B,42,5,44,44,playing cello,playing cello,True,True,17
hinge_B,42,5,44,48,playing cello,orchestra,True,True,3
hinge_B,42,5,44,49,playing cello,playing harp,True,True,1
hinge_B,42,5,44,54,playing cello,playing saxophone,True,False,5
hinge_B,42,5,45,3,playing cornet,singing bowl,True,True,1
hinge_B,42,5,45,14,playing cornet,playing french horn,True,True,4
hinge_B,42,5,45,19,playing cornet,playing theremin,True,True,1
hinge_B,42,5,45,24,playing cornet,playing electronic organ,True,True,2
hinge_B,42,5,45,31,playing cornet,playing erhu,True,True,2
hinge_B,42,5,45,33,playing cornet,playing synthesizer,True,True,1
hinge_B,42,5,45,45,playing cornet,playing cornet,True,True,36
hinge_B,42,5,45,54,playing cornet,playing saxophone,True,False,3
hinge_B,42,5,46,4,wind noise,cap gun shooting,True,True,1
hinge_B,42,5,46,8,wind noise,playing table tennis,True,True,1
hinge_B,42,5,46,9,wind noise,lighting firecrackers,True,True,2
hinge_B,42,5,46,16,wind noise,tractor digging,True,True,1
hinge_B,42,5,46,17,wind noise,people whispering,True,True,1
hinge_B,42,5,46,26,wind noise,people marching,True,True,1
hinge_B,42,5,46,28,wind noise,goose honking,True,True,2
hinge_B,42,5,46,30,wind noise,helicopter,True,True,4
hinge_B,42,5,46,33,wind noise,playing synthesizer,True,True,2
hinge_B,42,5,46,37,wind noise,scuba diving,True,True,3
hinge_B,42,5,46,38,wind noise,playing tambourine,True,True,1
hinge_B,42,5,46,39,wind noise,driving motorcycle,True,True,2
hinge_B,42,5,46,40,wind noise,vacuum cleaner cleaning floors,True,True,2
hinge_B,42,5,46,46,wind noise,wind noise,True,True,26
hinge_B,42,5,46,56,wind noise,arc welding,True,False,1
hinge_B,42,5,47,6,"playing steel guitar, slide guitar","child speech, kid speaking",True,True,2
hinge_B,42,5,47,11,"playing steel guitar, slide guitar",playing banjo,True,True,1
hinge_B,42,5,47,14,"playing steel guitar, slide guitar",playing french horn,True,True,3
hinge_B,42,5,47,21,"playing steel guitar, slide guitar",playing hammond organ,True,True,1
hinge_B,42,5,47,24,"playing steel guitar, slide guitar",playing electronic organ,True,True,4
hinge_B,42,5,47,26,"playing steel guitar, slide guitar",people marching,True,True,1
hinge_B,42,5,47,27,"playing steel guitar, slide guitar",playing bass guitar,True,True,1
hinge_B,42,5,47,29,"playing steel guitar, slide guitar",playing trombone,True,True,2
hinge_B,42,5,47,31,"playing steel guitar, slide guitar",playing erhu,True,True,1
hinge_B,42,5,47,33,"playing steel guitar, slide guitar",playing synthesizer,True,True,2
hinge_B,42,5,47,44,"playing steel guitar, slide guitar",playing cello,True,True,3
hinge_B,42,5,47,47,"playing steel guitar, slide guitar","playing steel guitar, slide guitar",True,True,27
hinge_B,42,5,47,49,"playing steel guitar, slide guitar",playing harp,True,True,1
hinge_B,42,5,47,58,"playing steel guitar, slide guitar",playing piano,True,False,1
hinge_B,42,5,48,6,orchestra,"child speech, kid speaking",True,True,1
hinge_B,42,5,48,10,orchestra,playing bass drum,True,True,1
hinge_B,42,5,48,11,orchestra,playing banjo,True,True,1
hinge_B,42,5,48,19,orchestra,playing theremin,True,True,1
hinge_B,42,5,48,21,orchestra,playing hammond organ,True,True,1
hinge_B,42,5,48,23,orchestra,people cheering,True,True,1
hinge_B,42,5,48,24,orchestra,playing electronic organ,True,True,2
hinge_B,42,5,48,29,orchestra,playing trombone,True,True,3
hinge_B,42,5,48,31,orchestra,playing erhu,True,True,1
hinge_B,42,5,48,33,orchestra,playing synthesizer,True,True,2
hinge_B,42,5,48,43,orchestra,beat boxing,True,True,1
hinge_B,42,5,48,44,orchestra,playing cello,True,True,4
hinge_B,42,5,48,48,orchestra,orchestra,True,True,28
hinge_B,42,5,48,54,orchestra,playing saxophone,True,False,3
hinge_B,42,5,49,6,playing harp,"child speech, kid speaking",True,True,1
hinge_B,42,5,49,11,playing harp,playing banjo,True,True,4
hinge_B,42,5,49,21,playing harp,playing hammond organ,True,True,1
hinge_B,42,5,49,24,playing harp,playing electronic organ,True,True,3
hinge_B,42,5,49,27,playing harp,playing bass guitar,True,True,2
hinge_B,42,5,49,29,playing harp,playing trombone,True,True,1
hinge_B,42,5,49,33,playing harp,playing synthesizer,True,True,1
hinge_B,42,5,49,44,playing harp,playing cello,True,True,5
hinge_B,42,5,49,48,playing harp,orchestra,True,True,1
hinge_B,42,5,49,49,playing harp,playing harp,True,True,30
hinge_B,42,5,49,58,playing harp,playing piano,True,False,1
hinge_B,42,5,50,0,roller coaster running,playing volleyball,False,True,1
hinge_B,42,5,50,9,roller coaster running,lighting firecrackers,False,True,1
hinge_B,42,5,50,16,roller coaster running,tractor digging,False,True,1
hinge_B,42,5,50,18,roller coaster running,lathe spinning,False,True,1
hinge_B,42,5,50,22,roller coaster running,police car (siren),False,True,1
hinge_B,42,5,50,23,roller coaster running,people cheering,False,True,2
hinge_B,42,5,50,25,roller coaster running,bowling impact,False,True,3
hinge_B,42,5,50,26,roller coaster running,people marching,False,True,1
hinge_B,42,5,50,35,roller coaster running,skiing,False,True,1
hinge_B,42,5,50,40,roller coaster running,vacuum cleaner cleaning floors,False,True,1
hinge_B,42,5,50,43,roller coaster running,beat boxing,False,True,1
hinge_B,42,5,50,46,roller coaster running,wind noise,False,True,3
hinge_B,42,5,50,50,roller coaster running,roller coaster running,False,False,33
hinge_B,42,5,51,2,missile launch,"heart sounds, heartbeat",False,True,2
hinge_B,42,5,51,3,missile launch,singing bowl,False,True,1
hinge_B,42,5,51,4,missile launch,cap gun shooting,False,True,2
hinge_B,42,5,51,8,missile launch,playing table tennis,False,True,2
hinge_B,42,5,51,9,missile launch,lighting firecrackers,False,True,4
hinge_B,42,5,51,12,missile launch,fire truck siren,False,True,1
hinge_B,42,5,51,16,missile launch,tractor digging,False,True,1
hinge_B,42,5,51,26,missile launch,people marching,False,True,1
hinge_B,42,5,51,30,missile launch,helicopter,False,True,1
hinge_B,42,5,51,35,missile launch,skiing,False,True,1
hinge_B,42,5,51,39,missile launch,driving motorcycle,False,True,1
hinge_B,42,5,51,40,missile launch,vacuum cleaner cleaning floors,False,True,3
hinge_B,42,5,51,43,missile launch,beat boxing,False,True,1
hinge_B,42,5,51,46,missile launch,wind noise,False,True,9
hinge_B,42,5,51,51,missile launch,missile launch,False,False,19
hinge_B,42,5,51,53,missile launch,airplane flyby,False,False,1
hinge_B,42,5,52,1,"playing marimba, xylophone",child singing,False,True,1
hinge_B,42,5,52,6,"playing marimba, xylophone","child speech, kid speaking",False,True,3
hinge_B,42,5,52,7,"playing marimba, xylophone",baby laughter,False,True,2
hinge_B,42,5,52,10,"playing marimba, xylophone",playing bass drum,False,True,3
hinge_B,42,5,52,20,"playing marimba, xylophone",playing glockenspiel,False,True,3
hinge_B,42,5,52,24,"playing marimba, xylophone",playing electronic organ,False,True,2
hinge_B,42,5,52,27,"playing marimba, xylophone",playing bass guitar,False,True,3
hinge_B,42,5,52,28,"playing marimba, xylophone",goose honking,False,True,2
hinge_B,42,5,52,29,"playing marimba, xylophone",playing trombone,False,True,1
hinge_B,42,5,52,32,"playing marimba, xylophone",dog howling,False,True,2
hinge_B,42,5,52,33,"playing marimba, xylophone",playing synthesizer,False,True,7
hinge_B,42,5,52,38,"playing marimba, xylophone",playing tambourine,False,True,1
hinge_B,42,5,52,42,"playing marimba, xylophone",slot machine,False,True,1
hinge_B,42,5,52,43,"playing marimba, xylophone",beat boxing,False,True,1
hinge_B,42,5,52,47,"playing marimba, xylophone","playing steel guitar, slide guitar",False,True,3
hinge_B,42,5,52,48,"playing marimba, xylophone",orchestra,False,True,2
hinge_B,42,5,52,49,"playing marimba, xylophone",playing harp,False,True,12
hinge_B,42,5,52,52,"playing marimba, xylophone","playing marimba, xylophone",False,False,1
hinge_B,42,5,53,9,airplane flyby,lighting firecrackers,False,True,1
hinge_B,42,5,53,16,airplane flyby,tractor digging,False,True,2
hinge_B,42,5,53,18,airplane flyby,lathe spinning,False,True,1
hinge_B,42,5,53,25,airplane flyby,bowling impact,False,True,1
hinge_B,42,5,53,30,airplane flyby,helicopter,False,True,3
hinge_B,42,5,53,35,airplane flyby,skiing,False,True,1
hinge_B,42,5,53,39,airplane flyby,driving motorcycle,False,True,1
hinge_B,42,5,53,40,airplane flyby,vacuum cleaner cleaning floors,False,True,1
hinge_B,42,5,53,46,airplane flyby,wind noise,False,True,8
hinge_B,42,5,53,53,airplane flyby,airplane flyby,False,False,31
hinge_B,42,5,54,1,playing saxophone,child singing,False,True,3
hinge_B,42,5,54,5,playing saxophone,rope skipping,False,True,1
hinge_B,42,5,54,11,playing saxophone,playing banjo,False,True,1
hinge_B,42,5,54,24,playing saxophone,playing electronic organ,False,True,2
hinge_B,42,5,54,27,playing saxophone,playing bass guitar,False,True,4
hinge_B,42,5,54,28,playing saxophone,goose honking,False,True,1
hinge_B,42,5,54,29,playing saxophone,playing trombone,False,True,5
hinge_B,42,5,54,31,playing saxophone,playing erhu,False,True,1
hinge_B,42,5,54,33,playing saxophone,playing synthesizer,False,True,1
hinge_B,42,5,54,38,playing saxophone,playing tambourine,False,True,1
hinge_B,42,5,54,42,playing saxophone,slot machine,False,True,1
hinge_B,42,5,54,44,playing saxophone,playing cello,False,True,5
hinge_B,42,5,54,45,playing saxophone,playing cornet,False,True,1
hinge_B,42,5,54,48,playing saxophone,orchestra,False,True,9
hinge_B,42,5,54,49,playing saxophone,playing harp,False,True,2
hinge_B,42,5,54,54,playing saxophone,playing saxophone,False,False,12
hinge_B,42,5,55,16,"subway, metro, underground",tractor digging,False,True,1
hinge_B,42,5,55,18,"subway, metro, underground",lathe spinning,False,True,3
hinge_B,42,5,55,22,"subway, metro, underground",police car (siren),False,True,3
hinge_B,42,5,55,23,"subway, metro, underground",people cheering,False,True,3
hinge_B,42,5,55,25,"subway, metro, underground",bowling impact,False,True,1
hinge_B,42,5,55,26,"subway, metro, underground",people marching,False,True,2
hinge_B,42,5,55,30,"subway, metro, underground",helicopter,False,True,3
hinge_B,42,5,55,39,"subway, metro, underground",driving motorcycle,False,True,1
hinge_B,42,5,55,40,"subway, metro, underground",vacuum cleaner cleaning floors,False,True,1
hinge_B,42,5,55,43,"subway, metro, underground",beat boxing,False,True,1
hinge_B,42,5,55,46,"subway, metro, underground",wind noise,False,True,6
hinge_B,42,5,55,48,"subway, metro, underground",orchestra,False,True,1
hinge_B,42,5,55,55,"subway, metro, underground","subway, metro, underground",False,False,24
hinge_B,42,5,56,4,arc welding,cap gun shooting,False,True,2
hinge_B,42,5,56,9,arc welding,lighting firecrackers,False,True,3
hinge_B,42,5,56,18,arc welding,lathe spinning,False,True,4
hinge_B,42,5,56,40,arc welding,vacuum cleaner cleaning floors,False,True,7
hinge_B,42,5,56,41,arc welding,playing squash,False,True,3
hinge_B,42,5,56,43,arc welding,beat boxing,False,True,1
hinge_B,42,5,56,47,arc welding,"playing steel guitar, slide guitar",False,True,1
hinge_B,42,5,56,56,arc welding,arc welding,False,False,29
hinge_B,42,5,57,4,mynah bird singing,cap gun shooting,False,True,1
hinge_B,42,5,57,7,mynah bird singing,baby laughter,False,True,1
hinge_B,42,5,57,17,mynah bird singing,people whispering,False,True,1
hinge_B,42,5,57,19,mynah bird singing,playing theremin,False,True,1
hinge_B,42,5,57,20,mynah bird singing,playing glockenspiel,False,True,1
hinge_B,42,5,57,28,mynah bird singing,goose honking,False,True,2
hinge_B,42,5,57,36,mynah bird singing,wood thrush calling,False,True,25
hinge_B,42,5,57,57,mynah bird singing,mynah bird singing,False,False,18
hinge_B,42,5,58,6,playing piano,"child speech, kid speaking",False,True,1
hinge_B,42,5,58,10,playing piano,playing bass drum,False,True,1
hinge_B,42,5,58,11,playing piano,playing banjo,False,True,1
hinge_B,42,5,58,14,playing piano,playing french horn,False,True,5
hinge_B,42,5,58,21,playing piano,playing hammond organ,False,True,1
hinge_B,42,5,58,24,playing piano,playing electronic organ,False,True,2
hinge_B,42,5,58,27,playing piano,playing bass guitar,False,True,7
hinge_B,42,5,58,29,playing piano,playing trombone,False,True,1
hinge_B,42,5,58,31,playing piano,playing erhu,False,True,1
hinge_B,42,5,58,32,playing piano,dog howling,False,True,2
hinge_B,42,5,58,33,playing piano,playing synthesizer,False,True,6
hinge_B,42,5,58,44,playing piano,playing cello,False,True,3
hinge_B,42,5,58,48,playing piano,orchestra,False,True,3
hinge_B,42,5,58,49,playing piano,playing harp,False,True,9
hinge_B,42,5,58,58,playing piano,playing piano,False,False,7
hinge_B,42,5,59,4,playing bongo,cap gun shooting,False,True,1
hinge_B,42,5,59,10,playing bongo,playing bass drum,False,True,5
hinge_B,42,5,59,11,playing bongo,playing banjo,False,True,1
hinge_B,42,5,59,17,playing bongo,people whispering,False,True,1
hinge_B,42,5,59,27,playing bongo,playing bass guitar,False,True,1
hinge_B,42,5,59,33,playing bongo,playing synthesizer,False,True,2
hinge_B,42,5,59,38,playing bongo,playing tambourine,False,True,5
hinge_B,42,5,59,43,playing bongo,beat boxing,False,True,3
hinge_B,42,5,59,47,playing bongo,"playing steel guitar, slide guitar",False,True,4
hinge_B,42,5,59,57,playing bongo,mynah bird singing,False,False,1
hinge_B,42,5,59,59,playing bongo,playing bongo,False,False,26
hinge_B,42,9,0,0,playing volleyball,playing volleyball,True,True,25
hinge_B,42,9,0,1,playing volleyball,child singing,True,True,1
hinge_B,42,9,0,6,playing volleyball,"child speech, kid speaking",True,True,1
hinge_B,42,9,0,8,playing volleyball,playing table tennis,True,True,2
hinge_B,42,9,0,35,playing volleyball,skiing,True,True,1
hinge_B,42,9,0,41,playing volleyball,playing squash,True,True,2
hinge_B,42,9,0,60,playing volleyball,"pigeon, dove cooing",True,True,1
hinge_B,42,9,0,62,playing volleyball,people crowd,True,True,1
hinge_B,42,9,0,72,playing volleyball,pheasant crowing,True,True,3
hinge_B,42,9,0,86,playing volleyball,police radio chatter,True,True,5
hinge_B,42,9,0,98,playing volleyball,people booing,True,False,8
hinge_B,42,9,1,1,child singing,child singing,True,True,8
hinge_B,42,9,1,6,child singing,"child speech, kid speaking",True,True,2
hinge_B,42,9,1,17,child singing,people whispering,True,True,1
hinge_B,42,9,1,18,child singing,lathe spinning,True,True,1
hinge_B,42,9,1,21,child singing,playing hammond organ,True,True,1
hinge_B,42,9,1,29,child singing,playing trombone,True,True,1
hinge_B,42,9,1,44,child singing,playing cello,True,True,1
hinge_B,42,9,1,47,child singing,"playing steel guitar, slide guitar",True,True,2
hinge_B,42,9,1,54,child singing,playing saxophone,True,True,4
hinge_B,42,9,1,59,child singing,playing bongo,True,True,1
hinge_B,42,9,1,62,child singing,people crowd,True,True,2
hinge_B,42,9,1,65,child singing,"female speech, woman speaking",True,True,3
hinge_B,42,9,1,69,child singing,playing flute,True,True,3
hinge_B,42,9,1,70,child singing,playing acoustic guitar,True,True,1
hinge_B,42,9,1,74,child singing,yodelling,True,True,6
hinge_B,42,9,1,85,child singing,playing bassoon,True,True,1
hinge_B,42,9,1,87,child singing,playing sitar,True,True,3
hinge_B,42,9,1,88,child singing,playing electric guitar,True,True,4
hinge_B,42,9,1,89,child singing,people whistling,True,True,4
hinge_B,42,9,1,91,child singing,"male speech, man speaking",True,False,1
hinge_B,42,9,2,2,"heart sounds, heartbeat","heart sounds, heartbeat",True,True,35
hinge_B,42,9,2,22,"heart sounds, heartbeat",police car (siren),True,True,1
hinge_B,42,9,2,60,"heart sounds, heartbeat","pigeon, dove cooing",True,True,1
hinge_B,42,9,2,66,"heart sounds, heartbeat",volcano explosion,True,True,3
hinge_B,42,9,2,73,"heart sounds, heartbeat",woodpecker pecking tree,True,True,2
hinge_B,42,9,2,77,"heart sounds, heartbeat",printer printing,True,True,1
hinge_B,42,9,2,86,"heart sounds, heartbeat",police radio chatter,True,True,1
hinge_B,42,9,2,99,"heart sounds, heartbeat",dog growling,True,False,6
hinge_B,42,9,3,3,singing bowl,singing bowl,True,True,9
hinge_B,42,9,3,6,singing bowl,"child speech, kid speaking",True,True,1
hinge_B,42,9,3,21,singing bowl,playing hammond organ,True,True,2
hinge_B,42,9,3,22,singing bowl,police car (siren),True,True,1
hinge_B,42,9,3,27,singing bowl,playing bass guitar,True,True,1
hinge_B,42,9,3,32,singing bowl,dog howling,True,True,1
hinge_B,42,9,3,33,singing bowl,playing synthesizer,True,True,1
hinge_B,42,9,3,40,singing bowl,vacuum cleaner cleaning floors,True,True,1
hinge_B,42,9,3,48,singing bowl,orchestra,True,True,1
hinge_B,42,9,3,49,singing bowl,playing harp,True,True,5
hinge_B,42,9,3,52,singing bowl,"playing marimba, xylophone",True,True,5
hinge_B,42,9,3,58,singing bowl,playing piano,True,True,1
hinge_B,42,9,3,63,singing bowl,playing vibraphone,True,True,1
hinge_B,42,9,3,65,singing bowl,"female speech, woman speaking",True,True,1
hinge_B,42,9,3,69,singing bowl,playing flute,True,True,2
hinge_B,42,9,3,70,singing bowl,playing acoustic guitar,True,True,3
hinge_B,42,9,3,77,singing bowl,printer printing,True,True,1
hinge_B,42,9,3,85,singing bowl,playing bassoon,True,True,4
hinge_B,42,9,3,87,singing bowl,playing sitar,True,True,1
hinge_B,42,9,3,88,singing bowl,playing electric guitar,True,True,3
hinge_B,42,9,3,89,singing bowl,people whistling,True,True,5
hinge_B,42,9,4,4,cap gun shooting,cap gun shooting,True,True,13
hinge_B,42,9,4,6,cap gun shooting,"child speech, kid speaking",True,True,2
hinge_B,42,9,4,10,cap gun shooting,playing bass drum,True,True,1
hinge_B,42,9,4,17,cap gun shooting,people whispering,True,True,3
hinge_B,42,9,4,25,cap gun shooting,bowling impact,True,True,1
hinge_B,42,9,4,28,cap gun shooting,goose honking,True,True,4
hinge_B,42,9,4,43,cap gun shooting,beat boxing,True,True,1
hinge_B,42,9,4,56,cap gun shooting,arc welding,True,True,2
hinge_B,42,9,4,57,cap gun shooting,mynah bird singing,True,True,1
hinge_B,42,9,4,60,cap gun shooting,"pigeon, dove cooing",True,True,5
hinge_B,42,9,4,61,cap gun shooting,"race car, auto racing",True,True,1
hinge_B,42,9,4,65,cap gun shooting,"female speech, woman speaking",True,True,2
hinge_B,42,9,4,75,cap gun shooting,sharpen knife,True,True,3
hinge_B,42,9,4,77,cap gun shooting,printer printing,True,True,1
hinge_B,42,9,4,81,cap gun shooting,fireworks banging,True,True,1
hinge_B,42,9,4,84,cap gun shooting,stream burbling,True,True,1
hinge_B,42,9,4,91,cap gun shooting,"male speech, man speaking",True,False,8
hinge_B,42,9,5,1,rope skipping,child singing,True,True,1
hinge_B,42,9,5,5,rope skipping,rope skipping,True,True,5
hinge_B,42,9,5,8,rope skipping,playing table tennis,True,True,2
hinge_B,42,9,5,10,rope skipping,playing bass drum,True,True,2
hinge_B,42,9,5,23,rope skipping,people cheering,True,True,1
hinge_B,42,9,5,25,rope skipping,bowling impact,True,True,3
hinge_B,42,9,5,35,rope skipping,skiing,True,True,1
hinge_B,42,9,5,41,rope skipping,playing squash,True,True,5
hinge_B,42,9,5,56,rope skipping,arc welding,True,True,1
hinge_B,42,9,5,62,rope skipping,people crowd,True,True,1
hinge_B,42,9,5,72,rope skipping,pheasant crowing,True,True,1
hinge_B,42,9,5,74,rope skipping,yodelling,True,True,2
hinge_B,42,9,5,75,rope skipping,sharpen knife,True,True,2
hinge_B,42,9,5,80,rope skipping,"electric shaver, electric razor shaving",True,True,1
hinge_B,42,9,5,82,rope skipping,tap dancing,True,True,22
hinge_B,42,9,6,4,"child speech, kid speaking",cap gun shooting,True,True,1
hinge_B,42,9,6,6,"child speech, kid speaking","child speech, kid speaking",True,True,11
hinge_B,42,9,6,17,"child speech, kid speaking",people whispering,True,True,2
hinge_B,42,9,6,25,"child speech, kid speaking",bowling impact,True,True,2
hinge_B,42,9,6,43,"child speech, kid speaking",beat boxing,True,True,1
hinge_B,42,9,6,54,"child speech, kid speaking",playing saxophone,True,True,1
hinge_B,42,9,6,57,"child speech, kid speaking",mynah bird singing,True,True,1
hinge_B,42,9,6,60,"child speech, kid speaking","pigeon, dove cooing",True,True,1
hinge_B,42,9,6,62,"child speech, kid speaking",people crowd,True,True,1
hinge_B,42,9,6,65,"child speech, kid speaking","female speech, woman speaking",True,True,12
hinge_B,42,9,6,77,"child speech, kid speaking",printer printing,True,True,1
hinge_B,42,9,6,79,"child speech, kid speaking",lawn mowing,True,True,1
hinge_B,42,9,6,86,"child speech, kid speaking",police radio chatter,True,True,3
hinge_B,42,9,6,88,"child speech, kid speaking",playing electric guitar,True,True,1
hinge_B,42,9,6,89,"child speech, kid speaking",people whistling,True,True,3
hinge_B,42,9,6,91,"child speech, kid speaking","male speech, man speaking",True,False,7
hinge_B,42,9,6,98,"child speech, kid speaking",people booing,True,False,1
hinge_B,42,9,7,6,baby laughter,"child speech, kid speaking",True,True,6
hinge_B,42,9,7,7,baby laughter,baby laughter,True,True,13
hinge_B,42,9,7,32,baby laughter,dog howling,True,True,1
hinge_B,42,9,7,38,baby laughter,playing tambourine,True,True,1
hinge_B,42,9,7,43,baby laughter,beat boxing,True,True,1
hinge_B,42,9,7,57,baby laughter,mynah bird singing,True,True,10
hinge_B,42,9,7,65,baby laughter,"female speech, woman speaking",True,True,6
hinge_B,42,9,7,89,baby laughter,people whistling,True,True,5
hinge_B,42,9,7,91,baby laughter,"male speech, man speaking",True,False,6
hinge_B,42,9,7,99,baby laughter,dog growling,True,False,1
hinge_B,42,9,8,8,playing table tennis,playing table tennis,True,True,37
hinge_B,42,9,8,17,playing table tennis,people whispering,True,True,1
hinge_B,42,9,8,25,playing table tennis,bowling impact,True,True,2
hinge_B,42,9,8,41,playing table tennis,playing squash,True,True,1
hinge_B,42,9,8,42,playing table tennis,slot machine,True,True,1
hinge_B,42,9,8,59,playing table tennis,playing bongo,True,True,1
hinge_B,42,9,8,80,playing table tennis,"electric shaver, electric razor shaving",True,True,1
hinge_B,42,9,8,82,playing table tennis,tap dancing,True,True,4
hinge_B,42,9,8,98,playing table tennis,people booing,True,False,2
hinge_B,42,9,9,4,lighting firecrackers,cap gun shooting,True,True,2
hinge_B,42,9,9,6,lighting firecrackers,"child speech, kid speaking",True,True,1
hinge_B,42,9,9,9,lighting firecrackers,lighting firecrackers,True,True,6
hinge_B,42,9,9,17,lighting firecrackers,people whispering,True,True,3
hinge_B,42,9,9,26,lighting firecrackers,people marching,True,True,1
hinge_B,42,9,9,28,lighting firecrackers,goose honking,True,True,3
hinge_B,42,9,9,33,lighting firecrackers,playing synthesizer,True,True,1
hinge_B,42,9,9,60,lighting firecrackers,"pigeon, dove cooing",True,True,2
hinge_B,42,9,9,62,lighting firecrackers,people crowd,True,True,2
hinge_B,42,9,9,66,lighting firecrackers,volcano explosion,True,True,3
hinge_B,42,9,9,72,lighting firecrackers,pheasant crowing,True,True,2
hinge_B,42,9,9,75,lighting firecrackers,sharpen knife,True,True,1
hinge_B,42,9,9,77,lighting firecrackers,printer printing,True,True,2
hinge_B,42,9,9,81,lighting firecrackers,fireworks banging,True,True,14
hinge_B,42,9,9,82,lighting firecrackers,tap dancing,True,True,1
hinge_B,42,9,9,84,lighting firecrackers,stream burbling,True,True,3
hinge_B,42,9,9,86,lighting firecrackers,police radio chatter,True,True,1
hinge_B,42,9,9,91,lighting firecrackers,"male speech, man speaking",True,False,1
hinge_B,42,9,9,96,lighting firecrackers,hail,True,False,1
hinge_B,42,9,10,2,playing bass drum,"heart sounds, heartbeat",True,True,2
hinge_B,42,9,10,10,playing bass drum,playing bass drum,True,True,26
hinge_B,42,9,10,27,playing bass drum,playing bass guitar,True,True,1
hinge_B,42,9,10,38,playing bass drum,playing tambourine,True,True,3
hinge_B,42,9,10,43,playing bass drum,beat boxing,True,True,1
hinge_B,42,9,10,59,playing bass drum,playing bongo,True,True,6
hinge_B,42,9,10,75,playing bass drum,sharpen knife,True,True,1
hinge_B,42,9,10,80,playing bass drum,"electric shaver, electric razor shaving",True,True,2
hinge_B,42,9,10,82,playing bass drum,tap dancing,True,True,6
hinge_B,42,9,10,88,playing bass drum,playing electric guitar,True,True,1
hinge_B,42,9,10,97,playing bass drum,playing cymbal,True,False,1
hinge_B,42,9,11,10,playing banjo,playing bass drum,True,True,1
hinge_B,42,9,11,11,playing banjo,playing banjo,True,True,12
hinge_B,42,9,11,17,playing banjo,people whispering,True,True,1
hinge_B,42,9,11,31,playing banjo,playing erhu,True,True,1
hinge_B,42,9,11,38,playing banjo,playing tambourine,True,True,1
hinge_B,42,9,11,52,playing banjo,"playing marimba, xylophone",True,True,2
hinge_B,42,9,11,54,playing banjo,playing saxophone,True,True,2
hinge_B,42,9,11,64,playing banjo,playing mandolin,True,True,1
hinge_B,42,9,11,65,playing banjo,"female speech, woman speaking",True,True,2
hinge_B,42,9,11,68,playing banjo,singing choir,True,True,1
hinge_B,42,9,11,70,playing banjo,playing acoustic guitar,True,True,10
hinge_B,42,9,11,76,playing banjo,"playing violin, fiddle",True,True,4
hinge_B,42,9,11,87,playing banjo,playing sitar,True,True,6
hinge_B,42,9,11,88,playing banjo,playing electric guitar,True,True,5
hinge_B,42,9,11,91,playing banjo,"male speech, man speaking",True,False,1
hinge_B,42,9,12,12,fire truck siren,fire truck siren,True,True,14
hinge_B,42,9,12,22,fire truck siren,police car (siren),True,True,24
hinge_B,42,9,12,39,fire truck siren,driving motorcycle,True,True,1
hinge_B,42,9,12,48,fire truck siren,orchestra,True,True,1
hinge_B,42,9,12,55,fire truck siren,"subway, metro, underground",True,True,3
hinge_B,42,9,12,61,fire truck siren,"race car, auto racing",True,True,2
hinge_B,42,9,12,62,fire truck siren,people crowd,True,True,1
hinge_B,42,9,12,76,fire truck siren,"playing violin, fiddle",True,True,1
hinge_B,42,9,12,86,fire truck siren,police radio chatter,True,True,1
hinge_B,42,9,12,88,fire truck siren,playing electric guitar,True,True,1
hinge_B,42,9,12,91,fire truck siren,"male speech, man speaking",True,False,1
hinge_B,42,9,13,10,playing bagpipes,playing bass drum,True,True,1
hinge_B,42,9,13,13,playing bagpipes,playing bagpipes,True,True,28
hinge_B,42,9,13,14,playing bagpipes,playing french horn,True,True,1
hinge_B,42,9,13,24,playing bagpipes,playing electronic organ,True,True,1
hinge_B,42,9,13,26,playing bagpipes,people marching,True,True,2
hinge_B,42,9,13,29,playing bagpipes,playing trombone,True,True,1
hinge_B,42,9,13,32,playing bagpipes,dog howling,True,True,1
hinge_B,42,9,13,48,playing bagpipes,orchestra,True,True,1
hinge_B,42,9,13,54,playing bagpipes,playing saxophone,True,True,2
hinge_B,42,9,13,62,playing bagpipes,people crowd,True,True,1
hinge_B,42,9,13,76,playing bagpipes,"playing violin, fiddle",True,True,5
hinge_B,42,9,13,80,playing bagpipes,"electric shaver, electric razor shaving",True,True,1
hinge_B,42,9,13,81,playing bagpipes,fireworks banging,True,True,1
hinge_B,42,9,13,87,playing bagpipes,playing sitar,True,True,1
hinge_B,42,9,13,88,playing bagpipes,playing electric guitar,True,True,3
hinge_B,42,9,14,3,playing french horn,singing bowl,True,True,1
hinge_B,42,9,14,14,playing french horn,playing french horn,True,True,7
hinge_B,42,9,14,29,playing french horn,playing trombone,True,True,4
hinge_B,42,9,14,31,playing french horn,playing erhu,True,True,1
hinge_B,42,9,14,33,playing french horn,playing synthesizer,True,True,1
hinge_B,42,9,14,44,playing french horn,playing cello,True,True,4
hinge_B,42,9,14,52,playing french horn,"playing marimba, xylophone",True,True,1
hinge_B,42,9,14,54,playing french horn,playing saxophone,True,True,3
hinge_B,42,9,14,58,playing french horn,playing piano,True,True,2
hinge_B,42,9,14,69,playing french horn,playing flute,True,True,2
hinge_B,42,9,14,70,playing french horn,playing acoustic guitar,True,True,1
hinge_B,42,9,14,76,playing french horn,"playing violin, fiddle",True,True,4
hinge_B,42,9,14,85,playing french horn,playing bassoon,True,True,11
hinge_B,42,9,14,87,playing french horn,playing sitar,True,True,1
hinge_B,42,9,14,88,playing french horn,playing electric guitar,True,True,4
hinge_B,42,9,14,89,playing french horn,people whistling,True,True,2
hinge_B,42,9,14,94,playing french horn,playing clarinet,True,False,1
hinge_B,42,9,15,3,civil defense siren,singing bowl,True,True,3
hinge_B,42,9,15,12,civil defense siren,fire truck siren,True,True,3
hinge_B,42,9,15,15,civil defense siren,civil defense siren,True,True,26
hinge_B,42,9,15,22,civil defense siren,police car (siren),True,True,1
hinge_B,42,9,15,24,civil defense siren,playing electronic organ,True,True,1
hinge_B,42,9,15,31,civil defense siren,playing erhu,True,True,2
hinge_B,42,9,15,32,civil defense siren,dog howling,True,True,1
hinge_B,42,9,15,45,civil defense siren,playing cornet,True,True,1
hinge_B,42,9,15,48,civil defense siren,orchestra,True,True,1
hinge_B,42,9,15,54,civil defense siren,playing saxophone,True,True,1
hinge_B,42,9,15,78,civil defense siren,planing timber,True,True,4
hinge_B,42,9,15,85,civil defense siren,playing bassoon,True,True,2
hinge_B,42,9,15,88,civil defense siren,playing electric guitar,True,True,3
hinge_B,42,9,15,89,civil defense siren,people whistling,True,True,1
hinge_B,42,9,16,16,tractor digging,tractor digging,True,True,29
hinge_B,42,9,16,18,tractor digging,lathe spinning,True,True,1
hinge_B,42,9,16,39,tractor digging,driving motorcycle,True,True,2
hinge_B,42,9,16,51,tractor digging,missile launch,True,True,1
hinge_B,42,9,16,55,tractor digging,"subway, metro, underground",True,True,2
hinge_B,42,9,16,79,tractor digging,lawn mowing,True,True,11
hinge_B,42,9,16,84,tractor digging,stream burbling,True,True,3
hinge_B,42,9,16,98,tractor digging,people booing,True,False,1
hinge_B,42,9,17,6,people whispering,"child speech, kid speaking",True,True,3
hinge_B,42,9,17,17,people whispering,people whispering,True,True,44
hinge_B,42,9,17,34,people whispering,cat purring,True,True,2
hinge_B,42,9,17,77,people whispering,printer printing,True,True,1
hinge_B,42,9,18,16,lathe spinning,tractor digging,True,True,1
hinge_B,42,9,18,18,lathe spinning,lathe spinning,True,True,30
hinge_B,42,9,18,30,lathe spinning,helicopter,True,True,2
hinge_B,42,9,18,50,lathe spinning,roller coaster running,True,True,1
hinge_B,42,9,18,55,lathe spinning,"subway, metro, underground",True,True,1
hinge_B,42,9,18,61,lathe spinning,"race car, auto racing",True,True,2
hinge_B,42,9,18,75,lathe spinning,sharpen knife,True,True,2
hinge_B,42,9,18,79,lathe spinning,lawn mowing,True,True,1
hinge_B,42,9,18,80,lathe spinning,"electric shaver, electric razor shaving",True,True,9
hinge_B,42,9,18,82,lathe spinning,tap dancing,True,True,1
hinge_B,42,9,19,1,playing theremin,child singing,True,True,1
hinge_B,42,9,19,3,playing theremin,singing bowl,True,True,1
hinge_B,42,9,19,12,playing theremin,fire truck siren,True,True,1
hinge_B,42,9,19,15,playing theremin,civil defense siren,True,True,1
hinge_B,42,9,19,19,playing theremin,playing theremin,True,True,5
hinge_B,42,9,19,21,playing theremin,playing hammond organ,True,True,1
hinge_B,42,9,19,24,playing theremin,playing electronic organ,True,True,3
hinge_B,42,9,19,26,playing theremin,people marching,True,True,1
hinge_B,42,9,19,27,playing theremin,playing bass guitar,True,True,1
hinge_B,42,9,19,29,playing theremin,playing trombone,True,True,1
hinge_B,42,9,19,31,playing theremin,playing erhu,True,True,1
hinge_B,42,9,19,33,playing theremin,playing synthesizer,True,True,2
hinge_B,42,9,19,44,playing theremin,playing cello,True,True,1
hinge_B,42,9,19,49,playing theremin,playing harp,True,True,4
hinge_B,42,9,19,52,playing theremin,"playing marimba, xylophone",True,True,6
hinge_B,42,9,19,55,playing theremin,"subway, metro, underground",True,True,1
hinge_B,42,9,19,65,playing theremin,"female speech, woman speaking",True,True,2
hinge_B,42,9,19,69,playing theremin,playing flute,True,True,2
hinge_B,42,9,19,80,playing theremin,"electric shaver, electric razor shaving",True,True,1
hinge_B,42,9,19,82,playing theremin,tap dancing,True,True,1
hinge_B,42,9,19,85,playing theremin,playing bassoon,True,True,4
hinge_B,42,9,19,87,playing theremin,playing sitar,True,True,1
hinge_B,42,9,19,88,playing theremin,playing electric guitar,True,True,5
hinge_B,42,9,19,89,playing theremin,people whistling,True,True,2
hinge_B,42,9,19,90,playing theremin,playing double bass,True,False,1
hinge_B,42,9,20,11,playing glockenspiel,playing banjo,True,True,1
hinge_B,42,9,20,19,playing glockenspiel,playing theremin,True,True,1
hinge_B,42,9,20,20,playing glockenspiel,playing glockenspiel,True,True,15
hinge_B,42,9,20,22,playing glockenspiel,police car (siren),True,True,1
hinge_B,42,9,20,31,playing glockenspiel,playing erhu,True,True,3
hinge_B,42,9,20,47,playing glockenspiel,"playing steel guitar, slide guitar",True,True,6
hinge_B,42,9,20,49,playing glockenspiel,playing harp,True,True,2
hinge_B,42,9,20,52,playing glockenspiel,"playing marimba, xylophone",True,True,2
hinge_B,42,9,20,58,playing glockenspiel,playing piano,True,True,1
hinge_B,42,9,20,63,playing glockenspiel,playing vibraphone,True,True,5
hinge_B,42,9,20,64,playing glockenspiel,playing mandolin,True,True,3
hinge_B,42,9,20,71,playing glockenspiel,canary calling,True,True,1
hinge_B,42,9,20,82,playing glockenspiel,tap dancing,True,True,1
hinge_B,42,9,20,85,playing glockenspiel,playing bassoon,True,True,4
hinge_B,42,9,20,89,playing glockenspiel,people whistling,True,True,1
hinge_B,42,9,20,93,playing glockenspiel,playing tabla,True,False,3
hinge_B,42,9,21,10,playing hammond organ,playing bass drum,True,True,1
hinge_B,42,9,21,11,playing hammond organ,playing banjo,True,True,1
hinge_B,42,9,21,14,playing hammond organ,playing french horn,True,True,2
hinge_B,42,9,21,21,playing hammond organ,playing hammond organ,True,True,9
hinge_B,42,9,21,24,playing hammond organ,playing electronic organ,True,True,5
hinge_B,42,9,21,27,playing hammond organ,playing bass guitar,True,True,2
hinge_B,42,9,21,42,playing hammond organ,slot machine,True,True,1
hinge_B,42,9,21,45,playing hammond organ,playing cornet,True,True,1
hinge_B,42,9,21,48,playing hammond organ,orchestra,True,True,1
hinge_B,42,9,21,49,playing hammond organ,playing harp,True,True,1
hinge_B,42,9,21,52,playing hammond organ,"playing marimba, xylophone",True,True,4
hinge_B,42,9,21,54,playing hammond organ,playing saxophone,True,True,1
hinge_B,42,9,21,58,playing hammond organ,playing piano,True,True,2
hinge_B,42,9,21,69,playing hammond organ,playing flute,True,True,1
hinge_B,42,9,21,70,playing hammond organ,playing acoustic guitar,True,True,1
hinge_B,42,9,21,76,playing hammond organ,"playing violin, fiddle",True,True,3
hinge_B,42,9,21,80,playing hammond organ,"electric shaver, electric razor shaving",True,True,1
hinge_B,42,9,21,85,playing hammond organ,playing bassoon,True,True,2
hinge_B,42,9,21,87,playing hammond organ,playing sitar,True,True,1
hinge_B,42,9,21,88,playing hammond organ,playing electric guitar,True,True,8
hinge_B,42,9,21,89,playing hammond organ,people whistling,True,True,1
hinge_B,42,9,21,92,playing hammond organ,playing accordion,True,False,1
hinge_B,42,9,22,6,police car (siren),"child speech, kid speaking",True,True,1
hinge_B,42,9,22,12,police car (siren),fire truck siren,True,True,1
hinge_B,42,9,22,21,police car (siren),playing hammond organ,True,True,2
hinge_B,42,9,22,22,police car (siren),police car (siren),True,True,22
hinge_B,42,9,22,23,police car (siren),people cheering,True,True,1
hinge_B,42,9,22,32,police car (siren),dog howling,True,True,4
hinge_B,42,9,22,46,police car (siren),wind noise,True,True,1
hinge_B,42,9,22,48,police car (siren),orchestra,True,True,1
hinge_B,42,9,22,50,police car (siren),roller coaster running,True,True,2
hinge_B,42,9,22,53,police car (siren),airplane flyby,True,True,1
hinge_B,42,9,22,55,police car (siren),"subway, metro, underground",True,True,2
hinge_B,42,9,22,69,police car (siren),playing flute,True,True,1
hinge_B,42,9,22,86,police car (siren),police radio chatter,True,True,7
hinge_B,42,9,22,89,police car (siren),people whistling,True,True,4
hinge_B,42,9,23,8,people cheering,playing table tennis,True,True,1
hinge_B,42,9,23,12,people cheering,fire truck siren,True,True,1
hinge_B,42,9,23,18,people cheering,lathe spinning,True,True,2
hinge_B,42,9,23,23,people cheering,people cheering,True,True,10
hinge_B,42,9,23,40,people cheering,vacuum cleaner cleaning floors,True,True,1
hinge_B,42,9,23,62,people cheering,people crowd,True,True,17
hinge_B,42,9,23,79,people cheering,lawn mowing,True,True,1
hinge_B,42,9,23,82,people cheering,tap dancing,True,True,3
hinge_B,42,9,23,88,people cheering,playing electric guitar,True,True,1
hinge_B,42,9,23,98,people cheering,people booing,True,False,13
hinge_B,42,9,24,10,playing electronic organ,playing bass drum,True,True,1
hinge_B,42,9,24,11,playing electronic organ,playing banjo,True,True,1
hinge_B,42,9,24,14,playing electronic organ,playing french horn,True,True,1
hinge_B,42,9,24,21,playing electronic organ,playing hammond organ,True,True,4
hinge_B,42,9,24,24,playing electronic organ,playing electronic organ,True,True,6
hinge_B,42,9,24,27,playing electronic organ,playing bass guitar,True,True,1
hinge_B,42,9,24,29,playing electronic organ,playing trombone,True,True,1
hinge_B,42,9,24,33,playing electronic organ,playing synthesizer,True,True,1
hinge_B,42,9,24,42,playing electronic organ,slot machine,True,True,1
hinge_B,42,9,24,44,playing electronic organ,playing cello,True,True,1
hinge_B,42,9,24,48,playing electronic organ,orchestra,True,True,3
hinge_B,42,9,24,52,playing electronic organ,"playing marimba, xylophone",True,True,2
hinge_B,42,9,24,58,playing electronic organ,playing piano,True,True,3
hinge_B,42,9,24,70,playing electronic organ,playing acoustic guitar,True,True,4
hinge_B,42,9,24,76,playing electronic organ,"playing violin, fiddle",True,True,4
hinge_B,42,9,24,87,playing electronic organ,playing sitar,True,True,1
hinge_B,42,9,24,88,playing electronic organ,playing electric guitar,True,True,14
hinge_B,42,9,24,89,playing electronic organ,people whistling,True,True,1
hinge_B,42,9,25,4,bowling impact,cap gun shooting,True,True,1
hinge_B,42,9,25,25,bowling impact,bowling impact,True,True,38
hinge_B,42,9,25,41,bowling impact,playing squash,True,True,3
hinge_B,42,9,25,50,bowling impact,roller coaster running,True,True,1
hinge_B,42,9,25,74,bowling impact,yodelling,True,True,1
hinge_B,42,9,25,75,bowling impact,sharpen knife,True,True,1
hinge_B,42,9,25,77,bowling impact,printer printing,True,True,1
hinge_B,42,9,25,82,bowling impact,tap dancing,True,True,1
hinge_B,42,9,25,98,bowling impact,people booing,True,False,3
hinge_B,42,9,26,0,people marching,playing volleyball,True,True,1
hinge_B,42,9,26,4,people marching,cap gun shooting,True,True,2
hinge_B,42,9,26,10,people marching,playing bass drum,True,True,1
hinge_B,42,9,26,23,people marching,people cheering,True,True,3
hinge_B,42,9,26,25,people marching,bowling impact,True,True,2
hinge_B,42,9,26,26,people marching,people marching,True,True,13
hinge_B,42,9,26,35,people marching,skiing,True,True,1
hinge_B,42,9,26,42,people marching,slot machine,True,True,1
hinge_B,42,9,26,43,people marching,beat boxing,True,True,5
hinge_B,42,9,26,50,people marching,roller coaster running,True,True,1
hinge_B,42,9,26,62,people marching,people crowd,True,True,2
hinge_B,42,9,26,68,people marching,singing choir,True,True,1
hinge_B,42,9,26,74,people marching,yodelling,True,True,1
hinge_B,42,9,26,77,people marching,printer printing,True,True,1
hinge_B,42,9,26,80,people marching,"electric shaver, electric razor shaving",True,True,1
hinge_B,42,9,26,82,people marching,tap dancing,True,True,8
hinge_B,42,9,26,86,people marching,police radio chatter,True,True,1
hinge_B,42,9,26,88,people marching,playing electric guitar,True,True,1
hinge_B,42,9,26,90,people marching,playing double bass,True,False,1
hinge_B,42,9,26,96,people marching,hail,True,False,1
hinge_B,42,9,26,98,people marching,people booing,True,False,2
hinge_B,42,9,27,10,playing bass guitar,playing bass drum,True,True,2
hinge_B,42,9,27,24,playing bass guitar,playing electronic organ,True,True,1
hinge_B,42,9,27,27,playing bass guitar,playing bass guitar,True,True,8
hinge_B,42,9,27,29,playing bass guitar,playing trombone,True,True,1
hinge_B,42,9,27,58,playing bass guitar,playing piano,True,True,1
hinge_B,42,9,27,59,playing bass guitar,playing bongo,True,True,1
hinge_B,42,9,27,65,playing bass guitar,"female speech, woman speaking",True,True,1
hinge_B,42,9,27,70,playing bass guitar,playing acoustic guitar,True,True,17
hinge_B,42,9,27,83,playing bass guitar,tapping guitar,True,True,1
hinge_B,42,9,27,87,playing bass guitar,playing sitar,True,True,1
hinge_B,42,9,27,88,playing bass guitar,playing electric guitar,True,True,13
hinge_B,42,9,27,90,playing bass guitar,playing double bass,True,False,2
hinge_B,42,9,27,91,playing bass guitar,"male speech, man speaking",True,False,1
hinge_B,42,9,28,0,goose honking,playing volleyball,True,True,1
hinge_B,42,9,28,4,goose honking,cap gun shooting,True,True,1
hinge_B,42,9,28,26,goose honking,people marching,True,True,1
hinge_B,42,9,28,28,goose honking,goose honking,True,True,13
hinge_B,42,9,28,30,goose honking,helicopter,True,True,3
hinge_B,42,9,28,50,goose honking,roller coaster running,True,True,2
hinge_B,42,9,28,53,goose honking,airplane flyby,True,True,2
hinge_B,42,9,28,57,goose honking,mynah bird singing,True,True,1
hinge_B,42,9,28,60,goose honking,"pigeon, dove cooing",True,True,4
hinge_B,42,9,28,65,goose honking,"female speech, woman speaking",True,True,1
hinge_B,42,9,28,73,goose honking,woodpecker pecking tree,True,True,1
hinge_B,42,9,28,77,goose honking,printer printing,True,True,2
hinge_B,42,9,28,79,goose honking,lawn mowing,True,True,2
hinge_B,42,9,28,81,goose honking,fireworks banging,True,True,1
hinge_B,42,9,28,84,goose honking,stream burbling,True,True,4
hinge_B,42,9,28,86,goose honking,police radio chatter,True,True,2
hinge_B,42,9,28,89,goose honking,people whistling,True,True,3
hinge_B,42,9,28,91,goose honking,"male speech, man speaking",True,False,5
hinge_B,42,9,28,98,goose honking,people booing,True,False,1
hinge_B,42,9,29,11,playing trombone,playing banjo,True,True,2
hinge_B,42,9,29,14,playing trombone,playing french horn,True,True,3
hinge_B,42,9,29,15,playing trombone,civil defense siren,True,True,1
hinge_B,42,9,29,25,playing trombone,bowling impact,True,True,1
hinge_B,42,9,29,27,playing trombone,playing bass guitar,True,True,1
hinge_B,42,9,29,28,playing trombone,goose honking,True,True,1
hinge_B,42,9,29,29,playing trombone,playing trombone,True,True,15
hinge_B,42,9,29,43,playing trombone,beat boxing,True,True,2
hinge_B,42,9,29,45,playing trombone,playing cornet,True,True,1
hinge_B,42,9,29,48,playing trombone,orchestra,True,True,1
hinge_B,42,9,29,54,playing trombone,playing saxophone,True,True,3
hinge_B,42,9,29,58,playing trombone,playing piano,True,True,1
hinge_B,42,9,29,64,playing trombone,playing mandolin,True,True,1
hinge_B,42,9,29,65,playing trombone,"female speech, woman speaking",True,True,2
hinge_B,42,9,29,76,playing trombone,"playing violin, fiddle",True,True,1
hinge_B,42,9,29,82,playing trombone,tap dancing,True,True,1
hinge_B,42,9,29,85,playing trombone,playing bassoon,True,True,8
hinge_B,42,9,29,88,playing trombone,playing electric guitar,True,True,5
hinge_B,42,9,30,16,helicopter,tractor digging,True,True,1
hinge_B,42,9,30,28,helicopter,goose honking,True,True,2
hinge_B,42,9,30,30,helicopter,helicopter,True,True,17
hinge_B,42,9,30,39,helicopter,driving motorcycle,True,True,2
hinge_B,42,9,30,43,helicopter,beat boxing,True,True,1
hinge_B,42,9,30,46,helicopter,wind noise,True,True,6
hinge_B,42,9,30,50,helicopter,roller coaster running,True,True,3
hinge_B,42,9,30,53,helicopter,airplane flyby,True,True,2
hinge_B,42,9,30,55,helicopter,"subway, metro, underground",True,True,5
hinge_B,42,9,30,61,helicopter,"race car, auto racing",True,True,3
hinge_B,42,9,30,77,helicopter,printer printing,True,True,2
hinge_B,42,9,30,79,helicopter,lawn mowing,True,True,3
hinge_B,42,9,30,88,helicopter,playing electric guitar,True,True,1
hinge_B,42,9,30,96,helicopter,hail,True,False,1
hinge_B,42,9,30,99,helicopter,dog growling,True,False,1
hinge_B,42,9,31,1,playing erhu,child singing,True,True,2
hinge_B,42,9,31,13,playing erhu,playing bagpipes,True,True,1
hinge_B,42,9,31,19,playing erhu,playing theremin,True,True,1
hinge_B,42,9,31,24,playing erhu,playing electronic organ,True,True,1
hinge_B,42,9,31,31,playing erhu,playing erhu,True,True,30
hinge_B,42,9,31,32,playing erhu,dog howling,True,True,1
hinge_B,42,9,31,45,playing erhu,playing cornet,True,True,2
hinge_B,42,9,31,48,playing erhu,orchestra,True,True,1
hinge_B,42,9,31,69,playing erhu,playing flute,True,True,3
hinge_B,42,9,31,74,playing erhu,yodelling,True,True,4
hinge_B,42,9,31,83,playing erhu,tapping guitar,True,True,1
hinge_B,42,9,31,87,playing erhu,playing sitar,True,True,1
hinge_B,42,9,31,88,playing erhu,playing electric guitar,True,True,1
hinge_B,42,9,31,94,playing erhu,playing clarinet,True,False,1
hinge_B,42,9,32,6,dog howling,"child speech, kid speaking",True,True,5
hinge_B,42,9,32,7,dog howling,baby laughter,True,True,1
hinge_B,42,9,32,22,dog howling,police car (siren),True,True,2
hinge_B,42,9,32,28,dog howling,goose honking,True,True,2
hinge_B,42,9,32,32,dog howling,dog howling,True,True,13
hinge_B,42,9,32,45,dog howling,playing cornet,True,True,1
hinge_B,42,9,32,52,dog howling,"playing marimba, xylophone",True,True,2
hinge_B,42,9,32,65,dog howling,"female speech, woman speaking",True,True,3
hinge_B,42,9,32,69,dog howling,playing flute,True,True,2
hinge_B,42,9,32,71,dog howling,canary calling,True,True,1
hinge_B,42,9,32,86,dog howling,police radio chatter,True,True,1
hinge_B,42,9,32,88,dog howling,playing electric guitar,True,True,1
hinge_B,42,9,32,89,dog howling,people whistling,True,True,16
hinge_B,42,9,33,3,playing synthesizer,singing bowl,True,True,1
hinge_B,42,9,33,10,playing synthesizer,playing bass drum,True,True,9
hinge_B,42,9,33,17,playing synthesizer,people whispering,True,True,1
hinge_B,42,9,33,21,playing synthesizer,playing hammond organ,True,True,1
hinge_B,42,9,33,22,playing synthesizer,police car (siren),True,True,2
hinge_B,42,9,33,24,playing synthesizer,playing electronic organ,True,True,1
hinge_B,42,9,33,27,playing synthesizer,playing bass guitar,True,True,3
hinge_B,42,9,33,33,playing synthesizer,playing synthesizer,True,True,6
hinge_B,42,9,33,39,playing synthesizer,driving motorcycle,True,True,1
hinge_B,42,9,33,43,playing synthesizer,beat boxing,True,True,3
hinge_B,42,9,33,52,playing synthesizer,"playing marimba, xylophone",True,True,1
hinge_B,42,9,33,54,playing synthesizer,playing saxophone,True,True,2
hinge_B,42,9,33,56,playing synthesizer,arc welding,True,True,1
hinge_B,42,9,33,59,playing synthesizer,playing bongo,True,True,2
hinge_B,42,9,33,61,playing synthesizer,"race car, auto racing",True,True,1
hinge_B,42,9,33,63,playing synthesizer,playing vibraphone,True,True,1
hinge_B,42,9,33,66,playing synthesizer,volcano explosion,True,True,1
hinge_B,42,9,33,69,playing synthesizer,playing flute,True,True,1
hinge_B,42,9,33,70,playing synthesizer,playing acoustic guitar,True,True,4
hinge_B,42,9,33,81,playing synthesizer,fireworks banging,True,True,1
hinge_B,42,9,33,83,playing synthesizer,tapping guitar,True,True,1
hinge_B,42,9,33,86,playing synthesizer,police radio chatter,True,True,1
hinge_B,42,9,33,88,playing synthesizer,playing electric guitar,True,True,2
hinge_B,42,9,33,90,playing synthesizer,playing double bass,True,False,1
hinge_B,42,9,33,95,playing synthesizer,playing harpsichord,True,False,1
hinge_B,42,9,33,99,playing synthesizer,dog growling,True,False,1
hinge_B,42,9,34,2,cat purring,"heart sounds, heartbeat",True,True,1
hinge_B,42,9,34,6,cat purring,"child speech, kid speaking",True,True,1
hinge_B,42,9,34,17,cat purring,people whispering,True,True,6
hinge_B,42,9,34,28,cat purring,goose honking,True,True,2
hinge_B,42,9,34,34,cat purring,cat purring,True,True,13
hinge_B,42,9,34,39,cat purring,driving motorcycle,True,True,1
hinge_B,42,9,34,52,cat purring,"playing marimba, xylophone",True,True,1
hinge_B,42,9,34,59,cat purring,playing bongo,True,True,1
hinge_B,42,9,34,60,cat purring,"pigeon, dove cooing",True,True,8
hinge_B,42,9,34,77,cat purring,printer printing,True,True,1
hinge_B,42,9,34,80,cat purring,"electric shaver, electric razor shaving",True,True,2
hinge_B,42,9,34,81,cat purring,fireworks banging,True,True,1
hinge_B,42,9,34,84,cat purring,stream burbling,True,True,2
hinge_B,42,9,34,89,cat purring,people whistling,True,True,2
hinge_B,42,9,34,90,cat purring,playing double bass,True,False,1
hinge_B,42,9,34,91,cat purring,"male speech, man speaking",True,False,2
hinge_B,42,9,34,99,cat purring,dog growling,True,False,5
hinge_B,42,9,35,9,skiing,lighting firecrackers,True,True,2
hinge_B,42,9,35,25,skiing,bowling impact,True,True,1
hinge_B,42,9,35,28,skiing,goose honking,True,True,1
hinge_B,42,9,35,35,skiing,skiing,True,True,33
hinge_B,42,9,35,50,skiing,roller coaster running,True,True,1
hinge_B,42,9,35,66,skiing,volcano explosion,True,True,1
hinge_B,42,9,35,72,skiing,pheasant crowing,True,True,1
hinge_B,42,9,35,80,skiing,"electric shaver, electric razor shaving",True,True,1
hinge_B,42,9,35,82,skiing,tap dancing,True,True,1
hinge_B,42,9,35,84,skiing,stream burbling,True,True,1
hinge_B,42,9,35,86,skiing,police radio chatter,True,True,6
hinge_B,42,9,35,99,skiing,dog growling,True,False,1
hinge_B,42,9,36,36,wood thrush calling,wood thrush calling,True,True,20
hinge_B,42,9,36,57,wood thrush calling,mynah bird singing,True,True,5
hinge_B,42,9,36,60,wood thrush calling,"pigeon, dove cooing",True,True,2
hinge_B,42,9,36,71,wood thrush calling,canary calling,True,True,5
hinge_B,42,9,36,72,wood thrush calling,pheasant crowing,True,True,2
hinge_B,42,9,36,73,wood thrush calling,woodpecker pecking tree,True,True,12
hinge_B,42,9,36,89,wood thrush calling,people whistling,True,True,4
hinge_B,42,9,37,26,scuba diving,people marching,True,True,1
hinge_B,42,9,37,37,scuba diving,scuba diving,True,True,36
hinge_B,42,9,37,51,scuba diving,missile launch,True,True,1
hinge_B,42,9,37,66,scuba diving,volcano explosion,True,True,1
hinge_B,42,9,37,72,scuba diving,pheasant crowing,True,True,2
hinge_B,42,9,37,99,scuba diving,dog growling,True,False,9
hinge_B,42,9,38,4,playing tambourine,cap gun shooting,True,True,4
hinge_B,42,9,38,5,playing tambourine,rope skipping,True,True,1
hinge_B,42,9,38,7,playing tambourine,baby laughter,True,True,1
hinge_B,42,9,38,18,playing tambourine,lathe spinning,True,True,1
hinge_B,42,9,38,38,playing tambourine,playing tambourine,True,True,20
hinge_B,42,9,38,43,playing tambourine,beat boxing,True,True,4
hinge_B,42,9,38,56,playing tambourine,arc welding,True,True,4
hinge_B,42,9,38,59,playing tambourine,playing bongo,True,True,1
hinge_B,42,9,38,68,playing tambourine,singing choir,True,True,1
hinge_B,42,9,38,75,playing tambourine,sharpen knife,True,True,7
hinge_B,42,9,38,80,playing tambourine,"electric shaver, electric razor shaving",True,True,1
hinge_B,42,9,38,82,playing tambourine,tap dancing,True,True,5
hinge_B,42,9,39,6,driving motorcycle,"child speech, kid speaking",True,True,1
hinge_B,42,9,39,16,driving motorcycle,tractor digging,True,True,2
hinge_B,42,9,39,18,driving motorcycle,lathe spinning,True,True,1
hinge_B,42,9,39,27,driving motorcycle,playing bass guitar,True,True,3
hinge_B,42,9,39,30,driving motorcycle,helicopter,True,True,2
hinge_B,42,9,39,39,driving motorcycle,driving motorcycle,True,True,11
hinge_B,42,9,39,46,driving motorcycle,wind noise,True,True,3
hinge_B,42,9,39,50,driving motorcycle,roller coaster running,True,True,1
hinge_B,42,9,39,53,driving motorcycle,airplane flyby,True,True,1
hinge_B,42,9,39,61,driving motorcycle,"race car, auto racing",True,True,9
hinge_B,42,9,39,62,driving motorcycle,people crowd,True,True,1
hinge_B,42,9,39,66,driving motorcycle,volcano explosion,True,True,2
hinge_B,42,9,39,79,driving motorcycle,lawn mowing,True,True,3
hinge_B,42,9,39,81,driving motorcycle,fireworks banging,True,True,1
hinge_B,42,9,39,84,driving motorcycle,stream burbling,True,True,2
hinge_B,42,9,39,86,driving motorcycle,police radio chatter,True,True,3
hinge_B,42,9,39,88,driving motorcycle,playing electric guitar,True,True,1
hinge_B,42,9,39,91,driving motorcycle,"male speech, man speaking",True,False,1
hinge_B,42,9,39,99,driving motorcycle,dog growling,True,False,2
hinge_B,42,9,40,9,vacuum cleaner cleaning floors,lighting firecrackers,True,True,1
hinge_B,42,9,40,18,vacuum cleaner cleaning floors,lathe spinning,True,True,7
hinge_B,42,9,40,30,vacuum cleaner cleaning floors,helicopter,True,True,2
hinge_B,42,9,40,40,vacuum cleaner cleaning floors,vacuum cleaner cleaning floors,True,True,7
hinge_B,42,9,40,55,vacuum cleaner cleaning floors,"subway, metro, underground",True,True,3
hinge_B,42,9,40,61,vacuum cleaner cleaning floors,"race car, auto racing",True,True,3
hinge_B,42,9,40,65,vacuum cleaner cleaning floors,"female speech, woman speaking",True,True,1
hinge_B,42,9,40,75,vacuum cleaner cleaning floors,sharpen knife,True,True,5
hinge_B,42,9,40,77,vacuum cleaner cleaning floors,printer printing,True,True,5
hinge_B,42,9,40,79,vacuum cleaner cleaning floors,lawn mowing,True,True,2
hinge_B,42,9,40,80,vacuum cleaner cleaning floors,"electric shaver, electric razor shaving",True,True,4
hinge_B,42,9,40,84,vacuum cleaner cleaning floors,stream burbling,True,True,3
hinge_B,42,9,40,88,vacuum cleaner cleaning floors,playing electric guitar,True,True,2
hinge_B,42,9,40,89,vacuum cleaner cleaning floors,people whistling,True,True,1
hinge_B,42,9,40,91,vacuum cleaner cleaning floors,"male speech, man speaking",True,False,4
hinge_B,42,9,41,0,playing squash,playing volleyball,True,True,1
hinge_B,42,9,41,5,playing squash,rope skipping,True,True,3
hinge_B,42,9,41,8,playing squash,playing table tennis,True,True,10
hinge_B,42,9,41,25,playing squash,bowling impact,True,True,3
hinge_B,42,9,41,35,playing squash,skiing,True,True,2
hinge_B,42,9,41,41,playing squash,playing squash,True,True,21
hinge_B,42,9,41,53,playing squash,airplane flyby,True,True,1
hinge_B,42,9,41,82,playing squash,tap dancing,True,True,6
hinge_B,42,9,41,98,playing squash,people booing,True,False,1
hinge_B,42,9,41,99,playing squash,dog growling,True,False,2
hinge_B,42,9,42,0,slot machine,playing volleyball,True,True,1
hinge_B,42,9,42,31,slot machine,playing erhu,True,True,1
hinge_B,42,9,42,42,slot machine,slot machine,True,True,43
hinge_B,42,9,42,43,slot machine,beat boxing,True,True,1
hinge_B,42,9,42,52,slot machine,"playing marimba, xylophone",True,True,1
hinge_B,42,9,42,74,slot machine,yodelling,True,True,1
hinge_B,42,9,42,82,slot machine,tap dancing,True,True,1
hinge_B,42,9,42,88,slot machine,playing electric guitar,True,True,1
hinge_B,42,9,43,4,beat boxing,cap gun shooting,True,True,1
hinge_B,42,9,43,7,beat boxing,baby laughter,True,True,1
hinge_B,42,9,43,10,beat boxing,playing bass drum,True,True,1
hinge_B,42,9,43,33,beat boxing,playing synthesizer,True,True,1
hinge_B,42,9,43,38,beat boxing,playing tambourine,True,True,1
hinge_B,42,9,43,43,beat boxing,beat boxing,True,True,29
hinge_B,42,9,43,59,beat boxing,playing bongo,True,True,2
hinge_B,42,9,43,62,beat boxing,people crowd,True,True,1
hinge_B,42,9,43,65,beat boxing,"female speech, woman speaking",True,True,1
hinge_B,42,9,43,75,beat boxing,sharpen knife,True,True,3
hinge_B,42,9,43,80,beat boxing,"electric shaver, electric razor shaving",True,True,2
hinge_B,42,9,43,82,beat boxing,tap dancing,True,True,5
hinge_B,42,9,43,86,beat boxing,police radio chatter,True,True,1
hinge_B,42,9,43,99,beat boxing,dog growling,True,False,1
hinge_B,42,9,44,11,playing cello,playing banjo,True,True,3
hinge_B,42,9,44,24,playing cello,playing electronic organ,True,True,2
hinge_B,42,9,44,27,playing cello,playing bass guitar,True,True,3
hinge_B,42,9,44,29,playing cello,playing trombone,True,True,1
hinge_B,42,9,44,44,playing cello,playing cello,True,True,8
hinge_B,42,9,44,52,playing cello,"playing marimba, xylophone",True,True,2
hinge_B,42,9,44,54,playing cello,playing saxophone,True,True,6
hinge_B,42,9,44,56,playing cello,arc welding,True,True,1
hinge_B,42,9,44,58,playing cello,playing piano,True,True,1
hinge_B,42,9,44,70,playing cello,playing acoustic guitar,True,True,4
hinge_B,42,9,44,76,playing cello,"playing violin, fiddle",True,True,4
hinge_B,42,9,44,85,playing cello,playing bassoon,True,True,1
hinge_B,42,9,44,88,playing cello,playing electric guitar,True,True,12
hinge_B,42,9,44,89,playing cello,people whistling,True,True,1
hinge_B,42,9,44,95,playing cello,playing harpsichord,True,False,1
hinge_B,42,9,45,1,playing cornet,child singing,True,True,1
hinge_B,42,9,45,15,playing cornet,civil defense siren,True,True,1
hinge_B,42,9,45,24,playing cornet,playing electronic organ,True,True,3
hinge_B,42,9,45,31,playing cornet,playing erhu,True,True,3
hinge_B,42,9,45,45,playing cornet,playing cornet,True,True,27
hinge_B,42,9,45,54,playing cornet,playing saxophone,True,True,1
hinge_B,42,9,45,64,playing cornet,playing mandolin,True,True,1
hinge_B,42,9,45,69,playing cornet,playing flute,True,True,1
hinge_B,42,9,45,74,playing cornet,yodelling,True,True,1
hinge_B,42,9,45,85,playing cornet,playing bassoon,True,True,10
hinge_B,42,9,45,94,playing cornet,playing clarinet,True,False,1
hinge_B,42,9,46,8,wind noise,playing table tennis,True,True,1
hinge_B,42,9,46,9,wind noise,lighting firecrackers,True,True,2
hinge_B,42,9,46,28,wind noise,goose honking,True,True,1
hinge_B,42,9,46,30,wind noise,helicopter,True,True,1
hinge_B,42,9,46,39,wind noise,driving motorcycle,True,True,2
hinge_B,42,9,46,40,wind noise,vacuum cleaner cleaning floors,True,True,1
hinge_B,42,9,46,46,wind noise,wind noise,True,True,16
hinge_B,42,9,46,51,wind noise,missile launch,True,True,1
hinge_B,42,9,46,55,wind noise,"subway, metro, underground",True,True,4
hinge_B,42,9,46,60,wind noise,"pigeon, dove cooing",True,True,4
hinge_B,42,9,46,61,wind noise,"race car, auto racing",True,True,1
hinge_B,42,9,46,66,wind noise,volcano explosion,True,True,3
hinge_B,42,9,46,67,wind noise,ocean burbling,True,True,2
hinge_B,42,9,46,73,wind noise,woodpecker pecking tree,True,True,1
hinge_B,42,9,46,79,wind noise,lawn mowing,True,True,1
hinge_B,42,9,46,81,wind noise,fireworks banging,True,True,2
hinge_B,42,9,46,84,wind noise,stream burbling,True,True,4
hinge_B,42,9,46,86,wind noise,police radio chatter,True,True,1
hinge_B,42,9,46,99,wind noise,dog growling,True,False,2
hinge_B,42,9,47,21,"playing steel guitar, slide guitar",playing hammond organ,True,True,1
hinge_B,42,9,47,24,"playing steel guitar, slide guitar",playing electronic organ,True,True,2
hinge_B,42,9,47,31,"playing steel guitar, slide guitar",playing erhu,True,True,1
hinge_B,42,9,47,33,"playing steel guitar, slide guitar",playing synthesizer,True,True,1
hinge_B,42,9,47,47,"playing steel guitar, slide guitar","playing steel guitar, slide guitar",True,True,18
hinge_B,42,9,47,49,"playing steel guitar, slide guitar",playing harp,True,True,1
hinge_B,42,9,47,58,"playing steel guitar, slide guitar",playing piano,True,True,3
hinge_B,42,9,47,65,"playing steel guitar, slide guitar","female speech, woman speaking",True,True,3
hinge_B,42,9,47,69,"playing steel guitar, slide guitar",playing flute,True,True,1
hinge_B,42,9,47,70,"playing steel guitar, slide guitar",playing acoustic guitar,True,True,4
hinge_B,42,9,47,83,"playing steel guitar, slide guitar",tapping guitar,True,True,2
hinge_B,42,9,47,86,"playing steel guitar, slide guitar",police radio chatter,True,True,1
hinge_B,42,9,47,87,"playing steel guitar, slide guitar",playing sitar,True,True,2
hinge_B,42,9,47,88,"playing steel guitar, slide guitar",playing electric guitar,True,True,8
hinge_B,42,9,47,93,"playing steel guitar, slide guitar",playing tabla,True,False,1
hinge_B,42,9,47,94,"playing steel guitar, slide guitar",playing clarinet,True,False,1
hinge_B,42,9,48,10,orchestra,playing bass drum,True,True,1
hinge_B,42,9,48,11,orchestra,playing banjo,True,True,1
hinge_B,42,9,48,15,orchestra,civil defense siren,True,True,2
hinge_B,42,9,48,19,orchestra,playing theremin,True,True,1
hinge_B,42,9,48,23,orchestra,people cheering,True,True,1
hinge_B,42,9,48,29,orchestra,playing trombone,True,True,2
hinge_B,42,9,48,31,orchestra,playing erhu,True,True,1
hinge_B,42,9,48,43,orchestra,beat boxing,True,True,1
hinge_B,42,9,48,44,orchestra,playing cello,True,True,1
hinge_B,42,9,48,45,orchestra,playing cornet,True,True,1
hinge_B,42,9,48,48,orchestra,orchestra,True,True,15
hinge_B,42,9,48,52,orchestra,"playing marimba, xylophone",True,True,1
hinge_B,42,9,48,54,orchestra,playing saxophone,True,True,3
hinge_B,42,9,48,58,orchestra,playing piano,True,True,1
hinge_B,42,9,48,68,orchestra,singing choir,True,True,1
hinge_B,42,9,48,76,orchestra,"playing violin, fiddle",True,True,6
hinge_B,42,9,48,85,orchestra,playing bassoon,True,True,2
hinge_B,42,9,48,88,orchestra,playing electric guitar,True,True,9
hinge_B,42,9,49,11,playing harp,playing banjo,True,True,3
hinge_B,42,9,49,24,playing harp,playing electronic organ,True,True,1
hinge_B,42,9,49,29,playing harp,playing trombone,True,True,1
hinge_B,42,9,49,49,playing harp,playing harp,True,True,17
hinge_B,42,9,49,58,playing harp,playing piano,True,True,3
hinge_B,42,9,49,69,playing harp,playing flute,True,True,1
hinge_B,42,9,49,70,playing harp,playing acoustic guitar,True,True,14
hinge_B,42,9,49,76,playing harp,"playing violin, fiddle",True,True,5
hinge_B,42,9,49,88,playing harp,playing electric guitar,True,True,3
hinge_B,42,9,49,91,playing harp,"male speech, man speaking",True,False,1
hinge_B,42,9,49,94,playing harp,playing clarinet,True,False,1
hinge_B,42,9,50,16,roller coaster running,tractor digging,True,True,1
hinge_B,42,9,50,18,roller coaster running,lathe spinning,True,True,1
hinge_B,42,9,50,23,roller coaster running,people cheering,True,True,1
hinge_B,42,9,50,25,roller coaster running,bowling impact,True,True,1
hinge_B,42,9,50,26,roller coaster running,people marching,True,True,1
hinge_B,42,9,50,35,roller coaster running,skiing,True,True,1
hinge_B,42,9,50,50,roller coaster running,roller coaster running,True,True,30
hinge_B,42,9,50,62,roller coaster running,people crowd,True,True,2
hinge_B,42,9,50,66,roller coaster running,volcano explosion,True,True,3
hinge_B,42,9,50,77,roller coaster running,printer printing,True,True,1
hinge_B,42,9,50,79,roller coaster running,lawn mowing,True,True,1
hinge_B,42,9,50,81,roller coaster running,fireworks banging,True,True,1
hinge_B,42,9,50,82,roller coaster running,tap dancing,True,True,1
hinge_B,42,9,50,86,roller coaster running,police radio chatter,True,True,1
hinge_B,42,9,50,91,roller coaster running,"male speech, man speaking",True,False,1
hinge_B,42,9,50,98,roller coaster running,people booing,True,False,3
hinge_B,42,9,51,3,missile launch,singing bowl,True,True,1
hinge_B,42,9,51,4,missile launch,cap gun shooting,True,True,1
hinge_B,42,9,51,12,missile launch,fire truck siren,True,True,1
hinge_B,42,9,51,30,missile launch,helicopter,True,True,1
hinge_B,42,9,51,43,missile launch,beat boxing,True,True,1
hinge_B,42,9,51,46,missile launch,wind noise,True,True,6
hinge_B,42,9,51,50,missile launch,roller coaster running,True,True,1
hinge_B,42,9,51,51,missile launch,missile launch,True,True,23
hinge_B,42,9,51,53,missile launch,airplane flyby,True,True,1
hinge_B,42,9,51,66,missile launch,volcano explosion,True,True,9
hinge_B,42,9,51,80,missile launch,"electric shaver, electric razor shaving",True,True,1
hinge_B,42,9,51,84,missile launch,stream burbling,True,True,1
hinge_B,42,9,51,86,missile launch,police radio chatter,True,True,3
hinge_B,42,9,52,1,"playing marimba, xylophone",child singing,True,True,1
hinge_B,42,9,52,6,"playing marimba, xylophone","child speech, kid speaking",True,True,1
hinge_B,42,9,52,7,"playing marimba, xylophone",baby laughter,True,True,1
hinge_B,42,9,52,10,"playing marimba, xylophone",playing bass drum,True,True,2
hinge_B,42,9,52,20,"playing marimba, xylophone",playing glockenspiel,True,True,1
hinge_B,42,9,52,21,"playing marimba, xylophone",playing hammond organ,True,True,1
hinge_B,42,9,52,38,"playing marimba, xylophone",playing tambourine,True,True,1
hinge_B,42,9,52,43,"playing marimba, xylophone",beat boxing,True,True,1
hinge_B,42,9,52,47,"playing marimba, xylophone","playing steel guitar, slide guitar",True,True,2
hinge_B,42,9,52,49,"playing marimba, xylophone",playing harp,True,True,3
hinge_B,42,9,52,52,"playing marimba, xylophone","playing marimba, xylophone",True,True,6
hinge_B,42,9,52,63,"playing marimba, xylophone",playing vibraphone,True,True,3
hinge_B,42,9,52,65,"playing marimba, xylophone","female speech, woman speaking",True,True,2
hinge_B,42,9,52,69,"playing marimba, xylophone",playing flute,True,True,1
hinge_B,42,9,52,70,"playing marimba, xylophone",playing acoustic guitar,True,True,9
hinge_B,42,9,52,82,"playing marimba, xylophone",tap dancing,True,True,1
hinge_B,42,9,52,85,"playing marimba, xylophone",playing bassoon,True,True,2
hinge_B,42,9,52,87,"playing marimba, xylophone",playing sitar,True,True,1
hinge_B,42,9,52,88,"playing marimba, xylophone",playing electric guitar,True,True,2
hinge_B,42,9,52,89,"playing marimba, xylophone",people whistling,True,True,7
hinge_B,42,9,52,94,"playing marimba, xylophone",playing clarinet,True,False,1
hinge_B,42,9,52,95,"playing marimba, xylophone",playing harpsichord,True,False,1
hinge_B,42,9,53,9,airplane flyby,lighting firecrackers,True,True,1
hinge_B,42,9,53,16,airplane flyby,tractor digging,True,True,1
hinge_B,42,9,53,35,airplane flyby,skiing,True,True,1
hinge_B,42,9,53,46,airplane flyby,wind noise,True,True,1
hinge_B,42,9,53,51,airplane flyby,missile launch,True,True,3
hinge_B,42,9,53,53,airplane flyby,airplane flyby,True,True,35
hinge_B,42,9,53,55,airplane flyby,"subway, metro, underground",True,True,1
hinge_B,42,9,53,61,airplane flyby,"race car, auto racing",True,True,2
hinge_B,42,9,53,66,airplane flyby,volcano explosion,True,True,1
hinge_B,42,9,53,79,airplane flyby,lawn mowing,True,True,1
hinge_B,42,9,53,86,airplane flyby,police radio chatter,True,True,2
hinge_B,42,9,53,96,airplane flyby,hail,True,False,1
hinge_B,42,9,54,1,playing saxophone,child singing,True,True,2
hinge_B,42,9,54,11,playing saxophone,playing banjo,True,True,1
hinge_B,42,9,54,24,playing saxophone,playing electronic organ,True,True,1
hinge_B,42,9,54,29,playing saxophone,playing trombone,True,True,2
hinge_B,42,9,54,33,playing saxophone,playing synthesizer,True,True,1
hinge_B,42,9,54,42,playing saxophone,slot machine,True,True,1
hinge_B,42,9,54,44,playing saxophone,playing cello,True,True,2
hinge_B,42,9,54,48,playing saxophone,orchestra,True,True,2
hinge_B,42,9,54,54,playing saxophone,playing saxophone,True,True,14
hinge_B,42,9,54,58,playing saxophone,playing piano,True,True,1
hinge_B,42,9,54,65,playing saxophone,"female speech, woman speaking",True,True,1
hinge_B,42,9,54,69,playing saxophone,playing flute,True,True,1
hinge_B,42,9,54,70,playing saxophone,playing acoustic guitar,True,True,4
hinge_B,42,9,54,76,playing saxophone,"playing violin, fiddle",True,True,2
hinge_B,42,9,54,81,playing saxophone,fireworks banging,True,True,1
hinge_B,42,9,54,88,playing saxophone,playing electric guitar,True,True,14
hinge_B,42,9,55,13,"subway, metro, underground",playing bagpipes,True,True,1
hinge_B,42,9,55,22,"subway, metro, underground",police car (siren),True,True,1
hinge_B,42,9,55,23,"subway, metro, underground",people cheering,True,True,2
hinge_B,42,9,55,26,"subway, metro, underground",people marching,True,True,1
hinge_B,42,9,55,28,"subway, metro, underground",goose honking,True,True,1
hinge_B,42,9,55,30,"subway, metro, underground",helicopter,True,True,1
hinge_B,42,9,55,40,"subway, metro, underground",vacuum cleaner cleaning floors,True,True,1
hinge_B,42,9,55,46,"subway, metro, underground",wind noise,True,True,3
hinge_B,42,9,55,55,"subway, metro, underground","subway, metro, underground",True,True,28
hinge_B,42,9,55,60,"subway, metro, underground","pigeon, dove cooing",True,True,1
hinge_B,42,9,55,61,"subway, metro, underground","race car, auto racing",True,True,1
hinge_B,42,9,55,65,"subway, metro, underground","female speech, woman speaking",True,True,1
hinge_B,42,9,55,77,"subway, metro, underground",printer printing,True,True,3
hinge_B,42,9,55,84,"subway, metro, underground",stream burbling,True,True,2
hinge_B,42,9,55,88,"subway, metro, underground",playing electric guitar,True,True,2
hinge_B,42,9,55,89,"subway, metro, underground",people whistling,True,True,1
hinge_B,42,9,56,4,arc welding,cap gun shooting,True,True,4
hinge_B,42,9,56,9,arc welding,lighting firecrackers,True,True,4
hinge_B,42,9,56,18,arc welding,lathe spinning,True,True,3
hinge_B,42,9,56,25,arc welding,bowling impact,True,True,1
hinge_B,42,9,56,40,arc welding,vacuum cleaner cleaning floors,True,True,1
hinge_B,42,9,56,41,arc welding,playing squash,True,True,3
hinge_B,42,9,56,56,arc welding,arc welding,True,True,22
hinge_B,42,9,56,66,arc welding,volcano explosion,True,True,1
hinge_B,42,9,56,75,arc welding,sharpen knife,True,True,2
hinge_B,42,9,56,77,arc welding,printer printing,True,True,1
hinge_B,42,9,56,80,arc welding,"electric shaver, electric razor shaving",True,True,3
hinge_B,42,9,56,83,arc welding,tapping guitar,True,True,1
hinge_B,42,9,56,86,arc welding,police radio chatter,True,True,2
hinge_B,42,9,56,96,arc welding,hail,True,False,2
hinge_B,42,9,57,4,mynah bird singing,cap gun shooting,True,True,1
hinge_B,42,9,57,17,mynah bird singing,people whispering,True,True,1
hinge_B,42,9,57,19,mynah bird singing,playing theremin,True,True,1
hinge_B,42,9,57,20,mynah bird singing,playing glockenspiel,True,True,1
hinge_B,42,9,57,28,mynah bird singing,goose honking,True,True,1
hinge_B,42,9,57,36,mynah bird singing,wood thrush calling,True,True,17
hinge_B,42,9,57,57,mynah bird singing,mynah bird singing,True,True,11
hinge_B,42,9,57,71,mynah bird singing,canary calling,True,True,5
hinge_B,42,9,57,72,mynah bird singing,pheasant crowing,True,True,3
hinge_B,42,9,57,73,mynah bird singing,woodpecker pecking tree,True,True,5
hinge_B,42,9,57,75,mynah bird singing,sharpen knife,True,True,1
hinge_B,42,9,57,84,mynah bird singing,stream burbling,True,True,1
hinge_B,42,9,57,86,mynah bird singing,police radio chatter,True,True,2
hinge_B,42,9,58,10,playing piano,playing bass drum,True,True,2
hinge_B,42,9,58,11,playing piano,playing banjo,True,True,1
hinge_B,42,9,58,14,playing piano,playing french horn,True,True,4
hinge_B,42,9,58,24,playing piano,playing electronic organ,True,True,1
hinge_B,42,9,58,27,playing piano,playing bass guitar,True,True,2
hinge_B,42,9,58,29,playing piano,playing trombone,True,True,1
hinge_B,42,9,58,33,playing piano,playing synthesizer,True,True,2
hinge_B,42,9,58,45,playing piano,playing cornet,True,True,1
hinge_B,42,9,58,49,playing piano,playing harp,True,True,1
hinge_B,42,9,58,54,playing piano,playing saxophone,True,True,1
hinge_B,42,9,58,58,playing piano,playing piano,True,True,15
hinge_B,42,9,58,70,playing piano,playing acoustic guitar,True,True,8
hinge_B,42,9,58,77,playing piano,printer printing,True,True,1
hinge_B,42,9,58,85,playing piano,playing bassoon,True,True,1
hinge_B,42,9,58,88,playing piano,playing electric guitar,True,True,5
hinge_B,42,9,58,89,playing piano,people whistling,True,True,2
hinge_B,42,9,58,91,playing piano,"male speech, man speaking",True,False,1
hinge_B,42,9,58,94,playing piano,playing clarinet,True,False,1
hinge_B,42,9,59,17,playing bongo,people whispering,True,True,1
hinge_B,42,9,59,28,playing bongo,goose honking,True,True,1
hinge_B,42,9,59,43,playing bongo,beat boxing,True,True,2
hinge_B,42,9,59,59,playing bongo,playing bongo,True,True,35
hinge_B,42,9,59,64,playing bongo,playing mandolin,True,True,2
hinge_B,42,9,59,70,playing bongo,playing acoustic guitar,True,True,2
hinge_B,42,9,59,82,playing bongo,tap dancing,True,True,1
hinge_B,42,9,59,87,playing bongo,playing sitar,True,True,2
hinge_B,42,9,59,88,playing bongo,playing electric guitar,True,True,1
hinge_B,42,9,59,93,playing bongo,playing tabla,True,False,3
hinge_B,42,9,60,6,"pigeon, dove cooing","child speech, kid speaking",True,True,2
hinge_B,42,9,60,9,"pigeon, dove cooing",lighting firecrackers,True,True,1
hinge_B,42,9,60,25,"pigeon, dove cooing",bowling impact,True,True,1
hinge_B,42,9,60,28,"pigeon, dove cooing",goose honking,True,True,1
hinge_B,42,9,60,57,"pigeon, dove cooing",mynah bird singing,True,True,1
hinge_B,42,9,60,60,"pigeon, dove cooing","pigeon, dove cooing",True,True,20
hinge_B,42,9,60,65,"pigeon, dove cooing","female speech, woman speaking",True,True,2
hinge_B,42,9,60,72,"pigeon, dove cooing",pheasant crowing,True,True,3
hinge_B,42,9,60,73,"pigeon, dove cooing",woodpecker pecking tree,True,True,1
hinge_B,42,9,60,77,"pigeon, dove cooing",printer printing,True,True,2
hinge_B,42,9,60,84,"pigeon, dove cooing",stream burbling,True,True,2
hinge_B,42,9,60,89,"pigeon, dove cooing",people whistling,True,True,5
hinge_B,42,9,60,91,"pigeon, dove cooing","male speech, man speaking",True,False,3
hinge_B,42,9,60,99,"pigeon, dove cooing",dog growling,True,False,6
hinge_B,42,9,61,15,"race car, auto racing",civil defense siren,True,True,1
hinge_B,42,9,61,18,"race car, auto racing",lathe spinning,True,True,1
hinge_B,42,9,61,25,"race car, auto racing",bowling impact,True,True,1
hinge_B,42,9,61,28,"race car, auto racing",goose honking,True,True,1
hinge_B,42,9,61,30,"race car, auto racing",helicopter,True,True,1
hinge_B,42,9,61,39,"race car, auto racing",driving motorcycle,True,True,2
hinge_B,42,9,61,51,"race car, auto racing",missile launch,True,True,1
hinge_B,42,9,61,53,"race car, auto racing",airplane flyby,True,True,5
hinge_B,42,9,61,55,"race car, auto racing","subway, metro, underground",True,True,4
hinge_B,42,9,61,61,"race car, auto racing","race car, auto racing",True,True,28
hinge_B,42,9,61,66,"race car, auto racing",volcano explosion,True,True,1
hinge_B,42,9,61,79,"race car, auto racing",lawn mowing,True,True,2
hinge_B,42,9,61,82,"race car, auto racing",tap dancing,True,True,1
hinge_B,42,9,61,98,"race car, auto racing",people booing,True,False,1
hinge_B,42,9,62,6,people crowd,"child speech, kid speaking",True,True,1
hinge_B,42,9,62,20,people crowd,playing glockenspiel,True,True,1
hinge_B,42,9,62,23,people crowd,people cheering,True,True,8
hinge_B,42,9,62,40,people crowd,vacuum cleaner cleaning floors,True,True,1
hinge_B,42,9,62,62,people crowd,people crowd,True,True,26
hinge_B,42,9,62,65,people crowd,"female speech, woman speaking",True,True,1
hinge_B,42,9,62,72,people crowd,pheasant crowing,True,True,1
hinge_B,42,9,62,88,people crowd,playing electric guitar,True,True,5
hinge_B,42,9,62,89,people crowd,people whistling,True,True,1
hinge_B,42,9,62,91,people crowd,"male speech, man speaking",True,False,4
hinge_B,42,9,62,98,people crowd,people booing,True,False,1
hinge_B,42,9,63,1,playing vibraphone,child singing,True,True,1
hinge_B,42,9,63,6,playing vibraphone,"child speech, kid speaking",True,True,3
hinge_B,42,9,63,10,playing vibraphone,playing bass drum,True,True,1
hinge_B,42,9,63,19,playing vibraphone,playing theremin,True,True,1
hinge_B,42,9,63,33,playing vibraphone,playing synthesizer,True,True,1
hinge_B,42,9,63,48,playing vibraphone,orchestra,True,True,2
hinge_B,42,9,63,49,playing vibraphone,playing harp,True,True,2
hinge_B,42,9,63,52,playing vibraphone,"playing marimba, xylophone",True,True,5
hinge_B,42,9,63,57,playing vibraphone,mynah bird singing,True,True,1
hinge_B,42,9,63,58,playing vibraphone,playing piano,True,True,1
hinge_B,42,9,63,63,playing vibraphone,playing vibraphone,True,True,4
hinge_B,42,9,63,65,playing vibraphone,"female speech, woman speaking",True,True,3
hinge_B,42,9,63,70,playing vibraphone,playing acoustic guitar,True,True,6
hinge_B,42,9,63,73,playing vibraphone,woodpecker pecking tree,True,True,1
hinge_B,42,9,63,78,playing vibraphone,planing timber,True,True,1
hinge_B,42,9,63,85,playing vibraphone,playing bassoon,True,True,3
hinge_B,42,9,63,86,playing vibraphone,police radio chatter,True,True,2
hinge_B,42,9,63,88,playing vibraphone,playing electric guitar,True,True,6
hinge_B,42,9,63,89,playing vibraphone,people whistling,True,True,4
hinge_B,42,9,63,91,playing vibraphone,"male speech, man speaking",True,False,1
hinge_B,42,9,63,94,playing vibraphone,playing clarinet,True,False,1
hinge_B,42,9,64,11,playing mandolin,playing banjo,True,True,5
hinge_B,42,9,64,26,playing mandolin,people marching,True,True,1
hinge_B,42,9,64,31,playing mandolin,playing erhu,True,True,1
hinge_B,42,9,64,33,playing mandolin,playing synthesizer,True,True,1
hinge_B,42,9,64,44,playing mandolin,playing cello,True,True,1
hinge_B,42,9,64,54,playing mandolin,playing saxophone,True,True,1
hinge_B,42,9,64,58,playing mandolin,playing piano,True,True,1
hinge_B,42,9,64,64,playing mandolin,playing mandolin,True,True,18
hinge_B,42,9,64,70,playing mandolin,playing acoustic guitar,True,True,7
hinge_B,42,9,64,74,playing mandolin,yodelling,True,True,1
hinge_B,42,9,64,76,playing mandolin,"playing violin, fiddle",True,True,1
hinge_B,42,9,64,83,playing mandolin,tapping guitar,True,True,1
hinge_B,42,9,64,87,playing mandolin,playing sitar,True,True,4
hinge_B,42,9,64,88,playing mandolin,playing electric guitar,True,True,7
hinge_B,42,9,65,1,"female speech, woman speaking",child singing,True,True,1
hinge_B,42,9,65,4,"female speech, woman speaking",cap gun shooting,True,True,2
hinge_B,42,9,65,6,"female speech, woman speaking","child speech, kid speaking",True,True,5
hinge_B,42,9,65,7,"female speech, woman speaking",baby laughter,True,True,1
hinge_B,42,9,65,17,"female speech, woman speaking",people whispering,True,True,1
hinge_B,42,9,65,26,"female speech, woman speaking",people marching,True,True,1
hinge_B,42,9,65,57,"female speech, woman speaking",mynah bird singing,True,True,1
hinge_B,42,9,65,65,"female speech, woman speaking","female speech, woman speaking",True,True,16
hinge_B,42,9,65,68,"female speech, woman speaking",singing choir,True,True,1
hinge_B,42,9,65,74,"female speech, woman speaking",yodelling,True,True,2
hinge_B,42,9,65,86,"female speech, woman speaking",police radio chatter,True,True,1
hinge_B,42,9,65,88,"female speech, woman speaking",playing electric guitar,True,True,5
hinge_B,42,9,65,89,"female speech, woman speaking",people whistling,True,True,3
hinge_B,42,9,65,91,"female speech, woman speaking","male speech, man speaking",True,False,10
hinge_B,42,9,66,2,volcano explosion,"heart sounds, heartbeat",True,True,1
hinge_B,42,9,66,26,volcano explosion,people marching,True,True,1
hinge_B,42,9,66,28,volcano explosion,goose honking,True,True,1
hinge_B,42,9,66,46,volcano explosion,wind noise,True,True,5
hinge_B,42,9,66,51,volcano explosion,missile launch,True,True,5
hinge_B,42,9,66,55,volcano explosion,"subway, metro, underground",True,True,1
hinge_B,42,9,66,56,volcano explosion,arc welding,True,True,1
hinge_B,42,9,66,57,volcano explosion,mynah bird singing,True,True,1
hinge_B,42,9,66,66,volcano explosion,volcano explosion,True,True,27
hinge_B,42,9,66,81,volcano explosion,fireworks banging,True,True,1
hinge_B,42,9,66,86,volcano explosion,police radio chatter,True,True,5
hinge_B,42,9,66,98,volcano explosion,people booing,True,False,1
hinge_B,42,9,67,9,ocean burbling,lighting firecrackers,True,True,1
hinge_B,42,9,67,25,ocean burbling,bowling impact,True,True,1
hinge_B,42,9,67,27,ocean burbling,playing bass guitar,True,True,1
hinge_B,42,9,67,28,ocean burbling,goose honking,True,True,2
hinge_B,42,9,67,30,ocean burbling,helicopter,True,True,1
hinge_B,42,9,67,35,ocean burbling,skiing,True,True,2
hinge_B,42,9,67,41,ocean burbling,playing squash,True,True,1
hinge_B,42,9,67,46,ocean burbling,wind noise,True,True,18
hinge_B,42,9,67,51,ocean burbling,missile launch,True,True,3
hinge_B,42,9,67,55,ocean burbling,"subway, metro, underground",True,True,2
hinge_B,42,9,67,60,ocean burbling,"pigeon, dove cooing",True,True,1
hinge_B,42,9,67,62,ocean burbling,people crowd,True,True,2
hinge_B,42,9,67,67,ocean burbling,ocean burbling,True,True,8
hinge_B,42,9,67,70,ocean burbling,playing acoustic guitar,True,True,1
hinge_B,42,9,67,77,ocean burbling,printer printing,True,True,2
hinge_B,42,9,67,79,ocean burbling,lawn mowing,True,True,1
hinge_B,42,9,67,84,ocean burbling,stream burbling,True,True,3
hinge_B,42,9,68,1,singing choir,child singing,True,True,5
hinge_B,42,9,68,33,singing choir,playing synthesizer,True,True,1
hinge_B,42,9,68,42,singing choir,slot machine,True,True,1
hinge_B,42,9,68,48,singing choir,orchestra,True,True,13
hinge_B,42,9,68,52,singing choir,"playing marimba, xylophone",True,True,2
hinge_B,42,9,68,65,singing choir,"female speech, woman speaking",True,True,2
hinge_B,42,9,68,68,singing choir,singing choir,True,True,1
hinge_B,42,9,68,70,singing choir,playing acoustic guitar,True,True,1
hinge_B,42,9,68,74,singing choir,yodelling,True,True,1
hinge_B,42,9,68,76,singing choir,"playing violin, fiddle",True,True,1
hinge_B,42,9,68,82,singing choir,tap dancing,True,True,3
hinge_B,42,9,68,85,singing choir,playing bassoon,True,True,1
hinge_B,42,9,68,88,singing choir,playing electric guitar,True,True,17
hinge_B,42,9,68,91,singing choir,"male speech, man speaking",True,False,1
hinge_B,42,9,69,10,playing flute,playing bass drum,True,True,1
hinge_B,42,9,69,22,playing flute,police car (siren),True,True,1
hinge_B,42,9,69,24,playing flute,playing electronic organ,True,True,2
hinge_B,42,9,69,31,playing flute,playing erhu,True,True,1
hinge_B,42,9,69,32,playing flute,dog howling,True,True,1
hinge_B,42,9,69,39,playing flute,driving motorcycle,True,True,1
hinge_B,42,9,69,40,playing flute,vacuum cleaner cleaning floors,True,True,1
hinge_B,42,9,69,43,playing flute,beat boxing,True,True,4
hinge_B,42,9,69,44,playing flute,playing cello,True,True,1
hinge_B,42,9,69,45,playing flute,playing cornet,True,True,1
hinge_B,42,9,69,49,playing flute,playing harp,True,True,2
hinge_B,42,9,69,52,playing flute,"playing marimba, xylophone",True,True,1
hinge_B,42,9,69,65,playing flute,"female speech, woman speaking",True,True,1
hinge_B,42,9,69,69,playing flute,playing flute,True,True,9
hinge_B,42,9,69,70,playing flute,playing acoustic guitar,True,True,4
hinge_B,42,9,69,76,playing flute,"playing violin, fiddle",True,True,3
hinge_B,42,9,69,82,playing flute,tap dancing,True,True,1
hinge_B,42,9,69,85,playing flute,playing bassoon,True,True,4
hinge_B,42,9,69,87,playing flute,playing sitar,True,True,1
hinge_B,42,9,69,88,playing flute,playing electric guitar,True,True,2
hinge_B,42,9,69,89,playing flute,people whistling,True,True,7
hinge_B,42,9,69,94,playing flute,playing clarinet,True,False,1
hinge_B,42,9,70,1,playing acoustic guitar,child singing,True,True,1
hinge_B,42,9,70,11,playing acoustic guitar,playing banjo,True,True,3
hinge_B,42,9,70,27,playing acoustic guitar,playing bass guitar,True,True,1
hinge_B,42,9,70,49,playing acoustic guitar,playing harp,True,True,1
hinge_B,42,9,70,58,playing acoustic guitar,playing piano,True,True,1
hinge_B,42,9,70,65,playing acoustic guitar,"female speech, woman speaking",True,True,1
hinge_B,42,9,70,70,playing acoustic guitar,playing acoustic guitar,True,True,28
hinge_B,42,9,70,80,playing acoustic guitar,"electric shaver, electric razor shaving",True,True,1
hinge_B,42,9,70,87,playing acoustic guitar,playing sitar,True,True,1
hinge_B,42,9,70,88,playing acoustic guitar,playing electric guitar,True,True,11
hinge_B,42,9,70,89,playing acoustic guitar,people whistling,True,True,1
hinge_B,42,9,71,7,canary calling,baby laughter,True,True,1
hinge_B,42,9,71,17,canary calling,people whispering,True,True,1
hinge_B,42,9,71,36,canary calling,wood thrush calling,True,True,6
hinge_B,42,9,71,41,canary calling,playing squash,True,True,1
hinge_B,42,9,71,57,canary calling,mynah bird singing,True,True,2
hinge_B,42,9,71,64,canary calling,playing mandolin,True,True,1
hinge_B,42,9,71,65,canary calling,"female speech, woman speaking",True,True,1
hinge_B,42,9,71,71,canary calling,canary calling,True,True,23
hinge_B,42,9,71,73,canary calling,woodpecker pecking tree,True,True,1
hinge_B,42,9,71,82,canary calling,tap dancing,True,True,1
hinge_B,42,9,71,86,canary calling,police radio chatter,True,True,2
hinge_B,42,9,71,89,canary calling,people whistling,True,True,8
hinge_B,42,9,71,99,canary calling,dog growling,True,False,2
hinge_B,42,9,72,6,pheasant crowing,"child speech, kid speaking",True,True,1
hinge_B,42,9,72,9,pheasant crowing,lighting firecrackers,True,True,1
hinge_B,42,9,72,28,pheasant crowing,goose honking,True,True,2
hinge_B,42,9,72,57,pheasant crowing,mynah bird singing,True,True,1
hinge_B,42,9,72,60,pheasant crowing,"pigeon, dove cooing",True,True,2
hinge_B,42,9,72,66,pheasant crowing,volcano explosion,True,True,2
hinge_B,42,9,72,72,pheasant crowing,pheasant crowing,True,True,24
hinge_B,42,9,72,73,pheasant crowing,woodpecker pecking tree,True,True,8
hinge_B,42,9,72,84,pheasant crowing,stream burbling,True,True,4
hinge_B,42,9,72,86,pheasant crowing,police radio chatter,True,True,2
hinge_B,42,9,72,99,pheasant crowing,dog growling,True,False,3
hinge_B,42,9,73,34,woodpecker pecking tree,cat purring,True,True,2
hinge_B,42,9,73,39,woodpecker pecking tree,driving motorcycle,True,True,1
hinge_B,42,9,73,57,woodpecker pecking tree,mynah bird singing,True,True,6
hinge_B,42,9,73,66,woodpecker pecking tree,volcano explosion,True,True,2
hinge_B,42,9,73,73,woodpecker pecking tree,woodpecker pecking tree,True,True,38
hinge_B,42,9,73,75,woodpecker pecking tree,sharpen knife,True,True,1
hinge_B,42,9,74,0,yodelling,playing volleyball,True,True,1
hinge_B,42,9,74,1,yodelling,child singing,True,True,5
hinge_B,42,9,74,3,yodelling,singing bowl,True,True,1
hinge_B,42,9,74,5,yodelling,rope skipping,True,True,1
hinge_B,42,9,74,11,yodelling,playing banjo,True,True,1
hinge_B,42,9,74,31,yodelling,playing erhu,True,True,1
hinge_B,42,9,74,38,yodelling,playing tambourine,True,True,1
hinge_B,42,9,74,47,yodelling,"playing steel guitar, slide guitar",True,True,1
hinge_B,42,9,74,48,yodelling,orchestra,True,True,2
hinge_B,42,9,74,65,yodelling,"female speech, woman speaking",True,True,1
hinge_B,42,9,74,66,yodelling,volcano explosion,True,True,1
hinge_B,42,9,74,68,yodelling,singing choir,True,True,1
hinge_B,42,9,74,70,yodelling,playing acoustic guitar,True,True,1
hinge_B,42,9,74,74,yodelling,yodelling,True,True,21
hinge_B,42,9,74,82,yodelling,tap dancing,True,True,1
hinge_B,42,9,74,85,yodelling,playing bassoon,True,True,3
hinge_B,42,9,74,86,yodelling,police radio chatter,True,True,2
hinge_B,42,9,74,87,yodelling,playing sitar,True,True,1
hinge_B,42,9,74,98,yodelling,people booing,True,False,4
hinge_B,42,9,75,4,sharpen knife,cap gun shooting,True,True,1
hinge_B,42,9,75,6,sharpen knife,"child speech, kid speaking",True,True,1
hinge_B,42,9,75,7,sharpen knife,baby laughter,True,True,3
hinge_B,42,9,75,17,sharpen knife,people whispering,True,True,1
hinge_B,42,9,75,40,sharpen knife,vacuum cleaner cleaning floors,True,True,1
hinge_B,42,9,75,41,sharpen knife,playing squash,True,True,3
hinge_B,42,9,75,43,sharpen knife,beat boxing,True,True,2
hinge_B,42,9,75,56,sharpen knife,arc welding,True,True,2
hinge_B,42,9,75,57,sharpen knife,mynah bird singing,True,True,2
hinge_B,42,9,75,75,sharpen knife,sharpen knife,True,True,17
hinge_B,42,9,75,80,sharpen knife,"electric shaver, electric razor shaving",True,True,11
hinge_B,42,9,75,83,sharpen knife,tapping guitar,True,True,1
hinge_B,42,9,75,86,sharpen knife,police radio chatter,True,True,1
hinge_B,42,9,75,98,sharpen knife,people booing,True,False,1
hinge_B,42,9,75,99,sharpen knife,dog growling,True,False,3
hinge_B,42,9,76,11,"playing violin, fiddle",playing banjo,True,True,1
hinge_B,42,9,76,13,"playing violin, fiddle",playing bagpipes,True,True,2
hinge_B,42,9,76,24,"playing violin, fiddle",playing electronic organ,True,True,2
hinge_B,42,9,76,31,"playing violin, fiddle",playing erhu,True,True,3
hinge_B,42,9,76,42,"playing violin, fiddle",slot machine,True,True,1
hinge_B,42,9,76,44,"playing violin, fiddle",playing cello,True,True,3
hinge_B,42,9,76,45,"playing violin, fiddle",playing cornet,True,True,3
hinge_B,42,9,76,47,"playing violin, fiddle","playing steel guitar, slide guitar",True,True,1
hinge_B,42,9,76,48,"playing violin, fiddle",orchestra,True,True,2
hinge_B,42,9,76,58,"playing violin, fiddle",playing piano,True,True,1
hinge_B,42,9,76,64,"playing violin, fiddle",playing mandolin,True,True,1
hinge_B,42,9,76,68,"playing violin, fiddle",singing choir,True,True,1
hinge_B,42,9,76,70,"playing violin, fiddle",playing acoustic guitar,True,True,1
hinge_B,42,9,76,74,"playing violin, fiddle",yodelling,True,True,4
hinge_B,42,9,76,76,"playing violin, fiddle","playing violin, fiddle",True,True,14
hinge_B,42,9,76,83,"playing violin, fiddle",tapping guitar,True,True,1
hinge_B,42,9,76,85,"playing violin, fiddle",playing bassoon,True,True,1
hinge_B,42,9,76,87,"playing violin, fiddle",playing sitar,True,True,3
hinge_B,42,9,76,88,"playing violin, fiddle",playing electric guitar,True,True,2
hinge_B,42,9,76,89,"playing violin, fiddle",people whistling,True,True,2
hinge_B,42,9,76,94,"playing violin, fiddle",playing clarinet,True,False,1
hinge_B,42,9,77,4,printer printing,cap gun shooting,True,True,1
hinge_B,42,9,77,6,printer printing,"child speech, kid speaking",True,True,2
hinge_B,42,9,77,17,printer printing,people whispering,True,True,1
hinge_B,42,9,77,23,printer printing,people cheering,True,True,1
hinge_B,42,9,77,28,printer printing,goose honking,True,True,1
hinge_B,42,9,77,33,printer printing,playing synthesizer,True,True,1
hinge_B,42,9,77,39,printer printing,driving motorcycle,True,True,1
hinge_B,42,9,77,60,printer printing,"pigeon, dove cooing",True,True,3
hinge_B,42,9,77,61,printer printing,"race car, auto racing",True,True,2
hinge_B,42,9,77,65,printer printing,"female speech, woman speaking",True,True,2
hinge_B,42,9,77,77,printer printing,printer printing,True,True,29
hinge_B,42,9,77,79,printer printing,lawn mowing,True,True,2
hinge_B,42,9,77,80,printer printing,"electric shaver, electric razor shaving",True,True,1
hinge_B,42,9,77,81,printer printing,fireworks banging,True,True,1
hinge_B,42,9,77,89,printer printing,people whistling,True,True,1
hinge_B,42,9,77,91,printer printing,"male speech, man speaking",True,False,1
hinge_B,42,9,78,1,planing timber,child singing,True,True,1
hinge_B,42,9,78,4,planing timber,cap gun shooting,True,True,2
hinge_B,42,9,78,17,planing timber,people whispering,True,True,1
hinge_B,42,9,78,18,planing timber,lathe spinning,True,True,4
hinge_B,42,9,78,25,planing timber,bowling impact,True,True,1
hinge_B,42,9,78,28,planing timber,goose honking,True,True,1
hinge_B,42,9,78,40,planing timber,vacuum cleaner cleaning floors,True,True,1
hinge_B,42,9,78,41,planing timber,playing squash,True,True,3
hinge_B,42,9,78,56,planing timber,arc welding,True,True,4
hinge_B,42,9,78,57,planing timber,mynah bird singing,True,True,1
hinge_B,42,9,78,60,planing timber,"pigeon, dove cooing",True,True,1
hinge_B,42,9,78,65,planing timber,"female speech, woman speaking",True,True,1
hinge_B,42,9,78,75,planing timber,sharpen knife,True,True,2
hinge_B,42,9,78,78,planing timber,planing timber,True,True,15
hinge_B,42,9,78,80,planing timber,"electric shaver, electric razor shaving",True,True,7
hinge_B,42,9,78,86,planing timber,police radio chatter,True,True,3
hinge_B,42,9,78,88,planing timber,playing electric guitar,True,True,1
hinge_B,42,9,78,99,planing timber,dog growling,True,False,1
hinge_B,42,9,79,6,lawn mowing,"child speech, kid speaking",True,True,1
hinge_B,42,9,79,30,lawn mowing,helicopter,True,True,2
hinge_B,42,9,79,39,lawn mowing,driving motorcycle,True,True,8
hinge_B,42,9,79,46,lawn mowing,wind noise,True,True,1
hinge_B,42,9,79,55,lawn mowing,"subway, metro, underground",True,True,2
hinge_B,42,9,79,60,lawn mowing,"pigeon, dove cooing",True,True,2
hinge_B,42,9,79,61,lawn mowing,"race car, auto racing",True,True,5
hinge_B,42,9,79,62,lawn mowing,people crowd,True,True,1
hinge_B,42,9,79,77,lawn mowing,printer printing,True,True,1
hinge_B,42,9,79,79,lawn mowing,lawn mowing,True,True,19
hinge_B,42,9,79,81,lawn mowing,fireworks banging,True,True,1
hinge_B,42,9,79,84,lawn mowing,stream burbling,True,True,5
hinge_B,42,9,79,91,lawn mowing,"male speech, man speaking",True,False,2
hinge_B,42,9,80,10,"electric shaver, electric razor shaving",playing bass drum,True,True,1
hinge_B,42,9,80,18,"electric shaver, electric razor shaving",lathe spinning,True,True,1
hinge_B,42,9,80,41,"electric shaver, electric razor shaving",playing squash,True,True,1
hinge_B,42,9,80,78,"electric shaver, electric razor shaving",planing timber,True,True,1
hinge_B,42,9,80,80,"electric shaver, electric razor shaving","electric shaver, electric razor shaving",True,True,44
hinge_B,42,9,80,86,"electric shaver, electric razor shaving",police radio chatter,True,True,1
hinge_B,42,9,80,95,"electric shaver, electric razor shaving",playing harpsichord,True,False,1
hinge_B,42,9,81,8,fireworks banging,playing table tennis,True,True,1
hinge_B,42,9,81,9,fireworks banging,lighting firecrackers,True,True,4
hinge_B,42,9,81,10,fireworks banging,playing bass drum,True,True,2
hinge_B,42,9,81,23,fireworks banging,people cheering,True,True,1
hinge_B,42,9,81,28,fireworks banging,goose honking,True,True,2
hinge_B,42,9,81,35,fireworks banging,skiing,True,True,1
hinge_B,42,9,81,39,fireworks banging,driving motorcycle,True,True,1
hinge_B,42,9,81,43,fireworks banging,beat boxing,True,True,1
hinge_B,42,9,81,50,fireworks banging,roller coaster running,True,True,2
hinge_B,42,9,81,56,fireworks banging,arc welding,True,True,1
hinge_B,42,9,81,60,fireworks banging,"pigeon, dove cooing",True,True,1
hinge_B,42,9,81,62,fireworks banging,people crowd,True,True,1
hinge_B,42,9,81,81,fireworks banging,fireworks banging,True,True,29
hinge_B,42,9,81,86,fireworks banging,police radio chatter,True,True,1
hinge_B,42,9,81,88,fireworks banging,playing electric guitar,True,True,1
hinge_B,42,9,81,91,fireworks banging,"male speech, man speaking",True,False,1
hinge_B,42,9,82,4,tap dancing,cap gun shooting,True,True,2
hinge_B,42,9,82,5,tap dancing,rope skipping,True,True,2
hinge_B,42,9,82,8,tap dancing,playing table tennis,True,True,1
hinge_B,42,9,82,38,tap dancing,playing tambourine,True,True,1
hinge_B,42,9,82,59,tap dancing,playing bongo,True,True,2
hinge_B,42,9,82,60,tap dancing,"pigeon, dove cooing",True,True,1
hinge_B,42,9,82,82,tap dancing,tap dancing,True,True,41
hinge_B,42,9,83,1,tapping guitar,child singing,True,True,1
hinge_B,42,9,83,11,tapping guitar,playing banjo,True,True,2
hinge_B,42,9,83,21,tapping guitar,playing hammond organ,True,True,2
hinge_B,42,9,83,27,tapping guitar,playing bass guitar,True,True,2
hinge_B,42,9,83,31,tapping guitar,playing erhu,True,True,2
hinge_B,42,9,83,44,tapping guitar,playing cello,True,True,1
hinge_B,42,9,83,54,tapping guitar,playing saxophone,True,True,3
hinge_B,42,9,83,56,tapping guitar,arc welding,True,True,1
hinge_B,42,9,83,58,tapping guitar,playing piano,True,True,2
hinge_B,42,9,83,62,tapping guitar,people crowd,True,True,2
hinge_B,42,9,83,70,tapping guitar,playing acoustic guitar,True,True,5
hinge_B,42,9,83,83,tapping guitar,tapping guitar,True,True,4
hinge_B,42,9,83,88,tapping guitar,playing electric guitar,True,True,22
hinge_B,42,9,83,91,tapping guitar,"male speech, man speaking",True,False,1
hinge_B,42,9,84,9,stream burbling,lighting firecrackers,True,True,1
hinge_B,42,9,84,16,stream burbling,tractor digging,True,True,1
hinge_B,42,9,84,17,stream burbling,people whispering,True,True,1
hinge_B,42,9,84,25,stream burbling,bowling impact,True,True,1
hinge_B,42,9,84,28,stream burbling,goose honking,True,True,5
hinge_B,42,9,84,30,stream burbling,helicopter,True,True,1
hinge_B,42,9,84,46,stream burbling,wind noise,True,True,2
hinge_B,42,9,84,51,stream burbling,missile launch,True,True,1
hinge_B,42,9,84,55,stream burbling,"subway, metro, underground",True,True,1
hinge_B,42,9,84,61,stream burbling,"race car, auto racing",True,True,1
hinge_B,42,9,84,62,stream burbling,people crowd,True,True,1
hinge_B,42,9,84,67,stream burbling,ocean burbling,True,True,1
hinge_B,42,9,84,72,stream burbling,pheasant crowing,True,True,1
hinge_B,42,9,84,73,stream burbling,woodpecker pecking tree,True,True,2
hinge_B,42,9,84,75,stream burbling,sharpen knife,True,True,1
hinge_B,42,9,84,77,stream burbling,printer printing,True,True,2
hinge_B,42,9,84,79,stream burbling,lawn mowing,True,True,2
hinge_B,42,9,84,80,stream burbling,"electric shaver, electric razor shaving",True,True,2
hinge_B,42,9,84,84,stream burbling,stream burbling,True,True,20
hinge_B,42,9,84,86,stream burbling,police radio chatter,True,True,1
hinge_B,42,9,84,88,stream burbling,playing electric guitar,True,True,1
hinge_B,42,9,84,96,stream burbling,hail,True,False,1
hinge_B,42,9,85,14,playing bassoon,playing french horn,True,True,1
hinge_B,42,9,85,29,playing bassoon,playing trombone,True,True,1
hinge_B,42,9,85,44,playing bassoon,playing cello,True,True,1
hinge_B,42,9,85,45,playing bassoon,playing cornet,True,True,1
hinge_B,42,9,85,57,playing bassoon,mynah bird singing,True,True,1
hinge_B,42,9,85,69,playing bassoon,playing flute,True,True,1
hinge_B,42,9,85,74,playing bassoon,yodelling,True,True,2
hinge_B,42,9,85,85,playing bassoon,playing bassoon,True,True,40
hinge_B,42,9,85,89,playing bassoon,people whistling,True,True,1
hinge_B,42,9,85,93,playing bassoon,playing tabla,True,False,1
hinge_B,42,9,86,25,police radio chatter,bowling impact,True,True,1
hinge_B,42,9,86,43,police radio chatter,beat boxing,True,True,2
hinge_B,42,9,86,62,police radio chatter,people crowd,True,True,1
hinge_B,42,9,86,65,police radio chatter,"female speech, woman speaking",True,True,1
hinge_B,42,9,86,86,police radio chatter,police radio chatter,True,True,45
hinge_B,42,9,87,1,playing sitar,child singing,True,True,5
hinge_B,42,9,87,11,playing sitar,playing banjo,True,True,1
hinge_B,42,9,87,42,playing sitar,slot machine,True,True,1
hinge_B,42,9,87,44,playing sitar,playing cello,True,True,4
hinge_B,42,9,87,47,playing sitar,"playing steel guitar, slide guitar",True,True,1
hinge_B,42,9,87,48,playing sitar,orchestra,True,True,2
hinge_B,42,9,87,54,playing sitar,playing saxophone,True,True,6
hinge_B,42,9,87,64,playing sitar,playing mandolin,True,True,1
hinge_B,42,9,87,65,playing sitar,"female speech, woman speaking",True,True,2
hinge_B,42,9,87,70,playing sitar,playing acoustic guitar,True,True,1
hinge_B,42,9,87,76,playing sitar,"playing violin, fiddle",True,True,2
hinge_B,42,9,87,78,playing sitar,planing timber,True,True,1
hinge_B,42,9,87,87,playing sitar,playing sitar,True,True,6
hinge_B,42,9,87,88,playing sitar,playing electric guitar,True,True,16
hinge_B,42,9,87,89,playing sitar,people whistling,True,True,1
hinge_B,42,9,88,24,playing electric guitar,playing electronic organ,True,True,1
hinge_B,42,9,88,26,playing electric guitar,people marching,True,True,1
hinge_B,42,9,88,27,playing electric guitar,playing bass guitar,True,True,6
hinge_B,42,9,88,44,playing electric guitar,playing cello,True,True,1
hinge_B,42,9,88,48,playing electric guitar,orchestra,True,True,1
hinge_B,42,9,88,49,playing electric guitar,playing harp,True,True,1
hinge_B,42,9,88,54,playing electric guitar,playing saxophone,True,True,1
hinge_B,42,9,88,58,playing electric guitar,playing piano,True,True,2
hinge_B,42,9,88,64,playing electric guitar,playing mandolin,True,True,1
hinge_B,42,9,88,70,playing electric guitar,playing acoustic guitar,True,True,7
hinge_B,42,9,88,87,playing electric guitar,playing sitar,True,True,1
hinge_B,42,9,88,88,playing electric guitar,playing electric guitar,True,True,25
hinge_B,42,9,88,91,playing electric guitar,"male speech, man speaking",True,False,1
hinge_B,42,9,88,94,playing electric guitar,playing clarinet,True,False,1
hinge_B,42,9,89,1,people whistling,child singing,True,True,2
hinge_B,42,9,89,6,people whistling,"child speech, kid speaking",True,True,1
hinge_B,42,9,89,17,people whistling,people whispering,True,True,1
hinge_B,42,9,89,22,people whistling,police car (siren),True,True,1
hinge_B,42,9,89,28,people whistling,goose honking,True,True,1
hinge_B,42,9,89,34,people whistling,cat purring,True,True,1
hinge_B,42,9,89,60,people whistling,"pigeon, dove cooing",True,True,1
hinge_B,42,9,89,65,people whistling,"female speech, woman speaking",True,True,8
hinge_B,42,9,89,70,people whistling,playing acoustic guitar,True,True,1
hinge_B,42,9,89,80,people whistling,"electric shaver, electric razor shaving",True,True,1
hinge_B,42,9,89,85,people whistling,playing bassoon,True,True,1
hinge_B,42,9,89,88,people whistling,playing electric guitar,True,True,2
hinge_B,42,9,89,89,people whistling,people whistling,True,True,25
hinge_B,42,9,89,91,people whistling,"male speech, man speaking",True,False,3
hinge_B,42,9,89,94,people whistling,playing clarinet,True,False,1
hinge_B,42,9,90,2,playing double bass,"heart sounds, heartbeat",False,True,1
hinge_B,42,9,90,6,playing double bass,"child speech, kid speaking",False,True,1
hinge_B,42,9,90,10,playing double bass,playing bass drum,False,True,1
hinge_B,42,9,90,20,playing double bass,playing glockenspiel,False,True,1
hinge_B,42,9,90,21,playing double bass,playing hammond organ,False,True,3
hinge_B,42,9,90,24,playing double bass,playing electronic organ,False,True,1
hinge_B,42,9,90,26,playing double bass,people marching,False,True,1
hinge_B,42,9,90,27,playing double bass,playing bass guitar,False,True,2
hinge_B,42,9,90,29,playing double bass,playing trombone,False,True,1
hinge_B,42,9,90,38,playing double bass,playing tambourine,False,True,1
hinge_B,42,9,90,44,playing double bass,playing cello,False,True,1
hinge_B,42,9,90,54,playing double bass,playing saxophone,False,True,2
hinge_B,42,9,90,56,playing double bass,arc welding,False,True,1
hinge_B,42,9,90,58,playing double bass,playing piano,False,True,1
hinge_B,42,9,90,70,playing double bass,playing acoustic guitar,False,True,1
hinge_B,42,9,90,80,playing double bass,"electric shaver, electric razor shaving",False,True,2
hinge_B,42,9,90,83,playing double bass,tapping guitar,False,True,1
hinge_B,42,9,90,85,playing double bass,playing bassoon,False,True,5
hinge_B,42,9,90,88,playing double bass,playing electric guitar,False,True,2
hinge_B,42,9,90,90,playing double bass,playing double bass,False,False,21
hinge_B,42,9,91,2,"male speech, man speaking","heart sounds, heartbeat",False,True,1
hinge_B,42,9,91,6,"male speech, man speaking","child speech, kid speaking",False,True,3
hinge_B,42,9,91,8,"male speech, man speaking",playing table tennis,False,True,1
hinge_B,42,9,91,10,"male speech, man speaking",playing bass drum,False,True,1
hinge_B,42,9,91,14,"male speech, man speaking",playing french horn,False,True,1
hinge_B,42,9,91,17,"male speech, man speaking",people whispering,False,True,1
hinge_B,42,9,91,26,"male speech, man speaking",people marching,False,True,2
hinge_B,42,9,91,28,"male speech, man speaking",goose honking,False,True,2
hinge_B,42,9,91,38,"male speech, man speaking",playing tambourine,False,True,3
hinge_B,42,9,91,41,"male speech, man speaking",playing squash,False,True,1
hinge_B,42,9,91,43,"male speech, man speaking",beat boxing,False,True,2
hinge_B,42,9,91,56,"male speech, man speaking",arc welding,False,True,1
hinge_B,42,9,91,57,"male speech, man speaking",mynah bird singing,False,True,1
hinge_B,42,9,91,62,"male speech, man speaking",people crowd,False,True,2
hinge_B,42,9,91,65,"male speech, man speaking","female speech, woman speaking",False,True,4
hinge_B,42,9,91,80,"male speech, man speaking","electric shaver, electric razor shaving",False,True,1
hinge_B,42,9,91,84,"male speech, man speaking",stream burbling,False,True,2
hinge_B,42,9,91,86,"male speech, man speaking",police radio chatter,False,True,1
hinge_B,42,9,91,87,"male speech, man speaking",playing sitar,False,True,1
hinge_B,42,9,91,88,"male speech, man speaking",playing electric guitar,False,True,6
hinge_B,42,9,91,89,"male speech, man speaking",people whistling,False,True,1
hinge_B,42,9,91,91,"male speech, man speaking","male speech, man speaking",False,False,10
hinge_B,42,9,91,98,"male speech, man speaking",people booing,False,False,2
hinge_B,42,9,92,1,playing accordion,child singing,False,True,3
hinge_B,42,9,92,11,playing accordion,playing banjo,False,True,8
hinge_B,42,9,92,14,playing accordion,playing french horn,False,True,1
hinge_B,42,9,92,28,playing accordion,goose honking,False,True,1
hinge_B,42,9,92,38,playing accordion,playing tambourine,False,True,1
hinge_B,42,9,92,44,playing accordion,playing cello,False,True,2
hinge_B,42,9,92,45,playing accordion,playing cornet,False,True,1
hinge_B,42,9,92,48,playing accordion,orchestra,False,True,3
hinge_B,42,9,92,54,playing accordion,playing saxophone,False,True,5
hinge_B,42,9,92,64,playing accordion,playing mandolin,False,True,1
hinge_B,42,9,92,65,playing accordion,"female speech, woman speaking",False,True,1
hinge_B,42,9,92,70,playing accordion,playing acoustic guitar,False,True,1
hinge_B,42,9,92,74,playing accordion,yodelling,False,True,1
hinge_B,42,9,92,76,playing accordion,"playing violin, fiddle",False,True,9
hinge_B,42,9,92,87,playing accordion,playing sitar,False,True,3
hinge_B,42,9,92,88,playing accordion,playing electric guitar,False,True,5
hinge_B,42,9,92,91,playing accordion,"male speech, man speaking",False,False,1
hinge_B,42,9,92,92,playing accordion,playing accordion,False,False,3
hinge_B,42,9,93,1,playing tabla,child singing,False,True,1
hinge_B,42,9,93,10,playing tabla,playing bass drum,False,True,4
hinge_B,42,9,93,11,playing tabla,playing banjo,False,True,4
hinge_B,42,9,93,13,playing tabla,playing bagpipes,False,True,1
hinge_B,42,9,93,24,playing tabla,playing electronic organ,False,True,1
hinge_B,42,9,93,38,playing tabla,playing tambourine,False,True,1
hinge_B,42,9,93,48,playing tabla,orchestra,False,True,2
hinge_B,42,9,93,54,playing tabla,playing saxophone,False,True,2
hinge_B,42,9,93,59,playing tabla,playing bongo,False,True,2
hinge_B,42,9,93,62,playing tabla,people crowd,False,True,2
hinge_B,42,9,93,65,playing tabla,"female speech, woman speaking",False,True,1
hinge_B,42,9,93,68,playing tabla,singing choir,False,True,1
hinge_B,42,9,93,70,playing tabla,playing acoustic guitar,False,True,3
hinge_B,42,9,93,74,playing tabla,yodelling,False,True,3
hinge_B,42,9,93,76,playing tabla,"playing violin, fiddle",False,True,1
hinge_B,42,9,93,82,playing tabla,tap dancing,False,True,1
hinge_B,42,9,93,87,playing tabla,playing sitar,False,True,2
hinge_B,42,9,93,88,playing tabla,playing electric guitar,False,True,15
hinge_B,42,9,93,93,playing tabla,playing tabla,False,False,3
hinge_B,42,9,94,1,playing clarinet,child singing,False,True,2
hinge_B,42,9,94,11,playing clarinet,playing banjo,False,True,1
hinge_B,42,9,94,14,playing clarinet,playing french horn,False,True,1
hinge_B,42,9,94,19,playing clarinet,playing theremin,False,True,1
hinge_B,42,9,94,21,playing clarinet,playing hammond organ,False,True,3
hinge_B,42,9,94,24,playing clarinet,playing electronic organ,False,True,1
hinge_B,42,9,94,26,playing clarinet,people marching,False,True,1
hinge_B,42,9,94,29,playing clarinet,playing trombone,False,True,1
hinge_B,42,9,94,31,playing clarinet,playing erhu,False,True,2
hinge_B,42,9,94,44,playing clarinet,playing cello,False,True,2
hinge_B,42,9,94,45,playing clarinet,playing cornet,False,True,1
hinge_B,42,9,94,48,playing clarinet,orchestra,False,True,1
hinge_B,42,9,94,49,playing clarinet,playing harp,False,True,1
hinge_B,42,9,94,54,playing clarinet,playing saxophone,False,True,6
hinge_B,42,9,94,58,playing clarinet,playing piano,False,True,1
hinge_B,42,9,94,69,playing clarinet,playing flute,False,True,4
hinge_B,42,9,94,70,playing clarinet,playing acoustic guitar,False,True,2
hinge_B,42,9,94,76,playing clarinet,"playing violin, fiddle",False,True,7
hinge_B,42,9,94,85,playing clarinet,playing bassoon,False,True,2
hinge_B,42,9,94,88,playing clarinet,playing electric guitar,False,True,7
hinge_B,42,9,94,89,playing clarinet,people whistling,False,True,1
hinge_B,42,9,94,94,playing clarinet,playing clarinet,False,False,2
hinge_B,42,9,95,6,playing harpsichord,"child speech, kid speaking",False,True,1
hinge_B,42,9,95,10,playing harpsichord,playing bass drum,False,True,1
hinge_B,42,9,95,11,playing harpsichord,playing banjo,False,True,2
hinge_B,42,9,95,21,playing harpsichord,playing hammond organ,False,True,1
hinge_B,42,9,95,24,playing harpsichord,playing electronic organ,False,True,2
hinge_B,42,9,95,31,playing harpsichord,playing erhu,False,True,1
hinge_B,42,9,95,33,playing harpsichord,playing synthesizer,False,True,1
hinge_B,42,9,95,48,playing harpsichord,orchestra,False,True,2
hinge_B,42,9,95,49,playing harpsichord,playing harp,False,True,1
hinge_B,42,9,95,52,playing harpsichord,"playing marimba, xylophone",False,True,1
hinge_B,42,9,95,54,playing harpsichord,playing saxophone,False,True,5
hinge_B,42,9,95,58,playing harpsichord,playing piano,False,True,3
hinge_B,42,9,95,70,playing harpsichord,playing acoustic guitar,False,True,3
hinge_B,42,9,95,76,playing harpsichord,"playing violin, fiddle",False,True,1
hinge_B,42,9,95,80,playing harpsichord,"electric shaver, electric razor shaving",False,True,1
hinge_B,42,9,95,87,playing harpsichord,playing sitar,False,True,5
hinge_B,42,9,95,88,playing harpsichord,playing electric guitar,False,True,9
hinge_B,42,9,95,95,playing harpsichord,playing harpsichord,False,False,10
hinge_B,42,9,96,18,hail,lathe spinning,False,True,1
hinge_B,42,9,96,28,hail,goose honking,False,True,1
hinge_B,42,9,96,30,hail,helicopter,False,True,2
hinge_B,42,9,96,50,hail,roller coaster running,False,True,1
hinge_B,42,9,96,56,hail,arc welding,False,True,1
hinge_B,42,9,96,79,hail,lawn mowing,False,True,2
hinge_B,42,9,96,86,hail,police radio chatter,False,True,1
hinge_B,42,9,96,96,hail,hail,False,False,41
hinge_B,42,9,97,6,playing cymbal,"child speech, kid speaking",False,True,1
hinge_B,42,9,97,10,playing cymbal,playing bass drum,False,True,25
hinge_B,42,9,97,27,playing cymbal,playing bass guitar,False,True,1
hinge_B,42,9,97,38,playing cymbal,playing tambourine,False,True,1
hinge_B,42,9,97,41,playing cymbal,playing squash,False,True,1
hinge_B,42,9,97,43,playing cymbal,beat boxing,False,True,4
hinge_B,42,9,97,65,playing cymbal,"female speech, woman speaking",False,True,1
hinge_B,42,9,97,70,playing cymbal,playing acoustic guitar,False,True,2
hinge_B,42,9,97,74,playing cymbal,yodelling,False,True,1
hinge_B,42,9,97,77,playing cymbal,printer printing,False,True,1
hinge_B,42,9,97,80,playing cymbal,"electric shaver, electric razor shaving",False,True,2
hinge_B,42,9,97,82,playing cymbal,tap dancing,False,True,4
hinge_B,42,9,97,86,playing cymbal,police radio chatter,False,True,1
hinge_B,42,9,97,88,playing cymbal,playing electric guitar,False,True,5
hinge_B,42,9,98,21,people booing,playing hammond organ,False,True,1
hinge_B,42,9,98,23,people booing,people cheering,False,True,5
hinge_B,42,9,98,25,people booing,bowling impact,False,True,1
hinge_B,42,9,98,26,people booing,people marching,False,True,1
hinge_B,42,9,98,41,people booing,playing squash,False,True,2
hinge_B,42,9,98,62,people booing,people crowd,False,True,8
hinge_B,42,9,98,74,people booing,yodelling,False,True,2
hinge_B,42,9,98,82,people booing,tap dancing,False,True,1
hinge_B,42,9,98,86,people booing,police radio chatter,False,True,4
hinge_B,42,9,98,98,people booing,people booing,False,False,25
hinge_B,42,9,99,2,dog growling,"heart sounds, heartbeat",False,True,1
hinge_B,42,9,99,4,dog growling,cap gun shooting,False,True,1
hinge_B,42,9,99,6,dog growling,"child speech, kid speaking",False,True,5
hinge_B,42,9,99,7,dog growling,baby laughter,False,True,1
hinge_B,42,9,99,8,dog growling,playing table tennis,False,True,1
hinge_B,42,9,99,9,dog growling,lighting firecrackers,False,True,1
hinge_B,42,9,99,17,dog growling,people whispering,False,True,2
hinge_B,42,9,99,28,dog growling,goose honking,False,True,4
hinge_B,42,9,99,60,dog growling,"pigeon, dove cooing",False,True,3
hinge_B,42,9,99,62,dog growling,people crowd,False,True,1
hinge_B,42,9,99,65,dog growling,"female speech, woman speaking",False,True,1
hinge_B,42,9,99,77,dog growling,printer printing,False,True,2
hinge_B,42,9,99,86,dog growling,police radio chatter,False,True,1
hinge_B,42,9,99,88,dog growling,playing electric guitar,False,True,1
hinge_B,42,9,99,89,dog growling,people whistling,False,True,1
hinge_B,42,9,99,91,dog growling,"male speech, man speaking",False,False,5
hinge_B,42,9,99,99,dog growling,dog growling,False,False,19
