method,seed,step,feature,class_id,category_name,first_seen_step,age,difficulty_rank,difficulty_quartile,age_group,n_reference,n_query,reference_dispersion,query_dispersion,mean_margin,p10_margin,centroid_accuracy,knn_purity,closest_class,closest_class_similarity
avcil,42,1,audio,0,playing volleyball,0,1,13,1,1-2,20,50,0.31726219528323146,0.36282432446039997,0.06967275814345181,-0.1540662205692159,0.68,0.5720000000000001,6,0.6418228468542437
avcil,42,1,audio,1,child singing,0,1,88,4,1-2,20,50,0.26647913758785,0.37511608958884596,-0.020903829626369844,-0.3248944792161867,0.54,0.43599999999999994,11,0.6893460393872164
avcil,42,1,audio,2,"heart sounds, heartbeat",0,1,11,1,1-2,20,50,0.21956493933664442,0.23631542234217912,0.19589956481456888,-0.05706549405430603,0.88,0.6799999999999998,17,0.6825364235987696
avcil,42,1,audio,3,singing bowl,0,1,35,2,1-2,20,50,0.2618341387601828,0.2987700770857562,0.023124839030603837,-0.10213521472293888,0.7,0.292,19,0.7616716595404167
avcil,42,1,audio,4,cap gun shooting,0,1,58,3,1-2,20,50,0.23232992035080127,0.36628547944953105,-0.04358287813332655,-0.2346236558220176,0.4,0.252,7,0.608767692429153
avcil,42,1,audio,5,rope skipping,0,1,31,2,1-2,20,50,0.3766139347495324,0.4234752190524685,-0.05717839490628489,-0.1909183930419995,0.32,0.23600000000000004,8,0.7561203937763017
avcil,42,1,audio,6,"child speech, kid speaking",0,1,80,4,1-2,20,50,0.27329503295291147,0.3576963858944095,-0.007865128352049545,-0.2501724091381096,0.5,0.47200000000000003,17,0.7122987029905156
avcil,42,1,audio,7,baby laughter,0,1,37,2,1-2,20,50,0.24932643199525167,0.3365856723691217,-0.01796143177584799,-0.2112432468753905,0.6,0.312,6,0.7055675485026152
avcil,42,1,audio,8,playing table tennis,0,1,3,1,1-2,20,50,0.31762872587431823,0.3679308394967129,-0.0010079636825836024,-0.17375558099506283,0.46,0.336,9,0.7849263487853267
avcil,42,1,audio,9,lighting firecrackers,0,1,95,4,1-2,20,50,0.3294420668573875,0.4294243483981342,-0.0860364524192269,-0.2892069836925102,0.38,0.24,8,0.7849263487853267
avcil,42,1,audio,10,playing bass drum,1,0,44,2,new,20,50,0.27587285145381024,0.2793465552002652,0.12521370838057624,-0.05556048807676994,0.88,0.68,5,0.6905141240975696
avcil,42,1,audio,11,playing banjo,1,0,66,3,new,20,50,0.1334604039975255,0.27125900084192167,0.07577975191339856,-0.1687415415877248,0.8,0.74,1,0.6893460393872164
avcil,42,1,audio,12,fire truck siren,1,0,72,3,new,20,50,0.19120236333103452,0.3213082002504917,0.04163549740771375,-0.2348122462770718,0.66,0.608,15,0.8373370307371337
avcil,42,1,audio,13,playing bagpipes,1,0,15,1,new,20,50,0.13802952723959144,0.24032499001964522,0.14114430624339222,-0.12115130906245349,0.82,0.784,1,0.6664324946585025
avcil,42,1,audio,14,playing french horn,1,0,73,3,new,20,50,0.1795133443172637,0.22447437475820314,0.06659954824735304,-0.09717608969327977,0.66,0.6759999999999999,19,0.759561491008984
avcil,42,1,audio,15,civil defense siren,1,0,27,2,new,20,50,0.19056629126679245,0.285405383513681,0.009098623464021625,-0.13867417122285094,0.54,0.54,12,0.8373370307371337
avcil,42,1,audio,16,tractor digging,1,0,10,1,new,20,50,0.19400992588331106,0.21463060278655358,0.21079389438716117,-0.008066996914904674,0.86,0.816,18,0.6359931369309622
avcil,42,1,audio,17,people whispering,1,0,23,1,new,20,50,0.24745565892464066,0.13820512220281406,0.25234512419787736,0.16311246572573723,1.0,0.8439999999999998,6,0.7122987029905156
avcil,42,1,audio,18,lathe spinning,1,0,6,1,new,20,50,0.25088212731595605,0.25008900422010377,0.17123306485228212,-0.04716643509373964,0.86,0.6240000000000001,16,0.6359931369309622
avcil,42,1,audio,19,playing theremin,1,0,85,4,new,20,50,0.23400719092155337,0.357434452435521,-0.05967877920949293,-0.28573276060771025,0.42,0.336,3,0.7616716595404167
avcil,42,1,visual,0,playing volleyball,0,1,13,1,1-2,20,50,0.15505461959455985,0.2312049751285919,0.12344613211947804,-0.1126725830996039,0.84,0.7719999999999999,5,0.6622294022751698
avcil,42,1,visual,1,child singing,0,1,88,4,1-2,20,50,0.276551030518443,0.3699828249021464,0.009103263755228878,-0.1815655088000881,0.56,0.4,11,0.73600426815733
avcil,42,1,visual,2,"heart sounds, heartbeat",0,1,11,1,1-2,20,50,0.2722840496903218,0.3276077406925742,0.02626281609167811,-0.12939785032445056,0.56,0.48,17,0.783598607431959
avcil,42,1,visual,3,singing bowl,0,1,35,2,1-2,20,50,0.297061510400751,0.4369234016534483,-0.06822100961237397,-0.24078714933286402,0.34,0.26,2,0.6821062644025924
avcil,42,1,visual,4,cap gun shooting,0,1,58,3,1-2,20,50,0.2511156688126208,0.39001754655456655,-0.03902218131427462,-0.2474324513979352,0.36,0.3439999999999999,3,0.6432194874172914
avcil,42,1,visual,5,rope skipping,0,1,31,2,1-2,20,50,0.17333166819693369,0.2472872733767897,0.14204139107383665,-0.08088665661746583,0.8,0.7760000000000001,0,0.6622294022751698
avcil,42,1,visual,6,"child speech, kid speaking",0,1,80,4,1-2,20,50,0.31076604260927815,0.43093720288403714,-0.07847392855472811,-0.24484618149152942,0.28,0.20400000000000001,17,0.7815125739118773
avcil,42,1,visual,7,baby laughter,0,1,37,2,1-2,20,50,0.19801429598221243,0.31206147766444325,0.06108523009313289,-0.21135198308145636,0.76,0.7,6,0.7430177306415253
avcil,42,1,visual,8,playing table tennis,0,1,3,1,1-2,20,50,0.13213204805855697,0.18772253866209826,0.19005709062580042,-0.02126223306201213,0.86,0.8639999999999999,5,0.596544040464267
avcil,42,1,visual,9,lighting firecrackers,0,1,95,4,1-2,20,50,0.18906896632019685,0.2807954806515106,0.10670951402163736,-0.0873609078772541,0.72,0.6839999999999999,16,0.6451466710274173
avcil,42,1,visual,10,playing bass drum,1,0,44,2,new,20,50,0.2836031372823443,0.34356858319998407,0.0753922964308969,-0.13129919540448173,0.7,0.604,11,0.6658808419207123
avcil,42,1,visual,11,playing banjo,1,0,66,3,new,20,50,0.25853248634139414,0.42619322868960124,-0.06318702599078302,-0.3246590530147849,0.38,0.33199999999999996,1,0.73600426815733
avcil,42,1,visual,12,fire truck siren,1,0,72,3,new,20,50,0.22454984275238798,0.2943257559629537,0.07873610723404059,-0.1389023720476545,0.76,0.684,15,0.7662370549331126
avcil,42,1,visual,13,playing bagpipes,1,0,15,1,new,20,50,0.24574666541283516,0.4217473226527165,-0.04561504917069883,-0.36932479105612187,0.52,0.376,14,0.71231583062935
avcil,42,1,visual,14,playing french horn,1,0,73,3,new,20,50,0.3343613752462365,0.4264835970262372,-0.09023741235442433,-0.28765310453794707,0.34,0.21600000000000003,19,0.797179773541521
avcil,42,1,visual,15,civil defense siren,1,0,27,2,new,20,50,0.2727259644561792,0.3557614066423562,0.02909435049666731,-0.1579378148327226,0.48,0.44800000000000006,12,0.7662370549331126
avcil,42,1,visual,16,tractor digging,1,0,10,1,new,20,50,0.214749699340033,0.2449533848054533,0.16445795128813256,-0.03453573381463071,0.86,0.7480000000000001,12,0.6551135238562551
avcil,42,1,visual,17,people whispering,1,0,23,1,new,20,50,0.26685898935880265,0.3732059017672652,-0.06368062230877404,-0.24200417453001002,0.4,0.348,2,0.783598607431959
avcil,42,1,visual,18,lathe spinning,1,0,6,1,new,20,50,0.25247422741704656,0.2987192048666406,0.11855707971093446,-0.06825655564993612,0.8,0.736,10,0.6328505902205858
avcil,42,1,visual,19,playing theremin,1,0,85,4,new,20,50,0.33607282912908226,0.44506417662171577,-0.07604914741256409,-0.238818639532893,0.34,0.17200000000000004,14,0.797179773541521
avcil,42,1,fusion,0,playing volleyball,0,1,13,1,1-2,20,50,0.17681208953690813,0.21855095342920067,0.16887687102871263,-0.0037702987280919015,0.88,0.848,5,0.6547325964767899
avcil,42,1,fusion,1,child singing,0,1,88,4,1-2,20,50,0.2196335361930629,0.30785766268979614,0.02253655314149172,-0.23932979810794924,0.54,0.5000000000000001,11,0.693663322933873
avcil,42,1,fusion,2,"heart sounds, heartbeat",0,1,11,1,1-2,20,50,0.1888591812414449,0.20221591588503451,0.17041482358813645,-0.03477235141401756,0.86,0.7880000000000001,17,0.7210140494473918
avcil,42,1,fusion,3,singing bowl,0,1,35,2,1-2,20,50,0.2175812282675691,0.26838744477724186,0.033736168775315614,-0.07109597544280513,0.7,0.39199999999999996,19,0.7455660061252715
avcil,42,1,fusion,4,cap gun shooting,0,1,58,3,1-2,20,50,0.1793889262389736,0.3025393987790217,0.0027058315882548876,-0.17744451977973832,0.5,0.39199999999999996,17,0.6237860972986151
avcil,42,1,fusion,5,rope skipping,0,1,31,2,1-2,20,50,0.22464944369748108,0.2711888396901334,0.07162371177943204,-0.05862822704481598,0.8,0.624,8,0.7186787773971797
avcil,42,1,fusion,6,"child speech, kid speaking",0,1,80,4,1-2,20,50,0.2326953221708398,0.3049896141861177,0.01688741304509487,-0.1733950902933036,0.56,0.484,17,0.7432787284509206
avcil,42,1,fusion,7,baby laughter,0,1,37,2,1-2,20,50,0.18145575485280668,0.25846550281044073,0.034917109101442294,-0.17596966035223827,0.68,0.608,6,0.7419321259464678
avcil,42,1,fusion,8,playing table tennis,0,1,3,1,1-2,20,50,0.18659727797691866,0.22345347293899703,0.12681315508204705,-0.008996636866844559,0.86,0.784,5,0.7186787773971797
avcil,42,1,fusion,9,lighting firecrackers,0,1,95,4,1-2,20,50,0.20817191070465824,0.30061945600845935,0.05039909692698544,-0.16073435490243812,0.64,0.536,16,0.5964604197532879
avcil,42,1,fusion,10,playing bass drum,1,0,44,2,new,20,50,0.23901375800050761,0.2328314898898488,0.1944322767827781,0.04410845939461307,0.9,0.816,5,0.6159360208310988
avcil,42,1,fusion,11,playing banjo,1,0,66,3,new,20,50,0.12799766151047076,0.24913876505695964,0.073199901552501,-0.13228178278170774,0.76,0.748,1,0.693663322933873
avcil,42,1,fusion,12,fire truck siren,1,0,72,3,new,20,50,0.16533928463720654,0.24760032057266418,0.08799096075863426,-0.11448899404266515,0.72,0.748,15,0.8233370524791723
avcil,42,1,fusion,13,playing bagpipes,1,0,15,1,new,20,50,0.13045347542195254,0.21868219064324596,0.13855830545698888,-0.10756574399339647,0.78,0.78,1,0.6664515768289021
avcil,42,1,fusion,14,playing french horn,1,0,73,3,new,20,50,0.1763455176790964,0.20787841839185908,0.06484735845847008,-0.08554677721933554,0.68,0.7040000000000001,19,0.7700543426820106
avcil,42,1,fusion,15,civil defense siren,1,0,27,2,new,20,50,0.17738303737669725,0.24531696668280728,0.04123848187313077,-0.12270263943888139,0.62,0.632,12,0.8233370524791723
avcil,42,1,fusion,16,tractor digging,1,0,10,1,new,20,50,0.16483871167730824,0.16282922459193164,0.2520111206658396,0.09308080080703313,1.0,0.956,18,0.6005578264923992
avcil,42,1,fusion,17,people whispering,1,0,23,1,new,20,50,0.21672396376220457,0.13754423417262246,0.19886019093010038,0.13147784228956047,1.0,0.92,6,0.7432787284509206
avcil,42,1,fusion,18,lathe spinning,1,0,6,1,new,20,50,0.21491830563602726,0.20150240315598264,0.22858030319862274,0.03304393661352245,0.96,0.804,16,0.6005578264923992
avcil,42,1,fusion,19,playing theremin,1,0,85,4,new,20,50,0.2211473650777393,0.3170487487657499,-0.030688727306206972,-0.2386627441824054,0.52,0.36400000000000005,14,0.7700543426820106
avcil,42,5,audio,0,playing volleyball,0,5,13,1,3-5,20,50,0.3468864923978422,0.38433869692361095,-0.002819903682565854,-0.216542080359613,0.56,0.308,41,0.7904665721952522
avcil,42,5,audio,1,child singing,0,5,88,4,3-5,20,50,0.33080340567391997,0.43554708575399786,-0.08830518159004651,-0.33622528710420096,0.32,0.184,54,0.8544664521788532
avcil,42,5,audio,2,"heart sounds, heartbeat",0,5,11,1,3-5,20,50,0.29265613710548444,0.2989015364670768,0.09777561258671211,-0.17140470786488202,0.74,0.49200000000000005,34,0.7261926607776479
avcil,42,5,audio,3,singing bowl,0,5,35,2,3-5,20,50,0.3287476242839074,0.4424547776131378,-0.08791852346334796,-0.23847316892434708,0.32,0.10400000000000002,32,0.7293448120319225
avcil,42,5,audio,4,cap gun shooting,0,5,58,3,3-5,20,50,0.24601056453248393,0.36181484994908175,-0.046511998340906476,-0.2142068110193153,0.34,0.264,7,0.7038085603089863
avcil,42,5,audio,5,rope skipping,0,5,31,2,3-5,20,50,0.4377244054345074,0.4513224342747463,-0.09499021056368609,-0.1960665424565173,0.06,0.132,8,0.7999447424008213
avcil,42,5,audio,6,"child speech, kid speaking",0,5,80,4,3-5,20,50,0.291071180704755,0.39656174598730004,-0.029723451566707398,-0.2909341599509497,0.48,0.38400000000000006,28,0.7961450067709879
avcil,42,5,audio,7,baby laughter,0,5,37,2,3-5,20,50,0.2332024402249835,0.31245845832860775,-0.0147550475407614,-0.205340201584741,0.62,0.41600000000000004,6,0.7190045718798587
avcil,42,5,audio,8,playing table tennis,0,5,3,1,3-5,20,50,0.3698446995923767,0.4089004098332895,-0.0425369150369748,-0.17151661033831408,0.34,0.15200000000000002,5,0.7999447424008213
avcil,42,5,audio,9,lighting firecrackers,0,5,95,4,3-5,20,50,0.3697763195268596,0.5148567817122295,-0.16183573261137466,-0.31357492057979547,0.12,0.07600000000000001,56,0.8809763015641559
avcil,42,5,audio,10,playing bass drum,1,4,44,2,3-5,20,50,0.348710824572225,0.3427005879006078,-0.008750079090710794,-0.12495294832698602,0.54,0.26399999999999996,38,0.7710467627859969
avcil,42,5,audio,11,playing banjo,1,4,66,3,3-5,20,50,0.1939883471016786,0.347074746377639,-0.01545074876495365,-0.28167072470055027,0.6,0.46,54,0.7580237191563461
avcil,42,5,audio,12,fire truck siren,1,4,72,3,3-5,20,50,0.22739505724874237,0.3897251434306639,-0.10384302026397854,-0.2780904214071386,0.34,0.28,15,0.8639048475868116
avcil,42,5,audio,13,playing bagpipes,1,4,15,1,3-5,20,50,0.16812555054281128,0.2687099825797818,0.07563569757127439,-0.12099008284535637,0.74,0.684,54,0.7047842969654559
avcil,42,5,audio,14,playing french horn,1,4,73,3,3-5,20,50,0.2576829397913464,0.317415602698036,-0.07025396215292225,-0.2076705937379954,0.28,0.22400000000000006,45,0.8530953764932481
avcil,42,5,audio,15,civil defense siren,1,4,27,2,3-5,20,50,0.2552682289021481,0.3464462144445409,-0.020363357262226975,-0.21178913596423304,0.54,0.3719999999999999,12,0.8639048475868116
avcil,42,5,audio,16,tractor digging,1,4,10,1,3-5,20,50,0.273541777734645,0.3020190275135375,0.01986554002671625,-0.08843182848296667,0.64,0.38800000000000007,39,0.7582374751644106
avcil,42,5,audio,17,people whispering,1,4,23,1,3-5,20,50,0.28574073323762017,0.17460568708335555,0.15386160778131,0.0734106234728574,0.96,0.56,28,0.7069137375612546
avcil,42,5,audio,18,lathe spinning,1,4,6,1,3-5,20,50,0.32535898671960944,0.311216583243618,0.013527320145898534,-0.1282165797813741,0.54,0.30000000000000004,30,0.7973143265595297
avcil,42,5,audio,19,playing theremin,1,4,85,4,3-5,20,50,0.33278037592696774,0.46940031937528554,-0.1557134307790893,-0.30030391081648034,0.1,0.084,31,0.8179844688014993
avcil,42,5,audio,20,playing glockenspiel,2,3,28,2,3-5,20,50,0.24053215032674782,0.3438150916815056,-0.012333231755587835,-0.28169053027238306,0.52,0.44400000000000006,52,0.6828492508033768
avcil,42,5,audio,21,playing hammond organ,2,3,90,4,3-5,20,50,0.31264969033557516,0.4523961508542127,-0.13360417357654342,-0.30446286086096896,0.14,0.08800000000000001,24,0.8769192333161019
avcil,42,5,audio,22,police car (siren),2,3,68,3,3-5,20,50,0.2643443783312778,0.3758130426089162,-0.02172232077913467,-0.27043553823284855,0.56,0.456,12,0.7801347001236146
avcil,42,5,audio,23,people cheering,2,3,60,3,3-5,20,50,0.31804673025224367,0.32103833572786344,0.08042547035074687,-0.14191133005760667,0.72,0.512,53,0.6917492408435457
avcil,42,5,audio,24,playing electronic organ,2,3,91,4,3-5,20,50,0.2685861949511011,0.44387982192240927,-0.12846313147774782,-0.2720048423366404,0.18,0.09600000000000002,21,0.8769192333161019
avcil,42,5,audio,25,bowling impact,2,3,8,1,3-5,20,50,0.38404345843488763,0.40738137955837395,-0.04865388558852359,-0.17170921614076284,0.24,0.16,35,0.8377737124152999
avcil,42,5,audio,26,people marching,2,3,24,1,3-5,20,50,0.3859173907928716,0.46267524077312616,-0.09211936432547375,-0.24244603420455513,0.28,0.152,50,0.7860636160141121
avcil,42,5,audio,27,playing bass guitar,2,3,81,4,3-5,20,50,0.2706284930793604,0.3848623502583126,-0.06343640597744017,-0.2693477287347872,0.36,0.26,33,0.7621264656699818
avcil,42,5,audio,28,goose honking,2,3,74,3,3-5,20,50,0.3620086869314858,0.4302130751229887,-0.08909563806703329,-0.26796487870119545,0.26,0.2,6,0.7961450067709879
avcil,42,5,audio,29,playing trombone,2,3,69,3,3-5,20,50,0.29704532539203155,0.34294802712622235,-0.05078179458569407,-0.19156446980892813,0.4,0.21600000000000003,14,0.8282473666922042
avcil,42,5,audio,30,helicopter,3,2,50,3,1-2,20,50,0.2650792373348203,0.42472179028985935,-0.10504004334376331,-0.33076881606010466,0.34,0.19599999999999998,18,0.7973143265595297
avcil,42,5,audio,31,playing erhu,3,2,18,1,1-2,20,50,0.2588367557156776,0.2769707092760517,0.010643368242600917,-0.11311043514378327,0.52,0.34800000000000003,19,0.8179844688014993
avcil,42,5,audio,32,dog howling,3,2,29,2,1-2,20,50,0.2839845426225932,0.48040547086820234,-0.12464254927294985,-0.42441867541551254,0.28,0.192,3,0.7293448120319225
avcil,42,5,audio,33,playing synthesizer,3,2,52,3,1-2,20,50,0.37023377421702697,0.4581501600432364,-0.1328673168662894,-0.3517447217363165,0.16,0.10800000000000001,27,0.7621264656699818
avcil,42,5,audio,34,cat purring,3,2,32,2,1-2,20,50,0.24312035585096328,0.40465485607787705,-0.07178303980353835,-0.3263497910465178,0.38,0.37599999999999995,2,0.7261926607776479
avcil,42,5,audio,35,skiing,3,2,1,1,1-2,20,50,0.3214528715350706,0.3795649162008096,-0.05459319922186788,-0.21225018632080953,0.34,0.21600000000000003,9,0.8425663398823702
avcil,42,5,audio,36,wood thrush calling,3,2,49,2,1-2,20,50,0.2384424192675664,0.2525558982370578,-0.004689186963279777,-0.05895282887885796,0.54,0.52,57,0.962208136834575
avcil,42,5,audio,37,scuba diving,3,2,0,1,1-2,20,50,0.2663962473538608,0.34737058660585524,0.08481860506674897,-0.15674594619309218,0.72,0.47600000000000003,46,0.6793281393242057
avcil,42,5,audio,38,playing tambourine,3,2,36,2,1-2,20,50,0.35371699106403015,0.3395090317889852,-0.004037400349710467,-0.1431085663180663,0.56,0.308,5,0.7770219831062499
avcil,42,5,audio,39,driving motorcycle,3,2,48,2,1-2,20,50,0.25624422649280376,0.42252439580450224,-0.0670754117467644,-0.25092038481688794,0.38,0.244,46,0.8601159561902563
avcil,42,5,audio,40,vacuum cleaner cleaning floors,4,1,57,3,1-2,20,50,0.3706960607718198,0.5009389972341228,-0.16923667432039083,-0.2915058208561526,0.08,0.07200000000000001,18,0.7708458419461095
avcil,42,5,audio,41,playing squash,4,1,4,1,1-2,20,50,0.4163236151140211,0.4966010925078773,-0.14411952445579387,-0.2994896472578745,0.02,0.11200000000000002,25,0.7963619411402105
avcil,42,5,audio,42,slot machine,4,1,12,1,1-2,20,50,0.3956750664228076,0.4840480915376766,-0.048069199804401545,-0.21594449963556137,0.36,0.196,5,0.7004960844222254
avcil,42,5,audio,43,beat boxing,4,1,41,2,1-2,20,50,0.2756645544312611,0.33418300978183657,0.005667212610760019,-0.16322878407636812,0.56,0.396,9,0.7729278535178863
avcil,42,5,audio,44,playing cello,4,1,82,4,1-2,20,50,0.2151448671537962,0.36704882832720154,-0.08586058426897257,-0.2504713953664695,0.36,0.264,58,0.8855351523604349
avcil,42,5,audio,45,playing cornet,4,1,7,1,1-2,20,50,0.2593925033587615,0.2867153137974072,-0.02450621158991357,-0.16646089654632684,0.48,0.33599999999999997,14,0.8530953764932481
avcil,42,5,audio,46,wind noise,4,1,78,4,1-2,20,50,0.25063043165361387,0.39077292312426976,-0.08436522636547124,-0.2651970898787917,0.28,0.20800000000000002,39,0.8601159561902563
avcil,42,5,audio,47,"playing steel guitar, slide guitar",4,1,45,2,1-2,20,50,0.3072099963683433,0.36441944403722637,-0.06455624039030754,-0.2430037539532137,0.36,0.18799999999999997,54,0.835426449811224
avcil,42,5,audio,48,orchestra,4,1,86,4,1-2,20,50,0.29156344356991504,0.37608279301741887,-0.05000454994304059,-0.21605162214344095,0.4,0.204,29,0.7985834285547946
avcil,42,5,audio,49,playing harp,4,1,59,3,1-2,20,50,0.17792559620077225,0.3192399874161285,-0.059372944310822275,-0.23255056411334657,0.36,0.35200000000000004,58,0.8932546134670875
avcil,42,5,audio,50,roller coaster running,5,0,30,2,new,20,50,0.35623602388146225,0.41619177925224216,-0.04817803534816579,-0.24731209535058712,0.38,0.204,51,0.7932252181832414
avcil,42,5,audio,51,missile launch,5,0,21,1,new,20,50,0.3231513541247252,0.3917845223635015,-0.06663683877283912,-0.2002703262451061,0.34,0.22,53,0.8489064286480859
avcil,42,5,audio,52,"playing marimba, xylophone",5,0,97,4,new,20,50,0.30319972659275884,0.4304949761000405,-0.10806099389995999,-0.22646171396369771,0.14,0.132,49,0.8840878786874241
avcil,42,5,audio,53,airplane flyby,5,0,5,1,new,20,50,0.2909439268171471,0.3312787804403333,-0.02628636718976508,-0.17312419424634462,0.46,0.324,51,0.8489064286480859
avcil,42,5,audio,54,playing saxophone,5,0,89,4,new,20,50,0.22492503890364574,0.3550316126361766,-0.05477980118651805,-0.16450341287190517,0.28,0.288,1,0.8544664521788532
avcil,42,5,audio,55,"subway, metro, underground",5,0,33,2,new,20,50,0.26028520622629064,0.3868741306583082,-0.05254740002140708,-0.28595906806769217,0.48,0.28800000000000003,53,0.7617511791586189
avcil,42,5,audio,56,arc welding,5,0,17,1,new,20,50,0.33562374400371364,0.41710429334925836,-0.07189353221980115,-0.20680985859809303,0.3,0.316,9,0.8809763015641559
avcil,42,5,audio,57,mynah bird singing,5,0,62,3,new,20,50,0.27397734845221255,0.27851317314249036,-0.03659660245227066,-0.15313820251465682,0.38,0.25199999999999995,36,0.962208136834575
avcil,42,5,audio,58,playing piano,5,0,79,4,new,20,50,0.26047084429815615,0.3285130088248797,-0.05412072565540036,-0.19723449163164922,0.36,0.26,49,0.8932546134670875
avcil,42,5,audio,59,playing bongo,5,0,14,1,new,20,50,0.24114749373933955,0.2842725751614543,0.07952751193363693,-0.1123932760734609,0.74,0.6920000000000001,10,0.7133964282134686
avcil,42,5,visual,0,playing volleyball,0,5,13,1,3-5,20,50,0.21765108704537356,0.2996165687950461,0.015913527779404097,-0.18496314976442876,0.66,0.556,41,0.768468508062759
avcil,42,5,visual,1,child singing,0,5,88,4,3-5,20,50,0.3801190304605768,0.46854393154807306,-0.05693706782332903,-0.20777350199351205,0.36,0.188,43,0.8058826168919557
avcil,42,5,visual,2,"heart sounds, heartbeat",0,5,11,1,3-5,20,50,0.36347423228983955,0.4365440829514496,-0.0027510314475475495,-0.15129842841431565,0.52,0.37199999999999994,17,0.7916836425307703
avcil,42,5,visual,3,singing bowl,0,5,35,2,3-5,20,50,0.4219105137192739,0.56384900783003,-0.11244890681487382,-0.26273311452380954,0.18,0.1,38,0.6817996643839579
avcil,42,5,visual,4,cap gun shooting,0,5,58,3,3-5,20,50,0.3554612624089609,0.4638864155052824,-0.053253280094807724,-0.19861561240359696,0.36,0.21600000000000003,40,0.7162540107484795
avcil,42,5,visual,5,rope skipping,0,5,31,2,3-5,20,50,0.24607261786971826,0.3174706223373082,0.03169512562607995,-0.08265593650678446,0.7,0.48800000000000004,41,0.8049487459519409
avcil,42,5,visual,6,"child speech, kid speaking",0,5,80,4,3-5,20,50,0.3716443141636431,0.49522723797259505,-0.10696386544671195,-0.27528528354077425,0.16,0.10800000000000001,7,0.7915718273208938
avcil,42,5,visual,7,baby laughter,0,5,37,2,3-5,20,50,0.25914786496733894,0.37821353271564284,0.012494685292885612,-0.17623603214610348,0.74,0.468,6,0.7915718273208938
avcil,42,5,visual,8,playing table tennis,0,5,3,1,3-5,20,50,0.16946161326889425,0.22665574261851776,0.07853876173261251,-0.018673328211274955,0.86,0.684,41,0.788659292950713
avcil,42,5,visual,9,lighting firecrackers,0,5,95,4,3-5,20,50,0.29632558364318473,0.38034384238227587,-0.018198731675924548,-0.1626328076508734,0.46,0.348,28,0.772513452890293
avcil,42,5,visual,10,playing bass drum,1,4,44,2,3-5,20,50,0.3980973248590999,0.45279631196518744,-0.021957525159756387,-0.19793158871584351,0.46,0.32799999999999996,59,0.7618525127330701
avcil,42,5,visual,11,playing banjo,1,4,66,3,3-5,20,50,0.4071821363954733,0.5596694299055153,-0.13307322762862397,-0.34659689876812855,0.1,0.11200000000000002,27,0.7967473550647175
avcil,42,5,visual,12,fire truck siren,1,4,72,3,3-5,20,50,0.32356887253243993,0.3829407394368388,-0.022528347504512963,-0.17326692523793644,0.46,0.38400000000000006,22,0.8905736807639411
avcil,42,5,visual,13,playing bagpipes,1,4,15,1,3-5,20,50,0.34432362438872316,0.5119133855941318,-0.08145067004015455,-0.3208319570233288,0.34,0.228,29,0.744994273465517
avcil,42,5,visual,14,playing french horn,1,4,73,3,3-5,20,50,0.45916851214987064,0.5134007572351154,-0.1023949264563986,-0.24817706112979182,0.1,0.08,45,0.8794260665621813
avcil,42,5,visual,15,civil defense siren,1,4,27,2,3-5,20,50,0.4118978074241585,0.48876482660246057,-0.04413928950060957,-0.1522946356205091,0.32,0.18,12,0.7628118677833051
avcil,42,5,visual,16,tractor digging,1,4,10,1,3-5,20,50,0.30834113976373745,0.35261674537947735,0.0648403994641131,-0.11357790955217065,0.72,0.40399999999999997,39,0.8146306484331454
avcil,42,5,visual,17,people whispering,1,4,23,1,3-5,20,50,0.35642504978341427,0.4490740045563096,-0.06381633489006404,-0.2297787748193512,0.4,0.272,2,0.7916836425307703
avcil,42,5,visual,18,lathe spinning,1,4,6,1,3-5,20,50,0.36903438821645335,0.4308308208983789,0.048408031962053365,-0.11533450275467012,0.7,0.47200000000000003,56,0.7323387176165987
avcil,42,5,visual,19,playing theremin,1,4,85,4,3-5,20,50,0.4657900163425849,0.5723665403688976,-0.12386066123848964,-0.27558614510611307,0.08,0.04,14,0.8445295822872341
avcil,42,5,visual,20,playing glockenspiel,2,3,28,2,3-5,20,50,0.44733635654842513,0.4653239128949662,-0.07020496079112469,-0.19118632299852298,0.22,0.15600000000000003,33,0.8003650272033315
avcil,42,5,visual,21,playing hammond organ,2,3,90,4,3-5,20,50,0.27960690561613705,0.5786548567397549,-0.17456095413663342,-0.36488107156470445,0.12,0.1,24,0.9325987389682389
avcil,42,5,visual,22,police car (siren),2,3,68,3,3-5,20,50,0.3424683144517328,0.47440011229564083,-0.09340987131871746,-0.29071620081700067,0.3,0.18,12,0.8905736807639411
avcil,42,5,visual,23,people cheering,2,3,60,3,3-5,20,50,0.33897123660079553,0.3916774921923182,-0.027327353924599843,-0.13684493260927547,0.46,0.316,26,0.8975279549737268
avcil,42,5,visual,24,playing electronic organ,2,3,91,4,3-5,20,50,0.2583941989837718,0.5189545314915333,-0.16108763751766278,-0.35596245170328283,0.24,0.172,21,0.9325987389682389
avcil,42,5,visual,25,bowling impact,2,3,8,1,3-5,20,50,0.2288881626044244,0.3155226073925612,0.044694053724376376,-0.12555572227695658,0.74,0.652,41,0.7742120921919933
avcil,42,5,visual,26,people marching,2,3,24,1,3-5,20,50,0.30991891784472586,0.33948435646987074,-0.02220417671627289,-0.08849285252655609,0.44,0.312,23,0.8975279549737268
avcil,42,5,visual,27,playing bass guitar,2,3,81,4,3-5,20,50,0.3964990261156928,0.5314266837708207,-0.09181708079168839,-0.24452194993690984,0.26,0.10399999999999998,47,0.8243652300617503
avcil,42,5,visual,28,goose honking,2,3,74,3,3-5,20,50,0.32404652300262793,0.39106780160954907,-0.06838796694251804,-0.1805449347518727,0.32,0.10400000000000001,46,0.8683933476947305
avcil,42,5,visual,29,playing trombone,2,3,69,3,3-5,20,50,0.44401998409349697,0.583477318358,-0.15304332727729938,-0.3363318822887043,0.14,0.068,14,0.822445396463624
avcil,42,5,visual,30,helicopter,3,2,50,3,1-2,20,50,0.35633182952710324,0.43998326849244745,-0.08272405831378972,-0.2079735762446669,0.16,0.128,53,0.8777263496416067
avcil,42,5,visual,31,playing erhu,3,2,18,1,1-2,20,50,0.40257842286261464,0.49805797583067274,-0.05552893203860926,-0.1658803834355505,0.32,0.16,44,0.8058615243693956
avcil,42,5,visual,32,dog howling,3,2,29,2,1-2,20,50,0.40392913108998496,0.5261660990756143,-0.10001472596145856,-0.2644586023006184,0.28,0.136,7,0.7775499011524745
avcil,42,5,visual,33,playing synthesizer,3,2,52,3,1-2,20,50,0.325672576447127,0.5033361748909687,-0.09893492474894482,-0.2812162646074619,0.28,0.22399999999999998,20,0.8003650272033315
avcil,42,5,visual,34,cat purring,3,2,32,2,1-2,20,50,0.2943604510555857,0.39685293476178246,-0.012480191557822982,-0.23959832686600158,0.56,0.42400000000000004,32,0.7583536461122045
avcil,42,5,visual,35,skiing,3,2,1,1,1-2,20,50,0.22615615208177892,0.2641182903177763,0.08957921100032344,-0.0654806588600509,0.8,0.736,28,0.7630284486286654
avcil,42,5,visual,36,wood thrush calling,3,2,49,2,1-2,20,50,0.3420918632561279,0.39845456835681886,-0.016188072196396355,-0.10197944377399622,0.5,0.44,57,0.9135678151702902
avcil,42,5,visual,37,scuba diving,3,2,0,1,1-2,20,50,0.220243279690738,0.23270168884716239,0.12734637403493917,-0.015354618462134761,0.86,0.852,9,0.7391052690827131
avcil,42,5,visual,38,playing tambourine,3,2,36,2,1-2,20,50,0.42331335565039063,0.481854900482891,-0.08480092026931028,-0.281877111708142,0.34,0.132,43,0.7964812447138583
avcil,42,5,visual,39,driving motorcycle,3,2,48,2,1-2,20,50,0.41250169466076836,0.4808820265879132,-0.05926418939241071,-0.17153381934374262,0.2,0.124,16,0.8146306484331454
avcil,42,5,visual,40,vacuum cleaner cleaning floors,4,1,57,3,1-2,20,50,0.3552524852778932,0.48712609054665085,-0.08163450010327696,-0.2418049840269297,0.24,0.14800000000000002,56,0.7794131814941507
avcil,42,5,visual,41,playing squash,4,1,4,1,1-2,20,50,0.20835273184338948,0.181802847582839,0.06360526430073148,0.0034309506266884124,0.92,0.7879999999999999,5,0.8049487459519409
avcil,42,5,visual,42,slot machine,4,1,12,1,1-2,20,50,0.182440979764873,0.22271679438844078,0.235234355002213,-0.054297208787898746,0.86,0.8240000000000001,20,0.6293043341849813
avcil,42,5,visual,43,beat boxing,4,1,41,2,1-2,20,50,0.39423541533985634,0.45710285845877907,-0.05783450164232213,-0.18179622205181944,0.28,0.14400000000000002,1,0.8058826168919557
avcil,42,5,visual,44,playing cello,4,1,82,4,1-2,20,50,0.3827486510503214,0.5669146446102126,-0.14966810959720345,-0.29554435168945326,0.16,0.05600000000000001,14,0.8145250150862051
avcil,42,5,visual,45,playing cornet,4,1,7,1,1-2,20,50,0.4404002015694804,0.47735094218366286,-0.052697752797191286,-0.15747793323540715,0.28,0.16,14,0.8794260665621813
avcil,42,5,visual,46,wind noise,4,1,78,4,1-2,20,50,0.36615636687995906,0.4838077751946155,-0.09694887252579278,-0.22209013187668977,0.2,0.096,28,0.8683933476947305
avcil,42,5,visual,47,"playing steel guitar, slide guitar",4,1,45,2,1-2,20,50,0.35828414680374776,0.4718531554374566,-0.06640459049692696,-0.2826364087722878,0.36,0.20800000000000002,27,0.8243652300617503
avcil,42,5,visual,48,orchestra,4,1,86,4,1-2,20,50,0.3273842230905148,0.530997145612332,-0.11123562805382362,-0.27584066249174105,0.24,0.132,19,0.7322172013957577
avcil,42,5,visual,49,playing harp,4,1,59,3,1-2,20,50,0.36977567104973064,0.5378838006919898,-0.08435493867690697,-0.3305579920807132,0.3,0.24,19,0.7396749456153356
avcil,42,5,visual,50,roller coaster running,5,0,30,2,new,20,50,0.25083293719518307,0.351454989781139,0.053738347122725384,-0.183044894152118,0.66,0.584,39,0.7667850957962831
avcil,42,5,visual,51,missile launch,5,0,21,1,new,20,50,0.24058005930115095,0.3399787100662043,0.03473734912592347,-0.19663831406719554,0.74,0.512,9,0.7698035952378545
avcil,42,5,visual,52,"playing marimba, xylophone",5,0,97,4,new,20,50,0.341331828462666,0.6866908345627943,-0.274186038158547,-0.4556317596309136,0.06,0.04,20,0.7366504735405701
avcil,42,5,visual,53,airplane flyby,5,0,5,1,new,20,50,0.20291778479688322,0.2486831817763069,0.04568874365957879,-0.07741288193420448,0.76,0.644,30,0.8777263496416067
avcil,42,5,visual,54,playing saxophone,5,0,89,4,new,20,50,0.33516312115790114,0.6159424272945766,-0.19837063461237342,-0.4203016867813939,0.14,0.09200000000000001,11,0.793564755366833
avcil,42,5,visual,55,"subway, metro, underground",5,0,33,2,new,20,50,0.2693972593401749,0.38448440875052875,0.04738358580923034,-0.19799551526696701,0.58,0.536,22,0.7199957684801667
avcil,42,5,visual,56,arc welding,5,0,17,1,new,20,50,0.31106761362377716,0.3996382416226367,-0.003675120069995771,-0.13441202331128232,0.54,0.35600000000000004,40,0.7794131814941507
avcil,42,5,visual,57,mynah bird singing,5,0,62,3,new,20,50,0.3602881636904264,0.41906961329332326,-0.04195452841524286,-0.17008961930663688,0.32,0.20400000000000001,36,0.9135678151702902
avcil,42,5,visual,58,playing piano,5,0,79,4,new,20,50,0.31502812274222236,0.5599417332446436,-0.16146654643206215,-0.3574142352975745,0.1,0.08800000000000001,24,0.9005781979730738
avcil,42,5,visual,59,playing bongo,5,0,14,1,new,20,50,0.3291612284736048,0.39848814179550196,0.023037653397562002,-0.14920273821670646,0.62,0.5359999999999999,38,0.7766674440248851
avcil,42,5,fusion,0,playing volleyball,0,5,13,1,3-5,20,50,0.2399714735032319,0.281340838378019,0.04871714913659809,-0.10812059019151443,0.68,0.5559999999999999,41,0.802134054465888
avcil,42,5,fusion,1,child singing,0,5,88,4,3-5,20,50,0.29319592038841663,0.38845529288029435,-0.05774096866103002,-0.27761365555166584,0.32,0.2,54,0.8624692112375447
avcil,42,5,fusion,2,"heart sounds, heartbeat",0,5,11,1,3-5,20,50,0.2587217164787242,0.27434782334671687,0.11499874461048007,-0.11707860547798292,0.78,0.556,34,0.7267355879312004
avcil,42,5,fusion,3,singing bowl,0,5,35,2,3-5,20,50,0.2958476914570581,0.41281593960417945,-0.06885506930130628,-0.21774091845762988,0.38,0.1,32,0.725902027673559
avcil,42,5,fusion,4,cap gun shooting,0,5,58,3,3-5,20,50,0.21103689316627522,0.314344013006079,-0.016488077072133938,-0.1794354432969706,0.44,0.316,7,0.7004971693515031
avcil,42,5,fusion,5,rope skipping,0,5,31,2,3-5,20,50,0.31426653539501165,0.341493075456805,-0.019975995712551785,-0.11074982704929004,0.38,0.24400000000000002,8,0.8020779619396867
avcil,42,5,fusion,6,"child speech, kid speaking",0,5,80,4,3-5,20,50,0.2632043475168074,0.3548050506672864,-0.010873881714642143,-0.21871963938044284,0.48,0.40399999999999997,7,0.7651661346097696
avcil,42,5,fusion,7,baby laughter,0,5,37,2,3-5,20,50,0.19522129394543158,0.2711974925207192,0.021239014502875006,-0.15485224286324292,0.64,0.508,6,0.7651661346097696
avcil,42,5,fusion,8,playing table tennis,0,5,3,1,3-5,20,50,0.24906672311538602,0.27886867873335747,0.05075938128104199,-0.07517165108737807,0.78,0.4320000000000001,41,0.8192329418184552
avcil,42,5,fusion,9,lighting firecrackers,0,5,95,4,3-5,20,50,0.28465238374890156,0.3947250721643831,-0.07114773707401223,-0.1818294875352993,0.26,0.172,56,0.857318204730329
avcil,42,5,fusion,10,playing bass drum,1,4,44,2,3-5,20,50,0.31755492819426295,0.31413362216742763,0.007406427792652167,-0.10380003023091848,0.68,0.324,38,0.7956315444839053
avcil,42,5,fusion,11,playing banjo,1,4,66,3,3-5,20,50,0.183326528629781,0.3290906062858853,-0.012256303134499644,-0.25668750205595825,0.6,0.468,54,0.7748089180092473
avcil,42,5,fusion,12,fire truck siren,1,4,72,3,3-5,20,50,0.20122853879534822,0.33694160539890794,-0.07506321050331902,-0.20630448994091372,0.32,0.32799999999999996,15,0.8647566108728343
avcil,42,5,fusion,13,playing bagpipes,1,4,15,1,3-5,20,50,0.15577714388978087,0.25407947513144846,0.07100944344959703,-0.16065399523753454,0.74,0.664,54,0.7180119858534153
avcil,42,5,fusion,14,playing french horn,1,4,73,3,3-5,20,50,0.2442892111830887,0.29558727878997987,-0.06005697946459035,-0.1870807316059682,0.32,0.23600000000000002,45,0.8681722655801616
avcil,42,5,fusion,15,civil defense siren,1,4,27,2,3-5,20,50,0.2345029268901687,0.3159112340057508,-0.0014059794758314226,-0.166607021066508,0.56,0.424,12,0.8647566108728343
avcil,42,5,fusion,16,tractor digging,1,4,10,1,3-5,20,50,0.22567450083335344,0.2524027991360742,0.06507636740602857,-0.03726475521761844,0.76,0.52,39,0.7916020673926052
avcil,42,5,fusion,17,people whispering,1,4,23,1,3-5,20,50,0.25500196427971467,0.1680008233897238,0.14908428329481413,0.09459910445468707,0.96,0.6719999999999999,6,0.7312571763592494
avcil,42,5,fusion,18,lathe spinning,1,4,6,1,3-5,20,50,0.29185586435903327,0.2787627755050885,0.04862473857249932,-0.09728787964587421,0.64,0.46799999999999997,30,0.7905858377665922
avcil,42,5,fusion,19,playing theremin,1,4,85,4,3-5,20,50,0.3089274467990422,0.43114741071283036,-0.13277060597302448,-0.29297858703927443,0.1,0.08800000000000001,31,0.8273252504674145
avcil,42,5,fusion,20,playing glockenspiel,2,3,28,2,3-5,20,50,0.2311536656207874,0.3164868727317701,-0.004814276727365424,-0.24024179915899027,0.54,0.48800000000000004,52,0.7030592276284355
avcil,42,5,fusion,21,playing hammond organ,2,3,90,4,3-5,20,50,0.2721424595162216,0.4138639176285157,-0.11628926300428807,-0.25653023058861796,0.16,0.10000000000000002,24,0.8934490495290165
avcil,42,5,fusion,22,police car (siren),2,3,68,3,3-5,20,50,0.23253313906173873,0.341410251407916,-0.010692933388182668,-0.22487983807066503,0.54,0.46799999999999997,12,0.8179853942421746
avcil,42,5,fusion,23,people cheering,2,3,60,3,3-5,20,50,0.26446247491874003,0.2761186825698991,0.09047295013817774,-0.09168324217161902,0.78,0.612,26,0.759064572913055
avcil,42,5,fusion,24,playing electronic organ,2,3,91,4,3-5,20,50,0.23549914451953238,0.4005646274720264,-0.1064047203845324,-0.2353474906649681,0.2,0.132,21,0.8934490495290165
avcil,42,5,fusion,25,bowling impact,2,3,8,1,3-5,20,50,0.2643166393148013,0.30661176931799766,0.03408484683984082,-0.06402325229450986,0.72,0.4320000000000001,41,0.8200123068979199
avcil,42,5,fusion,26,people marching,2,3,24,1,3-5,20,50,0.3046294044617441,0.3641027389389508,-0.019335807938059613,-0.1531569940466153,0.4,0.3440000000000001,23,0.759064572913055
avcil,42,5,fusion,27,playing bass guitar,2,3,81,4,3-5,20,50,0.25507868870703515,0.3566780823107758,-0.047894763550791135,-0.22994764639400328,0.38,0.276,33,0.7769032606602981
avcil,42,5,fusion,28,goose honking,2,3,74,3,3-5,20,50,0.2896715518696602,0.3425025222998125,-0.023751776779556043,-0.14449886580088797,0.42,0.264,6,0.7402174983744236
avcil,42,5,fusion,29,playing trombone,2,3,69,3,3-5,20,50,0.2820321470297539,0.32591769789521907,-0.04357046259046586,-0.16881564045938008,0.4,0.244,14,0.840302951290294
avcil,42,5,fusion,30,helicopter,3,2,50,3,1-2,20,50,0.23747296670782775,0.34991446789308617,-0.04134901159047507,-0.2562274466135236,0.44,0.28,18,0.7905858377665922
avcil,42,5,fusion,31,playing erhu,3,2,18,1,1-2,20,50,0.24456331100192416,0.26207829129450944,0.015559472575365335,-0.10857920275342463,0.52,0.364,19,0.8273252504674145
avcil,42,5,fusion,32,dog howling,3,2,29,2,1-2,20,50,0.2641990084392911,0.4382283136146796,-0.09848957062360843,-0.36095462542242274,0.3,0.2,3,0.725902027673559
avcil,42,5,fusion,33,playing synthesizer,3,2,52,3,1-2,20,50,0.32064656537945024,0.4005049878725891,-0.08623132299233865,-0.26557441275077065,0.3,0.188,27,0.7769032606602981
avcil,42,5,fusion,34,cat purring,3,2,32,2,1-2,20,50,0.20901701649300097,0.3496982438748332,-0.028432704195494443,-0.2815849793738837,0.42,0.456,2,0.7267355879312004
avcil,42,5,fusion,35,skiing,3,2,1,1,1-2,20,50,0.22110217713790573,0.26545796500200625,0.05456580777812162,-0.06680508376295231,0.74,0.56,9,0.8027412333923739
avcil,42,5,fusion,36,wood thrush calling,3,2,49,2,1-2,20,50,0.21328537079443097,0.2179845635374425,0.001756611544774449,-0.05477651567799262,0.6,0.58,57,0.9626341737941119
avcil,42,5,fusion,37,scuba diving,3,2,0,1,1-2,20,50,0.1934167043384114,0.2264058855287481,0.1667052365523992,0.02992440666751809,0.9,0.8320000000000001,46,0.7099473168464825
avcil,42,5,fusion,38,playing tambourine,3,2,36,2,1-2,20,50,0.3182252961089512,0.30735599379330847,0.011385497289589224,-0.12559989937506122,0.62,0.336,10,0.7956315444839053
avcil,42,5,fusion,39,driving motorcycle,3,2,48,2,1-2,20,50,0.23876854609427522,0.37465966295975067,-0.04639730654335015,-0.18741415754729257,0.44,0.248,46,0.8733537057303977
avcil,42,5,fusion,40,vacuum cleaner cleaning floors,4,1,57,3,1-2,20,50,0.31390082440788764,0.42419054912554477,-0.11817831671255555,-0.21717138646774517,0.12,0.10000000000000002,56,0.7747590000844661
avcil,42,5,fusion,41,playing squash,4,1,4,1,1-2,20,50,0.2817714175787181,0.29327005159437275,0.005658936114714324,-0.06186386392605706,0.58,0.49200000000000005,25,0.8200123068979199
avcil,42,5,fusion,42,slot machine,4,1,12,1,1-2,20,50,0.261694323523871,0.30256732522049484,0.11160937314962799,-0.038409387070297625,0.84,0.68,33,0.6544617843587479
avcil,42,5,fusion,43,beat boxing,4,1,41,2,1-2,20,50,0.25486319671108537,0.2971575062909081,0.025446963362205352,-0.12898049667856554,0.6,0.44800000000000006,10,0.7757249267657207
avcil,42,5,fusion,44,playing cello,4,1,82,4,1-2,20,50,0.20595580844341937,0.34623475154938943,-0.07660925767515261,-0.25328267721027725,0.36,0.284,58,0.8792041714569784
avcil,42,5,fusion,45,playing cornet,4,1,7,1,1-2,20,50,0.24731802665213132,0.2667991430240136,-0.014787455231103757,-0.12154459626057211,0.5,0.36,14,0.8681722655801616
avcil,42,5,fusion,46,wind noise,4,1,78,4,1-2,20,50,0.22839556755733467,0.3390160819377638,-0.0528174467183793,-0.2094754656974144,0.42,0.29600000000000004,39,0.8733537057303977
avcil,42,5,fusion,47,"playing steel guitar, slide guitar",4,1,45,2,1-2,20,50,0.28274802280578626,0.3340081653832339,-0.04874925143984516,-0.22509419556921392,0.4,0.20400000000000001,54,0.8195248684128797
avcil,42,5,fusion,48,orchestra,4,1,86,4,1-2,20,50,0.26132596834041644,0.346131856696261,-0.03703486342996103,-0.182617659720093,0.46,0.248,29,0.797374350766431
avcil,42,5,fusion,49,playing harp,4,1,59,3,1-2,20,50,0.16832090563384122,0.30379164841834183,-0.050072999547583714,-0.2302139203000045,0.38,0.36800000000000005,58,0.8816707117079315
avcil,42,5,fusion,50,roller coaster running,5,0,30,2,new,20,50,0.27645356696254186,0.3195337348625335,0.03620316346527977,-0.14968038181692356,0.64,0.41199999999999987,26,0.7555520772624565
avcil,42,5,fusion,51,missile launch,5,0,21,1,new,20,50,0.24563907909654895,0.3067637839082142,0.004544250375534179,-0.13732058145799947,0.62,0.34,53,0.800486948021111
avcil,42,5,fusion,52,"playing marimba, xylophone",5,0,97,4,new,20,50,0.2783407200723571,0.41626060197675535,-0.10839313273043018,-0.22805854127686703,0.18,0.096,49,0.8680237796142198
avcil,42,5,fusion,53,airplane flyby,5,0,5,1,new,20,50,0.21096605823405207,0.2252353847817279,0.05859888781965612,-0.08770315284620737,0.74,0.652,51,0.800486948021111
avcil,42,5,fusion,54,playing saxophone,5,0,89,4,new,20,50,0.21386924933637594,0.33895170652716233,-0.05407195619786624,-0.1601289372408783,0.26,0.28,1,0.8624692112375447
avcil,42,5,fusion,55,"subway, metro, underground",5,0,33,2,new,20,50,0.22301869598439955,0.3192258507341934,0.013811084174975487,-0.18880519482579602,0.62,0.44,30,0.7391576116531067
avcil,42,5,fusion,56,arc welding,5,0,17,1,new,20,50,0.2823990246349991,0.33100819288710553,-0.0007249939331190825,-0.08569543885229157,0.58,0.3999999999999999,9,0.857318204730329
avcil,42,5,fusion,57,mynah bird singing,5,0,62,3,new,20,50,0.2542346523359834,0.24451189131509882,-0.02092777089067134,-0.09514160994716464,0.42,0.296,36,0.9626341737941119
avcil,42,5,fusion,58,playing piano,5,0,79,4,new,20,50,0.24245177029416545,0.3062066273136814,-0.043652515847776796,-0.16409724070836892,0.38,0.252,49,0.8816707117079315
avcil,42,5,fusion,59,playing bongo,5,0,14,1,new,20,50,0.22459962576094483,0.256620228342435,0.09063747300843644,-0.0591596627475193,0.72,0.7240000000000001,10,0.736936628958982
avcil,42,9,audio,0,playing volleyball,0,9,13,1,6+,20,50,0.34767533511941223,0.37338106764680384,-0.02332951874924659,-0.20708426976384428,0.5,0.22399999999999998,41,0.7995522258230173
avcil,42,9,audio,1,child singing,0,9,88,4,6+,20,50,0.3307063682721422,0.4468477818635685,-0.11061525428672621,-0.3428260317917985,0.32,0.124,74,0.8463736475898358
avcil,42,9,audio,2,"heart sounds, heartbeat",0,9,11,1,6+,20,50,0.31330642924708574,0.3164659061833561,0.06440295205899256,-0.3148296635570021,0.7,0.47200000000000003,34,0.7434303450787523
avcil,42,9,audio,3,singing bowl,0,9,35,2,6+,20,50,0.32165894464590566,0.4439449790932025,-0.10447342227689319,-0.2674205642303453,0.2,0.08,32,0.7344381279223444
avcil,42,9,audio,4,cap gun shooting,0,9,58,3,6+,20,50,0.271289613402425,0.40062544417641566,-0.09115146944528503,-0.2679342968647418,0.28,0.136,75,0.7118601579777419
avcil,42,9,audio,5,rope skipping,0,9,31,2,6+,20,50,0.43012973381370223,0.45184924943941285,-0.10812536453191637,-0.21725742149311753,0.04,0.07600000000000001,82,0.8227317233246645
avcil,42,9,audio,6,"child speech, kid speaking",0,9,80,4,6+,20,50,0.2902218985145946,0.3826016708121387,-0.07330178752320085,-0.262368825234398,0.32,0.21599999999999997,65,0.8916376278954343
avcil,42,9,audio,7,baby laughter,0,9,37,2,6+,20,50,0.24503696721901594,0.30525272217482663,-0.028711459753954605,-0.22048183428683873,0.52,0.296,86,0.8084790719551191
avcil,42,9,audio,8,playing table tennis,0,9,3,1,6+,20,50,0.3857473084359883,0.4131021792470139,-0.06568348617454318,-0.15975577135664482,0.2,0.08,82,0.8066178521937064
avcil,42,9,audio,9,lighting firecrackers,0,9,95,4,6+,20,50,0.39219359787822816,0.5477702763546839,-0.21271621507444258,-0.396758342516985,0.02,0.04000000000000001,56,0.8893345372578173
avcil,42,9,audio,10,playing bass drum,1,8,44,2,6+,20,50,0.3551838093963148,0.35248773453029036,-0.02599789009483402,-0.12090120703213988,0.5,0.192,97,0.8595243969636599
avcil,42,9,audio,11,playing banjo,1,8,66,3,6+,20,50,0.20301746120244918,0.3495235668012559,-0.06594166749541505,-0.2850071817982842,0.52,0.272,92,0.8353711918099427
avcil,42,9,audio,12,fire truck siren,1,8,72,3,6+,20,50,0.21968414764642308,0.3711275929055143,-0.11707703563235156,-0.29703980747373115,0.28,0.28800000000000003,15,0.8870311122030814
avcil,42,9,audio,13,playing bagpipes,1,8,15,1,6+,20,50,0.17744347582500714,0.27826607023138467,0.03816002939638133,-0.14011591684904254,0.64,0.584,92,0.7979591341014785
avcil,42,9,audio,14,playing french horn,1,8,73,3,6+,20,50,0.25660639421334897,0.3308051402176566,-0.08994377969919286,-0.2391087671828918,0.18,0.16,85,0.9009418070504824
avcil,42,9,audio,15,civil defense siren,1,8,27,2,6+,20,50,0.2450043158839496,0.32997581321765806,-0.029267245998606747,-0.23186553698633142,0.48,0.324,12,0.8870311122030814
avcil,42,9,audio,16,tractor digging,1,8,10,1,6+,20,50,0.28260569449695494,0.3020871947594429,-0.012833092571291312,-0.1296547578761924,0.44,0.272,39,0.7778742293133871
avcil,42,9,audio,17,people whispering,1,8,23,1,6+,20,50,0.3077457713530941,0.20296867278981356,0.0990773575163718,0.013393831598354911,0.92,0.31999999999999995,60,0.7827009400799558
avcil,42,9,audio,18,lathe spinning,1,8,6,1,6+,20,50,0.3430923857792646,0.3226683146850167,-0.016245984012810022,-0.14339658030692867,0.46,0.17600000000000002,30,0.7990338736129524
avcil,42,9,audio,19,playing theremin,1,8,85,4,6+,20,50,0.32719586158105973,0.45670507205067706,-0.15566526566828892,-0.33173474874315956,0.08,0.06000000000000001,31,0.8359196705449411
avcil,42,9,audio,20,playing glockenspiel,2,7,28,2,6+,20,50,0.2428273843556163,0.33964461294814585,-0.045411924477710225,-0.29939692958826786,0.46,0.36800000000000005,64,0.7516332455526062
avcil,42,9,audio,21,playing hammond organ,2,7,90,4,6+,20,50,0.31602933193624116,0.45678531918031423,-0.14639873817546564,-0.28461886124706437,0.1,0.064,24,0.8831475798428464
avcil,42,9,audio,22,police car (siren),2,7,68,3,6+,20,50,0.2604990273874974,0.3580090758838205,-0.036955418828002295,-0.2878337522275717,0.5,0.37200000000000005,12,0.7872608759093818
avcil,42,9,audio,23,people cheering,2,7,60,3,6+,20,50,0.31629201566822535,0.3219992313970541,-0.041721360152595866,-0.14424025546411065,0.28,0.252,98,0.9080462406069565
avcil,42,9,audio,24,playing electronic organ,2,7,91,4,6+,20,50,0.2693253100084116,0.4463037806756175,-0.14940787679523226,-0.2821397622088888,0.1,0.04800000000000001,21,0.8831475798428464
avcil,42,9,audio,25,bowling impact,2,7,8,1,6+,20,50,0.3964484428626123,0.41017012138765724,-0.08186228297884071,-0.17725224839681009,0.14,0.128,50,0.8234745852021592
avcil,42,9,audio,26,people marching,2,7,24,1,6+,20,50,0.3782636676365745,0.46292826288686356,-0.11789646342953404,-0.2891811326769574,0.22,0.11600000000000002,50,0.8150068840438757
avcil,42,9,audio,27,playing bass guitar,2,7,81,4,6+,20,50,0.2766143884966584,0.3882057423137115,-0.09223499504097245,-0.3256417375968074,0.32,0.15600000000000003,90,0.8238288008520287
avcil,42,9,audio,28,goose honking,2,7,74,3,6+,20,50,0.37854220943104516,0.43069205176732384,-0.11203915447624345,-0.26721937684624136,0.18,0.128,6,0.8174205928470666
avcil,42,9,audio,29,playing trombone,2,7,69,3,6+,20,50,0.31639812301296444,0.35616385022740005,-0.0668574168052916,-0.23253667585752627,0.34,0.17200000000000004,94,0.8383748293377861
avcil,42,9,audio,30,helicopter,3,6,50,3,6+,20,50,0.266409630830934,0.4222728686740037,-0.12424688379072892,-0.3540680205695996,0.3,0.124,79,0.8990527302795682
avcil,42,9,audio,31,playing erhu,3,6,18,1,6+,20,50,0.2498324833157941,0.2745717095164945,-0.01572231535608644,-0.1277079944254441,0.46,0.28800000000000003,24,0.8364356191639375
avcil,42,9,audio,32,dog howling,3,6,29,2,6+,20,50,0.2625629179808617,0.4538655128756032,-0.144968079153311,-0.39584786369061986,0.12,0.11199999999999999,69,0.7999247239596889
avcil,42,9,audio,33,playing synthesizer,3,6,52,3,6+,20,50,0.38637472273066276,0.4710611486971505,-0.14740161995761164,-0.37413565244040836,0.14,0.07600000000000001,27,0.7529761457487278
avcil,42,9,audio,34,cat purring,3,6,32,2,6+,20,50,0.2563041482866707,0.433505918591994,-0.13825476548225937,-0.44003986816691065,0.26,0.264,73,0.8113294855092309
avcil,42,9,audio,35,skiing,3,6,1,1,6+,20,50,0.3377968599215697,0.4026494135474706,-0.08484451049548696,-0.26945147163585753,0.22,0.12400000000000003,9,0.8303758883199219
avcil,42,9,audio,36,wood thrush calling,3,6,49,2,6+,20,50,0.2708381434669219,0.28501109005068914,-0.034476478342633274,-0.11356917598387539,0.42,0.35200000000000004,57,0.9490484470947098
avcil,42,9,audio,37,scuba diving,3,6,0,1,6+,20,50,0.2651818187769154,0.3239425364692163,0.012291070626163015,-0.15006750691937343,0.58,0.42399999999999993,99,0.7560952922806785
avcil,42,9,audio,38,playing tambourine,3,6,36,2,6+,20,50,0.36903928853404466,0.3547532694037431,-0.017375524268448888,-0.15563264143662206,0.5,0.25199999999999995,10,0.805753897171052
avcil,42,9,audio,39,driving motorcycle,3,6,48,2,6+,20,50,0.26937015426459243,0.4287493666150614,-0.11036300569617347,-0.2976623565259526,0.24,0.128,46,0.8503846071829457
avcil,42,9,audio,40,vacuum cleaner cleaning floors,4,5,57,3,3-5,20,50,0.403404868150499,0.5289200401420237,-0.21622290248143863,-0.3345595016878438,0.04,0.04,80,0.8399514046710066
avcil,42,9,audio,41,playing squash,4,5,4,1,3-5,20,50,0.41557846210238286,0.5149772308123417,-0.18372389357710603,-0.30588998307937004,0.0,0.08,25,0.8010580963692285
avcil,42,9,audio,42,slot machine,4,5,12,1,3-5,20,50,0.3971763364246914,0.48246369516367865,-0.07133551635221362,-0.2220286596307273,0.28,0.13200000000000003,74,0.7366671673943268
avcil,42,9,audio,43,beat boxing,4,5,41,2,3-5,20,50,0.29529623531780336,0.34914285589328775,-0.012170645989288211,-0.16310838365591146,0.46,0.272,9,0.7971823824133706
avcil,42,9,audio,44,playing cello,4,5,82,4,3-5,20,50,0.22085806448293996,0.3722059646518276,-0.10927714850126799,-0.30241340654533233,0.26,0.18000000000000005,58,0.8859996751957093
avcil,42,9,audio,45,playing cornet,4,5,7,1,3-5,20,50,0.26408174754085567,0.2857394019015506,-0.03961209467557212,-0.18481784368138643,0.42,0.24,94,0.8936843578174674
avcil,42,9,audio,46,wind noise,4,5,78,4,3-5,20,50,0.27020339064400495,0.4027104865394084,-0.1302029410813272,-0.2922563615595921,0.14,0.10400000000000001,39,0.8503846071829457
avcil,42,9,audio,47,"playing steel guitar, slide guitar",4,5,45,2,3-5,20,50,0.316512846254344,0.3733457360131313,-0.10057968137179679,-0.24966422407906913,0.18,0.10400000000000001,83,0.8505511525718399
avcil,42,9,audio,48,orchestra,4,5,86,4,3-5,20,50,0.2958692664997658,0.3713490367221743,-0.0636579428587119,-0.19734720832050073,0.32,0.136,76,0.8161240802321943
avcil,42,9,audio,49,playing harp,4,5,59,3,3-5,20,50,0.18401379279850266,0.3166717166946094,-0.07389153974954174,-0.2674791435761431,0.34,0.21600000000000003,63,0.9149151865960141
avcil,42,9,audio,50,roller coaster running,5,4,30,2,3-5,20,50,0.3541881877173466,0.3975729918309449,-0.059462367107242974,-0.2745213793269118,0.38,0.2,25,0.8234745852021592
avcil,42,9,audio,51,missile launch,5,4,21,1,3-5,20,50,0.32787026992611157,0.39578751969146964,-0.09778673702686597,-0.21417077684373856,0.22,0.18799999999999997,53,0.8734030337674759
avcil,42,9,audio,52,"playing marimba, xylophone",5,4,97,4,3-5,20,50,0.304260238213719,0.4228632556573752,-0.11783978966424703,-0.22937614268875597,0.06,0.084,63,0.9291407843385423
avcil,42,9,audio,53,airplane flyby,5,4,5,1,3-5,20,50,0.28275338972665054,0.32911254993544004,-0.047244593829755904,-0.18650590989704469,0.34,0.256,51,0.8734030337674759
avcil,42,9,audio,54,playing saxophone,5,4,89,4,3-5,20,50,0.24867802796861369,0.37928391489884894,-0.08820157931549943,-0.23976944132914466,0.22,0.192,47,0.8409031099028765
avcil,42,9,audio,55,"subway, metro, underground",5,4,33,2,3-5,20,50,0.26016975512456025,0.36891420097203464,-0.07715899668776903,-0.3344897591431023,0.42,0.18799999999999997,61,0.8418429923853853
avcil,42,9,audio,56,arc welding,5,4,17,1,3-5,20,50,0.3643597436345014,0.43889751088434337,-0.11627843545647529,-0.24646689694755164,0.14,0.192,9,0.8893345372578173
avcil,42,9,audio,57,mynah bird singing,5,4,62,3,3-5,20,50,0.30831914400821925,0.3127320538728433,-0.06278244496468609,-0.1928811021209908,0.28,0.14800000000000002,36,0.9490484470947098
avcil,42,9,audio,58,playing piano,5,4,79,4,3-5,20,50,0.26975283795074806,0.3343396227253173,-0.07081981262808355,-0.19846497591376744,0.26,0.18,70,0.9178804489883742
avcil,42,9,audio,59,playing bongo,5,4,14,1,3-5,20,50,0.23122740442785092,0.2724124580867387,0.019586499947386947,-0.07929088507442623,0.7,0.544,93,0.9426904723436142
avcil,42,9,audio,60,"pigeon, dove cooing",6,3,51,3,3-5,20,50,0.2785210397067697,0.46751940328067154,-0.12633588190773176,-0.3629056353631537,0.3,0.168,17,0.7827009400799558
avcil,42,9,audio,61,"race car, auto racing",6,3,47,2,3-5,20,50,0.280771604991855,0.3895931910014619,-0.08280590722096229,-0.20612086719841743,0.14,0.12,79,0.8571033959806341
avcil,42,9,audio,62,people crowd,6,3,70,3,3-5,20,50,0.24683860626483972,0.32749933389901514,0.00120262822732239,-0.20033826666869867,0.6,0.40399999999999997,23,0.9065928491831975
avcil,42,9,audio,63,playing vibraphone,6,3,94,4,3-5,20,50,0.277892601217999,0.45300766333894116,-0.1379233927325498,-0.32459428851209593,0.14,0.1,52,0.9291407843385423
avcil,42,9,audio,64,playing mandolin,6,3,55,3,3-5,20,50,0.26680576576419507,0.3573815778466038,-0.08039705473359651,-0.2823959909692802,0.34,0.28,47,0.8250277258652625
avcil,42,9,audio,65,"female speech, woman speaking",6,3,76,4,3-5,20,50,0.25204283783957254,0.35994625341783243,-0.07912883931265415,-0.2787809639620521,0.32,0.21599999999999997,91,0.9336923551979069
avcil,42,9,audio,66,volcano explosion,6,3,42,2,3-5,20,50,0.3369137407191099,0.3655101068771053,-0.04350179367275889,-0.24379239874847863,0.42,0.17199999999999996,51,0.8478635820102391
avcil,42,9,audio,67,ocean burbling,6,3,71,3,3-5,20,50,0.22707809914673746,0.4119001876856279,-0.11218512527253824,-0.2423479720820507,0.2,0.184,84,0.8972238505468422
avcil,42,9,audio,68,singing choir,6,3,87,4,3-5,20,50,0.29734016114724593,0.5092896391130458,-0.16257100574228886,-0.3526943124554117,0.12,0.07600000000000001,98,0.8645652732794593
avcil,42,9,audio,69,playing flute,6,3,83,4,3-5,20,50,0.27933872680069605,0.44123211372847765,-0.15370867073676045,-0.4004002026746449,0.18,0.12,94,0.8457450425426929
avcil,42,9,audio,70,playing acoustic guitar,7,2,64,3,1-2,20,50,0.24217974764831082,0.32846181693943394,-0.04947984347611247,-0.21011662644301107,0.42,0.212,58,0.9178804489883742
avcil,42,9,audio,71,canary calling,7,2,25,2,1-2,20,50,0.3101679157970024,0.3678370390564663,-0.0892204545158241,-0.22474852838870044,0.26,0.176,36,0.9302484760906775
avcil,42,9,audio,72,pheasant crowing,7,2,53,3,1-2,20,50,0.37365293496181073,0.41824370452065246,-0.1357121885205973,-0.281897085443278,0.08,0.11199999999999999,36,0.8003040574599966
avcil,42,9,audio,73,woodpecker pecking tree,7,2,19,1,1-2,20,50,0.32712595867093086,0.3509192571513136,-0.03306662406510893,-0.1920456976530446,0.42,0.17600000000000002,34,0.8113294855092309
avcil,42,9,audio,74,yodelling,7,2,65,3,1-2,20,50,0.37159891697086433,0.40181469629415845,-0.07516993740382728,-0.19939133265111345,0.28,0.12000000000000002,1,0.8463736475898358
avcil,42,9,audio,75,sharpen knife,7,2,26,2,1-2,20,50,0.3314959578029856,0.38428374766320367,-0.0628055321737351,-0.22903576190513797,0.32,0.12400000000000003,56,0.8055027303049049
avcil,42,9,audio,76,"playing violin, fiddle",7,2,67,3,1-2,20,50,0.27437012690140267,0.36796010745541935,-0.09748623959580253,-0.18547039541789767,0.12,0.136,92,0.8943001445142036
avcil,42,9,audio,77,printer printing,7,2,39,2,1-2,20,50,0.39527356320185164,0.5056356093493077,-0.16812148597731766,-0.3253005021302561,0.1,0.064,84,0.8501197683855763
avcil,42,9,audio,78,planing timber,7,2,38,2,1-2,20,50,0.39218764275508505,0.4850589072566292,-0.1676076947803831,-0.3433506691563903,0.1,0.20400000000000001,80,0.8468634467694871
avcil,42,9,audio,79,lawn mowing,7,2,46,2,1-2,20,50,0.26249141938336373,0.3606272543387995,-0.08330184688673531,-0.24268359602519463,0.34,0.264,30,0.8990527302795682
avcil,42,9,audio,80,"electric shaver, electric razor shaving",8,1,20,1,1-2,20,50,0.375153224575646,0.3999673239379187,-0.03697222145296955,-0.16488725068860088,0.4,0.244,78,0.8468634467694871
avcil,42,9,audio,81,fireworks banging,8,1,43,2,1-2,20,50,0.2516707637306642,0.4617695333242587,-0.1015302272504705,-0.34339723312422965,0.32,0.24000000000000005,8,0.7112463866835002
avcil,42,9,audio,82,tap dancing,8,1,9,1,1-2,20,50,0.321381030251782,0.32997368472355904,-0.018505361785486785,-0.13350721484035277,0.48,0.28800000000000003,5,0.8227317233246645
avcil,42,9,audio,83,tapping guitar,8,1,93,4,1-2,20,50,0.3220973016215844,0.4747429799547513,-0.19330836781100516,-0.31441390604572733,0.08,0.036000000000000004,47,0.8505511525718399
avcil,42,9,audio,84,stream burbling,8,1,61,3,1-2,20,50,0.2529888439894198,0.38320969590737597,-0.0905738996328471,-0.2482190731195912,0.28,0.23600000000000002,67,0.8972238505468422
avcil,42,9,audio,85,playing bassoon,8,1,16,1,1-2,20,50,0.3133199297536956,0.3069952054474206,-0.043918009904046526,-0.1430551994021081,0.28,0.192,14,0.9009418070504824
avcil,42,9,audio,86,police radio chatter,8,1,22,1,1-2,20,50,0.24610481481361957,0.3061763313966804,0.042402341095961,-0.06160407509360202,0.64,0.352,7,0.8084790719551191
avcil,42,9,audio,87,playing sitar,8,1,96,4,1-2,20,50,0.29271400307668327,0.4633852527769424,-0.147072241340856,-0.2584931581437397,0.02,0.032,95,0.8990369690007285
avcil,42,9,audio,88,playing electric guitar,8,1,84,4,1-2,20,50,0.3495519510104453,0.36454052098362405,-0.1031677100528848,-0.21617247284122876,0.2,0.11200000000000002,54,0.8391941459826198
avcil,42,9,audio,89,people whistling,8,1,75,4,1-2,20,50,0.30598722619469004,0.4169349914317672,-0.10088074661920922,-0.2607253858593332,0.34,0.17200000000000004,6,0.8008153437316392
avcil,42,9,audio,90,playing double bass,9,0,34,2,new,20,50,0.3633458838418364,0.3858256816893538,-0.03538615234836534,-0.202479268080985,0.5,0.2,27,0.8238288008520287
avcil,42,9,audio,91,"male speech, man speaking",9,0,98,4,new,20,50,0.3092017940047201,0.513674468431965,-0.1786512066402028,-0.42980392192953093,0.06,0.068,65,0.9336923551979069
avcil,42,9,audio,92,playing accordion,9,0,54,3,new,20,50,0.18738192348877325,0.3332631373482299,-0.08644493836108147,-0.2261675363390211,0.24,0.24800000000000005,76,0.8943001445142036
avcil,42,9,audio,93,playing tabla,9,0,77,4,new,20,50,0.3045428709245367,0.4991751963944327,-0.17937099998521755,-0.33230520071664804,0.1,0.07200000000000001,59,0.9426904723436142
avcil,42,9,audio,94,playing clarinet,9,0,92,4,new,20,50,0.2887951064458304,0.36238057084468567,-0.10716652934495521,-0.24204893495373542,0.12,0.092,45,0.8936843578174674
avcil,42,9,audio,95,playing harpsichord,9,0,63,3,new,20,50,0.25563529807421204,0.3256854117316341,-0.05811366145803433,-0.2777428893408924,0.48,0.24,87,0.8990369690007285
avcil,42,9,audio,96,hail,9,0,2,1,new,20,50,0.20624748147682617,0.22781578369274402,0.06789187734964038,-0.0749505604569598,0.82,0.512,18,0.7860810910196234
avcil,42,9,audio,97,playing cymbal,9,0,99,4,new,20,50,0.2655524511842008,0.39387805576223067,-0.10630210977363061,-0.28476361922242976,0.22,0.18,10,0.8595243969636599
avcil,42,9,audio,98,people booing,9,0,56,3,new,20,50,0.3293176048820797,0.42239302957001174,-0.11734460782320591,-0.2970823643000325,0.18,0.18000000000000005,23,0.9080462406069565
avcil,42,9,audio,99,dog growling,9,0,40,2,new,20,50,0.34427436504667835,0.5092148350269698,-0.16786717038182938,-0.3769259497197164,0.14,0.132,37,0.7560952922806785
avcil,42,9,visual,0,playing volleyball,0,9,13,1,6+,20,50,0.22165236343830533,0.2887131027341342,-0.011562197963603658,-0.15460177351531673,0.6,0.49200000000000005,26,0.8249991352010413
avcil,42,9,visual,1,child singing,0,9,88,4,6+,20,50,0.39286929646628904,0.47065587838020606,-0.06220717190117977,-0.21114184365741795,0.32,0.16,74,0.861345064052081
avcil,42,9,visual,2,"heart sounds, heartbeat",0,9,11,1,6+,20,50,0.3724040968725468,0.4358300069850168,-0.009879301166764116,-0.15235678658497648,0.52,0.284,17,0.8179609245922996
avcil,42,9,visual,3,singing bowl,0,9,35,2,6+,20,50,0.4303879644842376,0.5777229996329769,-0.13847466518054882,-0.271973549689178,0.14,0.055999999999999994,75,0.7702666840824139
avcil,42,9,visual,4,cap gun shooting,0,9,58,3,6+,20,50,0.35156503577717696,0.4658009531408906,-0.10449703966819046,-0.2143642973940824,0.2,0.12000000000000002,75,0.8138265302075147
avcil,42,9,visual,5,rope skipping,0,9,31,2,6+,20,50,0.24521616688820896,0.3176862301101087,-0.007879330796430859,-0.09705502998214133,0.58,0.29600000000000004,82,0.9111541203432716
avcil,42,9,visual,6,"child speech, kid speaking",0,9,80,4,6+,20,50,0.3750575419409251,0.4882205710159009,-0.11653248662914971,-0.28156555846268716,0.08,0.064,7,0.8252009322917706
avcil,42,9,visual,7,baby laughter,0,9,37,2,6+,20,50,0.27919727938184197,0.4065697293009556,-0.018934784179769498,-0.20992764797916214,0.4,0.31999999999999995,6,0.8252009322917706
avcil,42,9,visual,8,playing table tennis,0,9,3,1,6+,20,50,0.16420961700529055,0.21234912155278626,0.0559720381452823,-0.012978274117590937,0.86,0.5920000000000001,41,0.8320865663562245
avcil,42,9,visual,9,lighting firecrackers,0,9,95,4,6+,20,50,0.30694631166065584,0.38062102507437673,-0.07945812764848605,-0.1798199621170185,0.22,0.15600000000000003,81,0.8427922766922786
avcil,42,9,visual,10,playing bass drum,1,8,44,2,6+,20,50,0.41935606408510095,0.4506590559524152,-0.06881713085115139,-0.20071633806273687,0.22,0.244,97,0.8587797668234507
avcil,42,9,visual,11,playing banjo,1,8,66,3,6+,20,50,0.47615752881420337,0.5999748136033655,-0.14292076026914302,-0.30826519084805926,0.06,0.044000000000000004,54,0.7486649254570825
avcil,42,9,visual,12,fire truck siren,1,8,72,3,6+,20,50,0.324322803104712,0.3677036460613341,-0.02288277242183293,-0.13826732230095526,0.46,0.29600000000000004,22,0.8979051939755328
avcil,42,9,visual,13,playing bagpipes,1,8,15,1,6+,20,50,0.38607410481460913,0.5380828625157065,-0.08948170161039835,-0.2848373806813906,0.32,0.14,76,0.7858995122203254
avcil,42,9,visual,14,playing french horn,1,8,73,3,6+,20,50,0.47747462060910484,0.5375135759077179,-0.12636768306790114,-0.24771824737490647,0.02,0.04800000000000001,45,0.8753570072156793
avcil,42,9,visual,15,civil defense siren,1,8,27,2,6+,20,50,0.4231748876607274,0.49346685646696414,-0.05887784769296522,-0.1807411924081348,0.24,0.11200000000000003,12,0.7904955104100073
avcil,42,9,visual,16,tractor digging,1,8,10,1,6+,20,50,0.301172783929621,0.33729293943820626,0.01615156753970472,-0.09818559796452624,0.62,0.296,79,0.8806755908519002
avcil,42,9,visual,17,people whispering,1,8,23,1,6+,20,50,0.37258815937675854,0.44621422611175143,-0.0839521778812267,-0.22868583267636092,0.28,0.14400000000000002,89,0.8468072926128272
avcil,42,9,visual,18,lathe spinning,1,8,6,1,6+,20,50,0.3930611892313617,0.47246272976976833,4.487830144906724e-05,-0.11182482950325427,0.52,0.24,77,0.7721980244350864
avcil,42,9,visual,19,playing theremin,1,8,85,4,6+,20,50,0.48541992200576656,0.5798332817068589,-0.12073388492598527,-0.23877825089770632,0.08,0.032,85,0.8253106325725847
avcil,42,9,visual,20,playing glockenspiel,2,7,28,2,6+,20,50,0.46712011761202527,0.46868093858769666,-0.09307999498197334,-0.21010926123901022,0.16,0.10800000000000001,33,0.8259943379955557
avcil,42,9,visual,21,playing hammond organ,2,7,90,4,6+,20,50,0.30694543973235555,0.6174107072564976,-0.19973583768266842,-0.37410453309730046,0.04,0.064,24,0.9341255938261946
avcil,42,9,visual,22,police car (siren),2,7,68,3,6+,20,50,0.3352563509763658,0.46133640109440044,-0.11810269139185678,-0.3079815410650909,0.14,0.128,12,0.8979051939755328
avcil,42,9,visual,23,people cheering,2,7,60,3,6+,20,50,0.3282980948764085,0.36259257266619743,-0.049630293979213855,-0.15849353530710578,0.3,0.252,62,0.8963830455964485
avcil,42,9,visual,24,playing electronic organ,2,7,91,4,6+,20,50,0.28601490601439716,0.5414830066626201,-0.18365438373171572,-0.3964328577008479,0.22,0.16,21,0.9341255938261946
avcil,42,9,visual,25,bowling impact,2,7,8,1,6+,20,50,0.24039832433599076,0.3220306367124909,-0.0026728360370879734,-0.12832300714191677,0.58,0.4800000000000001,41,0.8387582822037396
avcil,42,9,visual,26,people marching,2,7,24,1,6+,20,50,0.3120157283994537,0.3369083727696667,-0.03509304056474469,-0.0869085710195153,0.26,0.21600000000000003,23,0.894192886118782
avcil,42,9,visual,27,playing bass guitar,2,7,81,4,6+,20,50,0.4654770876685962,0.5632254668383518,-0.11892162314383724,-0.2512279746657413,0.08,0.06,70,0.8509969538045976
avcil,42,9,visual,28,goose honking,2,7,74,3,6+,20,50,0.3138296573535976,0.38223300270364985,-0.10153325715785623,-0.19941746799051122,0.06,0.084,46,0.8766997204405775
avcil,42,9,visual,29,playing trombone,2,7,69,3,6+,20,50,0.49626428132017847,0.5874860004946614,-0.1679914262726809,-0.33872279144261175,0.06,0.02,76,0.8529789052528249
avcil,42,9,visual,30,helicopter,3,6,50,3,6+,20,50,0.3657261265133339,0.438022264171386,-0.10122673115447509,-0.2198552286206458,0.08,0.07200000000000001,53,0.8793619872057041
avcil,42,9,visual,31,playing erhu,3,6,18,1,6+,20,50,0.44472659253905195,0.5199287405130941,-0.06728703654043126,-0.17608505722429169,0.24,0.11600000000000002,76,0.8108754411836756
avcil,42,9,visual,32,dog howling,3,6,29,2,6+,20,50,0.3805396618599298,0.5154701302394691,-0.1345927899204442,-0.34721844085113907,0.2,0.124,99,0.8593764147987559
avcil,42,9,visual,33,playing synthesizer,3,6,52,3,6+,20,50,0.3471978836705592,0.49189877671367266,-0.11790481285980867,-0.27037279076671195,0.18,0.18,58,0.8280743833324091
avcil,42,9,visual,34,cat purring,3,6,32,2,6+,20,50,0.26455759250015626,0.37654155599935196,-0.06577518499522458,-0.2661667754629713,0.38,0.24799999999999997,99,0.9257474370893533
avcil,42,9,visual,35,skiing,3,6,1,1,6+,20,50,0.22610806893203902,0.2665598018728442,0.04831245525497573,-0.08473117955946109,0.74,0.6080000000000001,30,0.8177031860426269
avcil,42,9,visual,36,wood thrush calling,3,6,49,2,6+,20,50,0.3877386443316239,0.44513926754425254,-0.08958900091149195,-0.20753258200792135,0.24,0.22399999999999998,57,0.8840216071393
avcil,42,9,visual,37,scuba diving,3,6,0,1,6+,20,50,0.21217947261667308,0.2280786879276992,0.10554757564235788,-0.043043246600649274,0.86,0.8,9,0.7496690517925428
avcil,42,9,visual,38,playing tambourine,3,6,36,2,6+,20,50,0.4396268534257044,0.49886034969639503,-0.10366556152229506,-0.2939381513725045,0.2,0.092,43,0.8095240386921079
avcil,42,9,visual,39,driving motorcycle,3,6,48,2,6+,20,50,0.4143412163075898,0.4927141446959529,-0.07891557652084033,-0.17877790512880673,0.12,0.068,79,0.8735547982018916
avcil,42,9,visual,40,vacuum cleaner cleaning floors,4,5,57,3,3-5,20,50,0.3380907457394458,0.4648011129770781,-0.09282501243429163,-0.2350234237748801,0.18,0.11199999999999999,75,0.8385459046795919
avcil,42,9,visual,41,playing squash,4,5,4,1,3-5,20,50,0.21978976270406475,0.18420418196835445,0.03374616259932792,-0.024485277329777753,0.82,0.7120000000000001,5,0.8708259751605558
avcil,42,9,visual,42,slot machine,4,5,12,1,3-5,20,50,0.18210436842583083,0.2164761018325694,0.19311192836382576,-0.02244452946308999,0.88,0.8440000000000001,20,0.6951518393359414
avcil,42,9,visual,43,beat boxing,4,5,41,2,3-5,20,50,0.38760137023549235,0.43853036765447245,-0.059003342461500095,-0.19550198377394212,0.3,0.084,65,0.8579804962166244
avcil,42,9,visual,44,playing cello,4,5,82,4,3-5,20,50,0.42290200376708487,0.574270852990092,-0.15964715193781465,-0.31230473496840877,0.12,0.044000000000000004,14,0.8080625502967136
avcil,42,9,visual,45,playing cornet,4,5,7,1,3-5,20,50,0.4558954912282422,0.4972452699148392,-0.041085629800828985,-0.10814633787847117,0.32,0.12800000000000003,69,0.8852328452144103
avcil,42,9,visual,46,wind noise,4,5,78,4,3-5,20,50,0.3735705219962724,0.4729009046488231,-0.11470070817374908,-0.22123003301225877,0.06,0.06799999999999999,67,0.9120936022920185
avcil,42,9,visual,47,"playing steel guitar, slide guitar",4,5,45,2,3-5,20,50,0.45006364288935047,0.5146962577752653,-0.09499149845241792,-0.2572160791327702,0.2,0.056000000000000015,83,0.8602144716220486
avcil,42,9,visual,48,orchestra,4,5,86,4,3-5,20,50,0.3405176022474835,0.5102485091604685,-0.11245088784259685,-0.2714569319542133,0.18,0.08800000000000001,68,0.9061701692201223
avcil,42,9,visual,49,playing harp,4,5,59,3,3-5,20,50,0.39793442112620725,0.5574211628021848,-0.09916307680462502,-0.3157873005954918,0.26,0.21600000000000003,85,0.7504128804109268
avcil,42,9,visual,50,roller coaster running,5,4,30,2,3-5,20,50,0.30565797289817725,0.3908506506551217,-0.004384121560786733,-0.18323099601462414,0.52,0.336,39,0.7819227330750124
avcil,42,9,visual,51,missile launch,5,4,21,1,3-5,20,50,0.2823761013875309,0.36444447451877143,-0.019921117970405477,-0.17035905386741887,0.52,0.30800000000000005,66,0.8429018651740343
avcil,42,9,visual,52,"playing marimba, xylophone",5,4,97,4,3-5,20,50,0.4008819876303681,0.6239933876116732,-0.24710551502765774,-0.3778255081732453,0.0,0.008,63,0.8963002327051659
avcil,42,9,visual,53,airplane flyby,5,4,5,1,3-5,20,50,0.2280555965714041,0.26036901419021485,0.010501120600059349,-0.15363970744943112,0.66,0.56,30,0.8793619872057041
avcil,42,9,visual,54,playing saxophone,5,4,89,4,3-5,20,50,0.4543749815546773,0.6092686589454952,-0.19995393492573021,-0.3908051777577176,0.06,0.04,69,0.8428048206040877
avcil,42,9,visual,55,"subway, metro, underground",5,4,33,2,3-5,20,50,0.3092912540872852,0.3940454418358115,-0.005036321281764413,-0.1825840703910032,0.48,0.41200000000000003,22,0.7885235369431645
avcil,42,9,visual,56,arc welding,5,4,17,1,3-5,20,50,0.36128555882525193,0.42821882143813556,-0.046730008702057096,-0.14850513521549194,0.3,0.18400000000000002,40,0.8132046272148064
avcil,42,9,visual,57,mynah bird singing,5,4,62,3,3-5,20,50,0.43202235544393697,0.4645596316217855,-0.10111984674359055,-0.21619874765044195,0.12,0.084,36,0.8840216071393
avcil,42,9,visual,58,playing piano,5,4,79,4,3-5,20,50,0.4015188588533092,0.5589213433104379,-0.17105091358106425,-0.32529010791018304,0.02,0.05200000000000001,24,0.8859113000261936
avcil,42,9,visual,59,playing bongo,5,4,14,1,3-5,20,50,0.41181947675998243,0.45044181345266643,-0.018526791700784348,-0.1622721342086758,0.46,0.30400000000000005,10,0.7719773142828583
avcil,42,9,visual,60,"pigeon, dove cooing",6,3,51,3,3-5,20,50,0.3077029587700905,0.47372237430626724,-0.11939723419880482,-0.27281571649963804,0.14,0.11199999999999999,72,0.858361989078678
avcil,42,9,visual,61,"race car, auto racing",6,3,47,2,3-5,20,50,0.3032514610215259,0.3459827554984116,-0.014783581383548556,-0.14766411960945497,0.54,0.304,22,0.884784902963071
avcil,42,9,visual,62,people crowd,6,3,70,3,3-5,20,50,0.3219879357861363,0.42595413108103325,-0.07440433348271161,-0.22975912824475037,0.24,0.14400000000000002,23,0.8963830455964485
avcil,42,9,visual,63,playing vibraphone,6,3,94,4,3-5,20,50,0.37856820966032156,0.6321526504903662,-0.24103949051304674,-0.37333169691843504,0.02,0.012000000000000002,52,0.8963002327051659
avcil,42,9,visual,64,playing mandolin,6,3,55,3,3-5,20,50,0.43464014058618555,0.5539689171810191,-0.1421258507315207,-0.364177923537974,0.1,0.06,70,0.8449830037796813
avcil,42,9,visual,65,"female speech, woman speaking",6,3,76,4,3-5,20,50,0.4021637937394501,0.5445176396393924,-0.14849041665569168,-0.34628313627171414,0.04,0.04,91,0.8884641368347147
avcil,42,9,visual,66,volcano explosion,6,3,42,2,3-5,20,50,0.36880617714026465,0.4200595168234673,-0.07609173558475944,-0.18903686630559646,0.18,0.168,46,0.8755606369076168
avcil,42,9,visual,67,ocean burbling,6,3,71,3,3-5,20,50,0.29474047177999896,0.41179770954561057,-0.06306875567594286,-0.19647216352348365,0.38,0.136,46,0.9120936022920185
avcil,42,9,visual,68,singing choir,6,3,87,4,3-5,20,50,0.328208186696611,0.4333758317684849,-0.07745147573409905,-0.22457986124508017,0.28,0.192,48,0.9061701692201223
avcil,42,9,visual,69,playing flute,6,3,83,4,3-5,20,50,0.4625990388261796,0.6053255660508764,-0.17699644803279913,-0.3664844695868256,0.12,0.04,45,0.8852328452144103
avcil,42,9,visual,70,playing acoustic guitar,7,2,64,3,1-2,20,50,0.4031868774279098,0.5578903868513756,-0.1281423757680487,-0.3053622834210693,0.14,0.10000000000000002,27,0.8509969538045976
avcil,42,9,visual,71,canary calling,7,2,25,2,1-2,20,50,0.33728369557804144,0.38503083890569534,0.030700075258642136,-0.233073682408661,0.66,0.38800000000000007,36,0.7769718724382116
avcil,42,9,visual,72,pheasant crowing,7,2,53,3,1-2,20,50,0.27985417452417843,0.36473247324019953,-0.05343063476521335,-0.18707029182686685,0.36,0.19599999999999995,60,0.858361989078678
avcil,42,9,visual,73,woodpecker pecking tree,7,2,19,1,1-2,20,50,0.34270658453000125,0.3451459744098522,0.026415840626175333,-0.10198713970673016,0.68,0.424,36,0.8512614981270779
avcil,42,9,visual,74,yodelling,7,2,65,3,1-2,20,50,0.4076460626552053,0.49345496174531095,-0.10555166155060608,-0.28099104315644735,0.1,0.10800000000000001,1,0.861345064052081
avcil,42,9,visual,75,sharpen knife,7,2,26,2,1-2,20,50,0.3559561321642812,0.38464484198987686,-0.02484738313499161,-0.14401982723906778,0.42,0.276,40,0.8385459046795919
avcil,42,9,visual,76,"playing violin, fiddle",7,2,67,3,1-2,20,50,0.4580549596153113,0.545114126098406,-0.09230401077759798,-0.22216790897688593,0.2,0.10800000000000001,29,0.8529789052528249
avcil,42,9,visual,77,printer printing,7,2,39,2,1-2,20,50,0.3896389934336167,0.4475516741561421,-0.056488302964724374,-0.18362942997411574,0.32,0.15200000000000002,78,0.8147570425563966
avcil,42,9,visual,78,planing timber,7,2,38,2,1-2,20,50,0.405158731907213,0.40930392111327846,-0.06660211286480865,-0.17532033396284705,0.2,0.06,40,0.837172172565876
avcil,42,9,visual,79,lawn mowing,7,2,46,2,1-2,20,50,0.3640412990877141,0.4236179321197217,-0.05797337974233402,-0.1714737140496909,0.26,0.16,16,0.8806755908519002
avcil,42,9,visual,80,"electric shaver, electric razor shaving",8,1,20,1,1-2,20,50,0.32850874887042886,0.3939016414476661,-0.02254765195693309,-0.1833782390146541,0.46,0.252,75,0.829492132825046
avcil,42,9,visual,81,fireworks banging,8,1,43,2,1-2,20,50,0.1280736629716309,0.29803870622572204,-0.01777233028863487,-0.32160523465524204,0.62,0.56,9,0.8427922766922786
avcil,42,9,visual,82,tap dancing,8,1,9,1,1-2,20,50,0.298695891977553,0.3101729715913676,-0.02504603027301312,-0.08742820289237489,0.28,0.288,5,0.9111541203432716
avcil,42,9,visual,83,tapping guitar,8,1,93,4,1-2,20,50,0.38339105874304213,0.5282068825443001,-0.1098402096820944,-0.27186959050531706,0.14,0.172,47,0.8602144716220486
avcil,42,9,visual,84,stream burbling,8,1,61,3,1-2,20,50,0.28276596845351953,0.4280498225090061,-0.08010734405423879,-0.2740872184118564,0.28,0.168,28,0.8745751057101363
avcil,42,9,visual,85,playing bassoon,8,1,16,1,1-2,20,50,0.44385144377960045,0.4945054893095234,-0.06877571531659361,-0.1472619010801372,0.2,0.084,14,0.8647807218407786
avcil,42,9,visual,86,police radio chatter,8,1,22,1,1-2,20,50,0.37747641074727195,0.4924481539794522,-0.08430079927008881,-0.24885585092301563,0.34,0.11200000000000002,20,0.7344423060053248
avcil,42,9,visual,87,playing sitar,8,1,96,4,1-2,20,50,0.380956564008797,0.6505580858588834,-0.2054246467986076,-0.37878277848931335,0.1,0.04800000000000001,64,0.8073864754902204
avcil,42,9,visual,88,playing electric guitar,8,1,84,4,1-2,20,50,0.45950158715921396,0.56986865957419,-0.13642064452226774,-0.2728572657008777,0.1,0.08,27,0.8306859229228176
avcil,42,9,visual,89,people whistling,8,1,75,4,1-2,20,50,0.4284008769612765,0.5065730690474035,-0.1399571509739001,-0.2817437709633787,0.02,0.016,17,0.8468072926128272
avcil,42,9,visual,90,playing double bass,9,0,34,2,new,20,50,0.3613240907819658,0.442399367586309,-0.000454983929774897,-0.25087379246933394,0.62,0.408,44,0.6909739696621222
avcil,42,9,visual,91,"male speech, man speaking",9,0,98,4,new,20,50,0.3775107668204595,0.5424380964146512,-0.1720449697052666,-0.3232080255754326,0.02,0.036000000000000004,65,0.8884641368347147
avcil,42,9,visual,92,playing accordion,9,0,54,3,new,20,50,0.327543247284272,0.5742582187204316,-0.1126475548167943,-0.4279880566424998,0.34,0.32400000000000007,76,0.7070324169019985
avcil,42,9,visual,93,playing tabla,9,0,77,4,new,20,50,0.36481242601594965,0.6012932191895694,-0.18385305694065138,-0.3300685926870333,0.08,0.06,87,0.7469188175276706
avcil,42,9,visual,94,playing clarinet,9,0,92,4,new,20,50,0.3789309615704985,0.5924416403114163,-0.15524468388782753,-0.28700563556339226,0.12,0.04800000000000001,45,0.8757586412044959
avcil,42,9,visual,95,playing harpsichord,9,0,63,3,new,20,50,0.3653544335149331,0.5109804892023775,-0.11437743755610917,-0.3455438563505659,0.3,0.132,58,0.8544743585744689
avcil,42,9,visual,96,hail,9,0,2,1,new,20,50,0.2695604695219703,0.29131984755297397,0.03944848065924829,-0.03592667746078172,0.72,0.408,30,0.8082758238389265
avcil,42,9,visual,97,playing cymbal,9,0,99,4,new,20,50,0.27114809332151407,0.6585515004591284,-0.2787750467505272,-0.4901563416725077,0.08,0.068,10,0.8587797668234507
avcil,42,9,visual,98,people booing,9,0,56,3,new,20,50,0.36456142083123205,0.43734143473462467,-0.1075794337958288,-0.2063287816449357,0.1,0.04800000000000001,26,0.8309683261153225
avcil,42,9,visual,99,dog growling,9,0,40,2,new,20,50,0.2544724523125272,0.43331490582160614,-0.09087957159745416,-0.2546615290158971,0.2,0.2,34,0.9257474370893533
avcil,42,9,fusion,0,playing volleyball,0,9,13,1,6+,20,50,0.24464647601840744,0.2782746362450993,0.011869602949639799,-0.11483531073964497,0.56,0.41600000000000004,41,0.8207982714412352
avcil,42,9,fusion,1,child singing,0,9,88,4,6+,20,50,0.2983211189642845,0.40401150004044956,-0.09402498643331818,-0.3096130805490146,0.32,0.14800000000000002,74,0.8714602650062974
avcil,42,9,fusion,2,"heart sounds, heartbeat",0,9,11,1,6+,20,50,0.2786276941520066,0.29030610484416625,0.0813893093671063,-0.23435043091229557,0.74,0.52,34,0.748807675819074
avcil,42,9,fusion,3,singing bowl,0,9,35,2,6+,20,50,0.2939526681900305,0.41594486517525475,-0.08807742582372872,-0.24921908391646208,0.26,0.08,32,0.7372941435132265
avcil,42,9,fusion,4,cap gun shooting,0,9,58,3,6+,20,50,0.2351799188445669,0.35230454338792605,-0.05519048669379603,-0.2129184431409439,0.28,0.18,75,0.7652211886621368
avcil,42,9,fusion,5,rope skipping,0,9,31,2,6+,20,50,0.32105030752922936,0.3482300161940306,-0.043813570148546574,-0.13581691618064565,0.28,0.152,82,0.8807483171469771
avcil,42,9,fusion,6,"child speech, kid speaking",0,9,80,4,6+,20,50,0.2610909761664206,0.3455439141483307,-0.05516103441637977,-0.20163944318203467,0.44,0.24400000000000002,65,0.889447751653254
avcil,42,9,fusion,7,baby laughter,0,9,37,2,6+,20,50,0.21182370504830245,0.27379546977427166,-0.008192236793293377,-0.18266987516266453,0.62,0.3920000000000001,6,0.7803045650603488
avcil,42,9,fusion,8,playing table tennis,0,9,3,1,6+,20,50,0.26560241385963235,0.28802270935133173,0.02627404166699587,-0.07498974272070641,0.68,0.29600000000000004,41,0.8429105535668089
avcil,42,9,fusion,9,lighting firecrackers,0,9,95,4,6+,20,50,0.30614204648044924,0.4051920704032808,-0.10447513406995686,-0.21000040911422432,0.04,0.07600000000000001,56,0.8831422923123318
avcil,42,9,fusion,10,playing bass drum,1,8,44,2,6+,20,50,0.3271212035745291,0.32543420097272224,-0.0026355326577465732,-0.09822938491445367,0.6,0.228,97,0.8699789996099629
avcil,42,9,fusion,11,playing banjo,1,8,66,3,6+,20,50,0.19615970123403953,0.33443372100917945,-0.05941170621524591,-0.27033308999401073,0.52,0.28800000000000003,92,0.8347923382894568
avcil,42,9,fusion,12,fire truck siren,1,8,72,3,6+,20,50,0.19461727423991196,0.3214514825514768,-0.08636058738275143,-0.27885352862655516,0.3,0.316,15,0.8873678291134217
avcil,42,9,fusion,13,playing bagpipes,1,8,15,1,6+,20,50,0.16815649361251797,0.2660384433955689,0.0328426965880855,-0.1378053311290438,0.62,0.58,92,0.8027756788522584
avcil,42,9,fusion,14,playing french horn,1,8,73,3,6+,20,50,0.2455533461687954,0.31210899501327694,-0.08088021076645711,-0.19995970658691067,0.2,0.168,85,0.9138140649996849
avcil,42,9,fusion,15,civil defense siren,1,8,27,2,6+,20,50,0.2301019268905769,0.305473260082912,-0.015023932953325507,-0.18570595095408574,0.52,0.32,12,0.8873678291134217
avcil,42,9,fusion,16,tractor digging,1,8,10,1,6+,20,50,0.2318023673841599,0.25203326682785515,0.02220769347348992,-0.07648800031995902,0.62,0.36800000000000005,79,0.8148348521780862
avcil,42,9,fusion,17,people whispering,1,8,23,1,6+,20,50,0.2805141719579867,0.19538493758549233,0.11930611215827257,0.04616667033316394,0.94,0.408,6,0.7624595876828558
avcil,42,9,fusion,18,lathe spinning,1,8,6,1,6+,20,50,0.31231759987802266,0.2958289032699721,0.012463879912429381,-0.11692079610768052,0.52,0.268,30,0.8052522545582221
avcil,42,9,fusion,19,playing theremin,1,8,85,4,6+,20,50,0.30742683996334236,0.4245161476446202,-0.1324163216743444,-0.2754733712132349,0.08,0.05600000000000001,31,0.8471669744318995
avcil,42,9,fusion,20,playing glockenspiel,2,7,28,2,6+,20,50,0.23467426016327572,0.3147392503534742,-0.0340153681672851,-0.2921702399291318,0.5,0.38799999999999996,64,0.7589671975147544
avcil,42,9,fusion,21,playing hammond organ,2,7,90,4,6+,20,50,0.28791162563886463,0.42364966518285735,-0.12969952474984883,-0.28427692089115986,0.1,0.07600000000000001,24,0.8962961733376862
avcil,42,9,fusion,22,police car (siren),2,7,68,3,6+,20,50,0.23391413797709393,0.3249899274850995,-0.022458408357534033,-0.2092474367957809,0.52,0.392,12,0.8215798792821584
avcil,42,9,fusion,23,people cheering,2,7,60,3,6+,20,50,0.2638663824783337,0.26921801763017,-0.02385967968517562,-0.09415023385292544,0.38,0.344,62,0.9174969753761343
avcil,42,9,fusion,24,playing electronic organ,2,7,91,4,6+,20,50,0.2454545823831637,0.4123517332370475,-0.13545506467583868,-0.2809884725881091,0.12,0.06,21,0.8962961733376862
avcil,42,9,fusion,25,bowling impact,2,7,8,1,6+,20,50,0.2860489667900844,0.3175443168495092,-0.008694849802945175,-0.10898092814730144,0.5,0.268,41,0.8499857805843957
avcil,42,9,fusion,26,people marching,2,7,24,1,6+,20,50,0.3000577537168169,0.3719297449881851,-0.053969424913518145,-0.19203050383037512,0.38,0.21600000000000003,50,0.8056791856384862
avcil,42,9,fusion,27,playing bass guitar,2,7,81,4,6+,20,50,0.2656602690065348,0.3661553168126408,-0.08291338418869837,-0.30962321936384984,0.32,0.16399999999999998,90,0.826934255800345
avcil,42,9,fusion,28,goose honking,2,7,74,3,6+,20,50,0.3012911288769973,0.3483312881921715,-0.052642158051796596,-0.15979842208983383,0.32,0.18400000000000002,60,0.7796163507427791
avcil,42,9,fusion,29,playing trombone,2,7,69,3,6+,20,50,0.3034574676693721,0.3407625424517869,-0.06104120818019605,-0.2088475408722598,0.34,0.18000000000000005,85,0.8490439831899874
avcil,42,9,fusion,30,helicopter,3,6,50,3,6+,20,50,0.23839574936823954,0.353434097281589,-0.07074384776310096,-0.26825168509835357,0.38,0.16799999999999998,79,0.9082095986006833
avcil,42,9,fusion,31,playing erhu,3,6,18,1,6+,20,50,0.23956429457786302,0.26266466206840894,-0.012066102850396838,-0.10572709980982874,0.46,0.276,19,0.8471669744318995
avcil,42,9,fusion,32,dog howling,3,6,29,2,6+,20,50,0.24554346791889065,0.42412457609643056,-0.13049543702625305,-0.33622889285981156,0.1,0.124,89,0.7941735835748268
avcil,42,9,fusion,33,playing synthesizer,3,6,52,3,6+,20,50,0.3408696597004191,0.4176294636414481,-0.1083748397303762,-0.3098783185732096,0.18,0.09600000000000002,27,0.7617596185438642
avcil,42,9,fusion,34,cat purring,3,6,32,2,6+,20,50,0.2147884902964497,0.36758019380441986,-0.07867600603976832,-0.3171457942415813,0.34,0.364,73,0.8067719631531798
avcil,42,9,fusion,35,skiing,3,6,1,1,6+,20,50,0.23046028100158056,0.2823866948494208,0.017984450713947605,-0.09945711193073059,0.6,0.4160000000000001,9,0.8068348931790792
avcil,42,9,fusion,36,wood thrush calling,3,6,49,2,6+,20,50,0.2445273728595531,0.2552891662404119,-0.023997363403355773,-0.08378876178209371,0.44,0.368,57,0.9550221970843669
avcil,42,9,fusion,37,scuba diving,3,6,0,1,6+,20,50,0.1938011065954285,0.22072264357886293,0.09306510639805338,-0.03512918455356216,0.88,0.74,66,0.7513055400808133
avcil,42,9,fusion,38,playing tambourine,3,6,36,2,6+,20,50,0.3369902330344858,0.32689074759946324,-0.004842573638739989,-0.11999486954513239,0.56,0.28,10,0.8177828968612644
avcil,42,9,fusion,39,driving motorcycle,3,6,48,2,6+,20,50,0.24577354415569394,0.3809218631730198,-0.08747552902065504,-0.2660687049036026,0.26,0.14,46,0.8625329443201131
avcil,42,9,fusion,40,vacuum cleaner cleaning floors,4,5,57,3,3-5,20,50,0.3295798150412373,0.44179552782365056,-0.1485750415411057,-0.24732363704595764,0.04,0.04800000000000001,80,0.8699077812037448
avcil,42,9,fusion,41,playing squash,4,5,4,1,3-5,20,50,0.29223508359434514,0.32657645057455836,-0.03630783120308839,-0.11326711373573767,0.32,0.32799999999999996,25,0.8499857805843957
avcil,42,9,fusion,42,slot machine,4,5,12,1,3-5,20,50,0.27171106218961794,0.32050460464813285,0.0629452055366577,-0.04667514306617547,0.7,0.504,74,0.7247077822454906
avcil,42,9,fusion,43,beat boxing,4,5,41,2,3-5,20,50,0.27095348878831427,0.3152457061219106,0.010235101368315949,-0.13422300078312419,0.58,0.32799999999999996,82,0.8047856802112361
avcil,42,9,fusion,44,playing cello,4,5,82,4,3-5,20,50,0.21226472314708172,0.35495965576368504,-0.10189312953965832,-0.2711397722061209,0.28,0.18800000000000006,58,0.8843287283493564
avcil,42,9,fusion,45,playing cornet,4,5,7,1,3-5,20,50,0.2512331232506993,0.26910660446679296,-0.030648488553155467,-0.15326700729359402,0.44,0.24799999999999997,94,0.9034110481153106
avcil,42,9,fusion,46,wind noise,4,5,78,4,3-5,20,50,0.23562541040132762,0.35045054846194346,-0.09513038548753407,-0.23466998559484928,0.2,0.14400000000000002,67,0.8902642493765142
avcil,42,9,fusion,47,"playing steel guitar, slide guitar",4,5,45,2,3-5,20,50,0.2987731967474413,0.348997146249228,-0.08851043768484082,-0.23565319262499396,0.2,0.11599999999999999,83,0.8661570015263622
avcil,42,9,fusion,48,orchestra,4,5,86,4,3-5,20,50,0.26964118501215106,0.3418313478927484,-0.05235618103630563,-0.16985091406396777,0.34,0.156,76,0.8302210759858262
avcil,42,9,fusion,49,playing harp,4,5,59,3,3-5,20,50,0.176364794612654,0.30539440422811737,-0.0681478935956207,-0.2439227528709749,0.32,0.22400000000000003,63,0.9081657996036077
avcil,42,9,fusion,50,roller coaster running,5,4,30,2,3-5,20,50,0.2860780880771019,0.3290104238919088,-0.010752976091697317,-0.1753997949438684,0.52,0.29600000000000004,26,0.8056791856384862
avcil,42,9,fusion,51,missile launch,5,4,21,1,3-5,20,50,0.24757859530268664,0.3220351228952515,-0.04952831596390795,-0.1706434471128213,0.36,0.23600000000000002,66,0.877888659447126
avcil,42,9,fusion,52,"playing marimba, xylophone",5,4,97,4,3-5,20,50,0.2801596213103176,0.4020441555987571,-0.11256833448459132,-0.21688843310300965,0.06,0.084,63,0.9380619762202751
avcil,42,9,fusion,53,airplane flyby,5,4,5,1,3-5,20,50,0.2026108048036388,0.23320455221407244,0.013930367284168127,-0.09739799244281924,0.6,0.532,51,0.8776769320679644
avcil,42,9,fusion,54,playing saxophone,5,4,89,4,3-5,20,50,0.23675671685066849,0.3599940357399378,-0.08149241726339713,-0.21685506801879242,0.2,0.204,47,0.8445717274161337
avcil,42,9,fusion,55,"subway, metro, underground",5,4,33,2,3-5,20,50,0.22445842740755353,0.31614509723964795,-0.02869330991853255,-0.253675735705962,0.48,0.316,61,0.8545505139948106
avcil,42,9,fusion,56,arc welding,5,4,17,1,3-5,20,50,0.30721481713510534,0.36697627290681334,-0.05515802824823667,-0.1483707684134922,0.3,0.248,9,0.8831422923123318
avcil,42,9,fusion,57,mynah bird singing,5,4,62,3,3-5,20,50,0.28551956022197966,0.27831213245864944,-0.04526347179760999,-0.14835615375653052,0.32,0.16399999999999998,36,0.9550221970843669
avcil,42,9,fusion,58,playing piano,5,4,79,4,3-5,20,50,0.25214065694055465,0.3140832979945321,-0.0627547134419564,-0.170620421493123,0.28,0.17600000000000002,70,0.920691473904724
avcil,42,9,fusion,59,playing bongo,5,4,14,1,3-5,20,50,0.2173545191343446,0.25671483134265327,0.025656607677878834,-0.08060313554963518,0.7,0.5720000000000001,93,0.9422925417114596
avcil,42,9,fusion,60,"pigeon, dove cooing",6,3,51,3,3-5,20,50,0.241842869133583,0.40862922529312,-0.09435550930232645,-0.32145073398676327,0.28,0.196,28,0.7796163507427791
avcil,42,9,fusion,61,"race car, auto racing",6,3,47,2,3-5,20,50,0.23599933334197312,0.31361727474554685,-0.027632978862202916,-0.11533174384493436,0.38,0.23600000000000002,79,0.8568119485444905
avcil,42,9,fusion,62,people crowd,6,3,70,3,3-5,20,50,0.21808519877962604,0.2873456600084509,0.005714715674464684,-0.15311143354315687,0.68,0.39599999999999996,23,0.9174969753761343
avcil,42,9,fusion,63,playing vibraphone,6,3,94,4,3-5,20,50,0.25732914097459253,0.4273143444514008,-0.1285236559736667,-0.3285674920678903,0.12,0.10800000000000003,52,0.9380619762202751
avcil,42,9,fusion,64,playing mandolin,6,3,55,3,3-5,20,50,0.2547422120497365,0.33955894696418915,-0.07171629435888045,-0.25697298378766426,0.36,0.284,47,0.8442856359211207
avcil,42,9,fusion,65,"female speech, woman speaking",6,3,76,4,3-5,20,50,0.23304525060408535,0.3375782801725114,-0.06826198910626578,-0.24997455941165003,0.28,0.252,91,0.938769050783715
avcil,42,9,fusion,66,volcano explosion,6,3,42,2,3-5,20,50,0.2879074224105421,0.3156499194810285,-0.02308305440418075,-0.17055220482425884,0.4,0.24,51,0.877888659447126
avcil,42,9,fusion,67,ocean burbling,6,3,71,3,3-5,20,50,0.1942050790844861,0.33871885805625646,-0.06151237252854384,-0.17529358899813366,0.2,0.264,46,0.8902642493765142
avcil,42,9,fusion,68,singing choir,6,3,87,4,3-5,20,50,0.26180252515502295,0.4374337798988606,-0.11684621313039377,-0.25976090979953476,0.14,0.124,23,0.8722630757951915
avcil,42,9,fusion,69,playing flute,6,3,83,4,3-5,20,50,0.26614054314478414,0.41759805673626693,-0.14145837892760066,-0.38606314318005064,0.2,0.11599999999999999,94,0.862879830072154
avcil,42,9,fusion,70,playing acoustic guitar,7,2,64,3,1-2,20,50,0.2311649610102382,0.30961927353465696,-0.044572692918319445,-0.1881299728958963,0.38,0.21599999999999997,58,0.920691473904724
avcil,42,9,fusion,71,canary calling,7,2,25,2,1-2,20,50,0.2630230519099256,0.3063090267667781,-0.0328209779145668,-0.15095518175596423,0.5,0.284,36,0.9201584619011451
avcil,42,9,fusion,72,pheasant crowing,7,2,53,3,1-2,20,50,0.2946717349478224,0.3321560196334974,-0.07240261016691685,-0.1675594453527602,0.16,0.18799999999999997,73,0.8004591586034091
avcil,42,9,fusion,73,woodpecker pecking tree,7,2,19,1,1-2,20,50,0.28073351900744553,0.2940902055388833,0.010721013978735157,-0.1200858259225968,0.54,0.276,34,0.8067719631531798
avcil,42,9,fusion,74,yodelling,7,2,65,3,1-2,20,50,0.33234945963065143,0.3563646375389595,-0.04786398247112851,-0.17560845471509495,0.34,0.11600000000000002,1,0.8714602650062974
avcil,42,9,fusion,75,sharpen knife,7,2,26,2,1-2,20,50,0.2817543748257616,0.32544348400782497,-0.01985791961818916,-0.16759629213268945,0.48,0.188,40,0.8409640466998881
avcil,42,9,fusion,76,"playing violin, fiddle",7,2,67,3,1-2,20,50,0.2625580218136456,0.3467431753455334,-0.08413177309340257,-0.1731632912400581,0.14,0.14800000000000002,92,0.8931194621806728
avcil,42,9,fusion,77,printer printing,7,2,39,2,1-2,20,50,0.34580762914417,0.43545002697906904,-0.09811888148385547,-0.228149402693292,0.18,0.1,84,0.8167621484476097
avcil,42,9,fusion,78,planing timber,7,2,38,2,1-2,20,50,0.3478826951169884,0.41204790987513823,-0.1120417218120141,-0.24594010556202037,0.14,0.26,80,0.858161571581981
avcil,42,9,fusion,79,lawn mowing,7,2,46,2,1-2,20,50,0.23386723258821576,0.31073376207522185,-0.04862286568975586,-0.18453700869182843,0.38,0.32,30,0.9082095986006833
avcil,42,9,fusion,80,"electric shaver, electric razor shaving",8,1,20,1,1-2,20,50,0.32689179747078223,0.3505006874155606,-0.014933986268189236,-0.13274909675647842,0.46,0.30400000000000005,40,0.8699077812037448
avcil,42,9,fusion,81,fireworks banging,8,1,43,2,1-2,20,50,0.16138416159070507,0.3324980856045222,-0.009416798301024676,-0.18132804895081442,0.56,0.44,9,0.779311480229578
avcil,42,9,fusion,82,tap dancing,8,1,9,1,1-2,20,50,0.27675695288966384,0.2776897770158147,0.005539911687854091,-0.07215344455276443,0.54,0.39199999999999996,5,0.8807483171469771
avcil,42,9,fusion,83,tapping guitar,8,1,93,4,1-2,20,50,0.30131513769505336,0.44171887161990986,-0.17013191387277984,-0.26997054951369864,0.08,0.04,47,0.8661570015263622
avcil,42,9,fusion,84,stream burbling,8,1,61,3,1-2,20,50,0.21690213551566964,0.3340072820657189,-0.06369721528138532,-0.19338873449947,0.32,0.284,67,0.8807270619001011
avcil,42,9,fusion,85,playing bassoon,8,1,16,1,1-2,20,50,0.28999409292393497,0.28852243342338313,-0.040599605233328374,-0.125990792029582,0.28,0.22000000000000003,14,0.9138140649996849
avcil,42,9,fusion,86,police radio chatter,8,1,22,1,1-2,20,50,0.23128015019744702,0.28780242576912624,0.06145293585108764,-0.03692410245276321,0.72,0.42,7,0.7751494943925641
avcil,42,9,fusion,87,playing sitar,8,1,96,4,1-2,20,50,0.273303995384551,0.43565592702659667,-0.13647440104697098,-0.24864792704154656,0.06,0.032,95,0.8919495163196358
avcil,42,9,fusion,88,playing electric guitar,8,1,84,4,1-2,20,50,0.3308693522476192,0.34423018954408,-0.09145297409542653,-0.20273344002390853,0.22,0.10400000000000001,54,0.8372016028389654
avcil,42,9,fusion,89,people whistling,8,1,75,4,1-2,20,50,0.2814080532064838,0.37786382032733057,-0.08508023285451233,-0.2573493348131888,0.28,0.19200000000000003,6,0.8230514373988106
avcil,42,9,fusion,90,playing double bass,9,0,34,2,new,20,50,0.3397430193973024,0.3480399175436519,-0.010530955675851782,-0.17280524092391283,0.56,0.24,27,0.826934255800345
avcil,42,9,fusion,91,"male speech, man speaking",9,0,98,4,new,20,50,0.2859121016452397,0.46393940601486305,-0.15541120493322041,-0.38521011445932657,0.06,0.068,65,0.938769050783715
avcil,42,9,fusion,92,playing accordion,9,0,54,3,new,20,50,0.18131874050730828,0.32232385999792934,-0.08201638602426584,-0.22832625129848239,0.24,0.26,76,0.8931194621806728
avcil,42,9,fusion,93,playing tabla,9,0,77,4,new,20,50,0.28764453719883215,0.46601642723131403,-0.1662363599109828,-0.3196438458183352,0.1,0.076,59,0.9422925417114596
avcil,42,9,fusion,94,playing clarinet,9,0,92,4,new,20,50,0.2774399792661183,0.34529672410703816,-0.10067098268469277,-0.23150262014010786,0.12,0.084,45,0.9034110481153106
avcil,42,9,fusion,95,playing harpsichord,9,0,63,3,new,20,50,0.24521821592647103,0.3045789139563874,-0.04617370578694721,-0.2556845738594319,0.52,0.27599999999999997,87,0.8919495163196358
avcil,42,9,fusion,96,hail,9,0,2,1,new,20,50,0.18430239313501456,0.1792579725286689,0.08844740566222135,0.00797116801065239,0.9,0.5680000000000001,30,0.8098500307252059
avcil,42,9,fusion,97,playing cymbal,9,0,99,4,new,20,50,0.2435112398574441,0.3856282558397732,-0.11783322746294375,-0.26397197408245,0.12,0.16399999999999998,10,0.8699789996099629
avcil,42,9,fusion,98,people booing,9,0,56,3,new,20,50,0.29563336891829073,0.3608589141954691,-0.07738810645688841,-0.22625019764333776,0.28,0.188,23,0.898055585259543
avcil,42,9,fusion,99,dog growling,9,0,40,2,new,20,50,0.2850843447932611,0.4226623190420764,-0.10469322908838243,-0.28744825703082677,0.32,0.204,34,0.7890845183500353
hinge_A,42,1,audio,0,playing volleyball,0,1,13,1,1-2,20,50,0.3035665686785568,0.35341609708146704,0.08914199080145907,-0.12482859832689808,0.7,0.612,8,0.6123313578703256
hinge_A,42,1,audio,1,child singing,0,1,88,4,1-2,20,50,0.27274002564743877,0.38185329158432774,-0.019702684348694,-0.33301171655701844,0.52,0.424,11,0.6670713990703596
hinge_A,42,1,audio,2,"heart sounds, heartbeat",0,1,11,1,1-2,20,50,0.21911455532193055,0.2430280736304591,0.1996376854119648,-0.0846145257581359,0.88,0.696,17,0.6776368886728141
hinge_A,42,1,audio,3,singing bowl,0,1,35,2,1-2,20,50,0.2745777145952765,0.32150316436920046,0.017462961071945317,-0.10987711856251202,0.62,0.288,19,0.7520368520137367
hinge_A,42,1,audio,4,cap gun shooting,0,1,58,3,1-2,20,50,0.22189137721637597,0.3557493585647775,-0.03192591342491045,-0.25849123216822956,0.38,0.308,17,0.5970214263480149
hinge_A,42,1,audio,5,rope skipping,0,1,31,2,1-2,20,50,0.35339145773133196,0.4114695869479572,-0.041635744141145105,-0.18879883543822962,0.42,0.284,8,0.7382500286736147
hinge_A,42,1,audio,6,"child speech, kid speaking",0,1,80,4,1-2,20,50,0.26305773610985816,0.3473310423522007,0.008701091673544036,-0.19121468404834904,0.56,0.496,7,0.7359319988060604
hinge_A,42,1,audio,7,baby laughter,0,1,37,2,1-2,20,50,0.24326567758790815,0.3238325489556675,-0.013425452036333036,-0.2154978780355442,0.54,0.368,6,0.7359319988060604
hinge_A,42,1,audio,8,playing table tennis,0,1,3,1,1-2,20,50,0.2911082892372504,0.3563759053137042,0.014131372127847175,-0.16147973751631764,0.54,0.42800000000000005,5,0.7382500286736147
hinge_A,42,1,audio,9,lighting firecrackers,0,1,95,4,1-2,20,50,0.3299256953680719,0.4270592728614593,-0.07524363758122803,-0.26697162127299284,0.34,0.26,8,0.699972037816909
hinge_A,42,1,audio,10,playing bass drum,1,0,44,2,new,20,50,0.27809623326555505,0.28148131578147584,0.1328726932445962,-0.05574718234915178,0.84,0.672,5,0.6659781859886862
hinge_A,42,1,audio,11,playing banjo,1,0,66,3,new,20,50,0.1305726460059602,0.2693659963346164,0.09498911096792875,-0.16697553208244778,0.82,0.7719999999999999,1,0.6670713990703596
hinge_A,42,1,audio,12,fire truck siren,1,0,72,3,new,20,50,0.19001126056112744,0.3157050601735022,0.04201165192609289,-0.21461480437743582,0.66,0.6200000000000001,15,0.8450499291227263
hinge_A,42,1,audio,13,playing bagpipes,1,0,15,1,new,20,50,0.14161572364673733,0.24403084861815572,0.15936054568615546,-0.08595509487918233,0.82,0.7879999999999999,1,0.6440090777216838
hinge_A,42,1,audio,14,playing french horn,1,0,73,3,new,20,50,0.18300833877721226,0.24127151186712212,0.05763950509033476,-0.11598988559611603,0.66,0.66,19,0.7429183198053704
hinge_A,42,1,audio,15,civil defense siren,1,0,27,2,new,20,50,0.18425360944614502,0.27907189335678106,0.01933702604734008,-0.14388459118904623,0.56,0.5840000000000001,12,0.8450499291227263
hinge_A,42,1,audio,16,tractor digging,1,0,10,1,new,20,50,0.1884297656896507,0.20746001447723522,0.21708689988895508,0.008633030730325059,0.9,0.816,18,0.6315968659522067
hinge_A,42,1,audio,17,people whispering,1,0,23,1,new,20,50,0.23470279880193465,0.13568166221644293,0.24655219595457342,0.16359051997714882,1.0,0.9159999999999999,6,0.7246250446081706
hinge_A,42,1,audio,18,lathe spinning,1,0,6,1,new,20,50,0.24327650862639344,0.2447994867949894,0.1779528942063665,-0.048628667825907766,0.86,0.684,16,0.6315968659522067
hinge_A,42,1,audio,19,playing theremin,1,0,85,4,new,20,50,0.22730815147714895,0.35623117076393934,-0.042238129506528006,-0.27567564648319387,0.44,0.3760000000000001,3,0.7520368520137367
hinge_A,42,1,visual,0,playing volleyball,0,1,13,1,1-2,20,50,0.17006217124603557,0.25003444998206203,0.12439614359355225,-0.08739835904582637,0.8,0.748,5,0.648791717175286
hinge_A,42,1,visual,1,child singing,0,1,88,4,1-2,20,50,0.26328845344743196,0.3880540655408447,0.009735143201458272,-0.19858798493705482,0.54,0.408,11,0.7239368630233602
hinge_A,42,1,visual,2,"heart sounds, heartbeat",0,1,11,1,1-2,20,50,0.26313353056403843,0.3253586084027505,0.03317452799878784,-0.1061415237467267,0.62,0.516,17,0.771447500754034
hinge_A,42,1,visual,3,singing bowl,0,1,35,2,1-2,20,50,0.28679606910757816,0.4334172068203987,-0.041130940595621175,-0.2126375284461779,0.34,0.3,2,0.7008280621275784
hinge_A,42,1,visual,4,cap gun shooting,0,1,58,3,1-2,20,50,0.24075942113719825,0.38265225396848107,-0.023530914968182035,-0.21577820045589488,0.4,0.37199999999999994,17,0.6453192915139977
hinge_A,42,1,visual,5,rope skipping,0,1,31,2,1-2,20,50,0.1983490183605317,0.2718670139900759,0.13079103674106543,-0.08899958534662582,0.8,0.7719999999999999,0,0.648791717175286
hinge_A,42,1,visual,6,"child speech, kid speaking",0,1,80,4,1-2,20,50,0.315370909762545,0.46134075230548555,-0.08380564372805754,-0.2453157215783311,0.32,0.196,17,0.7700414246078549
hinge_A,42,1,visual,7,baby laughter,0,1,37,2,1-2,20,50,0.206206236015877,0.3158511083350217,0.088698446569651,-0.2169670230664568,0.7,0.696,6,0.7074778787055835
hinge_A,42,1,visual,8,playing table tennis,0,1,3,1,1-2,20,50,0.14687299165883855,0.21233435141387158,0.1859849807249229,-0.03344446016997614,0.84,0.88,5,0.600163332702834
hinge_A,42,1,visual,9,lighting firecrackers,0,1,95,4,1-2,20,50,0.20201834035799063,0.3015178766077185,0.10120081767985978,-0.12986882747579237,0.76,0.66,16,0.6610501572766112
hinge_A,42,1,visual,10,playing bass drum,1,0,44,2,new,20,50,0.2752396223317441,0.3418189588250206,0.09348094449588366,-0.12173797915253697,0.74,0.6480000000000001,18,0.6343334666925773
hinge_A,42,1,visual,11,playing banjo,1,0,66,3,new,20,50,0.24612348088457586,0.4273109506380706,-0.05773764033576048,-0.2654198856262522,0.38,0.368,1,0.7239368630233602
hinge_A,42,1,visual,12,fire truck siren,1,0,72,3,new,20,50,0.22109590999061607,0.2917844577584271,0.08027857829754069,-0.14739937218779295,0.76,0.6759999999999999,15,0.7612254121345055
hinge_A,42,1,visual,13,playing bagpipes,1,0,15,1,new,20,50,0.2271271357015708,0.4124799343314518,-0.030453362549862247,-0.3560446005254494,0.54,0.43599999999999994,1,0.7009548287177388
hinge_A,42,1,visual,14,playing french horn,1,0,73,3,new,20,50,0.31984816335625216,0.4227462949560894,-0.07349397240794432,-0.291593783106934,0.36,0.256,19,0.8063275669497796
hinge_A,42,1,visual,15,civil defense siren,1,0,27,2,new,20,50,0.27730622345969,0.3593677395634352,0.03409807920600716,-0.14764365026950244,0.54,0.436,12,0.7612254121345055
hinge_A,42,1,visual,16,tractor digging,1,0,10,1,new,20,50,0.2103678415251628,0.24523126634415499,0.16271813757431772,-0.00861390699436404,0.88,0.7879999999999999,12,0.6629149274045683
hinge_A,42,1,visual,17,people whispering,1,0,23,1,new,20,50,0.26344628845983686,0.3759074821693216,-0.05578598745789603,-0.23642614822469232,0.38,0.3440000000000001,2,0.771447500754034
hinge_A,42,1,visual,18,lathe spinning,1,0,6,1,new,20,50,0.2494234967614024,0.2990068808656107,0.13820813996596135,-0.04440671795729727,0.88,0.76,10,0.6343334666925773
hinge_A,42,1,visual,19,playing theremin,1,0,85,4,new,20,50,0.33800353258787025,0.45845523131904387,-0.07725397317773791,-0.2223101887178922,0.34,0.196,14,0.8063275669497796
hinge_A,42,1,fusion,0,playing volleyball,0,1,13,1,1-2,20,50,0.17936879899778227,0.22296731503224515,0.16847723001097648,-0.017512742771871252,0.88,0.836,5,0.6408217146924353
hinge_A,42,1,fusion,1,child singing,0,1,88,4,1-2,20,50,0.22231487545791756,0.316981845210135,0.020878080935092084,-0.24274131387783004,0.5,0.484,11,0.6764312714681227
hinge_A,42,1,fusion,2,"heart sounds, heartbeat",0,1,11,1,1-2,20,50,0.18449235515362064,0.20335008805676302,0.17251285556063167,-0.03839232402956752,0.88,0.7959999999999999,17,0.713999001860401
hinge_A,42,1,fusion,3,singing bowl,0,1,35,2,1-2,20,50,0.22112667134001907,0.2846549483963875,0.028726190219505617,-0.08854188763550792,0.7,0.38799999999999996,19,0.7399693185233105
hinge_A,42,1,fusion,4,cap gun shooting,0,1,58,3,1-2,20,50,0.16756259106803895,0.29045850439215914,0.010214595692585529,-0.16520072126213214,0.5,0.408,17,0.6237752438936166
hinge_A,42,1,fusion,5,rope skipping,0,1,31,2,1-2,20,50,0.22821723567067637,0.27558913981373157,0.06693236241416028,-0.08599573744071344,0.74,0.62,8,0.7097077872356794
hinge_A,42,1,fusion,6,"child speech, kid speaking",0,1,80,4,1-2,20,50,0.22330357443312274,0.3046867704042134,0.01630087260003304,-0.16091102084955716,0.58,0.48,7,0.7518077043029592
hinge_A,42,1,fusion,7,baby laughter,0,1,37,2,1-2,20,50,0.1766261348126296,0.25052877202398216,0.03348326949753991,-0.1612363381329619,0.68,0.596,6,0.7518077043029592
hinge_A,42,1,fusion,8,playing table tennis,0,1,3,1,1-2,20,50,0.17983811079965256,0.22738623333938535,0.12526131105673308,-0.012655122160746267,0.86,0.82,5,0.7097077872356794
hinge_A,42,1,fusion,9,lighting firecrackers,0,1,95,4,1-2,20,50,0.2136508701842578,0.3066272883215168,0.041073971563079396,-0.18646037511584396,0.62,0.504,16,0.5835427097446914
hinge_A,42,1,fusion,10,playing bass drum,1,0,44,2,new,20,50,0.23898563708876966,0.2328724908329645,0.19026769501474752,0.03494302764210846,0.92,0.8039999999999999,5,0.6262020032516098
hinge_A,42,1,fusion,11,playing banjo,1,0,66,3,new,20,50,0.1235202230519566,0.24836652951177407,0.0864981712922928,-0.1542669446425484,0.78,0.748,1,0.6764312714681227
hinge_A,42,1,fusion,12,fire truck siren,1,0,72,3,new,20,50,0.16345341221292162,0.24531463968031106,0.08400631059887477,-0.0942198322973279,0.72,0.7440000000000001,15,0.8291230712993842
hinge_A,42,1,fusion,13,playing bagpipes,1,0,15,1,new,20,50,0.1307684487536126,0.22244758134853407,0.1506660752634282,-0.08581820069284064,0.8,0.7959999999999999,1,0.6552392594419332
hinge_A,42,1,fusion,14,playing french horn,1,0,73,3,new,20,50,0.17681280418532702,0.2208363026750016,0.05778752376901512,-0.10252741992932153,0.64,0.684,19,0.7590790382114173
hinge_A,42,1,fusion,15,civil defense siren,1,0,27,2,new,20,50,0.17246144313665498,0.23981763118009425,0.045132179470695234,-0.12354769594005253,0.64,0.6480000000000001,12,0.8291230712993842
hinge_A,42,1,fusion,16,tractor digging,1,0,10,1,new,20,50,0.1592226385608858,0.15746669892987739,0.25356634704578374,0.08895743869355952,1.0,0.9640000000000001,18,0.600820141792898
hinge_A,42,1,fusion,17,people whispering,1,0,23,1,new,20,50,0.20446254970562724,0.13391293088427,0.19300102033367242,0.12811272441753876,1.0,0.9319999999999999,6,0.7477890315249739
hinge_A,42,1,fusion,18,lathe spinning,1,0,6,1,new,20,50,0.20872761171014131,0.19733426915584945,0.22740038582521774,0.06620172164264394,0.94,0.8240000000000001,16,0.600820141792898
hinge_A,42,1,fusion,19,playing theremin,1,0,85,4,new,20,50,0.2160713404515043,0.3176834796614924,-0.020282142293302673,-0.24017968715948038,0.54,0.38799999999999996,14,0.7590790382114173
hinge_A,42,5,audio,0,playing volleyball,0,5,13,1,3-5,20,50,0.3594243077458428,0.40088863386585877,0.00010040654740715249,-0.20590006472369407,0.46,0.336,41,0.765953185578947
hinge_A,42,5,audio,1,child singing,0,5,88,4,3-5,20,50,0.3244054396851587,0.4342414225705926,-0.07989583732374815,-0.36212340039904944,0.34,0.18799999999999997,54,0.8412230569120169
hinge_A,42,5,audio,2,"heart sounds, heartbeat",0,5,11,1,3-5,20,50,0.314753334574415,0.32172565271628595,0.09903352918234733,-0.135990325272431,0.72,0.48,34,0.7095134401789012
hinge_A,42,5,audio,3,singing bowl,0,5,35,2,3-5,20,50,0.3306753457500703,0.44013752782619764,-0.08100533150797654,-0.22669963435104099,0.26,0.12000000000000002,32,0.7225329724326612
hinge_A,42,5,audio,4,cap gun shooting,0,5,58,3,3-5,20,50,0.24395798984632283,0.37790665241878085,-0.038914930849462445,-0.2206244163146659,0.42,0.296,7,0.6906656203624313
hinge_A,42,5,audio,5,rope skipping,0,5,31,2,3-5,20,50,0.43837134002285083,0.4696802168381993,-0.09053436781996237,-0.22625122157000757,0.08,0.124,38,0.7707707357551141
hinge_A,42,5,audio,6,"child speech, kid speaking",0,5,80,4,3-5,20,50,0.30060831800534304,0.40901992868823905,-0.017011601882585266,-0.2610482940160304,0.48,0.392,28,0.7572116089489629
hinge_A,42,5,audio,7,baby laughter,0,5,37,2,3-5,20,50,0.24675937205963402,0.3204557905397855,-0.004672154242955274,-0.18152607333954596,0.56,0.41600000000000004,6,0.717159259595013
hinge_A,42,5,audio,8,playing table tennis,0,5,3,1,3-5,20,50,0.3840772333312579,0.4334064324627538,-0.04571299230873226,-0.18868532332068597,0.36,0.16,5,0.7586688200642175
hinge_A,42,5,audio,9,lighting firecrackers,0,5,95,4,3-5,20,50,0.3719098858594757,0.5319633077753061,-0.14821248458885994,-0.3001170073847306,0.14,0.064,56,0.870776763788503
hinge_A,42,5,audio,10,playing bass drum,1,4,44,2,3-5,20,50,0.3507773175295667,0.35196353618461806,0.0013670105333425853,-0.10674366686953524,0.58,0.288,38,0.762436170722832
hinge_A,42,5,audio,11,playing banjo,1,4,66,3,3-5,20,50,0.18877451947107,0.3375242537624659,-0.005270533841880445,-0.24638092934376082,0.62,0.47600000000000003,54,0.7554717152517538
hinge_A,42,5,audio,12,fire truck siren,1,4,72,3,3-5,20,50,0.2392489442085622,0.3947629964574004,-0.10326524682061697,-0.2867713318779231,0.3,0.276,15,0.8485877580130197
hinge_A,42,5,audio,13,playing bagpipes,1,4,15,1,3-5,20,50,0.1666381452115061,0.2699864635622231,0.09526842461349128,-0.09126893294040356,0.74,0.6880000000000002,54,0.7082860614604194
hinge_A,42,5,audio,14,playing french horn,1,4,73,3,3-5,20,50,0.2506115408529895,0.31969854949850135,-0.07113892668620175,-0.21423962515536274,0.26,0.24,45,0.8598929251207397
hinge_A,42,5,audio,15,civil defense siren,1,4,27,2,3-5,20,50,0.2606646453112921,0.350585081135249,-0.013542277377560022,-0.21149200350854275,0.5,0.38799999999999996,12,0.8485877580130197
hinge_A,42,5,audio,16,tractor digging,1,4,10,1,3-5,20,50,0.2784237961913491,0.3101859870373867,0.027592015867320838,-0.127885900642514,0.62,0.38800000000000007,39,0.7304592239319065
hinge_A,42,5,audio,17,people whispering,1,4,23,1,3-5,20,50,0.29819299389737125,0.18420886447567678,0.18487281223804064,0.08553956346816247,0.98,0.576,28,0.6982446828376051
hinge_A,42,5,audio,18,lathe spinning,1,4,6,1,3-5,20,50,0.3364013413395971,0.3208072105839254,0.019047879171851707,-0.12435516287741188,0.54,0.312,40,0.801369362127941
hinge_A,42,5,audio,19,playing theremin,1,4,85,4,3-5,20,50,0.3216948794627354,0.4679838091802499,-0.14891568072907252,-0.30389271752083546,0.14,0.096,31,0.8089079230966812
hinge_A,42,5,audio,20,playing glockenspiel,2,3,28,2,3-5,20,50,0.23450855223145473,0.3334754952167102,-0.003960966153559013,-0.27404121529607384,0.52,0.468,52,0.6965258097127395
hinge_A,42,5,audio,21,playing hammond organ,2,3,90,4,3-5,20,50,0.3095079200379565,0.4544922868853245,-0.12816312759073004,-0.289968413476792,0.16,0.09200000000000001,24,0.8817824588044905
hinge_A,42,5,audio,22,police car (siren),2,3,68,3,3-5,20,50,0.27288887215924856,0.39220718679484223,-0.0315510620393814,-0.282965574381486,0.52,0.468,12,0.779373034399405
hinge_A,42,5,audio,23,people cheering,2,3,60,3,3-5,20,50,0.31335820889903526,0.34220208010193576,0.06033803201974393,-0.10422097066771721,0.7,0.5,53,0.6753290081546054
hinge_A,42,5,audio,24,playing electronic organ,2,3,91,4,3-5,20,50,0.27685535080581525,0.44276145235564074,-0.12701877696558372,-0.2501961874515799,0.16,0.09600000000000002,21,0.8817824588044905
hinge_A,42,5,audio,25,bowling impact,2,3,8,1,3-5,20,50,0.391180390335842,0.4140456142190844,-0.03166642720917797,-0.1608989830497942,0.36,0.176,35,0.8051117046854617
hinge_A,42,5,audio,26,people marching,2,3,24,1,3-5,20,50,0.3771426285386671,0.46960666327390205,-0.08353537997074602,-0.21856681693417745,0.3,0.156,50,0.7731472573292204
hinge_A,42,5,audio,27,playing bass guitar,2,3,81,4,3-5,20,50,0.2873757683738041,0.39459023737935744,-0.06313186519368495,-0.26273482233112905,0.38,0.23200000000000004,33,0.7545063612819338
hinge_A,42,5,audio,28,goose honking,2,3,74,3,3-5,20,50,0.36708713664098097,0.45716222584159455,-0.0845346328743809,-0.28843051051678703,0.28,0.188,6,0.7572116089489629
hinge_A,42,5,audio,29,playing trombone,2,3,69,3,3-5,20,50,0.2923489163637464,0.3425095197740703,-0.0473119599570816,-0.1876497928025617,0.38,0.228,54,0.8311207399139293
hinge_A,42,5,audio,30,helicopter,3,2,50,3,1-2,20,50,0.2640073236053003,0.4268940980113632,-0.09408531036312676,-0.33662883043907144,0.36,0.252,18,0.7658628058886916
hinge_A,42,5,audio,31,playing erhu,3,2,18,1,1-2,20,50,0.2528188189107156,0.2732316603437446,0.016560539721114622,-0.10631453445875255,0.54,0.364,19,0.8089079230966812
hinge_A,42,5,audio,32,dog howling,3,2,29,2,1-2,20,50,0.2638382206910209,0.4721395125174807,-0.11114080595000886,-0.41021596928967335,0.3,0.19200000000000003,3,0.7225329724326612
hinge_A,42,5,audio,33,playing synthesizer,3,2,52,3,1-2,20,50,0.3788026694819748,0.471917554026886,-0.13087927215343387,-0.31761516200557705,0.16,0.11599999999999999,27,0.7545063612819338
hinge_A,42,5,audio,34,cat purring,3,2,32,2,1-2,20,50,0.2589248334159453,0.4278067584276617,-0.07070246383082414,-0.3229271074228419,0.38,0.37200000000000005,2,0.7095134401789012
hinge_A,42,5,audio,35,skiing,3,2,1,1,1-2,20,50,0.33020414084609134,0.39190635242087635,-0.05467768943565059,-0.21983944991998114,0.32,0.244,9,0.8224945137041546
hinge_A,42,5,audio,36,wood thrush calling,3,2,49,2,1-2,20,50,0.23428529753429564,0.2544010846228728,-0.004352670693375117,-0.04795667246594727,0.58,0.5319999999999999,57,0.9678146841943732
hinge_A,42,5,audio,37,scuba diving,3,2,0,1,1-2,20,50,0.29092925284950283,0.354946464865792,0.12029861531679995,-0.09811187669026736,0.78,0.52,46,0.621605315191389
hinge_A,42,5,audio,38,playing tambourine,3,2,36,2,1-2,20,50,0.3587398910663385,0.35800231257859133,-0.008922521593725759,-0.1577133746748719,0.54,0.332,5,0.7707707357551141
hinge_A,42,5,audio,39,driving motorcycle,3,2,48,2,1-2,20,50,0.2728768711293988,0.4479638905569663,-0.07617927571295782,-0.2864310315562075,0.34,0.22400000000000003,46,0.8476541079725212
hinge_A,42,5,audio,40,vacuum cleaner cleaning floors,4,1,57,3,1-2,20,50,0.38308505232651485,0.5090813263043659,-0.15763401080269762,-0.283545282454136,0.06,0.084,18,0.801369362127941
hinge_A,42,5,audio,41,playing squash,4,1,4,1,1-2,20,50,0.4364526245161219,0.5215539475964038,-0.14516454212929428,-0.3119632765829267,0.06,0.128,25,0.7808034757194171
hinge_A,42,5,audio,42,slot machine,4,1,12,1,1-2,20,50,0.380713681446771,0.46922502893766554,-0.02613697846866993,-0.17942052568075376,0.48,0.24400000000000002,5,0.7095459397447335
hinge_A,42,5,audio,43,beat boxing,4,1,41,2,1-2,20,50,0.2971500828943917,0.35037312584507246,0.005752531394306267,-0.17588021595474948,0.52,0.4,10,0.7624058943869276
hinge_A,42,5,audio,44,playing cello,4,1,82,4,1-2,20,50,0.21743410686997683,0.36847693045070323,-0.08051628125559784,-0.24126740006777936,0.36,0.26799999999999996,58,0.8787863750913735
hinge_A,42,5,audio,45,playing cornet,4,1,7,1,1-2,20,50,0.24608978950179178,0.27869115738678746,-0.017386274873317283,-0.1561948814874537,0.48,0.348,14,0.8598929251207397
hinge_A,42,5,audio,46,wind noise,4,1,78,4,1-2,20,50,0.27496339147396814,0.4143440960697565,-0.08355730373946385,-0.28188080970235724,0.26,0.22799999999999998,39,0.8476541079725212
hinge_A,42,5,audio,47,"playing steel guitar, slide guitar",4,1,45,2,1-2,20,50,0.30361151349206195,0.3672778690829619,-0.06607578153787644,-0.18505873971292128,0.38,0.18400000000000002,54,0.8208297009399328
hinge_A,42,5,audio,48,orchestra,4,1,86,4,1-2,20,50,0.2917886381926215,0.37015799583812714,-0.04174353447156192,-0.19112653951365083,0.4,0.212,29,0.8032074441582775
hinge_A,42,5,audio,49,playing harp,4,1,59,3,1-2,20,50,0.16552275210831388,0.31431465138935877,-0.0565078613648821,-0.21447079229047047,0.44,0.35600000000000004,58,0.8856564363934658
hinge_A,42,5,audio,50,roller coaster running,5,0,30,2,new,20,50,0.3614091115417961,0.4264537674794145,-0.042667711236626805,-0.24454090658595504,0.42,0.22799999999999998,25,0.7884901810808984
hinge_A,42,5,audio,51,missile launch,5,0,21,1,new,20,50,0.3230323359393606,0.39285506338917303,-0.052170988458735044,-0.18336390250014062,0.36,0.24,53,0.836265038050188
hinge_A,42,5,audio,52,"playing marimba, xylophone",5,0,97,4,new,20,50,0.2897874566484381,0.42271363918195975,-0.09496524041050786,-0.245814189349822,0.22,0.132,49,0.8837638000179343
hinge_A,42,5,audio,53,airplane flyby,5,0,5,1,new,20,50,0.2946521280792857,0.3371791072862622,-0.02231214282460023,-0.18519809644045765,0.46,0.3559999999999999,51,0.836265038050188
hinge_A,42,5,audio,54,playing saxophone,5,0,89,4,new,20,50,0.23409718006614205,0.35603723177741353,-0.05454147132972288,-0.1370478999949049,0.32,0.28,1,0.8412230569120169
hinge_A,42,5,audio,55,"subway, metro, underground",5,0,33,2,new,20,50,0.264466863390742,0.3862422666533503,-0.04190751734752635,-0.25075004451271493,0.44,0.30400000000000005,30,0.7636738257851896
hinge_A,42,5,audio,56,arc welding,5,0,17,1,new,20,50,0.33598625551023986,0.41441809253626954,-0.05826382866988682,-0.18334730968151763,0.32,0.34800000000000003,9,0.870776763788503
hinge_A,42,5,audio,57,mynah bird singing,5,0,62,3,new,20,50,0.2728099264280501,0.2775237945182282,-0.03236972412297939,-0.1391577828273622,0.42,0.26399999999999996,36,0.9678146841943732
hinge_A,42,5,audio,58,playing piano,5,0,79,4,new,20,50,0.2582539234834644,0.33402195510018734,-0.04796599116598162,-0.17526889781299992,0.38,0.26,49,0.8856564363934658
hinge_A,42,5,audio,59,playing bongo,5,0,14,1,new,20,50,0.2432950576412956,0.2908128832870267,0.09540866317026238,-0.0906211151197333,0.74,0.7,10,0.6909990275581033
hinge_A,42,5,visual,0,playing volleyball,0,5,13,1,3-5,20,50,0.2323999589913759,0.3205376667755199,0.02002128268613628,-0.1624448719328686,0.68,0.576,41,0.7589798188053857
hinge_A,42,5,visual,1,child singing,0,5,88,4,3-5,20,50,0.3814051999302738,0.4777815912530917,-0.05134184755946439,-0.24537136446556299,0.42,0.20800000000000005,54,0.7905657410213889
hinge_A,42,5,visual,2,"heart sounds, heartbeat",0,5,11,1,3-5,20,50,0.37539730194061843,0.46165887279915746,-0.008964873333379484,-0.15409548178428434,0.48,0.36800000000000005,17,0.7768815152508808
hinge_A,42,5,visual,3,singing bowl,0,5,35,2,3-5,20,50,0.42218055305194485,0.5847170740898975,-0.10976259993926724,-0.2839378340460544,0.24,0.09600000000000002,40,0.6612798473998448
hinge_A,42,5,visual,4,cap gun shooting,0,5,58,3,3-5,20,50,0.34688940052705275,0.47546297737746235,-0.05668513004997631,-0.21789514318511177,0.36,0.244,40,0.6981558610409402
hinge_A,42,5,visual,5,rope skipping,0,5,31,2,3-5,20,50,0.2573631869108072,0.3336683321583193,0.043212443204240066,-0.12782165868364523,0.72,0.5,41,0.7731795845567282
hinge_A,42,5,visual,6,"child speech, kid speaking",0,5,80,4,3-5,20,50,0.37977600012108276,0.5246275550142768,-0.11904044795237344,-0.27245123173985875,0.14,0.09200000000000001,43,0.7730725717600855
hinge_A,42,5,visual,7,baby laughter,0,5,37,2,3-5,20,50,0.27546901626294995,0.3972421529049431,0.018056876608257964,-0.18039834657594297,0.74,0.46399999999999997,6,0.7554775133699907
hinge_A,42,5,visual,8,playing table tennis,0,5,3,1,3-5,20,50,0.17924269583459534,0.2420913406123697,0.08210086678135159,-0.023273382024034395,0.86,0.68,41,0.7712162347575078
hinge_A,42,5,visual,9,lighting firecrackers,0,5,95,4,3-5,20,50,0.30527237516806716,0.3932225449751652,-0.017554673078663922,-0.16076709471370101,0.46,0.35999999999999993,51,0.759770129489364
hinge_A,42,5,visual,10,playing bass drum,1,4,44,2,3-5,20,50,0.40733544288099016,0.45564790872627525,-0.027434637952202606,-0.18986080546103876,0.44,0.32799999999999996,38,0.7708230505518365
hinge_A,42,5,visual,11,playing banjo,1,4,66,3,3-5,20,50,0.4035601126088467,0.5522287745215261,-0.11452315295790076,-0.31545931846159175,0.12,0.11600000000000002,27,0.806115797475826
hinge_A,42,5,visual,12,fire truck siren,1,4,72,3,3-5,20,50,0.34000099790731314,0.39787750958914153,-0.02405284637961286,-0.1662904263863129,0.5,0.41200000000000003,22,0.8937056071298832
hinge_A,42,5,visual,13,playing bagpipes,1,4,15,1,3-5,20,50,0.35067758999008164,0.5184163309407193,-0.06957173163785699,-0.3281361688004455,0.4,0.23200000000000004,29,0.7465600056274888
hinge_A,42,5,visual,14,playing french horn,1,4,73,3,3-5,20,50,0.47523163491517584,0.5309024431421213,-0.10817043957337655,-0.24761668371774428,0.06,0.044000000000000004,45,0.8820686979752275
hinge_A,42,5,visual,15,civil defense siren,1,4,27,2,3-5,20,50,0.4359818491624936,0.5059764938656905,-0.056040671934760485,-0.17136001309144258,0.26,0.14,12,0.7650992715042073
hinge_A,42,5,visual,16,tractor digging,1,4,10,1,3-5,20,50,0.3115756929382031,0.36279100540998493,0.055930512859756386,-0.09654046459839528,0.72,0.40399999999999997,39,0.8305886463374499
hinge_A,42,5,visual,17,people whispering,1,4,23,1,3-5,20,50,0.38246899811755225,0.47683276369205596,-0.07484342158345973,-0.23871346109987845,0.36,0.272,2,0.7768815152508808
hinge_A,42,5,visual,18,lathe spinning,1,4,6,1,3-5,20,50,0.3706816145965187,0.42550958711419207,0.0542530669551962,-0.13581089479037117,0.66,0.5,56,0.7091465764797902
hinge_A,42,5,visual,19,playing theremin,1,4,85,4,3-5,20,50,0.4617181492461871,0.5840241176825984,-0.12062337881355324,-0.29459313442127955,0.1,0.04,14,0.8207971900541583
hinge_A,42,5,visual,20,playing glockenspiel,2,3,28,2,3-5,20,50,0.46414494047011806,0.47648941823966884,-0.06982536691562942,-0.19696227453775847,0.28,0.14800000000000002,33,0.7991346429043296
hinge_A,42,5,visual,21,playing hammond organ,2,3,90,4,3-5,20,50,0.29875737089745297,0.5818725177245682,-0.16778500062512056,-0.36071447073991936,0.1,0.10800000000000001,24,0.9255426633535501
hinge_A,42,5,visual,22,police car (siren),2,3,68,3,3-5,20,50,0.3568651935504473,0.49431627185142984,-0.09521993927932508,-0.26805745122540875,0.28,0.168,12,0.8937056071298832
hinge_A,42,5,visual,23,people cheering,2,3,60,3,3-5,20,50,0.3433213257138621,0.40584402267444686,-0.031499360316767186,-0.14672369101404115,0.44,0.3,26,0.8880134384927467
hinge_A,42,5,visual,24,playing electronic organ,2,3,91,4,3-5,20,50,0.26109740775981677,0.5273858254900738,-0.15824264949315037,-0.3765519653527991,0.2,0.152,21,0.9255426633535501
hinge_A,42,5,visual,25,bowling impact,2,3,8,1,3-5,20,50,0.23380974037552518,0.32552708147174436,0.06127329401209075,-0.13811412672654688,0.76,0.672,41,0.7438626772862562
hinge_A,42,5,visual,26,people marching,2,3,24,1,3-5,20,50,0.3238662201793959,0.35489980853610037,-0.02448479939244654,-0.1031945405244088,0.38,0.324,23,0.8880134384927467
hinge_A,42,5,visual,27,playing bass guitar,2,3,81,4,3-5,20,50,0.4085597530845373,0.5341397941652698,-0.09207244443454288,-0.2363782197918027,0.24,0.128,47,0.8293251836427852
hinge_A,42,5,visual,28,goose honking,2,3,74,3,3-5,20,50,0.3228482584126514,0.395141382009464,-0.06163350096445562,-0.19496165879819888,0.38,0.14400000000000002,46,0.8543177410668208
hinge_A,42,5,visual,29,playing trombone,2,3,69,3,3-5,20,50,0.448119271377225,0.5973303895600978,-0.15252633101556096,-0.34107075448775903,0.12,0.068,45,0.8014203088509066
hinge_A,42,5,visual,30,helicopter,3,2,50,3,1-2,20,50,0.35918092436489124,0.4406420777159228,-0.08236489694987499,-0.2361605955987132,0.24,0.12000000000000002,53,0.8850444271194127
hinge_A,42,5,visual,31,playing erhu,3,2,18,1,1-2,20,50,0.39146576584710996,0.504960078224545,-0.05859803328016988,-0.1788830604086703,0.32,0.22400000000000003,44,0.8029353867268936
hinge_A,42,5,visual,32,dog howling,3,2,29,2,1-2,20,50,0.4221549432152717,0.5541561630037649,-0.10359735428552992,-0.267768063083634,0.2,0.14400000000000002,7,0.7537016732083988
hinge_A,42,5,visual,33,playing synthesizer,3,2,52,3,1-2,20,50,0.3315447816499644,0.5108515819095101,-0.0923818514789048,-0.27292981063768923,0.34,0.244,20,0.7991346429043296
hinge_A,42,5,visual,34,cat purring,3,2,32,2,1-2,20,50,0.31851427044270303,0.42452781477358775,-0.017411753538896516,-0.23001444809088498,0.5,0.34800000000000003,32,0.7376414294008242
hinge_A,42,5,visual,35,skiing,3,2,1,1,1-2,20,50,0.2372847792294696,0.2778923039381835,0.09866496561885738,-0.08789654812104515,0.84,0.7,28,0.7517115509603476
hinge_A,42,5,visual,36,wood thrush calling,3,2,49,2,1-2,20,50,0.3447268975196092,0.41538652951940364,-0.021109545882600944,-0.1214045030732392,0.52,0.44799999999999995,57,0.9147573956572537
hinge_A,42,5,visual,37,scuba diving,3,2,0,1,1-2,20,50,0.22055509644865365,0.2411836765483668,0.1345216211920609,-0.029590953846988077,0.8,0.8160000000000001,9,0.7139062535082825
hinge_A,42,5,visual,38,playing tambourine,3,2,36,2,1-2,20,50,0.4267293679464742,0.4932575601278512,-0.08391192636699664,-0.25513233320573514,0.32,0.156,43,0.7879652110374225
hinge_A,42,5,visual,39,driving motorcycle,3,2,48,2,1-2,20,50,0.4119907260310347,0.4817432172783935,-0.049486626389942376,-0.15219127520906642,0.26,0.14,16,0.8305886463374499
hinge_A,42,5,visual,40,vacuum cleaner cleaning floors,4,1,57,3,1-2,20,50,0.3487546337192601,0.4904109853943023,-0.0753031483305742,-0.22920447926290474,0.24,0.156,56,0.7860675800411434
hinge_A,42,5,visual,41,playing squash,4,1,4,1,1-2,20,50,0.22026981472565715,0.19436450377583916,0.07820158525619589,-0.01523291293517735,0.86,0.8319999999999999,5,0.7731795845567282
hinge_A,42,5,visual,42,slot machine,4,1,12,1,1-2,20,50,0.17629813609012682,0.21386329028674195,0.27694226807224354,-0.06011914698100018,0.88,0.852,20,0.5865349798078705
hinge_A,42,5,visual,43,beat boxing,4,1,41,2,1-2,20,50,0.406970352347224,0.4698187052396572,-0.054255593640885856,-0.2049227825585501,0.28,0.14,38,0.7879652110374225
hinge_A,42,5,visual,44,playing cello,4,1,82,4,1-2,20,50,0.39282379590480115,0.5709266312979804,-0.14237128869889507,-0.2872015053120335,0.14,0.052000000000000005,31,0.8029353867268936
hinge_A,42,5,visual,45,playing cornet,4,1,7,1,1-2,20,50,0.4539162171002382,0.48825298284568097,-0.04507367260753242,-0.14483360077466498,0.34,0.18400000000000002,14,0.8820686979752275
hinge_A,42,5,visual,46,wind noise,4,1,78,4,1-2,20,50,0.36185559164065934,0.4868060263199304,-0.09137414750460968,-0.21293251595179932,0.2,0.10800000000000001,28,0.8543177410668208
hinge_A,42,5,visual,47,"playing steel guitar, slide guitar",4,1,45,2,1-2,20,50,0.3677350061595514,0.47557994793786085,-0.06532167893100274,-0.2585702426274145,0.36,0.23199999999999998,27,0.8293251836427852
hinge_A,42,5,visual,48,orchestra,4,1,86,4,1-2,20,50,0.31520040518602344,0.5452206526075571,-0.12185211302523247,-0.34077706954335935,0.28,0.14,52,0.7288767496386446
hinge_A,42,5,visual,49,playing harp,4,1,59,3,1-2,20,50,0.3626472249005649,0.5578379598215509,-0.0843137876287066,-0.32385959704996264,0.3,0.24799999999999997,19,0.6526880454117392
hinge_A,42,5,visual,50,roller coaster running,5,0,30,2,new,20,50,0.23728263888890488,0.3518510790502319,0.06979682444716284,-0.2142630075103808,0.66,0.6,39,0.7288141038170968
hinge_A,42,5,visual,51,missile launch,5,0,21,1,new,20,50,0.2365470912775654,0.3378100132908356,0.04429750835038578,-0.18344921252432372,0.68,0.536,9,0.759770129489364
hinge_A,42,5,visual,52,"playing marimba, xylophone",5,0,97,4,new,20,50,0.34111731950261565,0.6943183552262682,-0.26718002653757356,-0.42226865294426275,0.06,0.027999999999999997,48,0.7288767496386446
hinge_A,42,5,visual,53,airplane flyby,5,0,5,1,new,20,50,0.19653825684481083,0.2502628794369872,0.03936171984869846,-0.06818240267052063,0.78,0.6679999999999999,30,0.8850444271194127
hinge_A,42,5,visual,54,playing saxophone,5,0,89,4,new,20,50,0.3426853205182907,0.6174289423447348,-0.18981510393913203,-0.42035089305017004,0.12,0.068,29,0.8001307499742463
hinge_A,42,5,visual,55,"subway, metro, underground",5,0,33,2,new,20,50,0.2735578603970877,0.39052529666888897,0.056370861061363235,-0.16133381754851728,0.64,0.544,22,0.6984937817013102
hinge_A,42,5,visual,56,arc welding,5,0,17,1,new,20,50,0.30737747957203876,0.40744044821464714,-0.007689707426624135,-0.1458086978744893,0.48,0.41200000000000003,40,0.7860675800411434
hinge_A,42,5,visual,57,mynah bird singing,5,0,62,3,new,20,50,0.3791338578794348,0.4245718263787911,-0.04431338610624345,-0.19047557178006488,0.34,0.212,36,0.9147573956572537
hinge_A,42,5,visual,58,playing piano,5,0,79,4,new,20,50,0.32136572484301534,0.5749289275374571,-0.16211782833495103,-0.3461596777301602,0.1,0.08800000000000001,24,0.8973004513289129
hinge_A,42,5,visual,59,playing bongo,5,0,14,1,new,20,50,0.3194780469882472,0.4060322570200598,0.02724279364864123,-0.15669981228049382,0.62,0.5760000000000001,38,0.7653258187462136
hinge_A,42,5,fusion,0,playing volleyball,0,5,13,1,3-5,20,50,0.25079205614029565,0.2988736612450138,0.05201816845746446,-0.09178764288523372,0.66,0.572,41,0.7844268101869907
hinge_A,42,5,fusion,1,child singing,0,5,88,4,3-5,20,50,0.28471805644710535,0.3892370804132579,-0.05133422469274247,-0.3135067069181408,0.36,0.23200000000000004,54,0.8494280660296731
hinge_A,42,5,fusion,2,"heart sounds, heartbeat",0,5,11,1,3-5,20,50,0.2736510133090102,0.2921672446942829,0.11163264604006119,-0.09339760755137236,0.78,0.5479999999999999,34,0.7137525249507879
hinge_A,42,5,fusion,3,singing bowl,0,5,35,2,3-5,20,50,0.2977975625846462,0.41629981659495885,-0.06775292808891097,-0.20958748328757126,0.34,0.12,32,0.717324709471598
hinge_A,42,5,fusion,4,cap gun shooting,0,5,58,3,3-5,20,50,0.21038696313928823,0.3274625800363259,-0.01093579924025587,-0.18093021189512062,0.5,0.384,56,0.6846557232834971
hinge_A,42,5,fusion,5,rope skipping,0,5,31,2,3-5,20,50,0.32050654060205697,0.35907737993442984,-0.013414589593618052,-0.1305714077115978,0.42,0.292,41,0.7723467781102683
hinge_A,42,5,fusion,6,"child speech, kid speaking",0,5,80,4,3-5,20,50,0.26823712347668816,0.3695359146433812,-0.004422091021474133,-0.19639393986420717,0.5,0.41600000000000004,7,0.7598338538176086
hinge_A,42,5,fusion,7,baby laughter,0,5,37,2,3-5,20,50,0.20738928102638896,0.27814476604694377,0.030248346086154884,-0.15893551598536965,0.66,0.5680000000000001,6,0.7598338538176086
hinge_A,42,5,fusion,8,playing table tennis,0,5,3,1,3-5,20,50,0.2541894022329624,0.29285773281211136,0.05880113851499237,-0.06627523646027175,0.76,0.4640000000000001,41,0.7874980588056268
hinge_A,42,5,fusion,9,lighting firecrackers,0,5,95,4,3-5,20,50,0.2881803248275788,0.4052069534836618,-0.05380804982319372,-0.17668288606224067,0.32,0.204,56,0.844101969173802
hinge_A,42,5,fusion,10,playing bass drum,1,4,44,2,3-5,20,50,0.318717148032947,0.31869007571656754,0.018938887948068292,-0.07011384502250198,0.64,0.34,38,0.7891723871744125
hinge_A,42,5,fusion,11,playing banjo,1,4,66,3,3-5,20,50,0.17779850544148335,0.3195625081858425,-0.0023259846181193523,-0.23250958839696406,0.6,0.48,54,0.7698774704145293
hinge_A,42,5,fusion,12,fire truck siren,1,4,72,3,3-5,20,50,0.2108378413694914,0.34144984883909113,-0.07330307385150496,-0.22104515330386115,0.32,0.336,15,0.8523718004760401
hinge_A,42,5,fusion,13,playing bagpipes,1,4,15,1,3-5,20,50,0.15656188559870965,0.25645509928873284,0.08994594494958101,-0.13742334299204395,0.74,0.684,54,0.7217305869030172
hinge_A,42,5,fusion,14,playing french horn,1,4,73,3,3-5,20,50,0.2391671757836536,0.30106502949970104,-0.06256864462400191,-0.19495353227553963,0.34,0.256,45,0.8733908452359829
hinge_A,42,5,fusion,15,civil defense siren,1,4,27,2,3-5,20,50,0.24157313823660767,0.32150752857386516,0.003903937271565626,-0.16664969984116543,0.56,0.424,12,0.8523718004760401
hinge_A,42,5,fusion,16,tractor digging,1,4,10,1,3-5,20,50,0.23120501043943714,0.25990884210013293,0.07066981348651996,-0.048424965996686505,0.8,0.548,39,0.7726169244733518
hinge_A,42,5,fusion,17,people whispering,1,4,23,1,3-5,20,50,0.2659742910091721,0.17767033918274844,0.17481571758415043,0.08965064663461997,0.98,0.7,6,0.7287683440719945
hinge_A,42,5,fusion,18,lathe spinning,1,4,6,1,3-5,20,50,0.3004895784051404,0.28495692955153595,0.05411939272423883,-0.07251425305129552,0.7,0.444,40,0.7900321014039879
hinge_A,42,5,fusion,19,playing theremin,1,4,85,4,3-5,20,50,0.3007895605993749,0.431421353782684,-0.12630749338812822,-0.26604253307118775,0.18,0.09200000000000001,31,0.8181035852261023
hinge_A,42,5,fusion,20,playing glockenspiel,2,3,28,2,3-5,20,50,0.2275932552107248,0.309843935501837,0.0037193183755833904,-0.2354438096092646,0.54,0.516,52,0.7103785176398418
hinge_A,42,5,fusion,21,playing hammond organ,2,3,90,4,3-5,20,50,0.27130133370531373,0.415850324717379,-0.11092112872685035,-0.2547575289004181,0.18,0.10400000000000001,24,0.8970562472332679
hinge_A,42,5,fusion,22,police car (siren),2,3,68,3,3-5,20,50,0.24148381222762852,0.35354218471490684,-0.016661703446008206,-0.22747436112621083,0.54,0.4800000000000001,12,0.8188573313764531
hinge_A,42,5,fusion,23,people cheering,2,3,60,3,3-5,20,50,0.26138658403308346,0.29344551535816266,0.08021512378338144,-0.07175316850807847,0.74,0.608,26,0.7353611050899023
hinge_A,42,5,fusion,24,playing electronic organ,2,3,91,4,3-5,20,50,0.24246259916910687,0.39965520404162036,-0.10701654321213906,-0.23608375112623556,0.14,0.12000000000000002,21,0.8970562472332679
hinge_A,42,5,fusion,25,bowling impact,2,3,8,1,3-5,20,50,0.2644049696102637,0.30640471988923884,0.0522416849636974,-0.04562445123294399,0.8,0.484,41,0.7951494717660679
hinge_A,42,5,fusion,26,people marching,2,3,24,1,3-5,20,50,0.29900320522810536,0.37006715161712705,-0.005908755293667353,-0.12881404296257812,0.42,0.3440000000000001,50,0.7394033366061235
hinge_A,42,5,fusion,27,playing bass guitar,2,3,81,4,3-5,20,50,0.26815795434056305,0.36385962581576237,-0.046148932131993316,-0.24296647228082466,0.42,0.244,33,0.7700915107463295
hinge_A,42,5,fusion,28,goose honking,2,3,74,3,3-5,20,50,0.2917842524723543,0.3564434793413199,-0.016217387138498397,-0.138793247817951,0.38,0.264,6,0.6986154512449155
hinge_A,42,5,fusion,29,playing trombone,2,3,69,3,3-5,20,50,0.27911607058513227,0.3261916595179206,-0.04070471437278553,-0.1784649934992554,0.36,0.228,14,0.8384393158150096
hinge_A,42,5,fusion,30,helicopter,3,2,50,3,1-2,20,50,0.23750179395783716,0.3523115850462999,-0.033096594504343636,-0.2509683372650223,0.48,0.296,18,0.7626685765851956
hinge_A,42,5,fusion,31,playing erhu,3,2,18,1,1-2,20,50,0.23890318764617557,0.25815536011074924,0.02206408108136076,-0.09518206112317698,0.58,0.3760000000000001,19,0.8181035852261023
hinge_A,42,5,fusion,32,dog howling,3,2,29,2,1-2,20,50,0.2493318891185543,0.4365709607963159,-0.09217471667878904,-0.3561621121541532,0.32,0.21200000000000002,3,0.717324709471598
hinge_A,42,5,fusion,33,playing synthesizer,3,2,52,3,1-2,20,50,0.3260214664991075,0.4110126092662747,-0.084151976620823,-0.2649504854068035,0.22,0.20000000000000004,27,0.7700915107463295
hinge_A,42,5,fusion,34,cat purring,3,2,32,2,1-2,20,50,0.22466310959231453,0.36668746240066236,-0.025492012635467562,-0.26147037431737563,0.44,0.4960000000000001,2,0.7137525249507879
hinge_A,42,5,fusion,35,skiing,3,2,1,1,1-2,20,50,0.22858516276163235,0.27822799569076084,0.056803280481388135,-0.09633155424916073,0.74,0.568,9,0.7807685147234767
hinge_A,42,5,fusion,36,wood thrush calling,3,2,49,2,1-2,20,50,0.21182692250854718,0.2204870498078523,0.0014863882595441357,-0.032417344783905386,0.62,0.5880000000000001,57,0.9661416511348051
hinge_A,42,5,fusion,37,scuba diving,3,2,0,1,1-2,20,50,0.20914847631210134,0.22990757109218973,0.1919661201406341,0.03829301307310911,0.96,0.8439999999999999,46,0.6674396988937512
hinge_A,42,5,fusion,38,playing tambourine,3,2,36,2,1-2,20,50,0.3252246969686556,0.32371212161729174,0.0063913619851893875,-0.13966157858572806,0.58,0.34800000000000003,10,0.7891723871744125
hinge_A,42,5,fusion,39,driving motorcycle,3,2,48,2,1-2,20,50,0.2500266442737022,0.39491527096874257,-0.049112094768408984,-0.2402693835240138,0.42,0.228,46,0.8616626626113827
hinge_A,42,5,fusion,40,vacuum cleaner cleaning floors,4,1,57,3,1-2,20,50,0.31915045611733706,0.4239442536510435,-0.1004192567991482,-0.2109274338976513,0.14,0.12800000000000003,56,0.7974489930726731
hinge_A,42,5,fusion,41,playing squash,4,1,4,1,1-2,20,50,0.2951298802645077,0.3082237770186154,0.016263268549901875,-0.06439334908878802,0.64,0.516,25,0.7951494717660679
hinge_A,42,5,fusion,42,slot machine,4,1,12,1,1-2,20,50,0.24805139749926708,0.2901318935925749,0.14086217861151895,-0.015461578548896899,0.86,0.7360000000000001,33,0.6345191924501982
hinge_A,42,5,fusion,43,beat boxing,4,1,41,2,1-2,20,50,0.27410355333847874,0.3100573263697601,0.023405774132797444,-0.15143339021148347,0.62,0.44400000000000006,10,0.771562556373806
hinge_A,42,5,fusion,44,playing cello,4,1,82,4,1-2,20,50,0.20839356686201604,0.350630028828885,-0.07588883320258258,-0.23514516841954608,0.36,0.31200000000000006,58,0.8735088078500727
hinge_A,42,5,fusion,45,playing cornet,4,1,7,1,1-2,20,50,0.237499137451824,0.26108558965326933,-0.009385307427062117,-0.1279960512165263,0.52,0.364,14,0.8733908452359829
hinge_A,42,5,fusion,46,wind noise,4,1,78,4,1-2,20,50,0.24755837228414804,0.3546299550525525,-0.04821702718481383,-0.18639113342103455,0.4,0.304,39,0.8616626626113827
hinge_A,42,5,fusion,47,"playing steel guitar, slide guitar",4,1,45,2,1-2,20,50,0.28122843635670974,0.33699519684379836,-0.04831671202419329,-0.17167272272349401,0.42,0.212,54,0.8104115172241821
hinge_A,42,5,fusion,48,orchestra,4,1,86,4,1-2,20,50,0.2580357359984059,0.34064739379957876,-0.02934825613503238,-0.1740181791554677,0.44,0.23600000000000002,29,0.7958006728580973
hinge_A,42,5,fusion,49,playing harp,4,1,59,3,1-2,20,50,0.15642175209511802,0.30172473040888126,-0.04787159665910318,-0.237775388651992,0.4,0.384,58,0.8704332950682481
hinge_A,42,5,fusion,50,roller coaster running,5,0,30,2,new,20,50,0.27163488275296443,0.3200074635070498,0.04804168800323441,-0.11553036758268252,0.68,0.444,26,0.7394033366061235
hinge_A,42,5,fusion,51,missile launch,5,0,21,1,new,20,50,0.24227287144149012,0.3056086274618742,0.01623158133970037,-0.1305668808128435,0.64,0.38799999999999996,53,0.7880991935386994
hinge_A,42,5,fusion,52,"playing marimba, xylophone",5,0,97,4,new,20,50,0.26966622739358653,0.40788963754077373,-0.09557189654944417,-0.20676057291653974,0.2,0.10400000000000001,49,0.8639078805914877
hinge_A,42,5,fusion,53,airplane flyby,5,0,5,1,new,20,50,0.2093587366491537,0.22663234735051016,0.06663173076549138,-0.06051080757243219,0.76,0.716,51,0.7880991935386994
hinge_A,42,5,fusion,54,playing saxophone,5,0,89,4,new,20,50,0.22261748231255574,0.3382035474594673,-0.050210441119178356,-0.1358132636477212,0.28,0.272,1,0.8494280660296731
hinge_A,42,5,fusion,55,"subway, metro, underground",5,0,33,2,new,20,50,0.22577772564361148,0.3176465079808948,0.01952707030973467,-0.17385459609414253,0.62,0.44400000000000006,30,0.7413561088399792
hinge_A,42,5,fusion,56,arc welding,5,0,17,1,new,20,50,0.27985484324456067,0.3272523824735842,0.012556725264037416,-0.09265745084487576,0.62,0.436,9,0.844101969173802
hinge_A,42,5,fusion,57,mynah bird singing,5,0,62,3,new,20,50,0.2569946731617153,0.2450039176953516,-0.015918198633809374,-0.057098897723649,0.46,0.29599999999999993,36,0.9661416511348051
hinge_A,42,5,fusion,58,playing piano,5,0,79,4,new,20,50,0.24213051358267013,0.3128070335505772,-0.03961188542444899,-0.1628644560399372,0.42,0.276,44,0.8735088078500727
hinge_A,42,5,fusion,59,playing bongo,5,0,14,1,new,20,50,0.22602259140555625,0.26334077027206215,0.10430065285424439,-0.07528553782587015,0.78,0.7440000000000001,10,0.7189409766751418
hinge_A,42,9,audio,0,playing volleyball,0,9,13,1,6+,20,50,0.3557927664053085,0.3873163457847542,-0.015999180919285875,-0.20614602533412027,0.5,0.22799999999999998,41,0.7877125199568646
hinge_A,42,9,audio,1,child singing,0,9,88,4,6+,20,50,0.3273157862702998,0.44377701969024463,-0.10890397481981308,-0.34364641568822224,0.32,0.14,74,0.8533917847300959
hinge_A,42,9,audio,2,"heart sounds, heartbeat",0,9,11,1,6+,20,50,0.32797813369732387,0.3462289474600203,0.0700561487788875,-0.3143573931987598,0.68,0.44799999999999995,34,0.7035631530030884
hinge_A,42,9,audio,3,singing bowl,0,9,35,2,6+,20,50,0.33256975475424133,0.4279962217882367,-0.08816187721463636,-0.2255864156089955,0.22,0.08,32,0.7392553824195409
hinge_A,42,9,audio,4,cap gun shooting,0,9,58,3,6+,20,50,0.2737800145411781,0.39810559994009687,-0.07736223350787698,-0.24916839850160155,0.28,0.168,75,0.7060306772637663
hinge_A,42,9,audio,5,rope skipping,0,9,31,2,6+,20,50,0.43455615588333096,0.46727798646888224,-0.1027062323865608,-0.1990616238445333,0.06,0.076,82,0.8001882958198723
hinge_A,42,9,audio,6,"child speech, kid speaking",0,9,80,4,6+,20,50,0.29279106973656044,0.38443507225995577,-0.07278807290034293,-0.23694909858133875,0.32,0.228,65,0.892801958065423
hinge_A,42,9,audio,7,baby laughter,0,9,37,2,6+,20,50,0.25016932487302995,0.30045948081776336,-0.02265118006677356,-0.18144387607988172,0.52,0.316,86,0.8109687147893994
hinge_A,42,9,audio,8,playing table tennis,0,9,3,1,6+,20,50,0.399695781933459,0.43502089746961947,-0.07995450916165388,-0.1982740780690831,0.16,0.08,82,0.7806537884410142
hinge_A,42,9,audio,9,lighting firecrackers,0,9,95,4,6+,20,50,0.39626011323628985,0.5536332796570905,-0.20305302961166827,-0.34639232386634655,0.04,0.044000000000000004,56,0.871698143829146
hinge_A,42,9,audio,10,playing bass drum,1,8,44,2,6+,20,50,0.3576738871825485,0.3614456689993472,-0.021171993020652934,-0.11642377655741,0.5,0.20799999999999996,97,0.8650921027060421
hinge_A,42,9,audio,11,playing banjo,1,8,66,3,6+,20,50,0.19794069552932764,0.3406559673193658,-0.0629197041898026,-0.26982083079210045,0.52,0.256,92,0.8306978300138137
hinge_A,42,9,audio,12,fire truck siren,1,8,72,3,6+,20,50,0.23261146689684717,0.38085621820645393,-0.11808626075133603,-0.2947233222479512,0.26,0.24400000000000002,15,0.8755571844737157
hinge_A,42,9,audio,13,playing bagpipes,1,8,15,1,6+,20,50,0.1748861080256307,0.2740772872878031,0.05580045675965243,-0.13445945594867872,0.68,0.564,92,0.7819558654688403
hinge_A,42,9,audio,14,playing french horn,1,8,73,3,6+,20,50,0.2526229925673744,0.32951644202159464,-0.09080696696218078,-0.2471393377790033,0.18,0.14800000000000002,85,0.9089094591945854
hinge_A,42,9,audio,15,civil defense siren,1,8,27,2,6+,20,50,0.24830540265361384,0.33553570937381344,-0.024001139665317854,-0.19268249430864193,0.46,0.33199999999999996,12,0.8755571844737157
hinge_A,42,9,audio,16,tractor digging,1,8,10,1,6+,20,50,0.2907990382665122,0.3157760859854144,0.0009671585383962788,-0.14808535625402997,0.48,0.32,79,0.761502014408301
hinge_A,42,9,audio,17,people whispering,1,8,23,1,6+,20,50,0.30815000150610516,0.2099186989955524,0.10198189262979254,0.016288471314730258,0.92,0.348,60,0.7686941845233051
hinge_A,42,9,audio,18,lathe spinning,1,8,6,1,6+,20,50,0.34921768830159694,0.327722483002018,-0.007971455467123474,-0.16013138090581727,0.48,0.204,40,0.8080743080998114
hinge_A,42,9,audio,19,playing theremin,1,8,85,4,6+,20,50,0.3218509837323418,0.4591161289069005,-0.1521881689156681,-0.32003639045468013,0.1,0.068,31,0.8296554210143263
hinge_A,42,9,audio,20,playing glockenspiel,2,7,28,2,6+,20,50,0.24012372706253035,0.33549315505980765,-0.040331294066429386,-0.28076719224345026,0.5,0.36800000000000005,64,0.749815352902311
hinge_A,42,9,audio,21,playing hammond organ,2,7,90,4,6+,20,50,0.307236337744206,0.45061618904428125,-0.13976940353893702,-0.30704017886725227,0.12,0.068,24,0.8872142802015417
hinge_A,42,9,audio,22,police car (siren),2,7,68,3,6+,20,50,0.26381504110234755,0.3704819755703614,-0.034373597193894934,-0.2874992630832613,0.54,0.3920000000000001,12,0.7838326219007009
hinge_A,42,9,audio,23,people cheering,2,7,60,3,6+,20,50,0.3174529191834189,0.33591907366145124,-0.04193481482881504,-0.1451967344217618,0.32,0.252,62,0.9107953907976185
hinge_A,42,9,audio,24,playing electronic organ,2,7,91,4,6+,20,50,0.26952556053864696,0.44131081229400543,-0.14639646493265512,-0.274902923281612,0.12,0.06,21,0.8872142802015417
hinge_A,42,9,audio,25,bowling impact,2,7,8,1,6+,20,50,0.4025013562655798,0.42196543765033906,-0.06852905860242692,-0.16571858378200893,0.2,0.132,35,0.8069756148210172
hinge_A,42,9,audio,26,people marching,2,7,24,1,6+,20,50,0.38081809010932355,0.47412077536509883,-0.11232568215383144,-0.28452445812282273,0.26,0.12,50,0.7994395214068206
hinge_A,42,9,audio,27,playing bass guitar,2,7,81,4,6+,20,50,0.28377546906439577,0.38313550357442827,-0.08578024681190322,-0.30000524767501724,0.3,0.128,90,0.8362477012597667
hinge_A,42,9,audio,28,goose honking,2,7,74,3,6+,20,50,0.37901470491203115,0.4385893475874144,-0.1080869313911424,-0.26096836619845953,0.16,0.124,6,0.8009374130029738
hinge_A,42,9,audio,29,playing trombone,2,7,69,3,6+,20,50,0.3049658018833321,0.35179194844411366,-0.0630378722099627,-0.21032529426583263,0.36,0.15200000000000002,94,0.8485074802777401
hinge_A,42,9,audio,30,helicopter,3,6,50,3,6+,20,50,0.2772087441439726,0.4381571511965818,-0.11970758774545985,-0.37637211539746057,0.34,0.136,79,0.8915596672552331
hinge_A,42,9,audio,31,playing erhu,3,6,18,1,6+,20,50,0.24382382682421225,0.2619714925106603,-0.009455650495865133,-0.13476236441225664,0.48,0.264,24,0.8364933980431932
hinge_A,42,9,audio,32,dog howling,3,6,29,2,6+,20,50,0.2570622989817387,0.45515391888263657,-0.14193337310506104,-0.387270586677859,0.14,0.11200000000000002,69,0.7994693651157982
hinge_A,42,9,audio,33,playing synthesizer,3,6,52,3,6+,20,50,0.3970574960563344,0.47289695169867374,-0.14592983165648793,-0.35617305173205716,0.14,0.08800000000000001,10,0.757215719496846
hinge_A,42,9,audio,34,cat purring,3,6,32,2,6+,20,50,0.27174232514004537,0.4513151266399625,-0.1308794443070062,-0.3893319210245217,0.28,0.272,73,0.8086231576071606
hinge_A,42,9,audio,35,skiing,3,6,1,1,6+,20,50,0.3549758679779697,0.4139136998837463,-0.08134738173942747,-0.257313979205308,0.24,0.14,9,0.8150862173035731
hinge_A,42,9,audio,36,wood thrush calling,3,6,49,2,6+,20,50,0.2723955694756006,0.2885947158959452,-0.031252338925409955,-0.12883479534323355,0.38,0.32800000000000007,57,0.9548255451763628
hinge_A,42,9,audio,37,scuba diving,3,6,0,1,6+,20,50,0.28291319032867035,0.33482633226736097,0.03862016907336008,-0.10469948492764233,0.66,0.4639999999999999,99,0.738519813643964
hinge_A,42,9,audio,38,playing tambourine,3,6,36,2,6+,20,50,0.3714097921495293,0.3758136873768758,-0.023745288225571412,-0.1659921966693107,0.46,0.22399999999999998,10,0.7883371901772978
hinge_A,42,9,audio,39,driving motorcycle,3,6,48,2,6+,20,50,0.28703884610235497,0.4539227384045719,-0.11844646851264795,-0.31797921383424294,0.22,0.14400000000000002,46,0.8242622953917812
hinge_A,42,9,audio,40,vacuum cleaner cleaning floors,4,5,57,3,3-5,20,50,0.39089275417583963,0.5313197336546608,-0.20539738579078246,-0.32718561337693225,0.06,0.044000000000000004,80,0.8327518507560857
hinge_A,42,9,audio,41,playing squash,4,5,4,1,3-5,20,50,0.4221710424703774,0.5258291209266133,-0.16670718442206747,-0.29078427660276285,0.02,0.11200000000000002,25,0.7997030367163668
hinge_A,42,9,audio,42,slot machine,4,5,12,1,3-5,20,50,0.3931585706262669,0.47732641417628363,-0.050647223295119115,-0.184612317739842,0.38,0.16,5,0.7280115597303356
hinge_A,42,9,audio,43,beat boxing,4,5,41,2,3-5,20,50,0.3091920677445705,0.36133572802336034,-0.008268533458916337,-0.16144027444145728,0.48,0.30400000000000005,9,0.780673202355151
hinge_A,42,9,audio,44,playing cello,4,5,82,4,3-5,20,50,0.21686438405960354,0.3596663396988528,-0.10195589904382231,-0.23602478685622452,0.26,0.17600000000000002,58,0.8900250130102588
hinge_A,42,9,audio,45,playing cornet,4,5,7,1,3-5,20,50,0.24820188306509577,0.27770947049601735,-0.03139849298198315,-0.16100082225304166,0.46,0.252,94,0.8902796734599665
hinge_A,42,9,audio,46,wind noise,4,5,78,4,3-5,20,50,0.29284663167815916,0.43227580724678427,-0.1258778249323865,-0.2709452829965019,0.16,0.12,67,0.8346924635029813
hinge_A,42,9,audio,47,"playing steel guitar, slide guitar",4,5,45,2,3-5,20,50,0.3113946935049855,0.36755987936843826,-0.1001015565301284,-0.2421841227008586,0.24,0.1,83,0.861464454920232
hinge_A,42,9,audio,48,orchestra,4,5,86,4,3-5,20,50,0.2986195644838339,0.367478988160134,-0.06641653106247453,-0.17544976097254136,0.28,0.124,76,0.8278689527538428
hinge_A,42,9,audio,49,playing harp,4,5,59,3,3-5,20,50,0.17322311650517305,0.3080820364419614,-0.069069239472965,-0.2731403787531592,0.38,0.236,63,0.9183920362090017
hinge_A,42,9,audio,50,roller coaster running,5,4,30,2,3-5,20,50,0.3738912087133738,0.43133436134689807,-0.06577103235652347,-0.2514263631778091,0.34,0.176,25,0.8044550990703061
hinge_A,42,9,audio,51,missile launch,5,4,21,1,3-5,20,50,0.34145875994309705,0.4110307339979286,-0.09195698872478132,-0.21772503144225558,0.22,0.184,53,0.8697892798002019
hinge_A,42,9,audio,52,"playing marimba, xylophone",5,4,97,4,3-5,20,50,0.2969682945917776,0.41795870396820967,-0.11212952162012964,-0.23207977176750627,0.06,0.08800000000000001,63,0.9236477640445331
hinge_A,42,9,audio,53,airplane flyby,5,4,5,1,3-5,20,50,0.3051360645412508,0.34771320332386907,-0.04664832790261531,-0.19011056689135417,0.32,0.27599999999999997,51,0.8697892798002019
hinge_A,42,9,audio,54,playing saxophone,5,4,89,4,3-5,20,50,0.24690902003068343,0.36558638582926106,-0.07650528725244503,-0.20742069369786212,0.22,0.19599999999999998,88,0.8426434714451257
hinge_A,42,9,audio,55,"subway, metro, underground",5,4,33,2,3-5,20,50,0.2830233695140328,0.38962114253122043,-0.07547587600879072,-0.3186792018870368,0.38,0.21600000000000003,61,0.810425392924315
hinge_A,42,9,audio,56,arc welding,5,4,17,1,3-5,20,50,0.37152663717511886,0.44758841618433914,-0.10866301611706124,-0.22419618016199105,0.12,0.20400000000000007,9,0.871698143829146
hinge_A,42,9,audio,57,mynah bird singing,5,4,62,3,3-5,20,50,0.31038271502597203,0.31145293875908764,-0.05537146119205282,-0.17057834255153329,0.26,0.17199999999999996,36,0.9548255451763628
hinge_A,42,9,audio,58,playing piano,5,4,79,4,3-5,20,50,0.2589248671715095,0.32609247715517187,-0.06479986185392071,-0.19914264185379527,0.3,0.184,70,0.9244488165776867
hinge_A,42,9,audio,59,playing bongo,5,4,14,1,3-5,20,50,0.22757417766078084,0.2715675803195252,0.018798185437894344,-0.1059746523126689,0.66,0.576,93,0.9432445866142716
hinge_A,42,9,audio,60,"pigeon, dove cooing",6,3,51,3,3-5,20,50,0.27867677305869937,0.48382519848147104,-0.12230086128544988,-0.3807155280169938,0.3,0.168,17,0.7686941845233051
hinge_A,42,9,audio,61,"race car, auto racing",6,3,47,2,3-5,20,50,0.2949013013364521,0.42805850337016565,-0.08693020552502631,-0.2103886760504068,0.1,0.132,79,0.8183693366248352
hinge_A,42,9,audio,62,people crowd,6,3,70,3,3-5,20,50,0.26298317794330195,0.34909284209325764,-0.014090495623543715,-0.20340905335980033,0.56,0.4,23,0.9107953907976185
hinge_A,42,9,audio,63,playing vibraphone,6,3,94,4,3-5,20,50,0.27462470049482723,0.4489866768177964,-0.1299731292984998,-0.312376030774696,0.12,0.10000000000000002,52,0.9236477640445331
hinge_A,42,9,audio,64,playing mandolin,6,3,55,3,3-5,20,50,0.25807556477912535,0.3414335134604488,-0.07103132709241479,-0.2671365001032366,0.36,0.27599999999999997,47,0.8257058404020896
hinge_A,42,9,audio,65,"female speech, woman speaking",6,3,76,4,3-5,20,50,0.2451497424541953,0.3542564998723089,-0.06851619080036507,-0.22282459832879722,0.34,0.248,91,0.9306302370403317
hinge_A,42,9,audio,66,volcano explosion,6,3,42,2,3-5,20,50,0.3540131588833333,0.38188920617530736,-0.03998981100727089,-0.23562537428722527,0.4,0.204,51,0.8335443913542189
hinge_A,42,9,audio,67,ocean burbling,6,3,71,3,3-5,20,50,0.24574477793026142,0.4309420748903474,-0.10490804130244503,-0.2562211060126733,0.16,0.21600000000000003,84,0.8884951617956984
hinge_A,42,9,audio,68,singing choir,6,3,87,4,3-5,20,50,0.30358239225091316,0.5214329710268196,-0.17364686554510553,-0.35394036940862766,0.08,0.11199999999999999,98,0.8629185889147095
hinge_A,42,9,audio,69,playing flute,6,3,83,4,3-5,20,50,0.27229966592710764,0.4351954387163112,-0.14756920005723398,-0.38886496723320474,0.2,0.10800000000000001,94,0.8524302019908988
hinge_A,42,9,audio,70,playing acoustic guitar,7,2,64,3,1-2,20,50,0.23730091987967433,0.3193048224222894,-0.04969781835563651,-0.1812334914061283,0.38,0.21599999999999997,58,0.9244488165776867
hinge_A,42,9,audio,71,canary calling,7,2,25,2,1-2,20,50,0.302072630240109,0.3595644105948743,-0.07075556467501039,-0.2050923597054188,0.34,0.23600000000000002,36,0.9292090882332487
hinge_A,42,9,audio,72,pheasant crowing,7,2,53,3,1-2,20,50,0.3770229750826898,0.43087820396184484,-0.12970193353769313,-0.2967473175433191,0.14,0.12,57,0.8254473380007601
hinge_A,42,9,audio,73,woodpecker pecking tree,7,2,19,1,1-2,20,50,0.3418741389787455,0.367870426953005,-0.029366391061523663,-0.17201536234566311,0.44,0.168,34,0.8086231576071606
hinge_A,42,9,audio,74,yodelling,7,2,65,3,1-2,20,50,0.3584274729469522,0.3980032763005619,-0.0607380450604185,-0.19882968223125097,0.34,0.136,1,0.8533917847300959
hinge_A,42,9,audio,75,sharpen knife,7,2,26,2,1-2,20,50,0.33539856065283213,0.3872857630330359,-0.047689146209189764,-0.19601559046578512,0.4,0.136,56,0.7956777027659082
hinge_A,42,9,audio,76,"playing violin, fiddle",7,2,67,3,1-2,20,50,0.25988301533828106,0.35554679649448834,-0.08815024302076474,-0.19618864378364623,0.18,0.14400000000000002,92,0.8961839602727621
hinge_A,42,9,audio,77,printer printing,7,2,39,2,1-2,20,50,0.40333113423267586,0.5089948518920075,-0.15826221628121673,-0.3050828321382537,0.1,0.068,84,0.8382892757574476
hinge_A,42,9,audio,78,planing timber,7,2,38,2,1-2,20,50,0.3884749230169271,0.49247794362186126,-0.15917766428627997,-0.3386263849263683,0.06,0.22,80,0.8311009337462999
hinge_A,42,9,audio,79,lawn mowing,7,2,46,2,1-2,20,50,0.27620425425896,0.38721824252739906,-0.09037346145079175,-0.2817596365388442,0.36,0.264,30,0.8915596672552331
hinge_A,42,9,audio,80,"electric shaver, electric razor shaving",8,1,20,1,1-2,20,50,0.3776557357143274,0.39337500268913383,-0.02747501890273521,-0.14873351939333546,0.4,0.268,40,0.8327518507560857
hinge_A,42,9,audio,81,fireworks banging,8,1,43,2,1-2,20,50,0.2717112929053157,0.4692027313335362,-0.08983969778055947,-0.3379765644555277,0.3,0.23600000000000002,8,0.7219998299254327
hinge_A,42,9,audio,82,tap dancing,8,1,9,1,1-2,20,50,0.3156943334233504,0.3399346265473598,-0.014338112311740031,-0.10293165738928323,0.5,0.272,5,0.8001882958198723
hinge_A,42,9,audio,83,tapping guitar,8,1,93,4,1-2,20,50,0.3212514671486757,0.4562706660892241,-0.1770916272652682,-0.29162798176529775,0.08,0.036000000000000004,47,0.861464454920232
hinge_A,42,9,audio,84,stream burbling,8,1,61,3,1-2,20,50,0.2757129408648197,0.4078802551269812,-0.09770609433509005,-0.2779530006384152,0.24,0.22399999999999998,67,0.8884951617956984
hinge_A,42,9,audio,85,playing bassoon,8,1,16,1,1-2,20,50,0.3014315097374072,0.29659471845465224,-0.03078156832451272,-0.11537688299960644,0.36,0.23199999999999998,14,0.9089094591945854
hinge_A,42,9,audio,86,police radio chatter,8,1,22,1,1-2,20,50,0.24171919939330583,0.30210329370448963,0.05136119375535854,-0.03317498118396597,0.68,0.4,7,0.8109687147893994
hinge_A,42,9,audio,87,playing sitar,8,1,96,4,1-2,20,50,0.2834138186913111,0.45527540543519474,-0.13668156319668218,-0.2550064162683208,0.04,0.068,95,0.8909940978303501
hinge_A,42,9,audio,88,playing electric guitar,8,1,84,4,1-2,20,50,0.3329828519904501,0.3570974239608982,-0.0959045168425141,-0.21241532137579092,0.18,0.128,54,0.8426434714451257
hinge_A,42,9,audio,89,people whistling,8,1,75,4,1-2,20,50,0.30491637659042203,0.4146999181689701,-0.1000730597130422,-0.2566467793564264,0.26,0.18,6,0.7850512998019222
hinge_A,42,9,audio,90,playing double bass,9,0,34,2,new,20,50,0.3557414717512782,0.3677418581322961,-0.017308026360302053,-0.2058138789781207,0.56,0.244,27,0.8362477012597667
hinge_A,42,9,audio,91,"male speech, man speaking",9,0,98,4,new,20,50,0.30860053101620866,0.5087011738603189,-0.17191577329140476,-0.40302851263701606,0.1,0.07600000000000001,65,0.9306302370403317
hinge_A,42,9,audio,92,playing accordion,9,0,54,3,new,20,50,0.18662456394669275,0.3298285179006508,-0.07971520473435975,-0.2152931484905087,0.26,0.252,76,0.8961839602727621
hinge_A,42,9,audio,93,playing tabla,9,0,77,4,new,20,50,0.29225928550903413,0.48977851537849887,-0.16575604918608058,-0.3416210879644776,0.16,0.084,59,0.9432445866142716
hinge_A,42,9,audio,94,playing clarinet,9,0,92,4,new,20,50,0.2820562217962962,0.35359155783932134,-0.10310443447776796,-0.23147791015839317,0.16,0.076,45,0.8902796734599665
hinge_A,42,9,audio,95,playing harpsichord,9,0,63,3,new,20,50,0.2426685862948727,0.31025816966915226,-0.04338896735831601,-0.2846967943570093,0.52,0.3,87,0.8909940978303501
hinge_A,42,9,audio,96,hail,9,0,2,1,new,20,50,0.20995644123603321,0.23656306809562527,0.07634117020513939,-0.06675903897419244,0.86,0.528,18,0.7821236829757289
hinge_A,42,9,audio,97,playing cymbal,9,0,99,4,new,20,50,0.2796173793811421,0.40101540200213165,-0.10411008135409716,-0.24592991223745683,0.18,0.184,10,0.8650921027060421
hinge_A,42,9,audio,98,people booing,9,0,56,3,new,20,50,0.32776346848808496,0.42551691721853047,-0.1089023735474014,-0.29041128127270716,0.22,0.172,23,0.8912072437549446
hinge_A,42,9,audio,99,dog growling,9,0,40,2,new,20,50,0.3470807301253761,0.5049673656553455,-0.15358139751339614,-0.3819114003512824,0.22,0.152,37,0.738519813643964
hinge_A,42,9,visual,0,playing volleyball,0,9,13,1,6+,20,50,0.21883073488692154,0.296218689332083,-0.010042719714580395,-0.1779416702989726,0.62,0.5040000000000001,26,0.8195436306434956
hinge_A,42,9,visual,1,child singing,0,9,88,4,6+,20,50,0.41892685696428406,0.5036250445325543,-0.06877110217464576,-0.22875221015014732,0.3,0.132,74,0.8445562814252137
hinge_A,42,9,visual,2,"heart sounds, heartbeat",0,9,11,1,6+,20,50,0.4111975292469349,0.4782841662184193,-0.02786988709756936,-0.15329785779670163,0.48,0.228,17,0.7988895093482736
hinge_A,42,9,visual,3,singing bowl,0,9,35,2,6+,20,50,0.4409169469320703,0.5983891115963363,-0.14233049443856738,-0.3159991883464187,0.14,0.068,75,0.7560317812093731
hinge_A,42,9,visual,4,cap gun shooting,0,9,58,3,6+,20,50,0.37478532794456626,0.4840920079862703,-0.10602938188563511,-0.2109465725845304,0.18,0.11200000000000002,75,0.7966782565601214
hinge_A,42,9,visual,5,rope skipping,0,9,31,2,6+,20,50,0.2584787738963812,0.337465056522512,-0.010381821280220796,-0.11170922189127026,0.56,0.28800000000000003,82,0.9027488008370144
hinge_A,42,9,visual,6,"child speech, kid speaking",0,9,80,4,6+,20,50,0.39440969829654254,0.5194162374447965,-0.12326032077215991,-0.28666340051670075,0.16,0.04800000000000001,89,0.7993822267791021
hinge_A,42,9,visual,7,baby laughter,0,9,37,2,6+,20,50,0.3001996693744275,0.4381701030286511,-0.018892347363854874,-0.16907569873894712,0.42,0.38799999999999996,6,0.798244379781625
hinge_A,42,9,visual,8,playing table tennis,0,9,3,1,6+,20,50,0.17090678608160118,0.2223425327658515,0.05463954537776546,-0.010845350789287285,0.82,0.5680000000000001,41,0.8303303038390731
hinge_A,42,9,visual,9,lighting firecrackers,0,9,95,4,6+,20,50,0.31054396824106417,0.38715199678045914,-0.07694368946851034,-0.1915276668859593,0.24,0.172,81,0.8416478231269184
hinge_A,42,9,visual,10,playing bass drum,1,8,44,2,6+,20,50,0.42160901641902393,0.4489936350459726,-0.06990536353682168,-0.19455870855021104,0.22,0.276,97,0.8699864823157153
hinge_A,42,9,visual,11,playing banjo,1,8,66,3,6+,20,50,0.4804270461578364,0.6286493753588989,-0.14967466846941715,-0.3024567570953963,0.04,0.032,29,0.7415292587263266
hinge_A,42,9,visual,12,fire truck siren,1,8,72,3,6+,20,50,0.3543082234025933,0.38938799396239576,-0.023874861959914638,-0.128479430483302,0.44,0.308,22,0.8988774102224624
hinge_A,42,9,visual,13,playing bagpipes,1,8,15,1,6+,20,50,0.3864282349949363,0.5579737505672918,-0.08618167756452008,-0.3295839752900167,0.36,0.204,76,0.7729197122871525
hinge_A,42,9,visual,14,playing french horn,1,8,73,3,6+,20,50,0.5073679389110655,0.5629119478926224,-0.13482346395677308,-0.26683111629858236,0.02,0.024000000000000004,85,0.857345517808688
hinge_A,42,9,visual,15,civil defense siren,1,8,27,2,6+,20,50,0.44810665680726985,0.5230210362697184,-0.07386970853964982,-0.18769051507049528,0.26,0.10000000000000002,12,0.786431481428736
hinge_A,42,9,visual,16,tractor digging,1,8,10,1,6+,20,50,0.32169632180880126,0.3648483981508333,0.009500811239434493,-0.10934315050527212,0.58,0.29600000000000004,79,0.879172114489829
hinge_A,42,9,visual,17,people whispering,1,8,23,1,6+,20,50,0.4046648333263074,0.4834801459760598,-0.08974013161082674,-0.23929319756696818,0.3,0.18799999999999997,89,0.8086827528548688
hinge_A,42,9,visual,18,lathe spinning,1,8,6,1,6+,20,50,0.4090596758047222,0.483614914963988,-0.002977403491199305,-0.10104722177384072,0.5,0.20800000000000002,75,0.7812836817128679
hinge_A,42,9,visual,19,playing theremin,1,8,85,4,6+,20,50,0.4929863418025093,0.6082705645377584,-0.1226626173219136,-0.24442640859032835,0.08,0.036000000000000004,85,0.7992712737311736
hinge_A,42,9,visual,20,playing glockenspiel,2,7,28,2,6+,20,50,0.4838477830346588,0.4850747766982226,-0.09271263589894342,-0.22371484899577396,0.1,0.12000000000000002,33,0.81294975476336
hinge_A,42,9,visual,21,playing hammond organ,2,7,90,4,6+,20,50,0.3328680332430961,0.6312672559475042,-0.1911416786602243,-0.37136506061952956,0.06,0.08,24,0.9284368375642481
hinge_A,42,9,visual,22,police car (siren),2,7,68,3,6+,20,50,0.35633425196823854,0.4841022286503971,-0.11611091654860861,-0.2870583327278117,0.22,0.132,12,0.8988774102224624
hinge_A,42,9,visual,23,people cheering,2,7,60,3,6+,20,50,0.3298427184088802,0.37122879107204243,-0.043771304232756554,-0.15567509024680282,0.34,0.248,62,0.9024835643908995
hinge_A,42,9,visual,24,playing electronic organ,2,7,91,4,6+,20,50,0.30070469281511075,0.5629301889071912,-0.17761444487920175,-0.424150556092829,0.24,0.14,21,0.9284368375642481
hinge_A,42,9,visual,25,bowling impact,2,7,8,1,6+,20,50,0.24979790603976762,0.3275560409521747,0.008725114215723188,-0.11233794274171724,0.6,0.5160000000000001,41,0.8312800528032509
hinge_A,42,9,visual,26,people marching,2,7,24,1,6+,20,50,0.3192262787421032,0.3438503168468573,-0.03432310881277819,-0.0905101783165178,0.3,0.22799999999999998,23,0.8894468838154139
hinge_A,42,9,visual,27,playing bass guitar,2,7,81,4,6+,20,50,0.4934922471280186,0.5922298778758587,-0.12468836888588498,-0.2666115361993164,0.06,0.06000000000000001,70,0.8262545025714089
hinge_A,42,9,visual,28,goose honking,2,7,74,3,6+,20,50,0.3196525774284662,0.3868688270630431,-0.09735493896165477,-0.2125841877164521,0.08,0.1,46,0.8796860822129415
hinge_A,42,9,visual,29,playing trombone,2,7,69,3,6+,20,50,0.5188210645196646,0.6234038775565613,-0.18243963020507295,-0.356402785168632,0.04,0.012000000000000002,76,0.8301632102748693
hinge_A,42,9,visual,30,helicopter,3,6,50,3,6+,20,50,0.37585283365891897,0.45035894679448474,-0.10469318170682916,-0.2053962432818146,0.04,0.076,53,0.8698860766919009
hinge_A,42,9,visual,31,playing erhu,3,6,18,1,6+,20,50,0.455988777854648,0.5501253513777917,-0.07224743717955269,-0.2107637538734526,0.24,0.144,76,0.777020751122451
hinge_A,42,9,visual,32,dog howling,3,6,29,2,6+,20,50,0.3979949031081421,0.5359646105394523,-0.1365456456425682,-0.3392479889609997,0.24,0.152,99,0.8374079993001813
hinge_A,42,9,visual,33,playing synthesizer,3,6,52,3,6+,20,50,0.362778973664445,0.5142044800923906,-0.11870671825049582,-0.3071760642428723,0.22,0.16,58,0.81314455367484
hinge_A,42,9,visual,34,cat purring,3,6,32,2,6+,20,50,0.2943789429265293,0.3973939676635127,-0.06366721518331986,-0.24703718816099118,0.4,0.22799999999999998,99,0.9175155965350834
hinge_A,42,9,visual,35,skiing,3,6,1,1,6+,20,50,0.23595343947026678,0.276840717952294,0.056297709879724114,-0.08449906266365727,0.78,0.616,30,0.804341092601
hinge_A,42,9,visual,36,wood thrush calling,3,6,49,2,6+,20,50,0.3898669443854577,0.4496120680396957,-0.08432707553491926,-0.21054066469750843,0.26,0.24400000000000002,57,0.8848533095360075
hinge_A,42,9,visual,37,scuba diving,3,6,0,1,6+,20,50,0.22689400345774727,0.23767807935342591,0.11299239837984087,-0.017515884245106837,0.84,0.74,28,0.7262307531501156
hinge_A,42,9,visual,38,playing tambourine,3,6,36,2,6+,20,50,0.4621577259438263,0.5321221957897049,-0.11123904903029562,-0.2717355742035293,0.16,0.09600000000000002,43,0.7886483249139908
hinge_A,42,9,visual,39,driving motorcycle,3,6,48,2,6+,20,50,0.42144753147225733,0.5077693708133872,-0.08156319234727041,-0.174391125842071,0.1,0.044000000000000004,79,0.875919479000151
hinge_A,42,9,visual,40,vacuum cleaner cleaning floors,4,5,57,3,3-5,20,50,0.3385628992415316,0.4806126268958164,-0.09508400478287282,-0.25514935253594756,0.16,0.11199999999999999,75,0.832145792223467
hinge_A,42,9,visual,41,playing squash,4,5,4,1,3-5,20,50,0.2247084055497075,0.18643687096164904,0.044053980451541117,-0.008571279258771413,0.84,0.7680000000000001,5,0.8472174899434233
hinge_A,42,9,visual,42,slot machine,4,5,12,1,3-5,20,50,0.18059213189498,0.21484488813809036,0.22948423147697064,-0.038344583779862745,0.84,0.8320000000000001,20,0.6459013308590921
hinge_A,42,9,visual,43,beat boxing,4,5,41,2,3-5,20,50,0.40711956873528177,0.46262551777561106,-0.0575063510677317,-0.1661756001768925,0.28,0.1,65,0.8316967796261772
hinge_A,42,9,visual,44,playing cello,4,5,82,4,3-5,20,50,0.43031488627747433,0.5887812282694084,-0.14655813727584333,-0.316154106989408,0.12,0.044000000000000004,14,0.7823253414404241
hinge_A,42,9,visual,45,playing cornet,4,5,7,1,3-5,20,50,0.47405810305897395,0.5148104054758731,-0.04047861380946822,-0.11576899765899876,0.32,0.16399999999999998,69,0.8697225323347526
hinge_A,42,9,visual,46,wind noise,4,5,78,4,3-5,20,50,0.38807091098040203,0.4912149221904818,-0.11895345993239748,-0.2217441328612022,0.04,0.064,67,0.9012535166886135
hinge_A,42,9,visual,47,"playing steel guitar, slide guitar",4,5,45,2,3-5,20,50,0.46677207960855605,0.537985971110574,-0.09088483270331867,-0.2584467177300323,0.2,0.048,83,0.8216234830765552
hinge_A,42,9,visual,48,orchestra,4,5,86,4,3-5,20,50,0.3613972318533377,0.5293140547102909,-0.11304994667872012,-0.2842742379336299,0.14,0.064,68,0.8974017142472652
hinge_A,42,9,visual,49,playing harp,4,5,59,3,3-5,20,50,0.40349248178940184,0.5973617381462251,-0.11031679579069338,-0.33936492686503894,0.24,0.22399999999999998,69,0.6925235159162362
hinge_A,42,9,visual,50,roller coaster running,5,4,30,2,3-5,20,50,0.32340212885806185,0.41723397708782123,-0.0016610945140877443,-0.20398329576781676,0.5,0.38,39,0.7608569813162032
hinge_A,42,9,visual,51,missile launch,5,4,21,1,3-5,20,50,0.28633167725271735,0.3849581453589968,-0.025934161586301557,-0.1909712917318014,0.54,0.308,66,0.8416976851368365
hinge_A,42,9,visual,52,"playing marimba, xylophone",5,4,97,4,3-5,20,50,0.435352580253087,0.6368321092023819,-0.23088500896436898,-0.38689909407221346,0.0,0.004,63,0.8927683200856575
hinge_A,42,9,visual,53,airplane flyby,5,4,5,1,3-5,20,50,0.23209641352638197,0.2688092097566173,0.008191233980575084,-0.16550321739888285,0.66,0.552,30,0.8698860766919009
hinge_A,42,9,visual,54,playing saxophone,5,4,89,4,3-5,20,50,0.4804871477901065,0.6348908039204904,-0.20775010718765685,-0.4199507845016106,0.04,0.012000000000000002,76,0.8169549042233782
hinge_A,42,9,visual,55,"subway, metro, underground",5,4,33,2,3-5,20,50,0.3246580321271896,0.41321945275315547,-0.004154032079921076,-0.17994516304911135,0.52,0.37200000000000005,22,0.7796271464774086
hinge_A,42,9,visual,56,arc welding,5,4,17,1,3-5,20,50,0.36980631914902834,0.44081881914531784,-0.052771945304002796,-0.1444378392986515,0.3,0.192,40,0.805238099882414
hinge_A,42,9,visual,57,mynah bird singing,5,4,62,3,3-5,20,50,0.44505045243105934,0.4729313037920189,-0.09333680669069906,-0.23959046739456658,0.1,0.07200000000000001,36,0.8848533095360075
hinge_A,42,9,visual,58,playing piano,5,4,79,4,3-5,20,50,0.4179153548512513,0.586039710179012,-0.17647559814881741,-0.33764280273844666,0.0,0.036000000000000004,24,0.8846507002990465
hinge_A,42,9,visual,59,playing bongo,5,4,14,1,3-5,20,50,0.43273645558229845,0.4747412054756768,-0.02143164196556043,-0.15027591692123304,0.42,0.32,10,0.780635976629839
hinge_A,42,9,visual,60,"pigeon, dove cooing",6,3,51,3,3-5,20,50,0.3059314331411193,0.4900330712590107,-0.12265603198818456,-0.27269882269712764,0.16,0.10800000000000001,72,0.8595352708117923
hinge_A,42,9,visual,61,"race car, auto racing",6,3,47,2,3-5,20,50,0.31256552309535346,0.3641522577526684,-0.022868805881797623,-0.15520693891749116,0.5,0.33199999999999996,22,0.880182613153617
hinge_A,42,9,visual,62,people crowd,6,3,70,3,3-5,20,50,0.3353269652894553,0.44283628721971496,-0.06953854747459964,-0.25104620534485617,0.24,0.136,23,0.9024835643908995
hinge_A,42,9,visual,63,playing vibraphone,6,3,94,4,3-5,20,50,0.4008300966802646,0.6467171647997163,-0.23436468273515512,-0.37534099053373154,0.0,0.012000000000000002,52,0.8927683200856575
hinge_A,42,9,visual,64,playing mandolin,6,3,55,3,3-5,20,50,0.47440900459294283,0.578082780192592,-0.13512421628165566,-0.34362037138254975,0.16,0.04800000000000001,70,0.8244025806858559
hinge_A,42,9,visual,65,"female speech, woman speaking",6,3,76,4,3-5,20,50,0.4203235457828602,0.5703053334661031,-0.1506739497727108,-0.35169746661827894,0.08,0.076,91,0.8700907647340452
hinge_A,42,9,visual,66,volcano explosion,6,3,42,2,3-5,20,50,0.367094704430034,0.4220696782436352,-0.0668727169182963,-0.1647969029059847,0.24,0.16400000000000003,46,0.8526989603036976
hinge_A,42,9,visual,67,ocean burbling,6,3,71,3,3-5,20,50,0.3039406347764805,0.4286049753539408,-0.06268803501501381,-0.2083698281348396,0.3,0.11600000000000002,46,0.9012535166886135
hinge_A,42,9,visual,68,singing choir,6,3,87,4,3-5,20,50,0.35089100381265614,0.450241051227449,-0.07324095386948887,-0.19185104679043047,0.32,0.192,48,0.8974017142472652
hinge_A,42,9,visual,69,playing flute,6,3,83,4,3-5,20,50,0.5056066399349423,0.6364184191482483,-0.1898377680674805,-0.37919529006564084,0.02,0.032,45,0.8697225323347526
hinge_A,42,9,visual,70,playing acoustic guitar,7,2,64,3,1-2,20,50,0.41831897798299894,0.5909087734730001,-0.1291535080639972,-0.34378555513470765,0.14,0.1,83,0.8392545831369601
hinge_A,42,9,visual,71,canary calling,7,2,25,2,1-2,20,50,0.3487986116216484,0.3913234481699365,0.02691660102813882,-0.22983699784128545,0.64,0.392,36,0.7625008045845028
hinge_A,42,9,visual,72,pheasant crowing,7,2,53,3,1-2,20,50,0.28738342254640353,0.3851130899719758,-0.0670020730153138,-0.20742925885492644,0.28,0.2,60,0.8595352708117923
hinge_A,42,9,visual,73,woodpecker pecking tree,7,2,19,1,1-2,20,50,0.3569379537646118,0.36392004771179126,0.01703422003571725,-0.14282666139490216,0.68,0.35200000000000004,57,0.8608455571347415
hinge_A,42,9,visual,74,yodelling,7,2,65,3,1-2,20,50,0.429808754245805,0.5145738814676144,-0.11020004890987532,-0.3580989783173016,0.1,0.11199999999999999,1,0.8445562814252137
hinge_A,42,9,visual,75,sharpen knife,7,2,26,2,1-2,20,50,0.37295421528122386,0.4006014564863807,-0.02264975341385778,-0.14500910332732156,0.44,0.28800000000000003,40,0.832145792223467
hinge_A,42,9,visual,76,"playing violin, fiddle",7,2,67,3,1-2,20,50,0.47025127742203543,0.5707820087901356,-0.09967978490430159,-0.23139210088835707,0.16,0.08,29,0.8301632102748693
hinge_A,42,9,visual,77,printer printing,7,2,39,2,1-2,20,50,0.389752230135951,0.4541163740361626,-0.0410108550627031,-0.18838588453449323,0.34,0.15200000000000002,78,0.8137516915453223
hinge_A,42,9,visual,78,planing timber,7,2,38,2,1-2,20,50,0.4043488064266221,0.4167437904731281,-0.06198001559131908,-0.1789757467768889,0.24,0.07200000000000001,40,0.8258155771547215
hinge_A,42,9,visual,79,lawn mowing,7,2,46,2,1-2,20,50,0.3782830083786638,0.44046232747048597,-0.06197499080144006,-0.182969639813675,0.24,0.13200000000000003,16,0.879172114489829
hinge_A,42,9,visual,80,"electric shaver, electric razor shaving",8,1,20,1,1-2,20,50,0.34771988912685015,0.428553840619235,-0.028074982837983237,-0.17980861167006856,0.42,0.256,75,0.8293052835487729
hinge_A,42,9,visual,81,fireworks banging,8,1,43,2,1-2,20,50,0.13585120290781133,0.30962080270394554,-0.01700848655405215,-0.2823733034141983,0.62,0.5640000000000001,9,0.8416478231269184
hinge_A,42,9,visual,82,tap dancing,8,1,9,1,1-2,20,50,0.3019128143068678,0.32278355424232863,-0.01766261916173745,-0.07744627358677572,0.32,0.32799999999999996,5,0.9027488008370144
hinge_A,42,9,visual,83,tapping guitar,8,1,93,4,1-2,20,50,0.40383282956377614,0.546028194088894,-0.1069009756819419,-0.2915594336613262,0.18,0.14800000000000002,70,0.8392545831369601
hinge_A,42,9,visual,84,stream burbling,8,1,61,3,1-2,20,50,0.2830894545498256,0.43301215434634616,-0.07933498416355582,-0.23806527222497584,0.28,0.168,28,0.8708292829245934
hinge_A,42,9,visual,85,playing bassoon,8,1,16,1,1-2,20,50,0.46245408281136874,0.5219950674184823,-0.07576182331638573,-0.16877489010815394,0.14,0.06,14,0.857345517808688
hinge_A,42,9,visual,86,police radio chatter,8,1,22,1,1-2,20,50,0.3987911398808547,0.5059705550066635,-0.08753096932867793,-0.25159309572739064,0.36,0.11200000000000002,33,0.7183659226328614
hinge_A,42,9,visual,87,playing sitar,8,1,96,4,1-2,20,50,0.39877164047572194,0.6666481311019856,-0.19997771875568887,-0.36751627976056295,0.12,0.044000000000000004,64,0.7634066904086949
hinge_A,42,9,visual,88,playing electric guitar,8,1,84,4,1-2,20,50,0.46707502191839073,0.5954892050700245,-0.15227935110241783,-0.32539092090341576,0.1,0.096,27,0.8139846610132195
hinge_A,42,9,visual,89,people whistling,8,1,75,4,1-2,20,50,0.45791989279112666,0.5344818695688662,-0.15050545913132643,-0.2894153203128655,0.02,0.012000000000000002,43,0.8136449129185099
hinge_A,42,9,visual,90,playing double bass,9,0,34,2,new,20,50,0.36499552952837255,0.44312561601817846,0.02658373218367858,-0.21278879986916718,0.66,0.444,44,0.707464812771756
hinge_A,42,9,visual,91,"male speech, man speaking",9,0,98,4,new,20,50,0.3817048267882119,0.5748640895396226,-0.18296777729602146,-0.3819426955631066,0.06,0.032,65,0.8700907647340452
hinge_A,42,9,visual,92,playing accordion,9,0,54,3,new,20,50,0.3247225657972752,0.5955421504891174,-0.11617486777399309,-0.47316516800444947,0.34,0.316,76,0.6888863253924371
hinge_A,42,9,visual,93,playing tabla,9,0,77,4,new,20,50,0.3653070970755933,0.6291151218937717,-0.19215580416277117,-0.3573686385171896,0.12,0.07200000000000001,59,0.7269067474782982
hinge_A,42,9,visual,94,playing clarinet,9,0,92,4,new,20,50,0.3822451077151537,0.6208504251606173,-0.15697023975402166,-0.32400315156044407,0.14,0.04,45,0.8594439614690428
hinge_A,42,9,visual,95,playing harpsichord,9,0,63,3,new,20,50,0.3623722900061588,0.5271013577075156,-0.116991161858745,-0.30856800988103755,0.26,0.128,58,0.8484751238866688
hinge_A,42,9,visual,96,hail,9,0,2,1,new,20,50,0.2733848165326386,0.2984600153008787,0.04837235277858712,-0.04030272699797803,0.78,0.38799999999999996,28,0.7861088515265379
hinge_A,42,9,visual,97,playing cymbal,9,0,99,4,new,20,50,0.26129646607395723,0.6710186872002416,-0.28041738502422037,-0.5006190481838625,0.1,0.068,10,0.8699864823157153
hinge_A,42,9,visual,98,people booing,9,0,56,3,new,20,50,0.3595920450171108,0.44094024445930413,-0.0967728592136013,-0.19904574002527917,0.1,0.068,26,0.8137561673067961
hinge_A,42,9,visual,99,dog growling,9,0,40,2,new,20,50,0.2684890947993813,0.4502942915281683,-0.08460750036826309,-0.23357008050197856,0.2,0.188,34,0.9175155965350834
hinge_A,42,9,fusion,0,playing volleyball,0,9,13,1,6+,20,50,0.24213475698106163,0.2848566855506584,0.019514310030107004,-0.11051606650591929,0.58,0.436,41,0.813295968868688
hinge_A,42,9,fusion,1,child singing,0,9,88,4,6+,20,50,0.2989909739808536,0.4043718761445407,-0.09322725433844886,-0.2805829828131793,0.32,0.16399999999999998,74,0.8748262934618567
hinge_A,42,9,fusion,2,"heart sounds, heartbeat",0,9,11,1,6+,20,50,0.29147079741349374,0.3123175910308096,0.08593474908370341,-0.23844236830050014,0.68,0.49200000000000005,34,0.7248603613963207
hinge_A,42,9,fusion,3,singing bowl,0,9,35,2,6+,20,50,0.3047381052619355,0.40602325829733926,-0.07734401547848019,-0.20696701623400052,0.26,0.07200000000000001,19,0.7383787215472388
hinge_A,42,9,fusion,4,cap gun shooting,0,9,58,3,6+,20,50,0.24038660447233454,0.35129347151410484,-0.04479712846843942,-0.2047819038395944,0.38,0.21600000000000003,75,0.7590698345545024
hinge_A,42,9,fusion,5,rope skipping,0,9,31,2,6+,20,50,0.33064695797305665,0.36458346373124684,-0.04061325799342803,-0.13415227453137984,0.3,0.152,82,0.8650955735223445
hinge_A,42,9,fusion,6,"child speech, kid speaking",0,9,80,4,6+,20,50,0.2647726904837743,0.35216499168624177,-0.059518739475265085,-0.20583468597979848,0.38,0.23199999999999998,65,0.8924219693324864
hinge_A,42,9,fusion,7,baby laughter,0,9,37,2,6+,20,50,0.21581406010277587,0.27130266800205843,-0.0023769070484441933,-0.14380224341706885,0.62,0.3920000000000001,86,0.7766349510014379
hinge_A,42,9,fusion,8,playing table tennis,0,9,3,1,6+,20,50,0.27419117535065035,0.30019262795828205,0.025021812670385488,-0.08659296060078053,0.7,0.32,41,0.8394454717805548
hinge_A,42,9,fusion,9,lighting firecrackers,0,9,95,4,6+,20,50,0.309346872235903,0.4057838208335147,-0.09454716492584915,-0.18275428172867927,0.1,0.08,56,0.8716553307295078
hinge_A,42,9,fusion,10,playing bass drum,1,8,44,2,6+,20,50,0.3309010814562165,0.3327217929442171,0.0013672422370836401,-0.09264256349061498,0.6,0.23600000000000002,97,0.8758159945820372
hinge_A,42,9,fusion,11,playing banjo,1,8,66,3,6+,20,50,0.1904487425241796,0.3275593244252943,-0.05791077531668147,-0.26207349384894435,0.5,0.26799999999999996,92,0.8294660298765045
hinge_A,42,9,fusion,12,fire truck siren,1,8,72,3,6+,20,50,0.2067984564910597,0.3334507648595355,-0.090041301884004,-0.25272046676503784,0.28,0.264,15,0.8770801291450286
hinge_A,42,9,fusion,13,playing bagpipes,1,8,15,1,6+,20,50,0.1670002698806817,0.2637158096753261,0.048811887336560764,-0.1374472419198049,0.66,0.584,92,0.785420460706916
hinge_A,42,9,fusion,14,playing french horn,1,8,73,3,6+,20,50,0.2437450356109018,0.31376593561785293,-0.0831510983850573,-0.22843585805463698,0.2,0.17600000000000002,85,0.917747088595035
hinge_A,42,9,fusion,15,civil defense siren,1,8,27,2,6+,20,50,0.23416752769250632,0.3125965966096554,-0.01263758936993876,-0.15407528733031103,0.58,0.352,12,0.8770801291450286
hinge_A,42,9,fusion,16,tractor digging,1,8,10,1,6+,20,50,0.2421455559960787,0.2652205646042094,0.030914191752765996,-0.07095933478519881,0.64,0.40800000000000003,79,0.8120954042348922
hinge_A,42,9,fusion,17,people whispering,1,8,23,1,6+,20,50,0.2819164450755374,0.2000613325179016,0.12375486861959649,0.04596529449538305,0.94,0.42800000000000005,6,0.7667650666799967
hinge_A,42,9,fusion,18,lathe spinning,1,8,6,1,6+,20,50,0.3217304132291658,0.30219973559390323,0.019549449361500965,-0.10415447862544461,0.54,0.28800000000000003,40,0.8093047898326597
hinge_A,42,9,fusion,19,playing theremin,1,8,85,4,6+,20,50,0.3035841086130159,0.430330110854825,-0.13266183696404965,-0.29165896880455966,0.08,0.05600000000000001,31,0.8389951071403217
hinge_A,42,9,fusion,20,playing glockenspiel,2,7,28,2,6+,20,50,0.232892553612922,0.31435181179475885,-0.030491843516027562,-0.2754662509409401,0.5,0.396,64,0.7548861830305607
hinge_A,42,9,fusion,21,playing hammond organ,2,7,90,4,6+,20,50,0.28459165278483084,0.4223113464437882,-0.12700369593449623,-0.26981767493067577,0.1,0.06,24,0.898867290159242
hinge_A,42,9,fusion,22,police car (siren),2,7,68,3,6+,20,50,0.23836471071088247,0.3381491217002923,-0.02515689662248372,-0.23165671480824296,0.56,0.4040000000000001,12,0.8165737716605842
hinge_A,42,9,fusion,23,people cheering,2,7,60,3,6+,20,50,0.2603528852408838,0.27703469278502696,-0.020703420227505216,-0.0942324689382611,0.38,0.332,62,0.9216933925050318
hinge_A,42,9,fusion,24,playing electronic organ,2,7,91,4,6+,20,50,0.24784731241473898,0.40998611829183784,-0.133692928139547,-0.26428250036193385,0.12,0.064,21,0.898867290159242
hinge_A,42,9,fusion,25,bowling impact,2,7,8,1,6+,20,50,0.28449509906122866,0.3208666456363842,0.0020452619997900247,-0.10204587775073407,0.58,0.308,41,0.8474757746009961
hinge_A,42,9,fusion,26,people marching,2,7,24,1,6+,20,50,0.2989117116979235,0.37484772858862314,-0.044989071737986726,-0.18885662372124667,0.4,0.2,23,0.7878460188468962
hinge_A,42,9,fusion,27,playing bass guitar,2,7,81,4,6+,20,50,0.2745644294446629,0.3631464808100786,-0.07714241524144952,-0.2908225869056797,0.3,0.136,90,0.837794807978929
hinge_A,42,9,fusion,28,goose honking,2,7,74,3,6+,20,50,0.3019549846256285,0.350920782858087,-0.04114276869188788,-0.1580157394360946,0.34,0.18000000000000005,60,0.7659382413206344
hinge_A,42,9,fusion,29,playing trombone,2,7,69,3,6+,20,50,0.2945911461402856,0.33779346787111286,-0.0589175817977238,-0.19418240242023693,0.34,0.172,94,0.8543256108820733
hinge_A,42,9,fusion,30,helicopter,3,6,50,3,6+,20,50,0.2503618101372163,0.36816775248012584,-0.07220429436216903,-0.27392966503416055,0.38,0.18000000000000005,79,0.9012024327367996
hinge_A,42,9,fusion,31,playing erhu,3,6,18,1,6+,20,50,0.23457206340081593,0.25205358859751953,-0.007608253384439112,-0.11313523548068209,0.46,0.252,19,0.8389951071403217
hinge_A,42,9,fusion,32,dog howling,3,6,29,2,6+,20,50,0.24337040066633397,0.42657991172393667,-0.12947461247915718,-0.34497741611850496,0.1,0.11600000000000002,69,0.7912564838786906
hinge_A,42,9,fusion,33,playing synthesizer,3,6,52,3,6+,20,50,0.3558493460660781,0.4251192895446556,-0.10952821075323865,-0.31016546801129846,0.12,0.10400000000000002,27,0.7563488363974975
hinge_A,42,9,fusion,34,cat purring,3,6,32,2,6+,20,50,0.22840925151957542,0.38195079886495364,-0.0771820068595997,-0.29609678309255316,0.34,0.348,73,0.8053101014189536
hinge_A,42,9,fusion,35,skiing,3,6,1,1,6+,20,50,0.2396207351439546,0.2899787811549267,0.022005133059356655,-0.09110138878949814,0.62,0.4,9,0.7953085191527873
hinge_A,42,9,fusion,36,wood thrush calling,3,6,49,2,6+,20,50,0.24888189350239243,0.25685934179098946,-0.022130106558804742,-0.09173636062538094,0.44,0.35600000000000004,57,0.9569743581220609
hinge_A,42,9,fusion,37,scuba diving,3,6,0,1,6+,20,50,0.2062747878798759,0.22616233740423936,0.11704354929980643,0.020090501635570635,0.96,0.784,66,0.7442004397025423
hinge_A,42,9,fusion,38,playing tambourine,3,6,36,2,6+,20,50,0.34306948706600576,0.34692931787559333,-0.011454009560633825,-0.1363180959284252,0.52,0.2720000000000001,10,0.8062567173048534
hinge_A,42,9,fusion,39,driving motorcycle,3,6,48,2,6+,20,50,0.25788869805599357,0.4027727339230451,-0.09218419034013571,-0.25796953760288976,0.24,0.16,79,0.8468570259501653
hinge_A,42,9,fusion,40,vacuum cleaner cleaning floors,4,5,57,3,3-5,20,50,0.3210793765306209,0.44479650372759083,-0.14180656680509376,-0.25256826456951315,0.08,0.04800000000000001,80,0.8637271180391048
hinge_A,42,9,fusion,41,playing squash,4,5,4,1,3-5,20,50,0.2973626881683878,0.33163804576577616,-0.025458415852892928,-0.09777096199576797,0.38,0.4040000000000001,25,0.8474757746009961
hinge_A,42,9,fusion,42,slot machine,4,5,12,1,3-5,20,50,0.26547873173002834,0.3127069958350352,0.08832857892393546,-0.04132757396707041,0.82,0.5680000000000001,74,0.6984213625092051
hinge_A,42,9,fusion,43,beat boxing,4,5,41,2,3-5,20,50,0.2822787759860047,0.32614723431882353,0.01551388656280555,-0.1133729364006797,0.54,0.368,38,0.7811269013953562
hinge_A,42,9,fusion,44,playing cello,4,5,82,4,3-5,20,50,0.20899675140968746,0.344302522805911,-0.09688607242532565,-0.24660953965519294,0.28,0.196,58,0.8884453007088505
hinge_A,42,9,fusion,45,playing cornet,4,5,7,1,3-5,20,50,0.2385267412658781,0.263750204172014,-0.024251963644287135,-0.1480467762775179,0.48,0.272,94,0.8992205266534231
hinge_A,42,9,fusion,46,wind noise,4,5,78,4,3-5,20,50,0.2554334972282716,0.3737436427501512,-0.09369022213827563,-0.24983262993366961,0.2,0.132,67,0.8891139337175882
hinge_A,42,9,fusion,47,"playing steel guitar, slide guitar",4,5,45,2,3-5,20,50,0.29558775480750166,0.3466767329142655,-0.08969645776362958,-0.2135396383690687,0.24,0.1,83,0.8717931217596261
hinge_A,42,9,fusion,48,orchestra,4,5,86,4,3-5,20,50,0.27147581299296053,0.3424646570989431,-0.05684025360106265,-0.16112391117172137,0.32,0.136,76,0.8381797703335615
hinge_A,42,9,fusion,49,playing harp,4,5,59,3,3-5,20,50,0.1651391786984212,0.29962711284596216,-0.06502966281068909,-0.25686972198596225,0.38,0.23199999999999998,63,0.9080190192190996
hinge_A,42,9,fusion,50,roller coaster running,5,4,30,2,3-5,20,50,0.2992171785484058,0.35471341751471874,-0.011741944177083874,-0.17288358116374503,0.48,0.25999999999999995,26,0.7870865380555813
hinge_A,42,9,fusion,51,missile launch,5,4,21,1,3-5,20,50,0.2542230534631841,0.33635827058890233,-0.05005296271131827,-0.1748482622677466,0.34,0.252,66,0.8768612635150087
hinge_A,42,9,fusion,52,"playing marimba, xylophone",5,4,97,4,3-5,20,50,0.278987198231499,0.3989160741927339,-0.10750184499150965,-0.2160031183811739,0.02,0.08000000000000002,63,0.9326779527573681
hinge_A,42,9,fusion,53,airplane flyby,5,4,5,1,3-5,20,50,0.21756699779711916,0.24498672380249217,0.01528121920292503,-0.09185817162234126,0.64,0.544,51,0.8691295592798828
hinge_A,42,9,fusion,54,playing saxophone,5,4,89,4,3-5,20,50,0.23720051805311723,0.34853567184078793,-0.0706939981492775,-0.17564917632966423,0.24,0.204,76,0.8463643388280987
hinge_A,42,9,fusion,55,"subway, metro, underground",5,4,33,2,3-5,20,50,0.2446054848493136,0.3336365872011923,-0.030866590730827176,-0.24002518896119515,0.48,0.312,61,0.8383041902520925
hinge_A,42,9,fusion,56,arc welding,5,4,17,1,3-5,20,50,0.3113406232893193,0.3756313216167325,-0.05109043306750101,-0.16178687130901892,0.32,0.272,9,0.8716553307295078
hinge_A,42,9,fusion,57,mynah bird singing,5,4,62,3,3-5,20,50,0.2859458011852868,0.279210735360957,-0.04132135705024973,-0.15397384562409222,0.32,0.19599999999999998,36,0.9569743581220609
hinge_A,42,9,fusion,58,playing piano,5,4,79,4,3-5,20,50,0.24473169860712116,0.3099746254133455,-0.05896609327471971,-0.16635490979335957,0.32,0.20400000000000001,70,0.9264418584040645
hinge_A,42,9,fusion,59,playing bongo,5,4,14,1,3-5,20,50,0.21562674067351653,0.2571949859980721,0.02225667063428203,-0.07352735503873516,0.66,0.5880000000000001,93,0.943674813937588
hinge_A,42,9,fusion,60,"pigeon, dove cooing",6,3,51,3,3-5,20,50,0.242078105118234,0.4243131524164607,-0.09652766050880715,-0.3325145738842058,0.3,0.18,28,0.7659382413206344
hinge_A,42,9,fusion,61,"race car, auto racing",6,3,47,2,3-5,20,50,0.24544993354165645,0.3394318177190707,-0.028494876803608807,-0.11877474216151505,0.34,0.23600000000000002,55,0.8383041902520925
hinge_A,42,9,fusion,62,people crowd,6,3,70,3,3-5,20,50,0.22663283640454984,0.3063337983399473,-0.006566200223887963,-0.18381095239391335,0.64,0.4,23,0.9216933925050318
hinge_A,42,9,fusion,63,playing vibraphone,6,3,94,4,3-5,20,50,0.2570616536767568,0.4264959709440056,-0.12443731549345266,-0.2976784891635403,0.1,0.09600000000000002,52,0.9326779527573681
hinge_A,42,9,fusion,64,playing mandolin,6,3,55,3,3-5,20,50,0.24852879075203269,0.3275996012680211,-0.06551524734744808,-0.25595205891690453,0.38,0.288,47,0.840013415151421
hinge_A,42,9,fusion,65,"female speech, woman speaking",6,3,76,4,3-5,20,50,0.2272683470028601,0.33338311146358734,-0.061074471832985484,-0.21805527532419586,0.32,0.276,91,0.9373878587957205
hinge_A,42,9,fusion,66,volcano explosion,6,3,42,2,3-5,20,50,0.2960272198442578,0.3219209900076217,-0.016830077350396794,-0.1649251272434637,0.42,0.252,51,0.8768612635150087
hinge_A,42,9,fusion,67,ocean burbling,6,3,71,3,3-5,20,50,0.20440011785859813,0.35296394450274227,-0.05585028452100711,-0.1798906825217086,0.22,0.27599999999999997,46,0.8891139337175882
hinge_A,42,9,fusion,68,singing choir,6,3,87,4,3-5,20,50,0.27004769044096133,0.45009088668487446,-0.12782636866024813,-0.2875385478170441,0.14,0.14,23,0.8602891941697469
hinge_A,42,9,fusion,69,playing flute,6,3,83,4,3-5,20,50,0.2625967631697619,0.41512326300829,-0.13718943530909075,-0.37795171990843246,0.2,0.10400000000000001,94,0.8669845789274624
hinge_A,42,9,fusion,70,playing acoustic guitar,7,2,64,3,1-2,20,50,0.22751131640818628,0.30503528640491906,-0.04508290665733519,-0.17286541100912736,0.38,0.244,58,0.9264418584040645
hinge_A,42,9,fusion,71,canary calling,7,2,25,2,1-2,20,50,0.25989479946450256,0.3012207294182078,-0.02277636618452238,-0.14433130582414663,0.54,0.324,36,0.9217795989160564
hinge_A,42,9,fusion,72,pheasant crowing,7,2,53,3,1-2,20,50,0.29448384650795123,0.33727474473047353,-0.06377735947501155,-0.14849548398926574,0.18,0.18799999999999997,57,0.8116003383927672
hinge_A,42,9,fusion,73,woodpecker pecking tree,7,2,19,1,1-2,20,50,0.2945895604461092,0.3036828762745096,0.015330855908560717,-0.10459155801210182,0.58,0.264,34,0.8053101014189536
hinge_A,42,9,fusion,74,yodelling,7,2,65,3,1-2,20,50,0.3240368218720393,0.35737024948933366,-0.04321629650693109,-0.17958381341747695,0.36,0.136,1,0.8748262934618567
hinge_A,42,9,fusion,75,sharpen knife,7,2,26,2,1-2,20,50,0.2869991841564078,0.33202092232204194,-0.013038742752443206,-0.11743657947620885,0.44,0.2,40,0.8309119528585408
hinge_A,42,9,fusion,76,"playing violin, fiddle",7,2,67,3,1-2,20,50,0.2501878973681261,0.3381976165814256,-0.07846377492112619,-0.18720607512423845,0.18,0.15200000000000002,92,0.8956540392078973
hinge_A,42,9,fusion,77,printer printing,7,2,39,2,1-2,20,50,0.3503589189647252,0.4409434714069561,-0.09154258670068895,-0.2031576068662642,0.16,0.08800000000000001,84,0.7994123784494472
hinge_A,42,9,fusion,78,planing timber,7,2,38,2,1-2,20,50,0.3430680705890687,0.42034920043571977,-0.10635235367975411,-0.24846868062028463,0.14,0.264,80,0.846943886016901
hinge_A,42,9,fusion,79,lawn mowing,7,2,46,2,1-2,20,50,0.2454994382776931,0.33410164414295,-0.05606045552262039,-0.20792478062266578,0.36,0.3,30,0.9012024327367996
hinge_A,42,9,fusion,80,"electric shaver, electric razor shaving",8,1,20,1,1-2,20,50,0.33235419105382946,0.35165452254374363,-0.011754923162507688,-0.126066943809944,0.54,0.34,40,0.8637271180391048
hinge_A,42,9,fusion,81,fireworks banging,8,1,43,2,1-2,20,50,0.17499556517080744,0.33912271296063373,-0.010082655469146941,-0.17361726809857633,0.56,0.46,9,0.7818588557591186
hinge_A,42,9,fusion,82,tap dancing,8,1,9,1,1-2,20,50,0.27149771567283587,0.2849115999313297,0.006984895438647947,-0.07136040034455335,0.58,0.424,5,0.8650955735223445
hinge_A,42,9,fusion,83,tapping guitar,8,1,93,4,1-2,20,50,0.3034190828240289,0.4295242146901684,-0.15884887962315294,-0.2629256414554894,0.08,0.036000000000000004,47,0.8717931217596261
hinge_A,42,9,fusion,84,stream burbling,8,1,61,3,1-2,20,50,0.23031051021936802,0.3503214747095864,-0.06703233881303153,-0.21255049815250748,0.3,0.27599999999999997,67,0.8703508832610909
hinge_A,42,9,fusion,85,playing bassoon,8,1,16,1,1-2,20,50,0.28297854360717556,0.2828539003278778,-0.02916823689288617,-0.11238151120045048,0.32,0.252,14,0.917747088595035
hinge_A,42,9,fusion,86,police radio chatter,8,1,22,1,1-2,20,50,0.22750889196811253,0.2845527065541391,0.06903118881111267,-0.03728257521695798,0.84,0.452,7,0.7766349510014379
hinge_A,42,9,fusion,87,playing sitar,8,1,96,4,1-2,20,50,0.267960455539005,0.43139312763719667,-0.1285134589182803,-0.2410455913535897,0.06,0.06000000000000001,95,0.8851487879381685
hinge_A,42,9,fusion,88,playing electric guitar,8,1,84,4,1-2,20,50,0.31659040359931045,0.34080932253187507,-0.08764268870552298,-0.1978333592781191,0.2,0.132,54,0.8401997141770113
hinge_A,42,9,fusion,89,people whistling,8,1,75,4,1-2,20,50,0.2821017091158066,0.3806165816720755,-0.08698083764798778,-0.2562128702962944,0.24,0.196,6,0.8063599799217398
hinge_A,42,9,fusion,90,playing double bass,9,0,34,2,new,20,50,0.3347554479804297,0.33443072820905817,0.001916265365970269,-0.17662311060186353,0.58,0.29200000000000004,27,0.837794807978929
hinge_A,42,9,fusion,91,"male speech, man speaking",9,0,98,4,new,20,50,0.2841925615772049,0.4648624556476387,-0.15224620069735859,-0.36816533301945875,0.08,0.07200000000000001,65,0.9373878587957205
hinge_A,42,9,fusion,92,playing accordion,9,0,54,3,new,20,50,0.18126143461082617,0.3203338015748405,-0.0769912438796035,-0.21526142955198288,0.26,0.248,76,0.8956540392078973
hinge_A,42,9,fusion,93,playing tabla,9,0,77,4,new,20,50,0.2776318020155402,0.46061345632123535,-0.1575585994634264,-0.3263040371167031,0.16,0.092,59,0.943674813937588
hinge_A,42,9,fusion,94,playing clarinet,9,0,92,4,new,20,50,0.27254017618596216,0.3398476308915647,-0.09876172168194199,-0.21462162302430757,0.1,0.07200000000000001,45,0.8992205266534231
hinge_A,42,9,fusion,95,playing harpsichord,9,0,63,3,new,20,50,0.23414700712605835,0.29365832473675,-0.03619272938847542,-0.26679085037557587,0.54,0.31199999999999994,87,0.8851487879381685
hinge_A,42,9,fusion,96,hail,9,0,2,1,new,20,50,0.187937043616353,0.18465756544550022,0.09982251569380654,0.015194599286834233,0.9,0.6120000000000001,30,0.7916314918598418
hinge_A,42,9,fusion,97,playing cymbal,9,0,99,4,new,20,50,0.25544008029562404,0.39169822543007604,-0.1132697389957811,-0.23362331417547463,0.12,0.15600000000000003,10,0.8758159945820372
hinge_A,42,9,fusion,98,people booing,9,0,56,3,new,20,50,0.2940339807059249,0.3597417211317411,-0.06907147418158008,-0.22938454718153292,0.32,0.176,23,0.8865446307107615
hinge_A,42,9,fusion,99,dog growling,9,0,40,2,new,20,50,0.290020635060083,0.42694299823335863,-0.09852348470305879,-0.2800363212715595,0.28,0.196,34,0.7769215056834307
hinge_B,42,1,audio,0,playing volleyball,0,1,13,1,1-2,20,50,0.29872590798628085,0.3438997432531691,0.07246157676636447,-0.09027231992596531,0.7,0.592,8,0.642791260426783
hinge_B,42,1,audio,1,child singing,0,1,88,4,1-2,20,50,0.27265478385509334,0.3754828044794792,-0.03033226235883005,-0.3235038170605349,0.5,0.40399999999999997,11,0.6833668750669991
hinge_B,42,1,audio,2,"heart sounds, heartbeat",0,1,11,1,1-2,20,50,0.20553418904393847,0.21743283868906293,0.18306160360948812,-0.07044442391148399,0.86,0.704,17,0.7052396534740742
hinge_B,42,1,audio,3,singing bowl,0,1,35,2,1-2,20,50,0.2477197958691722,0.2861483262707677,0.014779951369417992,-0.09985683181415765,0.62,0.27199999999999996,19,0.7750558929472574
hinge_B,42,1,audio,4,cap gun shooting,0,1,58,3,1-2,20,50,0.22627684262936368,0.3566644334986566,-0.03502835906776666,-0.24317657636267123,0.38,0.28800000000000003,17,0.5900970601611633
hinge_B,42,1,audio,5,rope skipping,0,1,31,2,1-2,20,50,0.3520332246514909,0.40124152398635266,-0.04561360023736235,-0.20603693441935414,0.36,0.28,8,0.7592962634388861
hinge_B,42,1,audio,6,"child speech, kid speaking",0,1,80,4,1-2,20,50,0.2452191401187232,0.3330560348063328,0.005246801365330005,-0.20822165242990903,0.56,0.508,7,0.7445800098175084
hinge_B,42,1,audio,7,baby laughter,0,1,37,2,1-2,20,50,0.22885820242586274,0.2991670873473392,-0.011455332169606527,-0.19858369415332536,0.56,0.37200000000000005,6,0.7445800098175084
hinge_B,42,1,audio,8,playing table tennis,0,1,3,1,1-2,20,50,0.2746171457310512,0.3366063994567495,0.016357219197950384,-0.13630672441514882,0.56,0.43200000000000005,5,0.7592962634388861
hinge_B,42,1,audio,9,lighting firecrackers,0,1,95,4,1-2,20,50,0.32557961899785265,0.42016394852464856,-0.0800225028059887,-0.2875766872689953,0.4,0.248,8,0.7355169517396773
hinge_B,42,1,audio,10,playing bass drum,1,0,44,2,new,20,50,0.2888136387838137,0.2898006846608089,0.11806532634055424,-0.07070733201048625,0.82,0.644,5,0.683068169170036
hinge_B,42,1,audio,11,playing banjo,1,0,66,3,new,20,50,0.13128575060095732,0.2644063305451217,0.08576539414728071,-0.15095808789699963,0.78,0.7560000000000001,1,0.6833668750669991
hinge_B,42,1,audio,12,fire truck siren,1,0,72,3,new,20,50,0.1874475967073495,0.31681153564620823,0.03744017992950291,-0.22644027656528948,0.64,0.6040000000000001,15,0.8477490847939609
hinge_B,42,1,audio,13,playing bagpipes,1,0,15,1,new,20,50,0.13525471713113046,0.23493879762527217,0.14629182470245566,-0.12018263129385101,0.8,0.784,1,0.6611546031789164
hinge_B,42,1,audio,14,playing french horn,1,0,73,3,new,20,50,0.16274880945963766,0.21678985831084285,0.055400058895660874,-0.10245957478135806,0.66,0.66,19,0.7789699523673533
hinge_B,42,1,audio,15,civil defense siren,1,0,27,2,new,20,50,0.180094782946545,0.2719569302367394,0.009498669342117051,-0.14340419039889005,0.56,0.5640000000000001,12,0.8477490847939609
hinge_B,42,1,audio,16,tractor digging,1,0,10,1,new,20,50,0.188545660169767,0.20008700840209362,0.1950314466516159,-0.014166261111261791,0.86,0.8,18,0.6672009391900364
hinge_B,42,1,audio,17,people whispering,1,0,23,1,new,20,50,0.21658780922852347,0.12050167458576841,0.23843106510057976,0.14229511660396985,1.0,0.9079999999999998,6,0.7326550152373441
hinge_B,42,1,audio,18,lathe spinning,1,0,6,1,new,20,50,0.24147690127974952,0.23278041850156725,0.16503695070258215,-0.056874718775506254,0.86,0.6759999999999999,16,0.6672009391900364
hinge_B,42,1,audio,19,playing theremin,1,0,85,4,new,20,50,0.22066083146338392,0.3382814194457724,-0.04674648242091319,-0.2592839082400151,0.46,0.34800000000000003,14,0.7789699523673533
hinge_B,42,1,visual,0,playing volleyball,0,1,13,1,1-2,20,50,0.16202455227920803,0.23874515415671319,0.1255824056945509,-0.09306628602764018,0.82,0.7440000000000001,5,0.6530150531030465
hinge_B,42,1,visual,1,child singing,0,1,88,4,1-2,20,50,0.2608741475164889,0.37720468661589895,0.006900339543621688,-0.19917511872968566,0.52,0.412,11,0.7339981024235454
hinge_B,42,1,visual,2,"heart sounds, heartbeat",0,1,11,1,1-2,20,50,0.26182618503621313,0.31798489887638026,0.03117495264768482,-0.10562002208836462,0.62,0.496,17,0.7780445003244653
hinge_B,42,1,visual,3,singing bowl,0,1,35,2,1-2,20,50,0.2798322491330817,0.42280322832859624,-0.0473983773520584,-0.21383560077416836,0.34,0.3,2,0.705160021053788
hinge_B,42,1,visual,4,cap gun shooting,0,1,58,3,1-2,20,50,0.24271173664898854,0.38095716085103165,-0.029922671571864016,-0.2192969578519449,0.38,0.352,17,0.6443291817981486
hinge_B,42,1,visual,5,rope skipping,0,1,31,2,1-2,20,50,0.19102867447169064,0.2642640340672754,0.1279994191556594,-0.09591418778649186,0.78,0.7560000000000001,0,0.6530150531030465
hinge_B,42,1,visual,6,"child speech, kid speaking",0,1,80,4,1-2,20,50,0.30901278973828006,0.453782825685835,-0.08896557848979271,-0.2394830193025927,0.32,0.17600000000000002,17,0.7764955036652971
hinge_B,42,1,visual,7,baby laughter,0,1,37,2,1-2,20,50,0.19737203418686777,0.30880986131685717,0.08364198719778643,-0.20937308279508876,0.72,0.6920000000000001,6,0.7141487734278065
hinge_B,42,1,visual,8,playing table tennis,0,1,3,1,1-2,20,50,0.14224998671859018,0.20300866902772985,0.18433675271413644,-0.001053249975763094,0.9,0.8759999999999999,5,0.6170670735235564
hinge_B,42,1,visual,9,lighting firecrackers,0,1,95,4,1-2,20,50,0.19653813571476322,0.2897362145405318,0.10558409549183477,-0.12426818684897105,0.76,0.6519999999999999,16,0.6704595531432851
hinge_B,42,1,visual,10,playing bass drum,1,0,44,2,new,20,50,0.27048885829640584,0.33273650385203934,0.08804245740054695,-0.12123394424153017,0.74,0.648,18,0.6543424998454859
hinge_B,42,1,visual,11,playing banjo,1,0,66,3,new,20,50,0.2383509633493935,0.4153033469636196,-0.05819229030784463,-0.2867717505741542,0.36,0.376,1,0.7339981024235454
hinge_B,42,1,visual,12,fire truck siren,1,0,72,3,new,20,50,0.22205584579014076,0.2896432700748814,0.0786891222544476,-0.1443947612699419,0.76,0.6800000000000002,15,0.7681160162905751
hinge_B,42,1,visual,13,playing bagpipes,1,0,15,1,new,20,50,0.22337081280552482,0.4074954409899745,-0.0375364961413442,-0.3893847265633436,0.52,0.42,1,0.7082647885661727
hinge_B,42,1,visual,14,playing french horn,1,0,73,3,new,20,50,0.31492054348720666,0.4098631131451718,-0.07452962101208564,-0.2774939098866788,0.4,0.248,19,0.8204730921187657
hinge_B,42,1,visual,15,civil defense siren,1,0,27,2,new,20,50,0.26959986036521083,0.3450580839380941,0.037495568970052864,-0.15227235256042382,0.52,0.45199999999999996,12,0.7681160162905751
hinge_B,42,1,visual,16,tractor digging,1,0,10,1,new,20,50,0.20425006649601873,0.2358482524669179,0.1684049274284513,-0.01700886592276986,0.88,0.8039999999999999,9,0.6704595531432851
hinge_B,42,1,visual,17,people whispering,1,0,23,1,new,20,50,0.26071312642157113,0.36821009704926566,-0.055704504014138706,-0.23351133459050807,0.38,0.368,2,0.7780445003244653
hinge_B,42,1,visual,18,lathe spinning,1,0,6,1,new,20,50,0.24156572766668832,0.2921244332103047,0.13219784544836433,-0.03450260683932251,0.82,0.7639999999999999,10,0.6543424998454859
hinge_B,42,1,visual,19,playing theremin,1,0,85,4,new,20,50,0.33059627071693926,0.44150026441472273,-0.07527400434615741,-0.2297930897313344,0.36,0.20000000000000004,14,0.8204730921187657
hinge_B,42,1,fusion,0,playing volleyball,0,1,13,1,1-2,20,50,0.17493794464663162,0.21575087987404268,0.15973728694433798,-0.03193466760495274,0.86,0.84,5,0.6626600121257618
hinge_B,42,1,fusion,1,child singing,0,1,88,4,1-2,20,50,0.22044102398616472,0.30943225251217793,0.012306836381688273,-0.24075221191589785,0.48,0.47600000000000003,11,0.6915772422871131
hinge_B,42,1,fusion,2,"heart sounds, heartbeat",0,1,11,1,1-2,20,50,0.17596560031118455,0.18500523504083058,0.15930260318571624,-0.030480243012449143,0.86,0.7880000000000001,17,0.7341921784593164
hinge_B,42,1,fusion,3,singing bowl,0,1,35,2,1-2,20,50,0.2008298915291796,0.2562920077850089,0.025932933484948358,-0.0975774114791159,0.7,0.36,19,0.7592747297041769
hinge_B,42,1,fusion,4,cap gun shooting,0,1,58,3,1-2,20,50,0.1717515914225829,0.2933540794666769,0.003884527873549599,-0.1831830527261722,0.5,0.384,17,0.6171720423203528
hinge_B,42,1,fusion,5,rope skipping,0,1,31,2,1-2,20,50,0.2232522256992147,0.26896160225222787,0.06598435351425379,-0.07465972850756578,0.7,0.612,8,0.7248730176841405
hinge_B,42,1,fusion,6,"child speech, kid speaking",0,1,80,4,1-2,20,50,0.2115667341860258,0.2938382777760197,0.01430390052614412,-0.1579683350488059,0.6,0.4960000000000001,17,0.7566599353986276
hinge_B,42,1,fusion,7,baby laughter,0,1,37,2,1-2,20,50,0.16539386386072338,0.23669367354462373,0.030659556521785633,-0.15123807897445926,0.68,0.596,6,0.7556383884300201
hinge_B,42,1,fusion,8,playing table tennis,0,1,3,1,1-2,20,50,0.1707175846125441,0.21546324329666255,0.12465500079624815,0.0009940004343225203,0.9,0.8360000000000001,5,0.7248730176841405
hinge_B,42,1,fusion,9,lighting firecrackers,0,1,95,4,1-2,20,50,0.21079417754321086,0.2993578664175088,0.04161122278754946,-0.15308141193884703,0.62,0.508,16,0.6156711061088865
hinge_B,42,1,fusion,10,playing bass drum,1,0,44,2,new,20,50,0.2454940460526779,0.23906222301004795,0.17532401865292918,0.03098215110644857,0.9,0.7919999999999999,5,0.6332617406869141
hinge_B,42,1,fusion,11,playing banjo,1,0,66,3,new,20,50,0.12201390775503199,0.24230402888952926,0.0800374230985495,-0.14478545488292244,0.74,0.7519999999999999,1,0.6915772422871131
hinge_B,42,1,fusion,12,fire truck siren,1,0,72,3,new,20,50,0.16015545263335776,0.24461616652599238,0.0828412303097409,-0.11427285825131,0.7,0.728,15,0.8322197589141036
hinge_B,42,1,fusion,13,playing bagpipes,1,0,15,1,new,20,50,0.1243256558421549,0.21427598433532438,0.13924355235618913,-0.10618572889100478,0.74,0.784,1,0.6692161922337214
hinge_B,42,1,fusion,14,playing french horn,1,0,73,3,new,20,50,0.1593628646296065,0.19985872511935165,0.05390898415116051,-0.08763355027678948,0.66,0.7080000000000001,19,0.7907565904824672
hinge_B,42,1,fusion,15,civil defense siren,1,0,27,2,new,20,50,0.16701054262691037,0.23301197741996804,0.03786016928497804,-0.12779014095154143,0.62,0.636,12,0.8322197589141036
hinge_B,42,1,fusion,16,tractor digging,1,0,10,1,new,20,50,0.15751916666572247,0.15258503328620424,0.23695166582731514,0.08937111996060972,1.0,0.968,18,0.6261964555019404
hinge_B,42,1,fusion,17,people whispering,1,0,23,1,new,20,50,0.19185284417774606,0.12174474919320505,0.1872132236984308,0.11853108117702242,1.0,0.9239999999999998,6,0.7566599353986276
hinge_B,42,1,fusion,18,lathe spinning,1,0,6,1,new,20,50,0.20501853373624696,0.18897439976895383,0.21731605281170588,0.05861418910732289,0.94,0.82,16,0.6261964555019404
hinge_B,42,1,fusion,19,playing theremin,1,0,85,4,new,20,50,0.2104199256514923,0.30193906989675096,-0.025063979827241196,-0.2432187649375101,0.52,0.37199999999999994,14,0.7907565904824672
hinge_B,42,5,audio,0,playing volleyball,0,5,13,1,3-5,20,50,0.3649822663438479,0.4032953761375023,-0.005393948288515462,-0.1936136849492263,0.52,0.3400000000000001,41,0.7726786865711159
hinge_B,42,5,audio,1,child singing,0,5,88,4,3-5,20,50,0.3235927227723971,0.4398180067930008,-0.08284161290332134,-0.32875447460703183,0.32,0.184,54,0.8451858110586301
hinge_B,42,5,audio,2,"heart sounds, heartbeat",0,5,11,1,3-5,20,50,0.2972337083607951,0.30324915946858705,0.10084736714013669,-0.1887813801713675,0.72,0.5,34,0.7221119272319305
hinge_B,42,5,audio,3,singing bowl,0,5,35,2,3-5,20,50,0.32886985504658517,0.4405771676352351,-0.08202602360476188,-0.23585968766487653,0.26,0.11600000000000002,19,0.7200711032265726
hinge_B,42,5,audio,4,cap gun shooting,0,5,58,3,3-5,20,50,0.2508012489982104,0.38429557287081906,-0.040192449828334774,-0.2551523882019519,0.44,0.28800000000000003,56,0.6768173692131261
hinge_B,42,5,audio,5,rope skipping,0,5,31,2,3-5,20,50,0.43084825490305423,0.462616344513868,-0.08936558477130957,-0.2233769617324248,0.1,0.12399999999999999,38,0.7685510071103352
hinge_B,42,5,audio,6,"child speech, kid speaking",0,5,80,4,3-5,20,50,0.30187166547158933,0.411098610146392,-0.02381514122195301,-0.283481221213856,0.5,0.41600000000000004,28,0.7705406257462988
hinge_B,42,5,audio,7,baby laughter,0,5,37,2,3-5,20,50,0.24211717916810244,0.3227707962798416,-0.0019652038758126867,-0.1826826762650205,0.58,0.428,6,0.7045710773071925
hinge_B,42,5,audio,8,playing table tennis,0,5,3,1,3-5,20,50,0.37946382909269716,0.42018224956005107,-0.03561099044048363,-0.19130719427348478,0.36,0.18800000000000006,5,0.7572031516515251
hinge_B,42,5,audio,9,lighting firecrackers,0,5,95,4,3-5,20,50,0.38610179590965854,0.543039527878136,-0.15967617218943503,-0.3159314018805555,0.12,0.06,56,0.8647032113620243
hinge_B,42,5,audio,10,playing bass drum,1,4,44,2,3-5,20,50,0.35334342356326304,0.35044142837814923,0.0037095223734479933,-0.11190096644096158,0.62,0.28800000000000003,38,0.7623409161674026
hinge_B,42,5,audio,11,playing banjo,1,4,66,3,3-5,20,50,0.18845093358270743,0.34061837448410026,-0.01174499217077724,-0.25433008298636783,0.62,0.46399999999999997,54,0.7696547141424823
hinge_B,42,5,audio,12,fire truck siren,1,4,72,3,3-5,20,50,0.23096705761544883,0.3829097345383403,-0.1003988491721613,-0.25480252477196325,0.32,0.30000000000000004,15,0.8489939050165478
hinge_B,42,5,audio,13,playing bagpipes,1,4,15,1,3-5,20,50,0.16735844877973446,0.27211571935943585,0.09550357617048219,-0.12064643088437334,0.76,0.688,54,0.6982792077613363
hinge_B,42,5,audio,14,playing french horn,1,4,73,3,3-5,20,50,0.2599083377527217,0.3294409193356824,-0.07608278398016158,-0.2130008346491578,0.32,0.23200000000000004,45,0.8459644344419588
hinge_B,42,5,audio,15,civil defense siren,1,4,27,2,3-5,20,50,0.25781493383826576,0.35509474501939176,-0.020035382256531644,-0.21330535952149487,0.52,0.368,12,0.8489939050165478
hinge_B,42,5,audio,16,tractor digging,1,4,10,1,3-5,20,50,0.2885793950723919,0.32185276136336993,0.023202583469558037,-0.09009021683327803,0.58,0.36400000000000005,39,0.7323893708559923
hinge_B,42,5,audio,17,people whispering,1,4,23,1,3-5,20,50,0.29817591745591826,0.18290608187144974,0.18472652688371693,0.10574967788204141,0.98,0.5880000000000001,28,0.7156714039776138
hinge_B,42,5,audio,18,lathe spinning,1,4,6,1,3-5,20,50,0.34410544710891056,0.3252804040037062,0.017191477016300263,-0.11857082379151523,0.56,0.26,40,0.7975648683725558
hinge_B,42,5,audio,19,playing theremin,1,4,85,4,3-5,20,50,0.31918371812861035,0.46634274072934706,-0.14653752623204197,-0.29772083228066604,0.16,0.08000000000000002,31,0.817547870184786
hinge_B,42,5,audio,20,playing glockenspiel,2,3,28,2,3-5,20,50,0.22656275819198912,0.3297571832818923,-0.007025878624669095,-0.2661601414435261,0.52,0.4800000000000001,52,0.7055031948355901
hinge_B,42,5,audio,21,playing hammond organ,2,3,90,4,3-5,20,50,0.3079512377832848,0.45209247614700543,-0.1254953966574428,-0.2787635128193465,0.12,0.09600000000000002,24,0.8842679238258646
hinge_B,42,5,audio,22,police car (siren),2,3,68,3,3-5,20,50,0.2614864054108338,0.3830132641160796,-0.019624559017066542,-0.2887816590426453,0.58,0.468,12,0.7811983753520702
hinge_B,42,5,audio,23,people cheering,2,3,60,3,3-5,20,50,0.31562680042475877,0.3412893445249557,0.06203277261257631,-0.13256763893911944,0.72,0.512,53,0.6648722092260224
hinge_B,42,5,audio,24,playing electronic organ,2,3,91,4,3-5,20,50,0.2765630092183874,0.444617335851627,-0.12604398217366705,-0.24967335611925592,0.16,0.1,21,0.8842679238258646
hinge_B,42,5,audio,25,bowling impact,2,3,8,1,3-5,20,50,0.38891528193563907,0.41078761943141073,-0.03398679354412549,-0.17614671091914855,0.44,0.168,35,0.8185828516182234
hinge_B,42,5,audio,26,people marching,2,3,24,1,3-5,20,50,0.37619324099439855,0.46564818669941355,-0.08558498524904365,-0.2427853575076586,0.3,0.152,50,0.7761794476813728
hinge_B,42,5,audio,27,playing bass guitar,2,3,81,4,3-5,20,50,0.2795309049489482,0.38681354257631945,-0.06605022492448785,-0.29655771188071034,0.4,0.23600000000000002,33,0.7558547072825345
hinge_B,42,5,audio,28,goose honking,2,3,74,3,3-5,20,50,0.3697792150449399,0.4498633093752302,-0.08019210307067653,-0.26511895623858206,0.32,0.196,6,0.7705406257462988
hinge_B,42,5,audio,29,playing trombone,2,3,69,3,3-5,20,50,0.301880336111693,0.3513679465837869,-0.04712971605069258,-0.2075157205681016,0.38,0.19999999999999996,14,0.8234981924320659
hinge_B,42,5,audio,30,helicopter,3,2,50,3,1-2,20,50,0.2698525550417649,0.4330935912657163,-0.10082653574257554,-0.32969273885942374,0.34,0.24400000000000002,18,0.7740997112318508
hinge_B,42,5,audio,31,playing erhu,3,2,18,1,1-2,20,50,0.2528324829653461,0.2665885914347482,0.01849319632976444,-0.09787831121525427,0.56,0.38400000000000006,19,0.817547870184786
hinge_B,42,5,audio,32,dog howling,3,2,29,2,1-2,20,50,0.2834021857938441,0.4781847997674442,-0.11495230156991403,-0.3849592158085029,0.28,0.192,3,0.717653575949087
hinge_B,42,5,audio,33,playing synthesizer,3,2,52,3,1-2,20,50,0.382377874475692,0.4713008966941274,-0.13348909232504638,-0.3380226732702257,0.12,0.11199999999999999,27,0.7558547072825345
hinge_B,42,5,audio,34,cat purring,3,2,32,2,1-2,20,50,0.25657588013222626,0.429968130817878,-0.0782233369917406,-0.3332544716054746,0.42,0.384,2,0.7221119272319305
hinge_B,42,5,audio,35,skiing,3,2,1,1,1-2,20,50,0.3353504408835026,0.40104381773919207,-0.055573391972097645,-0.22182757474872522,0.32,0.21999999999999997,25,0.8185828516182234
hinge_B,42,5,audio,36,wood thrush calling,3,2,49,2,1-2,20,50,0.23723710726217498,0.2541406315186304,-0.003336928712086953,-0.05087222979612844,0.54,0.516,57,0.9640845690200153
hinge_B,42,5,audio,37,scuba diving,3,2,0,1,1-2,20,50,0.28253295400740275,0.3542127438361844,0.09662145300785827,-0.12565508501820996,0.7,0.496,39,0.6285902765095566
hinge_B,42,5,audio,38,playing tambourine,3,2,36,2,1-2,20,50,0.3526098699507691,0.35004258738901384,-0.005368396344165799,-0.14959387953014108,0.54,0.32,5,0.7685510071103352
hinge_B,42,5,audio,39,driving motorcycle,3,2,48,2,1-2,20,50,0.2702361022185974,0.4409736716301743,-0.06846662237182094,-0.269046534559623,0.34,0.23600000000000002,46,0.827628452967361
hinge_B,42,5,audio,40,vacuum cleaner cleaning floors,4,1,57,3,1-2,20,50,0.38532906923987287,0.5187477611499387,-0.1664264636863391,-0.2921025367505497,0.1,0.07200000000000001,18,0.7975648683725558
hinge_B,42,5,audio,41,playing squash,4,1,4,1,1-2,20,50,0.42930406185319325,0.5152783466738895,-0.1456030707322007,-0.2972357845109417,0.06,0.136,0,0.7726786865711159
hinge_B,42,5,audio,42,slot machine,4,1,12,1,1-2,20,50,0.367692524208305,0.45622965306341845,-0.015106961685447801,-0.16998215376368028,0.56,0.26,5,0.6961912575107643
hinge_B,42,5,audio,43,beat boxing,4,1,41,2,1-2,20,50,0.28700986658448896,0.345863645756789,0.012290767751502809,-0.18036955316600617,0.58,0.43200000000000005,10,0.7542641089198158
hinge_B,42,5,audio,44,playing cello,4,1,82,4,1-2,20,50,0.21211956369871973,0.3683056479965618,-0.07842517085691807,-0.22566950815747472,0.38,0.272,58,0.8766645528551297
hinge_B,42,5,audio,45,playing cornet,4,1,7,1,1-2,20,50,0.25844763201798837,0.2877164635440061,-0.01902282720112583,-0.1589799976398376,0.48,0.34,14,0.8459644344419588
hinge_B,42,5,audio,46,wind noise,4,1,78,4,1-2,20,50,0.2660072904249688,0.4176493816688861,-0.08416303799555924,-0.2714701545001674,0.3,0.22,39,0.827628452967361
hinge_B,42,5,audio,47,"playing steel guitar, slide guitar",4,1,45,2,1-2,20,50,0.2926466826816744,0.3641628501416568,-0.06277173584346776,-0.22323602606780743,0.38,0.176,54,0.8196154101010337
hinge_B,42,5,audio,48,orchestra,4,1,86,4,1-2,20,50,0.2939828214452742,0.3806986973448667,-0.04826237485753115,-0.21758790898837863,0.42,0.19200000000000003,29,0.7847952036351948
hinge_B,42,5,audio,49,playing harp,4,1,59,3,1-2,20,50,0.16596181019466627,0.3099745480637324,-0.054278854194066334,-0.21291997403581936,0.4,0.38,58,0.8967195136694666
hinge_B,42,5,audio,50,roller coaster running,5,0,30,2,new,20,50,0.3631560502532082,0.42904080700095043,-0.0420123668970647,-0.2502482857512828,0.36,0.23199999999999996,25,0.7842347362433535
hinge_B,42,5,audio,51,missile launch,5,0,21,1,new,20,50,0.33432650047250456,0.3993714762153167,-0.05876540596820476,-0.1823821667440944,0.36,0.236,53,0.8348540840982395
hinge_B,42,5,audio,52,"playing marimba, xylophone",5,0,97,4,new,20,50,0.2924096367130583,0.41650981665895365,-0.09039254956124874,-0.21356451980646154,0.2,0.14,49,0.8856932939613233
hinge_B,42,5,audio,53,airplane flyby,5,0,5,1,new,20,50,0.29944272195490057,0.3382452031460085,-0.016540669391410998,-0.17532286513455933,0.5,0.38,51,0.8348540840982395
hinge_B,42,5,audio,54,playing saxophone,5,0,89,4,new,20,50,0.2324152583611701,0.36442409805959786,-0.05833229989732593,-0.15728634118548898,0.28,0.268,1,0.8451858110586301
hinge_B,42,5,audio,55,"subway, metro, underground",5,0,33,2,new,20,50,0.2678967353023394,0.39041831645278335,-0.04482460872909815,-0.24462900383091107,0.44,0.3,30,0.7624506621494462
hinge_B,42,5,audio,56,arc welding,5,0,17,1,new,20,50,0.3546593904417512,0.43418839595896275,-0.0665625274798268,-0.20444020143207073,0.3,0.32,9,0.8647032113620243
hinge_B,42,5,audio,57,mynah bird singing,5,0,62,3,new,20,50,0.27943462622017423,0.2875528397165415,-0.03723059140460534,-0.1568427770156984,0.42,0.28800000000000003,36,0.9640845690200153
hinge_B,42,5,audio,58,playing piano,5,0,79,4,new,20,50,0.25313993232903353,0.3292285695445854,-0.05059143476351308,-0.2061840944856868,0.42,0.28,49,0.8967195136694666
hinge_B,42,5,audio,59,playing bongo,5,0,14,1,new,20,50,0.23890775965037117,0.28473085046681984,0.08783743355262898,-0.10200197145078088,0.74,0.684,10,0.7088874411665047
hinge_B,42,5,visual,0,playing volleyball,0,5,13,1,3-5,20,50,0.2253129525144167,0.3135130073118774,0.023746546818842834,-0.17916621550832298,0.72,0.604,41,0.7569144591098741
hinge_B,42,5,visual,1,child singing,0,5,88,4,3-5,20,50,0.391068649984759,0.485782723902473,-0.04378208518956414,-0.20599752892835232,0.38,0.23199999999999998,54,0.7889060541066896
hinge_B,42,5,visual,2,"heart sounds, heartbeat",0,5,11,1,3-5,20,50,0.38212640559370453,0.45417883697449474,-0.0043455509137623185,-0.14020500988161697,0.48,0.4159999999999999,17,0.7984567589267949
hinge_B,42,5,visual,3,singing bowl,0,5,35,2,3-5,20,50,0.4202236481794805,0.5831495413405188,-0.11078482179002469,-0.2599697169512653,0.22,0.10800000000000001,2,0.655719841267294
hinge_B,42,5,visual,4,cap gun shooting,0,5,58,3,3-5,20,50,0.360105699354612,0.4796177685877433,-0.06181419160373128,-0.22564312698925804,0.34,0.236,40,0.688926033231932
hinge_B,42,5,visual,5,rope skipping,0,5,31,2,3-5,20,50,0.2516585980526108,0.328493998357909,0.03331415034047523,-0.12483739428272139,0.72,0.4599999999999999,41,0.7873108186760589
hinge_B,42,5,visual,6,"child speech, kid speaking",0,5,80,4,3-5,20,50,0.38895047740877375,0.5303453386509562,-0.11566045091234965,-0.3003680400126334,0.12,0.096,17,0.7568569488838823
hinge_B,42,5,visual,7,baby laughter,0,5,37,2,3-5,20,50,0.2772728479172213,0.40186429216974673,0.018448486792991346,-0.17328796134912366,0.74,0.54,6,0.7532711203729361
hinge_B,42,5,visual,8,playing table tennis,0,5,3,1,3-5,20,50,0.17538881892625818,0.23124864869234052,0.0906754293348476,-0.015593568747716374,0.86,0.696,41,0.7684753968032408
hinge_B,42,5,visual,9,lighting firecrackers,0,5,95,4,3-5,20,50,0.30402864336010993,0.39271215533210607,-0.016764479688845178,-0.16005325451958574,0.46,0.368,28,0.7581102430722226
hinge_B,42,5,visual,10,playing bass drum,1,4,44,2,3-5,20,50,0.41767657034336747,0.46872266430275356,-0.03257107410204165,-0.2213827643597371,0.42,0.29200000000000004,59,0.7455983030006086
hinge_B,42,5,visual,11,playing banjo,1,4,66,3,3-5,20,50,0.40676086716259247,0.5649816446069331,-0.1144186174640665,-0.302402880262006,0.16,0.10400000000000001,27,0.8026703789825799
hinge_B,42,5,visual,12,fire truck siren,1,4,72,3,3-5,20,50,0.33605921771687236,0.38897884422497486,-0.023694896935072124,-0.20740494364987352,0.46,0.41200000000000003,22,0.8809721589854793
hinge_B,42,5,visual,13,playing bagpipes,1,4,15,1,3-5,20,50,0.3596296486053415,0.5249596548896861,-0.07952787151362396,-0.32365905621464586,0.38,0.236,29,0.7642472925846395
hinge_B,42,5,visual,14,playing french horn,1,4,73,3,3-5,20,50,0.4805606585891238,0.5431766557585155,-0.11739089859482064,-0.27249183516752357,0.12,0.068,45,0.8720352534438152
hinge_B,42,5,visual,15,civil defense siren,1,4,27,2,3-5,20,50,0.4301214861594701,0.5058060953178448,-0.046032633598559115,-0.15957619672563633,0.3,0.14800000000000002,12,0.7550648300593596
hinge_B,42,5,visual,16,tractor digging,1,4,10,1,3-5,20,50,0.31505506002594663,0.36861997737275465,0.05664809830832615,-0.11288117024291863,0.68,0.424,39,0.8245549143897409
hinge_B,42,5,visual,17,people whispering,1,4,23,1,3-5,20,50,0.39635155753652795,0.47595979384225473,-0.06517026893645425,-0.21996710538524916,0.36,0.24,2,0.7984567589267949
hinge_B,42,5,visual,18,lathe spinning,1,4,6,1,3-5,20,50,0.3657752093800951,0.42173921405827564,0.06270494505618456,-0.12727169718517278,0.72,0.52,56,0.7222024004511858
hinge_B,42,5,visual,19,playing theremin,1,4,85,4,3-5,20,50,0.4774378136755731,0.5959057873820267,-0.13558913792470745,-0.30925587241905234,0.02,0.04,14,0.8122606155617155
hinge_B,42,5,visual,20,playing glockenspiel,2,3,28,2,3-5,20,50,0.480762348734198,0.4829984305815259,-0.06622096541643663,-0.20199270578207126,0.28,0.16799999999999998,33,0.8007308517558056
hinge_B,42,5,visual,21,playing hammond organ,2,3,90,4,3-5,20,50,0.29500901955627745,0.5948376154602564,-0.1739396308381881,-0.35188133027874263,0.1,0.1,24,0.927971776088224
hinge_B,42,5,visual,22,police car (siren),2,3,68,3,3-5,20,50,0.3527097116295555,0.4939147303747638,-0.09930787726733227,-0.2997166820351277,0.28,0.18799999999999997,12,0.8809721589854793
hinge_B,42,5,visual,23,people cheering,2,3,60,3,3-5,20,50,0.3520451033255988,0.3994227328796049,-0.025900402422018028,-0.13999311858407432,0.46,0.28800000000000003,26,0.88744439495685
hinge_B,42,5,visual,24,playing electronic organ,2,3,91,4,3-5,20,50,0.25887635791731417,0.5278912624468427,-0.15503019665789133,-0.3712622650842213,0.26,0.168,21,0.927971776088224
hinge_B,42,5,visual,25,bowling impact,2,3,8,1,3-5,20,50,0.2364530250784349,0.3161686468554771,0.06394777515253393,-0.08901739151672747,0.74,0.684,41,0.7443849084813153
hinge_B,42,5,visual,26,people marching,2,3,24,1,3-5,20,50,0.3272981633682573,0.3663122290907743,-0.030591024703373115,-0.10082620824055764,0.3,0.324,23,0.88744439495685
hinge_B,42,5,visual,27,playing bass guitar,2,3,81,4,3-5,20,50,0.416677903014598,0.5449445869331264,-0.08826219324489176,-0.22884575103136215,0.24,0.14,47,0.8091025366282791
hinge_B,42,5,visual,28,goose honking,2,3,74,3,3-5,20,50,0.329098666512801,0.3969503492047828,-0.05538735144232424,-0.18616080211618813,0.36,0.12,46,0.8474275572821945
hinge_B,42,5,visual,29,playing trombone,2,3,69,3,3-5,20,50,0.4592899663287679,0.6087765749332628,-0.157146897075789,-0.36000684067840083,0.1,0.07200000000000001,54,0.8060363319045888
hinge_B,42,5,visual,30,helicopter,3,2,50,3,1-2,20,50,0.362352161070196,0.45115261079312624,-0.08460951164690553,-0.25171588037204856,0.2,0.14800000000000002,53,0.8851475812183847
hinge_B,42,5,visual,31,playing erhu,3,2,18,1,1-2,20,50,0.3831657446583057,0.5078630112101216,-0.052354421614186276,-0.18153351062686474,0.36,0.22399999999999998,44,0.7899125835013612
hinge_B,42,5,visual,32,dog howling,3,2,29,2,1-2,20,50,0.42049307589093116,0.5586827478082531,-0.11034318569479609,-0.26781293208115814,0.2,0.132,7,0.7433596976977335
hinge_B,42,5,visual,33,playing synthesizer,3,2,52,3,1-2,20,50,0.33415233479158385,0.5198882190942892,-0.09735457681790567,-0.28421459839100494,0.28,0.24400000000000002,20,0.8007308517558056
hinge_B,42,5,visual,34,cat purring,3,2,32,2,1-2,20,50,0.3136038654586345,0.42587051167269685,-0.023105961153928538,-0.2353945671532861,0.52,0.364,32,0.7333552295407797
hinge_B,42,5,visual,35,skiing,3,2,1,1,1-2,20,50,0.23184005875445468,0.2748982462364906,0.10527528558271113,-0.0575471109281356,0.8,0.708,28,0.7330867056178743
hinge_B,42,5,visual,36,wood thrush calling,3,2,49,2,1-2,20,50,0.34756263225627654,0.4171922703255969,-0.01909391471923401,-0.12446867505599149,0.46,0.49200000000000005,57,0.9017657208258782
hinge_B,42,5,visual,37,scuba diving,3,2,0,1,1-2,20,50,0.21626378234768362,0.2363214855178518,0.15575957705740384,-0.02616338713967524,0.86,0.82,9,0.6952796298745041
hinge_B,42,5,visual,38,playing tambourine,3,2,36,2,1-2,20,50,0.4370728642918008,0.5067245729520726,-0.09226851305794657,-0.26966108328173477,0.34,0.152,43,0.7906492658139861
hinge_B,42,5,visual,39,driving motorcycle,3,2,48,2,1-2,20,50,0.41220143087237326,0.486450818183029,-0.05734256048208186,-0.17886882024873854,0.22,0.124,16,0.8245549143897409
hinge_B,42,5,visual,40,vacuum cleaner cleaning floors,4,1,57,3,1-2,20,50,0.35195912243109745,0.49403609725238806,-0.0772475038047618,-0.23169320841834024,0.28,0.168,56,0.783158261184604
hinge_B,42,5,visual,41,playing squash,4,1,4,1,1-2,20,50,0.21231522144062512,0.1842185140305189,0.07166907403987385,-0.021818149173553965,0.88,0.8360000000000001,5,0.7873108186760589
hinge_B,42,5,visual,42,slot machine,4,1,12,1,1-2,20,50,0.17331408739000975,0.21347613091553044,0.2616377568765197,-0.026859107874993595,0.86,0.848,20,0.6183922834460722
hinge_B,42,5,visual,43,beat boxing,4,1,41,2,1-2,20,50,0.4164259354176355,0.4810575118970206,-0.05703579904222645,-0.20138857790804607,0.3,0.11600000000000002,38,0.7906492658139861
hinge_B,42,5,visual,44,playing cello,4,1,82,4,1-2,20,50,0.39457058980445037,0.5744128496857689,-0.14215157207921766,-0.2995211363641565,0.18,0.07600000000000001,14,0.7943340474092496
hinge_B,42,5,visual,45,playing cornet,4,1,7,1,1-2,20,50,0.46772969599705155,0.4888561965412867,-0.04149725071433708,-0.11841259227622423,0.32,0.14400000000000002,14,0.8720352534438152
hinge_B,42,5,visual,46,wind noise,4,1,78,4,1-2,20,50,0.3736664638576829,0.48996871113653107,-0.09418896616639945,-0.21188479764300824,0.14,0.10800000000000001,28,0.8474275572821945
hinge_B,42,5,visual,47,"playing steel guitar, slide guitar",4,1,45,2,1-2,20,50,0.37006535841609944,0.48751765865546964,-0.05898596973933259,-0.24307254017106178,0.36,0.24,27,0.8091025366282791
hinge_B,42,5,visual,48,orchestra,4,1,86,4,1-2,20,50,0.33738102084878696,0.5488020912424988,-0.12045647211538299,-0.2948046667768635,0.22,0.136,19,0.7232841005183983
hinge_B,42,5,visual,49,playing harp,4,1,59,3,1-2,20,50,0.3693651206768226,0.5545283406557787,-0.07366653028485869,-0.3162546316670768,0.32,0.276,19,0.6535376592940726
hinge_B,42,5,visual,50,roller coaster running,5,0,30,2,new,20,50,0.2422078389379015,0.35341913505348904,0.06573251793051921,-0.1851223834060289,0.74,0.612,39,0.7452230533075801
hinge_B,42,5,visual,51,missile launch,5,0,21,1,new,20,50,0.24264968219216332,0.3485989642932806,0.039439780740329666,-0.201405858728822,0.68,0.496,9,0.7570431835142939
hinge_B,42,5,visual,52,"playing marimba, xylophone",5,0,97,4,new,20,50,0.35200170110784623,0.6991308183596656,-0.2698987449861716,-0.4298886523447592,0.06,0.02,48,0.7221426754149425
hinge_B,42,5,visual,53,airplane flyby,5,0,5,1,new,20,50,0.2071313027983619,0.2576382428272638,0.03538203441138601,-0.08292092341202205,0.76,0.648,30,0.8851475812183847
hinge_B,42,5,visual,54,playing saxophone,5,0,89,4,new,20,50,0.34445416842439996,0.6314540530461437,-0.19959045683119847,-0.4379211076705945,0.14,0.09600000000000002,29,0.8060363319045888
hinge_B,42,5,visual,55,"subway, metro, underground",5,0,33,2,new,20,50,0.2687099657738856,0.38549884747477603,0.05650343924729501,-0.16253361133879146,0.58,0.552,22,0.7284855130709189
hinge_B,42,5,visual,56,arc welding,5,0,17,1,new,20,50,0.3078363954050275,0.4056426697484745,-0.0027640355567546447,-0.1333962061542471,0.52,0.38800000000000007,40,0.783158261184604
hinge_B,42,5,visual,57,mynah bird singing,5,0,62,3,new,20,50,0.36768121334127485,0.43208265142923025,-0.05118562954126342,-0.21053001097305024,0.34,0.196,36,0.9017657208258782
hinge_B,42,5,visual,58,playing piano,5,0,79,4,new,20,50,0.31241135182102764,0.5750271459983276,-0.15952535723262753,-0.3413349642676085,0.08,0.08,24,0.8930170859470753
hinge_B,42,5,visual,59,playing bongo,5,0,14,1,new,20,50,0.3221753695594648,0.4022319828584624,0.03014103988775357,-0.1660038046478514,0.62,0.5680000000000001,38,0.7610738022458998
hinge_B,42,5,fusion,0,playing volleyball,0,5,13,1,3-5,20,50,0.2521860776276862,0.2972168535155006,0.0495705976997419,-0.08826962005899122,0.64,0.548,41,0.7844579782942129
hinge_B,42,5,fusion,1,child singing,0,5,88,4,3-5,20,50,0.28578746368670427,0.3957849300934428,-0.056862959275399395,-0.2817865307561744,0.34,0.212,54,0.8533479122609047
hinge_B,42,5,fusion,2,"heart sounds, heartbeat",0,5,11,1,3-5,20,50,0.26258385407263346,0.278882784955374,0.11649113977090936,-0.13454596904194835,0.74,0.5640000000000001,34,0.7218534298782942
hinge_B,42,5,fusion,3,singing bowl,0,5,35,2,3-5,20,50,0.29754347311588236,0.41604555561488754,-0.06830913924079765,-0.21938170333463908,0.38,0.10400000000000001,19,0.7238363303545485
hinge_B,42,5,fusion,4,cap gun shooting,0,5,58,3,3-5,20,50,0.217336262264191,0.3340039950366014,-0.012440851656622063,-0.19466049393191467,0.48,0.336,56,0.6831695663488367
hinge_B,42,5,fusion,5,rope skipping,0,5,31,2,3-5,20,50,0.31995518738101036,0.3547533530584522,-0.014648766216403812,-0.13068246771059153,0.44,0.296,41,0.7823924312231239
hinge_B,42,5,fusion,6,"child speech, kid speaking",0,5,80,4,3-5,20,50,0.27245017134771726,0.37341987000360277,-0.009829040644413837,-0.20533522709714683,0.54,0.42400000000000004,7,0.7478117192557822
hinge_B,42,5,fusion,7,baby laughter,0,5,37,2,3-5,20,50,0.20549401146044727,0.283306507329149,0.02897421579025469,-0.1382174884917843,0.68,0.544,6,0.7478117192557822
hinge_B,42,5,fusion,8,playing table tennis,0,5,3,1,3-5,20,50,0.2548007421655018,0.28740449655767475,0.06165967930175327,-0.06545394988937378,0.78,0.48,41,0.7876512268286364
hinge_B,42,5,fusion,9,lighting firecrackers,0,5,95,4,3-5,20,50,0.2951785635549236,0.4127085145407505,-0.06534785204469629,-0.1835931480870194,0.24,0.16400000000000003,56,0.8413479723001549
hinge_B,42,5,fusion,10,playing bass drum,1,4,44,2,3-5,20,50,0.3238884706117112,0.3196775516730878,0.016991399613721783,-0.08373793733028627,0.66,0.308,38,0.7857986110137994
hinge_B,42,5,fusion,11,playing banjo,1,4,66,3,3-5,20,50,0.17836217495413614,0.32367786057776676,-0.008321831304248293,-0.23515048511784314,0.62,0.472,54,0.781626666293086
hinge_B,42,5,fusion,12,fire truck siren,1,4,72,3,3-5,20,50,0.20298165392253628,0.3330479993452387,-0.07449315114856572,-0.20766868768869323,0.34,0.36400000000000005,15,0.8518334165100592
hinge_B,42,5,fusion,13,playing bagpipes,1,4,15,1,3-5,20,50,0.15714733193820069,0.2585137864471998,0.0905322998938626,-0.1526609743226481,0.74,0.696,54,0.7129953984177703
hinge_B,42,5,fusion,14,playing french horn,1,4,73,3,3-5,20,50,0.24728277451874242,0.31038039336743745,-0.06831667759316505,-0.19687590314716005,0.32,0.23200000000000004,45,0.8605191114835536
hinge_B,42,5,fusion,15,civil defense siren,1,4,27,2,3-5,20,50,0.23916944424510334,0.3261071183367212,-0.0016454711783820452,-0.18397563833971145,0.58,0.4039999999999999,12,0.8518334165100592
hinge_B,42,5,fusion,16,tractor digging,1,4,10,1,3-5,20,50,0.2380852045014287,0.2709322328474072,0.06420991890831736,-0.042912164974513486,0.78,0.512,39,0.7737467355669565
hinge_B,42,5,fusion,17,people whispering,1,4,23,1,3-5,20,50,0.26839788585592594,0.1755364148128396,0.1732125564953336,0.09302971763348121,0.98,0.688,6,0.7144568159177909
hinge_B,42,5,fusion,18,lathe spinning,1,4,6,1,3-5,20,50,0.30864543440994024,0.28997212024491226,0.05203951666542408,-0.09891244406433729,0.66,0.39599999999999996,40,0.785135417337967
hinge_B,42,5,fusion,19,playing theremin,1,4,85,4,3-5,20,50,0.29983780701267787,0.4333990703738341,-0.12820105381027924,-0.26929471050437054,0.16,0.09200000000000001,31,0.824159844305832
hinge_B,42,5,fusion,20,playing glockenspiel,2,3,28,2,3-5,20,50,0.22129621268099128,0.3072718313329783,-0.0006133185914080808,-0.22500889754772235,0.52,0.5000000000000001,52,0.7154331361975061
hinge_B,42,5,fusion,21,playing hammond organ,2,3,90,4,3-5,20,50,0.2709336585255299,0.4155681441781025,-0.1118258378120331,-0.26022392235426073,0.14,0.12000000000000002,24,0.8987923053055888
hinge_B,42,5,fusion,22,police car (siren),2,3,68,3,3-5,20,50,0.23345035222709817,0.34881259308063484,-0.007536565479174688,-0.22358887068062125,0.6,0.5000000000000001,12,0.8155902925153592
hinge_B,42,5,fusion,23,people cheering,2,3,60,3,3-5,20,50,0.26546528854644336,0.29163437463639924,0.08324151029266724,-0.09437442631691255,0.76,0.6080000000000001,26,0.7434496544949888
hinge_B,42,5,fusion,24,playing electronic organ,2,3,91,4,3-5,20,50,0.24149823952817706,0.40256761094122234,-0.10608241927162274,-0.23784221172502035,0.14,0.132,21,0.8987923053055888
hinge_B,42,5,fusion,25,bowling impact,2,3,8,1,3-5,20,50,0.26655193797847754,0.30513366673289866,0.04890907081095225,-0.051188369839799075,0.82,0.4800000000000001,41,0.7915365570418147
hinge_B,42,5,fusion,26,people marching,2,3,24,1,3-5,20,50,0.2987483450565268,0.3710306461407182,-0.015579893685002694,-0.15742545037576025,0.4,0.3440000000000001,50,0.7443058040261439
hinge_B,42,5,fusion,27,playing bass guitar,2,3,81,4,3-5,20,50,0.2641888962520791,0.35938012293130456,-0.05005944765416123,-0.2587397867394058,0.44,0.26,33,0.7684319442462053
hinge_B,42,5,fusion,28,goose honking,2,3,74,3,3-5,20,50,0.29919882642487666,0.3576395902625577,-0.016024829574121248,-0.15144593285676677,0.44,0.272,6,0.7086424487024595
hinge_B,42,5,fusion,29,playing trombone,2,3,69,3,3-5,20,50,0.2870095404699206,0.33470478557294325,-0.040640234272617544,-0.17853439477097355,0.36,0.22,14,0.8310954525313353
hinge_B,42,5,fusion,30,helicopter,3,2,50,3,1-2,20,50,0.24156511113510618,0.3597452384782557,-0.04092002912442252,-0.2421347802731694,0.44,0.29600000000000004,18,0.7679147046918573
hinge_B,42,5,fusion,31,playing erhu,3,2,18,1,1-2,20,50,0.238601919333079,0.2518309789518065,0.023904275264577148,-0.08684523547929247,0.58,0.3960000000000001,19,0.824159844305832
hinge_B,42,5,fusion,32,dog howling,3,2,29,2,1-2,20,50,0.26614295712973657,0.443689483859688,-0.09864327473818736,-0.3534367950346544,0.3,0.196,3,0.7153020991675499
hinge_B,42,5,fusion,33,playing synthesizer,3,2,52,3,1-2,20,50,0.3323156492383464,0.413562379215455,-0.08930617519449986,-0.2788492301200163,0.22,0.18,27,0.7684319442462053
hinge_B,42,5,fusion,34,cat purring,3,2,32,2,1-2,20,50,0.22283939529390745,0.37085478411671596,-0.033706962383926335,-0.26718282079427086,0.46,0.46,2,0.7218534298782942
hinge_B,42,5,fusion,35,skiing,3,2,1,1,1-2,20,50,0.22909381416083593,0.28073224761425564,0.060211658961549654,-0.06874768722734598,0.72,0.552,9,0.7707891543620389
hinge_B,42,5,fusion,36,wood thrush calling,3,2,49,2,1-2,20,50,0.21279349967647804,0.22104061298983096,0.0028997212255288517,-0.03956387184540428,0.62,0.58,57,0.9633760026161696
hinge_B,42,5,fusion,37,scuba diving,3,2,0,1,1-2,20,50,0.2021685873002806,0.23110956847926636,0.18140582613287023,0.01001326785364367,0.94,0.8640000000000001,46,0.6597898975223329
hinge_B,42,5,fusion,38,playing tambourine,3,2,36,2,1-2,20,50,0.3199997063615029,0.3193986334410984,0.008987064784225016,-0.13566425174634728,0.56,0.3600000000000001,10,0.7857986110137994
hinge_B,42,5,fusion,39,driving motorcycle,3,2,48,2,1-2,20,50,0.2462021998764886,0.39047960689485683,-0.04519975872181405,-0.21776548074171645,0.44,0.268,46,0.8416826197110848
hinge_B,42,5,fusion,40,vacuum cleaner cleaning floors,4,1,57,3,1-2,20,50,0.3224948981056837,0.43387540204029923,-0.1099380939696677,-0.21103190167038963,0.14,0.09600000000000002,56,0.7853285038257559
hinge_B,42,5,fusion,41,playing squash,4,1,4,1,1-2,20,50,0.2924538727945055,0.30384643519671983,0.012730145325362248,-0.0689043117119739,0.58,0.556,25,0.7915365570418147
hinge_B,42,5,fusion,42,slot machine,4,1,12,1,1-2,20,50,0.2396561792900423,0.28482827486490964,0.14825612686894046,-0.017353368920580262,0.88,0.752,5,0.6198867619863153
hinge_B,42,5,fusion,43,beat boxing,4,1,41,2,1-2,20,50,0.26771572290768925,0.3090717716210858,0.02743782527923325,-0.15377990046123985,0.58,0.456,10,0.7640932666102617
hinge_B,42,5,fusion,44,playing cello,4,1,82,4,1-2,20,50,0.20243294516867874,0.35026057035182845,-0.07306407281218995,-0.2235849955647621,0.4,0.3,58,0.8698154366037032
hinge_B,42,5,fusion,45,playing cornet,4,1,7,1,1-2,20,50,0.24881151265046925,0.2700581799528685,-0.010978102467509451,-0.12848722452683278,0.48,0.352,14,0.8605191114835536
hinge_B,42,5,fusion,46,wind noise,4,1,78,4,1-2,20,50,0.24343368793424558,0.3599809933473743,-0.050959698938122654,-0.1921584777379081,0.38,0.28,39,0.8416826197110848
hinge_B,42,5,fusion,47,"playing steel guitar, slide guitar",4,1,45,2,1-2,20,50,0.2711675281598362,0.3373495991891732,-0.04720240893282455,-0.17796974034135768,0.38,0.22399999999999998,54,0.8072270409649525
hinge_B,42,5,fusion,48,orchestra,4,1,86,4,1-2,20,50,0.26354009831865216,0.35178979331082083,-0.03658763510960114,-0.18655895251858506,0.44,0.23199999999999996,29,0.7827517537355573
hinge_B,42,5,fusion,49,playing harp,4,1,59,3,1-2,20,50,0.1575418867427761,0.2970552426083283,-0.045580476020975154,-0.20134154575529578,0.46,0.38,58,0.8842336933537257
hinge_B,42,5,fusion,50,roller coaster running,5,0,30,2,new,20,50,0.2774154403017188,0.3236955673541296,0.04546646483953637,-0.12590887763877184,0.66,0.4,26,0.7443058040261439
hinge_B,42,5,fusion,51,missile launch,5,0,21,1,new,20,50,0.25182339145914917,0.3148132815196564,0.00784208389043415,-0.11375510152975728,0.62,0.36399999999999993,53,0.7877841897292726
hinge_B,42,5,fusion,52,"playing marimba, xylophone",5,0,97,4,new,20,50,0.27314575321381723,0.4031549306859401,-0.09418797787105607,-0.19967870363783297,0.22,0.11200000000000002,49,0.8697644367078368
hinge_B,42,5,fusion,53,airplane flyby,5,0,5,1,new,20,50,0.21739675859749652,0.22926300520493018,0.06550150328937213,-0.06891328366473318,0.8,0.6920000000000001,51,0.7877841897292726
hinge_B,42,5,fusion,54,playing saxophone,5,0,89,4,new,20,50,0.22182997821416617,0.3474914206942196,-0.05538449383966986,-0.14972243377077457,0.26,0.272,1,0.8533479122609047
hinge_B,42,5,fusion,55,"subway, metro, underground",5,0,33,2,new,20,50,0.22796998934768573,0.3192938318761693,0.018611475752266418,-0.16702724753681167,0.62,0.44799999999999995,30,0.7480227000593853
hinge_B,42,5,fusion,56,arc welding,5,0,17,1,new,20,50,0.2946402977928365,0.3416529828810203,0.0038278297669141325,-0.09930031441759345,0.58,0.4159999999999999,9,0.8413479723001549
hinge_B,42,5,fusion,57,mynah bird singing,5,0,62,3,new,20,50,0.2582271078442561,0.2534921079374574,-0.022951374934554215,-0.09627360784198656,0.44,0.30400000000000005,36,0.9633760026161696
hinge_B,42,5,fusion,58,playing piano,5,0,79,4,new,20,50,0.23730450069680226,0.3084422680002908,-0.040017662985182036,-0.1715651933455109,0.42,0.292,49,0.8842336933537257
hinge_B,42,5,fusion,59,playing bongo,5,0,14,1,new,20,50,0.22329601923176168,0.2599018069476559,0.09536662625914216,-0.06658740310234133,0.76,0.7120000000000001,10,0.7320074757962858
hinge_B,42,9,audio,0,playing volleyball,0,9,13,1,6+,20,50,0.3558779345647719,0.39296177082902284,-0.021373709443925956,-0.21719850930436269,0.48,0.24799999999999997,41,0.7817285784329997
hinge_B,42,9,audio,1,child singing,0,9,88,4,6+,20,50,0.33300939750405023,0.44752234302794613,-0.104022331516883,-0.3395266295454941,0.32,0.11600000000000002,74,0.8504274675267426
hinge_B,42,9,audio,2,"heart sounds, heartbeat",0,9,11,1,6+,20,50,0.32000127544434387,0.33010757542090025,0.07273402592150116,-0.31262143107463347,0.68,0.472,34,0.71668614203826
hinge_B,42,9,audio,3,singing bowl,0,9,35,2,6+,20,50,0.3312366806665378,0.4431893259465822,-0.10363321466974666,-0.2517949275251967,0.22,0.09600000000000002,19,0.7371008336750431
hinge_B,42,9,audio,4,cap gun shooting,0,9,58,3,6+,20,50,0.26818539246704276,0.40490928008490407,-0.08686766567669707,-0.288373516209945,0.26,0.15600000000000003,75,0.6975990147311344
hinge_B,42,9,audio,5,rope skipping,0,9,31,2,6+,20,50,0.4398456555955944,0.46888534749835437,-0.10607818256627752,-0.21666257012163093,0.02,0.06,82,0.8089884992001147
hinge_B,42,9,audio,6,"child speech, kid speaking",0,9,80,4,6+,20,50,0.290814332880477,0.38082168186316473,-0.07027196578012111,-0.24672746523328387,0.4,0.22400000000000003,65,0.8830049957149746
hinge_B,42,9,audio,7,baby laughter,0,9,37,2,6+,20,50,0.24473026024330294,0.29758051708667344,-0.022498831380222364,-0.19434640630711714,0.52,0.28800000000000003,86,0.8076297082536237
hinge_B,42,9,audio,8,playing table tennis,0,9,3,1,6+,20,50,0.39161922419217515,0.41916501330104233,-0.05922354553810285,-0.17217375209808308,0.26,0.11600000000000002,9,0.7834393370040693
hinge_B,42,9,audio,9,lighting firecrackers,0,9,95,4,6+,20,50,0.4040376868740975,0.5574202664332493,-0.21533341589448973,-0.37969466983917954,0.06,0.028000000000000004,56,0.8713126891194511
hinge_B,42,9,audio,10,playing bass drum,1,8,44,2,6+,20,50,0.35843135807084125,0.3572030933603939,-0.02465694663985921,-0.12287608124918964,0.42,0.188,97,0.85499517038249
hinge_B,42,9,audio,11,playing banjo,1,8,66,3,6+,20,50,0.20029985458339214,0.3459249477714753,-0.06424347670959903,-0.28397202672369376,0.52,0.28,92,0.8363384991250655
hinge_B,42,9,audio,12,fire truck siren,1,8,72,3,6+,20,50,0.22283802133523337,0.3728190723139491,-0.11359588731499619,-0.28953438013247046,0.28,0.272,15,0.8698367547353181
hinge_B,42,9,audio,13,playing bagpipes,1,8,15,1,6+,20,50,0.17802572364101932,0.2802280431659295,0.05662400189353641,-0.1512295211035379,0.68,0.5760000000000001,92,0.7669077601769021
hinge_B,42,9,audio,14,playing french horn,1,8,73,3,6+,20,50,0.25751462697770705,0.3373565092887025,-0.09404131184365544,-0.24704878480102907,0.16,0.14800000000000002,85,0.9005720725499321
hinge_B,42,9,audio,15,civil defense siren,1,8,27,2,6+,20,50,0.24264690758176366,0.3388036853230236,-0.022847457388673127,-0.19557727152969592,0.5,0.33599999999999997,12,0.8698367547353181
hinge_B,42,9,audio,16,tractor digging,1,8,10,1,6+,20,50,0.29730752490428153,0.3209098458332435,-0.006217914428349641,-0.121389493955581,0.42,0.252,79,0.762954467272807
hinge_B,42,9,audio,17,people whispering,1,8,23,1,6+,20,50,0.3103075569194121,0.19972955391422342,0.09848965223562114,0.006156147144212766,0.94,0.33199999999999996,60,0.754148738344746
hinge_B,42,9,audio,18,lathe spinning,1,8,6,1,6+,20,50,0.36617483456232863,0.34469584039360884,-0.010462053631800758,-0.1584268026733997,0.52,0.196,40,0.7953432805329744
hinge_B,42,9,audio,19,playing theremin,1,8,85,4,6+,20,50,0.32291405756250735,0.45945895285775457,-0.15066384713389086,-0.3280304133086107,0.06,0.06000000000000001,31,0.8341069108258773
hinge_B,42,9,audio,20,playing glockenspiel,2,7,28,2,6+,20,50,0.2338408058824395,0.32745511978719827,-0.03615419909054099,-0.26898109102018325,0.48,0.3960000000000001,64,0.756889528057787
hinge_B,42,9,audio,21,playing hammond organ,2,7,90,4,6+,20,50,0.30854699998662966,0.4561154824535152,-0.1434534880575683,-0.312648582797367,0.12,0.064,24,0.88744994030639
hinge_B,42,9,audio,22,police car (siren),2,7,68,3,6+,20,50,0.2592958826699664,0.36652621682173353,-0.035707548296478195,-0.2808702486304003,0.56,0.392,12,0.7829530099812312
hinge_B,42,9,audio,23,people cheering,2,7,60,3,6+,20,50,0.3253740511301234,0.34446416486825776,-0.04234494927403662,-0.1345219170920854,0.34,0.248,62,0.9040567231913572
hinge_B,42,9,audio,24,playing electronic organ,2,7,91,4,6+,20,50,0.27611423998771584,0.44867207927760544,-0.14775351613586532,-0.2821937580374984,0.1,0.064,21,0.88744994030639
hinge_B,42,9,audio,25,bowling impact,2,7,8,1,6+,20,50,0.4038740799520834,0.4212511616668921,-0.06811260516442103,-0.176273196860752,0.24,0.12000000000000002,35,0.8082898067817943
hinge_B,42,9,audio,26,people marching,2,7,24,1,6+,20,50,0.3892267932882767,0.48236789397576013,-0.12125413785970691,-0.2923732330262085,0.24,0.11599999999999999,50,0.7914071427756599
hinge_B,42,9,audio,27,playing bass guitar,2,7,81,4,6+,20,50,0.2759920618433111,0.3823849894974888,-0.0886358104845577,-0.315455724508369,0.3,0.14,90,0.8357579119930683
hinge_B,42,9,audio,28,goose honking,2,7,74,3,6+,20,50,0.3824459829254932,0.4240127441119415,-0.09379467860419316,-0.24040890818693436,0.18,0.132,6,0.8068515706475163
hinge_B,42,9,audio,29,playing trombone,2,7,69,3,6+,20,50,0.31705505782363763,0.36030361585081055,-0.06946613864430934,-0.23025385570395213,0.36,0.16,94,0.841715409192029
hinge_B,42,9,audio,30,helicopter,3,6,50,3,6+,20,50,0.28102712126421053,0.4349500716760965,-0.12024547838902117,-0.35795869963967464,0.26,0.14400000000000002,79,0.8987308424609903
hinge_B,42,9,audio,31,playing erhu,3,6,18,1,6+,20,50,0.2487868276192279,0.2637571680500097,-0.005402958640822532,-0.13497645715412396,0.48,0.28800000000000003,19,0.8341069108258773
hinge_B,42,9,audio,32,dog howling,3,6,29,2,6+,20,50,0.27026443157526675,0.4614699015375992,-0.14589846957436114,-0.3998915921002273,0.14,0.10800000000000001,69,0.7909854206485112
hinge_B,42,9,audio,33,playing synthesizer,3,6,52,3,6+,20,50,0.3965020698380533,0.4724696117034155,-0.14919748792675375,-0.3729949547088889,0.14,0.07600000000000001,27,0.7581378025497378
hinge_B,42,9,audio,34,cat purring,3,6,32,2,6+,20,50,0.26396171651007905,0.43786455244191336,-0.13646315051377614,-0.4099641753385765,0.26,0.27599999999999997,73,0.8008016433551335
hinge_B,42,9,audio,35,skiing,3,6,1,1,6+,20,50,0.34521406326156634,0.41212710908288214,-0.08423107863172659,-0.2524497316785339,0.22,0.136,9,0.8177910109616289
hinge_B,42,9,audio,36,wood thrush calling,3,6,49,2,6+,20,50,0.2788771159618396,0.29554224886297376,-0.037517296970534894,-0.14622407303379137,0.38,0.364,57,0.9530632880130219
hinge_B,42,9,audio,37,scuba diving,3,6,0,1,6+,20,50,0.27491075657690606,0.33774161265508823,0.025762975092992503,-0.11327761191998033,0.62,0.424,99,0.7464521517762202
hinge_B,42,9,audio,38,playing tambourine,3,6,36,2,6+,20,50,0.37326809472688605,0.3764973747010849,-0.02869242890941763,-0.15026200648725477,0.48,0.24400000000000002,10,0.7879120392251554
hinge_B,42,9,audio,39,driving motorcycle,3,6,48,2,6+,20,50,0.27203514444764065,0.4324520242268584,-0.10544302244922141,-0.3153758577757868,0.26,0.144,46,0.8244068406227665
hinge_B,42,9,audio,40,vacuum cleaner cleaning floors,4,5,57,3,3-5,20,50,0.408650003202228,0.5461406090274737,-0.21627607311321967,-0.3303921232921664,0.0,0.044000000000000004,80,0.8248933929816045
hinge_B,42,9,audio,41,playing squash,4,5,4,1,3-5,20,50,0.41768527672627737,0.5326012154463953,-0.1789081692588852,-0.31597583063116463,0.02,0.11600000000000002,0,0.7817285784329997
hinge_B,42,9,audio,42,slot machine,4,5,12,1,3-5,20,50,0.3871794699359762,0.4800904774599366,-0.04139273444833955,-0.1953886507817438,0.48,0.16799999999999998,83,0.7298744408794122
hinge_B,42,9,audio,43,beat boxing,4,5,41,2,3-5,20,50,0.30082057015800906,0.3567580226506696,4.0329483152421466e-05,-0.16564408778868908,0.54,0.316,10,0.7608899362725371
hinge_B,42,9,audio,44,playing cello,4,5,82,4,3-5,20,50,0.21537828658715563,0.363829639376732,-0.10520937364474031,-0.257154830437625,0.28,0.192,58,0.8879064430663042
hinge_B,42,9,audio,45,playing cornet,4,5,7,1,3-5,20,50,0.2584840490652932,0.2776955376773257,-0.02987458462255294,-0.1531903724714399,0.44,0.26,94,0.889720843952069
hinge_B,42,9,audio,46,wind noise,4,5,78,4,3-5,20,50,0.26430641484558326,0.41480154956887155,-0.12210877462323905,-0.28855007011686085,0.14,0.128,67,0.8384963597930019
hinge_B,42,9,audio,47,"playing steel guitar, slide guitar",4,5,45,2,3-5,20,50,0.30088867096331934,0.3710870243486886,-0.10111908174364767,-0.2644838008300695,0.26,0.11200000000000002,83,0.8683470627909157
hinge_B,42,9,audio,48,orchestra,4,5,86,4,3-5,20,50,0.31078021401793515,0.38114225924006684,-0.07093611718203725,-0.2005328560883146,0.3,0.09600000000000002,76,0.8178209228442325
hinge_B,42,9,audio,49,playing harp,4,5,59,3,3-5,20,50,0.17443506795318686,0.31029144262960845,-0.07194981526366581,-0.2738631496374633,0.36,0.228,63,0.9234109213378148
hinge_B,42,9,audio,50,roller coaster running,5,4,30,2,3-5,20,50,0.3769992806746336,0.4304234094748953,-0.06730117264570465,-0.2615999302441316,0.34,0.17999999999999997,25,0.8035174913527858
hinge_B,42,9,audio,51,missile launch,5,4,21,1,3-5,20,50,0.3304595851083503,0.39989086917333416,-0.08872958914056803,-0.19713559114218202,0.2,0.2,53,0.8752564170056312
hinge_B,42,9,audio,52,"playing marimba, xylophone",5,4,97,4,3-5,20,50,0.3004094863632873,0.413494434297273,-0.11157574698514203,-0.2369444424086111,0.06,0.09200000000000001,63,0.9309268405224326
hinge_B,42,9,audio,53,airplane flyby,5,4,5,1,3-5,20,50,0.30043312317613385,0.3349422489074091,-0.041012549556098,-0.17701930053451628,0.38,0.28800000000000003,51,0.8752564170056312
hinge_B,42,9,audio,54,playing saxophone,5,4,89,4,3-5,20,50,0.24479338314022883,0.3751359102906151,-0.08155948095689862,-0.1853832512822873,0.24,0.18799999999999997,88,0.8395911993222904
hinge_B,42,9,audio,55,"subway, metro, underground",5,4,33,2,3-5,20,50,0.2848001410114818,0.39540306195999037,-0.08005712962260816,-0.29579725784648536,0.38,0.20800000000000005,61,0.8194124158669807
hinge_B,42,9,audio,56,arc welding,5,4,17,1,3-5,20,50,0.38160975014871457,0.4543815884611648,-0.11520474448848762,-0.26016370435745617,0.12,0.188,9,0.8713126891194511
hinge_B,42,9,audio,57,mynah bird singing,5,4,62,3,3-5,20,50,0.31073297505422687,0.317576137173613,-0.06309491570334579,-0.19348875269095053,0.24,0.176,36,0.9530632880130219
hinge_B,42,9,audio,58,playing piano,5,4,79,4,3-5,20,50,0.26180422243952783,0.32542622771799984,-0.06855191543794102,-0.21232164260731232,0.28,0.19999999999999996,70,0.9257872767534565
hinge_B,42,9,audio,59,playing bongo,5,4,14,1,3-5,20,50,0.2307680820653168,0.27084761900685544,0.021455110388320823,-0.11033328446926942,0.68,0.532,93,0.9356732663314842
hinge_B,42,9,audio,60,"pigeon, dove cooing",6,3,51,3,3-5,20,50,0.26228349672939105,0.4768413930788658,-0.11646530565674411,-0.36936043821522985,0.28,0.17600000000000002,17,0.754148738344746
hinge_B,42,9,audio,61,"race car, auto racing",6,3,47,2,3-5,20,50,0.2858479295626132,0.41314777413821147,-0.07842960763713049,-0.18196240338422776,0.18,0.128,79,0.8280931860025359
hinge_B,42,9,audio,62,people crowd,6,3,70,3,3-5,20,50,0.25579206902698665,0.34785108271756005,-0.007985091223373942,-0.20850549041328265,0.6,0.4040000000000001,23,0.9040567231913572
hinge_B,42,9,audio,63,playing vibraphone,6,3,94,4,3-5,20,50,0.2714199119662888,0.44486876946948023,-0.12731379945668844,-0.2976845395012877,0.14,0.124,52,0.9309268405224326
hinge_B,42,9,audio,64,playing mandolin,6,3,55,3,3-5,20,50,0.2525468122412019,0.3427152692689497,-0.07327347877636277,-0.2798960984052493,0.36,0.28400000000000003,47,0.8316775206287143
hinge_B,42,9,audio,65,"female speech, woman speaking",6,3,76,4,3-5,20,50,0.2468428448682724,0.3562654860554869,-0.07333117969740231,-0.24209587134267777,0.32,0.228,91,0.9265185792530711
hinge_B,42,9,audio,66,volcano explosion,6,3,42,2,3-5,20,50,0.33747152685644155,0.3673391060300623,-0.0434205015288817,-0.22017430376868138,0.4,0.20800000000000002,51,0.8464965393284549
hinge_B,42,9,audio,67,ocean burbling,6,3,71,3,3-5,20,50,0.23001364335684582,0.4244104247639337,-0.10552742208722225,-0.24601814265995692,0.18,0.192,84,0.8983664603511061
hinge_B,42,9,audio,68,singing choir,6,3,87,4,3-5,20,50,0.31655368216155805,0.5350992487511447,-0.17879698983120634,-0.3385403265702046,0.06,0.08800000000000001,98,0.8584905997906187
hinge_B,42,9,audio,69,playing flute,6,3,83,4,3-5,20,50,0.2799788372299908,0.4290632717697222,-0.14145805513900409,-0.37557623315177185,0.22,0.10400000000000001,94,0.8547138107213427
hinge_B,42,9,audio,70,playing acoustic guitar,7,2,64,3,1-2,20,50,0.23922914457727623,0.32477057203577414,-0.051503666518078785,-0.18214550745529026,0.4,0.20799999999999996,58,0.9257872767534565
hinge_B,42,9,audio,71,canary calling,7,2,25,2,1-2,20,50,0.30530334216504623,0.37537003821002785,-0.08651410009539857,-0.22077433505031283,0.24,0.196,57,0.9302991907936027
hinge_B,42,9,audio,72,pheasant crowing,7,2,53,3,1-2,20,50,0.38476058966936666,0.4445215006107041,-0.14388903633605596,-0.29757760860853255,0.12,0.128,57,0.7930313679814778
hinge_B,42,9,audio,73,woodpecker pecking tree,7,2,19,1,1-2,20,50,0.346578659303805,0.3741346646375882,-0.03186750703801938,-0.19847368937761017,0.44,0.188,34,0.8008016433551335
hinge_B,42,9,audio,74,yodelling,7,2,65,3,1-2,20,50,0.37275416532452943,0.4044766794381372,-0.06404714186639864,-0.19081144112364448,0.3,0.124,1,0.8504274675267426
hinge_B,42,9,audio,75,sharpen knife,7,2,26,2,1-2,20,50,0.3378033433872273,0.3957418776806548,-0.05367859856934132,-0.21946954391041665,0.36,0.14,56,0.7938220876238327
hinge_B,42,9,audio,76,"playing violin, fiddle",7,2,67,3,1-2,20,50,0.26098067560895166,0.3594640229799838,-0.09139117392882123,-0.19821240662962267,0.16,0.14400000000000002,92,0.8880739114629463
hinge_B,42,9,audio,77,printer printing,7,2,39,2,1-2,20,50,0.40593553884927214,0.5160742934662808,-0.16520973129622818,-0.3030334677247626,0.08,0.05600000000000001,84,0.8472963645934151
hinge_B,42,9,audio,78,planing timber,7,2,38,2,1-2,20,50,0.40195079703299347,0.5026812768265667,-0.16443224333007223,-0.36624675274091073,0.08,0.23199999999999998,80,0.8232031061745991
hinge_B,42,9,audio,79,lawn mowing,7,2,46,2,1-2,20,50,0.26797192883318516,0.37560676427076944,-0.08041860452729091,-0.26388020096332593,0.4,0.264,30,0.8987308424609903
hinge_B,42,9,audio,80,"electric shaver, electric razor shaving",8,1,20,1,1-2,20,50,0.3798699379923077,0.39820555166022886,-0.025903275391408666,-0.15793413849606927,0.46,0.29200000000000004,40,0.8248933929816045
hinge_B,42,9,audio,81,fireworks banging,8,1,43,2,1-2,20,50,0.26335327942856346,0.47590126903936253,-0.10287551877674003,-0.34895043353724275,0.32,0.23199999999999998,8,0.7039486956536056
hinge_B,42,9,audio,82,tap dancing,8,1,9,1,1-2,20,50,0.3171544960192996,0.339223393191742,-0.01939340783043638,-0.13010269982244335,0.5,0.22400000000000003,5,0.8089884992001147
hinge_B,42,9,audio,83,tapping guitar,8,1,93,4,1-2,20,50,0.31636963546589436,0.46614133480075887,-0.18871477528973168,-0.31339570702709546,0.06,0.044000000000000004,47,0.8683470627909157
hinge_B,42,9,audio,84,stream burbling,8,1,61,3,1-2,20,50,0.26266343711744444,0.3977026869923604,-0.09246070378135608,-0.24630409288638552,0.26,0.22399999999999998,67,0.8983664603511061
hinge_B,42,9,audio,85,playing bassoon,8,1,16,1,1-2,20,50,0.30933571479544336,0.3036276795168043,-0.03670225618082636,-0.1279036720700654,0.3,0.21600000000000003,14,0.9005720725499321
hinge_B,42,9,audio,86,police radio chatter,8,1,22,1,1-2,20,50,0.2430532401192899,0.301936945582945,0.053972828765400334,-0.05255178286531735,0.66,0.40399999999999997,7,0.8076297082536237
hinge_B,42,9,audio,87,playing sitar,8,1,96,4,1-2,20,50,0.28525629459104496,0.46323622339226533,-0.14343730510414754,-0.26167024486941187,0.04,0.04800000000000001,95,0.8895822831080542
hinge_B,42,9,audio,88,playing electric guitar,8,1,84,4,1-2,20,50,0.34137410669128576,0.3548628780048566,-0.09401513350717038,-0.20044451046713913,0.22,0.14400000000000002,54,0.8395911993222904
hinge_B,42,9,audio,89,people whistling,8,1,75,4,1-2,20,50,0.3026270147757067,0.41379533122499057,-0.0964788956146831,-0.31618142052399356,0.32,0.196,6,0.7913632895961094
hinge_B,42,9,audio,90,playing double bass,9,0,34,2,new,20,50,0.35839754498205784,0.3740981380557266,-0.024740959078086596,-0.18810625714278856,0.54,0.23600000000000002,27,0.8357579119930683
hinge_B,42,9,audio,91,"male speech, man speaking",9,0,98,4,new,20,50,0.31274167855392065,0.5085931810015427,-0.16836287054243015,-0.38633905169973376,0.1,0.07600000000000001,65,0.9265185792530711
hinge_B,42,9,audio,92,playing accordion,9,0,54,3,new,20,50,0.1884899391778212,0.3278704447673779,-0.07960596342249446,-0.22013343469549826,0.28,0.272,76,0.8880739114629463
hinge_B,42,9,audio,93,playing tabla,9,0,77,4,new,20,50,0.2993214842584164,0.5030291259718459,-0.17839672309222288,-0.3511040934348624,0.12,0.084,59,0.9356732663314842
hinge_B,42,9,audio,94,playing clarinet,9,0,92,4,new,20,50,0.28210715946097176,0.3551961185781429,-0.10229398595406458,-0.24186109656684107,0.14,0.07200000000000001,45,0.889720843952069
hinge_B,42,9,audio,95,playing harpsichord,9,0,63,3,new,20,50,0.24950669554389723,0.3215130043736466,-0.04951039989082789,-0.2849593095068594,0.5,0.27199999999999996,87,0.8895822831080542
hinge_B,42,9,audio,96,hail,9,0,2,1,new,20,50,0.21214347714978365,0.23846402692604138,0.088057062305732,-0.06469546123879659,0.84,0.5760000000000001,18,0.7604056142706677
hinge_B,42,9,audio,97,playing cymbal,9,0,99,4,new,20,50,0.2757622515926198,0.4146566954357769,-0.11500987329072779,-0.26701479144719714,0.2,0.17600000000000002,10,0.85499517038249
hinge_B,42,9,audio,98,people booing,9,0,56,3,new,20,50,0.3293986367344695,0.43935722108632136,-0.1169738271743634,-0.29692832199875724,0.2,0.184,23,0.8920065178192289
hinge_B,42,9,audio,99,dog growling,9,0,40,2,new,20,50,0.3369448041976343,0.5035233113519344,-0.15619158922308915,-0.37705963176892,0.22,0.14800000000000002,37,0.7464521517762202
hinge_B,42,9,visual,0,playing volleyball,0,9,13,1,6+,20,50,0.2205776567425885,0.3059797523902877,-0.01172214971420402,-0.18654248187081576,0.62,0.48400000000000004,41,0.8004357468654615
hinge_B,42,9,visual,1,child singing,0,9,88,4,6+,20,50,0.4402893398368749,0.5295055059780581,-0.07653014777836092,-0.2530118075076872,0.28,0.136,74,0.832832652920076
hinge_B,42,9,visual,2,"heart sounds, heartbeat",0,9,11,1,6+,20,50,0.4303392258676494,0.49437135682286465,-0.024681931155783942,-0.16759138248172464,0.46,0.21599999999999997,17,0.7972060677973021
hinge_B,42,9,visual,3,singing bowl,0,9,35,2,6+,20,50,0.4618863866138708,0.6331160015656913,-0.14927606559850903,-0.31964111745414386,0.1,0.064,75,0.719159540738762
hinge_B,42,9,visual,4,cap gun shooting,0,9,58,3,6+,20,50,0.3943638815274414,0.5060303501771652,-0.11246862072910156,-0.2286221991477579,0.14,0.1,75,0.8019856425414105
hinge_B,42,9,visual,5,rope skipping,0,9,31,2,6+,20,50,0.2558408487342051,0.34339255965893345,-0.01524622951448104,-0.10887022798753876,0.54,0.316,82,0.9041911590142645
hinge_B,42,9,visual,6,"child speech, kid speaking",0,9,80,4,6+,20,50,0.40757278415136255,0.5308671467472981,-0.13473175274010551,-0.29632961398713276,0.12,0.064,7,0.8035025098183348
hinge_B,42,9,visual,7,baby laughter,0,9,37,2,6+,20,50,0.3081576023692135,0.458912082487731,-0.03139997687922078,-0.18620744026146754,0.38,0.348,6,0.8035025098183348
hinge_B,42,9,visual,8,playing table tennis,0,9,3,1,6+,20,50,0.1723200178021625,0.22769524893798818,0.05181280343964617,-0.015041808428721501,0.8,0.5920000000000001,41,0.8227852100042568
hinge_B,42,9,visual,9,lighting firecrackers,0,9,95,4,6+,20,50,0.31904315968803776,0.39770144875454533,-0.07112694460662419,-0.2092449154241353,0.24,0.18,81,0.8356322659973564
hinge_B,42,9,visual,10,playing bass drum,1,8,44,2,6+,20,50,0.4380703437969954,0.46590002152523097,-0.06410514982487388,-0.21406029125965248,0.28,0.32,97,0.8493943837908509
hinge_B,42,9,visual,11,playing banjo,1,8,66,3,6+,20,50,0.5176510796807575,0.6529199534012968,-0.15685431342819608,-0.34123287602937125,0.02,0.028000000000000004,29,0.7359865564085284
hinge_B,42,9,visual,12,fire truck siren,1,8,72,3,6+,20,50,0.3521165758800941,0.38957214524995465,-0.022837561694058886,-0.13915731977159396,0.46,0.324,22,0.8925530821612149
hinge_B,42,9,visual,13,playing bagpipes,1,8,15,1,6+,20,50,0.40531307242163395,0.5729009353498686,-0.0933370730551956,-0.3379634193054186,0.32,0.16,29,0.7560312958062818
hinge_B,42,9,visual,14,playing french horn,1,8,73,3,6+,20,50,0.5313135012684223,0.5960868138931092,-0.13434445903612666,-0.2669055053376612,0.04,0.028000000000000004,85,0.8446438841339335
hinge_B,42,9,visual,15,civil defense siren,1,8,27,2,6+,20,50,0.4465593929962767,0.5327140595396055,-0.07035194348391417,-0.19726423173375715,0.3,0.1,12,0.7772064213049507
hinge_B,42,9,visual,16,tractor digging,1,8,10,1,6+,20,50,0.3186921150493829,0.36035696265510003,0.0165880697541677,-0.1116371881416247,0.56,0.312,79,0.8687115576082453
hinge_B,42,9,visual,17,people whispering,1,8,23,1,6+,20,50,0.42851965619060495,0.5130049522709568,-0.0959220294833711,-0.2538075889197235,0.28,0.192,2,0.7972060677973021
hinge_B,42,9,visual,18,lathe spinning,1,8,6,1,6+,20,50,0.4377123203186374,0.5095803178313425,-0.0061674995915006504,-0.11281377485800571,0.48,0.23199999999999998,75,0.7616947924769373
hinge_B,42,9,visual,19,playing theremin,1,8,85,4,6+,20,50,0.5271057786662714,0.6495681321556259,-0.1350889354498955,-0.30517259766212224,0.04,0.016,85,0.7628432895905707
hinge_B,42,9,visual,20,playing glockenspiel,2,7,28,2,6+,20,50,0.5088520421841616,0.5246225770094092,-0.10234859050877891,-0.24885835366703737,0.12,0.132,33,0.7944781155641539
hinge_B,42,9,visual,21,playing hammond organ,2,7,90,4,6+,20,50,0.34577165103560603,0.6702985601238827,-0.2109580979139211,-0.413424774078045,0.0,0.064,24,0.9180591862617635
hinge_B,42,9,visual,22,police car (siren),2,7,68,3,6+,20,50,0.35904877437980814,0.49722424887029393,-0.12344857978633675,-0.2879298989438944,0.18,0.13200000000000003,12,0.8925530821612149
hinge_B,42,9,visual,23,people cheering,2,7,60,3,6+,20,50,0.34640700432330235,0.3842391087532311,-0.047228649516753256,-0.1975320241266886,0.32,0.24400000000000002,62,0.9062568559881481
hinge_B,42,9,visual,24,playing electronic organ,2,7,91,4,6+,20,50,0.3012256692198746,0.5774783087791866,-0.18732427585388986,-0.40049407827627137,0.2,0.17600000000000002,21,0.9180591862617635
hinge_B,42,9,visual,25,bowling impact,2,7,8,1,6+,20,50,0.2557102291724139,0.33634464371763984,0.0069005435131211205,-0.1165457287026484,0.68,0.48400000000000004,41,0.8285365028079869
hinge_B,42,9,visual,26,people marching,2,7,24,1,6+,20,50,0.3369279871023451,0.36662176513996925,-0.04470938640804801,-0.10973830405908062,0.18,0.20799999999999996,23,0.8753941383673245
hinge_B,42,9,visual,27,playing bass guitar,2,7,81,4,6+,20,50,0.5253970329983234,0.6255456392069633,-0.1257263207298031,-0.27633391642581634,0.1,0.05200000000000001,70,0.8076076051170444
hinge_B,42,9,visual,28,goose honking,2,7,74,3,6+,20,50,0.3337710830499924,0.3951964240326189,-0.09853449984453859,-0.19931143850271896,0.04,0.084,46,0.8693345692588494
hinge_B,42,9,visual,29,playing trombone,2,7,69,3,6+,20,50,0.5286567845188122,0.6428056196661465,-0.18164045224946654,-0.37691932284497776,0.06,0.024000000000000004,76,0.8227855933052828
hinge_B,42,9,visual,30,helicopter,3,6,50,3,6+,20,50,0.3845991780467295,0.45911709822117663,-0.10934710061327985,-0.2248780012905945,0.04,0.07200000000000001,53,0.8772277701008382
hinge_B,42,9,visual,31,playing erhu,3,6,18,1,6+,20,50,0.49110655750625903,0.5772949277825116,-0.072904701882772,-0.21668628287962605,0.26,0.12000000000000002,76,0.7583331358531019
hinge_B,42,9,visual,32,dog howling,3,6,29,2,6+,20,50,0.4056746409715517,0.5556977570773397,-0.14802412334256682,-0.37278809849587097,0.22,0.14,99,0.849236064485789
hinge_B,42,9,visual,33,playing synthesizer,3,6,52,3,6+,20,50,0.37615417060643913,0.5391284166124213,-0.12739433702507674,-0.29618379226271163,0.24,0.168,58,0.8098350677860341
hinge_B,42,9,visual,34,cat purring,3,6,32,2,6+,20,50,0.2980654400621322,0.40115394741353244,-0.06964372563615007,-0.2581669981344046,0.36,0.24400000000000002,99,0.916319897752147
hinge_B,42,9,visual,35,skiing,3,6,1,1,6+,20,50,0.2401210901508232,0.2777337209973478,0.06462451404985252,-0.11370514392535648,0.7,0.644,30,0.789149974834962
hinge_B,42,9,visual,36,wood thrush calling,3,6,49,2,6+,20,50,0.4055703601385184,0.4649461408477144,-0.08234527622862448,-0.19589624983781673,0.24,0.268,57,0.8703859809165602
hinge_B,42,9,visual,37,scuba diving,3,6,0,1,6+,20,50,0.21578565101828096,0.22812328893656542,0.13726880073077447,-0.03532157921585832,0.82,0.8000000000000002,9,0.7060053400246223
hinge_B,42,9,visual,38,playing tambourine,3,6,36,2,6+,20,50,0.48655378926065956,0.5486377863783176,-0.1106612771826606,-0.278210636460197,0.2,0.10800000000000001,43,0.7897601373269125
hinge_B,42,9,visual,39,driving motorcycle,3,6,48,2,6+,20,50,0.42787085448658163,0.5215526236878003,-0.08740554220374802,-0.16894212843033984,0.1,0.08,79,0.8501878065818114
hinge_B,42,9,visual,40,vacuum cleaner cleaning floors,4,5,57,3,3-5,20,50,0.3514205325454914,0.5031732395919516,-0.1076989924339471,-0.26753180118882386,0.16,0.1,78,0.8144927510652588
hinge_B,42,9,visual,41,playing squash,4,5,4,1,3-5,20,50,0.21615258423802022,0.18062004449966648,0.04530008391237583,-0.012977571925725894,0.82,0.7719999999999999,5,0.8471091716419066
hinge_B,42,9,visual,42,slot machine,4,5,12,1,3-5,20,50,0.17585811656136247,0.21065273664850484,0.26171148502178937,-0.038226281026295814,0.88,0.852,20,0.6122987851349346
hinge_B,42,9,visual,43,beat boxing,4,5,41,2,3-5,20,50,0.4320436453157509,0.49022936445557647,-0.05995991684587199,-0.19010760498847085,0.26,0.09200000000000001,65,0.8249966852392516
hinge_B,42,9,visual,44,playing cello,4,5,82,4,3-5,20,50,0.4719285207258371,0.6188217770141075,-0.15701898086574867,-0.3539792769744007,0.12,0.02,76,0.7767999635399747
hinge_B,42,9,visual,45,playing cornet,4,5,7,1,3-5,20,50,0.4830044958380862,0.5166156169562445,-0.0333427024105504,-0.10763425307682711,0.34,0.18400000000000002,69,0.8681750253582878
hinge_B,42,9,visual,46,wind noise,4,5,78,4,3-5,20,50,0.3982251728318335,0.50884132367346,-0.1269909460001485,-0.2319498031649202,0.04,0.06,67,0.8998070279428783
hinge_B,42,9,visual,47,"playing steel guitar, slide guitar",4,5,45,2,3-5,20,50,0.4844423489485602,0.5735337736600569,-0.10044384493972926,-0.2766320216923536,0.16,0.09200000000000001,83,0.7993626997581751
hinge_B,42,9,visual,48,orchestra,4,5,86,4,3-5,20,50,0.3832194413337141,0.5635419595521942,-0.1213396640795587,-0.30967266307257646,0.14,0.055999999999999994,68,0.881308142282369
hinge_B,42,9,visual,49,playing harp,4,5,59,3,3-5,20,50,0.42443128828790117,0.6162899072352104,-0.10642872301841196,-0.3665691716587007,0.3,0.256,69,0.641740062914945
hinge_B,42,9,visual,50,roller coaster running,5,4,30,2,3-5,20,50,0.31766704643902377,0.4180805066196028,0.002545285011219529,-0.19705286267094307,0.48,0.36,39,0.7227685691672858
hinge_B,42,9,visual,51,missile launch,5,4,21,1,3-5,20,50,0.29439212052701796,0.38874089876546747,-0.02870960417405346,-0.2040651031978656,0.46,0.32400000000000007,66,0.8269910592941214
hinge_B,42,9,visual,52,"playing marimba, xylophone",5,4,97,4,3-5,20,50,0.458713537979349,0.661955011870715,-0.24988985939535324,-0.4084681593903495,0.02,0.008,63,0.8648550164400849
hinge_B,42,9,visual,53,airplane flyby,5,4,5,1,3-5,20,50,0.23503201059260898,0.2683709918703817,0.009474402682434177,-0.14716882461692113,0.66,0.6,30,0.8772277701008382
hinge_B,42,9,visual,54,playing saxophone,5,4,89,4,3-5,20,50,0.4923323054699086,0.6705231083712403,-0.22153864997458805,-0.4161940100426781,0.06,0.036000000000000004,29,0.7961730522318322
hinge_B,42,9,visual,55,"subway, metro, underground",5,4,33,2,3-5,20,50,0.33423721617593277,0.42330038870432124,0.00014513016773578413,-0.18668072264634278,0.52,0.4,22,0.7688438733236767
hinge_B,42,9,visual,56,arc welding,5,4,17,1,3-5,20,50,0.3810542521147567,0.462213719620306,-0.05535630607925886,-0.19092436902452567,0.3,0.21999999999999997,40,0.7852233178294601
hinge_B,42,9,visual,57,mynah bird singing,5,4,62,3,3-5,20,50,0.4600774092884311,0.4796775142226344,-0.0942572495178981,-0.20972220645264442,0.12,0.068,36,0.8703859809165602
hinge_B,42,9,visual,58,playing piano,5,4,79,4,3-5,20,50,0.43780817411265555,0.6044891682522,-0.1790897640626274,-0.33832438344417026,0.0,0.028000000000000004,24,0.8760575001478508
hinge_B,42,9,visual,59,playing bongo,5,4,14,1,3-5,20,50,0.4481258794784134,0.49459820861888654,-0.014500551845467486,-0.1260430864536673,0.46,0.304,10,0.7406763173961358
hinge_B,42,9,visual,60,"pigeon, dove cooing",6,3,51,3,3-5,20,50,0.3142207555067453,0.504371880370117,-0.12764245573894645,-0.29955458936455975,0.12,0.1,72,0.8615569063285686
hinge_B,42,9,visual,61,"race car, auto racing",6,3,47,2,3-5,20,50,0.3104193606903386,0.36624398287964866,-0.021122131997521876,-0.15578416191940217,0.44,0.29600000000000004,22,0.8688387370721447
hinge_B,42,9,visual,62,people crowd,6,3,70,3,3-5,20,50,0.3476621644039205,0.46021173164860696,-0.07793753709976593,-0.2736628401169329,0.22,0.14,23,0.9062568559881481
hinge_B,42,9,visual,63,playing vibraphone,6,3,94,4,3-5,20,50,0.44733740873107664,0.6743401964547787,-0.2516524109494836,-0.4076895535758745,0.0,0.008,52,0.8648550164400849
hinge_B,42,9,visual,64,playing mandolin,6,3,55,3,3-5,20,50,0.4903149581470997,0.6002493559837683,-0.13964532152271836,-0.36666324822639007,0.14,0.05600000000000001,70,0.8099767613239516
hinge_B,42,9,visual,65,"female speech, woman speaking",6,3,76,4,3-5,20,50,0.45079440768314233,0.5928255792085537,-0.15182243561440456,-0.382221964647678,0.12,0.06000000000000001,91,0.8451294820030517
hinge_B,42,9,visual,66,volcano explosion,6,3,42,2,3-5,20,50,0.38193342531326324,0.4395507558009555,-0.07616636329276125,-0.17167126830990895,0.22,0.14800000000000002,46,0.8468881192424171
hinge_B,42,9,visual,67,ocean burbling,6,3,71,3,3-5,20,50,0.31244537258512656,0.4439858686370606,-0.06965765991727502,-0.2229384851285756,0.3,0.10800000000000001,46,0.8998070279428783
hinge_B,42,9,visual,68,singing choir,6,3,87,4,3-5,20,50,0.37061413674388105,0.48473854743932276,-0.08353959789130717,-0.2315644519605009,0.26,0.204,48,0.881308142282369
hinge_B,42,9,visual,69,playing flute,6,3,83,4,3-5,20,50,0.507611909966929,0.6671857509063532,-0.20614353471001912,-0.38426593814945736,0.04,0.024000000000000004,45,0.8681750253582878
hinge_B,42,9,visual,70,playing acoustic guitar,7,2,64,3,1-2,20,50,0.4628911892934836,0.6203269324309924,-0.13089236811789026,-0.3338485744558143,0.1,0.084,64,0.8099767613239516
hinge_B,42,9,visual,71,canary calling,7,2,25,2,1-2,20,50,0.36465001156799753,0.41515728095851356,0.033164395396699034,-0.22235301619402176,0.64,0.392,36,0.7494546519360128
hinge_B,42,9,visual,72,pheasant crowing,7,2,53,3,1-2,20,50,0.29195007170769366,0.39517300251421267,-0.0689255041505561,-0.21163488786046453,0.28,0.20799999999999996,60,0.8615569063285686
hinge_B,42,9,visual,73,woodpecker pecking tree,7,2,19,1,1-2,20,50,0.3499501219911819,0.3620008725827281,0.02201191608986238,-0.12101042574364512,0.7,0.43200000000000005,57,0.8478604271748422
hinge_B,42,9,visual,74,yodelling,7,2,65,3,1-2,20,50,0.4521111570326422,0.5351838832767858,-0.11269839987743505,-0.3555243266859006,0.1,0.092,1,0.832832652920076
hinge_B,42,9,visual,75,sharpen knife,7,2,26,2,1-2,20,50,0.38897393656535373,0.4216555008814802,-0.025993361724814524,-0.1750987817822846,0.5,0.29200000000000004,80,0.8174173829121514
hinge_B,42,9,visual,76,"playing violin, fiddle",7,2,67,3,1-2,20,50,0.5018902662418253,0.6081739999192698,-0.11785220740046203,-0.26168959153438115,0.06,0.05600000000000001,29,0.8227855933052828
hinge_B,42,9,visual,77,printer printing,7,2,39,2,1-2,20,50,0.40386946466514695,0.4826754536001651,-0.05129525382298041,-0.20388057340240098,0.36,0.168,78,0.7984676627709344
hinge_B,42,9,visual,78,planing timber,7,2,38,2,1-2,20,50,0.4324962910627804,0.4447507142494363,-0.07410052358558278,-0.19557314898816747,0.24,0.068,40,0.8144927510652588
hinge_B,42,9,visual,79,lawn mowing,7,2,46,2,1-2,20,50,0.3917395972610592,0.4486511529351757,-0.0593403378598997,-0.16516276908962987,0.26,0.14,16,0.8687115576082453
hinge_B,42,9,visual,80,"electric shaver, electric razor shaving",8,1,20,1,1-2,20,50,0.35640834040473496,0.43705386609064745,-0.02735059215713173,-0.15546420183492216,0.42,0.248,75,0.8174173829121514
hinge_B,42,9,visual,81,fireworks banging,8,1,43,2,1-2,20,50,0.1329154534743302,0.32234979509896666,-0.026529408521900385,-0.31070809458357057,0.56,0.536,9,0.8356322659973564
hinge_B,42,9,visual,82,tap dancing,8,1,9,1,1-2,20,50,0.304126128103848,0.32389201522969446,-0.018112053065048254,-0.07157809510430009,0.28,0.29600000000000004,5,0.9041911590142645
hinge_B,42,9,visual,83,tapping guitar,8,1,93,4,1-2,20,50,0.40435325894387136,0.578512519452004,-0.10801108515420527,-0.3039181441806383,0.2,0.196,64,0.8033236170535092
hinge_B,42,9,visual,84,stream burbling,8,1,61,3,1-2,20,50,0.2996420933830425,0.4502458506091473,-0.08548459158958398,-0.2653684745217249,0.26,0.152,28,0.863047055277891
hinge_B,42,9,visual,85,playing bassoon,8,1,16,1,1-2,20,50,0.49743953940445823,0.5543318382152063,-0.07462511598014474,-0.15290821775797644,0.14,0.044000000000000004,14,0.8446438841339335
hinge_B,42,9,visual,86,police radio chatter,8,1,22,1,1-2,20,50,0.4162513374623892,0.5250219682168075,-0.08555517630500695,-0.2754518706366877,0.34,0.10400000000000001,20,0.7018269245266733
hinge_B,42,9,visual,87,playing sitar,8,1,96,4,1-2,20,50,0.3981236934938809,0.6960590591952475,-0.2094146273325296,-0.38033272411109564,0.12,0.06,64,0.7197171443582425
hinge_B,42,9,visual,88,playing electric guitar,8,1,84,4,1-2,20,50,0.4890851468100504,0.6184741062531123,-0.15709545984163412,-0.31259287620418036,0.1,0.08,70,0.7878758276654625
hinge_B,42,9,visual,89,people whistling,8,1,75,4,1-2,20,50,0.47921979200026577,0.5557506953016926,-0.16025639895975907,-0.316621515054172,0.02,0.016,43,0.8027477188741472
hinge_B,42,9,visual,90,playing double bass,9,0,34,2,new,20,50,0.3777503421971876,0.4811843023777349,0.011369486102956627,-0.24057163134735932,0.6,0.41200000000000003,44,0.6794505082343076
hinge_B,42,9,visual,91,"male speech, man speaking",9,0,98,4,new,20,50,0.39474354037866577,0.5988817296721404,-0.18787431532159662,-0.3760207125775839,0.02,0.032,65,0.8451294820030517
hinge_B,42,9,visual,92,playing accordion,9,0,54,3,new,20,50,0.34534551409949127,0.6256735853070496,-0.13090963011340592,-0.48657097531785665,0.34,0.28,76,0.6576683406918935
hinge_B,42,9,visual,93,playing tabla,9,0,77,4,new,20,50,0.37739376070664704,0.6534438211854874,-0.1939112183955558,-0.3568584153153643,0.1,0.076,87,0.7189705600699375
hinge_B,42,9,visual,94,playing clarinet,9,0,92,4,new,20,50,0.3901882997580583,0.6524429067857548,-0.16372198228634038,-0.3062446439327208,0.12,0.044000000000000004,45,0.8452125235602849
hinge_B,42,9,visual,95,playing harpsichord,9,0,63,3,new,20,50,0.3629246544696406,0.5379233724047375,-0.10675181443882664,-0.32446018483043826,0.26,0.17600000000000002,24,0.8353856064154326
hinge_B,42,9,visual,96,hail,9,0,2,1,new,20,50,0.2775424497069054,0.30617023274738603,0.054352971187158754,-0.059380024152298025,0.76,0.4120000000000001,30,0.7781030321962676
hinge_B,42,9,visual,97,playing cymbal,9,0,99,4,new,20,50,0.26622240056730007,0.6960820751131185,-0.30174390352748903,-0.5400059295016412,0.1,0.07200000000000001,10,0.8493943837908509
hinge_B,42,9,visual,98,people booing,9,0,56,3,new,20,50,0.37889321662977304,0.4606987286604236,-0.10180423761156977,-0.19319657741474056,0.1,0.044000000000000004,26,0.8087896589396038
hinge_B,42,9,visual,99,dog growling,9,0,40,2,new,20,50,0.2593850088318735,0.45644262648525846,-0.08640749219369777,-0.24559644706069725,0.28,0.22399999999999998,34,0.916319897752147
hinge_B,42,9,fusion,0,playing volleyball,0,9,13,1,6+,20,50,0.24787243029028913,0.2942606337061589,0.013301173238032959,-0.13257200712931988,0.54,0.44799999999999995,41,0.8137086858686495
hinge_B,42,9,fusion,1,child singing,0,9,88,4,6+,20,50,0.3075545316185787,0.4149665416951336,-0.09335127368762564,-0.31963375342175454,0.3,0.11200000000000002,74,0.8701266742949245
hinge_B,42,9,fusion,2,"heart sounds, heartbeat",0,9,11,1,6+,20,50,0.2892283803405388,0.30610689253615286,0.08838655138297433,-0.26084201386580647,0.68,0.49599999999999994,34,0.728771684368466
hinge_B,42,9,fusion,3,singing bowl,0,9,35,2,6+,20,50,0.30906972764452795,0.42301466302975427,-0.09214763379380847,-0.23089035544976297,0.24,0.092,19,0.7406997274310219
hinge_B,42,9,fusion,4,cap gun shooting,0,9,58,3,6+,20,50,0.239099165432933,0.36212875608580947,-0.05542401555066241,-0.22411809956784856,0.34,0.2,75,0.746372657902846
hinge_B,42,9,fusion,5,rope skipping,0,9,31,2,6+,20,50,0.33945282577760877,0.37235070304164125,-0.04695672607237034,-0.1515589433180473,0.26,0.14800000000000002,82,0.8681654843415701
hinge_B,42,9,fusion,6,"child speech, kid speaking",0,9,80,4,6+,20,50,0.26675107250731495,0.3527608809524001,-0.05558658486207033,-0.20864268292437163,0.4,0.244,65,0.882211576133352
hinge_B,42,9,fusion,7,baby laughter,0,9,37,2,6+,20,50,0.21569951560662043,0.27233829934840414,-0.006202625787607946,-0.1641923306686883,0.6,0.3760000000000001,86,0.782968504650237
hinge_B,42,9,fusion,8,playing table tennis,0,9,3,1,6+,20,50,0.2791816992063491,0.3006383220925841,0.026597030722867537,-0.09282375631382873,0.68,0.316,41,0.8299502046894152
hinge_B,42,9,fusion,9,lighting firecrackers,0,9,95,4,6+,20,50,0.31544317124310733,0.41622014414423897,-0.10648218332748806,-0.21243433616358273,0.08,0.068,56,0.8714320268777823
hinge_B,42,9,fusion,10,playing bass drum,1,8,44,2,6+,20,50,0.3352972631926453,0.33447481754686237,-0.002414990468909153,-0.10841498399650773,0.58,0.21600000000000003,97,0.8630367644206811
hinge_B,42,9,fusion,11,playing banjo,1,8,66,3,6+,20,50,0.19477201417260154,0.3351975227711547,-0.05975928502674864,-0.2690512997682841,0.54,0.28,92,0.8357108920580865
hinge_B,42,9,fusion,12,fire truck siren,1,8,72,3,6+,20,50,0.19947271835531682,0.33014419291571284,-0.08847547883104147,-0.2668963759423014,0.28,0.31600000000000006,15,0.8716662788645686
hinge_B,42,9,fusion,13,playing bagpipes,1,8,15,1,6+,20,50,0.17114721974931876,0.2699912692115096,0.052669116862967484,-0.14577993626494287,0.62,0.58,92,0.7696944442619065
hinge_B,42,9,fusion,14,playing french horn,1,8,73,3,6+,20,50,0.2504259770956923,0.3250804442869237,-0.0880113359917828,-0.23348451009373206,0.18,0.14,85,0.909493489304376
hinge_B,42,9,fusion,15,civil defense siren,1,8,27,2,6+,20,50,0.23071128407442326,0.31794277695408046,-0.013277610382571295,-0.16438882459761361,0.48,0.376,12,0.8716662788645686
hinge_B,42,9,fusion,16,tractor digging,1,8,10,1,6+,20,50,0.2457502417768503,0.2721754578983213,0.024311549843308643,-0.07470745587444685,0.6,0.37200000000000005,79,0.8036342379338812
hinge_B,42,9,fusion,17,people whispering,1,8,23,1,6+,20,50,0.28958347420621366,0.19234210078189126,0.11980165564158778,0.046247761394211266,0.94,0.4200000000000001,6,0.7501840343596955
hinge_B,42,9,fusion,18,lathe spinning,1,8,6,1,6+,20,50,0.3405933987651705,0.3207789413219311,0.018121619949190666,-0.12623210105722832,0.54,0.276,40,0.800607831950701
hinge_B,42,9,fusion,19,playing theremin,1,8,85,4,6+,20,50,0.3074645335581678,0.4359919854579104,-0.13439965367849338,-0.29027337208129467,0.08,0.068,31,0.84040565999539
hinge_B,42,9,fusion,20,playing glockenspiel,2,7,28,2,6+,20,50,0.2280519262972674,0.3116351878620312,-0.028385826132370267,-0.2590949926595873,0.48,0.41200000000000003,64,0.7604070247041222
hinge_B,42,9,fusion,21,playing hammond organ,2,7,90,4,6+,20,50,0.2879741235594088,0.43179726014709324,-0.13116390923074772,-0.29169381447437587,0.14,0.068,24,0.8974327889993088
hinge_B,42,9,fusion,22,police car (siren),2,7,68,3,6+,20,50,0.23580447229010923,0.3384059819766197,-0.028289480306796896,-0.2534080631296925,0.54,0.4,12,0.8149748630268341
hinge_B,42,9,fusion,23,people cheering,2,7,60,3,6+,20,50,0.27246314843214786,0.28635792341658983,-0.022516686454388264,-0.10770732417060941,0.4,0.34,62,0.9217571156060858
hinge_B,42,9,fusion,24,playing electronic organ,2,7,91,4,6+,20,50,0.2558163203816572,0.4213355116067964,-0.1375248924290663,-0.28930435850865455,0.1,0.07200000000000001,21,0.8974327889993088
hinge_B,42,9,fusion,25,bowling impact,2,7,8,1,6+,20,50,0.29536319546829076,0.3282818132688778,0.000568631037709445,-0.09575139584819647,0.54,0.26,41,0.834360981021065
hinge_B,42,9,fusion,26,people marching,2,7,24,1,6+,20,50,0.3128429639902069,0.3930649317876068,-0.06441122622345993,-0.20234150334447365,0.3,0.21600000000000003,23,0.7854826693222694
hinge_B,42,9,fusion,27,playing bass guitar,2,7,81,4,6+,20,50,0.2686783908656113,0.3671093156333174,-0.08224435870198712,-0.30044573400710667,0.3,0.14800000000000002,90,0.8349711561936846
hinge_B,42,9,fusion,28,goose honking,2,7,74,3,6+,20,50,0.31276765975932985,0.3482770240348742,-0.0361004595241857,-0.14466716914006064,0.34,0.18,60,0.7733063577410548
hinge_B,42,9,fusion,29,playing trombone,2,7,69,3,6+,20,50,0.30781932757681835,0.3481567470468633,-0.06517422633102964,-0.21218398267548236,0.34,0.15600000000000003,94,0.8469264539363374
hinge_B,42,9,fusion,30,helicopter,3,6,50,3,6+,20,50,0.25216838669247754,0.37001768501134774,-0.07502600817880137,-0.27589777784753766,0.38,0.16399999999999998,79,0.9054097148841119
hinge_B,42,9,fusion,31,playing erhu,3,6,18,1,6+,20,50,0.24149907488100536,0.25550493745652775,-0.0025896888511474938,-0.1312302755473923,0.48,0.272,19,0.84040565999539
hinge_B,42,9,fusion,32,dog howling,3,6,29,2,6+,20,50,0.2569977698611961,0.4370548021813696,-0.13532461844670984,-0.34673016326420714,0.12,0.10800000000000001,69,0.7820620494428305
hinge_B,42,9,fusion,33,playing synthesizer,3,6,52,3,6+,20,50,0.3600870024101882,0.4318040487109747,-0.11834659456525508,-0.322382105674424,0.18,0.084,27,0.7627844568112065
hinge_B,42,9,fusion,34,cat purring,3,6,32,2,6+,20,50,0.2256715789519535,0.37707381107324034,-0.08184067536747858,-0.3108039280355055,0.32,0.32800000000000007,73,0.8007439562434024
hinge_B,42,9,fusion,35,skiing,3,6,1,1,6+,20,50,0.2395615190751204,0.29271910119046074,0.020678976331171807,-0.09933583458015412,0.64,0.392,9,0.7894226509113984
hinge_B,42,9,fusion,36,wood thrush calling,3,6,49,2,6+,20,50,0.253175375722889,0.26418820549372835,-0.02769938369373094,-0.10080573221187855,0.38,0.36400000000000005,57,0.9581222621913981
hinge_B,42,9,fusion,37,scuba diving,3,6,0,1,6+,20,50,0.2034367173006622,0.22704519209366725,0.11775320241897498,-0.008277042196558237,0.88,0.7480000000000001,66,0.7347863607521117
hinge_B,42,9,fusion,38,playing tambourine,3,6,36,2,6+,20,50,0.3481820295553012,0.3504601469622355,-0.015710226584930147,-0.13002335519164543,0.5,0.26,10,0.796981494568047
hinge_B,42,9,fusion,39,driving motorcycle,3,6,48,2,6+,20,50,0.2483911192663691,0.38912159440385,-0.08573589365847742,-0.2785434271074869,0.28,0.16,79,0.8442216231063724
hinge_B,42,9,fusion,40,vacuum cleaner cleaning floors,4,5,57,3,3-5,20,50,0.33947219332141243,0.46403866836713975,-0.15357111890487224,-0.26535847388428846,0.04,0.04800000000000001,80,0.8537378322336626
hinge_B,42,9,fusion,41,playing squash,4,5,4,1,3-5,20,50,0.30182726263414256,0.3441929987516115,-0.03528590715537732,-0.12066916614448649,0.36,0.43999999999999995,25,0.834360981021065
hinge_B,42,9,fusion,42,slot machine,4,5,12,1,3-5,20,50,0.26354114496736475,0.3197206429552898,0.09899509564411392,-0.034478276022756084,0.78,0.572,74,0.6744138277113569
hinge_B,42,9,fusion,43,beat boxing,4,5,41,2,3-5,20,50,0.27793507306336107,0.32662642055107194,0.016915364033143688,-0.12857433966619036,0.56,0.33599999999999997,38,0.7808591193215061
hinge_B,42,9,fusion,44,playing cello,4,5,82,4,3-5,20,50,0.2091543340706204,0.3509488973795642,-0.10018968080095231,-0.23430981905621034,0.28,0.188,58,0.8865628104657142
hinge_B,42,9,fusion,45,playing cornet,4,5,7,1,3-5,20,50,0.24982648377946,0.265491082864521,-0.022617941947514902,-0.13571213603558127,0.5,0.276,94,0.896443724639554
hinge_B,42,9,fusion,46,wind noise,4,5,78,4,3-5,20,50,0.23472012573065054,0.36556568361596015,-0.09161129692985981,-0.24425770916212972,0.2,0.2,67,0.8865524650018961
hinge_B,42,9,fusion,47,"playing steel guitar, slide guitar",4,5,45,2,3-5,20,50,0.28864702089683053,0.3541863432959664,-0.09372200856847057,-0.2474659230771327,0.28,0.11600000000000002,83,0.8765864951150288
hinge_B,42,9,fusion,48,orchestra,4,5,86,4,3-5,20,50,0.28684789250476034,0.35832980570451334,-0.062401293366989054,-0.17872494563269592,0.32,0.128,76,0.8268443560887258
hinge_B,42,9,fusion,49,playing harp,4,5,59,3,3-5,20,50,0.16908571860306282,0.3035715067411658,-0.0693200407047164,-0.26268985715647153,0.36,0.23200000000000004,63,0.9166360665291013
hinge_B,42,9,fusion,50,roller coaster running,5,4,30,2,3-5,20,50,0.3038903917095818,0.3574694365323788,-0.014567133920062219,-0.17108623359177302,0.44,0.244,51,0.7787703330548367
hinge_B,42,9,fusion,51,missile launch,5,4,21,1,3-5,20,50,0.2514835640816123,0.3328657773340027,-0.04915051255659044,-0.16701994173752163,0.38,0.23199999999999998,66,0.8702760955348297
hinge_B,42,9,fusion,52,"playing marimba, xylophone",5,4,97,4,3-5,20,50,0.28399724821459116,0.40031902110773127,-0.10963405278415866,-0.21414891259511473,0.04,0.08800000000000001,63,0.9362950841848948
hinge_B,42,9,fusion,53,airplane flyby,5,4,5,1,3-5,20,50,0.21573686239633885,0.23970372756207448,0.01827392899847109,-0.0767659921424638,0.66,0.5479999999999999,51,0.8669291433482141
hinge_B,42,9,fusion,54,playing saxophone,5,4,89,4,3-5,20,50,0.2363308879988617,0.3621362559164396,-0.07849816291391115,-0.17205638571748708,0.2,0.19599999999999998,76,0.8402469693526569
hinge_B,42,9,fusion,55,"subway, metro, underground",5,4,33,2,3-5,20,50,0.24832264112742367,0.3421846422500131,-0.035995718300748075,-0.25983067516194813,0.44,0.312,61,0.8397284340527645
hinge_B,42,9,fusion,56,arc welding,5,4,17,1,3-5,20,50,0.3215888625299545,0.3868652789938881,-0.05327664299677495,-0.13603552522808202,0.34,0.268,9,0.8714320268777823
hinge_B,42,9,fusion,57,mynah bird singing,5,4,62,3,3-5,20,50,0.28817041056128667,0.2842742017300049,-0.05069842419381927,-0.16594982762994473,0.28,0.176,36,0.9581222621913981
hinge_B,42,9,fusion,58,playing piano,5,4,79,4,3-5,20,50,0.24880790743573108,0.31103808698179236,-0.06258439494718282,-0.1740410507236623,0.32,0.204,70,0.9269009920692893
hinge_B,42,9,fusion,59,playing bongo,5,4,14,1,3-5,20,50,0.22036805595756587,0.2593614257238024,0.024569831531709933,-0.1008162741738895,0.7,0.5479999999999999,93,0.9374532896536389
hinge_B,42,9,fusion,60,"pigeon, dove cooing",6,3,51,3,3-5,20,50,0.23101624288492034,0.42323211305556385,-0.09028474410440462,-0.31604124926839605,0.32,0.196,28,0.7733063577410548
hinge_B,42,9,fusion,61,"race car, auto racing",6,3,47,2,3-5,20,50,0.24224693330712327,0.3344502444578093,-0.025434078398690413,-0.11351807826599761,0.4,0.22400000000000003,55,0.8397284340527645
hinge_B,42,9,fusion,62,people crowd,6,3,70,3,3-5,20,50,0.2255105054550354,0.30832262855867837,-0.005324909936898646,-0.18748399696527457,0.6,0.408,23,0.9217571156060858
hinge_B,42,9,fusion,63,playing vibraphone,6,3,94,4,3-5,20,50,0.25813865603388,0.42779572788840214,-0.12319535716458185,-0.30309288076546903,0.16,0.11599999999999999,52,0.9362950841848948
hinge_B,42,9,fusion,64,playing mandolin,6,3,55,3,3-5,20,50,0.24557020462560755,0.33102534267468997,-0.06846759249097102,-0.26332564372833905,0.38,0.28800000000000003,47,0.8423982668439971
hinge_B,42,9,fusion,65,"female speech, woman speaking",6,3,76,4,3-5,20,50,0.23229244622912687,0.33898645726443105,-0.06508785012600823,-0.2297840459893701,0.3,0.23999999999999996,91,0.9306794153037357
hinge_B,42,9,fusion,66,volcano explosion,6,3,42,2,3-5,20,50,0.2901420128473819,0.31770075833480704,-0.018256081240832313,-0.17328581848515537,0.44,0.276,51,0.8702760955348297
hinge_B,42,9,fusion,67,ocean burbling,6,3,71,3,3-5,20,50,0.19842145530313204,0.3554426996235291,-0.06083300875047706,-0.18602159719139233,0.2,0.256,84,0.8871313608877929
hinge_B,42,9,fusion,68,singing choir,6,3,87,4,3-5,20,50,0.28523613939598635,0.47191506440153985,-0.13694311370387557,-0.2839702568537409,0.12,0.124,23,0.8556297309069005
hinge_B,42,9,fusion,69,playing flute,6,3,83,4,3-5,20,50,0.2720964183522644,0.4128063373054974,-0.1326265415502207,-0.3671482214161476,0.22,0.11200000000000002,94,0.8652961973476504
hinge_B,42,9,fusion,70,playing acoustic guitar,7,2,64,3,1-2,20,50,0.23181988858801592,0.31212406296571266,-0.04779069835264002,-0.18905351569872256,0.36,0.21600000000000003,58,0.9269009920692893
hinge_B,42,9,fusion,71,canary calling,7,2,25,2,1-2,20,50,0.2653035414060852,0.32002015299389547,-0.039017971355362085,-0.15066201124552236,0.48,0.28,36,0.9258810978329601
hinge_B,42,9,fusion,72,pheasant crowing,7,2,53,3,1-2,20,50,0.30348807313152654,0.3537146137159279,-0.073396449134358,-0.1622471135109055,0.2,0.168,57,0.7850637750649054
hinge_B,42,9,fusion,73,woodpecker pecking tree,7,2,19,1,1-2,20,50,0.3010873658011726,0.3155329232752553,0.011137008396644645,-0.1250935173573306,0.58,0.252,34,0.8007439562434024
hinge_B,42,9,fusion,74,yodelling,7,2,65,3,1-2,20,50,0.3402867734672066,0.36695955721161766,-0.04699529256483821,-0.1886884068957517,0.36,0.12,1,0.8701266742949245
hinge_B,42,9,fusion,75,sharpen knife,7,2,26,2,1-2,20,50,0.2935937766317859,0.3456701926470666,-0.023003557241549347,-0.15526569763175763,0.46,0.2,40,0.8230308665252278
hinge_B,42,9,fusion,76,"playing violin, fiddle",7,2,67,3,1-2,20,50,0.25326755739865414,0.34512049859132454,-0.08193167461519266,-0.18534814935530936,0.18,0.152,92,0.8878575097494025
hinge_B,42,9,fusion,77,printer printing,7,2,39,2,1-2,20,50,0.3590346644106953,0.455037340410904,-0.10183658100274622,-0.22813738256114272,0.16,0.09200000000000001,84,0.812785436513808
hinge_B,42,9,fusion,78,planing timber,7,2,38,2,1-2,20,50,0.3624260649045221,0.43725121760257757,-0.11391717684770634,-0.270738244057034,0.14,0.244,80,0.8388312495495036
hinge_B,42,9,fusion,79,lawn mowing,7,2,46,2,1-2,20,50,0.24151376629063584,0.3272965505139851,-0.048435550442244166,-0.21941803186981845,0.46,0.324,30,0.9054097148841119
hinge_B,42,9,fusion,80,"electric shaver, electric razor shaving",8,1,20,1,1-2,20,50,0.34007992481165383,0.3612949899966381,-0.0098638219870171,-0.1391598945780689,0.46,0.35200000000000004,40,0.8537378322336626
hinge_B,42,9,fusion,81,fireworks banging,8,1,43,2,1-2,20,50,0.17329742970034062,0.3534466678450869,-0.022066878070381057,-0.208635387984198,0.52,0.41600000000000004,9,0.7634798425627927
hinge_B,42,9,fusion,82,tap dancing,8,1,9,1,1-2,20,50,0.27605672991696284,0.2872823689359342,0.0047452074033977176,-0.06684459610540675,0.58,0.38799999999999996,5,0.8681654843415701
hinge_B,42,9,fusion,83,tapping guitar,8,1,93,4,1-2,20,50,0.30039309460842606,0.4445381708300986,-0.17440823721622384,-0.2892654444726352,0.06,0.04800000000000001,47,0.8765864951150288
hinge_B,42,9,fusion,84,stream burbling,8,1,61,3,1-2,20,50,0.22568228704488597,0.34740690237324,-0.06852168670897589,-0.21213590613777,0.3,0.256,67,0.8871313608877929
hinge_B,42,9,fusion,85,playing bassoon,8,1,16,1,1-2,20,50,0.29406324757570607,0.29144792700557415,-0.03436050850005779,-0.122826152440981,0.32,0.22399999999999998,14,0.909493489304376
hinge_B,42,9,fusion,86,police radio chatter,8,1,22,1,1-2,20,50,0.23217644956845235,0.28591915020433906,0.06851473809613438,-0.02646463433671758,0.78,0.452,7,0.782968504650237
hinge_B,42,9,fusion,87,playing sitar,8,1,96,4,1-2,20,50,0.2712843508337471,0.44299468556300636,-0.13649987118604068,-0.263433708632307,0.04,0.04800000000000001,95,0.8816399539150568
hinge_B,42,9,fusion,88,playing electric guitar,8,1,84,4,1-2,20,50,0.32833666203052647,0.341496558657227,-0.08710641789222487,-0.19015556794092878,0.22,0.14,54,0.8376449657028227
hinge_B,42,9,fusion,89,people whistling,8,1,75,4,1-2,20,50,0.2840297277102021,0.3858106297407262,-0.08784156674280506,-0.2513182129933847,0.3,0.21200000000000002,6,0.8084562733061909
hinge_B,42,9,fusion,90,playing double bass,9,0,34,2,new,20,50,0.3396085511372312,0.3461744300778794,-0.0059521422798150935,-0.17660289058707238,0.58,0.26,27,0.8349711561936846
hinge_B,42,9,fusion,91,"male speech, man speaking",9,0,98,4,new,20,50,0.29161852288514156,0.47064950159008645,-0.15132335238351455,-0.3666755379862202,0.1,0.06,65,0.9306794153037357
hinge_B,42,9,fusion,92,playing accordion,9,0,54,3,new,20,50,0.18468908754403604,0.3214039469050735,-0.07786883398886074,-0.23327046258175255,0.28,0.276,76,0.8878575097494025
hinge_B,42,9,fusion,93,playing tabla,9,0,77,4,new,20,50,0.2861088076085989,0.47651093127742944,-0.16854305989081658,-0.34942717843269283,0.12,0.092,59,0.9374532896536389
hinge_B,42,9,fusion,94,playing clarinet,9,0,92,4,new,20,50,0.2737747235909767,0.34335750875907933,-0.09807603573102489,-0.23691009916348524,0.12,0.068,45,0.896443724639554
hinge_B,42,9,fusion,95,playing harpsichord,9,0,63,3,new,20,50,0.24158401516542147,0.30618363544701555,-0.04145012918916215,-0.2709954672442254,0.5,0.292,87,0.8816399539150568
hinge_B,42,9,fusion,96,hail,9,0,2,1,new,20,50,0.19029176020784783,0.1878340001722108,0.10928610095105223,0.014182391852051435,0.9,0.62,30,0.7688844714650113
hinge_B,42,9,fusion,97,playing cymbal,9,0,99,4,new,20,50,0.2555591107695633,0.4070786128457143,-0.1250526906392186,-0.2476191018654217,0.1,0.168,10,0.8630367644206811
hinge_B,42,9,fusion,98,people booing,9,0,56,3,new,20,50,0.2987610116473524,0.3785326988311292,-0.07763413270413709,-0.24319092813092574,0.32,0.16,23,0.8864223333282159
hinge_B,42,9,fusion,99,dog growling,9,0,40,2,new,20,50,0.2840527419870445,0.4275828317496787,-0.09655368767078829,-0.2980723473657342,0.3,0.21599999999999997,34,0.7784832957219258
